S01B00006275696C642F72656C656173652F7A69676265652E73333714
S2140040000810002019930000ADDA0000B32003006A
S214004010B3200300B5DA0000BDDA0000B3200300C9
S214004020B3200300B3200300B3200300B320030033
S214004030C1DA000060660400B3200300B32003006A
S214004040B3200300B3200300B3200300318E00002A
S214004050B3200300B3200300B3200300B320030003
S214004060B3200300B3200300C1DF0000B320030029
S214004070B3200300B3200300B3200300B3200300E3
S214004080B3200300B3200300B3200300B3200300D3
S214004090B3200300B3200300B3200300B3200300C3
S2140040A0B3200300E1960000C5960000B32003008D
S2140040B0B3200300B3200300B3200300A93302009B
S2140040C0C57B0300C17B03000D2B0200DB7B0300D6
S2140040D0C97B030069330200CD7B03009D170200F5
S2140040E0E9330200B3200300B3200300B32003002B
S2140040F0B3200300B3200300B3200300B320030063
S214004100B3200300B3200300B3200300B320030052
S214004110B3200300B3200300B3200300B320030042
S214004120B3200300B3200300B3200300B320030032
S208004130B3200300B0
S214004134F0B5114A114C124E00F00105E3695F0711
S21400414413D40DB9334213D103EA00078F4207D1C3
S2140041540B4A1A40002A14BF6FF001000020F0BD7D
S214004164013AEBD16FF00200F9E74FF0FF30F6E7C3
S2140041746FF00100F3E700BF80969800000003503C
S214004184020001000B4B70B5D96911F480310DD1D2
S21400419401244FF48072084E084DF46020462C64C7
S2140041A41A61FFF7C5FF3464EC6070BD6FF0010060
S2140041B4FBE700BF0000035000100350002003502C
S2140041C438B541F6713301220C4C0021E569E363EE
S2140041D40B4B05F48035DA600223606121202361ED
S2140041E4FFF7A6FF10B92120FFF7A2FF0122054B17
S2140041F4DA600DB10023E36338BD00BF000003504E
S214004204001003500020035070B5134C6061E3693E
S2140042145B071ED40E4656F8043B8D18A361AE42C7
S2140042240BD10423002121202361FFF781FF58B915
S214004234BDE870402120FFF77BBF08210846FFF742
S21400424477FF10B10423236170BD56F8043BA361C5
S214004254E5E74FF0FF30F7E7000003502DE9F84399
S214004264154641F67132164B8946DF69DA63012238
S214004274064603F58053DFF8508007F48037DA608B
S21400428455B9284601220F4BDA601FB10022A3F568
S2140042940053DA63BDE8F88306F5005404EA08041C
S2140042A4A41BAC4228BF2C46494622463046FFF79C
S2140042B4ABFF0028E6D12644A1442D1BE0E700BF4F
S2100042C4000003500020035000E0FFFF45
S2140042D02DE9F04F4FF0FD0BC9B09A460DF11B09C2
S2140042E09DF8503108AFCDF80C90CDF808B0019786
S2140042F0059303890446009383790E4690464188C9
S2140043008288407813F09CFD054650B10090A38843
S214004310002062883A4914F0D7F8284649B0BDE82C
S214004320F08F99F8000030F09FFF38B12846A38838
S2140043306288344914F0C8F88D25EEE75A463946A7
S21400434099F8000030F038FF8346002851D0529B81
S2140043501BB1BDF84C3198424BD8002399F8009019
S2140043600793A9F14102012A5FFA8BF123D8384658
S2140043700139254ADFF898C05FFA81FE734513DBE2
S214004380059B04210792C3B907AF18221F489FED6B
S2140043901A7B02FB060420460A460830394684ED9E
S2140043A0027B18F0B9FD11E010F8011F01335140EF
S2140043B00CFB01F2E2E7059B33B123464A4638463A
S2140043C0009611F0BFFCA8E70829DED9B8F1000F67
S2140043D001D088F80090BAF1000F01D0AAF800B01A
S2140043E0529B002B99D05A46184608A918F094FDFF
S2140043F093E7012591E700BF0000000000000000E1
S214004400340F0400690F0400C59D1C818010002035
S21400441093010001000000002DE9F04F93B0CDE9B4
S2140044200A32DDE91C530E9353EC102BCDE908013C
S214004430104619468DED060B1E9E17F0F7FF80B14D
S214004440DDE906014FF0FF32C54B18F017F840B90A
S214004450DDE906014FF0FF326FF4801317F0F0FF2E
S21400446070B1DDE908019DED060B0E9B1E96CDE9A9
S2140044701C53DDE90A3213B0BDE8F04F00F088B9EE
S2140044800022DDE90601002317F0DAFF002800F01D
S2140044903381DDE906A303F1004BCBF30A5016F493
S2140044A08063A0F2FF3008BF06250F9317F0ECFCE0
S2140044B09BA3D3E9002317F051FD9BA3D3E9002368
S2140044C017F096FBCBF31304894644F07F518046E1
S2140044D00022A44B504641F4401117F087FB94A3EA
S2140044E0D3E9002317F03AFD02460B4640464946FC
S2140044F017F07EFB17F0CCFF044617F0C5FC8EA322
S214004500D3E900238046894617F028FD0022964B03
S21400451017F06EFB17F0BCFF89A3D3E9002307460C
S2140045204946404617F01AFD80463846894617F039
S214004530ABFC85A3D3E9002317F010FD02460B461B
S2140045404046494617F052FB02460B46CDE90C237F
S21400455017F004FDDDE90C2380468946104619460F
S21400456017F046FB0022CDE91001804B4046494635
S21400457017F01EFE00227E4B17F03AFB02460B4653
S2140045804046494617F014FE00227A4B17F030FBDF
S21400459002460B464046494617F00AFEDDE90C2364
S2140045A08046894600204FF0804117F01FFB0246E8
S2140045B00B464046494617F01BFB02460B46DDE914
S2140045C0100117F0F5FD07F2FF3700226A4B17F0CF
S2140045D00FFB00223B0517F0C1FC52465B468046A7
S2140045E0894617F04BFF002840F08980CDE90C89FA
S2140045F004F16303C62B8CBF0527042731051BD5A2
S21400460053A3D3E900235046594617F02DFF002840
S2140046107FD051A3D3E900235046594617F010FF28
S214004620002876D00027A542C6BF2C1B04F1FF3514
S21400463000253C4646F480660E9B9F422CBF4FF0FA
S2140046400008A3EB070816F0020903D0002F18BFD6
S2140046504FF000083CB1DDE90C235046594617F0F0
S214004660A7FD82468B46DDE906010022002317F0EF
S214004670E7FE10B10BF100439B46DDE9080126F486
S2140046800063CDE90183DDE90A324BEC10AB0095FF
S21400469000F07EF802465FB3DDE9091316F0200F3E
S2140046A000F10105089E0CBF65204520B047DDE9F6
S2140046B008010523002205930A23002CCDE90232C7
S2140046C007F1FF374FEAD473B8BF64422A46019316
S2140046D004970A9B009432F0E3FB0246B9F1000F00
S2140046E006D00B9BC41A0B9B1A190E9BA34245D8E7
S2140046F0104613B0BDE8F08FDDE906ABCDE600222C
S214004700404649461A4B17F053FD013CCDE90C01D3
S2140047106EE7002D90D00F9B002B8DD0013D8BE7D0
S214004720FB799F501344D33FB3C8608B288AC63F9B
S21400473061436F63A787D23F71A379094F930A40FD
S2140047401655B5BBB16B0240EF39FAFE422EE63F76
S2140047502D431CEBE2361A3F0000000080842E41F9
S214004760FFFFEF7F0000F83F0000E03F00002C4016
S21400477000002440000018400000F03F2020DDE943
S2140047800913089DA8470134ADE700BF00000000EC
S2140047902DE9F04F5BEC10AB97B0CDE90501DDE9F4
S2140047A02058CDE90723504652465B465946229F7D
S2140047B017F03CFE70B90323CDE902870193AA4B9C
S2140047C00093DDE90501DDE9072332F09BFA17B017
S2140047D0BDE8F08F4FF0FF326FF480135046594615
S2140047E017F02EFE28B10423CDE9028701939F4BD4
S2140047F0E6E74FF0FF32504659469D4B17F03EFE17
S21400480068B19C4A07F00403002B08BF03229A4BAA
S2140048101CBF13460422CDE902870192D0E750461A
S2140048208DA3D3E90023594617F028FE38B98CA388
S214004830D3E900235046594617F002FE68B1DDE979
S2140048400723DDE905014BEC10ABCDE92187209568
S21400485017B0BDE8F04FFFF7DFBD0022002350463B
S214004860594617F0EDFD002800F091805B46524651
S2140048700020002117F0BAF9012382468B460993DF
S21400488017F4806400F08580092D40F285800024AE
S21400489030210EABA5F109020134202C03F8011BD0
S2140048A0A5EB040901D09442F6D15946504617F0BC
S2140048B0EFFD724B054603EBC90393ED007B8DEDD0
S2140048C00A7B17F0E1FA02460B465046594617F0A7
S2140048D08DF9DDE90A2317F041FB02460B46CDE9C8
S2140048E00C2317F0FDFD064617F0BEFA02460B46EF
S2140048F0DDE90C0117F07AF902460B46CDE90C23E8
S21400490000225F4B17F0BAFD002848D0013630462B
S21400491017F0AAFA02460B46DDE90A0117F09AFDDF
S21400492008B100260135B9F1000F45D1284617F029
S214004930ABFA02460B465046594617F057F9002286
S2140049404F4B17F07DFD10B9E90700D501350A2158
S2140049500EAB1A19202C0AD095FBF1F001FB10556E
S214004960303502F8015B013405460028F2D107F025
S2140049700302012A55D1B8F1000F52D0099A12B994
S21400498017F00C0F01D008F1FF38302240E00990F4
S21400499076E74FF0060988E7A946002485E7002257
S2140049A0DDE90C01364B17F04BFD0028BBD10EB1EC
S2140049B0F007B8D50136B6E70A210EAB1A19202C37
S2140049C00DD0B6FBF1F001FB1063092E03F13003A6
S2140049D009F1FF3904F1010402F8013B11D8302136
S2140049E0A1440EAA202CB2D04C4504F101030AD1F2
S2140049F004F158020DEB02042E2204F8202C1C466B
S214004A00A5E70646DBE7A1541C46EBE71A5501343A
S214004A10444506D2202CF9D1CDE9028701940EAB8D
S214004A20CEE6202CF8D0099B3BB12D2204F158038A
S214004A306B4403F8202C0134EEE77A0704D504F122
S214004A4058032B226B44F4E73B07E5D504F15803E3
S214004A5020226B44EDE700BF0000000065CDCD418D
S214004A600000000065CDCDC1572C04005B2C04006F
S214004A70FFFFEF7F4E2C0400532C040098750400B3
S214004A800000E03F0000000070B58EB02C22002130
S214004A9003A818F0B1F864234FF002320893CDE96A
S214004AA005230B2301218DF834305B4B8DF8101055
S214004AB01D880D4040F0A980084636F04DFA0A22BF
S214004AC0564B574C1A704FF42873ADF812304FF00F
S214004AD0FF332360534B54491B8820460B82534BAD
S214004AE0534A1B68CD828B61524B0D621B884B82EA
S214004AF0514B1B68CB611EF0EDFC20B14FF41B71CF
S214004B004E4837F0C4FA0521206832F0BCFB20B1CD
S214004B1040F27D21494837F0BAFA206817F022F8AB
S214004B20474B2068196832F071FC0C2536F07CFE85
S214004B306843099036F078FE68430DEB0501079050
S214004B40206818F01BFF20B140F295213B4837F053
S214004B509EFA256820F0F6FE00220146284632F02E
S214004B60CDFC20B140F29721344837F090FA40F25D
S214004B700353344D344E2B80052396F90000AB705A
S214004B807F2801D11EF09CFD3378EB7036F04CFE8A
S214004B9000EB80008000A88036F046FE0023C000B0
S214004BA04FF0FF31E880AB604FF0FF3018A3D3E939
S214004BB0002336F023FB2549206832F058FC206895
S214004BC002A933F074F820B14FF434711B4837F063
S214004BD05EFA042220680DEB020132F0ECFB04289A
S214004BE004D040F2D721154837F051FA01A9012028
S214004BF031F0EDFF08F09EFF01201FF0E5F92EF0E2
S214004C0050F81FF00BFA1EF0F3FC0EB070BD00BF9C
S214004C100A0020FF420300003261002001690020E4
S214004C20D8590020468F04008C7000204C8F04005A
S214004C3081AF0300448F0400488F04002065040001
S214004C40D46D0020CC59002062730020F5AF03001D
S214004C500348044B834202D0034B03B11847704706
S214004C60907300209073002000000000064B074958
S214004C70C91A891048BF0131491003D0044B0BB143
S214004C8001481847704700BF9073002090730020BB
S214004C900000000010B5064C237843B9FFF7D8FF94
S214004CA0044B13B10448AFF300800123237010BDFA
S214004CB0B015002000000000CCB2040008B5044B7C
S214004CC01BB104490448AFF30080BDE80840CDE7B7
S214004CD000000000B4150020CCB20400A3F5803A12
S214004CE0704700BF154B002B08BF114B9D46FFF7C2
S214004CF0F5FF00218B460F461148124A121A17F08C
S214004D007BFF0C4B002B00D098470B4B002B00D0A2
S214004D1098470020002104000D000B4818F0B2FA56
S214004D2017F042FF200029002CF052FD18F098FAE8
S214004D30000008000000000000000000081000202E
S214004D400810002058690020EDD20100032837B56E
S214004D5004460D461FD1012B35D11378012B32D1D5
S214004D6001F0D4FD012804460DD18DF80000264838
S214004D7016F030FE03F098FD234601466A460220F0
S214004D8003F0EEFD1FE0214816F024FE03B0BDE858
S214004D90304001F0E1BD202817D101F0B7FD421EDA
S214004DA05042504101236A468DF8000029462046AD
S214004DB003F0D6FD164B1A782AB901221A7003F0B2
S214004DC021FD02F047FD03B030BD25280BD101F0D0
S214004DD09DFD431E584258418DF8000001236A4647
S214004DE029462046CCE72428EDD10023CDE9003320
S214004DF003F0D2FB10B100BACDE9000008236A46E2
S214004E0029462420BCE700BFC8C40300F5C403003D
S214004E101162002007B5012120200DF1070201F0E4
S214004E20D7FB58B10223012120200DF107028DF88F
S214004E30073001F0DDFB03B05DF804FB9DF80710BA
S214004E400229F8D00222094816F0C4FD02230121E7
S214004E500DF1070220208DF8073001F0C9FB2CF079
S214004E6004FC4FF4FA6001F0FDF9E4E72DC50300F9
S214004E7008B501F0D3F900F021FB0F4B1B788BB17E
S214004E800E4803F059FD03F0D7FC02F0CFFC0C48A7
S214004E9003F0EAFD2CF09BFC02F04AFDBDE808405A
S214004EA0FFF7B8BF03F07EFC064B1B781843C0B272
S214004EB00028E5D1EEE700BF15620020842600201A
S214004EC04D4D00008962002038B502F0E1FE124B1D
S214004ED01B78BBB103F0CEFD01F018FD012805D00C
S214004EE001F014FD022801D001F036FD0B4D2B78A1
S214004EF03BB901F00BFD0128044602D12CF04BFC17
S214004F002C7038BD03F04EFC054B1B781843C0B21E
S214004F100028DFD1E0E700BF156200201062002005
S214004F208962002070B590F860300446114E00F19A
S214004F301C0533B1C0E907602846BDE8704001F0A3
S214004F409DBB00882CF065FBA37884F84400834260
S214004F5008BF01232846C4E9076404BFE370237131
S214004F6001F08CFB224620880349BDE8704001F022
S214004F70C9BA00BF2F130300F312030070B5C3783D
S214004F8004460D461646002B34D1D1B1214816F002
S214004F9021FD0123E370E36CA6600BB1E06D98473A
S214004FA0E368F61A63699E4221D2217E1A480131CF
S214004FB0C9B2217616F00EFDA36D13B1217EE06D09
S214004FC09847E5702CF064FB15B3237903BBA26801
S214004FD0238A801A83421BD801231048237116F0B7
S214004FE0F9FC236DA3B1E06DBDE8704018470123BE
S214004FF02376E6E70029E4D1094816F0EBFC636D5A
S214005000E660E5702571002BDBD0E06D9847D8E7A9
S21400501070BD00BF55C5030066C5030094C50300F8
S21400502081C5030070B51E46838804460D46C180C0
S21400503002810BB1868070BD817800882CF098F9CB
S2140050400123E370064BA680C4E903340C342046E3
S21400505001F014FB29462046BDE870402CF00FBB3B
S2140050607B13030010B501790446B1FA81F100887C
S21400507049092CF0F4F921796088B1FA81F14909DF
S2140050802CF0EDF9034B1A68A24204BF00221A6006
S21400509010BD00BFD015002070B543790446A3B1FB
S2140050A000880E4E04F10805336813B10C4B1B78CC
S2140050B06BB121792CF0D3F964210A4B3460A360DC
S2140050C02846BDE870402CF0DABA4088E9E7064882
S2140050D016F080FC054B3221A360F1E7D0150020C6
S2140050E01262002065500000AAC503009950000017
S2140050F010B5044620B3134816F06CFC012194F852
S2140051003800617150B1104B1B6803B19847236B90
S214005110B3B1606B0121BDE810401847A37923B9ED
S214005120217920882CF09BF9F1E72046FFF79AFFBB
S21400513004F108002CF0A8FA2046FFF7ADFFE6E7DA
S21400514010BD00BFE0C50300CC15002010B5044616
S21400515038B3144816F03EFC002194F8380061710C
S21400516050B1114B1B6803B19847236BCBB1606BF2
S2140051700021BDE810401847A3793BB92179208863
S214005180B1FA81F149092CF06AF9EEE72046FFF7FB
S21400519069FF04F108002CF077FA2046FFF77CFF41
S2140051A0E3E710BDEBC50300CC15002010B50446A0
S2140051B068B1074816F00EFC637920461BB1BDE8BF
S2140051C01040FFF7C3BFBDE81040FFF791BF10BD0A
S2140051D0F7C5030010B50E4C0E48214616F0FAFB34
S2140051E082210D4816F0F6FB82210220A21E01F055
S2140051F0FFF9014630B134F8022C0848BDE81040EB
S21400520016F0E8BB0648BDE8104016F0E3BB00BF4A
S214005210225C002006C6030021C603002CC603003D
S21400522070C6030038B5114C82212246022001F0D8
S214005230CFF9A51C014688B122880D4816F0CAFB96
S2140052402A460C4B03F1240153F8040B8B4242F818
S214005250040BF9D11B7813702423238035F8021C25
S214005260054A0648BDE8384016F0B4BB205C00206E
S2140052707BC60300FBC60300225C0020D9C60300E1
S21400528010B50C4C0C48214616F0A4FB82212320B6
S214005290A21E01F0ADF9014630B134F8022C0748E1
S2140052A0BDE8104016F096BB0548BDE8104016F065
S2140052B091BB00BFA05B002020C703003EC70300D1
S2140052C070C6030010B5094C82212246232001F047
S2140052D07FF910B10023A3702380054A054832F8F1
S2140052E0021CBDE8104016F075BB00BF9E5B002098
S2140052F0A05B002079C7030010B50C4C0C48214673
S21400530016F068FB82212420A21E01F071F90146E6
S21400531030B134F8022C0748BDE8104016F05ABBEE
S2140053200548BDE8104016F055BB00BF1E5B0020C8
S2140053309EC70300C4C7030070C6030010B5094C1F
S21400534082212246242001F043F910B10023A370E5
S2140053502380054A054832F8021CBDE8104016F0C6
S21400536039BB00BF1C5B00201E5B002007C8030083
S214005370114B70B51C88E4B1104E35887E2D19D8B7
S214005380C5F17F05ADB2AC4205D92246611B0C487B
S21400539016F020FB2C4633880A48224618440A4951
S2140053A017F0BAFD33881C440023A4B23480264488
S2140053B0B37070BD0025E8E71C5B0020205C002071
S2140053C034C80300225C00201E5B0020034B1B78C1
S2140053D01BB18B4201D82CF048B9704708730020E7
S2140053E010B5044601460E4816F0F4FA012C11D109
S2140053F00C4B0D481A884FF6FF739A421EBF0022C8
S214005400094B5A742CF011F802F0FAFDBDE8104072
S21400541002F06ABC0448BDE810402CF008B800BF93
S2140054206EC80300BC720020606D002070B50024BA
S2140054301A4D1B4E3378A3421BDC0024194D1A4E1E
S2140054403378A3421BDC0024184D194E3378A34250
S2140054501BDC01F05BFA012816481CD12BF0E5FF97
S21400546002F0CEFD02F040FCBDE87040124801F0AC
S2140054706DBA2846FFF756FD01346435DAE728464C
S2140054802BF0B9FF01343435DAE728462BF0ECFF71
S21400549001343C35DAE72BF0CAFFE5E79426002016
S2140054A06F620020E02A0020706200202C2400207A
S2140054B018620020606D0020E15300002DE9F04FD7
S2140054C09FB0FFF7AFFEFFF7FDFEBB48BB4C30F8C2
S2140054D0021B02F0C1F8FFF731FFFFF749FFB84B98
S2140054E009A809932BF0F4FF054617F081FAC2B21B
S2140054F01F2A627004D9B34816F06CFA00F0A6FEB4
S2140055002946A01C17F008FD09A82BF0E1FF054668
S21400551017F06EFAC2B21F2A84F8212001D9AA48D1
S214005520EAE7294604F1220017F0F6FC10220021D3
S2140055300AA817F061FB102200210EA817F05CFBEA
S2140055401022002112A817F057FB1022002116A8DF
S21400555017F052FB102200211AA817F04DFB09A8DD
S2140055602BF0B6FF4FF0000904463225DFF8A48280
S214005570CDF80C902378002B40F0C780DFF898A277
S214005580924A9AF800700AAC0EAE12AD16A81AA986
S2140055909F4202F1880200F345858D4CFFF746FFD7
S2140055A023788C4F01933B78DFF870928A4E0093F5
S2140055B09AF8003099F800203178884816F00AFAF0
S2140055C00020337899F800209AF800109D180D44B2
S2140055D03978DFF84CB20D44217804460D4459461C
S2140055E0EDB2834200F33785DFF8F881012D38BF2E
S2140055F001254246002347464FF482714FF6FF745A
S214005600039503980133984213705180948002F1F9
S2140056100C02F6DC724B73496848BB6001F06EFA08
S214005620F879BB6800EB400003EB800001F01AF845
S214005630FB796D4D01336B496C48FB7102F0C4FF7A
S2140056402A88A24203D06749694801F081FB4FF6D9
S214005650FF732A886349D21A18BF0122654802F0F0
S21400566083FA00255E4C3278AA4200F3FD844FF0A0
S21400567000080C25604ADFF86CB199F80000317814
S214005680404500F3058500EB01080C21002701FBCF
S21400569008B19AF800208823BA4200F31A850C2134
S2140056A000274FF0940A96F8008099F80030494D8C
S2140056B0984401FB08B12878504AB84200F3208588
S2140056C037780C264FF000084FF0700A99F8003033
S2140056D0DFF8FC901F44074406FB07B6DFF844B12A
S2140056E099F80030434500F3208503993D4801F0C2
S2140056F047F8099B32491A468B4240F02C854048B1
S2140057001FB0BDE8F04F16F065B9532B0AD1637889
S2140057104C2B40F01381A378502B17D10122394B24
S2140057201A7013E0442B1AD16378A3F13002092AC9
S21400573000F2E482601C2BF0D8FE334B334A197813
S214005740002385B2994202F1640204DC09A82BF01A
S214005750BFFE04460EE722F84A5C0133F2E7422B0E
S21400576062D16378542B08D1A01C00F019FF1E4BA1
S214005770188018462BF09AFDE8E7601C00F010FF32
S2140057800646E01C2BF056FF0121024630462BF061
S2140057900DFF64211C481D4C03785943621866525D
S2140057A04FF4FA6111824FF4487151611849013380
S2140057B0558311650370C9E79E5B00209C6B002033
S2140057C0225C00208DC80300A4C80300501D0020E2
S2140057D0136200201462002017620020D3C8030062
S2140057E044170020CC160020BC7200209C16002017
S2140057F04C160020D4150020701F0020941B00209B
S2140058002FC90300126200206F6200209426002039
S214005810BB140300E02A0020156200201662002058
S21400582080210020441A00204C2B26D1601C00F05A
S214005830B7FE00223426074611462BF0B7FEC349B2
S214005840087806FB00F328F8037008EB0302E378F9
S2140058501046693B18BF012393702BF0CCFD002344
S214005860BB48BA49436001230A78037402FB0686E4
S2140058701A4406600A70039368E7492B40F07C815F
S2140058806378A3F14102032A00F2DF80601C00F077
S21400589087FE0022114607462BF088FE3423AB4EC7
S2140058A0DFF8CCA2307803FB00F22AF802700AEB8D
S2140058B00201E2780846693A18BF01228A702BF086
S2140058C09AFDA449002308460A6D3ABB582202FBFB
S2140058D003003423327802FB03A303659E490023AA
S2140058E00846D1F8A420FAB9A82202FB0300342304
S2140058F0327802FB03A3C0F8A430039B53B9944A42
S214005900114652F8040BA8B93422307800FB02A2E4
S21400591041F8232033780133337017E70133042B23
S21400592001F15801D0D1D9E70133042B01F1A801C8
S214005930D7D1E2E70133042BE3D1EBE7A3F1410231
S214005940032A3CD8601C00F02BFE0646E01C2BF019
S21400595071FE0121024630462BF028FE64227F4F5E
S2140059607F483978DFF8F0C14A43831886524FF4EF
S21400597048721A825A617B4A5D839A65E278A82447
S214005980642A08BF0122784E08BF9A7033785C43B9
S2140059900CEB04020CF804304FF40074548003241B
S2140059A014719471642401FB04009060322001336A
S2140059B0DBB20131537182F8A0003970ACE7542B8A
S2140059C07FF4C4AE00260DF12301A01C8DF82360E1
S2140059D02BF0AEFD00283FF4B9AE9DF82320002A38
S2140059E03FF4B4AE4FF0640E4FF6FF77DFF86CC1AD
S2140059F05B489CF80010DFF860A10EFB01F4031969
S214005A0083F860204FF448720753A8241A825A611C
S214005A10554F544A01FB0E009A653B7801315C43B2
S214005A200AEB04020AF8043040F201249060548025
S214005A30322003240133DBB216719471537182F85D
S214005A40A0008CF800103B7080E6542B7FF47EAEEE
S214005A5000230DF11F01A01C8DF81F302BF068FDF0
S214005A6000283FF473AE9DF81F0000283FF46EAE8A
S214005A70DFF800B19BF800600B2E3FF667AE237987
S214005A803A4FC6EBC601312B4FEAC60207EB010AB6
S214005A90785401D0342B1ED10021601D8DF82310C0
S214005AA00DF12301CDE904322BF042FD00283FF42E
S214005AB04DAE049B059A312B14BF04230123921B81
S214005AC017447B700123BB709DF82330FB700136B2
S214005AD08BF800603AE6322B7FF438AE08A9601DDA
S214005AE02BF026FD00283FF431AE0DF12101E01D1C
S214005AF02BF01EFD00283FF429AE0DF1220104F123
S214005B0009002BF015FD00283FF420AE0DF123010F
S214005B1004F10B002BF00CFD00283FF417AE022317
S214005B208AF8013004238AF802309DF820308AF87B
S214005B3003309DF821308AF804309DF822308AF828
S214005B4005309DF823308AF80630C0E770620020E2
S214005B50606D0020701F0020802100206F620020F2
S214005B6094260020CD530000176200201A62002001
S214005B70E02A002019620020522B50D16378542B63
S214005B8076D100230DF12201A01C8DF822302BF0D7
S214005B90CFFC00283FF4DAAD9DF8220000283FF441
S214005BA0D5ADB54B1F78052F03D8B44A1678052E09
S214005BB004D92146B24815F00DFFC7E53C214FF049
S214005BC0FF3C7143DFF8C8A24AF801C001EB0A0B9C
S214005BD001218BF8041000218BF838008BF8061092
S214005BE08DF82310217959B10DF12301201D2BF0DA
S214005BF09FFCA14BA14A18B19DF823108BF83910D1
S214005C00582179439F4844184754C6EB06110AEBBF
S214005C10810101360137E16416701F7096E5502B3E
S214005C2012D16378542B40F0438100230DF12301F9
S214005C30A01C8DF823302BF07BFC00283FF486ADAB
S214005C409DF82320904B6BE5572B09D1601C00F084
S214005C50A7FC8E4EB060E01C00F0A2FCF06075E57C
S214005C60592B78D1601C2BF040FC884B18606DE5F2
S214005C70413B032B3FF66AADDFF8FCA19AF80030F3
S214005C80052B96D87D4E3378052B92D8601C00F0F5
S214005C9087FC0022114683462BF088FC3C23327892
S214005CA07B4F5A4327F802B04FF0010BB91881F822
S214005CB004B0E27872B1E01C00F072FC00221146DB
S214005CC004462BF073FC3C23327803FB02777C807F
S214005CD087F806B058229AF800306A485A43811866
S214005CE0835430786A4CC0EB001204EB8202CA641C
S214005CF00133421C32708AF8003027E54D2B7FF4C2
S214005D0025ADA01C2BF0F1FB0021C0B2042828BF53
S214005D1004200B464FF0880A8C465E4C5E4F267871
S214005D20DFF888B1F2189842D2B205DC00293FF4B9
S214005D300DAD3044207009E50AFB02FE07EB0E01AC
S214005D4007F80E2081F802C0C1F854B081F858C098
S214005D5001330121E6E7582B6AD84C2B48D8432B51
S214005D607FF4F4AC601C00F01BFC0646E01C00F060
S214005D7017FC00220446114630462BF017FC002282
S214005D80204611462BF012FC3C203C4F404A3B7804
S214005D9000FB03FC02EB0C0122F80C604FF0010C38
S214005DA0002681F804C08E7103EB0C01C9B248438B
S214005DB01452702402EB000E8EF80660374E981CC4
S214005DC038703078364F4443C3EB0313C1EB0111F0
S214005DD002EB83038EF804C002EB810207EB040C8F
S214005DE038550130CCF80430CCF808203070ADE4DB
S214005DF04D3B0B2B3FF6AAAC01A252F823F000BF96
S214005E00455E00004D5700004D570000B15E000093
S214005E104D5700004D5700004D5700004D570000ED
S214005E20615E00004D5700004D570000875F000080
S214005E30692B7FF48BAC601C2BF057FB80B22BF0E9
S214005E4010FC83E4174B012019780023164A994268
S214005E5002F1A8027FF77AAC02F8A60C0133F6E747
S214005E600DF12301601C2BF063FB00283FF46EACA1
S214005E709DF823906AE400BF166200201862002096
S214005E80B4C80300701F00206E6200208426002025
S214005E902C24002015620020501D002013620020D4
S214005EA0441A0020176200208021002000016400B0
S214005EB00DF12201601C2BF03BFB00283FF446ACA2
S214005EC09DF822600F2E3FF641AC03342378002B5A
S214005ED03FF43CAC4C3B671C0C2B16D8DFE803F0B9
S214005EE017351507151515261515151544003846CA
S214005EF00DF123012BF01CFB38B19DF8232006F191
S214005F0078036B4403F8502CE71C3C46DEE7384623
S214005F100DF123012BF00CFB0028F6D09DF8232072
S214005F2006F178036B4403F8402CEDE738460DF194
S214005F3023012BF0FDFA0028E7D09DF8232006F178
S214005F4078036B4403F8302CDEE738460DF1230166
S214005F502BF0EEFA0028D8D09DF8232006F178031F
S214005F606B4403F8202CCFE738460DF123012BF0C5
S214005F70DFFA0028C9D09DF8232006F178036B4489
S214005F8003F8102CC0E7601C00F00AFB0746E01C74
S214005F9000F006FB0646601D2BF04CFB044602464E
S214005FA0012138462BF002FB2246304601212BF019
S214005FB0FDFA6421DFF8C4C16C4B9CF80020DFF8C2
S214005FC0C0E101FB02F41F534FF44877181907820B
S214005FD04761C0F858E04583501CC0B201FB00FA88
S214005FE023F80A60942603EB0A0427826761604F51
S214005FF0C4F858E06583941C8CF800403C7802FB9B
S2140060000132664300FB0133DFF878C10CEB060E65
S2140060100CF806400134CEF80420CEF808303C7068
S214006020FFF794BB14F801CB02F8809C02F885CCED
S21400603016F801CB013302F884CC15F801CB02F830
S21400604083CC10F801CB02F882CC11F801CB02F811
S21400605081CCFFF79DBA4F790130974284BF0C710F
S2140060604C71A831FFF7BDBA3DB118F8052C02EB0C
S214006070420204EB8204C8F808404146584602F043
S214006080A9F901350BF1A80B08F10C08FFF7EBBADC
S21400609018EB01010AD0481E05FB00B0C07900EBE2
S2140060A0400004EB800405FB01B08460104605FB4D
S2140060B00171049201F020FF31782E48414405FB1F
S2140060C0017101F03BFC049A08F101085832FFF711
S2140060D0D4BA17EB080F18BF11F8052C04911CBF93
S2140060E002EB420204EB8204234A18BF8C6003FBD7
S2140060F0072001F085F9049901370C31FFF7C9BA7A
S21400610017EB080F18BF11F8050C04911EBF00EB23
S214006110400004EB80048C600AFB072000F0DCFFE4
S214006120049901370C31FFF7C6BA18EB070F18BFF2
S21400613016F8053C31461CBF03EB430304EB83040F
S2140061400AFB08B018BFB46000F09CFE08F1010816
S2140061500C36FFF7C5BA13F8011D00297FF4CAAA4A
S2140061603B2102F8011CFFF7C5BA00BF94260020A9
S2140061701462002020240020501D00206F620020A2
S214006180CD530000941B002007B5012121200DF1FE
S214006190070200F01DFA18B99DF80720024B1A7086
S2140061A003B05DF804FB00BF0873002007B5064B7C
S2140061B08DF80700187001210DF10702212000F06C
S2140061C017FA03B05DF804FB0873002007B5022138
S2140061D001200DF1060200F0FBF938B9044815F06D
S2140061E0F9FBBDF8060003B05DF804FB0020FAE7F3
S2140061F04CC9030007B50221ADF806000DF10602F2
S214006200012000F0F5F9014610B1034815F0E2FB55
S21400621003B05DF804FB00BF6DC9030010B5FFF7BF
S214006220D5FF04460146074815F0D4FB0121064871
S21400623015F0D0FB24B9BDE810400120FFF7DABF07
S21400624010BD00BF9DC90300AFC9030008B50448D0
S21400625015F0C0FB00F0DCF92BF007FA2BF002FA81
S214006260C5C9030038B50446084D094B28462B60BF
S21400627000F004FA002C18BF21462846BDE8384036
S21400628008BF4FF496712BF0FAB900BFE42B00203C
S214006290631503002DE9F043384D91B008AC07466E
S2140062A0894690460FCD0FC495E80F00002684E877
S2140062B00F0001250323324C3248CDE90366CDE9B1
S2140062C005668DF80E300796029535F089FE2E4845
S2140062D035F086FE32462D4920468DF8176005F0CB
S2140062E0C5FC334632462A498DF8190000902046F0
S2140062F08DF82390CDF82C808DF8216005F0D0FC29
S2140063000A9020468DF8097005F032FC204608AA4F
S21400631005A905F0EBFC02AA204603A92CF01DFCFB
S2140063204FF400721B4B5A62194BE560626A920585
S21400633010D46BB94FF40072164B11485A6205F030
S21400634017FC114835F04FFE002011B0BDE8F08371
S214006350013BEBE7002BEDD0094908A82CF030FCF8
S2140063604FF400720B4B06485A6205F001FC0648D3
S21400637035F039FEBDF82000E7E700BF18660400D8
S2140063800040005AC0680400BC68040080841E00F8
S21400639040420F000060005A0122034B1870034B66
S2140063A01980034B1A70704772620020C472002076
S2140063B071620020F8B5454B1B780BB90020F8BD7C
S2140063C0434B1B78012B03D1BDE8F8402BF0CCB82B
S2140063D0404B1C884FF6FF739C42EFD03E4835F08A
S2140063E0FFFD0023260AE4B21A462146304605F091
S2140063F07FFB012E354604F0010335D015D9B51EB6
S214006400012DDBD8002B0BBF4FF480754FF0807545
S2140064104FF470614FF070610BBF01274FF4803767
S2140064200F204FF470202D4B11E0002B0BBF4FF4C4
S21400643080754FF080754FF470614FF070610BBF40
S21400644001274FF480370F204FF47020244B1A6832
S21400645002401CD0BA421AD01A680A4032D11A68D2
S21400646022EA01022A4316E0002B0BBF4FF4807588
S2140064704FF080754FF470614FF070610BBF0127CD
S2140064804FF480370F204FF47020164BDFE71A6862
S21400649022EA00023A431A602BF066F80546002806
S2140064A08CD0083644EA06102A460321C0B2FFF70D
S2140064B0F1FE40F6FF73684300F2FF70B0FBF3F0A6
S2140064C080B27CE795427FF479AFC8E7716200201E
S2140064D072620020C4720020C068040028C3035003
S2140064E020C3035024C3035010B5044C237823B9AB
S2140064F0034835F075FD0123237010BD746200203B
S214006500C06804002DE9F0431F4C85B00746884656
S2140065109146FFF7E9FF23781BB902F099FF0123A4
S21400652023707BBAADF80C3030220023174E02FBE6
S21400653003F4315DA51901BB012333554FF0FF333A
S21400654004F1100012493044AB606F80C5F8048037
S214006550C5F80C900AF00EFA04F108010422314442
S2140065600C4B009503A803F049F8A96802460A48B0
S21400657015F030FA05B0BDE8F0830133102BD6D104
S214006580064815F027FAF5E7736200200C2C002069
S2140065908D1503009F150300D2C9030000CA03002F
S2140065A080B10278A2F14103032B0BD84078303833
S2140065B0C0B2082806D8054B134413F8413C40EAFD
S2140065C0032070474FF6FF70704700BF3866040020
S2140065D008B50B4642B101460448006804F052F97B
S2140065E0BDE808402BF037B8022008BDCC6D00206F
S2140065F008B50B4642B101460448006804F0CAFAE2
S214006600BDE808402BF027B8022008BDCC6D00205E
S214006610F0B50026124F8DB0FF2300930A223346B2
S214006620386802A92CF056F8C0B102AB1D4603EB41
S214006630800404E055F8043BB34228BF5E1CAC421D
S2140066403868E9D9296804F02BFC0028F2D02D28F8
S214006650F0D00DB0BDE8F0402AF0FDBF0DB0F0BDA3
S214006660CC6D002028B1034B0360034B436000232E
S2140066708360704719000003746D0020FF2307B580
S2140066800021044A009308300AF0F8F803B05DF8D9
S21400669004FB00BF791603000B460449024608684F
S2140066A00349097808B12BF01BB87047182F002053
S2140066B076620020F7B50C4618B12921194835F046
S2140066C0E6FC246823685E795F8830463946FFF723
S2140066D0E3FFF0B18568E5B1A089227D3946904296
S2140066E091BF0020801AA36880B294BF03469B180F
S2140066F0E27C00903046A8470138032803D8DFE83C
S21400670000F0080F0B0D002420462FF015FB204646
S21400671000E0812003B0F0BD8024F5E79324F3E782
S2140067208724F1E728CA0300F8B515460D4A044643
S21400673010680D4A0B46117850B122462AF0D0FF59
S214006740034628B100210C27C678B14201DB0020A1
S214006750F8BD07FB01F45A681019125BAA42F7D07D
S2140067600131F2E7182F00207662002008B5034BAF
S2140067701B6803B19847002008BD00BF142F0020F7
S2140067802DE9F74F04460D460026454B454F186049
S214006790454B197033010021F85C013611F03EF9C3
S2140067A00C2EF7D10C2D28BF0C254FF000090195B3
S2140067B03C4EDFF800A13D4DDFF8FC80019B4B45C9
S2140067C002DC03B0BDE8F08F23784FF0000B337087
S2140067D063887380A388B380A379C6F80880B371F2
S2140067E0E379C8F8005088F804304FF00003A76833
S2140067F0A8F80630E3795B450ADC012116F8100B91
S21400680011F00CF908F1080809F101090C34D5E774
S2140068104FF0000338886B812880FB784FF0000C1F
S2140068202B81BA78C5F804A0002A00920CBF8022FB
S21400683040222A7379680AF10C02634513DC03EBE5
S21400684043030AEB830ABB6843B1009A4FF6FF7115
S214006850B2FA82F2164B52092FF0FEF914350BF1FC
S214006860010B0C37C6E7B1F800E00CF1010C22F87A
S2140068700CEC91F802E00C3202F816EC91F804E009
S2140068800C3102F815EC11F809ECBEF1010F14BF3B
S2140068904FF0100E4FF0110E02F814ECCDE700BFCB
S2140068A0182F0020BC460020766200201C350020F1
S2140068B0B56600001C2F00209C370020014B186096
S2140068C0704700BF102F0020014B1860704700BFB4
S2140068D0142F002070B5128805460E46FFF724FFD9
S2140068E0044670B102790499806816F0D7F9064B11
S2140068F01B680BB9002070BD314628462288984791
S214006900F8E78620F7E700BF102F002008B510F044
S21400691021F9022806D0012806D0044B187840003A
S214006920C0B208BD0120FCE70220FAE7756200202D
S214006930054B10B51C682CB1FFF7E8FF2346BDE8F1
S2140069401040184710BD00BF0C2F0020014B1860E8
S214006950704700BF0C2F0020034B1A781AB901228B
S2140069601A700CF057B97047756200200022024B6F
S2140069701A70FFF7DDBF00BF7562002037B504460A
S214006980002836D010F0E6F8022834D160892FF0BF
S21400699035FDE079237A003818BF0120012B637A91
S2140069A008BF40F008000BB140F0100063890BB13F
S2140069B040F00400257CA188A2790DB1E36893B964
S2140069C00F4B11F007FC2178084611F07FFC2FF0E2
S2140069D03EF8044611F038FC7CB100280CBF0020BD
S2140069E0032003B030BDCDE90035064B11F0F2FBB5
S2140069F0E9E70220F5E70120F3E72046F1E700BFCC
S214006A00811B04004AEB030008B50EF061FA01464C
S214006A1030B1044814F0DEFFBDE808400EF0FCBDBF
S214006A2008BD00BF9ACA0300034B044A5B7C0121E1
S214006A3003201370FFF7DCBD606D00207762002036
S214006A4038B50446FFF7F0FFB4F57F4F0AD10025AE
S214006A501B4B1A8813449D70FEF7BCFB2846FFF7B5
S214006A6001FC06E04FF601739C4207D115482AF058
S214006A70C4FC2046BDE8384000F0A0BE4FF60273C6
S214006A809C4204D1104B1878FFF790FBF1E74FF6C5
S214006A9011739C4207D100250C4B1A8813449D7035
S214006AA0FEF7EEFBDAE74FF616739C42E1D10025BF
S214006AB0074B1A8813449D70FEF71EFCCEE700BFF6
S214006AC0205C0020606D0020087300209E5B002084
S214006AD01C5B002010B5074C012122460320FFF75F
S214006AE077FD28B92378044A003B18BF0123537466
S214006AF010BD00BF77620020606D0020F8B5664BC1
S214006B0032251A884FF6FF739A4218BF03234FF0B8
S214006B1008020C46614918BF0B70614B1A70302290
S214006B205D70DD7036259A705A71DA7134221D71E7
S214006B3039251A724FF400129D715A4D4264C5648D
S214006B40594D01220565594D86188565584DC6670D
S214006B50C565584D584E4566584D80F848208566A0
S214006B60574D80F854200567564D80F860204567DD
S214006B70202580F8785080F8845000F12105C0F870
S214006B808850514D80F86C20C0F88C50C0F880605A
S214006B9080F89020C0F89410C0F8B8304B4B4C49A1
S214006BA0C0F8BC300223C0F898104A4980F8C030BC
S214006BB0C0F8A4100F21484B80F8A810C0F8C430C5
S214006BC0464B4749C0F8C8308223C0F8AC10454948
S214006BD080F8CC30C0F8B0100921434B434DC0F8C4
S214006BE0D030434B80F89C20C0F8D430414BC0F8DE
S214006BF0A000C0F8DC302B7C80F8B41080F8D820D9
S214006C00002B45D00E213C4B80F8E420C0F8E03045
S214006C1005F11103C0F8E8300C2303FB0102374EE0
S214006C2001FB033356648226354F82F84860D764EA
S214006C30344A03445A64344A83F8486000F14407EF
S214006C408E1CDA643146384600F08CFD4FF0000E9C
S214006C50E279A16802EB42034FEA830C21F80CE0CC
S214006C6001EB8303012130440A44D8705F609970B9
S214006C70E271FFF789FAFFF72DFFFFF747FE0128BD
S214006C8008D12B7C33B1BDE8F84018482AF0B5BBD4
S214006C900D21C1E7F8BD00BFBC72002009730020BB
S214006CA0786200205166040001002000506604004F
S214006CB0020020004F66040005004200030020008A
S214006CC04E6604000400420007003000FDFF21006D
S214006CD012001001004042004C66040000FF440110
S214006CE03C66040006004200205C0020606D002028
S214006CF002FF20010873002001FF100111FF44016C
S214006D009E5B002016FF44011C5B002013B5044662
S214006D100D482AF0D6FA6422C0F30F43637083B29C
S214006D20B3FBF2F3A0782370202201212AF0FAFCAC
S214006D30A078212201212AF0F5FC0449201D02B08A
S214006D40BDE810402AF09BBCBC720020E093040013
S214006D500B7870B583704CF61E0303804FF020133B
S214006D60C362012380F8303080F83C30C3180364D7
S214006D70124B044643640223114A80F84830114BF4
S214006D808263C3644063CA798D6802EB420305EBF5
S214006D90830004F12C0646600B4E45F82360002362
S214006DA08360531CCB71094B201DC4E90134FFF7E7
S214006DB065FC2046BDE87040FFF7A8BFFDFF210038
S214006DC02100200052660400010001030D6D000042
S214006DD0437B044A0121137000781230C0B2FFF7DB
S214006DE007BC00BF8262002038B504460078054D17
S214006DF012302A460121C0B2FFF7EAFB08B92B7809
S214006E00637338BD82620020024B53F820002AF0DC
S214006E1064BD00BFFC370020012908B506D0022952
S214006E2007D049B92AF050FD002008BD2AF04FFDD2
S214006E30FAE72AF04FFDF7E7024814F0CBFD0120F1
S214006E40F3E700BFC7CA030010B4054C114654F858
S214006E5020001A46BDF804305DF8044BFFF7DCBF8F
S214006E60FC370020002310B5044683810364A0F895
S214006E7044304830FFF702FC014BC4E9123410BD21
S214006E80C118030038B504460B781A4A43700D46FD
S214006E9042F82300FFF7E6FF2046FFF7A5FF4FF472
S214006EA0401323610123144A2375A261134A84F810
S214006EB02030E261124A84F82C306262114A84F86B
S214006EC03830A26204F10C0222630F4A04F10D036B
S214006ED06263E363EA79A86802EB420300EB83018E
S214006EE010344C60094C40F82340094B8B60531C0F
S214006EF0EB7138BDFC3700208162002008002000BE
S214006F000A73002000FF300001FF10010201010497
S214006F10496E000010B47024427B0D48013A0129E6
S214006F2004FB020006D0022908D059B95DF8044BCC
S214006F302AF0CABC5DF8044B2AF0C9BC5DF8044BC5
S214006F402AF0C8BC03485DF8044B14F043BD00BFEC
S214006F50441A0020E3CA0300B0F85C302DE9F04183
S214006F608B4204460E4638D0437B077C8BB31C4AC4
S214006F7012789A422DD370251A4A013B05FB03234B
S214006F8090F80F801B7B42462AF0B5FCB8450546B4
S214006F9001D1FF281FD13A463146204694F890305A
S214006FA02AF0A9FC2F460546552212216078A4F83F
S214006FB05C602AF0B7FBFF2F03D039462046FFF768
S214006FC0A9FFFF2D09D029462046BDE8F0412AF04A
S214006FD0D2BCFF25DFE70746E6E7BDE8F08100BF45
S214006FE013620020441A002041688268C978D2786B
S214006FF049B112B10321FFF7AFBF837B002B0CBF53
S21400700001210221F7E72AB1837B002B0CBF022166
S2140070100121F0E7014814F0DDBC00BFF4CA03000C
S214007020037BD3B14368DA7812B18268D278A2B90A
S2140070301B7933B1837B002B0CBF04210521FFF79E
S2140070408BBF83681B792BB1837B002B0CBF05217C
S2140070500421F4E7014814F0BDBC704726CB0300BA
S214007060084A437B05211370837B5370C37B937060
S214007070037CD370037B137100780F30C0B2FFF728
S214007080B7BA00BF8362002038B5044600780C4DBE
S2140070900F302A460521C0B2FFF79AFA20B1BDE8A4
S2140070A03840084814F096BC2B7863736B78A3734B
S2140070B0AB78E373EB7823742B79237338BD00BF6A
S2140070C08362002062CB0300024B53F820002AF0B4
S2140070D09CBC00BF24380020F8B504460B78424A12
S2140070E043700D4642F82300404E2AF0ACFCFFF7F2
S2140070F0CBFF6268A3683E483E49D6641165D465F6
S2140071005065C3E91410DE64DC654FF09873022600
S2140071106361012304F10C01E161374910322162F9
S21400712004F10D01A16235492376E16204F10E01F6
S2140071306163334984F82430A16304F10F012164AC
S214007140304984F83030616404F11001E1642E495E
S21400715084F83C3084F84830216584F85460A26591
S214007160E879A96800EB400201EB820704F1140CF1
S214007170C7F804C04FF4817C244F41F82270C2182F
S214007180D2B202EB420241F822C001EB8207002293
S2140071907A601F4A84F8703022661E4A84F8883067
S2140071A0A2661D4A1D4BE2661D4AC4F88C30626713
S2140071B01C4A8319A26704F15C02C4F88020DBB283
S2140071C0194A03EB4303C4F8842084F8646084F807
S2140071D07C6001EB830260345460144A033041F84B
S2140071E02320E871F8BD00BF24380020E96F0000B6
S2140071F0CD190300217000000100200102001001DB
S21400720003003001040030010500210101FC0106E5
S2140072104A0021005466040051001000566604001F
S21400722057660400550021006F0018001200010484
S2140072302DE9F84F06460F4690469946244D05F12F
S214007240280A55F804BBBBF1000F16D0012F18D141
S21400725058462AF071FCB0420FD1B9F1000F0CD09D
S21400726098F800300022003B18BF012306218BF857
S21400727058309BF801002AF055FA5545E1D1BDE893
S214007280F88F022FF9D158462AF0F4FBB042F4D119
S21400729000231C4606E0042B07D018F80320013311
S2140072A042EA04249AB29145F5D8B4F57A7F4FF0B5
S2140072B0FE0328BF4FF47A745C434FF47A7304F5E8
S2140072C0FA74B4FBF3F4002208218BF85440D0E79C
S2140072D04C38002073B516463349052EBDF81820E5
S2140072E051F8204030D0072E51D0042E57D1002B15
S2140072F057D0002A55D01D7820462A1E18BF0122D6
S21400730084F8545084F858202AF016FC01238DF88F
S2140073100420194601AA01F071FB20462AF0AAFBB8
S2140073204FF47A730446FE205D437F3501A9B5FB12
S214007330F0F02AF098FB0A4633460221204601F078
S2140073405DFB002002B070BD5BB3012A29D91B7813
S2140073500125B3FA83F2520984F8842094F8582061
S21400736084F8855013430BD120462AF0E5FB2946C6
S2140073702B4601AA8DF8045001F040FB84F85850C3
S2140073804FF4967104F15C002AF079F9D9E70023EE
S21400739004F15C0084F885302AF076F9D1E7012004
S2140073A0D0E70320CEE700BF4C380020134B022A5C
S2140073B007B553F8200018D002D82AB9002204E0F6
S2140073C0402AFBD0412A16D1012280F858202AF004
S2140073D0B3FB01238DF8072019460DF1070201F0D3
S2140073E00DFB002003B05DF804FB90F85820B2FABD
S2140073F082F25209E9E70120F4E700BF4C3800208A
S214007400F7B504460B78544A437042F82300534BB2
S2140074100D46C0E917305C30FFF730F904F158022A
S21400742062614F4A4FF48013A261A21C22624FF49D
S2140074300012626204F15402E2624A4AE360226386
S21400744004F15502A263484A0123E26304F156029E
S214007450626400204FF098722374237784F82830F3
S21400746084F8343084F8403084F84C3004F1570304
S21400747084F88500A2642365E979AB6801EB4102D4
S21400748003EB820604F10C077760384F43F822704E
S214007490374A04F12407B2604A1CD2B202EB420219
S2140074A003EB82067760334F43F82270324A04F1CA
S2140074B03007B2608A1CD2B202EB420203EB8206AD
S2140074C077602E4F43F82270CA1CD2B202EB4202FB
S2140074D0B06004F1480703EB82067760284F04315A
S2140074E043F82270B060E971264801F0B1FAA57938
S2140074F08DB14FF47A72FE2094F8553001A95343AB
S2140075007F33B3FBF0F02AF0AEFA0A4604230221DA
S214007510284601F073FAE5798DB14FF47A72FE20B1
S21400752094F8563001A953437F33B3FBF0F02AF0AA
S2140075309AFA0A4604230221284601F05FFA607987
S21400754040B194F8573004218DF8043001AA012385
S21400755001F054FA03B0F0BD4C3800208D1A030039
S2140075600340300110002001110020010600010236
S214007570AD73000008000101D5720000010301028E
S2140075800700010131720000024B53F820002AF078
S214007590DCBA00BF4C380020F0B51E4C002527781A
S2140075A00A24DFF880C0EEB2B74207D905FB044EC6
S2140075B01CF80EE06E1C864507D142B9164C2468AE
S2140075C034B3A446BDE8F04060473546EBE71348C1
S2140075D004FB05014C79012C0DD1CBB113788B71CE
S2140075E00A2303FB0500BDE8F0400D4B428800214E
S2140075F018782AF097B8042C0AD1032B08D9D37828
S2140076008B719378CB7153780B7213784B72E7E7D4
S214007610F0BD00BF8962002078380020A25C002000
S214007620CC160020985C002010B5094C237853B186
S2140076302AF02EF8074B1B68C01A40F6B73398425C
S21400764003D900232370002010BD0120FCE700BFF3
S21400765088620020743800202DE9F04F0024DFF8FF
S21400766000818946064685B088F8004000286ED01E
S214007670A346A7B2B94502D0F35D3B2B4DD15F457B
S21400768048D998F800500B2D44D800238DF80E30BA
S2140076908DF80F30A4EB0B03DBB2052B52D106EBB3
S2140076A00B0A50460DF10E012AF0A8FA002849D020
S2140076B09DF80E200192002A44D00DF10F010AF128
S2140076C003002AF09BFA00283CD00A216943214B8C
S2140076D0019A58185A549DF80F2062F0FF02428013
S2140076E09AF80220452A24D0562A26D0422A29D1A2
S2140076F001224FF0100C01204FF00A0E0EFB053150
S2140077004A700022013581F804C04871C1F806208D
S21400771088F8005001371FFA87FB0134A3B2994559
S214007720A7D298F800100C4805B0BDE8F04F14F04A
S21400773051B904224FF0300CDDE702224FF0230C43
S2140077400420D9E75946054814F044F9E2E705B0A5
S214007750BDE8F08FA25C0020ACCB030091CB030009
S2140077608962002070B500240126124B01EB41010E
S2140077701D78114B00EB8101E0B2854203F10A024D
S21400778001F10C0101D8284670BD32F8080C06330A
S21400779021F80C0C12F8060C01F8096C01F80A0C1A
S2140077A012F8050C013441F8043C01F8080C1346A5
S2140077B0E2E700BF89620020A25C002073B5194B87
S2140077C000221D78184B1C46D1B28D4202D80020EC
S2140077D002B070BD5E88511CB04203F10A0313D19B
S2140077E00A2101FB02414B798879012B0ED18DF8D5
S2140077F004000A2101FB02F021184978205C01AA46
S21400780001F0FCF80120E3E70A46DDE74D7A8DF843
S21400781007008DF804500D7AC9798DF805508DF85B
S2140078200610E6E789620020A25C002008B5064B39
S2140078301B7843B101F012F9044B18600448BDE808
S214007840084001F005B908BD89620020783800209C
S2140078509975000010B50A4B1B7883B10122094BBD
S2140078601A7029F015FF084B186001F01DF8BDE8E6
S2140078701040002301461A46282001F071B810BDBA
S21400788089620020886200207438002070B50E4699
S2140078901346054614460A460146244814F09AF84C
S2140078A0202E3DD00BD80A2E14D80A2E12D8DFE888
S2140078B006F0121111111111271711112C0040F2A8
S2140078C001339E4210D04FF601439E4212D0B6F5C9
S2140078D0817F1FD070BD2046BDE87040FFF7B0B86E
S2140078E02146284600F03AFD21462846BDE870406D
S2140078F0FFF74ABE21462846BDE87040FFF7E4BBC6
S2140079002146284600F0B2FAEEE72046BDE8704071
S21400791000F020BE21462846BDE87040FFF774BA46
S2140079202046BDE8704000F0EBB800BFCECB0300A9
S2140079300148FEF7C3BF00BF8D7800004FF4C013A8
S21400794030B5036001230371074B8C688360CA79E6
S21400795002EB420304EB83056860044844F8230006
S214007960531CCB7130BD00BF5866040004000101F3
S2140079700368064A0C211360436853600389138129
S214007980438922205381FEF733BE00BF7C38002097
S21400799010B50368044686B0FBB1114814F01AF817
S2140079A0A37B104A8DF804304FF48273ADF806308E
S2140079B00123CDE90223002301A804938DF8143097
S2140079C0FEF7DCFF204661892AF02BF92046FA21D3
S2140079D050F8143B594329F052FE06B010BD00BFC4
S2140079E001CC03002000000110B5064C236843B10B
S2140079F0054813F0EFFF2068BDE8104041892AF0E3
S214007A0010B910BD8838002022CC030070B5364966
S214007A1010460C68BDF81020002C5ED003285CD8F9
S214007A20DFE800F0021E2745002B5AD0022A58D95C
S214007A301D78B3F80160291E18BF012132462B4875
S214007A4013F0C8FF2DB1314620462AF0EAF8002090
S214007A5070BDE573FA206368584329F0A4FEF6E784
S214007A60234813F0B7FFE37B002B38D00023E373E3
S214007A70F0E7002B35D0032A33D91D681D48294668
S214007A8013F0A8FF1C4B2A1F9A4201D90220DFE7F9
S214007A9023680BB19D42F9D823899D42F6D3E37B38
S214007AA06560B3B9FA20684329F07DFE11E0002B2B
S214007AB0CED0012ACCD91D881048294613F08AFF5B
S214007AC0002DE3D063689D42E0D8E37B2581002B40
S214007AD0E8D12046FFF74CFFB9E70120B8E70420BD
S214007AE0B6E70320B4E700BF8838002045CC030083
S214007AF07CCC03009BCC0300FCFF6D00C6CC0300CF
S214007B0038B5154B1C6834B3F0B92168134813F028
S214007B1061FF23683BB16268934204D2104813F0B9
S214007B2059FF6368236004F11405284629F0ACFD6C
S214007B30236823B1FA212846594329F0A0FD2046A0
S214007B40BDE83840FFF714BF032804D16189054813
S214007B5013F040FFF3E738BD88380020F1CC03006F
S214007B601FCD030054CD030070B53E4B0D460446B2
S214007B7009781860002A6FD101231A46A1730021E4
S214007B80E1730121A1814FF46151C4E90013282358
S214007B90354E22810C21324622206381FEF718FDE5
S214007BA060B9D6E900230AB19A4207D331899942CF
S214007BB09FBFC4E900237389218163812B4B2C4A24
S214007BC0E363042384F8403084F84C30E3182365DC
S214007BD0284BA2646365022304F10802E265264A84
S214007BE084F85830226604F10A02A266234A84F812
S214007BF0643084F8703004F10C03E26663676464F2
S214007C00EA79A86802EB420300EB830104F13C0624
S214007C104E601B4E40F82360FA261A4B1A488B60BB
S214007C20531CEB71FEF750FE208904F114057043D7
S214007C3029F0B9FD6189204629F0F3FF134B284649
S214007C40C4E90534FEF71AFD216849B12846714398
S214007C50BDE8704029F013BD4FF4F07302228DE7A3
S214007C6070BD00BF883800207C380020000023014B
S214007C70010023000200210003002101FDFF210076
S214007C80200001050D7A0000E979000091790000D6
S214007C90134B10B51C680CB3E37BEBB129F0F8FC72
S214007CA02369C01A002809DB0E4813F093FE002350
S214007CB0FA20E3736368584329F075FDE37B5BB1F4
S214007CC02489FA235C4329F079FDA04206D0204699
S214007CD0BDE8104029F067BD6468F2E710BD00BF3C
S214007CE08838002081CD030038B50024044D55F8AF
S214007CF0040B08B129F0A8FF01340A2CF7D138BDCF
S214007D008C380020042908B50AD172B16BB11378FB
S214007D101BB929F0C4FF002008BD29F0B6FFFAE71A
S214007D20034813F057FE0120F6E70320F4E700BFF0
S214007D30BBCD030010B4054C114654F820001A467B
S214007D40BDF804305DF8044BFFF7DCBF8C3800202C
S214007D500229024608B50ED004D839B9104629F0D3
S214007D609EFF06E04029F9D0412907D1104629F0A8
S214007D708CFF002008BD29F09CFFFAE7024813F0AC
S214007D8029FE0120F6E700BFDBCD030010B4054C4A
S214007D90114654F820001A46BDF804305DF8044B2E
S214007DA0FFF7D6BF8C380020C26C094B52791A7088
S214007DB082785A70C2789A70026D12B190F8542088
S214007DC0DA70007804210930014AC0B2FEF710BC10
S214007DD08A62002037B50D460446002841D04FF68B
S214007DE00273994201D129F02FFFE36CABB193F8EF
S214007DF0382092B144F2030295421AD11A4B1878F1
S214007E0058B1A37813B1012B18BF02238DF80430A4
S214007E100421012301AA00F0F1FDE378022B02D031
S214007E20204629F011FF204603B0BDE83040FFF79A
S214007E30BBBF44F201029542EFD193F83900002807
S214007E40EBD00A22B4F856300221B3FBF2F35BBA49
S214007E500022ADF806300423ADF804200DEB030233
S214007E60D9E703B030BD00BF6E620020024B53F866
S214007E702000FFF7AFBF00BF8C38002038B504469F
S214007E800078084D09302A460421C0B2FEF7A0FB50
S214007E9030B96B78A370AB78E370EB7884F8543025
S214007EA038BD00BF8A62002038B504460078114D00
S214007EB009302A460421C0B2FEF78AFBC8B9A37867
S214007EC02A78022B0CD004D863B9204629F0E7FEA6
S214007ED001E0FF2B0AD02046BDE8384029F0B4BEAA
S214007EE0002AF2D1204629F0D0FEF4E7002AF9D184
S214007EF0EBE738BD8A620020F8B504460B78324AB4
S214007F000D4642F823004370FFF7B8FFE36C2F4A94
S214007F105C631A632046FFF7C7FF204629F094FEED
S214007F204FF4801363600123E26C2372511DE160FD
S214007F30274923752161A11CA161216D002941D02B
S214007F4084F8203084F82C3004F15403236304238F
S214007F502049E161E11C61621F49A16292B192F879
S214007F6039207AB11D4903EB430204EB82025160CB
S214007F70022111720C2202FB034204F15601013366
S214007F80D160DBB20627E979A86801EB410200EB75
S214007F90820620F82270F3700123B370104B04346D
S214007FA0B3604B1C7460DBB20E4C03EB430340F82B
S214007FB0234000EB8302002353600B4B0231936097
S214007FC0E971F8BD0223C9E78C380020C71C0300FE
S214007FD00340300101FF300102FF10010140210182
S214007FE08D7D000008000100357D000028B1034BA0
S214007FF01B78834234BF00200120704716620020A1
S21400800070B500250A4C0B4E3378AB4200DC70BDD1
S214008010D4F8A42042B123791BB16079FFF7E6FFBC
S21400802010B9104629F0DAF90135A834ECE700BF9C
S214008030802100201762002008B5427901461046CC
S214008040FFF7D4FFB0B1CB7858210B48013A042B88
S21400805001FB02000ED8012B08D81BB9BDE808406A
S21400806029F013BEBDE8084029F019BEBDE8084057
S21400807029F01FBE08BD00BF701F002008B542795A
S21400808001461046FFF7B2FFB0B1CB7858210B4837
S214008090013A042B01FB02000ED8012B08D81BB9AD
S2140080A0BDE8084029F0FBBDBDE8084029F0EDBD5D
S2140080B0BDE8084029F0FDBD08BD00BF701F0020C8
S2140080C010B586B00446FEF721FC012831D1E178D0
S2140080D004292ED8DFE801F0143335030300627953
S2140080E01046FFF783FF60B35820174B013A00FB9A
S2140080F00233DB6C032958791DD1003818BF0120E4
S21400810063784FF480728DF804304FF48273ADF8C4
S21400811006300623ADF8083001238DF80B30002317
S2140081208DF80A0001A8CDE903238DF81430FEF778
S21400813025FC06B010BDB0FA80F04009E0E700204C
S214008140DEE70220DCE700BF701F002010B586B017
S2140081500446FEF7DBFB012831D1E278042A2ED84C
S214008160DFE802F014143303030061790846FFF7D2
S2140081703DFF50B35820164B013900FB0133DB6C32
S214008180032A5B791DD11A1E18BF012263788DF869
S2140081900A208DF804304FF48273ADF806300623BB
S2140081A0ADF8083001234FF480728DF80B300023B1
S2140081B001A8CDE903238DF81430FEF7DFFB06B0E7
S2140081C010BDB3FA83F25209E0E70222DEE700BFF1
S2140081D0701F002010B586B00446FEF797FB0128F6
S2140081E012D16378094A8DF804304FF48273ADF8E3
S2140081F006304FF48073CDE90223002301A80493D0
S2140082008DF81430FEF7BAFB06B010BD0800070163
S21400821010B586B00446FEF779FB012820D16278B7
S214008220104B8DF804204FF4827294F8A01094F846
S214008230A10059701870ADF8062004934FF48072B0
S2140082400223094901A88DF81430CDE90212FEF781
S21400825095FB94F8A130013B18BF012384F8A130A8
S21400826006B010BD8E6200200800050110B58378A8
S21400827004460BB30379022B0BD142791046FFF765
S214008280B5FE30B158200D4B013A00FB023029F004
S21400829010FDA379022B02D12046FFF711FF2046DE
S2140082A0FFF7B6FF02236078A4F86C305522BDE8CD
S2140082B01040122129F036BA10BD00BF701F0020F2
S2140082C04388094A082113808388538083681B8A61
S2140082D0938090F8A03093718379D371007804303E
S2140082E0C0B2FEF785B900BF1A5D002038B50D464E
S2140082F0044650B1836843B193F860302BB14FF613
S2140083000173994204BF002303712178114813F0CA
S21400831061FB4FF602739D420ED10F4B1B782BB9B3
S21400832063712046BDE83840FFF7CABF62790AB1DC
S2140083309342F6D20123F3E7B5F57F4FF1D12046FD
S21400834029F03DFDA378022B0CBF01220022A36872
S2140083509A70E6E7F7CD030016620020024B53F84A
S2140083602000FFF7C3BF00BFB438002038B504466E
S2140083700078144D04302A460821C0B2FEF728F9CA
S21400838020B1BDE83840104813F024BB2B8863802A
S2140083906B88E978A380AA88A3681A82AB7984F8E8
S2140083A0A030EB79A371094B1B780BB9637138BD0C
S2140083B009B19942FBD9064813F00CFB2378013328
S2140083C0F4E700BF1A5D002011CE030016620020FD
S2140083D03ACE0300F8B504460B784A4A0D4642F8F2
S2140083E023004370FFF7C2FFA26822B192F8603004
S2140083F00BB100232371444BD465D364434B022650
S2140084005365434BA11C13654FF44013E3600123EF
S2140084106161E1623F49103221632265211D3E4AB7
S214008420A1633E483E49626504F1A002A061E16393
S214008430E265E01C611D3B4A206261643A483B49A4
S2140084402266A21D2374237784F8283084F83430FB
S21400845084F84030A16484F84C6084F8583084F87E
S21400846064306062A266E879AA6800EB400102EB1D
S214008470810704F10C0CC7F804C04FF0060C2C4F13
S21400848042F82170C118C9B201EB410142F821C07F
S21400849002EB810700217960264F84F88030276739
S2140084A0254F84F89830A767244F254BE767254F5C
S2140084B084F8746084F88C60C4F89C3004F16C0610
S2140084C0831CC4F88470C4F890601F4F1F4EDBB244
S2140084D003EB4303C4F89460C4F8887002EB830689
S2140084E07034746008261A4C42F82340C31CDBB272
S2140084F003EB430302EB8304043042F8236061601D
S214008500E871F8BDB4380020151D03005F1D030098
S2140085106D82000001FF300104FF200110003001D1
S21400852002FF200105FF300100FF300103FF21019B
S214008530070001084A0021005A6604005100100096
S2140085405C6604005D660400550021006F0018009C
S2140085501200010410B508B1072811D1094C236890
S21400856073B1094A136029F093F80222074B216879
S2140085701860074B07481A70BDE8104013F02ABA77
S21400858010BD00BFE8380020E0380020DC380020AE
S214008590906200206FCE030010B5084C206860B1D2
S2140085A029F076F8064B22681B68C01A4FF47A73D7
S2140085B0B0FBF3F0034B1344184410BDE038002022
S2140085C0DC38002080436D384FF0F17330B503601F
S2140085D00423114A037103778260104B104A03622A
S2140085E0C260104B01224362022302740E4A80F8D6
S2140085F0283042610D4B0E4AC3628261CA798C688C
S21400860002EB420304EB830568600A4844F8230043
S214008610531CCB7130BD00BFE8380020E438002082
S21400862001001800FDFF2100906200205E66040035
S214008630070023010A00010401292DE9F047054639
S214008640894616461F460AD14AB1002B3ED0324B09
S214008650324A1C7810460023D9B28C4202D84FF01A
S21400866000080CE092F8381069B3A9422BD13C22DE
S214008670317802FB030028F013FF4FF0010800F0EA
S21400868021F990B9FEF7D0FF044670B929F000F83A
S214008690234A244912F8013B9D4219D151F824304F
S2140086A0984215D2002341F82430B8F1000F31D19A
S2140086B01D4B1C6874B33B46324649462846A446C2
S2140086C0BDE8F047604701333C32C5E79846D6E739
S2140086D00134042CDED1154B00241978144B9A462D
S2140086E0E2B29142E1D993F8602082B1AA420ED15B
S2140086F0642505FB04A2D36C0BB1D06D984705FB2F
S21400870004A56B6D33B1E86DBDE8F047184701343A
S2140087106433E5E7BDE8F087186200202C240020CB
S21400872091620020EC380020FC3800206F620020A8
S214008730942600202DE9F341003918BF0121044694
S2140087408DF8071028F0A4FF0022144D1449804627
S2140087501346AE460E4615F8017B5FFA82FCBC4215
S21400876019D051F8047B56F823000132874238BFEF
S2140087706346042AEFD108F52F7046F823000EF85A
S21400878003400123204619460DF1070200F036F992
S21400879002B0BDE8F0816346EDE700BF91620020BD
S2140087A0EC38002010B5124B124A1C7800231846ED
S2140087B0D9B28C420BD8104B104A1C780023D9B281
S2140087C08C420CD80E4B1B781844C0B210BD92F8E1
S2140087D0381009B10130C0B201333C32E8E792F8F4
S2140087E0601009B10130C0B201336432E7E700BF60
S2140087F0186200202C2400206F620020942600209F
S2140088001962002070B50024094E0A4D3378E0B294
S214008810834200D870BDC0EBC0002918C21C8B78FC
S214008820285C49782A4400F0E9F80134EEE700BFF6
S214008830196200201A62002008B5FFF7B3FF58B18E
S214008840064B074A1A6000F009F9064B18600648FE
S214008850BDE8084000F0FCB808BD00BFCC150020FD
S21400886035870000FC3800203986000038B50546FC
S2140088700A4C10B10023237038BD23780133DBB2D5
S214008880022B2370F8D9064813F0A4F8257028F0B8
S21400889007FFBDE83840034828F001BFD662002035
S2140088A090CE0300083900204FF6EF73044A108874
S2140088B098428EBF0023431C9BB21380704700BFB4
S2140088C0245D0020014B1878704700BFD562002059
S2140088D02DE9F04188B080460F4616460021152245
S2140088E00DF109001D4614F087F94FF6EF72114B93
S2140088F031461C8803A89442ADF804408EBF00247D
S2140089000134A4B21C8004232A468DF806308DF864
S21400891007808DF80870ADF80A5014F0FDFA109B29
S214008920BDF83C200E9901A829F061FA08B0BDE810
S214008930F08100BF245D002038B5044618B10FC88A
S214008940054D85E80F00204628F0A9FE0122034BBE
S21400895000201A7038BD00BF08390020D7620020FA
S21400896070B51C46244B0D461B7811468CB0002B68
S2140089703FD0202C3DD84AF65523ADF800300223D0
S2140089808DF804508DF802302B0A002522468DF80B
S214008990050002A88DF803308DF807408DF80650C4
S2140089A014F0BAFA04F1080004F109012B466C46EB
S2140089B02A4686B289B214F8015B013292B22B4481
S2140089C09642DBB2F7D800F130020DEB020000F859
S2140089D0303C0022684628F066FE0446B0FA80F076
S2140089E04009FFF743FF201E18BF012040420CB08D
S2140089F070BD4FF0FF30FAE7D762002010B5134C79
S214008A0096B02478F4B10024ADF816400DF11604A3
S214008A1002944024019406AC0094FFF759FF78B9FD
S214008A200246BDF81610204628F03DFE0446B0FA71
S214008A3080F04009FFF71AFF201E18BF01204042B1
S214008A4016B010BD4FF0FF30FAE700BFD762002027
S214008A50014B1860704700BF04390020014B1868AE
S214008A60704700BF04390020014B1860704700BFF4
S214008A70003900202DE9F0433E4B89B01B78002BCF
S214008A8075D03D4E3D4C33883F2B02D828F009FE6A
S214008A90D8B93A4F07F101083488012C67D93B78DA
S214008AA0552B27D17B78AA2B24D1072C5FD9FD889C
S214008AB06DBA0935ADB2402D24D93149023C224663
S214008AC0881E14F0EBF83480E6E70023308801AA0D
S214008AD0C0F1400189B22044ADF8043028F0E7FD2B
S214008AE00028D6D1BDF804303288002BD1D01344EC
S214008AF03380C8E7621E92B241462048328014F0A6
S214008B00CDF8C9E7AC4232D3294601AA384629F047
S214008B10CCF98146641B22463846791914F0BEF813
S214008B203480B9F1000FB7D19DF80600431F012B22
S214008B3012D8431F58425841124B134C1D682070E0
S214008B403DB1BDF80A309DF808109DF8070003AA4D
S214008B50A847002323709FE70C4B1C68002C9BD073
S214008B60BDF80A30BDF8041003AAA04794E709B080
S214008B70BDE8F083D7620020225D002095620020C9
S214008B809762002004390020D562002000390020BA
S214008B9000239B6AB3F5804F03D21968064A9142B8
S214008BA003D00023037083607047012202709A6826
S214008BB09B694260F7E700BF07B0CD5E024B034AF1
S214008BC01A602AF0E2BD00BF0000002002020FF08B
S214008BD073B53F4B04461A781AB102221A7002B0D7
S214008BE070BDCDE900220028F9D001261E7033F0B2
S214008BF059F9384D384B186017F0CEFC2B785BB916
S214008C0002F0F2F940B935480823354A354900687C
S214008C1001F038FE00B92E70334B5A68E260334AD2
S214008C209A601A6E22605A6E6260D3F87021A26053
S214008C301B6E5C042CD52E4AD368D807FCD42D4B6B
S214008C401A68531C29D04FF4801393402A4A13669F
S214008C500423294C4FF0804223664FF4806323663A
S214008C60102323664FF400536846236601A9226644
S214008C70636629F07EF9009B2366019B63662B786A
S214008C80002BACD0164B1A6822665B686366A6E7B4
S214008C901A4AD368D907FCD4D1E7194B1B78002BA6
S214008CA0D6D1184B5A68144B12B94FF480121A6674
S214008CB0154A526812B94FF400121A66134B5B68D5
S214008CC0002BC5D14FF480020B4B1A66C0E700BFDD
S214008CD0D9620020DA62002028390020CC6D0020FE
S214008CE02C390020007108000080004455CEAC00EE
S214008CF000000440986D00200090004400000450DE
S214008D00D86200200080055000C0055000000650C4
S214008D1038B5224D04462B78012B02D001232B7048
S214008D2038BD0028FCD029F049F9013009D029F0D7
S214008D3045F940F20113984203D0194AD368DB077D
S214008D40FCD42268174B1A6662685A66A268C3F893
S214008D507021E268D40744BF00229A60124B1A685A
S214008D60013213D1114A127882B911494968C807ED
S214008D7048BF1A600F4A5268D10744BF01221A60E2
S214008D800D4A5268D20744BF02221A6017F00CFC44
S214008D900A4B186833F081F80023C0E7D962002038
S214008DA00000044000800044986D0020D862002037
S214008DB00080055000C005500000065028390020ED
S214008DC070B50024A36AB3F5804F23D21A68134BFC
S214008DD09A421FD1124E337813F0FD0518D14FF486
S214008DE080341048FFF7F4FE032004F04FFC0E4BCF
S214008DF00320DC6004F02EFC0C4B1C61AB6ADB69C4
S214008E00984704460748FFF783FF0CB901233370E1
S214008E10204670BD4FF48174FAE700BF07B0CD5E00
S214008E20D86200201839002000A0004400900044BA
S214008E3013B5204B1B7803B9FEE700231E4CCDE983
S214008E4000336A4608231D49206801F01BFDF8B967
S214008E501B4AD2F84031D2F840211F2B4FF00103B5
S214008E6011D9203A9340019A1A43019208236A4680
S214008E701249206801F08EFE124B134A1A602AF03F
S214008E8084FC02B010BD9340009A1A430092EDE7AE
S214008E902D28F1D10A4AD2F84031D2F840211F2BB2
S214008EA04FF0010385BF203A93409340019398BF4B
S214008EB00093DBE7D9620020CC6D0020007108002B
S214008EC000800044000000200B020FF038B500259B
S214008ED0AB6A0446B3F5804F10D21B6BB3F5804FD8
S214008EE00CD20748FFF774FEAB6A20461B6B5B6824
S214008EF09847BDE838400248FFF70ABF38BD00BFB4
S214008F003439002013B50024A36A0190B3F5804FCE
S214008F1013D21B6BB3F5804F0FD20948FFF758FEEC
S214008F20A36A01211B6B01A89B6998470446044865
S214008F30FFF7EEFE204602B010BD4FF48174F9E74D
S214008F403439002070B50026B36A0446B3F5804F66
S214008F500D4612D21B6BB3F5804F0ED20848FFF7B2
S214008F6037FEB36A20461B6B29469B699847044622
S214008F700348FFF7CDFE204670BD4FF48174FAE734
S214008F803439002070B50026B36A0446B3F5804F26
S214008F900D4612D21B6BB3F5804F0ED20848FFF772
S214008FA017FEB36A20461B6B2946DB6998470446C2
S214008FB00348FFF7ADFE204670BD4FF48174FAE714
S214008FC034390020F8B50027BB6A0446B3F5804F55
S214008FD00D46164611D21B6B7BB10948FFF7F8FD0C
S214008FE0BB6A20461B6B324629465B6A9847044696
S214008FF00348FFF78DFE2046F8BD4FF40174FAE7EC
S2140090003439002070B50026B36A0446B3F5804FA5
S2140090100D4612D21B6BB3F5804F0ED20848FFF7F1
S214009020D7FDB36A20461B6B29469B6A98470446C1
S2140090300348FFF76DFE204670BD4FF40174FAE753
S21400904034390020F0B50027BB6A0446B3F5804FDC
S2140090500D461646ADF5337D20D21B6BB3F5804F1B
S2140090601CD21048FFF7B4FDBB6A20461B6B40F2CB
S214009070C1225B6A01A99847044630B10948FFF748
S21400908047FE20460DF5337DF0BD836A32461B6BE6
S2140090902946DB6A01A898470446EFE74FF40174B7
S2140090A0EFE700BF3439002010B50024A36AB3F5FB
S2140090B0804F10D21B6BB3F5804F0CD20748FFF7DA
S2140090C087FDA36A1B6B1B6B984704460348FFF794
S2140090D01FFE204610BD0124FBE700BF34390020E8
S2140090E0F0B58FB0044601A80E461546FFF7EEFE13
S2140090F09DF80C30012B12D1B5F5402F27D8B4F5CA
S214009100402F24D86319B3F5402F20D821462A468D
S214009110304613F001FF002420460FB0F0BD0027B4
S214009120BB6AB3F5804F15D21B6BB3F5804F11D2D7
S2140091300A48FFF74DFDBB6A2A461B6B31462046A0
S2140091405B6B984704460548FFF7E2FDE4E740F20C
S2140091500244E1E740F20114DEE700BF34390020A4
S214009160F0B58FB0044601A80E461546FFF7AEFED2
S2140091709DF80C30012B1FD1B5F5402F06D8B4F55D
S214009180402F03D86319B3F5402F13D940F2024499
S21400919020460FB0F0BDE258013225D104339D427F
S2140091A0F9D82A463146204628F038FF0028EDD068
S2140091B00024EDE70023F2E70027BB6AB3F5804FF3
S2140091C015D21B6BB3F5804F11D20A48FFF700FD8E
S2140091D0BB6A2A461B6B314620469B6B9847044663
S2140091E00448FFF795FDD3E740F20344D0E740F28A
S2140091F00114CDE73439002070B58EB0044601A8BE
S2140092000D46FFF763FE9DF80C30012B22D144EA91
S2140092100503C3F30C03002B33D1B5F5402F04D957
S21400922040F2024420460EB070BDB4F5402FF7D889
S2140092302544B5F5402FF3D8204604F5005428F011
S214009240E6FEAC4202D00028F6D1E9E70028E7D0D7
S2140092500024E7E70026B36AB3F5804F14D21B6BF1
S214009260B3F5804F10D20A48FFF7B2FCB36A29461E
S2140092701B6B2046DB6B984704460548FFF748FD06
S214009280D0E740F20444CDE740F20114CAE700BF3D
S21400929034390020BFF34F8F0549064BCA6802F4E5
S2140092A0E0621343CB60BFF34F8F00BFFDE700BF04
S2140092B000ED00E00400FA0570B5D0B1C9B10E4E5D
S2140092C0431E013913F8014F2046325D02F00302B7
S2140092D0012A11F8012F08BF04F12000B55C05F043
S2140092E00305012D08BF2032801A01D1002CE9D1D8
S2140092F070BD0120FCE700BF358E04000348044A19
S2140093000449121A921028F0D5BE00BF344100005E
S214009310D0420000F469002008B5154B83F30A8894
S21400932000F030F8FFF7EAFF124B13498B4212D3D6
S2140093300020124B12498B4218D3FBF7D3FC186857
S21400934050F82240586840F822400132986882421D
S214009350F5D30C33EAE70022F8E71C6844F822004D
S21400936001325C68A242F8D30833E4E70022F8E74B
S21400937008000020D4B20400E0B20400E0B204000A
S214009380E0B20400124B134A70B59A60D3F88820F6
S214009390114D42F47002C3F888206FF0010205F503
S2140093A00054226641F2FF7262660222C3F8D020A1
S2140093B0BFF34F8FBFF36F8F4FF44036032004F098
S2140093C065F90320E66004F045F92E6170BD00BF24
S2140093D000ED00E00040000000800044014B1860F3
S2140093E0704700BFA06D0020054B1860054B1B6F33
S2140093F003F00703032B01D130F0ACBE704700BF6B
S214009400A86D0020008000502DE9F04104464FF082
S21400941001080C250D4E0CB9BDE8F08194FAA4F0B5
S214009420B0FA80F00F2808FA00F2C8BF103824EA15
S2140094300204CABF05FB006205FB0062B43257682F
S214009440002FE8D09168C0B2B847E4E7443900205E
S21400945008B50C4832F0C4FD192004F009F928B10B
S214009460192004F013F9192004F0F4F81A2004F077
S214009470FFF828B11A2004F009F91A2004F0EAF8D7
S214009480002008BDC06804002DE9F0410E461746CE
S214009490054618B30F2923D80378DBB1013BDBB2AE
S2140094A0022B19D8104AD35C6A78D340DB0717D54D
S2140094B00E4BD3F81043ACB932F0F4FC80463A4673
S2140094C02846314602F042FE404632F0E6FC204690
S2140094D0BDE8F0817F23E7E70023E5E72224F6E7EF
S2140094E02124F4E70224F2E7B066040000C003502B
S2140094F010B5044610B30378E3B1013BDBB2022B90
S2140095001AD8104AD35C6278D340DB0718D532F0FD
S214009510C9FC0122617823788A4030214B4341F20E
S214009520100103F1A04303F570335A5032F0B5FC36
S214009530002010BD7F23E6E70023E4E72220F8E7BB
S2140095402120F6E7B066040010B5044610B3037891
S214009550E3B1013BDBB2022B1AD8104AD35C627827
S214009560D340DB0718D532F09DFC012261782378C2
S2140095708A4030214B4342F2100103F1A04303F529
S21400958070335A5032F089FC002010BD7F23E6E786
S2140095900023E4E72220F8E72120F6E7B06604007F
S2140095A038B50D46044618B311B30378E3B1013B52
S2140095B0DBB2022B1AD8104AD35C6278D340DB07A2
S2140095C018D532F06FFC30222378534303F1A043C2
S2140095D003F570335B696278D34003F001032B70A8
S2140095E032F05BFC002038BD7F23E6E70023E4E78B
S2140095F02220F8E72120F6E7B06604002DE9F041C6
S2140096000D4616469846044600284FD000294DD0F1
S2140096100178002940D04B1EDBB2022B3ED8254AEB
S214009620D25C6378DA40D20701D4FF2940D1022EFB
S21400963001D9042E3CD132F035FC23780746FF2BA7
S21400964005D032462046296802F0C6FD28602B6801
S214009650013309D12378FF2B06D1174B6078D3F856
S214009660241429F002FB286029684B1C18D00C2310
S214009670124A03FB0122069BC2F8048093602378FB
S214009680FF2B04D001230E4A8B40C2F82434384600
S21400969032F003FC002007E07F22C2E70022C0E78A
S2140096A0384632F0FAFB2D20BDE8F0812220FBE799
S2140096B02120F9E7B066040000C0035044390020BA
S2140096C000D0035008B502F037FD044B00F05530CB
S2140096D0C3F82004BDE80840FFF796BE00E003503C
S2140096E008B502F029FD044B00F0AA30C3F82004A8
S2140096F0BDE80840FFF788BE00E003502DE9F04FB4
S214009700144605460E469B46C36B87B001225B692E
S21400971002A960689847EB6B01225B6903A9304693
S214009720984702A829F0C5F8074648B10023A37554
S21400973063754FF0FF33A360002007B0BDE8F08FDD
S21400974003A829F0C3F80123A375237E04EBC30303
S214009750DE611F846368B3420ED1206003A829F03F
S214009760D7F84FF0FF332075A360237D043B022B10
S21400977026D80023A375DFE723681A1A53425341FD
S214009780A37503A829F0C4F8237D834218BFA775E4
S21400979003A829F09FF8074602A829F09BF88742FD
S2140097A018BF002303A818BFA37529F09BF8074627
S2140097B002A829F097F887421CBF0023A375D4E7B8
S2140097C003A829F087F880B1EB6B022230465B696C
S2140097D004A9984704A829F08CF80346207D03289E
S2140097E039D8DFE800F03838040903A8F3E7CC22BC
S2140097F0237E04EBC3031A8401F06EFC109B1870E2
S21400980003A8277E29F05AF804EBC70787F822003A
S214009810237E03A804EBC303B3F8209093F82270CA
S21400982029F058F8804603A829F05CF88246B8F17B
S214009830000F15D0EB6B022230465B6904A99847EF
S21400984004A829F01BF86075637D6BB90023A37527
S2140098504FF0000838E0227E04EBC2021384CBE708
S21400986003A828F0F6FFEEE794F81680B8F1000F8C
S214009870EED0B9F1000F09D1DFB10123E375637EA5
S214009880002B4FD1012F42D1677614E06B6C06EBAC
S2140098900A015A4286EA010010421CBF0022A27545
S2140098A05A1E0A409B1A9945D0D8A37D002BE3D1B7
S2140098B0CEE7E37D43B94FF000084B4652463146AB
S2140098C0284628F041FDA060A27D12B123694B44D2
S2140098D023611A49237E097899422AD901332376CF
S2140098E0BBF1000F27D032B3E37D23B3B8F1000FEE
S2140098F021D1032F1FD0A1684B1C1CD0109B2246E1
S214009900009328460123FFF7F9FEA07513E095F8AB
S214009910343063B9EB6A0133CFD1032FCDD10123A5
S214009920A376C8E7012FCFD0032FC4D1F7E7984618
S214009930C3E70023A375A07DFFE600BFD46604003E
S2140099402DE9F04F0E46984600238BB004464FF0A4
S214009950FF31104617468DF8133001F0A7FBB6F519
S214009960801F20D2314605AA04F1080028F0F3FE35
S214009970451C014603D1237CBBB92D2010E0384698
S21400998001F094FB0122394620460DF1130328F01E
S2140099902DFD0028EFD09DF8133088F80030002009
S2140099A00BB0BDE8F08FB01CE5D1E56A691C36D176
S2140099B02046616A28F00EFC0546B31C18BF01233A
S2140099C0DFF8CC900193636A626C0293236805A962
S2140099D002FB053AE36B05225B695046984705A8EB
S2140099E029F002F829F025F8504629F02DF84FF016
S2140099F0000B824601464B1C05D0636C81EA0A02C6
S214009A005B42134211D02946204628F0E3FB029B16
S214009A10AB422CD0BBF1000F2CD10546D3E7236810
S214009A20ED1A636CB5FBF3F5C7E7484601F03EFB5D
S214009A300DF1130349462046019A28F0D7FC034649
S214009A4090B1B21C03D0D9F80020B2420CD19DF8D8
S214009A50132003930D4B88F8002049461A683846B1
S214009A6013F05AFA039B9B46D9F80810C3E7BBF1DC
S214009A70000F82D0B6F5801F91D2314698F800309C
S214009A807A6804F1080001F03FFA88E7D06604001F
S214009A90204100202DE9F3410446174698460E461D
S214009AA0184D816AE36A8B4201D04B1C02D102B08A
S214009AB0BDE8F081284601F0F9FA01222946204641
S214009AC00DF1070328F092FC38B14346294620469C
S214009AD09DF80720B8470028E9D0A9684A1C04D199
S214009AE06968204628F003FC0146012EDAD16B682F
S214009AF081EA0302636C5B421A4218BF4FF0FF31E3
S214009B00D0E700BFF44000202DE9F04F4FF0FF33C0
S214009B104FF6FF720025044600F10806C0E9092347
S214009B208BB0C362056205633046884628F0E4FDC4
S214009B30204628F01FFB60BB2046414628F09AFBD3
S214009B40204628F017FB60BB5E200BB0BDE8F08F08
S214009B502368E26B606C576900FB0530052205A997
S214009B60B84705A828F040FF012807460CD129462B
S214009B70204628F050FB012F024600D1013229462C
S214009B80204628F016FB03E028F058FF0028EED108
S214009B900135E3699D42DBD3204628F0EBFA002826
S214009BA0CAD000254FF0FF394FF6FF73CA46A846C5
S214009BB0C4E90853E36998450AD3A5EB0905012DC6
S214009BC02CD84FF6FF72636A93423CD16720BCE7FD
S214009BD02368E26B606C576900FB0830052205A914
S214009BE0B84705A828F000FF834605A828F0D3FE4E
S214009BF00746584628F01DFF68B1574538BFC4F8D9
S214009C002480B94528BFB946BD4238BF3D46BA464E
S214009C10236A0133236208F10108CBE74FF6FF738E
S214009C2000256362E3699D42CBD2676C2068E36BD4
S214009C30052207FB05005B6905A9984705A828F0DB
S214009C40AAFE0135EEE7E26B676C2068694607FB03
S214009C50030055690522A847684628F09CFE626AFC
S214009C602368606C4B4D00FB023028F0EDFE4FF091
S214009C70FF33A062E3622A466FF00101204605AB7F
S214009C80FFF75EFE002846D1AD6829462046E5620D
S214009C9028F04CFA206320B92046E16A28F027FB1A
S214009CA0E0622946204628F022FB0546A36A9D422C
S214009CB033D1204628F00DFA00278046B946E369DE
S214009CC099453CD3B84559D92046616A28F082FAAE
S214009CD00026054604F1400AB74212D8626C236893
S214009CE0694602FB0539E36B05225B6948469847DF
S214009CF0684628F050FE534602464946E06B28F078
S214009D00A5FE2946204628F065FA0136B0450546E8
S214009D10E2D1642019E7A56AB7E72946204628F06D
S214009D2005FA236B2946034407462363204628F09A
S214009D30DEFA0546002FB9D1C4E90B07B6E7636C17
S214009D402568052203FB0955E36B05A95B692846D0
S214009D50984705A828F048FE28F06BFE58B128461C
S214009D6028F072FE0146204628F0E0F9636C143BAA
S214009D70984208BF013709F10109A0E7304628F0EC
S214009D80BBFC002320461946034AFFF783FE00204B
S214009D90DBE600BF4C410020DB2303002DE9F04149
S214009DA0036B9046826B07689A4288BF8363426C57
S214009DB0436A90B002FB0377C36B0E46052201A9E7
S214009DC05B6904463846984701A828F00DFE01282E
S214009DD00146307057D0656CE26B2368606AD2F833
S214009DE014C005FB0030052206A9E04706A828F0A7
S214009DF0FBFD01284FF0000523D0D4E90A320121EB
S214009E009342CDE90B458DF834800E958DF83C10C5
S214009E102AD11946204628F06AFA236B626C14335E
S214009E209B1AE06223630C9B53B99DF83C303BB110
S214009E30626A616C2368E06B01FB023128F08CFDDE
S214009E400C9DE36B05225B6901A93846984701A87B
S214009E5028F0CAFD30702846236BA26B9A4288BF52
S214009E60A36310B0BDE8F081237C33B91C490BAA6C
S214009E7004F1080001F096F8D5E72046194A0BAB26
S214009E80FFF708FECFE7237C23BB2246164904F1E2
S214009E90080001F087F8616A204628F0BCF9616A7C
S214009EA0421C204628F085F9054620B9236B626CD3
S214009EB01344143B23632046A16A28F018FA23684B
S214009EC0A062C01A636CB0FBF3F06062204628F014
S214009ED051FAB6E700232046044AFFF7DBFDDAE72F
S214009EE041A60000BDA50000752403001124030050
S214009EF073B50D46D11E4A421C461B7E4A419A4205
S214009F0026D129682368994222D3636899421FD8CC
S214009F10114E0DF107033246FFF712FDC0B9726805
S214009F206B689A4214D19DF80730DA1E53425341AB
S214009F30227E93420CD1636901336361D4E9032323
S214009F40934205D22968A26842F8231001332361A0
S214009F50012002B070BD00BF4C4100202DE9F04F3B
S214009F609B4689B09DF848309046514A0193136944
S214009F7007465B450D46C0F09580D946536800936A
S214009F80B9F1000F7BD0FB6B01225B6905A9009835
S214009F90984705A828F09AFC454B1B68984240F065
S214009FA0848005A828F09EFC0428064615D105A83E
S214009FB028F09FFC009B04461E44019B002B3ED1CC
S214009FC0804512D91C46A8EB00083846009928F0B0
S214009FD08EF9A9EB04090090D2E7FB6B02225B69BD
S214009FE0009806A9984706A8E2E7A0EB08045C4597
S214009FF028BF5C46032C4644ABEB040B1DD9FB6B19
S21400A000294630465B69A208984724F0030304F00B
S21400A010030A1E441D44DDF80480BAF1000FD4D0B4
S21400A020FB6B012206A930465B69984752462846D4
S21400A03006A912F071FF5544C7E7A246EBE7824631
S21400A04000F0030302932B1803930644039BA6EB2E
S21400A0500A00A3EB0A05029B9A4514D1BAF1000F39
S21400A060B3D0FB6B012206A95B6998475246284687
S21400A07006A913F00DF90028DDD04FF03609484642
S21400A08009B0BDE8F08FFB6B012206A95B69984713
S21400A0900422284606A913F0FBF80028EDD1AAF101
S21400A0A0040AD3E74FF06309E9E74FF06F09E6E7E4
S21400A0B0784100202DE9F0410F46164698460446A2
S21400A0C088B060B390F83450FDB1012128F047F80D
S21400A0D000210E9BCDE90511CDE902379DF83C30F5
S21400A0E0CDF804808DF81C30237C04968BB90D497E
S21400A0F001AA04F1080000F055FFDDE90553E06B06
S21400A100002E08BF1D4628F0C3F9284608B0BDE853
S21400A110F0812046044A01ABFFF7BCFCEDE705469C
S21400A120F3E700BF3F240300F19E00007FB590F8E0
S21400A1304260044601920DF10B030A46304611496F
S21400A14028F0AEF9012E0546E36B17D132465B695F
S21400A15003A998479DF80B10039B019A59B19BB22F
S21400A16043EA0243012228460393E36B03A99B6953
S21400A170984704B070BD62F30F03F3E701229B69B2
S21400A18001A9F5E7784100202DE9F04F99B00E4679
S21400A1900D920A69416C0B931439D31DB3FBF1F38E
S21400A1A0013302EBC302036B04469342C0F0018204
S21400A1B00023DFF804940893E36A4846194605939B
S21400A1C000F074FFD6E9033707930B9B022B4DD1A3
S21400A1D0CC2F40F0D7810D9B3BB13146204628F06E
S21400A1E0B5F9656C1490012044E00120079B656C6E
S21400A1F01B68149300F0010000280CBF04230823FA
S21400A200782F0E9349D8059A6B1E1340ED1A3B1D06
S21400A2109D423CD2002F3DD0082D3ED80023042579
S21400A22006934FF0040A336806990B98C9F8003075
S21400A230C9F8107028F070FB4FEA9A030F93059B3D
S21400A24089F814000393002309930C9304930A934C
S21400A250616C039B4A1E1A408B1A27B35544AB42C7
S21400A26023D8236B5B1A134423632FE1782F656C86
S21400A270B9D8F07D0D9B002BBCD0E36B01225B6947
S21400A280706816A9984716A828F024FBB4E700259E
S21400A2900695C6E704250697C3E7012300254FF079
S21400A2A0080A0693BFE75345DBD3A3EB0A0297429F
S21400A2B0039BB84628BF90469742534428D90122AC
S21400A2C0D9F8101089F817208F4226D10399C9F8BB
S21400A2D00410049299F817200AB399F818100398F6
S21400A2E0CA1C09EBC202506004980131A2F808802B
S21400A2F0907289F81810B8F1000F07D00B9A022A4E
S21400A30040F08180099A72B1012209929B46ABE027
S21400A310049A002A18BF0322DBE70222D9E7039A31
S21400A320C9F80420E7E70C9A4244032AEED9E26B08
S21400A3301846956914A901220993A847099B054662
S21400A3400028E1D03D2D40F01E8104F10803039360
S21400A3502368059A606CA2EB030ABAFBF0FA00FBCE
S21400A3600A3028F071FBE16A8046204627F0BFFFDE
S21400A370A26A824200F00F81626CD9F80830511E42
S21400A3800B40216B2768891A0B442363089BE06205
S21400A390DF1BB7FBF2F7BA4540F0FA80059BB3EB3C
S21400A3A0080A12D0E36B4FEA9A0241469B69984727
S21400A3B08346E36A059A5344E362236B03989B1A29
S21400A3C04344236328F098F9DA462368616CE06B0F
S21400A3D001FB073128F0ADFA204627F0CBFE2046D9
S21400A3E027F0C8FF2063BAF1000F00F0D48032696E
S21400A3F0616CD31D1439B3FBF1F3013302EBC302D6
S21400A4009042A5D2BFE00D9A002A77D1B8F1030F8B
S21400A4104FEA98026ED9E16B18468D69079910933A
S21400A420A847109B0546C0B918F0030515D0079A33
S21400A43028F0030B02EB0B019B444FF0FF3215A8EC
S21400A44015922A46109312F067FDE26B58469569FE
S21400A45015A90122A8470546109B9B46079A424429
S21400A4600792002D40F08B80049B16A80193069B54
S21400A470009399F814204346316800F0CDFDE36B55
S21400A4800F9A9B69039816A99847039A051E089B7E
S21400A49018BF13460893434652462046039927F0B2
S21400A4A053FF236B08F10302A3EB0A0322F0030217
S21400A4B09B1AC9F808002363002D7FF443AF0C9B5A
S21400A4C0A7EB080743440C93CDF80CB0204603993D
S21400A4D027F00DFF00250390002F7FF4B9AE364A13
S21400A4E03168936804F10800E36252680B9B00F041
S21400A4F00BFD49E09B46454607999EE79B4606F1BD
S21400A50020021092F27D7068A2B1002296F818C060
S21400A5100A99D5B2AC4511D9109D02F1010E35F855
S21400A52032508D4228D90E9806EBC2020144D069FB
S21400A530084403E00E9A0A990A441044E26B15A9EF
S21400A540556901221193A847159A0A9B1392E26B4C
S21400A550043395695846012213A90A93A847119B0C
S21400A560054603EB0802A2EB0B02042A7FF679AF3E
S21400A57028B90BF1040BC5E77246491BC9E7CDF8AD
S21400A58020B088E770252F46384619B0BDE8F08F12
S21400A5904FF0000A19E73269616CD31D1439B3FB1A
S21400A5A0F1F3013302EBC302236B9342BFF404AE14
S21400A5B0E9E71C27E8E700BF20410020032A2DE931
S21400A5C0F34106460D4617461C4606D1237A012B54
S21400A5D023D0012002B0BDE8F081DFF86080096872
S21400A5E042460DF10703FFF7ABF960600028EDD196
S21400A5F09DF80720237A032AE8D0D8F804106A6862
S21400A6009142E3D1012B2969D4F80CC007D17269B5
S21400A6100CEB0103934202D92074207CDAE7083160
S21400A6206144E1603B46012229463046FFF7ACFD17
S21400A63060600028CAD00020CCE700BF4C41002054
S21400A6402DE9F341089C032A1746266806D1237A8B
S21400A650012B24D0012002B0BDE8F081DFF8908005
S21400A660304642460DF10703FFF76AF9606000289E
S21400A670EDD12568D8F80400A96AD5F844C048404A
S21400A680CCF100031840227AE1D1012A09D1E26810
S21400A690D8F8103013447269934202D92074207C93
S21400A6A0D9E72868EB6A1B1A081AB3FBFCF3B0FB61
S21400A6B0FCF083420BD1706CF36A421E1340326B7F
S21400A6C0121A13442846336327F011FEE862D8F8BE
S21400A6D01020E36808321344E36001223B46044935
S21400A6E02068FFF751FD60600028B0D00020B2E778
S21400A6F04C4100202DE9F0410025604B0E46D3F872
S21400A700008004461D6018B921252846BDE8F08162
S21400A71090F8347007B30A6803689A4240F0A38042
S21400A7204A6843689A4240F09E808A6883689A42E4
S21400A73040F09980CA68C3689A4240F094800A69DB
S21400A74043699A4240F08F808A69C36B9A4240F010
S21400A7508A804B698361D8E768223946856B12F098
S21400A7604BFAD6E90212336804F1080023607368D6
S21400A770A5636360336963617369A36127F0CEFFE5
S21400A780B36904F14000E3639B68984720B9676C9F
S21400A79017B16368B3FBF7F794F84330E761002B13
S21400A7A0B2D00023656C2366002D64D0002F62D0E3
S21400A7B02368B3FBF5F205FB1233002B55D1666810
S21400A7C0B6FBF5F305FB1363002B4ED1204627F0AE
S21400A7D09DFCA369043303449E4248D340F634727A
S21400A7E06369CC3B934244D8B5F5805F43D30321DD
S21400A7F0204627F0B4FCD4E90001E36B1B689847B9
S21400A8000546E36B0220DB689847CDB941462046F3
S21400A810FFF77AF96428054604D141462046FFF73B
S21400A82073F90546666C5DB9236A2046143E5E439E
S21400A83027F06CFCA369043303449E4238BF5A25B4
S21400A840002D0CBF0123002384F8343007D1D4E94F
S21400A85000010B4A13680133136027F0F9FFE06B21
S21400A86027F016FE51E75D254FE759254DE75A2597
S21400A8704BE75F2549E75B2547E700BFB03A002076
S21400A880AC3A00202DE9FF410C4616461F46054609
S21400A89080B390F834307BB3B1F5801F2ED2DFF84A
S21400A8A06080012127F05BFC2146424628460DF1D8
S21400A8B00F03FFF745F8044670B99DF80F30012BDB
S21400A8C011D1D8F81030BB4212D102460090314662
S21400A8D02846FFF743FB0446E86B27F0D9FD2046E1
S21400A8E004B0BDE8F081022B14BF2D246024F3E7EA
S21400A8F06324F1E72124F2E71124F0E72924EEE7A8
S21400A900784100202DE9F04385B00C4617461E46D8
S21400A9100546DDF8308098B390F8343093B3B1F53F
S21400A920801F31D2DFF86490012127F018FC214601
S21400A9304A4628460DF10F03FFF702F8044688B989
S21400A9409DF80F30012B14D1D9F8102006EB080320
S21400A9509A4213D300904346324639462846FFF7BC
S21400A960FDFA0446E86B27F093FD204605B0BDE8E7
S21400A970F083022B14BF2D246024F3E76324F1E751
S21400A9802124F2E71124F0E72924EEE7784100209D
S21400A99073B50C461646054630B390F834302BB3E4
S21400A9A0B1F5801F24D2012127F0D9FB2146284685
S21400A9B0104A0DF10703FEF7C3FF044680B99DF861
S21400A9C00730032B0CD0022B0CD12846094927F060
S21400A9D0BDFD3060E86B27F05BFD204602B070BD21
S21400A9E02D24F7E76124F5E72124F6E71124F4E7A0
S21400A9F02924F2E7784100202DE9F3411E46002382
S21400AA000C4617460546336050B390F834304BB3C7
S21400AA10B1F5801F28D2DFF85480012127F09FFB74
S21400AA202146424628460DF10703FEF789FF0446F5
S21400AA30A0B99DF80730032B10D0022B03BF0123CB
S21400AA403B600423D8F8103018BF38603360E86BDA
S21400AA5027F01EFD204602B0BDE8F0812D24F6E763
S21400AA602124F7E71124F5E72924F3E778410020AD
S21400AA7073B50446056B27F049FB636E03449D429D
S21400AA802CBF00230123854294BF00252D1A207C6D
S21400AA9084F85030656584F85800A8B100230C4E41
S21400AAA01A4619462046009627F014FE002305464F
S21400AAB01A4619462046009627F015FEE3682844F5
S21400AAC0984294BF0020C01AE06502B070BD00BF77
S21400AAD0FFFF0F002DE9F3471E4643690446B342C5
S21400AAE0884617469DF828904ED300258DF80750C7
S21400AAF0204627F00BFBD4F830A082450AD2236A02
S21400AB00B5EB430F06D2002220460DF10701FFF7F2
S21400AB1045F9B8B39DF80730012B05D10022204631
S21400AB200DF10701FFF73AF9B9F1030F06D03146E8
S21400AB30204627F0DBFA256B854227D3144D4FF0CD
S21400AB40FF31284600F0B2FA4B462946002220463E
S21400AB50C5E90376C5F80080FFF716FB236E0546A9
S21400AB6063B12046FFF784FF94F8503013B994F889
S21400AB7058301BB1236E04F150009847284602B0A7
S21400AB80BDE8F0870135B3E76225F7E71C25F5E752
S21400AB904C4100202DE9FF410F4690461E460546D3
S21400ABA098B390F8343093B3B1F5801F31D21A4C75
S21400ABB0022127F0D4FA2246394628460DF10F0323
S21400ABC0FEF7BEFE024678B10123424600933946A0
S21400ABD033462846FFF77EFF0446E86B27F058FC0E
S21400ABE0204604B0BDE8F0819DF80F30012BEBD174
S21400ABF02169B142E8D10093414633462846FFF723
S21400AC00ADF904460028DFD1E7E72124E8E7112460
S21400AC10E6E72924E4E700BF784100202DE9F04765
S21400AC2090F8423086B0012B05460391A1EB02074F
S21400AC3040F0AA80FF2F03D81E464FF0640807E0B6
S21400AC400226012B14BF4FF032084FF0640801367D
S21400AC5000244FF6FF79DFF844A195F84230012B27
S21400AC6014BF322364239C4202D35FFA88F40DE0BB
S21400AC7005AB22465146284627F046FC95F842305A
S21400AC80012B059B34D14B452DD1E4B295F84230CB
S21400AC90012B14BF32226422121BB24217D3012E9C
S21400ACA039D10022012B05978DF8132027D10822D1
S21400ACB005A90DF1130027F0E3FE9DF81330059A61
S21400ACC042EA032221462846FFF730FA40B1022323
S21400ACD0324900932846CC23096803AAFFF7FAFEF8
S21400ACE006B0BDE8F087DBB203B902340134B4E73E
S21400ACF0591CCAD09BB2002BF8D10134F6E71022BB
S21400AD0005A90DF1130027F0BBFE9DF81330059A38
S21400AD1042EA0342D6E7039A012B059223D1082381
S21400AD20202205A90DF113008DF8133027F0A8FE98
S21400AD309DF81320120221462846FFF7F7F995F8EA
S21400AD404230611C012BC9B21AD10028BFD1284657
S21400AD50BDF81420FFF7EAF90028B8D10234BDF890
S21400AD601620E1B2AFE71023202205A90DF113004B
S21400AD708DF8133027F084FE9DF813201204DAE7CE
S21400AD800028A4D1059A9EE7B7F5803F4FF001064C
S21400AD90BFF457AF4FF032085AE700BF78410020A3
S21400ADA070B586B00E4605460392A0B390F83430D0
S21400ADB09BB3B1F5801F32D2022127F0D0F931467D
S21400ADC02846184A0DF11703FEF7BAFD044618B9CF
S21400ADD09DF81730032B0ED10223314600932846E8
S21400ADE0CC2303AAFFF776FE0446E86B27F050FB59
S21400ADF0204606B070BD022B0BD10A49284627F024
S21400AE00A5FB039902468142EFD02846FFF706FFCE
S21400AE10EAE76124E9E72124EAE71124E8E72924A0
S21400AE20E6E700BF78410020F7B50C461646054613
S21400AE3068B390F8343063B3B1F5801F2BD202218B
S21400AE4027F08DF921462846144A0DF10703FEF730
S21400AE5077FDC0B99DF80730032B14D0022B14D110
S21400AE600E49284627F072FB471C024639462846FC
S21400AE70FFF7D4FE044606B13760E86B27F008FB00
S21400AE80204603B0F0BD2D24F7E76124F5E7212422
S21400AE90F6E71124F4E72924F2E700BF7841002002
S21400AEA030B50C46054685B028B390F8343023B349
S21400AEB0B1F5801F23D2022127F051F90DF10F03BF
S21400AEC0214628460F4AFEF73BFD034688B99DF803
S21400AED00F20032A0DD00322214600920246284660
S21400AEE0FFF7F8FD0446E86B27F0D2FA204605B0D7
S21400AEF030BD2D24F7E72124F8E71124F6E72924AE
S21400AF00F4E700BF784100202DE9F043466886B399
S21400AF10056898464FF0000CA946AE4655F83C40EA
S21400AF200CF1010CC4F31307013401D0B94217D059
S21400AF30B4450EF1080EF1D12F46002403E0B442CA
S21400AF4007F1080712D055F8343001340133F6D132
S21400AF50C1F3130141EA0851C7E90012BDE8F083C6
S21400AF6041EA0851CEE90012BDE8F083B8F1030FBC
S21400AF7003D101230372BDE8F083002303E0B3424C
S21400AF8009F10809F5D055F833400133C4F30754E6
S21400AF90032CF4D1C1F3130343EA0853C9E9003282
S21400AFA0BDE8F0832DE9F0410646406882B0B8B1AE
S21400AFB00F4690460024336853F8345003EBC4031E
S21400AFC0C5F30752C5F31301013506D05B6830465A
S21400AFD0CDF80080B84718B1706801348442EAD3CF
S21400AFE002B0BDE8F08100BF024B1968024B18683A
S21400AFF0FFF780BBAC6D0020CC6D002008B530F0AC
S21400B00044FF014B186008BDA4410020014B18689E
S21400B01030F036BFA441002073B504462248012A0A
S21400B02000EAC1119DF8185023F07C4007D9961EFF
S21400B030012E28D9073303F07F03194308E09DF853
S21400B0401C300A43DB0603F0C053134343F0604151
S21400B0500023C4E900108DF80730B5B12022214640
S21400B0600DF1070027F00CFD1A220DF10700211D37
S21400B07027F006FD082063689DF8072043EA8263F0
S21400B080636002B070BD1143E2E71B220DF10700BA
S21400B090214627F0F5FC23689DF80720042043EAA4
S21400B0A0C2632360EDE700BF80FFFF0738B5094B9A
S21400B0B00D461A680021044611F09EFD00234FF04D
S21400B0C0FF322383C4E900252361A260E382A376CE
S21400B0D038BD00BFD06604000138C0B205289ABF4C
S21400B0E0014B185C01207047D56604002DE9F0413D
S21400B0F00746154600240E46596888B0490A0129B5
S21400B10022464FEA510104F10104F8D8DC78997818
S21400B11024031B88C90201F4006104F480540C4324
S21400B120C3F30A035203234492B24FF000089C185C
S21400B130274B6FEA0444039325F07843ED4302A9B6
S21400B1400DF107001B2202938DF8078027F098FC6C
S21400B1509DF80720029B02A943EAC2630DF107008F
S21400B1601B2225F07845049302958DF8078027F07A
S21400B17087FC9DF80720029B6FEA144443EAC263EB
S21400B18005934FF0FF330794069307A9BB69012286
S21400B19006F110009847BB6905A90446012206F18E
S21400B1A008009847BB69404518BF044604A9012219
S21400B1B0301D98470122404518BF0446BB693046FB
S21400B1C003A99847404508BF204608B0BDE8F0816F
S21400B1D001009AB238B5104B0546D3F800310C463C
S21400B1E003F00303022B0BD0032B0DD0012B0FD142
S21400B1F02EF0CAFF032305B1286004B1236038BDD2
S21400B2002FF00CF80723F6E730F052FE0623F2E79D
S21400B21001230020EFE700BF0080005038B5134B35
S21400B2200546D3F820010C4600F0070004281AD87B
S21400B230DFE800F003090D111500012305B12860B1
S21400B24004B1236038BD2EF065FF0423F6E72EF028
S21400B2509BFF0323F2E72EF09DFF0523EEE72EF07B
S21400B2608FFF0223EAE700231846E7E70080005036
S21400B27038B5104B0546D3F840310C4603F00303AF
S21400B280022B0BD0032B0DD0012B0FD130F012FE6A
S21400B290082305B1286004B1236038BD2EF0BEFF38
S21400B2A00723F6E730F009FE0923F2E70123002022
S21400B2B0EFE700BF0080005038B5104B0546D3F8C6
S21400B2C060310C4603F00303022B0BD0032B0DD08A
S21400B2D0012B0FD130F0EEFD082305B1286004B134
S21400B2E0236038BD2EF09AFF0723F6E730F0E5FD21
S21400B2F00923F2E701230020EFE700BF008000509B
S21400B30041F6713210B5104C104BA04294BF002489
S21400B3100124D969DA639A6801F4803122F4401274
S21400B32042EA04529A600A4A90420A4AD2F818023E
S21400B3308CBF40F0020020F00200C2F8180209B1EB
S21400B3400022DA6310BD00BF005A620200000350FC
S21400B35080F0FA0200C007502E4B98424AD022D8FE
S21400B3602D4B984240D014D82C4B984239D00AD84E
S21400B3702B4B984232D02B4B98422FD02A4B9842D8
S21400B3802CD000207047294B9842FAD1284B186FD2
S21400B3907047284B98422AD0274B9842F1D1244B2D
S21400B3A0D3F880007047254B98422BD009D8244B01
S21400B3B0984223D0234B9842E3D11D4BD3F88C0000
S21400B3C07047214B984221D003F5740303F51053C0
S21400B3D09842D6D1164BD3F898007047144B986D08
S21400B3E07047134B586E7047114B586F7047104B91
S21400B3F0986F70470E4BD3F8840070470C4BD3F809
S21400B400880070470A4BD3F890007047084BD3F873
S21400B410940070470048E8010024F400C0CF6A009A
S21400B42080841E0000093D0040420F00405DC600BB
S21400B4300080E00FC0EA210180BA8C01007E56032E
S21400B44080D54302006CDC020090D00337B50C4672
S21400B4500021114B0191D3F88031054603F0030318
S21400B460022B0ED0032B11D0012B03D101A8FFF71E
S21400B470D5FE0D210DB1019B2B6004B1216003B0F8
S21400B48030BD2EF087FE05210190F3E72EF078FE02
S21400B49002210190EEE700BF0080005038B5104B47
S21400B4A00546D3F840320C4603F00303022B0BD0BC
S21400B4B0032B0DD0012B0FD130F0FCFC082305B177
S21400B4C0286004B1236038BD2EF0A8FE0723F6E7F7
S21400B4D030F0F3FC0923F2E700231846EFE700BF3D
S21400B4E00080005038B5144B0546D3F800020C46D1
S21400B4F000F0070004281BD8DFE800F003090D1150
S21400B5001500012305B1286004B1236038BD30F072
S21400B510D1FC0823F6E72EF081FE0723F2E730F091
S21400B520CCFC0923EEE72EF015FE0C23800AE9E793
S21400B53000231846E6E700BF0080005038B5144BDD
S21400B5400546D3F808020C4600F0070004281BD86E
S21400B550DFE800F003090D111500012305B128608E
S21400B56004B1236038BD30F0A5FC0823F6E72EF0C2
S21400B57055FE0723F2E730F0A0FC0923EEE72EF095
S21400B580E9FD0C23800AE9E700231846E6E700BF3A
S21400B59000800050032814D005D8012805D00228C2
S21400B5A009D0002005E00F28FBD1084B186FC0F328
S21400B5B0013001307047054BD3F89000C0F30460AB
S21400B5C0F7E7024B186FC0F38020F2E700800050C8
S21400B5D01FB500230193252817D8DFE800F0131ABB
S21400B5E01D272C363B51565B60656A78161A401646
S21400B5F016561A272C27361A5127783B3B3B3B27F3
S21400B60027275B602EF08CFD0190019805B05DF851
S21400B61004FB2EF09FFDF7E72EF082FD0246022087
S21400B620FFF7B8FFB2FBF0F20192EEE72EF092FDC4
S21400B63002460320F4E72EF08DFD02460320FFF7B6
S21400B640A9FFB2FBF0F25208EEE7002101A8FFF7CF
S21400B650FDFEDAE7002101A8FFF7E0FDD5E702933B
S21400B6604FF0E0231B695B0705D52EF073FD0290B3
S21400B670029B0193C9E703A902A8FFF7F9FDF7E7C4
S21400B680002101A8FFF7F4FDBFE7002101A8FFF79E
S21400B69013FEBAE7002101A8FFF724FFB5E7002153
S21400B6A001A8FFF74BFFB0E7002101A8FFF792FDC6
S21400B6B0ABE7094BD3F8803003F00303022BA8D086
S21400B6C0032B01D000209FE72EF064FD9CE70021AD
S21400B6D001A8FFF7E3FE98E70080005008B50120B8
S21400B6E0FFF776FFBDE808400349884294BF012172
S21400B6F00221032000F002B880F0FA02032810B5F9
S21400B7000C4627D004D8012804D0022817D010BD34
S21400B7100F28FCD127F0D2F927F0D8F9124A013CBD
S21400B720136F23F4405343EA043313672EF012FDDD
S21400B7300021FFF7E5FDBDE81040FFF7CFBF0A4A3E
S21400B7404C1ED2F8903023F0F85343EA0463C2F854
S21400B7509030DCE7044A4C1E136F23F4806343EA00
S21400B76084231367D3E700BF008000501FB5002373
S21400B7700193252821D8DFE800F013202020202A76
S21400B7802F454A4F54595E7120203420204A2020ED
S21400B79020202A204520712F2F2F2F2020204F5485
S21400B7A0314B1B6F03F00703013B032B05D8DFE883
S21400B7B003F00C02080A04230193019805B05DF813
S21400B7C004FB0323F8E70623F6E70223F4E700204A
S21400B7D001A9FFF73BFEF0E7002001A9FFF71EFDD9
S21400B7E0EBE702934FF0E0231B695B0705D52EF0CD
S21400B7F0B1FC0B230393039BDEE703A902A8FFF724
S21400B80037FDF8E7002001A9FFF732FDD5E7002055
S21400B81001A9FFF751FDD0E7002001A9FFF762FE5E
S21400B820CBE7002001A9FFF789FEC6E7002001A9A3
S21400B830FFF7D0FCC1E70C4BD3F8803003F00303CE
S21400B840022B03D0032B05D00023B5E72EF082FC95
S21400B8500B23B1E72EF09EFC0523ADE7002001A9DF
S21400B860FFF71CFEA9E700BF0080005008B50320C4
S21400B870FFF790FE034B187027F020F9BDE808404C
S21400B88027F024B9DB62002010B504462EF062FCD7
S21400B8900021FFF735FD1CB1BDE81040FFF71EBFC5
S21400B8A0034B0320BDE810401978FFF727BF00BF01
S21400B8B0DB62002038B50546FFF74EFD204B0446F8
S21400B8C05A68012A04D11F494A609A699207FCD136
S21400B8D00020FFF74BFF042803D127F0EFF827F0EE
S21400B8E0F5F8194A24F0407395421FD0174A95423E
S21400B8F01FD0174AD16811F0060FFBD190689360ED
S21400B90091684B4013F4F81F16D12846FDF766FDE4
S21400B9100020FFF72BFF042810D12EF01BFC00217F
S21400B920FFF7EEFCBDE83840FFF7D8BE43F00073E3
S21400B930DFE743F08073DCE79060E9E738BD00BFDF
S21400B94000C0015000E0015040420F0080841E00FD
S21400B9500000015070B504460020FFF707FF0328DB
S21400B9607CD045F60E030221414AC2F88030414B96
S21400B9709962012103F580539962936DD903FCD433
S21400B980D4E900131B0543EA0163E17B94F82350D6
S21400B9900B43217B43EA0143617B43EA0133A17BEE
S21400B9A043EA811313619169D4E904031B0643EA51
S21400B9B0806301F000410B43A17EE07E0B43217EB5
S21400B9C043EA0143617E43EA01239361E169136A16
S21400B9D0002923F00D0343EA010314BF01210021CF
S21400B9E043EA800343EAC103136294F8203094F8D4
S21400B9F02200916A4FEA431331D194F8216021F076
S21400BA00330143EA06130B4343F0010393621A49DA
S21400BA10174A936D31EA0303FBD10221154B996255
S21400BA20936D5B00FCD41369A16823F4700343EAAA
S21400BA30015313614FF000420E4B9A6118B902226F
S21400BA4003F580539A6215B901220C4B9A6294F85A
S21400BA5024301BB1064B0A4AC3F8802070BD21F083
S21400BA60330129430B4343EA40039362EFE700BFE9
S21400BA7000C0005000D000500300014000E000501D
S21400BA80F1A7FFFF014B93F900007047DC6200202E
S21400BA90014B1880704700BFC67200200C4A10B5D4
S21400BAA01369044643F0040313612EF0C3FE27F027
S21400BAB011F8084B084AC3F8202430BF27F00BF8CB
S21400BAC002F066F91CB9BDE810402EF043BB10BD6D
S21400BAD000ED00E000E003500000FFFF034A01799C
S21400BAE0D36E23F030030B43D366704700400050FC
S21400BAF0F8B504460D461F4616464AB101238B404C
S21400BB003021184A01FB0022F7B141F210015350D0
S21400BB1004EB4403072D4FF00F014FEA031316D82A
S21400BB20A80006FA00F281400F48184426F0D6FF17
S21400BB304EB9012330210B4AAB4001FB042277B1FA
S21400BB4041F210015350F8BD42F21001DFE7A5F1B3
S21400BB500800800006FA00F281400448E5E742F259
S21400BB601001EFE700C0035004C003500CC00350A0
S21400BB70012200F5805310B55A60244B244AC36056
S21400BB8043691340FCD18361C0F89830436913F4CD
S21400BB90401FFBD14369DA052CD4836F53BB43693E
S21400BBA09B0529D4D0F8883033BB0121C26FD0F86A
S21400BBB08C2000F500525160302183600361C3621F
S21400BBC003620167C0F880101249884208D142F229
S21400BBD060041149846401654365846501664366B3
S21400BBE00C49884202D10020102B08D10B4B53621F
S21400BBF0936210BD436FCDE7D0F88430CFE703F1F2
S21400BC00280441F824000133EEE700BF12000200CA
S21400BC10520001000040005A00C002808F330F809F
S21400BC20084608B569B91820FFF7D2FCB0B10C4B2E
S21400BC30984206D90B4B9B68C3F302730133B0FBE3
S21400BC40F3F0094B00F5742000F23F20B0FBF3F050
S21400BC5001387F2828BF7F20C0B208BD0120F0E74A
S21400BC60005A62020040005A40420F000B4B10B5CB
S21400BC70994228BF19460C461AB91820FFF7A8FCA7
S21400BC800246631E1344B3FBF4F0A34228BF00F140
S21400BC90FF30032828BF0320C0B210BD005A62023E
S21400BCA010B51048104C002B08BF04468C4228BF25
S21400BCB00C461AB91820FFF78BFC02469DF8083090
S21400BCC040F2FF300133B2FBF3F2631E1A44B2FBBC
S21400BCD0F4F3A24228BF03F1FF33984228BF184668
S21400BCE010BD00BF80969800404B4C002DE9F04FE9
S21400BCF02DED068BB64D0C4616462946002285B01D
S21400BD000746FFF7B3FF94F805800122804538BF49
S21400BD10804607F500535A6020795FFA88F850B9D4
S21400BD201820FFF755FCA842014628BFB0FBF8F1E3
S21400BD303846FFF775FF4FF00009E37822781B01BD
S21400BD40524202F0020203F030031343627800040A
S21400BD50524202F004021343A27800F4FE0052425C
S21400BD6002F0080213434FEA087202F0E04213435F
S21400BD701843E3882289B8603B616389DFF85CA2D8
S21400BD8043EA02433B62574502D1B9F1020F08D19C
S21400BD90012307F580577B6005B0BDEC068BBDE838
S21400BDA0F08F002235788B488B49B468954218BFCF
S21400BDB001462B468948CDF80080FFF771FF07EB58
S21400BDC009118B6CA2B223F0405323F4EE2323F028
S21400BDD01F0305F003041C43737882424FEA830373
S21400BDE003F01C0344EA0304B37838BF02461B037F
S21400BDF0F07803F4E0432343040404F4E0242343EC
S21400BE0034794FEA091C240704F0405423438B641A
S21400BE108C6C09F1050BC4F30234013C7049042C08
S21400BE2026D8DFE804F0252503101A00D1F8804153
S21400BE30240C2DB3C2F309020AEB0B135A6009F166
S21400BE40010910369FE7D1F88441002DF2D1D1F8D0
S21400BE508C11A4B20914490015E0D1F88441002DD4
S21400BE60E8D1D1F88C11240C091401EB41010AE049
S21400BE70D1F88041A4B2002DDCD1DFED5A7A06E07D
S21400BE80D1F88C11091407EE901AF8EEE77A012122
S21400BE900CF1B44C0CF5804C2304DCF8483024F448
S21400BEA0C045C3F3820C0CF1010C01FA0CF107EE4D
S21400BEB0101A4FEA854548BF45F0004513F01C0FA1
S21400BEC0B8EEC79AF6EE008A454B55D1D3F88C11DA
S21400BED00BB208EE103AB8EEC88A38EE278A9FED05
S21400BEE042AAF7EE049A00285DD1039226F070FE6F
S21400BEF007EE900AF8EE677A87EE8A7AC9EE877AB6
S21400BF0027EE888A039A9FED397AC7EE097A9FED65
S21400BF10387A67EE877AB1EE007AB5F1004F48EED0
S21400BF20077A0BD09FED337A06EE104A77EE876AD3
S21400BF30BAEEE86AF0EE477A56EE267AF5EEC07A62
S21400BF40F1EE10FACBBFF1EE677A78EEE78A77EE7D
S21400BF50E87AFDEEE87AC8BFFDEEE77A17EE901AAB
S21400BF60B1F5003F2ADB6FEA55456FEA45451B48A9
S21400BF704FEA0B1145505DE7D3F8901169EE286A39
S21400BF8009B207EE101AB8EEC77AD3F8881177EE22
S21400BF90677A0BB208EE103A87EEA67AB8EEC88A31
S21400BFA038EE078A9BE7D6ED037AF8EE677A87EED7
S21400BFB08A7AC9EE877A27EE888AA4E711F5003FC9
S21400BFC0AABFC1F3110145F400350D43CFE700BF0A
S21400BFD0005A6202404B4C00809698000040005A7F
S21400BFE00080E00F0000000000007A44000080435C
S21400BFF0000020440000004941F67132034BDA632A
S21400C000012203F50053DA60704700BF00000350BA
S21400C01041F671320121044BDA6303F50052D16018
S21400C0200022DA63704700BF00000350044B186814
S21400C030421C02BF034AD2F894001860704700BF43
S21400C040D06D002000400050CB784A7810B55B01D8
S21400C0500C7843EA82030A79234343EA02130C224C
S21400C060424302F1B0421363012C02BF8A78024BAE
S21400C07043F8202010BD00BFD080035008B54FF015
S21400C080B0435A6802B960B15B680BB126F0C8FDD0
S21400C0904FF0B04130B10120074B586026F0C0FD8C
S21400C0A0C86008BD26F0BCFD0223CB6026F0B8FDB4
S21400C0B00122024B5A60F4E7001000580020005896
S21400C0C04FF0B0414B6810B50BB126F0A9FD012228
S21400C0D00B4BC4785A608378934043EA84034478D1
S21400C0E02343047943EA0413447943EAC4038B6088
S21400C0F0044B5A600378C3F10203CB6010BD00BF47
S21400C1000020005800100058054B5B69C3F38512E9
S21400C110827003F03F021B0B42700370704700BF33
S21400C12000C007500120034B9B680A3303F01F032F
S21400C130984070470080E00F034BD3F82424D3F8D0
S21400C14020041040704700BF00C003502DE9F8439C
S21400C1501E4B0546D3F810334B1E0E2B0E461746C5
S21400C16090F8009044781DD909B34FF0000828468F
S21400C170D7B12FF0A5FE09EB4903072C4FF00F01AE
S21400C1804FEA031315D8A400114808FA04F2A14098
S21400C190184426F04DFDBEB928468FB1BDE8F843D9
S21400C1A02FF08EBE8846E2E726F051FDE3E788468C
S21400C1B0E1E7083CA400074808FA04F2A140E7E7D4
S21400C1C0BDE8F84326F043BDBDE8F88300C0035041
S21400C1D004C003500CC003502DE9F041204B164616
S21400C1E0D3F810234A1C05460C46407804D1D3F8F1
S21400C1F0241426F03AFD0446002C2EDB072C14DC13
S21400C20003274FEA84082A7807FA08F739461548BC
S21400C21002FA08F226F00CFD6A78394602F00302AC
S21400C220114802FA08F226F003FD012316F0050F66
S21400C2300E4A18BF0E4903FA04F30CBFC2F81034B6
S21400C240C1F8103416F0060F18BF094AC2F81434A5
S21400C2500123064AA340C2F820342046BDE8F081F8
S21400C26000C0035000C4035008C4035000E003504D
S21400C27000D0035070B504462BF0D9F8064630B906
S21400C2800FCC044D0FC594E80F0085E80F0030462C
S21400C29070BD00BFA841002047F6FF739A42F0B574
S21400C2A070D0022970D8394B5B5C022B6CD8384DA5
S21400C2B0DE0005EBC304A77815F83330012F3946A6
S21400C2C038BF0121012B16D1E078401A00218842A0
S21400C2D005D8012F2CBFC0190130C0B2F0BD431ADB
S21400C2E06568A0EB530335F913509542D4BF194641
S21400C2F003F1FF30EBE760680028EFD0B0F90040AC
S21400C300944204DBB0F902409442B8BF14468388D6
S21400C3103544FF2B19BFC8232827B0F90630B0F9DB
S21400C3200870A3EB04030CBF0122002293FBF7F373
S21400C3306E7813441BB29E4201DD002B01DA731E99
S21400C3401BB24FF47A7C00EBC305EA88AD685F1C2D
S21400C35014FB02521D4622EAE2723BB25C329E4257
S21400C360B2FBFCF204DD00EBC307BF889742EAD2BB
S21400C37000EBC5039888904228BF1046884238BF15
S21400C3800846AAE7FF20A9E70020A7E7DB66040027
S21400C390A84100200229F0B560D8314B595C02292B
S21400C3A05CD8304B13F83100012816D103EBC103DB
S21400C3B09C78D878012C214638BF0121904294BF42
S21400C3C0C1EB0001C1EB0201001BCAB28242C8BF2A
S21400C3D000225B6833F91200F0BD002A3CD003EB64
S21400C3E0C1035968002939D09878904202D3B1F930
S21400C3F00200F1E7DC78B1F900009442ECD95C78F1
S21400C4008B88013CA3F1FF06734201F10405E4B2F8
S21400C410734101F10C07DEB2B44216D805EBC30334
S21400C4204FF47A756A43B3F902405B68D21A04EB9C
S21400C430D47302EB630292FBF4F29042CCDBB1F9C8
S21400C44002009042C8DC10B2C6E737F833C05E1C64
S21400C4509445E3D33346DEE70348BDE70348BBE72E
S21400C460DB660400A84100200CFEFFFF0080FFFFF3
S21400C47008B50448FFF7FEFEBDE8084001202AF094
S21400C480DCBF00BFE06604007FB51422002101A8CF
S21400C49010F0B2FB044B01A94FF0FF3002932BF0D3
S21400C4A012F807B05DF804FB006A18002DE9F041A9
S21400C4B08CB08846DDE912761D460446002847D033
S21400C4C0002945D0002F43D0002E41D013F00F0393
S21400C4D03ED120482049A360002A08BF01462362B7
S21400C4E0C4E90013404609A926F051FC68BB204663
S21400C4F009992FF040FD294620462FF03CFD69465D
S21400C500404626F0D3FC00BB6946204626F0FEFCDB
S21400C510404603A926F0D5FCB8B9204603A926F064
S21400C520F5FC06970127204645F0005506A9079713
S21400C530089526F0EBFC204609A909960A970B9564
S21400C5402FF03FFD20462FF0F9FC0CB0BDE8F0813F
S21400C5502120FAE700010004000101042DE9F04F54
S21400C56097B0894690461F460546DDF880A000280D
S21400C57000F0BB80002900F0B8803AB1229B002B67
S21400C58000F0B380239B002B00F0AF80BAF1000FC1
S21400C59000F0AB80219B002B00F0A78067B13C68C1
S21400C5A00026229B43440293464507D307B13C60CE
S21400C5B0002017B0BDE8F08F3C46F1E75CB1229B47
S21400C5C0219A9B5D125D01345340239A04F00F04B8
S21400C5D093550136E8E7A8EB060BBBF10F0F58D9C9
S21400C5E0434B4846C5E90034AC602C6213A926F0DC
S21400C5F0CEFB0028DDD1284613992BF00F0B2FF029
S21400C600BAFC594628462FF0B6FC484604A926F040
S21400C6104DFC0028CDD1284604A926F077FC4846D4
S21400C62007A926F04EFC0028C3D1284607A926F005
S21400C6306DFC012322992F4ACDF828A00B930C926B
S21400C6408A190D9228464BF000520AA90E930392BF
S21400C6500F9226F05BFC28460DA926F057FC239B7C
S21400C660039A99190123109111931292214A284690
S21400C67010A9CDF84CA0149315922FF0A2FC2846D2
S21400C68013A92FF09EFC28462FF058FC5E44002885
S21400C6908FD1229B03EB060B239B1E44029B9B45DC
S21400C6A001D1464680E7ACB9219B2246CDE900A3DE
S21400C6B0494610232846FFF7F9FE00287FF479AF95
S21400C6C00AF1100212F8013D0133DBB213700BB908
S21400C6D05245F7D1219A1BF8013B125D01345340B5
S21400C6E006F8013B04F00F04D8E7212061E700BFFD
S21400C6F003030004100000207FB50E461D460446C6
S21400C700F0B102B9E3B901230192029345F0005358
S21400C710039300230B4AA360C4E900232362204648
S21400C72001A926F0F3FB314620462FF024FC2046D4
S21400C73029462FF020FC20462FF000FC04B070BDE8
S21400C7402120FBE700000943084B984202D0084B23
S21400C750984207D10B88B3F5105F14BF6FF08500C1
S21400C760002070476FF08500704700BF004440040B
S21400C7700013C0041038102808D8064BC34013F026
S21400C780010F0CBF6FF08600002070476FF0860028
S21400C790704700BF010101002DE9F04FA7B008AFB8
S21400C7A0CDE90501DDE93295DDE9346A002107921D
S21400C7B0384610229846DDF8D8B010F01DFA102240
S21400C7C000210CA810F018FA069B2BB96FF086040F
S21400C7D0204627B0BDE8F08F079B002BF6D0B9F1B6
S21400C7E0000F01D1002DF1D1309B13B9319B002BE6
S21400C7F0ECD116B9BAF1000FE8D1BBF1000FE5D0C5
S21400C80040460599FFF7A0FF04460028E0D1014600
S21400C81028221CA810F0F0F92022214614A810F0B7
S21400C820EBF91CA82FF09DFB002840F0AF80DDE957
S21400C8300612059814AB26F0B5FB04460028C7D1AF
S21400C8401498FFF797FF04460028C1D115B9CBF816
S21400C8500000BDE7B14518D209EB05039E4214D28D
S21400C8605545B3D82A464946304610F017FA554B78
S21400C870984526D006D3544B984524D003F54073EC
S21400C880984520D06FF08504A2E74F4B98451BD003
S21400C89003F54073984517D04A4B9845F2D1554555
S21400C8A094D815F00F0291D12B46CDE9009614A925
S21400C8B01CA8FFF7FBFD814600285CD1CBF8005092
S21400C8C086E7B146EDE7B1461022002110A810F029
S21400C8D093F955453FF67AAF3C4B9845319B39D195
S21400C8E00D2B7FF473AF01238DF84030309B0DF194
S21400C8F0410203F10C0153F8040B8B4242F8040B7F
S21400C900F9D11B78137001238DF84F3015F00F08FE
S21400C91042D025F00F034B440DF1300C03F1100EFE
S21400C920624618685968083303C273459446F7D1BF
S21400C9300F2D33D825F00F03334403930CABCDE90A
S21400C940017310AB00934246002314A91CA8FFF7FE
S21400C95005FEB0E7102B7FF439AF309B10AA03F129
S21400C960100E9446186859680833ACE803007345FF
S21400C9706246F6D1CAE752460021304610F03CF92E
S21400C9800023B9F1010FCBF8003002D06FF092040B
S21400C9901EE76FF08B041BE70F2D8FD910ABCDE988
S21400C9A0029600930197002325F00F0214A91CA8F5
S21400C9B0FFF7D4FD81460028DDD1B8F1000F3FF423
S21400C9C07DAFB7E7004440040010C0040013C00465
S21400C9D02DE9F04F8A46A1B00021DDE92A56DDE9AF
S21400C9E02C790590934606A81022984610F004F974
S21400C9F0102200210AA810F0FFF8BAF1000F05D1A6
S21400CA006FF08604204621B0BDE8F08FBBF1000F22
S21400CA10F6D00DB9002EF3D117B9B9F1000FEFD14A
S21400CA202E9B002BECD040460599FFF78DFE044662
S21400CA300028E7D10146282216A810F0DDF82022AB
S21400CA4021460EA810F0D8F816A82FF08AFA00286B
S21400CA5054D15A46514605980EAB26F0A3FA044622
S21400CA600028CFD10E98FFF785FE04460028C9D1CE
S21400CA7016B92E9B1860C5E7BD4216D2AB199F4269
S21400CA8013D24E45BCD832462946384610F006F931
S21400CA903A4B98455BD003F54073984531D0384BF8
S21400CAA0984511D06FF08504ACE7344B98454FD0CD
S21400CAB003F54073984525D0314B9845F2D14E4545
S21400CAC003D96FF089049DE73D46330798D1334676
S21400CAD00122CDE900570EA916A8FFF7E7FC2E9B0A
S21400CAE005461E6000288DD04A460021384610F0C4
S21400CAF083F800232E9A012D13603BD06FF092042A
S21400CB0080E73D460D3E4E45DBD801238DF82830A4
S21400CB102B460DF1290205F10C0153F8040B8B424C
S21400CB2042F8040BF9D11B780D3513704FF480735F
S21400CB30ADF8363006AB01930AAB009332460023BD
S21400CB40CDE902570EA916A8FFF708FDC7E73D4630
S21400CB50103E4E45B5D82B460DF1280C05F1100EAB
S21400CB60624618685968083303C273459446F7D17D
S21400CB701035DFE76FF08B0444E700BF0010C004F9
S21400CB800044400410B54FF42F720021044610F004
S21400CB9033F88023C4F88C30054B04F19C00C4F8AD
S21400CBA08430012384F88830BDE8104025F046BA6A
S21400CBB0C0CE030010B5D0F8A0400A468CB926F0C7
S21400CBC007FC044610B90024204610BD2D2896BF49
S21400CBD0064B074953F82010064A074826F03EFD44
S21400CBE0F2E7D0F8A4101046A047ECE7CC670400A4
S21400CBF0C3CE0300D0C90300F3CF0300F8B590F806
S21400CC008060044616B100263046F8BD26F013FABA
S21400CC100028F8D1012384F8803094F8883033B1A6
S21400CC20D4F884101F4884F8886026F017FD4FF06B
S21400CC30FF37D4F8B402421C1FD0C4F8B47210F008
S21400CC40FF052CD0204626F0F3F92946204600F0B2
S21400CC50A7FB0028EDD0204626F0F8F994F8883097
S21400CC603BB1D4F884100F4826F0F8FC002384F873
S21400CC708830002384F88030C6E726F0D4FC431CB6
S21400CC80DDD1D4F88C30D4F89420013B9A4204DBF2
S21400CC90054A0649064826F0E1FC0126E9E7012692
S21400CCA0C7E700BF95E10300D0C90300D1CE03005B
S21400CCB0F3CF0300F8B50B780446302B0D46164626
S21400CCC004D14B7803F0DF03582B11D0284F6A1E8F
S21400CCD012F8011F002934D128460A220FF07CFEE4
S21400CCE0202C03460D4631D1B1FA81F040091AE0F6
S21400CCF04A1C1F4912F8013F8BB928460FF078FEF0
S21400CD001C4B02382340032B12D10134A41084425A
S21400CD100AD1A87837288CBF0020012003E0CB5C1E
S21400CD2013F04400E6D1F8BDCCBF01200020FAE79E
S21400CD30002CB8BF0334B0EBA40FD4BF01200020F2
S21400CD40F1E77B5C13F00400C2D1ECE726B10843A0
S21400CD5002D0013B61F100050122A240013A1A40CF
S21400CD60002D08BF9A420CBF01200020DBE700BF61
S21400CD70358E040003000080F0B5037801467B2B57
S21400CD8017D10646022400220B4F16F8015F7D2DB0
S21400CD9005D10B5D6BB9D24302F0010008E07B5D64
S21400CDA013F0440002D001320134EEE7202DFBD010
S21400CDB0F0BD0020FCE700BF358E040070B50646C7
S21400CDC00D460FF015FE0446304626F047FC044E8E
S21400CDD0AC4200D370BD304626F040FC0134F7E785
S21400CDE06DD803002DE9F84F044602215148FFF79D
S21400CDF0E5FF1E212068FFF7E1FF6368586826F00C
S21400CE002DFC4D4826F02AFC67683B7BFD2B12D88C
S21400CE10D7F808804FF0FF3640460FF0E9FD05468C
S21400CE20DFF81091DFF870A1DFF84CB10C3717F877
S21400CE30013BFF2B01D1BDE8F88F212B18D8212B01
S21400CE4036D8DFE803F0377274111B1D1F21353505
S21400CE50353535353535232527292B2D2F313535D5
S21400CE603535353535353D33344C002D2BD12EE058
S21400CE70334C344AFE2B08BF1446F6E7324CF4E730
S21400CE80324CF2E7324CF0E7324CEEE7324CECE74D
S21400CE90324CEAE7324CE8E7324CE6E7324CE4E75D
S21400CEA0324CE2E7324CE0E7324CDEE7324CDCE76D
S21400CEB0234CDAE7314CD8E726F0C4FB01362AE0EB
S21400CEC0002DB4D02E4C202B06F10106AFD0022147
S21400CED04846FFF773FF1E214846FFF76FFF504690
S21400CEE026F0BCFB5946204610F0DCF82549002801
S21400CEF018BF2146244826F0B1FB3B78202B02D1F0
S21400CF002B2026F09FFB214826F0A8FB4DB118F8F1
S21400CF1006301F2B05D018F806001F2801D0AE4299
S21400CF20CADB054826F09AFB81E7194C9DE7194CA9
S21400CF309BE700BF811B0400D0C903007BCF030022
S21400CF408DCF0300B3EB0300D8CF0300DFCF030081
S21400CF50D0CF0300CCCF0300C3CF0300B9CF03006C
S21400CF60AFCF0300C4CF0300BACF0300B0CF030097
S21400CF70A5CF03009ECF030095CF03007ACF030012
S21400CF8080CF03008BCF030095E1030004D303009A
S21400CF90D7CF0300DECF03009BEC03002DE9F04F54
S21400CFA09BB005468B460024009203930FF020FDAD
S21400CFB0249F039B04901C6028463C600AAA09A98B
S21400CFC026F06EFB064658B90A980FF011FD344657
S21400CFD0B046039B1860D5F89C300293029B1BB9A1
S21400CFE020461BB0BDE8F08F029BD3F80890B9F13D
S21400CFF0000F6CD02E4416F8013B202B11D00026D3
S21400D0000C23734309EB030A59F803300193002BF2
S21400D01058D0099B434555DB9AF808202AB1721C64
S21400D02039E03B6801333B60E5E73968D5F8942082
S21400D0300793039B521A1A601AAB03EB880151F848
S21400D040403C0199184605930FF0ECFF0690002827
S21400D050E5D101980FF0CCFCDDE906230146DAF8AD
S21400D0600400D7F800A090F80CC0BCF1FE0F16D153
S21400D07003F1FF3EC64512D0D0F800900598019205
S21400D0800FF0B6FC0AF1010A019A50442B5C23B15A
S21400D090386008F101081646B2E70130F6E7D5F821
S21400D0A094200591A2EB0A028A4220DC58460FF033
S21400D0B09FFC059901447B290DD958461F4A0099C3
S21400D0C024F0E3FF2B46049A2A4493422CD1029B79
S21400D0D01B68029382E7DDE90012584624F0D5FF6C
S21400D0E05846174A0099013424F0CFFF97E7BCF161
S21400D0F0FE0F94D1013B434591D1D0F800A0DFF854
S21400D10040905AF80C2B22B9049B3B60039B1A6094
S21400D110D8E75846009924F0B8FF4A465846009982
S21400D12024F0B3FF0134ECE713F8011B0029CCD13F
S21400D1304FF0200103F8011CC7E700BFE5CF03004E
S21400D1406DD803002DE9F047002486B01C60DDE9A9
S21400D1500EA8064689468AF800401168154888F8E1
S21400D160004017461D468DF81740FCF7A5F818B97D
S21400D17001242B6801332B600020D6F89C6036B95A
S21400D18014B1012388F8003006B0BDE8F087B06817
S21400D19068B14B460021CDE902A8CDE900750DF136
S21400D1A0170226F0B4F89DF81730002BE8D1366841
S21400D1B0E5E700BFEACF03002DE9F0470446ADF5EA
S21400D1C0447D8022002104A802AF0FF015FD8022C6
S21400D1D02046009703AB04A9FFF7E0FE01283DD1E7
S21400D1E004A80FF005FC03993B68461A0B4426EA90
S21400D1F0E6762344054604A83246014418460FF056
S21400D2008BFE00228255D4F89060039B3968D4F8D0
S21400D21090201944B14212DCD4F89410E81A024463
S21400D220C4F89020014404AAC4F89410D418251811
S21400D2302B1B002B0DDC0DF5447DBDE8F087A05CB4
S21400D24026F000FAD4F8903001360133C4F8903056
S21400D250DBE714F8010B26F0F5F9E9E7EBDD24AD82
S21400D2608022002128460DF5887A0FF0C5FC0DF1C6
S21400D27010094FF40072002150460FF0BDFC4FF02D
S21400D28001084A46002312F8016BA6B904A84AF81A
S21400D29028300FF0ADFB2946334698451CDB19F8BD
S21400D2A0016B0DF5887C5CF8042B82420CD101F8EA
S21400D2B0016B0133F1E7202E03F1010304BF4AF8A6
S21400D2C0283008F10108DEE70DF1100E7244D25C3A
S21400D2D0B242E8D00022EA54D4F89060039BB342EE
S21400D2E02FDC23462C4A04A92C4826F0B7F92846FA
S21400D2F00FF07EFB0646039B3F68F61A1F4426EA9D
S21400D300E672E01917441D44E11904F190039942AE
S21400D3103CD904F19803984238D26A1E81190B1A38
S21400D320002B27DD12F8013F00F8013BD4F89030BF
S21400D3300133C4F89030D4F894300133C4F89430F4
S21400D340EDE7D4F890300136E05C26F07BF9D4F8AF
S21400D35090300133C4F89030C0E7D4F89020013BF9
S21400D3600132C4F89020D4F894200132C4F89420F6
S21400D370002BF2DC00232E44E355731B002B7FF7B3
S21400D3805AAF15F8010B26F05DF9F6E729460FF0BF
S21400D390C3FD3346ECE700BFC0CE0300EFCF03006B
S21400D3A02DE9F843D0E9245604460F46002294F8A7
S21400D3B09830012B07D10A2F07D1002384F8983024
S21400D3C00020BDE8F88300F29F801B2F01D10223C6
S21400D3D0F4E70D2F0DD1012384F898300D2026F0A8
S21400D3E031F90A2026F02EF900230120C4E924335F
S21400D3F0E7E74FF00008082F84F8988034D14545B9
S21400D40030DDB5420FD1384626F01CF9202026F034
S21400D41019F9013D384626F015F9013E04F8058055
S21400D420C4E92456CCE7FBDA05F1FF39384626F086
S21400D43009F904EB0903A6EB0902611918460FF077
S21400D4402DFC04F806800146013E484826F006F901
S21400D45035464D4501DC4D46E2E7082026F0F2F859
S21400D460013DF6E7ACD0DBE77F2F1CD1002EA7DD11
S21400D470B542A5DA6319691C21441846721B0FF0E1
S21400D4800DFC04F806800146394826F0E7F8082027
S21400D490013E26F0D7F8B542F9D1D4F89430013BD6
S21400D4A0C4F894308CE70A2F98D0092F03D1204671
S21400D4B0FFF782FE84E7D4F88C30013BB3427FF757
S21400D4C07FAFB54204EB050805F101090CDB3846D1
S21400D4D088F80070D4F89430C4F890900133C4F8FB
S21400D4E0943026F0AFF86BE74146721B04EB090058
S21400D4F00FF0D4FB404626F0B1F80820013E26F097
S21400D500A1F8B542F9DDE2E7022B06D15B2F01D187
S21400D510032353E784F8982049E7032B7FF450AFA2
S21400D520413F84F89820032F3FF64AAFDFE807F024
S21400D53002070A160121204626F035F840E74FF08C
S21400D540FF31F8E7B542BFF63BAF605D26F07AF8EC
S21400D550D4F890300133C4F8903031E7002D7FF7CF
S21400D5602FAF013D0820C4F89050BAE7F8CF03006B
S21400D570F2D3030008B50248FEF79CF9002008BD68
S21400D58000B4C40430B58BB06C46174D0FCD0FC435
S21400D5900FCD0FC495E8030084E80300134BD3F8BF
S21400D5A04C2112031CD5A3F5FE431C884FF6FF73CF
S21400D5B09C4208BF8C248DF81940FEF763FA20447D
S21400D5C080F308008DF818000948FBF70DFF684641
S21400D5D0FEF7C0F93220FEF75BFA00200BB030BD34
S21400D5E0D3F85041E4B2E6E7846804000080E00F18
S21400D5F000F049020028ACBF00F16040064B4FEA3D
S21400D6000111C9B2ABBF00F5614000F00F0080F811
S21400D61000131954704700BF14ED00E008B52EF053
S21400D62041FC0B4B1A7872B901221A702EF035FCA9
S21400D6306FF0040210460132052152B2FFF7DAFFFE
S21400D6403D2AF7D108BDBDE808402EF026BC00BF35
S21400D650DD620020002807DB01234109034A00F0B1
S21400D6601F00834042F82130704700BF00E100E011
S21400D670054B421153F8223000F01F0023FA00F049
S21400D680C04300F00100704700E100E0002808DB1E
S21400D69001224309034900F01F008240603341F82D
S21400D6A02320704700E100E010B504462EF0EDFBA5
S21400D6B0024B1C602EF0E4FB002010BDD041002081
S21400D6C010B52EF0E2FB034B1C682EF0D9FB20466B
S21400D6D010BD00BFD041002038B50C4615460146A7
S21400D6E010B9FFF7EDFF01462B46224603480EF021
S21400D6F093F90028D4BF3720002038BDF737030041
S21400D70008B500F0E3FB18B16A2102482EF0BFFC12
S21400D710002008BDFDCF030008B500F049F80C4A0C
S21400D720536A43F470235362EFF308834FF0CD310E
S21400D730084A043B934208D200F070FAFFF7E0FF75
S21400D740BDE808400448FEF795BD43F80419F1E724
S21400D75000ED00E008000020E066040007B50422A3
S21400D76000200DEB020129F026FE042803D0D72165
S21400D77004482EF08CFC019800F0DCF903B05DF84C
S21400D78004FB00BFFDCF0300082310B50C0A414080
S21400D7900648C9B241F30002013B024013F0FF0302
S21400D7A082EA5101F6D184EA010010BD2083B8ED6B
S21400D7B038B5FEF73BFC044625F02CFAE3072AD4DE
S21400D7C001221046114600FA01F3234002F101023D
S21400D7D023D01D4B33F811301C48062B0288448892
S21400D7E01B4920D14FF20F039C4219D1B2F5406F6E
S21400D7F028BF4FF4C0624CF23C330A80438040F2AC
S21400D80001730A889A4201BF124B134AD2E90001FB
S21400D810C3E9000115E00021DBE7102AD2D1DBE7DF
S21400D8204FF4C062E7E740F20725AB420AD14FF259
S21400D8300F05AC4206D19A4204D14CF23C320B8022
S21400D840428038BD0B80DAE7486A0400F0690020A1
S21400D850265D0020D4410020E8690020014B18888E
S21400D860704700BF265D0020014B1888000A7047ED
S21400D870265D0020044B05481B881A0AB3F5406F46
S21400D88038BF00EB82007047265D0020186A04004F
S21400D890044B1888044B020A53F82230C0B203EB3C
S21400D8A080007047265D0020E869040010B5044635
S21400D8B02EF0EFFA4FF20F02044B1C805A80BFF393
S21400D8C05F8FBDE8104025F060BF00BFF069002004
S21400D8D06D4A2DE9F0416D4B55686D4C5D65516A9A
S21400D8E099656C49D1F80002D865D1F80412586BD6
S21400D8F01966916A10F0040F5966D16A4FF000005D
S21400D9009966116BD966516B1967D26BD8645A67E2
S21400D910D3E90E1218BF11465F4A91421A655DD3CD
S21400D92001F12000A04259D88869C5F3080518649B
S21400D930CE69062D5E6455D1584DA84252D3584D37
S21400D940A8424FD205884DF6426085424AD11868F3
S21400D950C3F890005868C3F8940040F20170A242E1
S21400D960154604D22E680432B6F1CD3FF7D0002219
S21400D970C3E91E22C3E92022C3E92222641BDFF882
S21400D9801CC1434DDFF818E19C648D422DD8D3E9C5
S21400D9901EC7D3E92065D3E922414FF0000E013AB5
S21400D9A0D2B2FF2A3CD1BEF1000F05D0C3E91EC794
S21400D9B0C3E92065C3E92241B3F85430C3F3080332
S21400D9C00C2B3BD8022B54D9DA1E092A51D8DFE893
S21400D9D002F03157404350505050504D0021C3E99B
S21400D9E010112D494FF42060B9E755F8044D6445F1
S21400D9F0CBD37445C9D2E607C7D50026294F57F8BA
S21400DA00048FA045C1D00136062EF8D132B1013AB6
S21400DA10D2B202F11E0643F82640B6E70522F8E722
S21400DA20E0464FF0010EBC4637462E4625460C46CD
S21400DA304146B4E740F60120BDE8F0813B2B18D103
S21400DA40194B9B6913F0020F40F2025318BF184699
S21400DA50F2E740F60320EFE740F6042240F20173B7
S21400DA60B0F5206F0CBF10461846E5E740F60520D7
S21400DA70E2E740F60722013B4B2B98BF1046DBE758
S21400DA8040F60220D8E700BF00ED00E0586900200D
S21400DA900810002000E100E008000020D04200004E
S21400DAA0A0C40300CC6900200080015A00F00CB826
S21400DAB000F00AB800F008B800F006B800F004B8A5
S21400DAC000F002B800F000B872B61EF0080F09D0D9
S21400DAD01EF0040F0DD0DFF850E0AEE8FF1F6FF029
S21400DAE002000CE0DFF840E0AEE8FF1F6FF00E002B
S21400DAF005E0DFF834E0AEE8FF1F6FF00600694689
S21400DB00EFF309828EE8070086460848084C8545EC
S21400DB1001D3A54501D384F30888FFF7D9FE84F323
S21400DB200888FFF7C3FE0000586900204800002060
S21400DB30081000204BF6EF6283B2002B08BF134696
S21400DB40044A000C13804FF6CE2308BF1846024B3B
S21400DB5018807047CA720020C87200200B4BB3F9B9
S21400DB6000201888002AB8BF80F0620042001A80A1
S21400DB70074AB2F9001013880029BCBF83F480530B
S21400DB8083F00B035900118058407047CA7200207A
S21400DB90C872002007B5684600F01AF8DDE90001F3
S21400DBA00022034B03B05DF804EB26F0EAB800BF92
S21400DBB0DC41002007B5009313460A460146034899
S21400DBC025F093FE03B05DF804FB00BFDC410020A7
S21400DBD00249034A0160521A42607047907300205F
S21400DBE00000012000487047DC41002038B5416045
S21400DBF004462EF04AF905462146044824F021FA48
S21400DC002846BDE838402EF03BB900BF044200204D
S21400DC10014824F013BA00BF044200200222014B40
S21400DC201A6770470040005070B52EF02EF9174E58
S21400DC30054617482EF0D4F93378CBB900F046F9EC
S21400DC40044620B128462EF01BF9204670BDFFF78B
S21400DC50DFFF2EF08FFA0F4B1C602CF067FF0E4B89
S21400DC600E4A1860536F43F00103536726F0A5F879
S21400DC7000F028F826F0B8F8094B002418600123B5
S21400DC80284633702EF0FCF8DFE700BFE96200207C
S21400DC90C0680400084200203042002000400050C7
S21400DCA00C420020054B1B685843054B00F57420BA
S21400DCB000F23F20B0FBF3F0704700BF3042002078
S21400DCC040420F00294B2A4AD3F8003170B503F0C2
S21400DCD0030313602CF0C0FC4FF4C870FFF7E2FF9C
S21400DCE00022244B24491860244C0B680132D2B21F
S21400DCF00A2A44F8040BF9D1034400EBC00003449D
S21400DD000B601F4B1F4D1B7813B3184BD3F8003115
S21400DD1003F00303022B22D0032B23D0012B17D1B1
S21400DD202CF032FA024698B1174B184EDC680023E6
S21400DD301946C4F30B04013404EB84040138E4FBF5
S21400DD4006010EF0EDFBFFF7ADFF2B6803442B60DA
S21400DD501F20FFF7A7FF2B6803442B6070BD2CF035
S21400DD605DFADFE72EF0A4F8DCE700BF0080005085
S21400DD707042002034420020384200203C420020FE
S21400DD80ED6200206842002000C0015040420F00B3
S21400DD900122154B10B55A67144B154C1B7813B35C
S21400DDA002202EF0D8F9F0B12CF046FFD8B1A36DC2
S21400DDB0D90302D5E36D9A0715D40D4B9B6DDB078F
S21400DDC011D401220B4B1A702EF0B9F9BDE81040A1
S21400DDD0094B0A4A1860136F23F0070343F0030346
S21400DDE013672CF0B7B910BD00D00050EE620020CB
S21400DDF000C00050EB62002064420020008000500B
S21400DE000122014B1A707047EE62002007B5FFF73B
S21400DE10C1FE01A8FEF778F99DF80530012B25D143
S21400DE20234B9A6DD20311D45A6B6FF3162242F429
S21400DE30BC1242F4A0625A631A6B22F4704242F497
S21400DE4040421A631A6B42F4E0621A639DF804308B
S21400DE5063B94FF000531B68164B1B68164B1B68C4
S21400DE60164B1B68164B1B68164B1B68164AD2F8D7
S21400DE70803043F00303C2F8803025F0BDFFFFF783
S21400DE80CDFBFFF777FBFFF77DFB0DF00FFEFFF7EF
S21400DE90CBFE00F01BF825F0B0FFFFF73DFC25F0A9
S21400DEA0BBFF29F0B8F803B05DF804EB25F0A6BF79
S21400DEB000C00050004000200080002000C000206D
S21400DEC000000120004001200080005070B52DF0B9
S21400DED0E9FF144E05463478FCB9134B1C60134B0F
S21400DEE01C60134B1C6000F031F801202CF092FFF0
S21400DEF02CF084FF0F4B0246186020B928462DF000
S21400DF00CCFF232070BD234640F2E7310A480EF0CE
S21400DF1007FB0A4B18600123337028462DF0BDFF1F
S21400DF200020EFE7F1620020804200207C420020C3
S21400DF30884200208442002018FCFFFF7842002020
S21400DF40014B1868704700BF784200201FB50024B8
S21400DF50184B18689A880290D3F806009B7A0090AF
S21400DF601548ADF80C208DF804302EF039F802A8CC
S21400DF708DF808408DF80C40FEF7A2F8694601209F
S21400DF808DF80040FEF760F81F220C4B9A615A612C
S21400DF904FF0B042936A13F00803FBD113620120DE
S21400DFA0FEF76CF80A20FFF771FB0A20FFF752FB1A
S21400DFB004B010BD716A0400B86804000020005860
S21400DFC010B52DF06FFF4FF0B04304465B691A079B
S21400DFD0074A03F0010003F00D0348BF40F00200BB
S21400DFE053612CF03FFE2046BDE810402DF055BF93
S21400DFF00020005821282DE9F341054604D82C4678
S21400E000204602B0BDE8F08100240B4E0B4FDFF82F
S21400E01030800023CDF800801A461946386824F070
S21400E02059FB8442EBD2222CE9D056F8043BAB4293
S21400E030E6D00134EDE700BF906D0400CC6D002003
S21400E040FFFF0F002DE9F04F644E654D89B025F0B7
S21400E0502FFF31682868FCF74DFB0446002827D0C0
S21400E06033680024D3E900019A6912689047336840
S21400E07004A89B699B689847336802209B69DB6805
S21400E0809847326805985368E7B2B3FBF0F3BB4293
S21400E090916904F101044ED8CB6800209847336894
S21400E0A09B695B68984731682868FCF723FB044641
S21400E0B00027DFF844A1DFF84481DFF84491F4B983
S21400E0C0484B2868DB5D002B00F08380D8F80060A2
S21400E0D002AB314603AAFCF78FFC2D2807D070B997
S21400E0E0039B012B0BD031462868FCF7D9FEDAF8E3
S21400E0F0003031461A682868FCF752FE044601379D
S21400E100222F0AF1040A08F1040809F10109D6D100
S21400E110B4FA84F3344A5B0913702B681B7C33B162
S21400E12025F092FE18B1DB2130482DF0B0FF2046D6
S21400E13009B0BDE8F08F12680B6907FB002098470E
S21400E1409FE7D8F8003003AA194402AB0191FCF708
S21400E15053FC2D28034601992BD0286813B30BF1E6
S21400E160010B5FFA8BF18E422868EAD8204BDB5D04
S21400E170002BC4D0F3B27E2B2868C0D8D8F8003065
S21400E18003AA06EB030B594602ABFCF735FC2D2819
S21400E190B5D059462868FCF783FE013604460028A9
S21400E1A0E8D0ACE7039B7BB999F80020029B9A4223
S21400E1B0D5D099F80030DAF800202868FCF7EAFC99
S21400E1C00028CCD00446D1E70191FCF769FE0199FE
S21400E1D0EFE7084BA346DE5DC3E700BFAC6D00204B
S21400E1E0CC6D00206C6D0400F362002084D0030028
S21400E1F04A6D0400066D04007C6A0400906D0400FD
S21400E200286D0400F8B51F46214B04461B780D46C2
S21400E210164623B100F47E23B3F50E2F2BD02046EE
S21400E220FFF7E8FE2128044614D81A4B53F82010AE
S21400E230194B1B78ABB1194B212C18681DD8184BFD
S21400E2401B5DD3B13268FCF7ABFD044650B125F038
S21400E250FAFD07E0FF2807D93A46314680B225F096
S21400E26006FB00242046F8BD4FF4A9710D482DF09A
S21400E2700EFF0021DCE70146DAE77F2D08BF002508
S21400E2803B46324651FA85F1FCF784FCDDE700BFD9
S21400E290F2620020906D0400F3620020CC6D002036
S21400E2A06C6D040084D0030030B5134600F07E6227
S21400E2B0B2F17E6F8BB00DD10A46C0F30B016846F3
S21400E2C0FEF71AFA20B140F2931109482DF0DFFE4E
S21400E2D00BB030BD5A0825F0B9FD0028F8D04FF431
S21400E2E09C7103480BB0BDE830402DF0D0BE00BF97
S21400E2F015D103002DE9F743C70705460E46144619
S21400E30004D540F2E31149482DF0C1FEE10704D5DB
S21400E3104FF4F27145482DF0BAFE454B93F8008055
S21400E320B8F1000F20D043F260239D4208D1224668
S21400E330314640480EF0F0FD002003B0BDE8F08303
S21400E340C5F30B0705F44055B5F5805F14BF4FF4D1
S21400E3500F204FF40E20234632467F21384303B069
S21400E360BDE8F043FFF74EBF05F47043B3F5805F9A
S21400E3703FD1C5F30B05304A05F17E65631E2B447D
S21400E380934230D82F46DFF8A49007EB04084745A1
S21400E39042D1AA070ED04FF6FF7336F8022BA81EFE
S21400E3A043EA024304220DEB02010193FFF77CFFD0
S21400E3B00235023CA3070ED0023C24F00103F35AB8
S21400E3C004226FEA03436FEA13430DEB0201281998
S21400E3D00193FFF769FF002CAED02246314628464F
S21400E3E0FFF762FFA8E740F2FD1110482DF04FFE40
S21400E3F0C8E705F46043B3F5005F04D1C5F30B0529
S21400E40005F53E25BEE740F2052108482DF03FFE03
S21400E4106FF00F074546B6E717F8013BFF2BB6D05F
S21400E4204FF4047148462DF032FEB0E715D10300D4
S21400E430F2620020CC720020FF03E00F10B500F05F
S21400E44077F825F04FFD044618B100F079F820461D
S21400E45010BD00F07BF804460028F6D10122014BDF
S21400E4601A70F2E7F4620020054B1B7833B1054BB7
S21400E470C0F3130100221868FCF7D6BC11207047C1
S21400E480F4620020CC6D0020144B2DE9F0411B787F
S21400E49005460E461746FBB125F00BFD012805D9AB
S21400E4A0841EE4B2012C09D9212412E03B463146F1
S21400E4B02846BDE8F041002200F052B800F038F8D7
S21400E4C03B4600223146284600F076F8044600F027
S21400E4D037F82046BDE8F0811124FAE7F462002000
S21400E4E0124B70B51B7804460D461646E3B125F070
S21400E4F0E0FC012805D9831EDBB2012B08D92124B4
S21400E50010E0324629462046BDE8704000F040B88C
S21400E51000F00EF820463246294625F0E5FC044673
S21400E52000F00EF8204670BD1124FBE7F4620020D0
S21400E53008B52DF0AAFC014B186008BD8C420020DF
S21400E540014B18682DF09CBC8C420020024B1968C9
S21400E550024B1868FCF7CEB8AC6D0020CC6D0020DE
S21400E56037B505460C46C0F313010848ED020068AF
S21400E57005D5224603B0BDE83040FCF709BA009343
S21400E58013462246FCF7BEF903B030BDCC6D002022
S21400E59030B405461346074A0C46C0F3130110680C
S21400E5A0EA0203D5226830BCFCF7FABB224630BC30
S21400E5B0FCF7F0BACC6D0020F7B505460F461446BA
S21400E5C01E461BB92125284603B0F0BD0029F9D008
S21400E5D025F06FFC4BF23462ABB2934220D14FF081
S21400E5E0FF3322466946CDE9003325483346FFF718
S21400E5F0E3FF08220546234968460EF049FE38B96F
S21400E60033462246694641F2F010FFF7D5FF05462D
S21400E610002DD8D13246694638460EF07DFCD2E74A
S21400E62041F2F01293420FD1174B311908299A6C18
S21400E630DB6CC7D8CDE9002332460DEB0401384623
S21400E6400EF06AFC0025BEE702280BD1C5F30C438A
S21400E65032199342B6D3C5F30B0104F17E643246F9
S21400E6602144ECE7032809D1C5F30C433219934241
S21400E670A8D3C5F30B0104F53E24F0E70125A2E775
S21400E680021008C01C6E04000080E00F10B527F0D2
S21400E6908BFE28F022FFBDE8104003460121022031
S21400E6A0014A02F00BBC00BFACD1030013B5D0E9A1
S21400E6B0023253F822301C78204627F087FE234685
S21400E6C0009001210220024A02F0F8FB02B010BDC1
S21400E6D0C0D10300014B187827F060BAF56200201D
S21400E6E0FF232DE9F04F8FB01122002108A88DF8E6
S21400E6F013300EF081FA08A826F010FC0121022043
S21400E700B04A08AB02F0DAFB41F24903AE4A0121F7
S21400E710022002F0D3FB06A826F02FFD08A90DF173
S21400E720130026F035FD02200021A84A02F0C6FBA1
S21400E730002027F064FA10B106A809F047FE9DF9FC
S21400E7402A3001210220A24A00939DF82B3002F0C5
S21400E750B5FB27F025FE831EDBB2FC2B054631D821
S21400E760012102209B4A02F0A9FB01249A4E9B4FEE
S21400E770DFF8D082234632460021022002F09EFBBC
S21400E78005A9E0B227F00EFE034650B1A0F116022E
S21400E790012A40F2AA8042460121022002F08EFBA6
S21400E7A00CE09DF914303A4601939DF8163001218D
S21400E7B0009302209DF8153002F080FB0134E3B28E
S21400E7C09D42D7D8BDF8284008F0ECF92346002132
S21400E7D0834A0090022002F071FB02200021814A49
S21400E7E002F06CFB002027F00AFA10B108A809F026
S21400E7F0EDFD01217C4A022002F060FB27F02CFD93
S21400E800044627F027FD23460121784A009002207F
S21400E81002F054FB08F09EFE00210220744A02F02B
S21400E8204DFB9DF81330FF2B65D000210220714A66
S21400E83002F044FB01216C4A022002F03FFB26F066
S21400E840ACFC012103466C4A022002F037FB08F0BC
S21400E85081F900210346694A022002F02FFB26F0C8
S21400E860A2FC044626F0A1FC23460121644A00903F
S21400E870022002F023FB2DF017FC08F013FF012105
S21400E8800346604A022002F019FB0025DFF8B88133
S21400E89008F008FFECB2A04233D82DF005FC0123A7
S21400E8A0594A1946022002F009FB002027F076F9A3
S21400E8B0564B574C0093012100230220554A02F084
S21400E8C0FDFA236863B1012102201B78524A02F048
S21400E8D0F5FA2368012102205B78504A02F0EEFA2E
S21400E8E027F061F90FB0BDE8F08F012102204C4AF5
S21400E8F002F0E4FA62E7002102204A4A02F0DEFA59
S21400E90098E7494B204603EB0416D6F8089008F023
S21400E91083FF8246204608F0CBFE444F00280CBFFB
S21400E920C346BB46204608F077FF0AF031FD0028B4
S21400E93008BF4746534600210220CDE900B73C4AAF
S21400E94002F0BCFAB37901210293B3880220019346
S21400E9507388384A0093337B02F0B0FA0026DFF85B
S21400E960ECB099F80430F4B2A34203D82DF09CFB27
S21400E97001358DE714235C43D9F8007002203A5B1A
S21400E98007EB040A9AF90C3000922B4A002132EA6F
S21400E990230228BF5A461346284A02F08FFA002060
S21400E9A027F02DF938B150463C5B26F065FC014651
S21400E9B020460AF03BFD01210220214A02F07EFAA1
S21400E9C00136CEE701D2030010D203002CD203009A
S21400E9D058D2030033D2030049D2030050D20300BA
S21400E9E085D20300A5D20300EFD20300AED2030007
S21400E9F0D0D2030032F30300DBD20300F1D20300CF
S21400EA0007D303001DD3030096D30300AED3030041
S21400EA1088470020A2D30300BCD30300D0D3030052
S21400EA206DD203008DCF0300BC460020D8D1030072
S21400EA3028D3030048D30300F5D103007ED3030098
S21400EA40811B040078D20300E0D10300E9D1030063
S21400EA502DE9F7430025134EDFF8588008F022FE14
S21400EA60ECB2A04202D803B0BDE8F08327012046EE
S21400EA7016F8079008F01CFE0B4A4B46002808BF05
S21400EA804246002102200092084A02F017FAF05D82
S21400EA9026F08FFB01210220054A02F00FFA01350D
S21400EAA0DCE700BFBC4600201A220400EBD30300BC
S21400EAB0811B04002422040008B583685A68117874
S21400EAC0C26853F82230A1F16502514251411878CC
S21400EAD008F0A4FF30B9BDE8084001210220024A30
S21400EAE002F0ECB908BD00BFF6D3030000210220F7
S21400EAF0014A02F0E3B900BF10D40300002102204F
S21400EB00014A02F0DBB900BF3ED4030010B504464C
S21400EB1086B01822002168460EF06EF8684626F089
S21400EB20BDFFD4E9022052F8203002EB80021B78A9
S21400EB308DF80B30516891F900108DF80A10916825
S21400EB400988ADF808106168091A032907DDD2683C
S21400EB5003F01F03127843EA42138DF80B30684621
S21400EB6008F0CEF800210346024A022002F0A6F979
S21400EB7006B010BD5AD4030007B5002027F0D4FB1A
S21400EB8000210090034B0220034A02F097F903B0DD
S21400EB905DF804FB67D403006DD4030013B5D0E919
S21400EBA0023253F8221003EB82035B680878196878
S21400EBB00023094CA222994208BF2146C01A18BF5A
S21400EBC0012027F0A5FB01210090044B0420044AF5
S21400EBD002F074F902B010BD00F8FF0778D4030005
S21400EBE086D5030013B5D0E9023203EB820153F851
S21400EBF02230D1E901141878FF22003818BF01200E
S21400EC002378096827F084FB01210090034B042039
S21400EC10034A02F053F902B010BD00BF7FD40300D0
S21400EC2086D5030008B5002101230C4A27F0F5F924
S21400EC300A4826F055FF0020094909F05FFC00202D
S21400EC4026F0DDFF10B1054809F0C0FBBDE808401E
S21400EC5001210420034A02F031B900BF27680020D2
S21400EC6094D40300811B040010B526F0A0FA0346D6
S21400EC7030B1BDE8104001210420054A02F01EB95B
S21400EC800121BDE810400420024A02F017B900BF77
S21400EC90A2D40300B3D4030010B526F023FFBDE8CA
S21400ECA01040034601210220014A02F007B900BFC6
S21400ECB0BED4030010B526F0E7FEBDE810400346BC
S21400ECC001210220014A02F0F9B800BFD4D40300A3
S21400ECD037B5D0E90232012453F822304FF6FF70E0
S21400ECE01D78FE2204FA05F1002327F07DFB2B4653
S21400ECF0009021460420024A02F0E0F803B030BD3E
S21400ED00E8D40300D0E9023253F822301B7823B14E
S21400ED1001210220024A02F0D1B8024A137070475D
S21400ED2007D50300F562002007B5684626F025FAE9
S21400ED3007F038FF01210346084A022002F0BEF819
S21400ED40684609F043FB08F0A1F901210346044A8E
S21400ED50022002F0B3F803B05DF804FB1DD50300F3
S21400ED6037D5030037B5D0E90245406854F825305A
S21400ED70401B0328D8BF002004EB8504C8BFE0680A
S21400ED8019786368C8BF00781A78A36893F90030CA
S21400ED900090012027F0ACFA38B901210220084A79
S21400EDA003B0BDE8304002F089B8064B01900093EE
S21400EDB001210220044B054A02F080F803B030BD62
S21400EDC048D5030050D503002404040064D503008E
S21400EDD007B5012027F094FA48B9009001210220D7
S21400EDE0084B094A02F06AF803B05DF804FB054BCD
S21400EDF00190009301210220044B054A02F05EF8C0
S21400EE00F2E700BF50D503007BD5030009300400AD
S21400EE1064D5030008B5D0E9023253F822301878DA
S21400EE2027F020FA30B9044A0121BDE80840042042
S21400EE3002F044B8014AF7E790D50300ACD50300CA
S21400EE4008B5D0E9023253F82230188827F008FABD
S21400EE5030B9044A0121BDE80840042002F02EB86B
S21400EE60014AF7E7CBD50300FBD5030073B503785B
S21400EE70044613F0050F0ED04588062D17D183687B
S21400EE8001215B68174A1B7801938388042000934E
S21400EE90154B02F013F82378012B20D00121042013
S21400EEA0114B124A02B0BDE8704002F007B835B9FF
S21400EEB08388012104200E4A02F000F8EBE7012DBA
S21400EEC0E9D186680B49002009F018FB304609F0A6
S21400EED07DFA29460420084A01F0F0FFDBE702B07D
S21400EEE070BD00BF31D6030028D6030083D60300CA
S21400EEF04ED603006BD60300811B04002DE9F04FAD
S21400EF0000268FB0364D09AC0FCD0FC42B680121FB
S21400EF100220344A236001F0D1FF3446DFF8DC904B
S21400EF2026F03FF9F5B2A8420BD826F03AF9234668
S21400EF300090012102202C4A01F0C0FF0FB0BDE86E
S21400EF40F08F284605A927F077F90346002841D117
S21400EF509DF81430032B39D904238DF814302B4632
S21400EF6000210220214A01F0A9FF9DF814300EAAC4
S21400EF7002EB830300214A4653F8143C022001F0BA
S21400EF809DFF28469DF821A09DF815B09DF81870A5
S21400EF90BDF8168027F052F95346CDE902800021CD
S21400EFA00220CDE900B7124A01F088FF01340020A4
S21400EFB0E4B226F024FE18B10DF1190009F006FAA5
S21400EFC0002102200B4A01F079FF01E0002BC6D198
S21400EFD00136A5E700210220074A01F06FFFF7E798
S21400EFE0246E040095D603000ED703004BD2030010
S21400EFF0C2D60300D0C90300E9D6030095E103009A
S21400F000C3688268013BDBB252F8233002201B78CB
S21400F010652B14BF00220121044B1BBF01211A706F
S21400F020034A044A08BF197001F048BF3373002032
S21400F03025D7030033D70300D0E9023253F8223035
S21400F0401A88014B1A807047CE72002007B5D0E9A7
S21400F050023103EB810253F8213052681988054BC0
S21400F0600548128800930088012309F0A3FE03B028
S21400F0705DF804FB6DEE0000CE720020C368826867
S21400F080013BDBB252F823305B78A3F166025342B1
S21400F0905341014A137070473673002030B5D0E9EB
S21400F0A0023253F8223089B01D78012302AA19468D
S21400F0B0044626F0B2FF01230093102302210DEB35
S21400F0C00302204626F08AFF284604AA02A927F053
S21400F0D0A5F90446002026F092FD18B12146044802
S21400F0E007F0F0FD0020034909F0EEF909B030BD45
S21400F0F042D70300811B0400002330B58FB00221E5
S21400F100009309AA1223054626F068FF05AA0146C1
S21400F11009A807F0B5FB044698B1232805D1134A81
S21400F1200121042001F0CAFE09E0212801D1104A7D
S21400F130F6E70346012104200E4A01F0BFFE0FB099
S21400F14030BD01232846194603AA26F066FF05A906
S21400F15003A827F065F90546204626F050FD18B1AD
S21400F1602946054807F0AEFD044AD9E74FD7030005
S21400F17072D70300ADD70300CED70300811B04006F
S21400F180F0B5D0E9023253F8221003EB82039B68F5
S21400F19005461F7887B038460E7826F010FD0446E0
S21400F1A008BBD5E9022101238DF80830194452F82E
S21400F1B0210002EB810200888DF809709268ADF894
S21400F1C00A00127804218DF80C2028460DF10D0255
S21400F1D026F023FF304602A98DF8154027F030F8B8
S21400F1E0044626F0E0FC334601210420024A00943F
S21400F1F001F064FE07B0F0BDE3D703002DE9F0414F
S21400F20001218EB00220274A01F058FE002005ABEF
S21400F21001AA09A927F0FCF800250446224E234F30
S21400F220DFF898801CB128460EB0BDE8F0810220B9
S21400F2302B463246214601F041FE204626F0DFFCF2
S21400F24010B10AA809F0C2F83A46002102209DF83B
S21400F250303001F033FE424600210220079B01F0C9
S21400F2602DFE00210220BDF82030114A01F026FEB6
S21400F270BDF8143000210F4A022001F01FFE0135B0
S21400F28001A826F0B7FCEDB2012102200A4A01F0DF
S21400F29015FE284605AB01AA09A927F0B9F80446C9
S21400F2A0C0E700BF15D803005BD8030063D803008F
S21400F2B051F3030078D80300811B04006FD80300C5
S21400F2C02DE9F047064698B0C0B925F068FF074616
S21400F2D000250EA827F0A6F801210220384A01F0E2
S21400F2E0EDFD2C46DFF8E080DFF8E090DFF8E0A0E8
S21400F2F0BC4205D3284618B0BDE8F0870127E7E7EB
S21400F30013A827F08FF8002E4CD0022306A913A8C6
S21400F3108DF84C30FE2427F077F800283FD102A95C
S21400F32013A827F077F89DF8593043F001038DF8BD
S21400F3305930002E3DD1234631460220214A01F0A5
S21400F340BDFD9DF859300AA943F0010313A88DF8B6
S21400F350593027F05FF8002026F051FC10B114A8B1
S21400F36009F034F80C9B42460021022001F0A6FD6D
S21400F370BDF82820002112F4007F0CBF4C23412347
S21400F38012F0100F0CBF6E227922022000924A461D
S21400F39001F094FD06A826F02DFC0135EDB20134EF
S21400F3A0E4B2A5E720460AAB06AA13A927F02EF872
S21400F3B0B3E752460021022001F080FDC1E700BFFE
S21400F3C082D803005BD803006FD80300BED80300C2
S21400F3D0B7D8030030B5012499B00EA827F022F85C
S21400F3E013A88DF8384026F0BBFFC0B9BDF84C1006
S21400F3F011EA040513D121460220444A01F05EFDBD
S21400F40029460220424A01F059FD214602203F4A81
S21400F41001F054FD214602203C4A01F04FFD06A9AA
S21400F4200EA826F0F1FF20B11022FF2106A80DF04D
S21400F430E3FB04A826F0F0FF059B01210220354AD5
S21400F4400093354B01F03AFD9DF812300121022061
S21400F450324A0093304B01F031FD00212E4B304AEA
S21400F460022001F02BFD06A826F0C4FB13A826F008
S21400F470D9FF02230AA913A88DF84C3026F0CAFF3C
S21400F48000283FD10B9B009301210220254B264AE2
S21400F49001F014FD0121234B244A022001F00EFD49
S21400F4A00120FFF70DFF01211E4B214A022001F02B
S21400F4B005FD0020FFF704FF044625F070FE2346F6
S21400F4C00090012102201B4A01F0F8FC01211A4B92
S21400F4D0174A022001F0F2FCFFF790FE17490228B7
S21400F4E003461748174A28BF0A46084928BF014658
S21400F4F00092CDE9013102200121134A01F0DEFC21
S21400F50019B030BD4FF0FF33BDE700BF811B0400CC
S21400F510D1D803000FD9030007D903001FD9030071
S21400F520AE020400DB10040032D9030042D9030007
S21400F53049D9030052D9030066D90300CDD8030089
S21400F54018F803006AF8030074D9030010B5D0E970
S21400F550023253F822301C78201E18BF012026F0F5
S21400F560EBFE054A054B0020002C18BF1A46BDE8E6
S21400F5701040034908F0A8BFA1D903009CD9030096
S21400F580AAD90300D0E9023210B553F822301C88FD
S21400F590204626F0D3FE2246BDE810400020014952
S21400F5A008F092BFEBD9030037B5044607F0D2FA4D
S21400F5B0014638B100200D4A0D4903B0BDE8304081
S21400F5C008F082BFE368A268013BDBB252F8233042
S21400F5D008481D780123084A00936C2D08BF024690
S21400F5E01023204626F0FAFC03B030BD39DA0300BB
S21400F5F041DA03001C7300200C73002013B58368E7
S21400F6009A681278672A22D101A826F0A9FE044635
S21400F610A8B9BDF80420174908F056FFBDF8043015
S21400F620DA070AD413F0020F134B144A18BF1A460F
S21400F6301349002008F048FF19E0124AF8E702468E
S21400F6401149002008F040FF22461049F1E7C26841
S21400F65001A953F8220003EB82035B6800681B686D
S21400F660ADF8043026F082FE04460028ECD102B045
S21400F67010BD00BF74DA030067DA03000B04040051
S21400F68095DA030057DA0300A7DA0300D3DA03009B
S21400F690034A04491388C85401331380704700BFD7
S21400F6A0365D0020FB62002073B5154D01242B78D3
S21400F6B0144E13F0040F0CBF02230423124A2146F3
S21400F6C01470328802200192EB5C104A0093104BB3
S21400F6D05B8801F0F3FB002102200E4A01F0EEFBEE
S21400F6E00D4B2946009332882346022001F02CFC5D
S21400F6F021460220094A02B0BDE8704001F0DEBB98
S21400F700FB620020365D0020FA620020E2DA030089
S21400F710285D002007DB030029DB0300811B0400B3
S21400F72070B516464FF48A52114B124DDA80598046
S21400F730114B1B881A1E18BF012240EA82000F4A8E
S21400F7401278003A18BF012240EA0210287063B10E
S21400F75003246B701B0AAB7009F088FE631C2855E7
S21400F760EE54074B02341C8070BD0124F4E700BF42
S21400F770285D0020FB620020345D0020F962002036
S21400F780365D002038B5D1E902320C46054653F8FE
S21400F7902230024619880C4B1878FFF7C1FFE36841
S21400F7A0A268013352F82330188824F0DFFB4DB1ED
S21400F7B0E368A268023352F823301878BDE8384070
S21400F7C0FFF766BF38BD00BFF6620020F0B50546FD
S21400F7D0EB68AA68023352F8233008461C7829469C
S21400F7E085B0FFF7CFFF204625F032FD204E214F93
S21400F7F078B3204625F038FD0321441C03AA28468A
S21400F80023F01BFC3288E4B2C2F1FF0303991B1BF2
S21400F8109BB28B4222443CBFC2F1FF0303930123F9
S21400F820032100933A449DF80C30284626F0D6FB78
S21400F830039A022C338804BF0F48110AFA5408BFF3
S21400F840C15413441C44348005B0BDE8F040FFF7B3
S21400F8502BBF204607F086FE01233288044600931D
S21400F860032103463A44284626F0B8FB3388E9E7E6
S21400F870365D0020FB620020FC620020052307B5F1
S21400F880012100930220044B044A01F017FB03B049
S21400F8905DF804EBFFF79EBD10DB030017DB0300EB
S21400F8A013B5044626F058FD38B1CDE900400121D5
S21400F8B00220034B034A01F001FB02B010BD00BF5B
S21400F8C039DA03002EDB0300194B37B51B783BB93A
S21400F8D001210220174A03B0BDE8304001F0EEBA1D
S21400F8E0D0E90232144C53F8223001211D78638887
S21400F8F002200093114A2B4601F0E0FA104B2571C6
S21400F9001B78104D63B1012102200F4A01F0D6FA90
S21400F91020460E4A298803B0BDE8304025F039BAA3
S21400F92020460A4A298803B0BDE8304025F0F3BADD
S21400F930FA62002045DB0300285D002053DB03004D
S21400F940F7620020365D00206ADB0300FB620020C1
S21400F9502DE9F041D0E9023253F8221003EB82037E
S21400F9605A680C7817889A68DB68B2F80080C6B0C8
S21400F9701D780021304B0220304A0094CDE90178F2
S21400F98001F09CFA002D0CBF6E2379230121022082
S21400F9902B4A01F093FAFF23002D0DF1170606AD52
S21400F9A0019320460CBF80234023424639460296E8
S21400F9B0009525F093FF0446002835D1307825F0D1
S21400F9C04DFC0746B0B1284626F0D8F81D4BFD285A
S21400F9D0A8BFFD200093234682B20DF11901022034
S21400F9E001F0B2FA01210220174A01F067FA46B088
S21400F9F0BDE8F081307825F037FC60B1284626F067
S21400FA00C2F8FD28A8BFFD200E4B82B200930DF170
S21400FA101A013B46E3E7307807F0A4FD0B4B02469D
S21400FA20009329460123DAE7009001210220084BC3
S21400FA30084A01F043FADAE77711040084DB030092
S21400FA40A9DB03002F250400811B040029DB03002B
S21400FA5031E40300B3DB0300D0E9023253F822108E
S21400FA6003EB82032DE9F04F5A680F78B2F8008056
S21400FA709A68C7B0B2F80090DA681B6992F800A0DE
S21400FA801E7800212F4B304A0446CDE9018902201A
S21400FA90009701F013FABAF1000F0CBF6E2379231A
S21400FAA001210220294A009606AD01F007FAFF223E
S21400FAB0002128460DF0A0F8304625F0CFFB8346FF
S21400FAC008B30023052100932046FD230DF11902FB
S21400FAD026F084FA2870BAF1000F0CBF802340236A
S21400FAE04A4641463846CDE9005625F0C2FE014654
S21400FAF0144807F0E7F801210220154A01F0DEF964
S21400FB0047B0BDE8F08F304625F0AEFB60B1FD2370
S21400FB1005212046CDF800B00DF11A0226F05EFA57
S21400FB2085F801B02870D6E70590304607F01AFD34
S21400FB30059A0346009205212A46204626F04EFAEC
S21400FB40C9E700BF6A11040084DB0300C4DB0300BE
S21400FB50811B04002DE9FF471C465B68E5685B1BBC
S21400FB6000255FFA83F803952E46FFF7D9FDEBB222
S21400FB7098450BD90C9B9B5D282B39D8202B00F27F
S21400FB80CB800136F6B2002B40F0C980FFF78CFD23
S21400FB9004B0BDE8F087132A2FD801A151F822F04F
S21400FBA067FC000079FC00008BFC0000BFFC000036
S21400FBB08DFB00008DFB00008DFB00008DFB000020
S21400FBC0FBFB0000FBFB0000FBFB0000FBFB000058
S21400FBD0FBFB0000FBFB0000FBFB0000FBFB000048
S21400FBE0FBFB0000FBFB00000BFC0000E5FC00003C
S21400FBF0A3F13102D1B21329CDD90136F6B2A3F161
S21400FC004102032AC2D8422B6CD06C4F00213A889E
S21400FC10DFF8B0A1C2F1FE039BB2FF2B28BFFF2383
S21400FC2001320091DBB22046524469B226F0B2F9A6
S21400FC303B880AF8030001331844388011E04FF07F
S21400FC400409E368A2682B4452F823301F68F8B210
S21400FC5009F1FF39FFF71CFD19F0FF094FEA1727D6
S21400FC60F5D1013583E7E368A2682B4452F82330C8
S21400FC701878FFF70DFDF4E7E368A2682B4452F806
S21400FC802330188824F072F9EBE7E368A2682B4467
S21400FC9052F823301F68B7F1807F09D2F8B2FFF719
S21400FCA0F7FCC7F30720FFF7F3FCC7F30740E0E7CE
S21400FCB02B4601210820424A01F000F966E74FF082
S21400FCC00409E368A2682B4452F823301F68F8B290
S21400FCD009F1FF39FFF7DCFC19F0FF094FEA172797
S21400FCE0F5D1BEE7294603AA204623F0A6F900214F
S21400FCF0324F344A3B88DDF80C9002EB030CCAB254
S21400FD00914501F1010102D84B443B80A9E710F868
S21400FD1002A00CF802A0F2E7242B3FF670AF013BDE
S21400FD20232B3FF633AF01A252F823F067FC000006
S21400FD3079FC00008BFC00003FFC00008DFB0000FF
S21400FD408DFB00008DFB00008DFB00008DFB00008E
S21400FD508DFB00008DFB00008DFB00008DFB00007E
S21400FD608DFB00008DFB00008DFB000067FC000093
S21400FD7079FC00008BFC0000BFFC00008DFB00003F
S21400FD808DFB00008DFB00008DFB00008DFB00004E
S21400FD908DFB00008DFB00008DFB00008DFB00003E
S21400FDA08DFB00008DFB00008DFB000067FC000053
S21400FDB079FC00008BFC00003FFC0000365D002054
S21400FDC0DDDB0300FB620020094B1B7823B1012119
S21400FDD00820084A01F072B8D0E9023253F82230FF
S21400FDE0054A1B88012113800820044A01F066B8E2
S21400FDF0FA62002003DC0300345D002045DC0300CB
S21400FE00D0E9023253F82230054A1B780121003B24
S21400FE1018BF012308201370024A01F04FB800BF34
S21400FE20F86200206BDC0300D0E9023253F822307F
S21400FE30034A1B78012113700820024A01F03EB8DD
S21400FE40F96200209ADC030010B5D0E902320446BD
S21400FE5053F82230132219880B4B1878FFF760FCF2
S21400FE60E368A268013352F823301878FFF710FCD5
S21400FE70E368A268023352F823301878FFF708FCCC
S21400FE80BDE81040FFF710BCF662002010B5D0E9C0
S21400FE900232044653F82230112219880B4B187888
S21400FEA0FFF73EFCE368A268013352F82330187867
S21400FEB0FFF7EEFBE368A268023352F823301878A7
S21400FEC0FFF7E6FBBDE81040FFF7EEBBF66200204A
S21400FED0D0E9023253F82230034A1B78003B18BFA1
S21400FEE00123DB0013707047F662002010B5D0E9DE
S21400FEF0023253F82230044619880E4B0622187830
S21400FF00FFF70EFC0120FFF7C3FBE368A26803447B
S21400FF1052F82330188824F029F8E368A2680233E0
S21400FF2052F82330188824F021F8BDE81040FFF777
S21400FF30BBBB00BFF66200202DE9F043D0E90232D9
S21400FF404FF0FD09013253F8221003EB82035A6882
S21400FF50C7B017889A68B1F80080147853F8043C44
S21400FF60002C0DF1170506AE18783A4614BF40234C
S21400FF70802341460295CDF80490009625F0AEFC0D
S21400FF80034638B1184A0121082000F097FF47B011
S21400FF90BDE8F083201E18BF01200A224146C0009B
S21400FFA0FFF7BEFB384623F0E1FF2878FFF770FB2B
S21400FFB04A463146287825F0FFF8044628B10B4F0C
S21400FFC03D88C5F1FF03984202DD2346084ADAE77A
S21400FFD0024608483146284425440CF09DFF3D80E3
S21400FFE0FFF762FBD3E700BFD0DC0300365D0020DE
S21400FFF0ECDC0300FB62002010B5D0E902320446B8
S21401000053F82230082219880B4B1878FFF788FB23
S214010010E368A268023352F823301878FFF738FBFA
S214010020E368A268013352F82330188823F09EFF54
S214010030BDE81040FFF738BBF662002073B5D0E983
S21401004002320546023253F8221003EB820353F8BC
S214010050042C53F8083C0C781988234B168818781A
S2140100600622FFF75DFB0020FFF712FB304623F068
S2140100707DFF2046FFF70CFBEB68AA68033352F8B6
S2140100802330188823F072FFEB68AA68043352F80D
S2140100902330188823F06AFF204609F0E7FBE8B909
S2140100A0204607F05FFA05210446019001AA28467A
S2140100B022F0C3FF019B01469C4206D022463146F0
S2140100C00A480BF087FC02B070BD094D09482E881E
S2140100D02246304434440CF0E1FD2C8002B0BDE8E9
S2140100E07040FFF7E1BA00BFF662002018DD03009A
S2140100F0365D0020FB62002073B5D0E902324FF472
S2140101008A5153F82230104D1A88104BD9805A80E4
S21401011000232A4600930121FF2325F05FFF2B7859
S214010120044613F0040F0A4B08BF01261B7818BFBC
S214010130032613B109F09AF9A855064B1C8002B0A4
S214010140BDE87040FFF7B0BAFB620020285D0020D2
S214010150F8620020365D0020D0E9023253F82230E2
S214010160034A1B78003B18BF01231370704700BF7A
S214010170F762002010B50C4608B908F003F9024BE7
S21401018018715C7110BD00BF285D002002462DE984
S214010190F341D0E90253526855F82310D21A0C885D
S2140101A005EB8301013BDBB255F82380294D022A7A
S2140101B04868C8BF8A682B78D8BFFF210078C8BFB7
S2140101C011783BB901210220234A02B0BDE8F04173
S2140101D000F074BEFFF7CEFF06F0E4FC1F4F204E82
S2140101E03B880146224600931E48334625F063FCB1
S2140101F00246C8B998F804103B885F2917D1CDE9A3
S21401020000364FF6FF712046164B24F0B6FD28B196
S214010210034601210220144A00F050FE0023134A2F
S2140102202B701380124A137002B0BDE8F0814FF6AE
S214010230FB718C4208D9CDE900362146094B4FF6B1
S214010240FF7024F0F8FDE2E72146064A009624F006
S21401025024FEDCE7FA62002063DD0300365D002041
S214010260FB620020285D00206ADD0300345D00206B
S214010270F9620020002210B50A2104461046FFF755
S2140102804FFA002023F072FE0122044B1A70FFF78A
S2140102900BFA2046BDE81040FFF778BF246800201F
S2140102A038B51C4615460123224625F0B6FE60B930
S2140102B02146284626F07AF8044620B1012104207A
S2140102C0034A00F0FBFD204638BD0024FBE700BFD3
S2140102D091DD03002DE9F0430C4615461F46D0E993
S2140102E0022352F8231002EB830293680E8893F8D8
S2140102F00080D3688BB0B3F800903246012106AB7C
S214010300FFF7CEFFF0B90DF1200CF4B101232A88D6
S2140103104021CDE902C2CDE90471CDE90093222145
S214010320434606AA304625F0AFFE0B4B0B4A009318
S2140103300B4B0190002C08BF134601210420094AEB
S21401034000F0BCFD0BB0BDE8F08362462868696822
S214010350032303C22246DBE7F0DD0300D5DD0300FD
S214010360CFDD0300DDDD030007B501236A4600216A
S21401037025F053FE6846034908F0C8FD03B05DF852
S21401038004FB00BF6DEE0000D0E9023253F82230C4
S2140103900149188808F08CBD6DEE000010B5D0E953
S2140103A0023203EB8201496853F8223009784FF490
S2140103B08A52188825F058FEBDE8104003460121F0
S2140103C00420014A00F07ABDFADD0300D0E90232CA
S2140103D053F8223002214FF48A5210B5188825F0BE
S2140103E035FEBDE81040034601210420014A00F015
S2140103F065BD00BF13DE03001FB5D0E9023203EB73
S214010400820153F82230496818884FF48A530988C4
S2140104100293094B094A0193094B1B780093127802
S214010420084B25F089FE012103460420064A05B043
S2140104305DF804EB00F042BD385D0020FB63002050
S214010440FA630020425D00202ADE03002DE9F04316
S214010450D0E9023253F8221003EB82035A680E8861
S21401046017789A68DB688BB092F80090B3F8008032
S2140104703246042106AB0446FFF712FF28BB08AD3F
S21401048001232A460521204625F0C7FD38B9042058
S21401049001210F4A00F012FD284624F06EFE4FF4AB
S2140104A08A53CDE904930023CDE902530323212186
S2140104B0CDE9008306AA3B46304625F0E5FD01213D
S2140104C00346044A042000F0F9FC0BB0BDE8F083B3
S2140104D042DE030071DE030038B5D0E9024303F1C2
S2140104E08043023B02220F4954F823009D000CF082
S2140104F0CFFE60B90C4B0D491A78042A0BD82C4450
S214010500A068008821F8120001321A7038BD084B25
S21401051008491A78F1E70121BDE838400420064A67
S21401052000F0CCBC9F090400FB630020425D002064
S214010530FA630020385D002083DE030008B5C36837
S214010540806803F18043023B0222064950F82300EB
S2140105500CF09EFE10B9044B187008BD0022034B28
S2140105601A70FAE79F090400FB630020FA63002073
S21401057037B5D0E9023153F821208C00157842684E
S214010580521A012AC5BF1B195B686C091C78DCBFAF
S21401059044F0180405F01F052946204625F090FC76
S2140105A0034640B12346012104200E4A009500F07F
S2140105B085FC03B030BD0121A94074B92346FE2253
S2140105C04FF6FF7025F010FF012103460420064A6E
S2140105D003B0BDE8304000F071BCFE2241EAC461C0
S2140105E0EEE700BF99DE0300B9DE030070B5D0E97F
S2140105F0021551F8253001EB8501044618884B6831
S2140106001A788B68052A1B8802D85E1E072E0BD91E
S214010610012104200C4A00F051FCBDE87040012184
S21401062004200A4A00F04ABC6468641B032CCABF53
S214010630C9680749096825F0D7FEBDE8704002463B
S2140106400449002007F05ABFD7DE0300F7DE030097
S21401065000F8FF0714DF030008B5D0E9023253F8AB
S214010660220003EB82035968FF22038809684FF6CC
S214010670FF7025F0B9FEBDE808400246014900209A
S21401068007F03CBF27DF030008B5D0E9023253F874
S214010690223005214022188825F0D8FCBDE8084004
S2140106A002460249002007F029BF00BF48DF0300C9
S2140106B008B5D0E9023203EB8201486853F82210EC
S2140106C0027840230988312025F013FDBDE8084053
S2140106D002460249002007F011BF00BF69DF030090
S2140106E008B5D0E9023203EB8201486853F82210BC
S2140106F0027840230988332025F0FBFCBDE808403A
S21401070002460249002007F0F9BE00BF83DF03005E
S2140107101FB5D0E9023253F8221003EB82039B681F
S21401072008881A780023D21A18BF0122CDE90233AD
S21401073002A94023D20125F0EBFC01210090044BD5
S2140107400420044A00F0BAFB05B05DF804FB00BFC4
S214010750F0DD0300A1DF030007B5D0E9023253F84C
S214010760223003214022188825F070FC01210090D8
S214010770034B0420034A00F0A1FB03B05DF804FB21
S214010780F0DD0300B0DF030037B5C36882680533C8
S21401079052F8233004211D786A460123044625F0C9
S2140107A03CFC38B904200121064A00F087FB684664
S2140107B024F0E3FC2B466A4600212046FFF78AFD1B
S2140107C003B030BDCADF030007B5D0E9023203EB40
S2140107D08201486853F822100278402309883220A3
S2140107E025F087FC01210090034B0420034A00F00A
S2140107F065FB03B05DF804FBF0DD0300FBDF0300DF
S21401080070B585690446EA0705F0020605D476B197
S214010810C5F3072025F0D3F909E01EB1B2210F4830
S2140108202BF035FCA069C0F3810025F0B7F9E36928
S2140108301BB9BA2109482BF02AFC204614F00EFCFD
S214010840E3693EB1607E9847AB0706D0BDE87040CD
S21401085025F0A9B920469847F6E770BD10E00300D9
S21401086008B514F0EFFE28B1BDE80840472102485C
S2140108702BF00DBC08BD00BF10E003002DE9F041D0
S214010880FF2B04460F4690461D469DF8186005D07E
S214010890FF2E03D0D52111482BF0F9FB0023FF2DA5
S2140108A018BFAD000E4A1CBF45F00105EDB222602F
S2140108B00C4AC4E9063818BFA561FF2EC4E9012316
S2140108C02361E76007D0A36943F0020323F47F4363
S2140108D043EA0623A361BDE8F08100BF10E00300F0
S2140108E09042002001080100002310B5054C036169
S2140108F00460054CC261C0E901430123C160836104
S21401090010BD00BF904200200108010070B5866945
S214010910044606F00303032B0D4603D1FC211448BD
S2140109202BF0B5FBFF2D16D0B20704D440F201110F
S2140109300F482BF0ACFB284624F0DFFDFF280546C8
S21401094004D14FF482710A482BF0A1FB2DB204EBBF
S2140109504514204670BDF307FBD5A36913F00C0FB1
S214010960F7D040F20B1102482BF091FBF1E700BFE4
S21401097010E003000023054AC0E906310361026066
S214010980C360034A034B4260836070479042002075
S2140109900108010029500200014827F0E9BB00BF09
S2140109A090420020014827F0EFBB00BF9042002094
S2140109B013B50E4827F0B6FB23F05BFB26F07FFB52
S2140109C026F0A1FB26F0ABFBFCF748FF0446FCF73C
S2140109D05FFF2346009001210420054A00F06EFACD
S2140109E002B0BDE81040FCF73FBF00BF90420020B8
S2140109F0A3E00300022808B503D12BF041FB014B0D
S214010A00186008BDC042002008B50DF05BF9012250
S214010A10044B1A702BF0BDFBBDE8084002490348A1
S214010A20FDF7E4B8FD630020D86D0020C442002025
S214010A30014B1870704700BFFC630020024B18780A
S214010A4008B106F093B870472C73002008B5074B21
S214010A501B780BB1002008BDFFF7F0FF0028F9D185
S214010A6006F05EFC023818BF0120F4E7FC630020A4
S214010A7070B5FFF7EBFF174D20B1FFF78DFF042888
S214010A80044613D82B781BB92BF083FB01232B705C
S214010A9023F0FDFA0446D8B12B781BB9F7210E488E
S214010AA02BF0F5FABDE87040FFF776BF23F0F1FAB8
S214010AB00028E7D02B785BB12BF0E7F9064600213A
S214010AC0012029F04DFC30462BF0DAF900232B707B
S214010AD0204670BDFD630020C4E003001FB5FFF78C
S214010AE0C7FF0446FDF72CFAA04228BF204688B16E
S214010AF003A92AF021F8034638B9CDE90000064AD1
S214010B00039906482BF0D8FA18B18E2104482BF029
S214010B10BEFA012004B010BD8D400300A0420020A3
S214010B20C4E003000D4B70B51B780D4D0D4C012133
S214010B30002B0CBF2B46234602200B4A00F0BEF9C1
S214010B400A4B01211B780220002B0CBF2B462346A3
S214010B50BDE87040064A00F0B1B900BF2C73002012
S214010B60BE090400DD0904005AE10300FC6300200D
S214010B7079E1030010B5D0E9023253F822300220A1
S214010B801B780121002B15BF01240024044A054AC5
S214010B9000F094F92046BDE81040FFF749BF00BFBA
S214010BA098E10300B5E10300D0E9023253F82230A0
S214010BB0034A1B78003B18BF01231370704700BF20
S214010BC02C73002038B50125084B1D702BF05DF9FC
S214010BD004462946284629F0C3FB20462BF050F947
S214010BE0BDE8384002490348FDF700B8FE6300201F
S214010BF0E06D0020EC42002070B514F0A9FD10F065
S214010C00070F1D4D11D02B785BB901262E702BF0E6
S214010C103CF904463146304629F0A2FB20462BF02B
S214010C202FF9BDE8704014F063BB25F0C1FB022824
S214010C3003D1124B1B78032BE5D914F089FD18B9A3
S214010C400E4B1B78032B14D814F052FB04460028D5
S214010C50D9D02B785BB100262E702BF016F90546FD
S214010C603146012029F07CFB28462BF009F9204665
S214010C7070BD4FF0FF34ECE7FE630020856800206E
S214010C801FB5FFF7B9FF0446FDF75AF9A04228BF82
S214010C90204688B103A929F04FFF034638B9CDE9AC
S214010CA00000064A039906482BF006FA18B18C2173
S214010CB004482BF0ECF9012004B010BD6745030091
S214010CC0CC420020D4E1030010B5094C09490020AC
S214010CD007F0FAFB23681B68587924F044FC236864
S214010CE01B68587923F048FC05F066F9002010BD12
S214010CF04C48002062E2030008B525F049FB024695
S214010D0028B1BDE808400020014907F0DDBB08BD59
S214010D1085E2030008B525F051FB024628B1BDE87F
S214010D2008400020044907F0CFBB5422BDE8084024
S214010D30FF2102480BF060BF9DE203004C5D0020DE
S214010D4038B504460D4625F03DFB024628B1BDE800
S214010D5038400020034907F0B7BB034B23F8145073
S214010D6038BD00BFBBE203004C5D00202DE9F34116
S214010D7000240C4E0C4DDFF838800C4F56F8043B1F
S214010D800BB9D8F8003035F8022B3946009200200E
S214010D902246013407F098FB2A2CEFD102B0BDE8B9
S214010DA0F08100BFEC6D0020A05D0020D7E20300BB
S214010DB0E86D002008B52A21034825F0FBFABDE8B6
S214010DC00840FFF7D3BF00BFA05D002007B5D0E9FC
S214010DD0023253F822301A78292A0DD8084B53F8D4
S214010DE022300BB9074B1B680749002031F8121057
S214010DF00091064907F068FB03B05DF804FB00BFED
S214010E00EC6D0020E86D0020A05D0020D7E2030015
S214010E1008B52A21034825F0CFFABDE80840FFF7B8
S214010E20A5BF00BFA05D002038B5D0E9023253F857
S214010E30221003EB82035B680C781D8800200449AE
S214010E4007F042FB29462046BDE83840FFF778BF49
S214010E50E2E203002DE9F34100240C4E0C4DDFF8CD
S214010E6038800C4F56F8043B0BB9D8F8003035F8EB
S214010E70022B3946009200202246013407F024FB5B
S214010E802A2CEFD102B0BDE8F08100BFEC6D002046
S214010E904C5D0020D7E20300E86D002010B5024645
S214010EA023F080FB20B9044C236811B1134323605F
S214010EB010BD23EA0203FAE7986E00200CB413B5BE
S214010EC002460C4623F06EFB60B9094B1B681A42BA
S214010ED008D005A9049801910AF090FD14B10548BF
S214010EE026F079F802B0BDE8104002B0704700BFA6
S214010EF0986E0020E1E50300034610B5D3E90232FF
S214010F0053F8223008461C78211E18BF0121FFF72E
S214010F10C5FF014648B9084A084B0220002C08BF05
S214010F201346074AFFF7CAFF10BD00210220054AF3
S214010F30FFF7C4FFF8E700BFE0D10300D8D10300F4
S214010F40E3E50300F9E503002DE9F04105461F46F8
S214010F500C46DFF82C808E18B44201D1BDE8F08132
S214010F600021284614F8013B069AFFF7A7FF002F39
S214010F70F2D0424600212846FFF7A0FFECE700BF6B
S214010F806DD803000021024A0248FFF7ADBC00BF3E
S214010F9019100100F4420020FF21014823F05BB83C
S214010FA0F44200200022034BFF2103481A7023F06D
S214010FB04BB800BFFF630020F442002013B5114C6C
S214010FC02378032B13D8009300230F4A18460F49A2
S214010FD007F07AFA237842F21072002B08BF00223B
S214010FE0FF210B4802B0BDE8104023F01CB80022D8
S214010FF00849104607F068FA02B0BDE81040FFF74E
S214011000D1BF00BFFF6300200AE603001CE6030011
S214011010F442002026E60300F0B52B4D8FB02B7866
S21401102023B309A825F0FEF9022309A88DF8243078
S21401103025F0E6F901AA06469446244B03F110076B
S214011040144618685968083303C4BB422246F7D1D0
S21401105005AA17461E4B03F1100E14461868596868
S214011060083303C473452246F7D1E6B1012409A823
S21401107025F074F928B9BDF8243013F0020F18BF13
S21401108001242B781349002B4FF000034FF0A002E8
S21401109008BF1946204625F03BF990B92B78013355
S2140110A02B700FB0F0BD614609A825F0ABF90028FA
S2140110B0DCD1394609A825F0A5F904460028D6D082
S2140110C0D4E7FFF77BFFECE7FF630020386E0400F0
S2140110D0486E040000F8FF0710B50020324907F0FB
S2140110E0F3F908220020314907F0EEF9304B314A76
S2140110F01978314B0020002918BF1A462F4C304969
S21401110007F0E2F9002024F049FD2368002B47D0C0
S2140111101B78022B44D900222A4B10462A4907F095
S214011120D3F923F086FA29490246002007F0CCF9C4
S21401113000F0D0F826490246002007F0C5F92368DA
S2140111401B78032B2CD900F0D5F822490246002043
S21401115007F0BAF900F0DEF81F490246002007F052
S214011160B3F900F0DFF81D490246002007F0ACF99C
S21401117000F0A4F81A490246002007F0A5F900F08D
S214011180D7F8184C184954F82020002007F09CF98D
S21401119000F024F9154954F82020002007F094F9AE
S2140111A0BDE8104024F0FFBC48E6030064E60300F7
S2140111B000640020BE090400DD0904008847002001
S2140111C087E60300AED30300A2D30300A3E6030021
S2140111D0C7E60300EBE603000FE7030033E703006F
S2140111E05AE703009C6E002081E70300A4E7030092
S2140111F008B5D0E9023253F82230187840B1002001
S214011200074907F061F9BDE80840802000F034B8CE
S214011210044907F059F9BDE80840802000F046B8B7
S214011220C7E70300E4E70300D0E9023253F82230AF
S214011230034A1B78003B18BF01231370704700BF99
S2140112400064002018220021094BC3E900121A7B12
S2140112500AB9084A9A601A7C12B94FF47A72DA818E
S21401126040F6B8325A8200229A829A75704700BFB9
S21401127014430020E09304000A4B10B51B687BB1B1
S2140112801B78032B02D8B0F5007F09D1064C2368E2
S214011290034323606368184202D02AF0ECFEA08262
S2140112A010BD00BF8847002014430020024A13687F
S2140112B023EA00031360704714430020014B1868AB
S2140112C0704700BF14430020014B9868704700BF69
S2140112D014430020024B9868FA23B0FBF3F07047E2
S2140112E0144300200122024B98601A73704700BF16
S2140112F014430020024BD889FA23B0FBF3F0704761
S214011300144300200122024BD8811A74704700BF93
S21401131014430020024B588AFA23B0FBF3F07047BF
S21401132014430020014B5868704700BF1443002047
S2140113302DE9F84300244FF00C08104B104F9D7D0B
S214011340104E3988E3B28B4202D32846BDE8F883B3
S21401135008FB03F3F05C06EB030924F026FC50B906
S214011360FF21D9F8080022F076FE20B199F8053061
S2140113709D4238BF1D460134E3E700BF14430020F9
S214011380D2720020206F0020124B10B51B68124C41
S214011390EBB11B78032B02D823689B0517D52AF0DF
S2140113A06AFEA38AC01A638A80B283423EBFD4E92A
S2140113B000329343236024F075FF08B1E08910BD25
S2140113C02368002BFAD1FFF7B3FF0128F6D0A068F7
S2140113D0F5E700BF8847002014430020014B987DA5
S2140113E0704700BF1443002038B504460D462AF066
S2140113F0F3FE244B1B7813B1204623F015F9402C3D
S21401140027D006D884B13F2C18D0BDE8384024F048
S214011410CABB4C3C0C2CF8D81B4B2341DB07F4D43D
S2140114200220FFF743FFF0E74FF40070FFF73EFF9F
S2140114300220FFF721FF154B1C71E6E74FF4007001
S214011440FFF734FF0220FFF731FF00220F4B1A711E
S214011450DBE724F02BFB0028D7D10C4C02202379A4
S21401146001332371FFF722FF4FF40070FFF704FFEB
S2140114702379AB42C9D323F0D8F80028C5D123F08D
S214011480ADF8C2E700640020FEEEFFFF2C4300200B
S21401149010B505F05FFB02280AD124F0DFFE0346F3
S2140114A030B1BDE8104000220249104607F00CB8E2
S2140114B010BD00BF30E803000021024A0248FFF7D2
S2140114C013BA00BF911401003443002038B5002040
S2140114D024F064FB124B1B6893B11B78022B0FD9C7
S2140114E005F038FB022816D10E4C2568FFF74CFF95
S2140114F0A842206008D0FF2122680B4822F093FD05
S214011500BDE8384024F04FBBFF21074822F0A3FD79
S2140115100028F5D1EFE7FF21034822F095FDEFE71C
S214011520884700202C43002034430020024602490D
S214011530002006F0C9BF00BF44E8030010B5234CE5
S2140115402348FF2122F080FD207802281ED00328A0
S2140115502ED0012804D02120BDE81040FFF7E6BFB9
S2140115601C4B19780029F7D002231B4A23701378E5
S214011570052B0EBF00230133DBB29942137003D152
S214011580052313700020E7E7052BFBD0124B1B78D1
S214011590052B02D103232370DDE7104A104932F8E8
S2140115A0230007F085FC032323700028D4D110BD47
S2140115B0094B0C4A1878094B03EB8001897833F8FC
S2140115C0200007F045FC0123EEE700BF0164002080
S2140115D0544300200A6400202E730020F45D00208E
S2140115E0C5170100711701002DE9F04F0D4614468D
S2140115F095B00490112200210FA89946DFF86C815E
S2140116000BF0FAFA04EB45030393D9F800301C2BD0
S21401161002D0039B9C4202D115B0BDE8F08F012396
S214011620DFF844A18DF81C3023884C4AADF81E30F3
S2140116309AF800304A4D08EB83039B7828788DF89A
S214011640203013688DF81D00CDF821305368CDF891
S214011650253024F0AAFA049B8DF8290021882878E1
S214011660002B4AD123F070FF002844D09AF80030AE
S2140116700FAA38F8230007A922F0E5FF00283AD080
S21401168023F08FFD4FF0000B074606461C255FFA38
S2140116908BF2974234D8B7422BD99DF81C30032BD6
S2140116A01AD10FAB0193BDF821300022042100931B
S2140116B001202C4B06F08EFD9AF8003008EB8303D0
S2140116C09978274B187806F001FE9AF8003000202A
S2140116D038F8231024F0BEF95DB107A9304624F08E
S2140116E0AFFD214B05461B78304638F8231024F011
S2140116F0A9FDC9F80050023487E723F01CFFB3E7C1
S21401170010460BA9059224F097FD30B99DF82C10D0
S21401171031B9059AB74208BF16460BF1010BB6E779
S214011720BDF82E00BDF81E209042F6D19DF830007F
S2140117309DF820209042F0D19DF81C208A42ECD1E1
S214011740032A14BF082202220DF121010DF13100F6
S2140117500BF09EFD002808BF0025DEE7026400208E
S2140117602D730020C1EA03002E730020F45D0020D3
S21401177013B503460020114A9C6812780190052A89
S21401178003D01B78032B00D12CB9012002B0BDE891
S2140117901040FFF7CBBE6268217801ABFFF724FF4C
S2140117A0217A0120E26801ABFFF71EFFFF21044802
S2140117B002B0BDE8104022F03FBC00BF2E730020EF
S2140117C054430020094B1B78052B02D00378032BCA
S2140117D002D00120FFF7AABE8168054A0B680548BA
S2140117E013604B68FF21536022F026BC2E73002045
S2140117F0026400205443002038B50024114B124DDA
S2140118001870124BFF211C702C7006F05FFD012230
S214011810032110460E4B06F0DDFC4FF6FF71224603
S214011820084624F01AF9044648B940F6B832FF21B2
S214011830084822F0F8FB01232B70204638BDFFF73D
S21401184075FEFAE72D730020016400200A6400206B
S214011850811B040054430020144BF0B51A68144948
S21401186013680978587988420BD11249D7880846F7
S2140118700022114D1E792B78D4B2A34203D8052C31
S2140118800AD10020F0BD0C88BC4202D18C78B4424B
S214011890F7D001320431EFE7A342F2D120F82270EB
S2140118A0013300EB820086702B70EAE74C4800207B
S2140118B02D730020F45D00200A640020FF2307B585
S2140118C00021044A04480093FEF7D8FF03B05DF8F0
S2140118D004FB00BF3D150100544300201FB5B4238F
S2140118E003210446ADF80E3023F025FE98B12123DE
S2140118F020460093002203210DF10E0323F0CAFFB8
S21401190004460020054B064A0649009406F0DCFD15
S214011910204604B010BD8624F3E700BF6EE803003E
S2140119207BE8030090E80300D0E9023253F8223046
S214011930034A1B78012113700220024AFFF7BEBA40
S214011940467300209FE803000122014B1A7070477E
S214011950467300200A4B90F805111B7890F8082171
S21401196019448A42BCBFB2FBF3F103FB11234FF0CB
S214011970FF32B8BFDBB202FA03F380F80A317047D0
S214011980467300202DE9FF410446057F867EDFF879
S21401199070806E43237F98F8002013449D4212DB2B
S2140119A0607F60B9238B029363690193237C009364
S2140119B06288A31D217805F095FDFF232370002082
S2140119C004B0BDE8F081E37EAB42E9D9A77E228B65
S2140119D0F1199142A4BF921BD7B205EB0323E38111
S2140119E03A4633462946204622F047FE0028E7D1EC
S2140119F0637F3744013301356377BEB2EDB2C9E781
S214011A004673002037B5054624F048FC0D4B0446C6
S214011A101B6869461B78032B82BF0B4B1B881B1860
S214011A20284688BF9CB224F0C1FC38B9684624F029
S214011A3037FC18B9044B1B8823449CB2204603B0DC
S214011A4030BD00BF88470020D6720020084B1B78A7
S214011A50FF2B0BD1074B1B78FF2B07D1064B1B78AF
S214011A60022B03D04FF48070FFF720BC704700BFF5
S214011A70A46E0020A44400207443002010B5044640
S214011A80FF2122F0E1FA054B9C4202BF0023A4F598
S214011A9088742370BDE81040FFF7D8BF8444002047
S214011AA02DE9F0479A462A4B81461B78884616460A
S214011AB0BDF82050002B49D0FF2D3ED938252846A9
S214011AC0BDE8F087234B0C223146A01D636184F8E4
S214011AD00090A4F802800BF0E1F8A289414642F496
S214011AE0004242F040022046A28122F0D8FD2A465A
S214011AF0514660690BF0D2F841464846A21D25833F
S214011B0024F020F9A0760028D8D00544013DB5FB85
S214011B10F0F0FF28D2DC0023E0762046A383FFF70F
S214011B2031FF054680B923794FF48070B372FFF711
S214011B30A3FB227C099B1A80C1E7074C2778FF2F5D
S214011B40C0D040F60345BAE72770F2E70225B6E7AC
S214011B50467300200C640020A4440020B0F906302F
S214011B6010B5002B25DA144C2278237CFF2A02D0EC
S214011B70827A9A4207D0114C2378FF2B17D0827AAB
S214011B80237C9A4213D169B9637F013BDBB2637749
S214011B905BB90B4A237F1278204613442377FFF75D
S214011BA0F1FE0146204622F089FDFFF74FFF012096
S214011BB010BD0020FCE700BFA4440020A46E002056
S214011BC0467300202DE9F04F9A46B1F9063091B0E0
S214011BD0002B0D461746DDF86880049080F22981B7
S214011BE0B8F80030FF2B04D94FF4B871A6482AF094
S214011BF04EFAA64B00241A7893F80401B3F80211A2
S214011C00002A40F0A5802E7AA14A1278B24240F20C
S214011C10AF800222A3F802711A70AA7AFF2483F811
S214011C2004210022A3F8084183F80521A3F8062120
S214011C30B8F80020954883F80C21FFF78BFE38464C
S214011C40FFF7E0FE214600EB4002924822F0EBF956
S214011C504FF48070FFF710FB8C4C94F80A91B9F1A1
S214011C60FF0F20D18A4A94F8053112781344B34203
S214011C7019DC94F80C1184F80531B4F806312046C5
S214011C8001FB0233A4F80631FFF764FE0122824B02
S214011C9038461A70FFF7B6FE494600EB400204F5D7
S214011CA0887022F0C0F994F80531B34260D8DFF8A5
S214011CB0E0B19BF800C00CEB0302964258DA764975
S214011CC094F808210878013A002853D0964205DA9C
S214011CD0B8F8002084F80C2100220A70B6FBFCF943
S214011CE001220CFB196994F80A015FFA89F902FAD4
S214011CF009F2D1B2024076B92889000A844584F8EF
S214011D00080108D92046CDE906210593FFF722FEF2
S214011D10DDE90621059B94F80A01014384F80A11BE
S214011D2082B994F80921B4F806C1013284F8092170
S214011D30B8F80020DAF800100CEB0200FF2826DDC8
S214011D400323237094F80831013B9E4230D138E0DA
S214011D50AE7A864202D18F4200D11C462E7A002CE2
S214011D607FF47BAF002A3FF44FAF012A3FF44CAF1C
S214011D7001205FE09642B1DA94F80C1198F8002041
S214011D809142ABD004F58870FFF778FEF0E794F83F
S214011D900CE1F31A0EFB03C3A01C10FA83F00592A4
S214011DA00AF07CFF94F80831059A013B9E4244D024
S214011DB0012394F80A2103FA09F3013B1343FF2B8D
S214011DC004D122462946384622F06AFC94F80831A6
S214011DD094F809219A42CBD19BF80030B2FBF3F17B
S214011DE003FB112212F0FF0218BF13462278022AC3
S214011DF026D1264A023410785178012804BF0131D1
S214011E005170012224F8022CEA88B4F8041122F059
S214011E104002EA8094F809210A44591E94F80A31CE
S214011E2013FB01F31344A8F80030CAF80040FFF78B
S214011E300DFE002011B0BDE8F08F84F80B21C0E73D
S214011E406979002994D0032A92D1B4F8062194F82E
S214011E500B1108AE11445A1E94F80C31284613FB98
S214011E6002F30B4400219BB2A21CA8F80030CAF86A
S214011E700020CDE900710296049907F005FD89213D
S214011E80304623F05CFF7DE7C6E80300744300207C
S214011E9046730020844400200B64002013B50446DA
S214011EA018B101280BD002B010BDFF2301460093E4
S214011EB0064A0748FEF7E2FC064B1C70F3E7FFF7FD
S214011EC043FDFF22044B1A70EDE700BF7D1A0100A7
S214011ED08444002074430020A444002013B501A9C3
S214011EE009F04AFE044648B9BDF806309DF80420BC
S214011EF0034906F0E9FA204602B010BD8120FBE74F
S214011F005DE9030013B5694609F042FE044688B947
S214011F10BDF802309DF80020074906F0EFFA20468A
S214011F20019906F043FA2046044906F0CDFA204608
S214011F3002B010BD8120FBE781E90300A7E9030099
S214011F4037B5694609F048FE044618BB9DF80130CE
S214011F509DF80020104906F0D1FA104D9DF8012099
S214011F60E3B29A4206D800200D4906F0ADFA0020E9
S214011F7003B030BD0198630003F4FF730222002111
S214011F80184423F0F5FD29460246002006F0B6FA6D
S214011F900134E3E78120EBE7A9E90300D8E9030070
S214011FA0811B040013B501A909F0ECFD044648B9EC
S214011FB0BDF806309DF80420034906F085FA204650
S214011FC002B010BD8120FBE7E2E9030030B5002432
S214011FD00B4D85B06946E0B224F02EF950B99DF854
S214011FE00030032B06D12946BDF805309DF80120A7
S214011FF006F06AFA0134202CECD105B030BD00BFE2
S21401200009EA030008B50020034906F05DFABDE8B9
S2140120100840FF2000F0DEBA1BEA03002DE9F04F6E
S21401202085B006460D46174622F088FB044640B1A9
S21401203030463A46294622F06BFB002005B0BDE843
S214012040F08F4FF003094FEA15285FFA84FA6946C4
S214012050504624F0F1F8B8B99DF800B0BBF1000F76
S21401206012D1694650468DF800908DF805508DF8CE
S21401207006808DF8016024F0E3F802460028D7D0E8
S2140120805846064906F020FA0134202CDDD10020FE
S214012090034906F019FA8920D0E700BF30EA0300A9
S2140120A057EA03001FB5002304468DF80F3022F0CF
S2140120B030FB28B19DF80F3063F07F038DF80F30A9
S2140120C0182301930DF10F030022009304214023EE
S2140120D0204623F0CEFB024618B10020024906F046
S2140120E0F3F904B010BD00BF72EA03001FB502A9E0
S2140120F009F060FD044688BBBDF80820184906F0C3
S214012100FDF92046039906F051F92046154906F0D7
S214012110DBF94FF6F672BDF80810134C4B1E9BB256
S214012120934219D82368039A1B685879FFF776FFFC
S21401213023681B79012B0BD8BDF808300022CDE9A6
S21401214000030421094B092006F044F823F0F1FDB1
S2140121506FF0FF0004B010BD8720E9E78120F9E7A2
S21401216091EA0300A7E903004C480020A8EA03000F
S21401217070B504468AB005AD1122002128460AF042
S2140121803BFD204604A909F009FD044600283AD182
S2140121901E4EBDF810201E4906F096F932681379D6
S2140121A0012B28D84FF6F670BDF810104B1E9BB2C7
S2140121B0834224D81368587922F0C0FA08B33368EA
S2140121C02A461B68BDF81010587922F0A0FABDF80F
S2140121D0103001220421CDE9004309200D4B029560
S2140121E005F0F8FF23F0A5FD034620B100200A4ABA
S2140121F00A4906F069F96FF0FF000AB070BD87243E
S214012200E5E78B24E3E78120F7E700BF4C48002091
S214012210ABEA0300C0EA0300C4EA0300CFEA030006
S2140122202DE9F0479AB004A909F0D0FC044600282D
S21401223040F0B5809DF810205B4906F05FF9254611
S2140122405A4E9DF81020EBB29A4254D800205849B5
S21401225006F03AF99DF81050002D40F099802C4672
S2140122602E46544F06A9F0B223F0E6FFC8B99DF8F2
S2140122701830032B15D13B689DF819201B685B7934
S2140122809A420ED19DF81D2005F168036B4403F8B0
S214012290402C9DF81E200235013403F83F2CEDB288
S2140122A0E4B20136202EDDD19DF810300BB1002CA2
S2140122B077D00AABCDE90143FF2302220421009324
S2140122C009203D4B039505F085FF23F032FD0346BB
S2140122D060B19DF81020002A5FD0384A3849002C9A
S2140122E008BF0A460020374906F0EEF86FF0FF00F7
S2140122F01AB0BDE8F08705986B0003F4FF7302225D
S2140123000021184423F034FC31460246002006F032
S214012310F5F8013595E70598730003F4FF7302227B
S2140123200021184423F024FC002780465FFA80FA37
S21401233006A9F8B223F080FF00BB9DF81830032BE6
S2140123401CD1D9F800309DF819201B685B799A4298
S21401235014D19DF81D30534510D19DF81E30C8F399
S21401236007229A420AD105F168036B44023501340B
S21401237003F840AC03F83F2CEDB2E4B20137202F4E
S214012380D6D101369DF81020F3B29A42C3D88BE716
S2140123900025DFF820902E46F4E7084AA2E78120C0
S2140123A0A6E78B20A4E700BF29EB0300D8E90300CA
S2140123B0811B04004C48002048EB0300FAEA0300A6
S2140123C018EB03004CEB03002DE9F04389B002A99A
S2140123D009F0EAFB0446002867D1BDF80820344915
S2140123E006F072F84FF6F672BDF80850DFF8D49092
S2140123F06B1E9BB2934254D8D9F8003029461B680D
S2140124005F79384622F09AF900284CD026465FFAC2
S21401241086F8404603A923F00FFF28B92946384617
S21401242003AA22F078F920B90136202EEFD14FF019
S214012430FF08404623F0FEFE014658BB112203A8C2
S2140124400AF0DAFB2946384603AA22F061F9D9F8E0
S21401245000301A79012A18D81B68BDF80810587977
S21401246023F047FBBDF8083003220421CDE90043E1
S2140124700920104B05F0AEFE23F05BFC034620B1AD
S21401248000200D4A0D4906F01FF86FF0FF0009B055
S214012490BDE8F08302460A49002006F015F801243B
S2140124A0D5E78724D3E78B24D1E78120EFE700BF68
S2140124B06EEB0300A8EA0300ACEB0300CFEA0300CF
S2140124C085EB03004C4800202DE9F043DFF89480AB
S2140124D00020D8F8003021491B688BB05E790025B2
S2140124E005F0F2FF01275FFA85F9484601A923F0B6
S2140124F0A3FE044690B99DF80430032B0ED19DF837
S2140125000530B3420AD1484623F094FE0146A0B1F5
S21401251002461349204605F0D7FF27460135202DF0
S214012520E1D1D8F8003000211B68587923F0E1FA90
S21401253087F001000BB0BDE8F083112205A80AF070
S2140125405BFBBDF809403046214605AA22F0E0F8BB
S2140125502146304623F0CDFAE0E700BFB9EB030091
S21401256085EB03004C48002037B5694609F028FB87
S214012570044638BBBDF80020134905F0BFFF134DD4
S2140125802046019905F012FF2046114905F09CFFEF
S2140125902B681B68587923F0BBFB70B14FF6F672B7
S2140125A0BDF800104B1E9BB2934209D82B68019AC6
S2140125B01B685879FFF732FD0446204603B030BD4C
S2140125C08724FAE78120F9E7CDEB03004C48002089
S2140125D0A7E903007FB505460024E6B26946304602
S2140125E023F02AFEA8B99DF80030032B11D19DF8DF
S2140125F00130AB4204D0FF2D0BD19DF80D3043B90D
S214012600304623F017FE024618B10020034905F0B4
S2140126105BFF0134202CE0D104B070BD85EB0300D4
S214012620034B1B681878012808BF0220704700BFBB
S21401263088470020D0E9023253F822301A78024B3C
S2140126401A7000F0E7BA00BF0B65002070B5D0E93C
S21401265002456B1EDBB254F8230003221B490AF025
S21401266017FE54F8253004EB8504197863681A7848
S214012670A2F10B030F2B05D915490020BDE87040C8
S21401268005F022BF01290FD1124C9140236840B9B1
S2140126900B43114A23600020BDE870400F4905F046
S2140126A013BF23EA0103F4E702290CD101230C49E5
S2140126B003FA02F20B6818B913430A4A0B60EAE7F9
S2140126C023EA0203F9E70A460749D6E7F1EB0300D6
S2140126D0F5EB0300C86E00200BEC030013EC0300BF
S2140126E0C46E002026EC030030EC030007B5D0E9E9
S2140126F0023103EB810253F821300B491B785268F3
S214012700012B0A4B08BF0B4612684FF000001A60F7
S2140127100092074A074B084918BF1346074A05F0B7
S214012720D3FE03B05DF804FBC86E0020C46E002023
S2140127304BEC030043EC030055EC0300686E040009
S21401274038B5254A254B264C0020264905F0BCFE07
S2140127500020254905F0B8FE22682449002005F02E
S214012760CDFE2068224C234D05F088FE2146002030
S21401277005F0AAFE2A682049002005F0BFFE286859
S21401278005F07CFE2146002005F09EFE1B4B1C49F1
S2140127901A781C4B002053F8223005F095FE00F005
S2140127A00DF919490246002005F08EFE174B002050
S2140127B01A78174905F088FE164B17491A78002033
S2140127C005F082FE04F0C6F9BDE83840024613491A
S2140127D0002005F079BE00BF686E04006FEC0300B0
S2140127E0C86E002076EC03007EEC03008CEC030040
S2140127F0EFD20300C46E00209DEC03003965002073
S214012800AEEC0300CC6E0020C1EC03001E65002078
S214012810D5EC03001D650020E7EC0300F9EC03008E
S21401282007B500F071F8054B0090054A00200549F0
S21401283005F04AFE03B05DF804FB00BF0FED030090
S214012840686E040090E80300F8B504460B4F0C4E82
S2140128500C4D00200C4A0D4905F036FE20463B780B
S21401286029783278F4F782F800233B7033702B70A6
S214012870FF21BDE8F840064821F0E6BB3965002097
S2140128801D6500201E650020686E040014ED03001F
S214012890C444002037B51248FF2121F0D5FB114B67
S2140128A0187810F0100505D0002003B0BDE83040C0
S2140128B003F01CBF0121B42004F0C6FA04460A4BFB
S2140128C00A4A0B490090284605F0FEFD2046FFF710
S2140128D0BBFF4FF4806003B0BDE83040FEF7E6BCB6
S2140128E0C4440020396500202BED0300686E040007
S2140128F090E803000021024A0248FDF7F5BF00BF39
S21401290095280100C444002008B5054B1B7823B167
S2140129101720FFF799FF002008BD0220FCE700BF43
S2140129203965002010B550B1054B00F1100250F882
S214012930044B904243F8044BF9D1024B197010BD79
S2140129401F6500202F65002037B5174D04462B78EC
S214012950DB0626D50090154B0020154A154905F0D3
S214012960B3FD1E2C0BD0652C09D0032C19D00020EA
S21401297023F0DAFC40F61C40FFF766FF0DE023F07B
S214012980FBFC4FF4FA63B0FBF3F202FB1300C21830
S214012990FF21094892B221F046FB2B7823F0100361
S2140129A02B7003B030BD00BF3965002044ED030035
S2140129B0686E040090E80300C4440020014B1879B7
S2140129C0704700BF085E002070B54C4E8EB033785D
S2140129D003F0FB02A3F10905022AEDB258D0042B3D
S2140129E041F6041257D0A3F108014B424B415B005C
S2140129F013434348ADF80C3021F0D0FE48B9414BA3
S214012A003F4A03F1100153F8040B8B4242F8040BC2
S214012A10F9D13D4B1B78002B3FD03C4B0DF10E02FC
S214012A2003F1100153F8040B8B4242F8040BF9D161
S214012A3003A823F099FC2328044610D1012D49D878
S214012A400020334A334905F03FFDBDF80C3003A89A
S214012A5023F40053ADF80C3023F086FC0446002C1A
S214012A6041D14FF40C7023F07DFC044600283AD186
S214012A7003F0FAFE012D36D8274A01AB10685168DB
S214012A8003C3264901A823F0CBFC78B319242AE016
S214012A9043F60412A7E70223AAE73378042B0DD0E6
S214012AA0082B0BD01E4B0DF10E0203F1100153F84B
S214012AB0040B8B4242F8040BF9D1B9E7104A0DF129
S214012AC00E0302F1100152F8040B8A4243F8040B7C
S214012AD0F9D1ADE7337803F0FB03022B03D10020D5
S214012AE0104905F0F1FC20460EB070BD044901A85E
S214012AF023F096FC04460028C8D1F4E73965002087
S214012B000D65002011EE03002F6500201F650020D3
S214012B10686E040068ED030022EE0300586E0400A0
S214012B202BEE0300C3ED030070B5002686B0044605
S214012B30252023F0FFFB1622002116480AF05CF838
S214012B40154B1E60154B1878FFF76AFD022814BF57
S214012B500123042303208DF8083023F039FC0423D5
S214012B608DF810300E4B02A80593039403F030FD48
S214012B7005460C4B0C4A19680C4B3046A14208BF5F
S214012B80134600940A4A0B4905F09EFC284606B0F7
S214012B9070BD00BF085E0020E444002039650020B7
S214012BA0892E0100C86E002043EC03004BEC0300A5
S214012BB0686E04003CEE030008B5134A1378042B34
S214012BC009BF124B01331B78C3F10603DBB2137046
S214012BD003F0FD02092A04D11720FFF735FE17205E
S214012BE008BD0A4A1278002A14BF052206229A4214
S214012BF007D1074B18680028EED0FFF795FF4D2048
S214012C00EEE70020ECE700BF396500202F650020C5
S214012C10C46E002073B51E4C1E4E236832681343E3
S214012C2034D01D4B1B6853B31C4D2B783BBB03F0B4
S214012C3091FFF8B94FF48060FEF71EFB184B24682D
S214012C401B7894B1C3F102032B7003F047FD2046B5
S214012C50FFF76AFF04460020124B134A13490094FB
S214012C6005F032FC204602B070BDC3F1060334689D
S214012C702B70EAE70121B42004F0E6F8EAE7002029
S214012C80094A0B4905F020FC0224E4E70224E9E79F
S214012C90C86E0020C46E00208847002039650020D9
S214012CA02F65002084EE0300686E040090E80300A0
S214012CB06AEE03002DE9F347384D394E00202A7994
S214012CC02B88384905F000FC3268287922FA00F092
S214012CD010F0010002D1344905F0F6FB334F3C7881
S214012CE03CB10822324933480AF0D2FA041E18BF12
S214012CF00124DFF8DC80DFF8A490DFF8B4A014E04C
S214012D0098F8000049460130C0B288F8000023F068
S214012D1003FB002835D13C783CB1082251462548B2
S214012D200AF0B6FA041E18BF01242A793368D34084
S214012D30DB07E5D5002CE3D100922B881E4A1F49FC
S214012D40204605F0C1FB1E4B1878FFF769FC0123EE
S214012D500322124923F0E6FA1A4A0546137801338C
S214012D60137010B902B0BDE8F08720462B46124A10
S214012D70154905F0A9FB284602B0BDE8F047FFF764
S214012D8063BD0020114905F09FFBFFF715FF0028E2
S214012D90E8D102B0BDE8F04700F01CB8085E00209C
S214012DA0E44400208AEE0300BBEE030038650020F1
S214012DB030650020165E0020686E04008AEF03006E
S214012DC0396500201D6500202BEF030054EF03003A
S214012DD00C6500202DE9F041214C224D237800207E
S214012DE055F82330204A214905F06EFBFFF7ECFD2C
S214012DF003461D4E1E4FDFF874802BB92378042B33
S214012E0015D8B3B91B4B15E032463946002005F0FC
S214012E105BFBFFF7D1FE00BB2378324655F8233023
S214012E20414605F051FBFFF7CFFD0346E5E7092BC9
S214012E30E8D1114B00201B68104A11491360114B51
S214012E40187023F069FA20B1BDE8F0410120FFF7C0
S214012E50FBBCBDE8F041FFF72DBFBDE8F08100BF28
S214012E6039650020CC6E0020686E0400AAEF0300CE
S214012E70B7EF0300C46E0020C86E0020E4440020B3
S214012E80085E00200C65002070B51C4C23789BB3AF
S214012E90838913F4407F2FD0056835B12A46BDE8F3
S214012EA070400020164905F00FBB23F033FA154E8B
S214012EB003463070144A2846144905F005FB33785A
S214012EC01BB1BDE87040FFF785BF2378082B0CD8EF
S214012ED0042B0CD80E4B1B78C3F1060323700D4B45
S214012EE0BDE870401868FFF71FBE0A2BF2D1BDE897
S214012EF070401820FFF7A8BC70BD00BF39650020E0
S214012F00E2EF03001E650020686E04000FF0030068
S214012F102F650020C46E002030B5464D034604469A
S214012F20454A0020454987B005F0CEFA2B782BBBE1
S214012F3001A823F077FA022301A88DF8043023F0C4
S214012F405FFAB0B93E4901A823F05CFA88B1152CA6
S214012F500FD123F011FA47F23153B0FBF3F202FB23
S214012F60130000F51C50103080B203F0BFFB07B011
S214012F7030BD162CFBD103F0F3FBF8E7152C2AD154
S214012F8000202D4A2F4905F09FFA2B78042B11D0EB
S214012F90082B0FD02C4B1B78DA070BD401A823F093
S214012FA0DDF918B9BDF804309B0703D42B7843F03C
S214012FB010032B7023F0E0F94FF4FA63B0FBF3F241
S214012FC0FF2102FB1300C218204892B207B0BDE8E9
S214012FD0304021F028B823F001FA04460028C6D173
S214012FE02B78013B092B1ED8134A194905F06CFAB8
S214012FF0184A194913780133D8B2107023F08CF9A6
S21401300060B12046154905F05FFAFFF7D5FD0028A7
S214013010ADD107B0BDE83040FFF7DCBE07B0BDE874
S2140130203040FFF747BE40F61C4007B0BDE83040D1
S214013030FFF70ABC39650020686E040033F0030010
S214013040586E04004AF003000B650020C4440020BB
S2140130505DF003000C650020085E002054EF0300BD
S2140130602DE9F0410B4686B004460E4617463A490E
S2140130700246002005F028FA4FF000080123CDE9AA
S21401308001380DF1160300934246402306212046DF
S21401309022F024FC054640B102463049404605F080
S2140130A013FA284606B0BDE8F0819DF816202AB925
S2140130B036B900202A4905F007FAF2E7012EF8D0C2
S2140130C082F00103002027498DF8173005F0FCF93E
S2140130D09DF817300DF1170633B310230022CDE902
S2140130E0006306214023204622F0C3FB064630B18A
S2140130F0324600201C4905F0E7F93546D1E74FB9BD
S2140131000821204622F017FA20B120469DF8171014
S21401311022F0F0FC0521204622F00DFA0028C0D04E
S214013120204622F0E4FCBCE74FB90821204622F0F5
S21401313002FA20B120469DF8171022F0DBFC10237E
S2140131400022CDE9006306214023204622F091FBB0
S21401315006460028DED0CBE78CF20300A8F2030077
S214013160C1F20300E1F2030001F30300002208B5F7
S214013170034B11461B681B685879FFF771FF08BDA2
S2140131804C48002008B5044B00221B6801211B682F
S2140131905879FFF765FF08BD4C48002008B5044B79
S2140131A000221B6802211B685879FFF759FF08BDEA
S2140131B04C48002010B50123002488B001A88DF8E2
S2140131C00430CDE90244F5F7E3FC20469DF80420DF
S2140131D0124905F079F92046039A114905F074F968
S2140131E02046029A0F4905F06FF910220E4B0DEB9F
S2140131F00201188840F0604040F48010FBF744F963
S21401320020460A4905F07AF904A822F0F3FC204684
S214013210074905F059F908B010BD00BF1AF30300BD
S21401322039F3030058F30300186E040077F3030024
S214013230811B040008B521F0E2FA0020024905F0DE
S21401324043F9012008BD00BF94F303000023054A9B
S2140132508360C360044BC0E9002311B14FF6FF73CE
S2140132600B807047491046B22630021110B504464D
S21401327060B10020064905F027F9052C06D002F0BA
S214013280CBF904490246002005F01EF9012010BDC5
S214013290A8F30300B9F3030037B500216A4601AB72
S2140132A0054621F06DFB044668B100220F49104621
S2140132B005F00AF902F0B0F90D490246002005F0C2
S2140132C003F903B030BD0B4905F0FEF8012020F0EC
S2140132D0ACFA01F099FF431C02D007F09DFFF0E71E
S2140132E021462846FFF7A6FFEBE700BFE2F30300FF
S2140132F0B9F303002AF4030038B5054601F084FF4C
S214013300044622F0C0FB4DB100200E4905F0DCF862
S214013310631C14BF2046002007F040FF21F07DFA11
S2140133200228044605D0012805D10020064905F0EB
S214013330CBF8204638BD0020044905F0C5F8002426
S214013340F7E700BF47F4030061F403007AF40300D3
S21401335008B50020034A044905F0B6F8BDE8084060
S21401336000F050BD2404040093F4030008B50020C7
S214013370034A044905F0A8F8BDE8084001F0CAB9B7
S214013380B2F4030093F403001FB5D0E9023253F8F8
S214013390223068461C78214601F0D0FB684601F0D1
S2140133A073FC28B92246044905F08EF804B010BD16
S2140133B06846FFF771FFF9E7B8F4030000200149FA
S2140133C005F082B8D4F403007FB50DF1060102A81A
S2140133D0FFF73CFF0020264905F076F80020BDF8EF
S2140133E00820244905F070F80020BDF80A2022497B
S2140133F005F06AF8039A0020204905F065F80020D8
S2140134001F4905F07BF84FF6FF73BDF806209A4278
S21401341029D000201B4905F057F800201A4A1B49FD
S21401342005F052F800201A4A1A4905F04DF8002214
S2140134301949104605F048F80020154A174905F0C5
S21401344043F80A220020164905F03EF80A22002019
S214013450144905F039F80A220020134905F034F81A
S21401346007B05DF804FB0020104905F02DF8D4E7FD
S214013470E3F40300FBF4030014F503002DF5030049
S21401348046F5030051F30300E09304005CF50300E6
S214013490C02709007BF503009AF50300B9F5030080
S2140134A0D8F50300F7F5030015F6030059F50300F8
S2140134B008B50020034905F007F8BDE808400120DB
S2140134C001F0FAB933F6030008B50020034904F009
S2140134D0FBFFBDE80840002001F0EEB94CF6030002
S2140134E030B5104B104D1B5C85B08DF80F302B7826
S2140134F00446834206D00D4B0D4953F82020002088
S21401350004F0E2FF30232C700A4801930DF10F03FB
S2140135100093062280231921007822F0AAF905B02B
S21401352030BD00BF7F6E0400416500208C6E040034
S21401353064F60300307300201FB523230390019324
S214013540064803AB0093012280231921007822F05C
S21401355090F9039805B05DF804FB00BF30730020B6
S21401356073B5164D04462B78154ECBB121F076F97E
S214013570012815D0346040F6B244124B1B78072B55
S21401358017D02D78C5B921F069F9031E18BF01239C
S2140135900D48009522461921007821F0EEFC03E043
S2140135A000233360002CE8D1201E18BF012002B092
S2140135B070BD02250123EBE70025FBE73E650020F1
S2140135C0E8440020416500203073002008B5044817
S2140135D0FFF7C6FFBDE808400220FFF781BF00BF26
S2140135E0C027090010B5064C208822F084FA6088AE
S2140135F022F081FA6068BDE8104022F08BBA00BF65
S214013600EC4400207FB523238DF813300DF113030E
S214013610029304230648019305AB009301228023FD
S2140136201921007822F05AF9059807B05DF804FBD5
S214013630307300202DE9F047DFF84C91044699F8E5
S214013640000090460F4621F058FF0B2899F80020FD
S21401365005D9BDE8F04700203F4904F035BF0026F4
S2140136603E4B3F4D1E803F4BDFF820A103EB00137E
S2140136705B8801202B802A7104F04EFE05F0F6FED1
S21401368004F04AFE204604F047FE0123042C8AF883
S21401369000300BD8022C45D89C4216D02346BDE8F4
S2140136A0F0470020304A314904F00EBF062CF5D110
S2140136B030462F4904F008FF384604F02DFEFFF788
S2140136C091FF97B18AF800600FE04FF6FF76294F19
S2140136D03888801B18BF012004F01EFEFFF782FF0A
S2140136E03888B04201D022F006FA19236B8099F887
S2140136F0003000202B71204B1B786B71EB8843F058
S2140137004003EB801D4B198822F0A4F9034620B133
S214013710224600201A4904F0D7FE4046BDE8F0478D
S214013720FFF71EBF304604F0F7FDFFF75BFFFFF71C
S21401373069FF22F0EFF9134B1B78002B0CBF3F20DB
S214013740202004F0E9FD042CCFD14FF4806022F054
S214013750D2F93220C7E700BF77F603002C5E0020BF
S214013760305E0020BC46002031E40300C3F60300AF
S214013770A6F60300205E00202F730020D0720020E2
S214013780DCF603003D650020307300203E65002016
S21401379038B5044605200D46FFF7A2FE184B1A88D9
S2140137A04FF6FD739A4207D10020164904F08CFEAD
S2140137B0BDE83840FFF70ABF65B1134A13780133F5
S2140137C0DBB2092B137014D90A2200200F4904F02A
S2140137D07BFEEDE7012C0ED10B4B1D700C490D48FD
S2140137E0FFF734FDBDE83840002101200A4AFFF703
S2140137F021BF012CF2D0BDE838400748FFF7B0BE24
S214013800D072002016F703004065002041F7030040
S214013810205E0020EC440020E093040008B5064931
S214013820002004F051FE0548FFF736FDBDE80840CC
S21401383000210846FFF7ACBF85F70300EC440020E3
S214013840814237B50346154608D2002000910F4A3B
S2140138500F4904F039FE002003B030BD0C1A224691
S21401386000200C4904F030FE40F6BB5322460020EF
S214013870094904F029FE4FF47A735C43074B012093
S2140138809C4294BF2C602B60E6E700BF31E4030046
S21401389096F70300D3F70300EEF7030080EE360039
S2140138A010B504460820FFF71BFE0D4B3CB91C70F3
S2140138B00021BDE8104006200A4AFFF7BBBE1B7870
S2140138C0092BF5D90A220020074904F0FDFD002046
S2140138D0064904F0F9FDBDE81040FFF79FBF00BFA1
S2140138E040650020C02709001AF803005BF80300B2
S2140138F073B51F4D2C7834B100201E4902B0BDE8C7
S214013900704004F0E1BD0220FFF7EAFDFF221A4EE7
S2140139101A4B30781A7021F0F0FD0B2807D9204693
S2140139203278174902B0BDE8704004F0CDBD154BA2
S2140139301549009301EB0011012319224FF6FD7082
S214013940498805F037FA70B12046104904F0BCFDED
S21401395000220F4B0F481C700F4B1A7002B0BDE8C7
S2140139607040FFF7FDBD01240C492C70EEE700BF47
S2140139703F6500206CF80300307300202F73002091
S21401398077F60300813C0100BC460020ADF8030039
S2140139903E650020C027090040650020D3F80300DB
S2140139A038B5144D04462B78052B21D91249FFF75B
S2140139B05DFC24B918B9114904F086FD0424104BA6
S2140139C0195D21B9BDE838400846FFF769BF032CE9
S2140139D006D02B78052B03D006200A4AFFF72AFECD
S2140139E00021094B08461970BDE83840FFF7D0BEE4
S2140139F038BD00BF41650020EC440020F5F8030007
S214013A00756E0400C02709003E65002030B50446E7
S214013A1089B00720FFF764FD052C0AD100222A4B46
S214013A2003A91A7002A804AA01F0FEFD30B1022013
S214013A3045E09CB90122244B1A700224224D2878B5
S214013A4078B1421E504221495041FFF755FC0223EE
S214013A5004462B70022C0ED10A200FE0022CE6D170
S214013A60EBE7631F5A424FF0050018495A4120F010
S214013A70FCFE0446EEE7032C04D10020FFF770FDA0
S214013A8009B030BD062C06D10020114904F01CFDFA
S214013A9001232B70E0E70F4A0F4B2878002C18BF44
S214013AA013460E490E4A0094002808BF0A46002015
S214013AB00C4904F009FD201E18BF0120400009B082
S214013AC0BDE83040FFF76CBF3C650020EC440020A9
S214013AD030F9030029F9030022F9030011F9030064
S214013AE01BF903006BF9030013B51F4C0620FFF703
S214013AF0F7FC2278092A09D900201C4904F0E4FCC5
S214013B00042002B0BDE81040FFF74ABF184B1B78EF
S214013B102BB300201FF0ADFE20F0A0FE68B9FFF722
S214013B2071FD144B196820F090FE02460420002116
S214013B3002B0BDE81040FFF77DBD01A820F08CFE65
S214013B40FF2809D14FF4FA6023780133237002B0BD
S214013B50BDE81040FFF704BD0198FFF7EDFC4FF4F8
S214013B60FA620320E3E700BF4065002086F9030000
S214013B703D650020FC440020F023F0B589B0CDE976
S214013B80000334488023002219210078324E334F37
S214013B9021F06FFE0020324904F096FC3246394689
S214013BA003A801F041FD032804462E4D1CD106262C
S214013BB0039A2D49002004F087FC0398FFF7BCFC0C
S214013BC00020396800F0ACFE2E7001F09FF900224B
S214013BD00446264B30461A70FFF782FC84BB09B0B8
S214013BE0BDE8F040FFF780BF28BB7268204904F0AB
S214013BF06BFC214604A8FFF729FB059B72689342DC
S214013C000BD020461B4904F05FFC072305202B70D0
S214013C1009B0BDE8F040FFF7F9BE1A46204616493E
S214013C2004F052FC0523002101202B7009B0BDE8E9
S214013C30F040FFF7ADBD0020104904F045FCF1E768
S214013C40042C05D0042009B0BDE8F040FFF7A8BE5B
S214013C5009B0F0BD30730020EC440020FC44002085
S214013C60BEF9030041650020EFF90300406500201E
S214013C702AFA030063FA0300B7FA0300F3FA030013
S214013C80F7B50446876800202378364D012B287047
S214013C9004D0354B3549187004F016FC26785EBB07
S214013CA0334B1B78FF2B04D103B0BDE8F040FFF780
S214013CB08DBC304B1B78032B11D82F4C0320FFF7FC
S214013CC00FFC6946208822F071FB002843D02B495F
S214013CD0208805F0EDF820B12E70FFF777FC03B0D1
S214013CE0F0BD0124204B26491C7004F0EDFB032097
S214013CF0FFF7F6FB2C70F2E7012E25D13B78002B5F
S214013D00EDD01B4D2B78FF2BE9D1A68802F04AFF98
S214013D10864206D100201B4903B0BDE8F04004F0FE
S214013D20D3BB194BA2881B783BB132B1174900208F
S214013D3003B0BDE8F04004F0C7BB7B6814491B78AC
S214013D402B700D4B1A80F2E7032E08D10822684625
S214013D50A16808F0A3FF6846FFF70EFFBFE7002340
S214013D602B70A1E73E6500203F6500200EFB030097
S214013D702F73002041650020D0720020813C010095
S214013D80D3F803002EFB03003B65002054FB030021
S214013D907FFB03007FB5094B1A78FF2A0AD11870FA
S214013DA001F088FB0022064B0DF1060102A81A80DD
S214013DB0FFF74CFA07B05DF804FB00BF3073002034
S214013DC01E5E0020152838B517D10C4B1D78A5B9F5
S214013DD022F0D2FAC4B2012C38BF01240120FFF729
S214013DE07FFB28462246064904F06EFB4FF47A70A4
S214013DF06043BDE83840FFF7B3BB38BD41650020DE
S214013E009CFB0300034B1B78022B01D8FFF770BD08
S214013E10704700BF4165002070B5284C20F019FDA1
S214013E202578274EBDB10020264904F04DFB264AD1
S214013E30137801331370002323703378062B0AD1CD
S214013E40BDE87040214B1868B0F5FA6F38BF4FF4E3
S214013E50FA60FFF785BB3378013B082B2CD8DFE8E7
S214013E6003F005090D2B13191D222700BDE870402C
S214013E70FFF7C8BFBDE87040FFF73ABD00232370C7
S214013E80BDE87040FFF7A2BB2946BDE8704001209F
S214013E90FFF77EBCBDE87040FFF726BE0220BDE8F6
S214013EA07040FFF7B3BD0120BDE87040FFF7F8BCD6
S214013EB0BDE87040FFF7B2BC70BD00BF3E65002094
S214013EC041650020CBFB030040650020E84400204C
S214013ED010B90520FFF764BD034B1B78062B01D1F3
S214013EE0FFF79ABF704700BF416500202DE9F047F4
S214013EF08E68054633189A780C46092A8EB008D97A
S214013F000020A34904F0E0FA852420460EB0BDE85F
S214013F10F08750B98B899F49895C8B4205D2009105
S214013F209D4904F0D1FA8024EFE79C4BE7881B8873
S214013F309F4236D09A490978012932D932B13A4698
S214013F400020984904F0C0FA7E24DEE7964B1A70EA
S214013F50934B26791B78052B03D0012B3AD8FFF714
S214013F6051FF5EB93146204621F0E9FE034600289E
S214013F7051D030468D4A8E4904F0A6FAD4F808800E
S214013F80A48998F8037098F80450002E4CD1304656
S214013F90884A894904F098FA00210120FFF7F8FBC6
S214013FA04FE00021804B1970072A00F28A8301A393
S214013FB053F822F0513F0100FF400100FF4001008D
S214013FC0114301001143010011430100A7450100FF
S214013FD0A7450100022B17D102F0E4FD8742B3D0BA
S214013FE00020764A764904F06FFAFFF781FC46BB5B
S214013FF03146204621F0A3FE034610B36B4A6C49B6
S214014000002004F061FA1CE06E4A00206E4904F0BC
S2140140105BFA012479E7A3681B78DA06AED4324648
S2140140206A4904F051FAA9E700210AA8FFF70EF938
S214014030032F08D95F4B664A66490097002004F0B3
S21401404043FA002461E76B1E632B04D9594B604A7F
S21401405061490095F2E7614BE4B2DB5D9C4209D011
S214014060CDE901430020534B594A5D49009704F0BE
S2140140702BFAE6E757B3A4B222460521404621F0C3
S21401408077FDBDF82830834203D04A4B554A56493E
S214014090B6E7012F1AD022460721404621F068FDD7
S2140140A0BDF82A30834203D0424B4E4A4F49A7E718
S2140140B0032F0BD122460921404621F056FD0B9BCA
S2140140C0984203D13B4B474A494999E7642D3FF44F
S2140140D063AF22F051F96423C0B2B0FBF3F203FBE5
S2140140E012030133DBB29D42BFF456AFCDE9005354
S2140140F00020304B3B4A3F4904F0E6F9A1E7284B44
S2140141001B78052B01D03C4A7FE7EB1CDBB2277BF3
S214014110F45C44B123460020374A384904F0D4F908
S21401412000210C460BE00F2F0DD8102320463449F2
S2140141300093314A3B4604F0C7F980240121002050
S214014140FFF726FBE1E60435EDB220462A4A2D4963
S21401415004F0BAF97A1B7119D2B206A820F08CFBCA
S21401416005443A46E9B2304621F0FFFC264D069A50
S2140141702B68264F9A42386001D100284AD124493B
S21401418000201D4A04F0A0F985240121D7E700BFCD
S214014190E8FB0300B86E040000FC0300D0720020A8
S2140141A0416500202FFC03003E650020A5FC0300AE
S2140141B0ADFC030035FD03004AFD030073FC03005C
S2140141C080FC0300D5FC0300E2FC0300FFFC0300B7
S2140141D05FFD030067FD030081FD03007B6E0400A5
S2140141E09FFD0300F4010400D9FD030003FE030054
S2140141F02BFE030052FE030086FE0300A0FE030012
S214014200CFFE0300E6FE0300EC440020FC44002041
S2140142100FFF030000F08EFF3E68B0420AD200F0A6
S21401422089FF9D4903463246204604F04DF989240C
S214014230012184E7079A6B689A4205D12046974A7E
S214014240974904F041F96BE79649097859B19A42C2
S21401425009D22046944904F037F996210620934A5C
S214014260FFF7E8F95CE7924A924905A801F0DCF904
S214014270079E48B96A68964206D88F4904F024F921
S2140142800520FFF7C3FB40E6324600208B4904F0C9
S2140142901BF939680027002000F042FB00206E6001
S2140142A0FFF74AF9864B06201F80FFF719F9854B61
S2140142B01F7001F0B1F90646F8B94FF6FF73824A4E
S2140142C00AA81188994214BF13463B466A88298872
S2140142D001F012F90AA800F0D7FC58B10AA801F0BB
S2140142E0DDF938B13046794904F0EEF80420FFF7DD
S2140142F057FB0AE6FFF7F8FB07E6042805D1744BDF
S2140143001921187820F050FEFFE538467149EBE791
S214014310714B1B78062B01D0704A76E6DFF8A0A118
S214014320EB1C94F80C90BAF80080DBB22EB930463C
S2140143306B4904F0C9F88724E7E5F75C2C1D972F35
S214014340E4B22FD025D8812F71D0952F67D017BB17
S214014350B9F1100F7FF6E7AD31194A460AA820F0E9
S2140143608BFA0444E4B221464A46304621F0FDFB6E
S214014370231DDBB2053416F803A0E4B2A9EB04034F
S2140143805345054666DA009338465346534A55491F
S214014390C7E5982F43D03B460020504A524904F0C7
S2140143A093F8C8E7B9F10A0F7FF6BDAD1FFA89F792
S2140143B021463A46304621F0D8FB05F1080104466D
S2140143C03A46C9B2304621F0D0FB0AAA0146204639
S2140143D0FFF736FA08B9454B0A93B9F10C0F12D913
S2140143E005F10C013A46C9B23046DDF8288021F0C5
S2140143F0BFFB044602463E49002004F065F8AAF8D1
S214014400004044440A940A9C3A492246002004F09B
S2140144105BF82046FFF7A4F820F026FA11E63649A5
S214014420002004F051F80320FFF7BAFA09E6334CEE
S21401443023786BB120F00BFA50B10020304904F01C
S21401444043F80023237020F00FFAFFF74DFBF8E541
S2140144502C49E5E7DFF8A49099F8003043B9FFF757
S214014460D1F88542034607D01C4A27490095E5E561
S21401447020F0F4F90128F2D110220D480AA908F01B
S21401448007FF10B9BAF13F0F42D9144A1F4900205D
S21401449004F01AF84FE700BF2EFF030086FE030064
S2140144A066FF03003A6500209BFF0300C027090052
S2140144B0EC440020FC4400202AFA0300DCFF030041
S2140144C01E5E002040650020205E0020FEFF0300E7
S2140144D0307300201D0004004165002043000400E5
S2140144E0580004008501040067010400E0930400FD
S2140144F093000400BE000400DD0004003D650020BA
S214014500F900040038010400C1010400FD010400A3
S2140145106D4B187099F800304BB120F098F930B116
S214014520284620F097F9042807463FF48AAD5146FD
S2140145302846321920F0D1FA28B10020634903F049
S214014540C3FF042070E799F80030554463B120F0AA
S2140145507EF948B1FF2FF4D0012F3FF472AD032F3F
S21401456016D120F07FF905462846FEF7E5FF0446FA
S21401457002460521564820F0A6F9564B1B689C4278
S2140145800AD3204620F0A4FA0520FFF73FFA58E5A3
S21401459020F066F98046E7E74046FEF7E1FF00288F
S2140145A07FF44FAD51E74C4B1B7803F0FD03082B0E
S2140145B001D04A4A29E5A48935B1F27822B1002012
S2140145C0474903F081FF2EE7E4B22246F11C0AA810
S2140145D020F052F9434BBDF8282019880546914230
S2140145E00DD04FF6FF718A4209D03C4A00203E4B5F
S2140145F03E4903F083FFBDF828203D4947E7BDF853
S2140146002A20598891420CD04FF6FF718A4208D071
S214014610324A0020374B354903F070FFBDF82A2097
S214014620EBE70B9A5B689A420AD0013208D02B4A14
S2140146302E490020304B03F061FF0B9A2F4926E7E5
S214014640A4B2E91C2246C9B2304621F08EFAE91D11
S214014650C9B207462246304621F087FA431C014676
S21401466006D10820FEF73CFF2548FEF779FFE8E46F
S214014670384606AAFFF7E4F8A8B9214B0693214B62
S21401468000221978204B187820F0D2F8069C204694
S214014690FEF766FF224600201C4903F015FF09209D
S2140146A0FEF71EFFCDE440F6B733069A9A42E6D8E7
S2140146B040F6B8320020164903F006FF40F6B8333C
S2140146C0DCE7812421E400BF4065002030020400BD
S2140146D053020400FC440020416500205C020400F3
S2140146E071020400EC440020F3FD0300980204006C
S2140146F051F303001DFE0300B3020400B00A0400D8
S21401470080EE36002F73002030730020EB02040089
S214014710C002040008B50420FFF742F90020FEF7A6
S214014720DFFE0023054A19211370054A1370054B55
S2140147301878BDE8084020F037BC00BF3E65002071
S2140147403F6500203073002010B5164B164C1A78C2
S214014750164B002053F82220154903F0B5FE2178A8
S214014760144B154A0020002918BF1A46134903F0B6
S214014770ABFE23782BB1124B00201A68114903F0C7
S214014780A3FEFEF73FFF0446FEF73CFF0E4B1968FB
S21401479020F08CF82246BDE8104003460B49002065
S2140147A003F092BE416500203E6500208C6E040039
S2140147B007030400DD090400BE0904001403040015
S2140147C0E84400202E030400FC44002047030400B4
S2140147D038B5014604460020FFF788FB054698B128
S2140147E0E37C00200A4A0B4903F06EFE2379042B72
S2140147F00AD02946204621F0A2FA034620B100201D
S214014800054A064903F060FE6FF0FF0038BD00BFA1
S21401481031E403006F030400A5FC0300ADFC0300B4
S21401482010B51346094A127882420DD163B1084A7F
S214014830002014680A46074903F046FE2146BDE8F3
S21401484010400120FFF752BB10BD00BF307300209F
S2140148504C4800209103040010B50D4B1C782CB178
S214014860BDE8104000200B4903F02EBE6420FEF781
S21401487063FE4FF6F0716FF00F02074B0320C3E99A
S214014880001222462146BDE81040FEF7D3BE00BF07
S21401489041650020CA030400EC440020014B187057
S2140148A0704700BF3D65002000210620014AFEF743
S2140148B0C1BE00BFC0270900014B1870704700BF7A
S2140148C03A650020114B2DE9F04107460D46186860
S2140148D00F49101A09681FF0E9FFDFF840800D4EF6
S2140148E098F800400346FF2C307004D0A8420AD343
S2140148F02C44A04207DB3A460020074903F0E4FDBA
S214014900337888F800303078BDE8F081044500201F
S2140149100045002042650020F804040031730020A1
S21401492050EA010208D0FF22054B091A1A70054BFE
S2140149301860054B1960704711461046FFF7C2BF55
S2140149403173002004450020004500202DE9F04F7A
S214014950AFB006AD284600F0FDFD0026624FDFF839
S214014960D091284600F090F9044648B900F0BEFD03
S2140149705E490246204603F0A7FD2FB0BDE8F08F42
S21401498039460020F2B203F09FFD284616A900F032
S214014990FFFD044620B15649002003F095FD8FE047
S2140149A0BDF85820534903F08FFD49462046BDF80F
S2140149B05A2003F089FD2046BDF85C204E4903F0DD
S2140149C083FD2046BDF85E204C4903F07DFD204660
S2140149D0BDF860204A4903F077FD2046199A4949F7
S2140149E003F072FD2046BDF86820474903F06CFDD0
S2140149F0204646490DF16A0203F066FD4449204609
S214014A00239A03F061FDBDF85C30D90705D5204631
S214014A109DF890203F4903F057FDBDF85C309A079A
S214014A2014D500203C4903F069FDBDF85830B3F5B4
S214014A30807F4FD1002021F0E2F818B10DF19100EE
S214014A4003F0C4FC0020354903F03EFDBDF85C30A0
S214014A505B070BD50020BDF8B220314903F034FDC9
S214014A600020BDF8B4202F4903F02EFD062228466B
S214014A700DF116030AA91FF048FF044690BBBDF8C6
S214014A801620294903F020FDDFF8A8A0DFF8A8B01A
S214014A900DF12808BDF81610A2B2914210D9B8F847
S214014AA000205146002003F00FFD0134D8F8042001
S214014AB05946002003F008FD062C08F10808E9D144
S214014AC06C46204600F05AFD94E80F00013685E852
S214014AD00F0046E70123202200200DF1910103F08B
S214014AE057FCAFE7114957E70A050400D70604004B
S214014AF013050400370504006B0504008405040053
S214014B009D050400B6050400CF050400E805040071
S214014B10FD0504001906040032060400811B04008A
S214014B20450604005E06040077060400AA06040093
S214014B305005040088060400980604002DE9F0419B
S214014B4088B004AD044628468846002700F002FDDA
S214014B506E46474507D195E80F0084E80F002046CA
S214014B6008B0BDE8F081304600F008FD96E80F0079
S214014B7085E80F00284600F087F801370028E8D1BD
S214014B80014B0FCBE9E700BF0C7104001FB5D0E95C
S214014B90023253F8223068461978FFF7CFFF68468D
S214014BA000F07CFD48B1042809D1074A00200749D6
S214014BB003F08AFC05B05DF804FB054AF6E7002021
S214014BC0044903F081FCF5E779100400F2060400BD
S214014BD0290A0400FEFF030010B5D0E9023203EBF8
S214014BE08201496853F8223098B00C6804A81978F5
S214014BF0FFF7A4FF03AB40220093214608AB04A8AD
S214014C0000F0E2FC024628B100200E4903F05CFCED
S214014C1018B010BD039808A900F007040122C0F3DC
S214014C20C70003F0FBFB039908A8091B01440648CB
S214014C3001232246008803F0ABFB044803F0E4FBA3
S214014C40E6E700BF020704003C5E0020811B04006B
S214014C50F0B504460D460B4BEF880FCB84E80F00EA
S214014C60AB882E899B0741BFD5F83900D5F83D1092
S214014C7004F1080303C3EA68204627806680626061
S214014C80F0BD00BFC46E0400102208B5034908F049
S214014C90FFFA003818BF012008BD00BF0C710400E0
S214014CA008B521F0C7FFC288FF219208012A38BF44
S214014CB0012202481FF0B7F9012008BD1445002063
S214014CC038B5134690B10120274A1070274A0020B4
S214014CD01160274A13600A46264903F0F5FB02F0E5
S214014CE043FB254B1870022002F044FB21F0BDFF68
S214014CF0E8B91D4D1D4C2B782BB921F09BFF22687E
S214014D00C368134423601A4B24681B689C4229D24B
S214014D1021F090FFC168204606F022F800240246E2
S214014D202C7050B921F0A1FFFFF7BAFF03E0FFF79F
S214014D30B7FF0028DDD0012038BD20460F4903F01B
S214014D40C3FB0D4B187802F015FB00200C4903F04D
S214014D50BBFB00F091F908B900F0AEF92046FFF769
S214014D60B7F8E8E70124ECE7446500200C4500208D
S214014D700845002029070400436500205507040064
S214014D807507040038B500F04BFA044600F042FA05
S214014D90241A21F04FFF054618B9B1211B4827F008
S214014DA076F9AB8803F00303032B03D0B22117482F
S214014DB027F06DF900F02EFA05461FF019FE0123C3
S214014DC08340013B2B4203D0B421104827F05FF902
S214014DD01FF00EFE01238340013B234203D0B52181
S214014DE00A4827F054F905F091FD05461FF000FE2C
S214014DF04FF48063B3FBF5F3C440A34205D2BDE88C
S214014E003840BA21014827F042B938BD8B07040063
S214014E10FF2108B504481FF017F9BDE80840002235
S214014E2011461046FFF74CBF14450020F7B504465F
S214014E300E4600F089F8054621F0FCFEC3682B44B7
S214014E409C4220D31FF0D4FD2C44C440013C114F9A
S214014E503B68DEB1A34219D101340023ADF804301A
S214014E6000F0E4F9054605F051FD103504FB005449
S214014E7005F04CFD01A90246204605F099FD1FF0FC
S214014E80C7FD386004E04FF0FF34E0E7A342E4DBFF
S214014E9003B0F0BDF86E00204FF0FF320A4B10B59C
S214014EA01A600022094B1A7000F0B4F9044600F0AB
S214014EB0B7F9214602460120FFF702FF00280CBF82
S214014EC00120042010BD00BFF86E002045650020BB
S214014ED038B500F0D1F808B9002038BD094D0A4CA4
S214014EE02B7823B91FF094FD012320602B702468D2
S214014EF01FF07EFD01348440EED000F025F82044FA
S214014F00EBE700BF45650020F86E002070B50D4C3C
S214014F102368002B01DA012070BD00F07BF90546FD
S214014F2021F088FE2468C6681FF062FD013404FA89
S214014F3000F1294401208A19FFF7C2FE0028EAD0B1
S214014F400420E9E7F86E0020024B18680C301FF0C9
S214014F508FBD00BFFC6E0020FF2307B50021044A69
S214014F6004480093FBF78AFC03B05DF804FB00BF1E
S214014F70114E0100144500200E4B70B51C68054605
S214014F80036804F582641C440E46FFF7DDFF2B68B8
S214014F90834208D232681A44824208D9C31A0120D1
S214014FA033602C6070BD044A126813441C1A00203A
S214014FB0F7E700BFFC6E0020104500202DE9F04FFA
S214014FC0B3F5803F87B00F469846019003D3002083
S214014FD007B0BDE8F08F03A904A8CDE90332FFF7B7
S214014FE0CBFF0024824600F10109DFF888B05FFAA2
S214014FF089F9019BDDE90356AAB27BB130461099C7
S21401500021F01FFE0028E2D1B9F1020F2BD1DBF807
S21401501000300493019B03BB2F4421E03946304600
S21401502005F0C6FC0028D2D1BAF1000FECD0002C56
S214015030EDD105F06BFC2E44B6FBF0F303FB1060DC
S2140150400028E4D005F062FC05A902463046059426
S21401505005F0AEFC0028DAD0B9E7109B2B4410937C
S214015060A8EB05050395631C4B454FF00104C0D31F
S2140150702046ADE7104500207FB56B460C4A106808
S214015080516803C390680C2218600A4B0DEB0201AD
S214015090186821F0D6FD0C2268460DEB020108F0D7
S2140150A0F7F8B0FA80F0400907B05DF804FB00BFDE
S2140150B0D46E0400FC6E00201FB5084A01AB1068D0
S2140150C0516803C3906801A91860054B0C22186843
S2140150D005F06EFC05B05DF804FB00BFD46E04005D
S2140150E0FC6E0020F7B5044615460E4681B9072A20
S2140150F003D80024204603B0F0BD0D4B8079196813
S214015100E379063000EB03200C3180B21FF0BAFCC5
S214015110002721462B46324638460097FFF74EFFBA
S21401512004460028E5D039467019FFF77FFEE1E70F
S214015130FC6E0020024B1868A0F50060704700BFA7
S214015140086F002010B58AB0684606F015F810F012
S214015150FF0027D1009BFBB1174C01A9206005F089
S21401516083FF10F0FF001DD12268009B9A4204D3F2
S2140151704FF4DD71114826F08AFF019B104A114950
S2140151801360029A13440B600F49A3F500630A608B
S2140151900E4A1360009B63B940F2CF11074826F010
S2140151A076FF06E0044A034612680020084903F029
S2140151B08BF90AB010BD00BF006F00203E08040046
S2140151C010450020046F0020086F0020FC6E0020B0
S2140151D0E608040008B5FFF7B5FF21F02BFD50B136
S2140151E021F028FD064B02691B689A4203D2B321BF
S2140151F0044826F04CFFFFF7C5FD012008BD00BF9F
S214015200086F00203E080400014B1868704700BF75
S214015210006F0020014B1868704700BF1045002042
S214015220014B1868704700BF046F0020014B1868D7
S214015230704700BFFC6E002010B5FFF749FE04461C
S2140152402849002003F040F90020274903F03CF9E3
S2140152500020264903F038F90020254903F034F9E7
S214015260244B00201A68244903F02EF922462349CC
S214015270002003F029F9FFF767FE214902460020C6
S21401528003F022F91F4B00201A681F4903F01CF98E
S2140152901E4B1F4C1A6800201E4903F015F92268A0
S2140152A000201D4903F010F94FF4806200201B49CD
S2140152B003F00AF9226800201949103203F004F9B4
S2140152C02268002017490C3203F0FEF822680020FD
S2140152D0154902F5826203F0F7F8BDE8104005F0C3
S2140152E049BA00BF65090400A2090400C109040007
S2140152F0E1090400006F00200C0A04002B0A0400D8
S2140153004E0A040010450020710A0400046F0020B4
S214015310FC6E0020940A0400B70A0400DA0A0400AE
S214015320FD0A0400200B0400430B04002DE9F041A4
S21401533094B004460D460020482102AA1FF0B3FB94
S21401534018B9534903F0C0F819E06022002120463D
S21401535007F052FC04224F4902A807F099FF90B1CA
S2140153606DB19DF80B30002001939DF80A309DF831
S2140153700820009348499DF8093003F0A5F801205C
S21401538014B0BDE8F081BDF80C20B2F5807F228014
S21401539003D0424903F098F8F1E7BDF81420BDF8B0
S2140153A00E102281DDF816206180E2600499BDF8B6
S2140153B01A206160228284F8320007AD04F11202DD
S2140153C00FAE2B4603CBB342106051601D4602F16F
S2140153D00802F6D10F9B324A63631360314B1022E9
S2140153E01846002107F008FCE288A388028022897B
S2140153F04280E26842600BB90020C1E700263546CC
S214015400A388D90709D536B105F150026A4412F8C6
S214015410482C84F838200135EDB29A0714D5208837
S2140154201FF057FA07466EB102AB03EB05080246BA
S214015430414604F1390007F06FFD3A4641461A48E5
S21401544007F06AFD2F44FDB2A3885B070DD556B160
S21401545005F150036B4433F8482C33F8463CA4F866
S2140154605A20A4F85C300435EDB2002EC4D1482D84
S21401547002D930460D4965E72946382002AA1FF0B1
S21401548012FB08B90A495DE738250126B8E700BFCF
S214015490660B0400E06E0400980B0400CE0B0400BB
S2140154A0344500203845002040450020E90B040023
S2140154B0390C040030B50B4C99B025786DB9FFF75F
S2140154C089FE68B129466846FFF730FFB0FA80F0DA
S2140154D0054B4009187001232370002019B030BD18
S2140154E00120FBE74665002047650020014B187840
S2140154F0704700BF4765002070B51E46134B044633
S21401550018881D46884298B002D15B88934206D01F
S2140155100F4B0FCB84E80F00204618B070BD96B134
S21401552000216846FFF702FF0028F1D1BDF80430DC
S2140155305B0708D53388BDF85A209A42E8D8BDF8EB
S2140155405C209A42E4D395E80F00E3E73845002053
S2140155500C710400064B10B51B7804462BB9054B9D
S2140155600FCB84E80F00204610BD034BF8E700BFC1
S214015570476500200C7104003845002010B504462C
S214015580024B0FCB84E80F00204610BD0C710400BF
S2140155900B4B10B51B78044608467BB10021FFF77C
S2140155A0C5FE48B910222146064807F071FE0038AC
S2140155B018BF0120C0B210BD0120FBE70120FAE7A9
S2140155C047650020384500202DE9F0410E469046FB
S2140155D00E4910221F4607F05BFE044670B90C4BBD
S2140155E03A461D683046AD1B454528BF4546294607
S2140155F01FF059FA28B9074902F066FF0120BDE8F5
S214015600F081069B20461D60F9E700BF3845002063
S21401561034450020390C04000022024B1A70FFF7B3
S2140156203BBC00BF476500202DE9F0419CB00F460A
S21401563016468046FFF74CFC0546024615490020F3
S21401564002F042FF382D20D9012104A8FFF76EFE93
S2140156500446D0B9119B04A93B606F463846FFF754
S214015660F7FA97E80F0086E80F00119BAB4297BF49
S21401567001210324084AC8F8003094BF1170C8F805
S214015680005020461CB0BDE8F0810022024B0124E8
S2140156901A70F6E76B0C04004765002070B5084DDC
S2140156A000262B7853B1FFF7F7FB044610220021A2
S2140156B004482E7007F0A0FA204670BD3446F5E780
S2140156C0476500203845002008B50020064902F04D
S2140156D0FBFE064B00201A78054902F0F5FEBDE8F0
S2140156E00840FFF7A9BD00BF8A0C040047650020EB
S2140156F0B40C040003460120024AC3E90320002239
S2140157001A7070470100FEFF2DE9F0410024264E75
S214015710264FDFF8A88088B000F0D4F9A5B28542FC
S21401572002D308B0BDE8F081284603A91FF0F1F9BD
S214015730A2B23146002002F0E1FE9DF80D2012B320
S2140157409DF81210BDF81030402914BF6E21792142
S2140157500020CDE900313946BDF80E3002F0CEFE0C
S214015760BDF814201AB10020114902F0C7FE9DF8B9
S2140157700C00BDF8182070B9079B0E490093BDF8C0
S2140157801A3002F0BBFE00200B4902F09DFE0134E8
S21401579026F08AFCC0E7BDF81C3041460093002085
S2140157A09DF81A30EDE700BFCD0C0400D30C0400C1
S2140157B0F60C0400000D0400811B0400270D0400F4
S2140157C010B500F0ABFABDE810400346024A0020CF
S2140157D0024902F079BE00BF4F0D040086D50300D2
S2140157E0D0E9023253F8223010B5188800F086FA54
S2140157F0BDE810400346024A0020024902F064BE9A
S214015800550D040086D5030010B5D0E902320024F8
S21401581086B08DF8044053F8221003EB8203097812
S21401582001A88DF805105A681288ADF806209A6806
S2140158301288ADF80820DA681278ADF80C40A2425A
S21401584014BF402280228DF80A201A691288ADF80A
S21401585010205A699B691288ADF812201B680593BF
S21401586000F0D0FB034A03460349204602F02CFE13
S21401587006B010BDF1EB030086D5030038B5002451
S214015880064D26F0FDFB45F824000634C02CF8D161
S2140158900020BDE83840024902F016BE8010002004
S2140158A05C0D040030B5002087B0204902F00CFEE4
S2140158B000201F4902F008FE00201E4902F004FEE7
S2140158C026F0DEFB00240546A0B201A901341FF034
S2140158D020F9202CF8D126F0D3FB1749421B0020D3
S2140158E002F0F2FD1549002002F0EEFD26F0C8FB9D
S2140158F00446012000F09EF826F0C2FB0E49021B6A
S214015900002002F0E1FD0E49002002F0DDFD26F048
S214015910B7FB04461FF0EEF826F0B2FB021B002090
S214015920054907B0BDE8304002F0CEBD880D040041
S214015930B70D0400E70D0400040E0400130E040066
S2140159402D0E040010B50C4603F022FD08B9032CF9
S21401595012D101F0FFF804280ED001F0FBF805285B
S2140159600AD0064802F060FC1C2801D120F06FF82E
S214015970BDE8104002F068BC10BD00BFFF4A03003E
S2140159802DE9F04F00274FF0FF36DFF8A4B0264C84
S21401599087B0BBF80030B8B2834209D8731C3BD03D
S2140159A03246FF21214807B0BDE8F04F1EF03BBB51
S2140159B001A91FF0AEF89DF8050001F001FFF8B14E
S2140159C09DF80480B8F1000F1AD1BDF810A0BDF8FB
S2140159D0129026F055FB18210246BBB24B43E01845
S2140159E0E158007C4FF47A73A2EB010C50B103FB33
S2140159F00AF363450ED30B44981A864228BF06461F
S214015A000137C6E74D466B43FAD06345F5D31944D3
S214015A10881AF2E74046F0E7FF21044807B0BDE8E0
S214015A20F04F1EF011BB00BF80100020484500203B
S214015A30225E00202DE9F041014688B058B10228C7
S214015A4010D01FF080F878B3D221194808B0BDE80D
S214015A50F04126F01CBBFF23164A17480093FAF7BD
S214015A600DFFEEE700244FF001082746134EA5B2BE
S214015A70284603A98DF80D701FF04BF89DF80D0010
S214015A8068B101F09DFE20B19DF80C300BB986F887
S214015A9010800134202C06F11806E8D12546084B63
S214015AA01D80FFF76DFFCCE708B0BDE8F08100BFB1
S214015AB04D0E0400E95D01004845002080100020DD
S214015AC0225E0020014B1888704700BF225E00202E
S214015AD02DE9F04F634A077D89B0044662490020EC
S214015AE002F00CFD002020F08AF820B12368218AFC
S214015AF0588803F09BFC00205C4902F0E5FC637DBE
S214015B00DFF87491002B236808BF08205988574B8B
S214015B1018BF00200093228A4FF0090314BF4FF0EC
S214015B2080084FF0400802F02FFBA289BB1C93426D
S214015B300CDB20F0FEF8034620B100204C4A4D490C
S214015B4002F0C2FC012009B0BDE8F08FA068791C04
S214015B5089B2C55D20F00CF80337012D0646BFB2A9
S214015B6013D82368324659885879238A00934346C6
S214015B701FF048FC824600283ED1862002F0CCFB6E
S214015B80284602F0C9FB304668E08520F6E703A9FF
S214015B901EF0BFFF9DF80C30AB4223D123689DF861
S214015BA00D105A7991421DD1BDF80E105A889142B6
S214015BB018D1BDF81020B24214D19DF812204245EA
S214015BC010D1BDF81410228A91420BD1002D38D085
S214015BD0BDF81810E288914204D19DF81A201B796D
S214015BE09A422ED00BF1010BB9F800305FFA8BF018
S214015BF08342CCD88B20C1E74FF0000BF4E79AF82C
S214015C00020002F089FBBDF818001FF074FFBDF812
S214015C101A001FF070FF9AF8020003F027FE002812
S214015C2083D19AF8020001F09DFC0546079E002DDF
S214015C303FF47BAFF0B2013D02F06EFB360AEDB2E7
S214015C40F5E7002002F068FB284602F065FB3046C7
S214015C501FF051FF012DD2D1BDF81C001FF04BFFE4
S214015C6063E700BFDC0E0400AE020400811B0400E3
S214015C70E90E0400060F0400225E00202DE9F04321
S214015C8091B0694680461EF044FF0023194F8DF8F7
S214015C9001303888431E98B28045388009D169465C
S214015CA040461EF03EFF68461EF022FF11B0BDE8DA
S214015CB0F0834FF0180905A91EF02BFF0E4C3E8805
S214015CC00AAD09FB06460FCE0FC596E8030009FB91
S214015CD0084485E803000AAE404605A91EF021FFE8
S214015CE00FCE0FC495E8030084E8030069463888A0
S214015CF0D7E700BF225E00208010002008B5064BC3
S214015D001B88834205D9FFF7B9FFFFF739FE00204C
S214015D1008BD2720FCE700BF225E002038B5074DEE
S214015D202C882CB9FF2106481EF08EF9204638BD76
S214015D30601E80B2FFF7A2FFF2E700BF225E0020DE
S214015D40484500202DE9F3479A4618239DF82890E8
S214015D50244FCDE9001203FB09731446D3E902234D
S214015D6020F0C6F8064620460D4603F07FFD04F0F7
S214015D70FD03382B80460FD1009432462B46002176
S214015D80DAF810001EF0F0FEB8F1010F1BD1354312
S214015D901ED102B0BDE8F087392CDAF810300BD1ED
S214015DA007EE906A07EE103AF4EEC77AF1EE10FAB3
S214015DB0ACBF01200020E7E79E4275F100032CBF2F
S214015DC001200020E0E7B8F1000FE2D10028E0D082
S214015DD0182303FB097701233B7402B0BDE8F047A3
S214015DE0FFF7CEBD801000202DE9F04F00252E468E
S214015DF0A846AA462C46DFF8BC91D1B0694BA8B29A
S214015E001B88834209D81CB161882079FFF79AFD67
S214015E10FFF7B6FD51B0BDE8F08F0BA91EF079FE75
S214015E2026F02EF91823AFB27B4309EB030B59F882
S214015E30033005909DF82D00049301F0C1FC002865
S214015E4000F0AE809DF82C10002940F0A980DDE915
S214015E500432D01A4FF47A72BDF838305343834275
S214015E6000F29E809BF8103043B9BDF83A30002B03
S214015E7000F096805343834200F29280FD23002275
S214015E80CDE9013210AB00930DF119020DF11A03A1
S214015E90E9B20BA8EEF71CFA002877D1BDF81A3044
S214015EA0DA1C0493D2B214B33F4B9DF82D101B8815
S214015EB013442279914214D1BDF82E106288914282
S214015EC00FD19DF83220B8EBD21F0AD1BDF834208D
S214015ED0524506D1B3424DDD0020344902F0F4FAB2
S214015EE001E0B342F8DC61882079FFF72BFD02F070
S214015EF0E7F904469DF932002D4BC043C00F0093CD
S214015F00BDF834200A23BDF82E10C0009DF832805B
S214015F1002F03AF99DF82D304FF0000B23714FF443
S214015F208A53FF26BDF834A04FEAD818E38007A9A4
S214015F305FFA8BF020F080F9C0B2B0B99DF81D1061
S214015F409DF82D20914210D1BDF81E10BDF82E20CF
S214015F5091420AD122469DF829109DF81C001FF097
S214015F60F1FEB04228BF3046C6B20BF1010BBBF1C1
S214015F70200FDCD1BDF830001FF0BDFD9DF81900E3
S214015F8002F0CAF9049910A802F0DAF918230022DF
S214015F905F4309EB07031A7426F072F849F8070005
S214015FA001352BE7225E00202C5E0020C50F040081
S214015FB0811B04008010002070B500240126104DBE
S214015FC08AB02B88A0B2834204D80AB0BDE87040DC
S214015FD0FFF7D6BC05A91EF09CFD9DF8150001F043
S214015FE0EFFB50B19DF814303BB91A46CDE90136A6
S214015FF00093E1B205A8EEF76BF90134E1E700BFC3
S214016000225E00202DE9F0430389DFF858818BB02A
S214016010B8F80090009304468379828841884078D6
S2140160201FF0F0F9002800F09580E78927B1A389D1
S214016030BB4200F291800027B8F80030BDB2AB42F7
S21401604014D84D4601264FF6FF73E2899A4226D1AF
S21401605046B9B8F80030AB4202D92846FFF70EFE23
S214016060FFF78EFC00200BB0BDE8F083284605A99B
S2140160701EF04FFD9DF814307BB92268059B5340F6
S214016080FF2B0AD86368069E5E4036F07F4604D131
S214016090BDF81C2023899A42D5D00137CCE7E268A7
S2140160A09A422BD0002E53D1D4E90323CDE90823FD
S2140160B005A81EF01DFD0028D5D1B8F80030AB426A
S2140160C004BF6B1CA8F8003025F0DAFF18236B43D9
S2140160D0234AE9B2D050D418002305A81A46CDE9C0
S2140160E001330093EEF7F4F818B100220023C4E957
S2140160F00223284605A91EF014FDB1E7234605AA8A
S21401610004F1100C174618685968083303C763452D
S2140161103A46F7D11868386005A81EF0ECFC00284E
S214016120C0D01F2D1AD800238DF8143063788DF84F
S21401613015306388ADF81630A388ADF81830A3790A
S2140161408DF81A302389ADF81C300028B0D1ABE7A2
S2140161500020E6E7862086E7872084E7892082E715
S21401616080100020225E00202DE9F04FB04A90F802
S21401617014908DB00446AF49002002F0BFF900200C
S2140161801FF03DFD20B12368218A588803F04EF99F
S2140161900020A94902F098F9637DDFF8B8A2002B28
S2140161A014BF802340230293236808BF0820598820
S2140161B0A14B18BF00200093228A072301F0E4FFB9
S2140161C000230393A28909F10305954211DB039B82
S2140161D013B9184602F0A0F81FF0ABFD034620B134
S2140161E00020964A964902F06FF901200DB0BDE8ED
S2140161F0F08FA06809F1010189B210F809601FF05B
S214016200B7FC3246804603468E490020ADB202F006
S2140162105BF98EB1012E00F08A808527384602F0A0
S2140162207BF8304602F078F840461FF064FC852F74
S214016230D2D00123039376E0A06809F10401A28974
S21401624089B2475D1FF094FC09F10601A28904900A
S21401625089B2A0681FF08CFC3A4605900090049B1A
S2140162603046794902F030F909F1080938461FFA33
S21401627089F503F0FBFA002857D1384601F072F988
S214016280294603468146A289A0681FF062FC6F4931
S2140162908346304602F032F9A1684A46294433461D
S2140162A0304602F075F83046634902F00DF9A9440C
S2140162B01FFA89F52368424659885879238A00933C
S2140162C0029B1FF09FF818B18378BB4240F0AC8068
S2140162D0483FFFB2092F05D840F21133FB40DB07D8
S2140162E000F1A48000238DF81C30236807A85A7992
S2140162F08DF81D205B88ADF82080ADF81E30029B1E
S214016300CDF82CB08DF82230238AADF82430049BCA
S214016310ADF82830059BADF82A30FFF773FE074627
S21401632000287FF47BAFA9464CE7B346C2E729466F
S214016330A289A0681FF01CFC4FF0000B024607461E
S2140163404349002002F0C0F809F10509BAF8003007
S2140163501FFA89F5BAF800201FFA8BF94A4503D8C7
S2140163601F2B31D9892759E7484607A904931EF000
S214016370D0FB9DF81C20049B012A22D122689DF89F
S2140163801D00517988421CD1BDF81E0051888842F3
S21401639017D1BDF82010414513D19DF8221002985F
S2140163A081420ED1BDF82400218A884209D1BDF868
S2140163B02800E188884204D19DF82A10127991427A
S2140163C01BD00BF1010BC5E7012299468DF81C2065
S2140163D0226851798DF81D105188ADF82080ADF8EE
S2140163E01E1002998DF82210218AADF82410E1883A
S2140163F0ADF8281012798DF82A2007A8ADF82C7070
S2140164001EF076FB074600287FF408AFBAF8003086
S2140164104846994508BF09F1010307A908BFAAF82C
S21401642000301EF07EFB7EE78D27F7E68C27F5E62B
S214016430F00F0400AE020400811B0400511004009A
S214016440060F0400F80F04001510040036100400AF
S21401645041100400225E00202DE9F04F07468846D1
S2140164609146002589B09A46BDF848B09DF84C6023
S214016470149C224B1A88A8B2824235D903A91EF071
S21401648048FB9DF80C201D4BB2BB9DF80D10B94280
S21401649032D1BDF80E1041452ED1BDF81010494538
S2140164A02AD19DF81210514526D1BDF81410594530
S2140164B022D13046029201F055F8A6F14103012B94
S2140164C001460AD820461FF059FB0D4B0D4A2044C1
S2140164D084420CD10421029302ACEDB2324620462E
S2140164E0009503ABFFF72EFC09B0BDE8F08F14F85A
S2140164F0011F4B405343EBE70135BBE7225E00200B
S214016500C59D1C81930100011FB50F4C2478C4B1B1
S21401651042EA03229DF818308DF8051042EA43221C
S2140165200A4BADF80C201A78094B8DF8061007991E
S21401653003EB021300908DF80400DB6868460291B5
S214016540984704B010BD00BF486500204A6500208A
S2140165506845002073B51A4DFF211A481DF074FDD9
S2140165602B7853B3184C194E2378180106EB0313F6
S2140165701A7A5968305C1FF0E3FE4D281DD0E0B151
S214016580012300212278CDE900311201B25CC0B2AC
S214016590FFF7BAFF0A2223780A480133DBB2B3FBBE
S2140165A0F2F102FB1133FF2123702B78013B2B7094
S2140165B002B0BDE870401DF03FBD02B070BD00BF27
S2140165C048650020084600204A65002068450020EE
S2140165D0F8B5104F3E780A2E1AD00FC8DFF840C023
S2140165E00D4D9CF80040013605EB041585E80F00BB
S2140165F00A230134E4B2B4FBF3F203FB1244074866
S214016600FF218CF800403E701DF016FD0020F8BDFD
S2140166100120FCE748650020684500200846002068
S214016620496500200021024A0248FAF75DB900BF19
S2140166305565010008460020002337B50C46124D6B
S21401664012492A78CDE9003312018A5C01230146FA
S214016650E0B2FFF759FFA4B90D490A788AB10A20BA
S2140166602B78013A0133DBB2B3FBF0F40A70FF2159
S21401667000FB143307482B7003B0BDE830401DF013
S214016680DBBC03B030BD00BF4A6500206845002072
S214016690486500200846002008B500F0BDF850B156
S2140166A0054B064A0649052808BF1A46BDE80840B4
S2140166B0002001F009BF08BD65100400811B04001D
S2140166C08610040008B503201FF054FE10B90122FD
S2140166D0014B1A7008BD00BF4B6500200022024B1B
S2140166E018781A70704700BF4B6500200246FF21DC
S2140166F001481DF098BC00BF28460020114B37B555
S2140167001D78C5B9FF2110481DF09EFCFFF7DAFF82
S214016710044600900D4B28460D4A0E4901F0D4FE62
S2140167204CB10D4B1B78DB0605D528461FF0FCFD4A
S21401673020461EF04EF8094B186803B0BDE83040FD
S214016740FFF7D4BF4B65002028460020A3100400A5
S214016750D110040090E80300396500200C6F00207A
S214016760FF2101481DF070BC2846002070B51A4E66
S214016770054633780C466BB30020184A184901F0D9
S214016780BDFE032C01D0652C20D11649002001F056
S214016790B5FE22460020144901F096FE002013495A
S2140167A001F0ACFE012329460822002001F0F0FD8D
S2140167B000200F4901F088FE032C88BF00232046E5
S2140167C088BF3370BDE87040FCF7BEB8012CE0D03E
S2140167D00849DBE770BD00BF4B650020D1100400FF
S2140167E07AEC0300E410040031F303000211040004
S2140167F0811B0400FA100400014B1860704700BFAB
S2140168000C6F00200021024A0248FAF76DB800BF5B
S214016810FD66010028460020054B10B51C782CB9F2
S2140168200448FF211DF008FC204610BD0520FCE7AA
S2140168304B65002028460020F8B50024074B084E7B
S2140168401D68084FE3B29D4204F1010400D8F8BD6B
S214016850394656F823001CF0AEFDF3E7E48C04003D
S214016860E88C0400D86F002010B5044C23780BB1D7
S2140168701FF070FD0123237010BD00BF327300208E
S2140168802DE9F743254B0D4616460446019350B1B4
S2140168904AB1042301AA12F8011BA94235D0013BD3
S2140168A013F0FF03F7D1212003B0BDE8F08317F8FA
S2140168B0010F90FAA0F0000E1CF0B9FF014608EB9C
S2140168C007039945F3DCCAB2C1F30F2392FAA2F289
S2140168D093FAA3F3120E1B0E03EB0223DB4362199A
S2140168E012F8020C99B2DBB298420CD112F8013CB4
S2140168F0B3EB112F07D132462146284603B0BDE837
S214016900F0431FF08FBC2320CEE74FF6FF71671EC2
S214016910A5F10209C4F10108D1E700BF080A0E1269
S214016920014B1870704700BF4C650020024B1A6877
S21401693018608260704700BF106F0020024B186815
S21401694000B14068704700BF106F002070B5044664
S21401695000250A4B1B687BB100211E8807E05A6898
S21401696002EB0110013145B9021B554255418AB26D
S2140169709642F4D89B68EEE7184670BD106F00206B
S2140169802DE9F04F1E46002393B0022E0746884697
S2140169901446DDF870909DF874A0ADF81A3040F2F8
S2140169A0C08099F800305A0729D5042E40F2B980E4
S2140169B099F804B000255F4B33F83520002A00F023
S2140169C0B68001350A2DF7D1209B002B40F0AD8013
S2140169D0FF250023207908AA0DF119018DF8193039
S2140169E01FF05AF870B1BDF82C309DF819002380BD
S2140169F01FF0D4F80790C0B113B0BDE8F08F99F836
S214016A0002B0D7E720791EF078FD0B28059000F23A
S214016A108A8020791FF0D3F807900028ECD1464AE7
S214016A20059B02EB03135B8823804FF6FF73002F51
S214016A3008BF434662880021CDE9002358465246E6
S214016A40238802F0FDFD18B1E38843F02003E380BC
S214016A50209B07A90DA8CDE90D34CDF83C90ADF8E3
S214016A604080ADF842608DF844708DF845A01FF067
S214016A7026F808B10798BFE7484602F025FDA01D95
S214016A8002F010FD2246414638461FF05BF9B0423F
S214016A9027D3E3882246C3F30E03E3809DF87C30B8
S214016AA041460393BDF87830384602930DF11A0338
S214016AB0CDE90093F3B21EF093FA209B079003B33F
S214016AC0F8B9BDF81A2042B1092D06D81B4B03EBC5
S214016AD0C5018A80209A43F835201120FAF7CCFBAD
S214016AE01CE0BAF1000F0AD10DF11A03CDE90063DB
S214016AF022464B4641463846FAF7D2FFDDE73820B4
S214016B00DBE7052807D1E388DB0607D5002301204C
S214016B100793FFF705FF079B002BDED01FF043F816
S214016B20A8E7012068E7212066E71C2064E7EDB2AC
S214016B304FE700BF50460020BC4600204C460020D0
S214016B404FF6FF72024B1A805A809A80704700BF38
S214016B50245E002010B5044C2379FF2B02D11FF0D0
S214016B6027FC2071207910BD245E002010B50C4C46
S214016B702379FF2B08D100201FF010F820B91FF051
S214016B8017FC20711FF00FF82079022805D0043871
S214016B90012894BF0020012010BD0020FCE700BFA3
S214016BA0245E00204FF6FF7310B5044C22889A42EB
S214016BB002D11FF0F3FB2080208810BD245E002048
S214016BC010B5FFF7BDFF40F61D439842044607D8AF
S214016BD0B0F5416F05D2182826D8152848D829D0EF
S214016BE010BDA0F541630D2BFAD801A252F823F08F
S214016BF0356C0100356C0100E16B0100E16B0100B1
S214016C00E16B0100E16B0100E16B0100E16B01004A
S214016C10856C0100976C0100316C0100316C01003C
S214016C20316C0100316C010040F606439842D7D121
S214016C301C4920E0FFF7B6FF1B490246002001F081
S214016C4043FC152C05D11FF093FBBDE810401EF048
S214016C503FBF164B164A1749B4F5416F08BF1A468F
S214016C60002001F031FC1EF032FF1EF031FFECE790
S214016C701628DDD11049002001F026FCBDE81040A1
S214016C801FF048B81EF093FABDE8104002460B49C3
S214016C90002001F019BC0020BDE81040084901F0B1
S214016CA013BC00BF611804000E180400811B040009
S214016CB0091804002A1804004A180400761804006B
S214016CC09E18040007B5094A0346108831B9084AD8
S214016CD0084903B05DF804EB01F010BC0091064AC8
S214016CE0064901F00BFC03B05DF804FB3C5E002096
S214016CF08DE30300BE18040031E4030090E80300AE
S214016D000D4B37B51B68044693B11D780389012DD9
S214016D1008BF02250093C37A084A0020084901F0FB
S214016D20D3FB2146284603B0BDE830401FF0F8BA31
S214016D30022003B030BD00BF88470020331904008D
S214016D40E2180400002010B51EF028FF0D4B1B684A
S214016D5063B15A78052A03D862B1052402220AE0F3
S214016D60FF2AFAD00020084901F0AEFBBDE810402A
S214016D701EF019BF144610461FF02EFB20461FF0CA
S214016D8029FBF3E7884700203819040013B5134C94
S214016D9000201EF003FFFFF7D3FE23689BB101A876
S214016DA01EF0F8F978B923681A789DF804309A42EB
S214016DB009D0D91E032906D9D11E012903D9012AD2
S214016DC007D1022B05D1032301A8ADF804301FF02B
S214016DD0ADFA02B0BDE810401EF0E5BE88470020BF
S214016DE000231946034A01330A2B918042F8081BF7
S214016DF0F9D170474C4600207FB50E4605461FF078
S214016E0097FA2A46044603460D49002001F05CFB2A
S214016E1096B10C4B36211A889B78ADF80C208DF86C
S214016E200E300323002200934FF6FC7003AB8DF85F
S214016E300D501FF0D1F90446204604B070BD00BFC6
S214016E40591904001C710400FF2810B50C4604D122
S214016E500020044901F038FBFE202146BDE8104021
S214016E60FFF7CABF72190400F8B51E460B8807461D
S214016E700C461546002B64D14A88B1F90210002051
S214016E800029B8BF6B78304901F01EFB6288132ACF
S214016E901DD002F5FF437F339BB2052B23D8A2F505
S214016EA00042013A052A1ED8DFE802F0193F1D0309
S214016EB03C09264A2649002001F006FB13E0254A34
S214016EC02349002001F01AFB2A792349F3E7022E11
S214016ED094BF4FF6FF72B5F801202049EBE700207A
S214016EE01F4901F0F1FA33462A462146384620F07A
S214016EF069F970B933462A462146384620F064F9C6
S214016F0048F2210362889A4203D1384669781EF016
S214016F10CCFD6388B3F5004F02D90820FAF7C6F90D
S214016F200120F8BD2A790F49C5E70F4A0849002014
S214016F3001F0E4FA032E94BF4FF6FF726A880B49FC
S214016F40B9E70020EDE700BFAD190400D51904002C
S214016F50DC190400ED190400F3190400011A0400F9
S214016F60191A0400331A0400551A04005A1A0400A8
S214016F702DE9F04116888AB0DFF88C80ADF80E3026
S214016F800DF10E03C8F8002015460093324610ABEB
S214016F9007460C46FAF716FE90BB109B8DF82400A8
S214016FA00693BDF80E3004A8ADF81C30AB898DF8F9
S214016FB01070ADF820306B890594ADF81E60ADF801
S214016FC022301EF07AFDD8B921463046BDF80E3083
S214016FD0109A01F0C9FF98B921463046BDF80E3027
S214016FE0109AFFF741FF58B9CDE9006039462046AF
S214016FF0BDF80E30109A02F049FB08B9C8F8000037
S2140170000AB0BDE8F08100BF48460020F0B585B063
S21401701004AB03E9030000231C469DF80D609DF8B0
S2140170200E70154AD9B202EBC1004568EDB99DF85C
S2140170300C30284600939DF80A209DF80B300F4926
S21401704001F05CFA26B1324628460D4901F056FA9F
S2140170500C4A0020002C18BF2246BDF808300A4909
S21401706005B0BDE8F04001F02FBA12F83110013337
S214017070B94208BF2C46D5E7C47004006C1A040058
S2140170807D1A0400FCE20300811A04004FF6FF7328
S21401709010B5084C88B062889A4207D102A90DF152
S2140170A007001EF075F8BDF810306380608808B0E0
S2140170B010BD00BF245E00202DE9F04F85B0894643
S2140170C092461C460746BDF83850BDF83C80109ED7
S2140170D0002833D00346464A0020464901F00EFAFE
S2140170E02388002B76D040F20912934274D0424A8C
S2140170F04249B3F5827F08BF0A46CDF8048061880D
S214017100002000913E4901F0F9F9238893B1B8F1C6
S214017110020F0FD933783B4913F0010F3A4A18BFD3
S2140171200A4659074FF000004CBF3379B378374908
S21401713001F0E4F90020364901F0C6F9002335498B
S21401714031F83320AA4249D1334A52F833B00023EA
S21401715031F83300DA00A84246D100202E490A440D
S214017160908041F8330047B9238833B9B4F9023027
S214017170002B02DB0820FAF77FF80120FAF796F8D1
S2140171809EB13578EB0710D515F0040004D04246C1
S214017190012130461EF0ECFCCDE901704346224643
S2140171A05146484600961EF005FABBF1000F06D080
S2140171B04346224651464846CDE90067D8474346EE
S2140171C0224651464846CDE900671DF0B9FE05B096
S2140171D0BDE8F08F114A90E7114A8EE701330A2B7A
S2140171E0AED14FF0000BB2E701330A2BB0D1BAE7AC
S2140171F039DA0300A81A0400FDE20300961A040017
S214017200B61A0400991A0400A11A0400E71A040029
S214017210811B0400504600204C4600208F1A0400B3
S214017220931A04000D4BF0B54FF00C0C1F88054661
S21401723000230B4EDCB2BC4201D30020F0BD0CFB98
S21401724004F43019345DAC4205D144888C4202D135
S21401725004799442F2D00133ECE700BFD2720020E9
S214017260206F002073B501262B4D2C4C2A46204654
S214017270FF2300210096F9F701FB2A462046FF234B
S21401728000210096F9F7FAFA2A462046FF23002144
S2140172900096F9F7F3FA2A462046FF2300210096C6
S2140172A0F9F7ECFA2A462046FF2300210096F9F763
S2140172B0E5FA2A462046FF2300210096F9F7DEFA72
S2140172C02A462046FF2300210096F9F7D7FA2A46D8
S2140172D02046FF2300210096F9F7D0FA2A462046D9
S2140172E0FF2300210096F9F7C9FA2A462046FF2314
S2140172F000210096F9F7C2FA2A462046FF2300210C
S2140173000096F9F7BBFAFF232A460021204600968D
S214017310F9F7B4FA02B070BD6F4803009C4600202E
S2140173202DE9F84300244FF00C090C4B0C4F1E7846
S214017330DFF830803A88E5B2954202D33046BDE8A0
S214017340F88309FB0585FF21A8681CF08BFE18B998
S214017350AB799E4238BF1E460134EBE74D650020EF
S214017360D2720020206F0020014B1878704700BFB2
S2140173704D650020014B1870704700BF4D65002019
S214017380F8B506460C461EF085FB0546C8B93046DC
S2140173901EF0B3F80B2815D80B4B03EB00131F7B1D
S2140173A087B95A88012122809A88304662809B7963
S2140173B0237100F037FA39466071304600F032FA30
S2140173C0A07101252846F8BDBC46002070B50446CC
S2140173D00E4615461EF091F80B2802D94FF6FF709F
S2140173E070BD094B03EB00131A7B002AF6D146B990
S2140173F001222946204600F03DFA0028EED00088FA
S214017400EEE7012EEAD1F4E7BC460020FF2313B5D0
S2140174100DF1070104468DF807301EF039FB18B14F
S2140174209DF8070002B010BD074B03EB04131B7B4E
S2140174300BB1FF20F6E7204600F03AF90028F8D015
S214017440204600F0E9F9EDE7BC46002013B5F6F753
S2140174500BFA0446F6F70EFA2246034612490020B6
S21401746001F032F800F084FFFFF7BAFC00F0A6F84E
S2140174700221084602F046FDFFF764FC41F249008E
S2140174801EF0BCFF4FF0FF130093FF2368468DF8F4
S21401749004301EF099FF4FF400401EF077FF0020E5
S2140174A01EF094FF02B010BD361B040038B5054629
S2140174B01EF010FB90B928461EF0BCFE044628B10B
S2140174C040F60443984214BF88248D2423462A4656
S2140174D00020034900F0F8FF204638BD8D24FBE765
S2140174E04E1B04002DE9FF4705460E4617469846F3
S2140174F0BDF83090DDF834A0BDF83840CDF80090E6
S214017500CDE9014AE4B2FFF7D7FD43463A46314694
S2140175102846CDE90094CDF808A01FF01CFEFF21F7
S214017520034B044A044804B0BDE8F04700F01ABE15
S214017530305E00202C5E002025670020044B0146AB
S2140175401888102240F0404040F48010F6F79CBFA7
S2140175501A6E0400024B18685968FFF757BD00BF42
S214017560CAB104000123064AD15C814202D1054A10
S214017570D05C704702335F2BF6D10020704700BF06
S2140175801E7104001F71040070B500220446094BE9
S2140175901D78094BD0B2854201D8FF2070BD1E78F8
S2140175A0A64204D10029F9D05E7BF607F6D4013253
S2140175B01033EFE74E650020BC4600202DE9F04170
S2140175C098B06B46304A1068516803C390680CAA9D
S2140175D018602E4B14469C4603F11806154618688B
S2140175E05968083303C5B3422A46F7D112AA17468B
S2140175F0274B03F11806154618685968083303C562
S214017600B3422A46F7D1234A03AB106851684FF0BC
S214017610010E03C3906871681860DCF83000002220
S21401762006AB03C30C21EC46B068CDE9092218600D
S214017630194BDFF86C801970184B0DEB01060B9295
S21401764006AD09A91CF8010B0132187034F8020BBB
S2140176500C2A588037F8020B83F80DE0988016F84C
S214017660010B03F1100303F80A0C15F8010B08EBE4
S214017670C00043F8080C11F8010B03F8040CE1D123
S21401768018B0BDE8F08100BF681B04008E740400CA
S214017690A6740400751B04004E650020BC4600203D
S2140176A088710400014B1878704700BF4E650020B2
S2140176B0034B03EB0013587B00F00100704700BF3B
S2140176C0BC460020F0B504460846D9B100220E4B50
S2140176D011461F780D4B1D46D6B2B74201D8002081
S2140176E010E01E78A64206D09E68F688314489B21C
S2140176F001321033F0E75E7BF607F9D505EB02158C
S2140177000180A868F0BD00BF4E650020BC46002081
S2140177102DE9F347894690461D46074618B90020CD
S21401772002B0BDE8F0870029F9D0002AF7D0002B77
S214017730F5D0002400780DF10601ADF80640FFF7FC
S214017740C1FF0028EBD039460DF10602BDF80660F0
S2140177501DF0C8FD07460028E1D00DF10602BDF870
S21401776006A01DF0E6FD0028D9D0C9F80070C8F8BB
S2140177700000037913F0200219D1DB0614D4BDF8FA
S21401778006300C4A564413FA86F612FA86F20BE0D5
S2140177901A790C33920642BF13F8092C891889B25C
S2140177A09842F5D8044A0A4401202A60B8E72146DF
S2140177B0024BF5E7716600204F650020C873040090
S2140177C008B50021FFF7E0FEFF2817BF044B084667
S2140177D003EB0013587B18BF00F0010008BD00BF83
S2140177E0BC4600202DE9F0410D4616461F461DF009
S2140177F084FE0B280AD8074C3B4604EB00103246A1
S2140178002946BDE8F04180681DF044BE0020BDE871
S214017810F08100BFBC460020014B0001185C704798
S214017820BC46002070B50C461DF067FE0B281BD821
S2140178300F4B03EB00139A68C2B1002314261846B7
S2140178401579D9B28D4200D870BD116806FB0311B7
S214017850097B34B911F0800F1CBF0130C0B201336F
S214017860EFE711F0400FF7E70020EDE71046EBE7F2
S214017870BC460020F8B50D4616461DF03EFE0B2808
S2140178800BD80F4B4FF0140C03EB00139A68002330
S2140178901C461779D9B28F4201D80020F8BD10686E
S2140178A00CFB0300017B46B911F0800F03D0AC42FC
S2140178B0F4D00134E4B20133ECE711F0400FF5E700
S2140178C0BC4600202DE9F04F064600243A4B87B00F
S2140178D01B783A4F0093009B9C4207D2FF2E08D09C
S2140178E030461DF00AFE0B28044606D907B0BDE84F
S2140178F0F08F07EB04131B7B2BBB23014FF0000813
S214017900019307EB041A14E014221B6802FB0535E9
S2140179102B89B3F5967F01D924F0C6FB4FF00009F9
S2140179204FF00C0B29891FFA89F291420ED808F103
S2140179300108019B5FFA88F5FB189B681A79AA4231
S214017940E2D8FF2ED2D10134E4B2C4E71FFA89F09F
S2140179500BFB00F06B6819180A7912F0100F23D18F
S2140179609AF800E012F0400F8DF80CE0B5F800E050
S214017970185AADF80EE00CBF4FF0400E4FF0800ED7
S214017980ADF8120028468DF810E01DF077FC53077D
S214017990ADF81400C8780AD50228896800D90968A4
S2140179A0002203A81DF046FD09F10109BAE70228E5
S2140179B08CBF89680831F3E74E650020BC4600207D
S2140179C0052370B5094A06881488B44208D195780B
S2140179D0047B2C403F2C03D90D4201D0506870BD6A
S2140179E0013B02F10802EFD11846F8E738740400AB
S2140179F070B50024074D084E2B78E0B2834200D8BC
S214017A0070BD06EB0010437BDB0701D51DF054FE6D
S214017A100134F1E74E650020BC460020F8B50C465F
S214017A2000210546FFF7B0FDFF2829D0154A0601BB
S214017A3002EB00135B7B03F001016CB143F0010321
S214017A401644A142737305D0C4B100B202EB001014
S214017A501DF032FE0120F8BD2346F1E77B43116895
S214017A602846CA18127BC95AD2091DF091FA013468
S214017A70B268E3B211799942F0D8EBE71427F7E739
S214017A800846E8E7BC460020F0B59446497D20B399
S214017A9039B3012918BF042100254FF6FF702F4680
S214017AA02A46144E3488644511D196F803E01EEA3E
S214017AB0010F0CD0B4789C4209D30AB1BC4206D857
S214017AC01EF0100F03D08AB1BC420CD370B9013539
S214017AD0072D06F10406E5D1F0BD002908BF0821EF
S214017AE0D8E70221D8E727460020F0E727460122FB
S214017AF0FAE700BF1C7404002DE9F04F0A9FBDF899
S214017B0024E09DF82C809DF830904C7D78B394B39A
S214017B10012C18BF04240025194800F11C0C068806
S214017B2096421ED190F803B01BEA040F19D086784E
S214017B30464516D31BF0100F91F80FA004D0BAF1EA
S214017B40000F0ED0B1F810A0BAF1000F09D1A94567
S214017B5013D0AE4511D95E553E88013501363E80BB
S214017B60ADB204306045DAD10120BDE8F08F002CBB
S214017B7008BF0824CDE70224CDE70020F5E700BFC3
S214017B801C7404002DE9F04F0024B1F57C4F0E461D
S214017B9038BF4FF0010BA246A1464FF6FF781F46AD
S214017BA028BF274B85B028BFB3F800B000900192DC
S214017BB05C4503D3404605B0BDE8F08FB6F57C4F73
S214017BC00CD3204B3A4603EB840331465B8800987E
S214017BD0FFF708FE054680B300232AE03A46314601
S214017BE000981DF0BAFCF5E70C229CB254436A6873
S214017BF00199105B02EB040C884219D3B9F1000F0E
S214017C0001D0504514D861462846CDE902321DF010
S214017C1035FB029B60B1039A125BB9F1000F03D0EA
S214017C20524501D3804503D9924680464FF001095B
S214017C3001332A899CB2A242D6D80134A4B2B7E74E
S214017C407E710400807104002DE9F04F91461A46BA
S214017C5000238BB08DF82020BDF850208DF81C0035
S214017C60ADF81E10ADF8242005460F461A4604A9A5
S214017C7007A8159C9DF858609DF85CA09DF860B01B
S214017C809DF864800493ADF822901DF07FFB049864
S214017C9050B92B46CDE90079644A654900F014FCD9
S214017CA086200BB0BDE8F08FBAF1000F14D18378AF
S214017CB0B34206D050465D4A5E4900F005FC8D2071
S214017CC0EFE7037913F0010306D11846574A5A49DC
S214017CD000F0FAFB8820E4E703795B072CD583687C
S214017CE05A689B680592069380781EF0E3F8049B19
S214017CF00546DF782146022F03463A4610D805A8E6
S214017D001EF094F881462B463A46214606A81EF0F8
S214017D108DF8B9F1010F01D001300DD18720C0E7F0
S214017D2005981EF083F80128F8D02B463A462146DE
S214017D3006981EF07BF8EFE7BBF1000F6FD1049FAA
S214017D404FF6FF722146B8781DF036FA00286BD040
S214017D50BDF82430C5B20093CDE902549DF8203019
S214017D60BDF82220BDF81E109DF81C0001961DF0DE
S214017D70A0FE002895D1BDF82430CDE90254009329
S214017D80BDF822209DF82030BDF81E109DF81C007D
S214017D9001961DF06BFC002883D121469DF86820D2
S214017DA007A81DF047FB00287FF47BAFB8F1000F52
S214017DB007D03B462046BDF81E209DF81C101DF03E
S214017DC0DCFBBDF82430BDF82220BDF81E109DF85E
S214017DD01C000093CDE901649DF82030FEF73CFBC2
S214017DE0BDF82430BDF82220BDF81E109DF81C00F9
S214017DF00093CDE902549DF8203001961DF058FEFF
S214017E00BDF82430BDF822200093BDF81E109DF861
S214017E1020309DF81C001DF001FC002041E70020E9
S214017E20064900F051FBF8E701203AE7821B0400FF
S214017E308E1B0400BA1B0400CE1B0400E21B0400C8
S214017E407FB500258DF80830BDF820308DF8040088
S214017E50ADF80610ADF80A20ADF80C306946BDF84D
S214017E602830099A01A80B9E00951DF08FFA04464A
S214017E7030B916B1009B9B783370204604B070BDB4
S214017E808928FAD12846024900F01EFBF5E700BF13
S214017E90FF1B04002DE9F04F4FF0000AC7B0FFF7B3
S214017EA001FC5FFA8AF6B04202D847B0BDE8F08F0F
S214017EB05B4B36019A5D00205A4900F005FB002015
S214017EC0594900F001FB00230593554B9DF81440DA
S214017ED033449B681A79A24202D80AF1010ADEE706
S214017EE014224FF000091B6802FB043422891FFA92
S214017EF089F39A4202D8059B0133E5E70C231FFA62
S214017F0089F803FB08F8D4F804B024F0CDF80BEB9D
S214017F1008052B79454913F0400F3BF808302288B5
S214017F204FF000000093424B18BF0B46414900F04A
S214017F30E5FA294620461DF0A1F9074600283CD15E
S214017F403D4900F0DBFA2979DFF814C111F0010F81
S214017F503A4818BF604611F0020FAA78EB7832D182
S214017F60DFF800C111F0100F354918BF6146CDE9A1
S214017F7000010020334900F0C1FA2B793BF80820B4
S214017F8013F0400F4FF0000B4FF0FD030DF11808F2
S214017F902188CDE9023BCDE9007821480CBF40237A
S214017FA08023805DFFF74CFF86280ED126490020EE
S214017FB000F08AFA09F1010998E7024623490020F0
S214017FC000F09CFABFE72249D1E7A8781DF046F9F0
S214017FD0D8B140461DF0D2FD421C92B20123414663
S214017FE0002000F0D5F93946208801F001FA4FF655
S214017FF0FF73984207D0174B174903EBC0035A6823
S214018000002000F061FA1549D1E7A8781DF02CF997
S21401801020B140461DF0B7FD821CDEE7EA78DDE7B9
S214018020BC460020511C04005F1C0400291C0400EF
S2140180302E1C04009F1C0400E20D0400361C0400E4
S214018040391C0400B31C0400CF1C0400702104007A
S214018050411C040008750400BCEC0300811B0400ED
S214018060331C0400491C04002DE9F04FC7B0BDF8CD
S21401807044A10646BAF1040F0D4614461F46BDF844
S21401808040B163D9CDE9013B00920B460246304927
S214018090002000F019FAFD230DF117090DF118085B
S2140180A03046029322463B462946CDE900B8CDF834
S2140180B00C90FFF7C5FE0646B8B9FD22414699F871
S2140180C000001DF079F80746C0B1AAF10403834207
S2140180D038BF892620461DF00EFD8EB1304600F0D1
S2140180E01BF9304647B0BDE8F08F009023462A467C
S2140180F00020184900F0E8F90027EBE78926E9E7B0
S214018100DFF85CA0BA1CBAF80030C3F1FF039A424C
S21401811019DA304600F000F999F8000000F0FCF892
S214018120BAF800900C483A4641464844B94404F02F
S214018130F3FEAAF8009023462A46304607490097E0
S21401814000F0C2F9CDE7892000F0E6F88926C8E7F5
S214018150DB1C0400161D0400256700203D1D0400DD
S2140181602C5E002010B5044C2060044801800449B0
S2140181700A60044A136010BD844700202A5E00206E
S214018180804700207C47002030B587B00AAC0D46FA
S21401819054F8041B0093CDE901141346094902461D
S2140181A009480988006805941DF0A7FB4FF48A5218
S2140181B0064B1B681880064B1B685D80DA8007B08B
S2140181C030BD00BF2A5E0020844700208047002083
S2140181D07C47002008B410B587B009AB0C4653F8AD
S2140181E0041B0092CDE9011302460B490B48059387
S2140181F00988002300681DF080FB4FF48A52084B63
S2140182001B681880074B1B685C80DA8007B0BDE8E6
S214018210104001B0704700BF2A5E0020844700204E
S214018220804700207C470020044A03461168044822
S214018230044A0988126800681CF038BE804700208E
S2140182407C47002084470020044B054A1B681268BF
S2140182501988044B18681CF09CBD00BF804700209D
S214018260844700207C47002007B5074B1B681B8806
S2140182700192064A12680092054A12681CF0EAFD4D
S21401828003B05DF804FB00BF804700208447002050
S2140182907C4700201FB51446064A12681288CDE9AD
S2140182A001430091044B05491B6809681CF0AEFDAB
S2140182B004B010BD80470020844700207C47002082
S2140182C0014B1868704700BF7C470020024B1B68B3
S2140182D018715971704700BF7C47002010B5002403
S2140182E0084B1C70FEF75EFC074BFF2218802146E8
S2140182F0064804F081FC064B1C80064B1C605C6043
S2140183009C6010BD2F6800202E5E0020256700208F
S2140183102C5E0020305E002007490B88FE2B9FBF95
S214018320064AD054581C80B29DBF088000F1FF3029
S21401833080180020704700BF2C5E002025670020B3
S214018340F8B5094F0D463B885C18FE2C0ADC074E33
S2140183500A46A4B20146F01804F0A0FC3C80641B57
S214018360A019F8BD0020FCE72C5E00202567002040
S214018370024B034A00201A60704700BF884700205E
S21401838084710400014B1878704700BFBC4600207A
S21401839030B4044D044C002B0CBF2B46234630BC96
S2140183A01DF015BC29DB0300101E040070B5054640
S2140183B008460C461DF0E2FB611C0246024B2846AD
S2140183C0BDE870401DF003BC2F25040000B50378FE
S2140183D089B0069343783E2205938378084904932F
S2140183E0C3780393037902934379019383790093C6
S2140183F0C3790448008800F081F809B05DF804FBF1
S2140184006B1D04003C5E0020024B024602491888A0
S21401841000F05AB83C5E002095E103002DE9F047D4
S21401842005460E4617460024DFF84480DFF844A0D0
S214018430DFF84490AC4201D1BDE8F087B8F80000FF
S21401844006EBC401534608221DF0C1FB0134B8F8FF
S21401845000003FB9044AA54208BF4A46034900F056
S2140184604DF8E7E74A46F9E7811B040094E103006B
S2140184703C5E0020101E0400CFC903002DE9F04128
S2140184800E4E044630881DF0BAFBA8B100250C4FED
S214018490DFF83080E3070AD518B94146308800F086
S2140184A02DF830882A46394600F028F80020013594
S2140184B01B2D4FEA5404EDD1BDE8F0813C5E00204F
S2140184C0280A0400B31A04000EB417B505A9044619
S2140184D051F8040B019103F091FA01210220054A9B
S2140184E0F8F7ECFC044B1C8003B0BDE8104003B069
S2140184F0704700BF811B04003C5E00200EB417B518
S21401850005A9044651F8040B019103F077FA034BD1
S2140185101C8003B0BDE8104003B070473C5E0020ED
S21401852013B503680446587900F032FF90B9236802
S2140185305A88032A0ED0E17C5B79CDE900211649E1
S214018540164AFFF7C1FF012120461DF0F8FB012066
S21401855002B010BD637D012B0AD0637D33B9236859
S214018560228A598858791CF0D4FF48B9C3200AE0FA
S2140185702368228A598858791CF0D4FF0028ECD049
S21401858020461DF03EFB064B1B78002BDFD110F575
S214018590807FDCD0C1B2D7E7981D0400901D04008F
S2140185A026680020002970B50F491D460F4B14465A
S2140185B00CBF6E227922002808BF0B4600200C490A
S2140185C0FFF79CFF0B4E2544AC4205D1BDE8704039
S2140185D000200949FFF778BF3146002014F8012B27
S2140185E0FFF78CFFF0E700BFD11D0400C71D040094
S2140185F0DA1D04000E1E0400650104002DE9F04F8B
S214018600C27C8BB00592427D0368002A14BF80228B
S2140186104022077D0446856886895879B846B3F8AE
S2140186200290069200F0B4FEA0B9059B052B05D872
S2140186306FF02D03059A1341DB070BD5B9F1030F34
S21401864008D0AB490020FFF73FFF012120461DF06F
S21401865076FB76E0E37B1BB1228A002A00F0B78125
S214018660607D0022B0FA80F05B4203F00403DFF87D
S2140186708CB2400943EAC000ABF80020FFF74CFE7D
S214018680E37B1BB3208A1DF036FA8246A07CFFF7F7
S21401869043FE059A162A00F29A81DFE812F01900C5
S2140186A09E016C005600D2016C009201D9019A011C
S2140186B0E001E701EE0139010202980198019801F3
S2140186C01402580214027002390102029A46DDE7CA
S2140186D000204B46874A8849FFF7F6FE0120FFF740
S2140186E01BFE08F10207B74229D841463246284602
S2140186F01DF03EFA8046236842465879BBF80030A2
S2140187004946C3F1FF039BB20193238A0093069B5C
S2140187101EF05BFD10B11FFA87F8E2E723684246B8
S2140187205879BBF800304946C3F1FF039BB2019369
S214018730238A0093069BFFF797FC8928EBD11DF04F
S214018740F8FA01200BB0BDE8F08F4FF0000B0420C3
S214018750FFF7E2FDF31E0893089B984552D3BBF141
S214018760000FECD1E37B94F81480002B0CBF02229F
S2140187700422624B1A804FF0000B0420FFF7CCFD59
S2140187805F4608F1030A564540F29D80324641464F
S21401879028461DF0EDF905EB08039B78F21EAA4466
S2140187A0A2EB080207905146184692B209931CF0B4
S2140187B003FD0890002879D02268099B5079CDE9FD
S2140187C001A3238A49460093DDE906321DF023F80A
S2140187D082464A460020079B4949FFF78FFEBAF1B9
S2140187E0000F55D10BF10103504646495FFA83FB52
S2140187F0FFF76AFE089B08F1030813FA88F81FFAC8
S21401880088F8BEE73246414628461DF0B1F905EB29
S21401881008039F78089B08F10301A3EB080229448B
S214018820824692B2384609911CF0C6FC079068B39E
S21401883023680999587902970191238A5246009331
S2140188404946069B1DF037F80746B8B10BF1010300
S21401885038465FFA83FBFFF75FFD50461DF04BF984
S21401886053464A4600202649FFF72EFE3A46002088
S2140188702549FFF729FE802F3FF471AF079B08F1CA
S214018880030813FA88F81FFA88F865E78027DDE7FA
S2140188905046FFF741FD07981DF02DF90137524666
S2140188A000201949FFB2FFF70FFEA3E78720FFF765
S2140188B033FD07981DF01FF90137872212490898E2
S2140188C0FFB2FFF701FE059B052B3FF43AAF002FE1
S2140188D07FF435AFBBF1000F05D10C495846FFF7C1
S2140188E0F3FD8021B2E63846FFF716FD27E700BF05
S2140188F0E0D103001B1E0400681E04002C5E00204D
S214018900251E0400681D0400411E04004B1E0400C1
S2140189100599A84AA84B0020152918BF1346CDF87B
S2140189200090A64AA649FFF7CFFD059B0C2B14BF66
S21401893016200D20FFF7F0FC3246284639461DF07A
S21401894017F9059B3D440C2B0646AD7835D1192DFC
S21401895028BF1925E37BB3B14FF6FF73278A9F42E1
S21401896011D1206832464946069B4079FFF70AF93D
S214018970B84208D0BAF1000F05D020828AF800006C
S214018980000A8AF801000020BBF80070FFF7C4FC5B
S214018990236832465879059B4946A3F1150CDCF14C
S2140189A0000343EB0C03CDE90153238A0093069B96
S2140189B01CF0A5FE834BD855C1E6132D28BF132501
S2140189C0C8E72046FDF7D0FB00287FF4BAAE812128
S2140189D03CE62046FDF77CF8F6E7B9F10A0F05EB11
S2140189E00708A6EB070A21D1DFF8DCB19BF80030B7
S2140189F0E3B1E37BD3B9BAF1080F17D13246394652
S214018A0028461DF0B5F888B998F8023073B998F879
S214018A100320E22A0AD13246391D284605931DF065
S214018A20A4F81DF071F9059B8BF8003041464846C5
S214018A301FFA8AF21EF0CBFB00287FF482AE0021DB
S214018A4004E6F21B484692B2E9191DF04EF8F3E728
S214018A50F21B484692B2E9191DF00BF8ECE7F21B3F
S214018A60484692B2E9191DF030F8E5E7F21B484690
S214018A7092B2E9191EF0ADFBDEE72368EE5D587988
S214018A80238A0137ED5D0193069B324649460093E2
S214018A902B461CF073FD2A46314648461CF0EBFF78
S214018AA04FE605987A1CE95DB31AA0F116067042E6
S214018AB070410039009018BF012148469BB22A44F4
S214018AC01CF0DBFFB8E7059BEE5D112B3D446F788C
S214018AD038D11220FFF720FC0025E37BB3B14FF617
S214018AE0FF73B4F81080984510D133464A462146A4
S214018AF02846FEF7C9FF404508D0BAF1000F05D059
S214018B0020828AF80000000A8AF80100BBF800807B
S214018B10DFF8B0A0C8F1FE0292B208F1010300929C
S214018B2053444A4621462846CDE90267CDF804B0AB
S214018B30FEF7E2FFBBF800300AF808000133ABF895
S214018B400030FCE51420FFF7E7FB0125C5E77B1C99
S214018B509E422CD3EF5D1D44003F18BF0127F31A38
S214018B609EB233462A4639460020FFF71BFD009683
S214018B702B463A464846218A1CF083FF5CE77B1C5D
S214018B809E4214D3EF5DF61A003F18BF01271D441D
S214018B90B6B233462A4639460120FFF703FD009652
S214018BA02B463A464846218A1CF069FF44E70020D6
S214018BB0C8E500BF811B0400161E04005C1E0400ED
S214018BC0661E0400256700202468002038B54FF68D
S214018BD0FB750446A9424FF001019DF8100098BFAD
S214018BE043F40043217023816260A07202230020B7
S214018BF0084A0949FFF768FCE07A084B40F6CA02C2
S214018C0003EB4010FF211BF00EFABDE838400420AC
S214018C10F8F732BB761E0400811E0400CC47002004
S214018C2030B5054685B028B91D4905B0BDE83040C8
S214018C30FFF74ABC0024007B1CF0B0FF2046194A0F
S214018C4019492C70FFF740FC184BE87AFF2103EB1B
S214018C5040101BF0F9F92046154B02019A5C22B927
S214018C6001300428F9D1F8F721FB696899B1B5F903
S214018C7008302A899B1303F002038DF80430C2F3EF
S214018C800E03ADF806304FF6FF73ADF8083000233B
S214018C9001A80393884705B0BDE830401CF083BFA8
S214018CA0AC1E0400761E0400DE1E0400CC47002025
S214018CB08C4700200948037873B91946084AD372CD
S214018CC00133042B1173117051601181917202F1FD
S214018CD01002F4D101230370704700BF25680020FD
S214018CE08C47002008B5FFF7E5FF002305491A0168
S214018CF08A5C01EB03101AB10133042BF7D1002073
S214018D0008BD00BF8C47002070B50D460646FFF72C
S214018D10D1FF0023094800EB0514A17AB14205D121
S214018D20217819B12B4400EB031070BD0133042BDD
S214018D3004F11004F1D10020F7E700BF8C470020B2
S214018D4010B50446FFF7B6FF0E4B9C4212D003F156
S214018D502002944210D003F1400294420ED06033B8
S214018D609C420DD10323084800EB0310BDE81040D8
S214018D70FFF756BF0023F6E70123F4E70223F2E7E5
S214018D800020F3E7CC4700208C47002070B5002474
S214018D90064D074E2846324600210134F7F7A4FD5A
S214018DA0042C05F12005F5D170BD00BFCC4700208D
S214018DB0418D01002DE9F34105460C4617469846BC
S214018DC0FFF790FF064640B91C4A1D49FFF77CFB9A
S214018DD00224204602B0BDE8F0814FF6FB739D42A7
S214018DE00AD94FF6FD739D4204D00020134A154957
S214018DF0FFF76AFB4FF6FD75434621463A4628467D
S214018E001CF06AFF044600F02FFE804634B123466C
S214018E1000200A4A0C49FFF757FBDAE73B46204693
S214018E20064A0A49FFF750FB062329463046089AA8
S214018E30CDF80080FFF7CAFECBE700BF761E040020
S214018E40EB1E0400151F04004A1F0400731F0400D4
S214018E50F7B506460C461746FFF744FF054638B9F0
S214018E60104A1149FFF730FB0224204603B0F0BD3B
S214018E7021464FF48A5230461DF0F6F8044600F0BB
S214018E80F3FD34B123460020064A0849FFF71CFBD0
S214018E90EBE7009004233A4631462846FFF796FE54
S214018EA0E3E700BF761E0400EB1E04009B1F0400D0
S214018EB0F7B506460F46FFF715FF054638B9104ABF
S214018EC01049FFF701FB0224204603B0F0BD002243
S214018ED04023114630461DF08BFA04461DF086FAF3
S214018EE034B123460020064A0749FFF7EDFAEBE7BF
S214018EF0009001233A4631462846FFF767FEE3E72E
S214018F00761E0400EB1E0400CE1F040073B5044653
S214018F100E46FFF7E7FE054638B9104A1049FFF737
S214018F20D3FA0224204602B070BD00222046114624
S214018F301DF060FA04461DF059FA34B123460020AC
S214018F40064A0849FFF7C0FAECE700902346324686
S214018F504FF6FC712846FFF739FEE3E7761E04005C
S214018F60EB1E0400FC1F04002DE9F0418846107832
S214018F7000219EB014461D46FFF7C6FE0646002891
S214018F8000F0FD800778002F7BD0B8F8001000298C
S214018F9040F0F5800389B8F8022043F4004082428D
S214018FA040F0ED80617800296BD1A2F50042062AD7
S214018FB000F2E580DFE812F0A100A100E300E30083
S214018FC00700B8006900E3880D3DADF82430238919
S214018FD015F00105ADF8263063798DF82830E37A6F
S214018FE003F1060214F812208DF814308DF81C20B7
S214018FF042D10BA98E46069104F10C005FFA85FC5E
S2140190009C4500F1020009D210F8018C10F802CC40
S21401901001350CEB082C2EF802CBEFE701EB4301F0
S2140190201A440891D2B2590001F10D009A42C0B219
S2140190300BD025186D78205C7831694400EB05204B
S214019040013321F84C0CDBB2EDE7B6F90820338981
S214019050002AACBF01220322C3F30E038DF80820B9
S2140190606288ADF80A3005ABADF80C20049302A96E
S21401907030461CF01CFE04E0424A43490020FFF73C
S21401908023FA38461EB0BDE8F081042D02D83D4AC9
S2140190903E49F3E72379053DADB29D42B4F802801F
S2140190A002D0384A3A49E9E73A4A3B4B0020002DBC
S2140190B008BF13463949334ACDF80080FFF704FA52
S2140190C005348DF81450B6F90830069485B1002B96
S2140190D0ACBF012303238DF82C303389ADF83080E3
S2140190E0C3F30E03ADF82E3005AB0D930BA9BFE706
S2140190F0002BACBF06230523EDE70B2DC7D9D4F80B
S2140191000200D4F8061013F4004F05AA03C20CBFE0
S214019110042203228DF82C206289C3F30E03ADF8D6
S2140191203020ADF82E30DFE7042DB0D96388ADF8D6
S214019130303023790533DBB29D4206D00020114A38
S21401914017490095FFF7C0F99BE70E4A002015491D
S214019150FFF7BAF9B6F908203389002AACBF012215
S2140191600322C3F30E03ADF82E3005AB0D93631D3A
S214019170069323798DF82C208DF81430B6E7002756
S2140191807FE700BF761E040029200400512004005A
S21401919065200400A5D90300811B04008C2004006F
S2140191A0A9200400EA200400304BF0B5B0FBF3F22E
S2140191B04FF4616503FB1200B0FBF5F3DCB205FB6F
S2140191C013033C25B3FBF5F3DBB2A0EB04104B71A4
S2140191D0C3EB0313A0EB83004FF4FA630B8040F25A
S2140191E001134B8001230C711F4600246425204E79
S2140191F08871944200D1F0BD91F802C013B1BCF160
S214019200020F2BD006EB0C0010F801ECC878704565
S2140192100BBF012001300CF1010CC0B208BF81F870
S21401922002C0C87088780D2816D10B888F7001335C
S2140192309BB298070B8014D1B3FBF5F005FB1030F9
S21401924080B280B94FF4C870B3FBF0FC00FB1C334E
S2140192509BB2B3FA83F35B090134CAE74FF01D0EE4
S214019260D4E70023F8E70123F6E700BF80510100A9
S214019270CA74040010B5044688B006A9FFF794FF27
S2140192809DF81E300A4803939DF81D3004940293FE
S2140192909DF81C309DF81A200193BDF81830054939
S2140192A0009300889DF81B30FFF70EF908B010BD3B
S2140192B03C5E002003210400026808B51188154BA6
S2140192C019805188598051791971117959714FF462
S2140192D08A51D980D28812F0200F0CBF0A464FF46B
S2140192E08B528169DA800C4A137831B9C0880B49F0
S2140192F023F002030880137008BD43F002031370C5
S214019300074B15221846013103F0C8FC002200F86D
S214019310012CF1E7305E00202F6800202E5E002031
S2140193203F5E002010B5184C236858791CF0E5F80C
S2140193300B2822D8154B03EB0010027B237F9A42A1
S2140193401BD12368428819888A4205D04FF6FF70E0
S214019350814212D1120410D42279023A012A06D986
S214019360A37B63B9BDE810400748FFF747B91989E1
S21401937058791BF0F8F90028F2D1002010BD0248F8
S214019380BDE81040FFF7CCB850480020BC4600208E
S21401939008B51CF0B2F80B2896BF024B0020185CEB
S2140193A008BD00BF3468002008B500201CF0F6FB9D
S2140193B0FF201CF0D5F81CF0F6FB1CF09DFAFEF71A
S2140193C071F901210246064803F016FC054BFF2100
S2140193D0054A0648FEF7C6FEBDE80840FEF708BB8C
S2140193E034680020305E00202C5E002025670020B7
S2140193F0F0B5002204464FF6FF750B4F90B237F8D2
S21401940030600346AE4201D12846F0BDA64209D1DE
S214019410B4F57C4FF9D307EBC3035B888B42F4D0DA
S2140194200029F2D00132E9E70875040010B50446B8
S214019430FFF7DEFF094A034610884FF6FF72934294
S21401944014BF074A2246BDE8104017BF02EBC3030C
S21401945004495A680449FFF751B800BF3C5E002032
S2140194600875040026210400BCEC0300034B1878A1
S2140194700130C0B2187000F07F00704734730020CE
S214019480044A137818B143F001031370704703F0D0
S214019490FE03FAE72F680020014B1870704700BFE3
S2140194A03268002038B1074B1B78012B04D10388A2
S2140194B043F0400303807047022BFCD1038823F05E
S2140194C04003F7E73268002068B1074A1378012B9A
S2140194D007D1064B1B781370037843F01003037013
S2140194E001E0022BF8D07047316800203068002078
S2140194F07FB50121264B274E197033780246D907CE
S21401950044D42549096881B10868C1888D0641BFE0
S214019510224CE18841F02001E180C1884C0641BF20
S2140195201E48C18841F04001C1801D4D1D49287863
S214019530097840074CBFE97069701B4913F00204B3
S214019540098809D0164A19481CF0ABFA337823F07B
S2140195500203337004B070BD154B18884FF6FB73C9
S214019560984208D80B46CDE9005201460B4A2046E0
S2140195701BF070FCEEE74FF6FF73CDE90142009356
S2140195800A46074B05491BF041FCE3E70020E1E7EB
S214019590266800202F6800204C480020305E0020FE
S2140195A025670020357300202C5E00203E5E0020DB
S2140195B02E5E002070B503790446012B0D46164633
S2140195C031D883681B78DB0600D561B3A37B13B95A
S2140195D0E37C0B2B27D00022144B1A80637DB3FA51
S2140195E083F35B09D800E37BABB9FEF795FEA07C5D
S2140195F0FEF792FE0B20FEF78FFEE07CFEF78CFE58
S2140196002846FEF789FE2046FFF756FE3046BDE89F
S2140196107040FFF76DBF40F00400FEF77DFE208A24
S2140196201CF069FAE3E7002070BD00BF2C5E002045
S214019630024B0A4601461868FFF7BCBF4C4800209B
S214019640F0B4054618460F4B0C461B78BDF81010B3
S214019650012B0D4E01D0377827B10023337000203F
S214019660F0BC70470CB9002AF9D143B14FF6574305
S214019670994204D02B462246F0BC1CF0F8B90120D2
S214019680EEE700BF36730020336800202DE9F04F67
S214019690684C4FF0000A25468446964698460F4683
S2140196A0654B664E83F800A00FCE0FC596E80F00F7
S2140196B085B085E80F00DDF83C90BDF8383072467D
S2140196C00093394643466046CDE9019400F0DCF844
S2140196D0DFF89081064670B90025FEF7FFFD1622D9
S2140196E00021574803F088FA00232846C8F80030BE
S2140196F005B0BDE8F08F534BA27CC8F800401A7045
S214019700514B1B78002B36D01CF000FB4F4902460C
S2140197105046FEF7F3FE22685046537952884C496C
S2140197200092A289FEF7EAFE50461CF068FA20B1C4
S2140197302368218A5888FFF779FEE37B23B100204E
S214019740228A4449FEF7DAFEA36800201A78E37CF1
S21401975041490093A37CFEF7D1FE207DA289A16832
S214019760121A01440123002092B2FEF711FE0020D6
S2140197703A49FEF7A9FE2F48FFF79EFD2D481DF03A
S2140197801FFD054630BBB9F1000F25D12168E088E1
S2140197900B8801904988BA1E032A00918CBF0022CB
S2140197A001220121E07CFFF74BFF38B923685B7982
S2140197B0FF2B3AD0FFF7B6FD05468EE72368DB8818
S2140197C09A06F3D40121264C1A4821701CF0B7FAE8
S2140197D084F80090354680E7B9F814309B07E5D445
S2140197E07AE75846FEF718F882465846FDF760FFB6
S2140197F088B123685046228A59881BF081FE50B1F1
S2140198003846FFF759FD236889F804A083F805A0B8
S214019810FFF788FD00B9284605460136FDF742FFE9
S2140198205FFA86FB5845DCD857E70026014FDFF87C
S2140198303890F3E75048002026680020E8740400BA
S2140198403E5E002035730020337300203F21040064
S214019850482104006921040075210400EFD20300A9
S214019860336800204C480020305E00200023054A63
S214019870D15C814202D31A44507870470233DBB27E
S214019880F6E700BFD674040073B515462E781A465F
S21401989016F0040F0CBF032605269E42089C08D925
S2140198A0224A234900960020FEF70EFE002002B051
S2140198B070BDBDF8183021712060E380A560A281DB
S2140198C02B7803F00103A3732B7803F00403002B1A
S2140198D014BF01210021E1732978C1F3C00161752C
S2140198E04FF00101217518D028461CF041F9237D5F
S2140198F0208202332375227D531CDBB22375A95CBB
S2140199000232D2B2A1742275EB5CE374A3899A4247
S21401991005D900920749054AC5E72382EBE7079B6D
S2140199200120A36100232377C1E700BF39DA0300D2
S214019930B8210400D42104002DE9F7430024204F68
S214019940DFF89C80DFF89C90E0B21CF08DFCFF28CD
S21401995005460FD12346012102201A4AF7F7AEFA2F
S214019960194B0134187819F060FF152CECD103B0AF
S214019970BDE8F08346B238EA260328BF4B460121EC
S2140199800093022057F82430104AF7F797FA002E72
S214019990E6DA0923E340DB070AD50D4A0D4B15F03D
S2140199A0010F18BF1A4601210220F7F787FAD7E7F9
S2140199B00A2CD5D1084A094B15F0010FF1E700BF73
S2140199C0207504002D220400377300205522040060
S2140199D006220400F02104002222040018220400BA
S2140199E0A5D90300811B040008B5542200210248B2
S2140199F003F002F9002008BD2C5F002008B55422B0
S214019A00FF21024803F0F8F8002008BDD85E0020C8
S214019A10024B23F810100020704700BFD85E0020CC
S214019A20002310B4074ADCB2A14203D85DF8044B08
S214019A30FFF7DABF2A2BF9D032F8024B20F8134091
S214019A400133F0E72C5F0020002310B5054A994248
S214019A5001DD2A2B00D110BD32F8024B20F813404D
S214019A600133F4E72C5F0020024B187800F07F00EA
S214019A70704700BF40680020034B18780130C0B221
S214019A80187000F07F0070474068002030B51C4613
S214019A9000238BB0ADF82220021D92B2012A0E9D42
S214019AA0ADF82030ADF81E10ADF81C3003D94FF6D6
S214019AB0FF7290420FD10022CDE90352CDE9012475
S214019AC0094B01461B784FF6FF70009307AB1CF05D
S214019AD0EBFB0BB030BD0146CDE9015318460094AF
S214019AE007AA1CF0FDFBF4E73873002038B50546DD
S214019AF04FF480500C4603F085FA4FF480532860EB
S214019B00236030B940F2A511BDE83840014822F083
S214019B10BEBA38BD4423040000487047EA600020FE
S214019B20014B1878704700BF51730020014B18880D
S214019B30704700BFDA720020014B1878704700BFEB
S214019B404A730020014B1878704700BF4468002014
S214019B50014B1878704700BF45730020014B187001
S214019B60704700BF47680020014B1870704700BF60
S214019B7046680020014B1888704700BFD872002045
S214019B802DE9F74F4FF00008394B3A4F93F8009004
S214019B90394B3A4E3A4D3B4C3B483C49DFF8F4C012
S214019BA0DFF8FCE0DFF810A1DFF810B10193019BAC
S214019BB02037203301935FFA88F3994506F1200692
S214019BC005F1200504F1200400F1200001F1200137
S214019BD00FD8002211462E4B2E4D1C782E4E2F4BA1
S214019BE02F4FD0B2844203F1200338D803B0BDE82A
S214019BF0F08F2C4B2C4A47F81C3C002346E90723E0
S214019C002A4A47E9063E45E90723294A46E905E384
S214019C1044E90723274A45E905E340E90723019A72
S214019C2044E905E340E905E341E908CA41E9063E9E
S214019C3047F820CC47F8103C46F820CC45F820CC15
S214019C4044F820CC40F820CC41F8103C08F101083B
S214019C5042E908CB42E9063E42F8103CA7E743E951
S214019C60085643E9061743F8101C0132B9E700BF4E
S214019C7055730020284C0020284B0020084C00205B
S214019C80E84B0020884B0020684B0020484B002002
S214019C904F730020A45A002095C70200A84B00204D
S214019CA0811B0400E3880300BB870300D18F0200F9
S214019CB071A9020023620300450D0300D57E020050
S214019CC0002208B5074B1A605A601CF09CFA064B36
S214019CD018701CF098FA054B1870054B1A78054B4E
S214019CE01A7008BD465A002082680020816800204C
S214019CF04373002080680020002100B593B0084619
S214019D006A460AF0E7F90146C8B90E4B0E4A0993AE
S214019D100E4B0D920A930E4A0E4B0E920B930E4A61
S214019D200E4BCDE90F230C930D4B6A4611930AF0A7
S214019D3087FC003818BF012013B05DF804FB012032
S214019D40FAE700BF4D8303006D8B020051850300C7
S214019D502D60020051620300999A0200B18503004A
S214019D609D870200084B1878112806D8012809D9C2
S214019D70064BC34003F001007047A0F1430358426D
S214019D805841704700207047846800203400020064
S214019D9008B5064B1B78013B022B05D80020FFF7C0
S214019DA0E1FF0138C0B208BDFF20FCE7856800204E
S214019DB0044B00F1100250F8041B904243F8041BB8
S214019DC0F9D1704786680020044B03F1100253F85E
S214019DD0041B934240F8041BF9D1704786680020A3
S214019DE030B5002491B0114B0546214614220BA82C
S214019DF0CDE9094302F000FF102209ABCDE900448A
S214019E000693CDE90452CDE90252094B09490AA845
S214019E1019F00AF904460AA81CF06FFF1CB1A0212C
S214019E20054822F034F911B030BD00BF002480008F
S214019E300044400486680020CF23040070B5002447
S214019E4090B0154B05460E46142221460BA8CDE9C7
S214019E50094302F0D1FE102209ABCDE90044069376
S214019E603146CDE90452CDE902520C4B0AA819F04D
S214019E70DBF804460AA81CF040FF1CB1BA210848CA
S214019E8022F005F9099B102B03D0BB21044822F0D0
S214019E90FEF810B070BD00BF0024800000444004EE
S214019EA0CF23040030B50D4600218FB0124B044677
S214019EB0142209A8CDE9071302F09EFE102207AB73
S214019EC0CDE90242CDE90042049329460B4B08A88E
S214019ED019F0ACF8044608A81CF00FFF1CB1D121FC
S214019EE0074822F0D4F8079B102B03D0D221044850
S214019EF022F0CDF80FB030BD0024800000444004AD
S214019F00CF2304000022034B1870034B1970034B38
S214019F101A7070479768002098680020966800209D
S214019F202DE9F04FDFF89080064698F800300D4690
S214019F3085B0002B3AD04FF6FB73984236D84FF0D7
S214019F40000B1C4FDFF874A03C7898F800305FFADD
S214019F508BF94B459AF8000011D9484402AA0DF135
S214019F600601C0B214F00CFB082229460DEB0200D4
S214019F7003F08EF90BF1010B0028E6D14C463B7835
S214019F80A34208D198F80020631CDBB29A423B70CA
S214019F9004BF00233B70324629469AF800301C4421
S214019FA0E0B205B0BDE8F04F14F0D8BB05B0BDE88F
S214019FB0F08F00BF96680020986800209768002000
S214019FC02DE9F74F06460D4614461F464FF0010B86
S214019FD0DFF8789003F10C0A15B903B0BDE8F08FED
S214019FE0102DA84628BF4FF010083A46164B5FFAC8
S214019FF088F152F8040B524543F8040BF9D101914C
S21401A0009AF8002011481A70002389F80F4089F841
S21401A01000B089F80E30FFF7E3FE324601340B48F4
S21401A0200199E4B212F801CB10F8013B83EA0C0364
S21401A03002F8013C931BDBB28B42F3D3A5EB080875
S21401A04016461FFA88F5C7E79A6800209968002027
S21401A0502DE9F04F9046914685B00090981A0293EC
S21401A06083B20193009B0F46354903F10C0453F864
S21401A070045BA34241F8045BF9D11B78314E0B70A7
S21401A08049233370019BF0731B0A3046B373FFF705
S21401A090A7FE0221BB460D46737888EA0303737058
S21401A0A04FF0000A1DE0C5F11004A9EB0A039BB2AC
S21401A0B0A4B29C4228BF1C4600231FFA83FCE81862
S21401A0C06445C0B21FD82544EDB2A344102D5444B4
S21401A0D01FFA84FA05D1002530460391FFF780FE6A
S21401A0E00399D145DFD807EB080B25B11548039135
S21401A0F0FFF776FE039901294FF000050DD00121E7
S21401A100DDF80490CCE71BF803C016F800E0013335
S21401A1108CEA0E0C06F800C0CFE7029B09491F44E3
S21401A120094B38461C78224602F0F6FE2A4621469E
S21401A1303846009B05B0BDE8F04FFFF741BF00BFB2
S21401A1409A680020996800205673002030B5407840
S21401A1500C4601284FF0110387B001F1100516D106
S21401A160144A01A90AF0F4FF234601AC22461868F6
S21401A1705968083303C2AB421446F7D111230D4A7E
S21401A180002001A90AF0E4FF002007B030BD01203D
S21401A190094A01A90AF0DCFF234601AC22461868E9
S21401A1A05968083303C2AB421446F7D11123024A59
S21401A1B0E6E700BF75E4010079EB010030B50C4617
S21401A1C0407887B001284FF011030DBF0B4A0C4AA7
S21401A1D0012001A918BF01A90AF0BAFF234601AA66
S21401A1E005AD144603CCAC4218605960224603F113
S21401A1F00803F6D1002007B030BD00BF75E40100AA
S21401A20079EB010010B50C4688B01A230C4A01A957
S21401A21001200AF09DFF21460DF10E0304F1100204
S21401A22051F8040B914243F8040BF9D11A2300208C
S21401A230034A01A90AF08CFF002008B010BD00BF38
S21401A24024E10100F0B58BB004460D461EF043F83C
S21401A250A8B101A812F044F988B1667B271D16F053
S21401A260020F05D00822384601A903F011F8D0B92B
S21401A27001AB46F0020603CB6060796066731A2371
S21401A2800A4A03A901200AF063FF29460DF11603C5
S21401A2900DF1260253F8040B934241F8040BF9D151
S21401A2A000200BB0F0BD2D20FBE700BF24E101002C
S21401A2B0F0B50546071D00220C463846082193B026
S21401A2C01DF097FF6A7B0646D0070BD5687808A96C
S21401A2D01CF044FCDDF83D306B60DDF841307B60FE
S21401A2E080B10BE0910709D5D2000121384602F072
S21401A2F080021CF03EFCFF28687002D12D2013B0AE
S21401A300F0BDD6B1687801A91CF0C5FB9DF81C30DC
S21401A3105B0604D54FF4C6710A4821F0B8FE234601
S21401A32003AD07AC2A4603CAA24218605960154617
S21401A33003F10803F6D10020E1E708A91CF00EFCA2
S21401A340CEE700BF4D2404002DE9F04106468AB051
S21401A3501F480F4615460024FFF736FD002C01A9BD
S21401A36014BF4FF05C0C4FF0360C10238846184A89
S21401A37012F8010B013B8CEA000013F0FF0301F811
S21401A380010BF5D105A81EF06FFD4246102105A868
S21401A3901EF06EFDC4B93946324605A81EF0D0FD42
S21401A3A02A460DF1140C0DF1240E634603CB7345BA
S21401A3B0106051609C4602F10802F6D114B10AB051
S21401A3C0BDE8F0810124C9E72A461021E5E700BF70
S21401A3D0C96800202DE9F04791460D46C0B09DF8AA
S21401A3E02041DDF828811E46DFF87CA09DF8243147
S21401A3F007462246494640468AF8003002F08CFD60
S21401A4009DB12346324641463846FFF721FEB44207
S21401A41007D9A11B3B46012289B208EB0600FFF7CC
S21401A420CFFD002040B0BDE8F087A11B3B460122CE
S21401A43089B208EB0600FFF7C3FD2246414668468F
S21401A44002F06AFD3246694638462346FFF700FEAB
S21401A4509AF800200DEB040109EB040002F018FF46
S21401A4600028DED02C20DDE75673002038B50346E1
S21401A470104601F1100451F8045BA14242F8045B56
S21401A480F9D104491BB1FFF7D9FC002038BDFFF70D
S21401A49009FDFAE7C968002030B5054689B0694666
S21401A4A01CF07DF96B8804ACABB1224629466846A0
S21401A4B01CF015F90E4A08AD234603CBAB421060DB
S21401A4C051601C4602F10802F6D10948FFF770FCFC
S21401A4D0002009B030BD6B46054D1A4603CAA2429C
S21401A4E028606960134605F10805F6D1EDE700BF5F
S21401A4F0C968002050B10B4B0B4A03F1100153F809
S21401A500040B8B4242F8040BF9D17047064B054AFF
S21401A51003F1100153F8040B8B4242F8040BF9D1F6
S21401A520704700BFC9680020A968002008B510223E
S21401A530024802F0B3FB002008BD00BFB968002046
S21401A54008B508461022024902F0A8FB002008BD03
S21401A550B968002010B5044686B001A9114A112336
S21401A56001200AF0F5FD9DF8143001A8E3701FF0F4
S21401A57042F880F001000C4A01A960701123012005
S21401A5800AF0E6FD9DF8143001A8A3701FF033F819
S21401A59080F00100207010F03DFB6060002006B0E6
S21401A5A010BD00BF75E4010079EB010010B504464B
S21401A5B086B01123134A012001A90AF0C9FDA37828
S21401A5C09DF814209A4207D08DF8143000201123EC
S21401A5D00C4A01A90AF0BCFD11230B4A012001A96E
S21401A5E00AF0B6FDE3789DF814209A4207D08DF85C
S21401A5F0143000201123044A01A90AF0A9FD06B06F
S21401A60010BD00BF79EB010075E401002DE9F041B2
S21401A61086B0064603A80C4612F000FF0546002841
S21401A6204AD1BDF80C30980646D510222946204658
S21401A63002F0E2FA01A811F053FFC0B1777B06F1F0
S21401A640040817F0020F06D00822404601A902F0BE
S21401A6501FFE00282ED101AB47F0020703CB706026
S21401A660C8F804107773238843F0080323802388EF
S21401A67043F00203238011F00DFB60601DF02BFEFA
S21401A68030B10E4B1B68A360238843F0040323807C
S21401A6900B4B1A68D1035EBF238843F01003238057
S21401A6A0130203D5238843F400632380284606B0AB
S21401A6B0BDE8F0812D25F9E72425F7E7584C002061
S21401A6C05C4C002010B5D0E9023253F8223090B02D
S21401A6D01C684022694620461CF0B3FA034630B196
S21401A6E0224600200549FDF7EFFE10B010BD0122FD
S21401A6F069460820FDF792FEF7E700BFE324040051
S21401A70070B500F0B1F800280CBF6E227922002047
S21401A7101349FDF7D9FE00F0A7F8F0B11CF0A5FA31
S21401A72000280CBF6E22792200200E49FDF7CCFED0
S21401A730082200200C49FDF7C7FE00250B4C0C4EE5
S21401A740234654F8042C314600200335FDF7BCFEA1
S21401A750182D04F10C04F3D170BD3F22E4E700BFCD
S21401A7601B2504003225040042250400804D0020EC
S21401A7706125040070B51CF05DFA044621490020ED
S21401A780FDF7A2FE2CB92046BDE870401E49FDF734
S21401A7909BBE00F0BBF805461C4B62690020002AF0
S21401A7A008BF1A461A492668FDF78EFEA2880020C1
S21401A7B01849FDF789FE1849E2880020FDF784FE56
S21401A7C0A388228913F010001ABF002013491449E8
S21401A7D0FDF77AFEE26800201249FDF775FE226950
S21401A7E000201149FDF770FE104A114B0020B6F506
S21401A7F0817F38BF13460F492A46BDE87040FDF7F2
S21401A80063BE00BF96250400A325040059F5030086
S21401A810C4250400E22504000326040020260400C3
S21401A8203D2604005B260400792604008E250400DC
S21401A830842504009726040038B5014600230C251C
S21401A840084A05FB03F4A0181459013404D10C225C
S21401A85002F024FA002038BD0133082BF1D1012083
S21401A860F9E700BF7C4D0020034B1878012894BF00
S21401A87000200120704700BFDB68002038B5044681
S21401A880044D2878A04203D021461CF0B3F92C7061
S21401A89038BD00BFDB68002000B58FB03422002130
S21401A8A001A802F0A9F901A8EEF710FB0598D0B1AE
S21401A8B082680E4BB2F5803F34BF92B2C2F38F224C
S21401A8C041881A81028828BF41F010011A60426847
S21401A8D09980DA80C268DA6002691A6142695A614F
S21401A8E0027E18461A760FB05DF804FB004D002074
S21401A8F0054B1B7820B1012B04D80220FFF7BEBF01
S21401A900012BFBD8704700BFDB68002010B5084C50
S21401A910237853B91CF08EF90123237028B10368FC
S21401A920B3F5817F24BF037E2370207810BD00BF5E
S21401A930DA68002070B5184B1B78012B2BD81CF059
S21401A9405CF9164D024616490020FDF7BDFD0120B3
S21401A950FFF7CEFF2E78FF2E1DD1FFF79DFFC8B162
S21401A960848860223146C4F340040E482C7002F0FD
S21401A97043F9602231460C4802F03EF95CB1FFF71C
S21401A980C5FF042807D9BDE8704040F22B110748DF
S21401A99021F07DBB287070BDDB6800205773002056
S21401A9A0BA2604007C4D00201C4D0020CC26040055
S21401A9B02DE9F04FDFF884928DB003AB0746884649
S21401A9C0144699E8070083E80700FFF7B3FFFFF78F
S21401A9D09DFF944B06461D784B46012D40F0708135
S21401A9E0012840F27281B7FBF0F200FB1272002AD6
S21401A9F000F06B818C4900228B46D1F800C0BCF177
S21401AA00FF3F04D0087A6044874200F01981013282
S21401AA10082A01F10C01F0D193E8070006AE0DF10A
S21401AA20240A86E807008AE80700FFF76FFFB7FBEE
S21401AA30F0FB00FB1B7BA0EB0B094A464146064692
S21401AA400AA809978DF82C9002F066FA00224FF0BA
S21401AA500C0E764902E00132082A0ED00EFB02F0F7
S21401AA6000EB010C08580130F5D19AE807008CE894
S21401AA7007006F490A7801320A70A14504DD4FF4D8
S21401AA80E2716C4821F003FBA41B5C444F44A1B265
S21401AA9017FA84F4B4FBF6F206FB1242C8448E1A87
S21401AAA091B1A41A08EB060107A88DF82020069498
S21401AAB002F032FA06A8FFF7BFFEFF2804D140F2E3
S21401AAC0D9115C4821F0E3FAB6B2B6B10320FFF71C
S21401AAD0D5FE802E0AD832464146574802F01CFA67
S21401AAE03246384654491CF090F805460220FFF7D6
S21401AAF0C5FE28460DB0BDE8F08F0025F9E74FF4F6
S21401AB000E714C4821F0C3FA464B1B78012B00F01E
S21401AB10E380002C36D00320FFF7B0FE802C2FD820
S21401AB2022464146444802F0F7F922463846424951
S21401AB301CF06BF805460220FFF7A0FEDFF8F09048
S21401AB4099F8003093B1039CFFF7E0FE374B0027DE
S21401AB5098461A68511C04D0197A411A521A94421E
S21401AB6024D00137082F03F10C03F2D1002DC0D1F8
S21401AB70039B0133C1D003A8FFF75EFE0546B8E785
S21401AB800125D8E72546D9E740F26D21294821F06D
S21401AB907EFA012524E0012D30D0802E2FD83246B2
S21401ABA0254903981CF031F8054628E0002DA0D170
S21401ABB00C247C4308EB04039DF814A093F808B01A
S21401ABC00AEB0B03802BDFDC1B4B524604A918460D
S21401ABD002F0A2F9211D5A464144504402F09CF964
S21401ABE00C2303FB07839DF814201B7A13449E4213
S21401ABF0D1D040F273210F4821F049FA01250220F5
S21401AC00FFF73CFE99F8003013B1013B89F800309C
S21401AC104FF0FF3308EB040248F80430C2E9013371
S21401AC2067E700BF577300207C4D00201C4D0020B5
S21401AC30D9680020CC260400804C002084750400CE
S21401AC404FF00C0A0AFB02B3187AA6EB00095FFA6A
S21401AC5089F9A14501D35FFA84F90AFB02FA0AF1E0
S21401AC60040528444A464146584402F055F90BEB80
S21401AC700A031A7AA4EB09044A44D2B2B242A4B235
S21401AC801A7219D103200193FFF7F8FD32460BEB38
S21401AC9005015BF80A001BF0B8FF05460220FFF726
S21401ACA0EDFD4FF0FF32019B4BF80A20C3E901226C
S21401ACB0002D7FF41EAFC844002C3FF41EAF4F4456
S21401ACC0104B1B78012B7FF424AFB7FBF6F306FB82
S21401ACD01373002B7FF413AFE319B3FBF6F506FBF2
S21401ACE01535002D3FF415AF641B5B1B08EB040103
S21401ACF02A4604A80393A4B202F00EF98DF8145064
S21401AD0007E700BF5773002070B5134B1B78012B64
S21401AD100CD1FFF70FFE0026104D55F8043C013309
S21401AD2006D10336182E05F10C05F6D1002411E0E4
S21401AD300320FFF7A3FD55F8044CFFF7E7FD29466E
S21401AD40024620461BF061FF04460220FFF796FDEF
S21401AD50002CE6D0204670BD57730020804D0020A1
S21401AD6070B505460C46FFF7E5FD0520FFF786FDA5
S21401AD70214628461BF057FF06460220FFF77EFDB8
S21401AD8000220A4B2C441968481C08D0A94206D355
S21401AD90A1423EBF4FF0FF31C3E900119960033273
S21401ADA0182A03F10C03EED1304670BD7C4D00200D
S21401ADB0D0E9023253F8223010B51C68204600F064
S21401ADC095FA28B12146BDE81040024800F002BEBF
S21401ADD010BD00BF4A27040008B5D0E9023253F877
S21401ADE02230186800F06CF920B1BDE8084002482E
S21401ADF000F0F0BD08BD00BF6C2704002DE9F0414E
S21401AE00D0E9023253F8221003EB82035B680F6825
S21401AE101D789AB0642D04D96421114800F0DAFD3A
S21401AE2064252A46384601A900F002F9044698B975
S21401AE300C4800F0CFFDDFF8348001AE013DA5429D
S21401AE4002DC1AB0BDE8F0813919404616F8012B2C
S21401AE5000F0C0FD0134F2E7034800F0BBFDF0E767
S21401AE608F270400AF270400D9270400C627040053
S21401AE702DE9F04700252D4FDFF8E080DFF8E09060
S21401AE808CB0284603A900F0EFF810B10CB0BDE86D
S21401AE90F087049B2946039A0093384600F09AFDF2
S21401AEA0404600F097FD059910290CD810290CD8BA
S21401AEB0DFE801F00F14320B340B0B0B360B0B0BC8
S21401AEC00B0B0B0B3A0020292CD0194800F082FD01
S21401AED007E0184800F07EFD0135D2E7164800F07D
S21401AEE079FD0699484600F075FD0799134800F06C
S21401AEF071FD134800F06EFD1024DFF868A00DF117
S21401AF001F06504616F8011F013C00F063FD14F0C1
S21401AF10FF04F6D10B48DDE70B48E0E70B48DEE718
S21401AF200B48DCE70B48DAE70B48D8E7F4270400C0
S21401AF30992804004928040059280400BF28040061
S21401AF40D7280400D0C9030061280400692804003A
S21401AF50722804007D280400942804003828040080
S21401AF60A8280400E828040010B50B4C8EB02378FE
S21401AF705BB9EDF725FF014650B9012301A82370FF
S21401AF80EDF7A4FF054B049A1A6020780EB010BDA9
S21401AF90034800F01FFDF8E7DC680020C0500020E1
S21401AFA0EE28040000B58FB0FFF7DEFF002829D099
S21401AFB001A8EDF78BFF059B1448198800F00AFDE0
S21401AFC0059B13485969134B002908BF194600F021
S21401AFD001FD059B1048598800F0FCFC059B0F48B5
S21401AFE0196900F0F7FC059B0D48D96800F0F2FCE2
S21401AFF0059B0C48197E00F0EDFC0B4B0B481968BD
S21401B00000F0E8FC0FB05DF804FB00BF2B2904003C
S21401B0103D29040059F503004F2904006329040063
S21401B020772904008B290400C05000209F290400C2
S21401B03070B5064615460C4679B172B1FFF794FF16
S21401B04068B121462A463046EEF74AF8014618B15D
S21401B050044800F0BFFC012070BD2120FCE7112050
S21401B060FAE700BFB129040037B505460C46FFF7DD
S21401B0707BFFE0B1114B1B68AB421AD9CCB1002162
S21401B0802422204601F0B8FD2146284616F088FF06
S21401B09088B9284601AA04F10801EDF7D3FF20B1CB
S21401B0A040F20643C01A18BF012003B030BD11207C
S21401B0B0FBE72120F9E70120F7E700BFC050002099
S21401B0C0F0B593B00546FFF74FFF002845D0254B56
S21401B0D01A68AA4207D829462348013A00F07AFCA2
S21401B0E0212013B0F0BD05A8EDF7F0FE284603A910
S21401B0F016F056FF98BB049A22F4FF57C2F30C03CE
S21401B10027F01F072BB14FF400532946174800F0CC
S21401B11061FC039E7FB120F0C7FF30464FF400511B
S21401B120EEF76AF83346044606F5005650B9039B17
S21401B130F31ABB42EFD32A4639460D4800F04AFCC3
S21401B140002406E000902A464FF40051094800F01A
S21401B15041FC201E18BF0120C3E71120C1E70120D2
S21401B160BFE700BFC0500020DF2904008D2A04007D
S21401B1704C2B0400FB2A040010B5044638B1FFF737
S21401B180F3FE30B10020044B1B68236010BD212064
S21401B190FCE71120FAE700BFC050002010B50446B6
S21401B1A0FFF7E2FEB0B10C4B1A68A24206D8214660
S21401B1B00A48013A00F00EFC212010BD20F074FF71
S21401B1C040F2C12220460649EDF7FCFE003818BFC2
S21401B1D00120F2E71120F0E7C0500020DF2904002B
S21401B1E0FC4D002010B50446FFF7BEFE70B12146A7
S21401B1F00848EDF707FF40F20323984208D040F2D3
S21401B200012398420CBF0520012010BD1120FCE748
S21401B2100020FAE7FC4D00202DE9F0412D4D0446B3
S21401B2202F68FFF7A1FE002851D02968A14207D850
S21401B2304A1E2948214600F0CDFB2120BDE8F081B9
S21401B2402648EDF79FFEDFF894800246B0B94346E4
S21401B2502E68964222D1BE4214BF3A4606F1FF320C
S21401B26012BB31461D48C8F80040EDF76BFE01469B
S21401B27000B31B4800F0AEFB0120DFE72046EDF7E8
S21401B28041FE044638B10146164800F0A3FB201ED5
S21401B29018BF0120D2E7EDF791FCF8E753F8041B3D
S21401B2A08C42DDD00132D4E70C499200081D01F032
S21401B2B0F5FCD6E729680948EDF764FE044610B1A7
S21401B2C001460948D6E7EDF779FC2046B6E7112096
S21401B2D0B4E700BFC0500020DF290400DC4D002089
S21401B2E0922B0400682B0400C52B0400F8B5044615
S21401B2F0FFF73AFE002845D0234B1A68A24207D82A
S21401B30021462248013A00F065FB21242046F8BD7B
S21401B3101F4800F05FFB20F0C7FE40F2C1221D4926
S21401B3202046EDF74FFE40F20327054620F0BCFE0F
S21401B330184E65B140F203239D421AD0294616489D
S21401B34000F048FB0124154800F044FBDEE720F03E
S21401B350ABFE29463046EDF755FEB84209D040F21D
S21401B3600123984203D10E4800F034FBE1E705467D
S21401B370DFE721460B4800F02DFB2046FFF74CFF88
S21401B3800446E0E71124C1E7C0500020DF2904008D
S21401B390FC2B0400FC4D00201C2C0400D0C903002B
S21401B3A065010400342C040010B50A46044619B1A0
S21401B3B0024B00211B68984710BD00BF9075040022
S21401B3C010B5114C2378580744BF23F004032370AB
S21401B3D02378990705D500F05DF8237823F002035A
S21401B3E0237063781BB10023084A6360536000230F
S21401B3F0082106486370FFF7D7FF2378DA0744BFB2
S21401B40023F00103237010BDC4500020C850002053
S21401B41038B51A4C62782378022A01D1072B11D04D
S21401B420DD0712D52378980707D400F02BF8237888
S21401B430054643F00203237080B96278237882B10F
S21401B4405A0716D50025284638BD17F06BFD237818
S21401B450054643F0010323700028E3D0FFF7B0FF51
S21401B460F1E7D907ECD5064962604A6002226270AC
S21401B470E6E743F004032370E4E700BFC45000206E
S21401B480C85000200122024B002083F8F0207047AC
S21401B490D05000202DE9F0410A4C002526464FF0F9
S21401B4A0010803272046C4F81C80277601351BF0C7
S21401B4B007FC062D04F12804F4D1002386F8F030A9
S21401B4C0BDE8F081D05000202DE9F04F984691B0AC
S21401B4D00B1E0A93B44B914614BF83469B46002528
S21401B4E01A9E98F8000070B94D4538BF2A464B465B
S21401B4F04FF000000A9928BF09F1FF32D8472846C5
S21401B50011B0BDE8F08F252808F1010806D02A46BB
S21401B5104B460A996C1CD8472546E2E7002341466C
S21401B52011F8012B2B2A16D00AD8202A16D0232A46
S21401B53017D0A2F13000092834D800270A2418E0D1
S21401B5402D2A05D0302AF4D143F001038846E6E7D8
S21401B55043F00203FAE743F00403F7E743F0080376
S21401B560F4E743F01003F1E7884604FB0722A2F153
S21401B5703007414611F8012BA2F130000928F3D912
S21401B58098F800202E2A52D198F8011008F10102ED
S21401B590A1F13000092843F480633ED800244FF01F
S21401B5A00A0E11E02A2A08D156F8047B8846002F95
S21401B5B0BCBF43F002037F42E2E70027E0E7024612
S21401B5C00EFB0411A1F13004104610F8011BA1F185
S21401B5D0300CBCF1090FF2D99046424612F8011B15
S21401B5E06C292DD025D8682933D06A293BD042460C
S21401B5F0904618F8010B672860D8572836D8452892
S21401B60008D084D9462800F0188147287FF47FAFF8
S21401B61043F4006343F0200327E12A2906D156F8B4
S21401B620044B08F1020824EAE474D6E790460024A5
S21401B630D3E7742901D07A29D9D143F48073D7E7A7
S21401B64098F801106C29F8D143F4407308F102020E
S21401B650CEE798F80110682902D043F08003C7E7C7
S21401B66043F0C003F2E743F40073C1E7A0F15802C8
S21401B6700F2A3FF64CAF01A151F822F01DB7010089
S21401B6800FB501000FB501000FB501000FB50100A0
S21401B6900FB501000FB501000FB501000FB5010090
S21401B6A00FB501001DB7010089B801001DB70100E3
S21401B6B05FB801003FB801005FB80100A0F1690161
S21401B6C0C9B20F293FF623AF012249F2410C8A4045
S21401B6D012EA0C0218D10A2900F0158107297FF415
S21401B6E016AF43F0210305930823CDE90343102346
S21401B6F0CDE9012356F8043B2A46009358464B46AB
S21401B7000A991BF0CDFBA8E06F2800F05E8110D9E6
S21401B710782808D1102223F00C0310E0582839D0DD
S21401B720622800F054810A2223F01003642806D010
S21401B730F1E769284FF00A0223F01003F6D1590504
S21401B74048BF23F00103692803F4007101D064287F
S21401B75040D111B3073626F00706B24670685AF88C
S21401B760081BCDE9077300230593C30F0028029336
S21401B77006940B46049202DA4B4260EB4000CDE998
S21401B78000304B462A4658460A991BF0CBFB054625
S21401B7905646A6E643F02003BCE7D90506F1040A9F
S21401B7A004D5316805E000BF036D030058060CD5CB
S21401B7B03178CDE90224CDE9047300294FEAD1732B
S21401B7C00193B8BF4942009120E01906E9D5B6F9C0
S21401B7D00010EEE779B1CDE907730023CDE9042324
S21401B7E006F1070A2AF0070A06940293FAE80223EA
S21401B7F0CDE90023C5E7D80506F1040A0DD5CDE944
S21401B8000473CDE902240191336800934B462A461E
S21401B81058460A991BF044FBB9E7590607D5317813
S21401B820CDE904730023CDE902240193CBE7316807
S21401B83013F0800F18BF89B2F2E743F02003CDE979
S21401B8400173073626F007060094B6EC020B4B464A
S21401B8502A4658460A99E8F79BFF054641E600F056
S21401B860DF00472801D143F40063CDE901730736B1
S21401B87026F007060094B6EC020B4B462A465846BD
S21401B8800A99E8F7C9FDE8E713F0020426D04FF05D
S21401B890010A6B1C0B932A464B460A9916F8040BB1
S21401B8A0D84774B354460B9A21E04B4620200A9998
S21401B8B0D8470AEB05020AF1010A5745F5D83A1EA0
S21401B8C018BF0122002A07F1FF3308BF002307F142
S21401B8D0010A1D4408BF4FF0020ADAE7A246E8E76C
S21401B8E0551C4B4620200A99D8472A460134BC42AB
S21401B8F0F6D3A7EB0A03574538BF00230B9A1A4421
S21401B9000B920B9DEDE53246002C52F8046B14BFEA
S21401B91021464FF0FF310B9232463144107808B180
S21401B920914211D1A2EB060A13F480620C9202D066
S21401B930A24528BFA24613F002030D931BD1AAEB22
S21401B94005032A460F9308E00132E7E7531C0E93DE
S21401B95020204B460A99D8470E9A0F9BD318BB4214
S21401B960F4D3A7EB0A03574538BF00230AF10102B7
S21401B9701D4403EB020AAB1B0E9304E01C464B4628
S21401B9802A460A99D8470E9BF51816F8010B28B1D6
S21401B9900C9B002BF3D0631E002CEFD10D9B93B1B3
S21401B9A02A46AAEB050405E0561C4B4620200A99B8
S21401B9B0D84732461319BB42F6D3A7EB0A035745BD
S21401B9C038BF00231D440B9E8BE50822A3E6022206
S21401B9D0A1E600BF0FB41FB506AA52F8043B02A9A0
S21401B9E00392009204484FF0FF32FFF76DFD05B059
S21401B9F05DF804EB04B07047C56F03001FB503463E
S21401BA0000914FF0FF3203A90248FFF75DFD05B034
S21401BA105DF804FBC56F03001FB5CDE90201009375
S21401BA2002A9134603484FF0FF32FFF74DFD05B05C
S21401BA305DF804FBCD6F03001FB5094B094A186872
S21401BA40094B01A91860094B1360094A0192094A7A
S21401BA501268CDE9022317F00CFB05B05DF804FB74
S21401BA60C06F0020C8410020CC410020B46F0020E8
S21401BA703764040080540020014B186817F00DBB92
S21401BA80C06F002038B5F1F71BFE0446064D2B6843
S21401BA90D3F8B002F1F708FE286817F011FB20462C
S21401BAA0BDE83840F1F700BEC06F002010B51F4C4E
S21401BAB0EFF7DCFE236F012023F0070343F00203B8
S21401BAC02367EFF7E1FED4F82031002023F00703C7
S21401BAD043F00103C4F82031D4F8403123F00303C6
S21401BAE043F00103C4F84031D4F8603123F0030376
S21401BAF043F00103C4F86031D4F8403223F0030365
S21401BB0043F00103C4F84032D4F8003223F00703AF
S21401BB1043F00103C4F80032D4F8083223F00703D7
S21401BB2043F00103C4F8083210BD00BF0080005086
S21401BB30064B1B681A7A022A01D81AB97047032ADB
S21401BB4000D070471B68024A13607047C46F00201C
S21401BB50805400200022024B5A60DA601A60704757
S21401BB608454002008B501F037FF0022014B1A70FB
S21401BB7008BD00BFDD6800200A4601491BF090BAE7
S21401BB802D8E04000A4601491BF08ABA288E04004D
S21401BB900A4601491BF084BA218E04000A4601496F
S21401BBA01BF07EBA1E8E04000A4601491BF078BAC5
S21401BBB01B8E04000A4601491BF072BA168E040059
S21401BBC00A4601491BF06CBA118E04000A46014967
S21401BBD01BF066BA0C8E04000A4601491BF060BAD7
S21401BBE0058E040081F0004102E000BF83F00043AF
S21401BBF030B54FEA41044FEA430594EA050F08BF02
S21401BC0090EA020F1FBF54EA000C55EA020C7FEAC5
S21401BC10645C7FEA655C00F0E2804FEA5454D4EB42
S21401BC205555B8BF6D420CDD2C4480EA020281EA0C
S21401BC30030382EA000083EA010180EA020281EA44
S21401BC400303362D88BF30BD11F0004F4FEA013196
S21401BC504FF4801C4CEA113102D0404261EB4101A5
S21401BC6013F0004F4FEA03334CEA133302D052422B
S21401BC7063EB430394EA050F00F0A780A4F10104E7
S21401BC80D5F1200E0DDB02FA0EFC22FA05F2801821
S21401BC9041F1000103FA0EF2801843FA05F3594107
S21401BCA00EE0A5F120050EF1200E012A03FA0EFC86
S21401BCB028BF4CF0020C43FA05F3C01851EBE371B0
S21401BCC001F0004507D54FF0000EDCF1000C7EEBCD
S21401BCD000006EEB0101B1F5801F1BD3B1F5001F0B
S21401BCE00CD349085FEA30004FEA3C0C04F101042A
S21401BCF04FEA445212F5800F80F09A80BCF1004F53
S21401BD0008BF5FEA500C50F1000041EB045141EAD4
S21401BD10050130BD5FEA4C0C404141EB0101013C9D
S21401BD2028BFB1F5801FE9D291F0000F04BF01468C
S21401BD300020B1FA81F308BF2033A3F10B03B3F15E
S21401BD4020020CDA0C3208DD02F1140CC2F10C02EE
S21401BD5001FA0CF021FA02F10CE002F11402D8BF4C
S21401BD60C2F1200C01FA02F120FA0CFCDCBF41EA18
S21401BD700C019040E41AA2BF01EB0451294330BDE7
S21401BD806FEA04041F3C1CDA0C340EDC04F11404C4
S21401BD90C4F1200220FA04F001FA02F340EA03009B
S21401BDA021FA04F345EA030130BDC4F10C04C4F1E1
S21401BDB0200220FA02F001FA04F340EA03002946C1
S21401BDC030BD21FA04F0294630BD94F0000F83F40B
S21401BDD0801306BF81F480110134013D4EE77FEAEE
S21401BDE0645C18BF7FEA655C29D094EA050F08BF3A
S21401BDF090EA020F05D054EA000C04BF194610461B
S21401BE0030BD91EA030F1EBF0021002030BD5FEA5E
S21401BE10545C05D14000494128BF41F0004130BD86
S21401BE2014F580043CBF01F5801130BD01F00045DA
S21401BE3045F0FE4141F470014FF0000030BD7FEA4D
S21401BE40645C1ABF194610467FEA655C1CBF0B4648
S21401BE50024650EA013406BF52EA033591EA030F5F
S21401BE6041F4002130BD00BF90F0000F04BF002157
S21401BE70704730B54FF4806404F132044FF000058A
S21401BE804FF0000150E700BF90F0000F04BF002103
S21401BE90704730B54FF4806404F1320410F0004569
S21401BEA048BF40424FF000013EE700BF42004FEA64
S21401BEB0E2014FEA31014FEA02701FBF12F07F43E1
S21401BEC093F07F4F81F06051704732F07F4208BF98
S21401BED0704793F07F4F04BF41F40021704730B59F
S21401BEE04FF4607401F0004521F000411CE700BFEB
S21401BEF050EA010208BF704730B54FF000050AE06E
S21401BF0050EA010208BF704730B511F0004502D56E
S21401BF10404261EB41014FF4806404F132045FEA70
S21401BF20915C3FF4D8AE4FF003025FEADC0C18BF19
S21401BF3003325FEADC0C18BF033202EBDC02C2F10B
S21401BF40200300FA03FC20FA02F001FA03FE40EA9D
S21401BF500E0021FA02F11444BDE600BF70B54FF0A1
S21401BF60FF0C4CF4E06C1CEA11541DBF1CEA13557F
S21401BF7094EA0C0F95EA0C0F00F0DEF82C4481EAE7
S21401BF80030621EA4C5123EA4C5350EA013518BF07
S21401BF9052EA033541F4801143F4801338D0A0FBF4
S21401BFA002CE4FF00005E1FB02E506F00042E0FBA1
S21401BFB003E54FF00006E1FB03569CF0000F18BFA7
S21401BFC04EF0010EA4F1FF04B6F5007F64F540744F
S21401BFD004D25FEA4E0E6D4146EB060642EAC621E2
S21401BFE041EA55514FEAC52040EA5E504FEACE2E4F
S21401BFF0B4F1FD0C88BFBCF5E06F1ED8BEF1004F52
S21401C00008BF5FEA500E50F1000041EB045170BDCD
S21401C01006F0004646EA010140EA020081EA030111
S21401C020B4EB5C04C2BFD4EB0C0541EA045170BD0D
S21401C03041F480114FF0000E013C00F3AB8014F187
S21401C040360FDEBF002001F0004170BDC4F10004D0
S21401C050203C35DA0C341BDC04F11404C4F1200551
S21401C06000FA05F320FA04F001FA05F240EA0200AC
S21401C07001F0004221F0004110EBD37021FA04F6E2
S21401C08042EB06015EEA430E08BF20EAD37070BD9C
S21401C090C4F10C04C4F1200500FA04F320FA05F0FB
S21401C0A001FA04F240EA020001F0004110EBD370FD
S21401C0B041F100015EEA430E08BF20EAD37070BD6D
S21401C0C0C4F1200500FA05F24EEA020E20FA04F346
S21401C0D001FA05F243EA020321FA04F001F00041F5
S21401C0E021FA04F220EA020000EBD3705EEA430E66
S21401C0F008BF20EAD37070BD94F0000F0FD101F095
S21401C1000046400041EB010111F4801F08BF013CCD
S21401C110F7D041EA060195F0000F18BF704703F00B
S21401C1200046520043EB030313F4801F08BF013D92
S21401C130F7D043EA0603704794EA0C0F0CEA13554E
S21401C14018BF95EA0C0F0CD050EA410618BF52EA08
S21401C1504306D1D181EA030101F000414FF000000E
S21401C16070BD50EA410606BF1046194652EA43061C
S21401C17019D094EA0C0F02D150EA013613D195EA90
S21401C1800C0F05D152EA03361CBF104619460AD1D8
S21401C19081EA030101F0004141F0FE4141F47001E2
S21401C1A04FF0000070BD41F0FE4141F4780170BDD2
S21401C1B070B54FF0FF0C4CF4E06C1CEA11541DBF37
S21401C1C01CEA135594EA0C0F95EA0C0F00F0A7F839
S21401C1D0A4EB050481EA030E52EA03354FEA013166
S21401C1E000F088804FEA03334FF0805545EA131379
S21401C1F043EA12634FEA022245EA111545EA106541
S21401C2004FEA00260EF000419D4208BF964244F1D7
S21401C210FD0404F5407402D25B084FEA3202B61AF6
S21401C22065EB03055B084FEA32024FF480104FF4CA
S21401C230002CB6EB020E75EB030E22BFB61A75463E
S21401C24040EA0C005B084FEA3202B6EB020E75EBD1
S21401C250030E22BFB61A754640EA5C005B084FEA39
S21401C2603202B6EB020E75EB030E22BFB61A754606
S21401C27040EA9C005B084FEA3202B6EB020E75EB11
S21401C280030E22BFB61A754640EADC0055EA060ED2
S21401C29018D04FEA051545EA16754FEA06164FEA15
S21401C2A0C30343EA52734FEAC2025FEA1C1CC0D1C1
S21401C2B011F4801F0BD141EA00014FF000004FF04E
S21401C2C0004CB6E711F4801F04BF01430020B4F10F
S21401C2D0FD0C88BFBCF5E06F3FF6AFAEB5EB030CC7
S21401C2E004BFB6EB020C5FEA500C50F1000041EBC4
S21401C2F0045170BD0EF0004E4EEA113114EB5C0491
S21401C300C2BFD4EB0C0541EA045170BD41F4801163
S21401C3104FF0000E013C90E645EA060E8DE60CEA6B
S21401C320135594EA0C0F08BF95EA0C0F3FF43BAF88
S21401C33094EA0C0F0AD150EA01347FF434AF95EA3F
S21401C3400C0F7FF425AF104619462CE795EA0C0F23
S21401C35006D152EA03353FF4FDAE1046194622E7F0
S21401C36050EA410618BF52EA43067FF4C5AE50EACA
S21401C37041047FF40DAF52EA43057FF4EBAE12E7BA
S21401C3804FF0FF3C06E000BF4FF0010C02E000BF9B
S21401C3904FF0010C4DF804CD4FEA410C7FEA6C5C7E
S21401C3A04FEA430C18BF7FEA6C5C1BD001B050EA21
S21401C3B0410C0CBF52EA430C91EA030F02BF90EA0C
S21401C3C0020F0020704710F1000F91EA030F58BFCB
S21401C3D0994208BF90422CBFD8176FEAE37040F02D
S21401C3E0010070474FEA410C7FEA6C5C02D150EACB
S21401C3F0013C07D14FEA430C7FEA6C5CD6D152EA86
S21401C400033CD3D05DF8040B704700BF844610464A
S21401C41062468C461946634600E000BF01B5FFF749
S21401C420B7FF002848BF10F1000F01BD4DF808ED19
S21401C430FFF7F4FF0CBF012000205DF808FB00BFEA
S21401C4404DF808EDFFF7EAFF34BF012000205DF844
S21401C45008FB00BF4DF808EDFFF7E0FF94BF012091
S21401C46000205DF808FB00BF4DF808EDFFF7CEFF92
S21401C47094BF012000205DF808FB00BF4DF808EDD1
S21401C480FFF7C4FF34BF012000205DF808FB00BFA2
S21401C4904FEA410212F5001215D211D56FF47873E6
S21401C4A0B3EB625212D94FEAC12343F0004343EA89
S21401C4B0505311F0004F23FA02F018BF4042704764
S21401C4C04FF00000704750EA013005D111F00040EE
S21401C4D008BF6FF0004070474FF00000704700BF84
S21401C4E04A0011D212F5001211D20DD56FF47873ED
S21401C4F0B3EB62520ED44FEAC12343F0004343EA42
S21401C500505323FA02F070474FF00000704750EA8C
S21401C510013002D14FF0FF3070474FF000007047F6
S21401C52053B94AB9002908BF00281CBF4FF0FF3194
S21401C5304FF0FF3000F08CB9ADF1080C6DE904CE78
S21401C54000F006F8DDF804E0DDE9022304B07047E8
S21401C5502DE9F04F099D0E4604460F46002B47D1A4
S21401C5608A429446B2FA82F35AD943B102FA03FCDC
S21401C570C3F120029F409C4020FA02F217434FEA83
S21401C5801C461FFA8CFE220CB7FBF6F106FB117750
S21401C59001FB0EF042EA0742904208D91CEB020268
S21401C5A001F1FF3702D2904200F23C813946121A5D
S21401C5B0A4B2B2FBF6F006FB102200FB0EFE44EA24
S21401C5C00244A64508D91CEB040400F1FF3202D24E
S21401C5D0A64500F22A81104640EA0140A4EB0E046B
S21401C5E000211DB1DC400023C5E90043BDE8F08F02
S21401C5F08B4205D90DB1C5E9000100210846F5E7D2
S21401C600B3FA83F100294FD1B342C0F002818242CE
S21401C61040F2FF800846002DE8D0C5E90047E5E76F
S21401C620002B40F0AF808A1A4FEA1C4E1FFA8CF797
S21401C6300121B2FBFEF60EFB1620220C42EA004256
S21401C64007FB06F090420FD91CEB020206F1FF38F9
S21401C6502CBF4FF001094FF00009904203D9B9F100
S21401C660000F00F0DC804646121AA4B2B2FBFEF0C0
S21401C6700EFB102200FB07F744EA0244A7420FD93B
S21401C6801CEB040400F1FF322CBF4FF0010E4FF0FB
S21401C690000EA74203D9BEF1000F00F0C980104674
S21401C6A0E41B40EA06409CE7C1F120048B4006FAF1
S21401C6B001FC00FA01FE22FA04F7E6408A401F4315
S21401C6C020FA04F34FEA174843EA0C031FFA87FCE3
S21401C6D04FEA1349B6FBF8F008FB106649EA06462E
S21401C6E000FB0CF9B1450ED9BE1900F1FF3A2CBF7B
S21401C6F04FF0010B4FF0000BB14503D9BBF1000F12
S21401C70000F0A2805046A6EB09061FFA83F9B6FB95
S21401C710F8F308FB136603FB0CFC49EA0646B4452E
S21401C7200ED9BE1903F1FF382CBF4FF001094FF0A7
S21401C7300009B44503D9B9F1000F00F082804346E1
S21401C74043EA0040A6EB0C06A0FB028C6645434676
S21401C750E14602D307D1C64505D2B8EB02036CEB1E
S21401C760070C0138E1465DB1BEEB030266EB090634
S21401C77006FA04F422FA01F3CE401C43C5E900464A
S21401C780002133E702FA03FCC3F1200299409C40E2
S21401C790D6404FEA1C4E20FA02F21FFA8CF7B6FB7F
S21401C7A0FEF00A430EFB1066110C41EA064100FB3F
S21401C7B007F68E420ED91CEB010100F1FF382CBFA3
S21401C7C04FF001094FF000098E4202D9B9F1000F6E
S21401C7D034D04046891B92B2B1FBFEF60EFB161111
S21401C7E042EA014206FB07F191420ED91CEB020216
S21401C7F006F1FF382CBF4FF001094FF000099142B6
S21401C80002D9B9F1000F16D04646521A46EA00413F
S21401C8100FE7841A66EB030201201746FBE6023E89
S21401C820624421E702396244C1E664440238D3E631
S21401C8306444023834E7023E6244E6E70238614463
S21401C840C8E7023B3E447BE702383E445BE700BF55
S21401C850704700BF2DE9F04F924685B089461E46C7
S21401C8600D46554A0390294615F8014B135D13F002
S21401C8700803F8D12D2C7CD02B2C4ED04FF0FF3155
S21401C88002936FF00043CDE9001336F0100851D043
S21401C89037464FEAE6783A464346DDE90001FFF7B8
S21401C8A03FFE002383468E4618461946A44613E0EB
S21401C8B0ACF13704A6421FDD002B09DB83457EEB76
S21401C8C0010305D38E4508BF83453BD1A24239DA21
S21401C8D04FF0FF3315F801CBACF13004092CE9D940
S21401C8E0ACF14104192CE3D9ACF16104192C03D83D
S21401C8F0ACF15704A642DFDC5A1C2FD0029A12B1C3
S21401C900404261EB4101BAF1000F03D0002B48D140
S21401C910CAF8009005B0BDE8F08F4FF0FF300293E3
S21401C92036F010086FF000432C7801F10205CDE9CE
S21401C9300003ADD1302C25D0002E3AD10A27B046BF
S21401C9403E46A8E700FB08F307FB0133A0FB0701FF
S21401C9500B44201843EBE4710123BBE72223039A1F
S21401C9601360BAF1000F17D005F1FF39DDE90001B8
S21401C970CEE74FF00047009301232C788D1CCDE9BC
S21401C980017382E72B7803F0DF03582B0CD086B9AE
S21401C9900827B0463E467EE7DDE9000105B0BDE862
S21401C9A0F08FCDE90001DFE710276C7802353E46AF
S21401C9B071E710273E466EE7358E04004AE700BF52
S21401C9C010B4044C13460A46014620685DF8044B31
S21401C9D040E700BFF46F002010B4044C13460A462B
S21401C9E0014620685DF8044B34E700BFF46F002071
S21401C9F020F0030110F00300C0F1000051F8043BE1
S21401CA0000F1040C4FEACC0C6FF000021CBF22FAB6
S21401CA100CF213434FF0010C4CEA0C2C4CEA0C4C74
S21401CA20A3EB0C0222EA030212EACC1204BF51F86D
S21401CA30043B0430F4D0C2F1000102EA0102B2FA6A
S21401CA4082F2C2F11F0200EBD20070472DE9F047D7
S21401CA5080460C464548264614F801EB10F80EC0F1
S21401CA601CF0080CF7D1BEF12D0F5BD0BEF12B0FD9
S21401CA703AD0654633F010003ED04FF0FF379A4665
S21401CA80B7FBF3F703FB07F96FEA090900263046FF
S21401CA900EE0AEF1370C63451DDD002E04DBB84217
S21401CAA002D833D1CC4531DD4FF0FF3614F801EB17
S21401CAB0AEF1300CBCF1090FEDD9AEF1410CBCF171
S21401CAC0190FE6D9AEF1610CBCF1190F03D8AEF11E
S21401CAD0570C6345E1DC731C1CD005B140420AB11A
S21401CAE0F6B91160BDE8F08733F0100094F800E065
S21401CAF0654606F10204C0D1BEF1300F17D06BBBFC
S21401CB000A234FF005091A4F9A46BFE700FB0AC0F1
S21401CB100126CBE722233046C8F80030002AE1D0B0
S21401CB20611EDEE794F800E00125B41CA2E7207838
S21401CB3000F0DF00582807D083B908234FF0070913
S21401CB406FF060479A46A1E7102394F801E04FF092
S21401CB500F0902346FF070479A4697E710234FF09B
S21401CB600F096FF070479A4690E700BF358E0400B4
S21401CB70999999196AE700BF10B4044C13460A46FE
S21401CB80014620685DF8044B60E700BFF46F0020A3
S21401CB9010B4044C13460A46014620685DF8044B5F
S21401CBA054E700BFF46F00200F4B70B50F4DAB423A
S21401CBB0A3EB050607D0B6100024013455F8043B54
S21401CBC09847A642F9D80A4D1FF06AFC094B5E1B2E
S21401CBD0AB424FEAA60606D00024013455F8043BC2
S21401CBE09847A642F9D870BD887300208873002044
S21401CBF0887300208C73002070B5860747D0541EBA
S21401CC00002A3ED0CAB2034601E0013C39D303F8FC
S21401CC10012B9D07F9D1032C2CD9CDB20F2C05EB96
S21401CC20052505EB054535D9A4F1100C03F1100EC9
S21401CC301A462CF00F064FEA1C1CB644C2E90055F2
S21401CC40C2E9025510327245F8D10CF1010214F016
S21401CC500C0F04F00F0C03EB021213D0ACF104031B
S21401CC6023F003030433134442F8045B9342FBD1DD
S21401CC700CF003042CB1C9B21C4403F8011BA342F7
S21401CC80FBD170BD64461346002CF4D1F9E7034688
S21401CC901446C0E71A46A446E0E700BF88420ED90C
S21401CCA08B1883420BD900EB020C002A6ED0624629
S21401CCB013F801CD994202F801CDF9D170470F2A38
S21401CCC00FD8034602F1FF3C002A5FD00CF1010C9D
S21401CCD0013B8C4411F8012B614503F8012FF9D172
S21401CCE0704740EA01039B0751D1A2F1100301F1FD
S21401CCF0200C70B523F00F0501F1100E00F11004A1
S21401CD001B09AC445EF8105C0EF1100E103444F8AA
S21401CD10205C5EF81C5C44F81C5C5EF8185C44F809
S21401CD20185C5EF8145CE64544F8145CEAD10133FD
S21401CD3012F00C0F02F00F0C01EB031100EB0313C2
S21401CD4029D0ACF1040C1C1F8E462CF003064FEACA
S21401CD509C0C1E445EF8045B44F8045FB442F9D1AF
S21401CD600CF1010402F0030203EB840301EB8401DE
S21401CD7002F1FF3C4AB10CF1010C013B8C4411F865
S21401CD80012B614503F8012FF9D170BD704702F1FF
S21401CD90FF3C03469AE76246EAE700BF2DE9F04FFB
S21401CDA082468E463F4875461EF801BB10F80B407A
S21401CDB014F00804F7D1BBF12D0F5BD0BBF12B0F9C
S21401CDC06FF0004904BF9EF800B005F1020E33F083
S21401CDD0100010D1BBF1300F04D0002B5ED10A2316
S21401CDE01F4609E09EF8000000F0DF0058284ED0EC
S21401CDF0002B53D108231F460025B9FBF7F628461A
S21401CE0007FB16980EE0ABF1370C63451DDD002DD0
S21401CE1004DB864202D321D1E0451FDA4FF0FF350D
S21401CE201EF801BBABF1300CBCF1090FEDD9ABF12B
S21401CE30410CBCF1190FE6D9ABF1610CBCF1190F2D
S21401CE4003D8ABF1570C6345E1DC6B1C0AD004B187
S21401CE5040420AB1CDB91160BDE8F08F07FB00C0B2
S21401CE600125DDE72223CAF800305AB10EF1FF3161
S21401CE704846F0E79EF800B04FF0004905F1020E73
S21401CE800124A4E74846BDE8F08F8146EEE710236B
S21401CE909EF801B00EF1020E1F46ADE710231F46A5
S21401CEA0AAE700BF358E0400242B02D8012B00D040
S21401CEB074E710B500F02EFA16230360002010BDAB
S21401CEC010B5242A084C1346246807D8012A05D031
S21401CED00A4601462046BDE810405FE700F01AFA10
S21401CEE016230360002010BDF46F002010B5242A1D
S21401CEF0084C1346246807D8012A05D00A4601467D
S21401CF002046BDE8104049E700F004FA1623036006
S21401CF10002010BDF46F0020844641EA000313F0A0
S21401CF20030349D1403A23D30B6803604B6843603F
S21401CF308B688360CB68C3600B6903614B6943618F
S21401CF408B698361CB69C3610B6A03624B6A436277
S21401CF508B6A8362CB6AC3620B6B03634B6B43635F
S21401CF608B6B8363CB6BC36340304031403ADBD27B
S21401CF7030320BD30B6803604B6843608B68836069
S21401CF80CB68C36010301031103AF3D20C3205D39F
S21401CF9051F8043B40F8043B043AF9D2043208D075
S21401CFA0D2071CBF11F8013B00F8013B01D30B88E7
S21401CFB003806046704700BF082A13D38B07B1D0A1
S21401CFC010F00303AED0C3F10403D21ADB071CBF73
S21401CFD011F8013B00F8013BA4D331F8023B20F8DD
S21401CFE0023B9FE7043AD9D3013A11F8013B00F816
S21401CFF0013BF9D20B7803704B7843708B788370C2
S21401D00060467047024B0146186816F018BE00BF0E
S21401D010F46F0020024B0146186816F013BE00BFDD
S21401D020F46F0020CAB384460B4630B50446084365
S21401D030800719D09CF800000C78A04212D150B39A
S21401D040012A28D0E64603E01CEB030F23D010B3D9
S21401D0501EF8010F11F8014FA2EB0E03A04203F1D7
S21401D060FF33F1D0001B30BD032A07D8E2E7043AAC
S21401D07011D01EF0803F0ED1032A10D92068194620
S21401D08053F8045BA446A0F1013E0434A8422EEAFC
S21401D090000EECD0CEE7002030BD10467047A44607
S21401D0A01946C7E780EA010C1CF0030F37D110F0D0
S21401D0B0030C20F0030021F0030150F8042B08BFF5
S21401D0C051F8043B0ED08CF0030C6FF07F434FEA0F
S21401D0D0CC0C23FA0CFC51F8043B42EA0C0243EA5E
S21401D0E00C0300BFA2F1013C9A4201BF2CEA020CDC
S21401D0F01CF0803F50F8042B51F8043BF2D04FEA65
S21401D10002604FEA1222012828BFB0EB036F08BF66
S21401D1101B0AF4D003F0FF03000EC01A704710F08C
S21401D120030F0AD010F8012B11F8013B012A28BF82
S21401D1309A42F4D0A2EB030070474DF8045D50F814
S21401D140042B01F0030521F0030151F8043B022DE5
S21401D15026D04DD822F07F45B5EB132FA2F1013C26
S21401D1602CEA020C0DD11CF0803C08BF51F8043BA0
S21401D1700AD185EA0205B5EB036F0CD150F8042BF2
S21401D180E8E74FEA13235BE03CF07F4C54D10B7881
S21401D1904FEA126554E04FEA126503F0FF034FE0D1
S21401D1A04FEA0245A2F1013C4FEA15452CEA020C72
S21401D1B0B5EB134F18D11CF0803C08BF51F8043B67
S21401D1C007D185EA0205B5EB034F09D150F8042BC8
S21401D1D0E6E75FEA0C4C2FD10B884FEA12452FE0A9
S21401D1E04FEA03434FEA12454FEA134328E000BFD4
S21401D1F002F0FF05B5EB136FA2F1013C2CEA020C1D
S21401D2000DD11CF0803C08BF51F8043B0AD185EAD9
S21401D2100205B5EB032F0AD150F8042BE8E74FEAD5
S21401D22013630DE012F0FF0F06D051F8043B4FEAEE
S21401D230122523F07F4303E04FF0000020BC704727
S21401D24005F0FF0203F0FF00012828BF904204BF4B
S21401D2502D0A1B0AF4D0A2EB000020BC704700BFC9
S21401D26008B5064B044613B1002100F0AFF8044B95
S21401D2701B6803B19847204614F01AFFCDD301006E
S21401D280CC550020002301461A46184600F048B83F
S21401D290032A30B415D941EA000484460B46A40794
S21401D2A004D0541E0FE0043A032A08D919466046F2
S21401D2B053F8044B5CF8045BA542F4D0F1E76046F2
S21401D2C01946541E7AB1431E0139021901E09A42E9
S21401D2D009D013F8010F11F801CF6045F7D0A0EB84
S21401D2E00C0030BC7047002030BC704738B5074D85
S21401D2F0074C2C1BA41005D0013C55F8043D98475B
S21401D300002CF9D1BDE838401FF0D0B8907300204A
S21401D3108C730020014B1868704700BFF46F002023
S21401D320F0B5264C83B006460F46256805B36C68F3
S21401D3301F2C3FDCA6B1D5F8880048B3D0F8001101
S21401D3404FF0010C40F82420022E00EB84020CFA68
S21401D35004FC4CEA0101C0F80011C2F8803010D07C
S21401D360631C002002346B6045F8247003B0F0BDE6
S21401D37013491448216010B10068C1F88800104DA7
S21401D380D5E7D0F8043143EA0C03C0F80431E7E7E7
S21401D3900D49CDE9002369B14FF48470FFF732FEE1
S21401D3A040B100216C68C0E94011DDE90023C5F8F1
S21401D3B08800C5E74FF0FF30D8E700BF5C56002075
S21401D3C0D05500200000000005D001002DE9F04FE7
S21401D3D0DFF8B49083B0D9F8006096B38846019020
S21401D3E07568D6F888706C1E2BD4013507F1800B52
S21401D3F006EB8505B8F1000F26D173682A68013B54
S21401D400A3423BD000232B60BAB1D6F804A05FB389
S21401D4100123D7F80011A3400B4225D0D7F8040109
S21401D42057F8241003422BD1019890477368D9F816
S21401D430002053451ED1B2421CD1013C043D631C61
S21401D440D8D103B0BDE8F08F4FB15BF82430434527
S21401D450D3D0013C043D621CF3D0002FF5D1013C32
S21401D460EFD3013CFBD2ECE790477368D9F8002074
S21401D4705345E0D0002AE4D01646B1E77460C3E70E
S21401D48008469047D2E700BF5C560020431E033390
S21401D49006D8044B984228BF1846642838BF642033
S21401D4A0704700BF40420F0038B5194B05461B6850
S21401D4B00C4603B1984744B1236833B11B68013366
S21401D4C003D0E3680BB1A3684BB91AF0AFFA00209A
S21401D4D04FF4C172412100F0FFF9212038BD2046EA
S21401D4E002F04AFC00230B4A85F83C31C5E9374374
S21401D4F0C2E9003363694BB1074A422110684FF411
S21401D500D272C31A5842584100F0E6F90020E5E706
S21401D510CC580020906B002030590020F8B5044606
S21401D5201EF0B3FC002607460E4B1B6893B19E689F
S21401D530AEB196F82420D20711D435460FCC0FC5CC
S21401D5400FCC0FC523682B6096F8243043F00103F7
S21401D55086F8243038461EF093FC3046F8BD1B682A
S21401D560E4E700BF4870002010B5044618B9054B23
S21401D570054A136010BD00F0D9FCD4F8E830002B42
S21401D580F6D1F4E7D771030044700020014B186808
S21401D590704700BF906B002008B502460868FFF789
S21401D5A075FF08604868FFF771FF48608868FFF7F5
S21401D5B06DFF8860C868FFF769FF0B69C860581C73
S21401D5C003D00B48834228BF03460B614B69581CA6
S21401D5D003D00748834228BF034688694B61FFF79B
S21401D5E055FFBDE808408861104601F07BBC00BFCE
S21401D5F040420F00D0F8E0302DE9F04105460C46D8
S21401D60013B1C38D8B424CD0D5F8DC30002B4BD0F8
S21401D6109E68002E48D0D868002845D0013800B250
S21401D62000281ADB002106E0128A591CA24217D2F2
S21401D63009B2884211DB0B1803EBD3735B1003EBC3
S21401D640C30206EB8202B2F80EC003F1FF3EA44508
S21401D650EAD90FFA8EF08842EDDA2120BDE8F08192
S21401D6604FF6FF7299B29142F7D09BB203EBC30318
S21401D67006EB83062846B6F9122095F83011D5F840
S21401D680F080EEF709FE0746B8F1000F04D000233C
S21401D690324628461946C047EC85C5F8E06085F84D
S21401D6A039710020BDE8F0810E20BDE8F08100BF91
S21401D6B02DE9F04782B004460F46164601F086FE75
S21401D6C0002863D14F4D2B68D4F8DCA0D4F8E08055
S21401D6D00BB1534576D04FF00009AF6001F09EFEC6
S21401D6E00128074665D120461AF0DFF8002851D1F7
S21401D6F02B68DAF80010D8F8002013B118688842B1
S21401D7006BD020461AF083F8C5E900A8D4F8F0508B
S21401D7108DF80760002D67D00022204611460DF1D6
S21401D7200703A847204600F0EDFF0546B9F1000FB4
S21401D7300FD076B9D4F88C300BBB012F05D025B1AC
S21401D740314B002103205B689847284602B0BDE8AC
S21401D750F087B5FA85F040F207523321400900F010
S21401D760BBF83146204601F00BFA284B05461B68EC
S21401D770414620469847D4F88C30002BDDD0002255
S21401D7804FF40073204600F0E1FBD6E700231D4D61
S21401D7906B6098E794F82530DA07A9D5D4F8943069
S21401D7A05B05A5D51A4B0122002120461B68984728
S21401D7B09EE70021012000F001FC01F02FFE012868
S21401D7C0FBD190E76B68002B85D0434583D1AB68CE
S21401D7D09F4215D04FF001097FE7696811B10968CA
S21401D7E0914291D059688CE794F82A1094F839310F
S21401D7F03246994228BF1946204600F0D1FE91E7ED
S21401D8000025A2E7906B0020507000204470002095
S21401D810D0580020F8B50F4605461EF036FB3946AF
S21401D82006462846FFF7E6FE044620B130461EF0BF
S21401D83027FB2046F8BD01F0A7FD224639462846BB
S21401D840FFF736FF04460028F0D128461AF02DF8D7
S21401D8500028EBD095F8253013F001030DD0D5F84C
S21401D860942052050DD5B5F82A21BA4205D0B5F84F
S21401D8702C31DB1BB3FA83F35B09034A82F8C4300D
S21401D880D4E72346F9E700BF001E00B013B50446EF
S21401D890694619F0CEFD204619F012FFFF28024610
S21401D8A006D020469DF80010EEF774FD02B010BDBC
S21401D8B00048FBE70080FFFF38B5044D044C054BDC
S21401D8C0286021601A601DF0DBFF38BD605800201B
S21401D8D04C7000206458002010B550B90548064B1E
S21401D8E00160064802601868054B18601868FFF763
S21401D8F0E3FF10BD4C700020BC5900206458002086
S21401D900605800202DE9F0418AB001AC05460B466F
S21401D9102746194A02F1200C26461068516808323B
S21401D92003C662453446F7D1002B08BF3B460027A5
S21401D93010681C463060384603F10C0690B95FFA51
S21401D94087F842462846218819F0B2FF50B9424668
S21401D9502846E18819F0BDFF20B9424631462846DF
S21401D96019F0C9FF0137032F06F1080604F1020476
S21401D970E4D10AB0BDE8F081588F0400F0B589B053
S21401D98005460E4619F0C6FF044600BB01AC06F17B
S21401D9900C070FCF0FC497E8070084E8070001A91A
S21401D9A02846FFF7F9FD2846311D1AF08DF9044681
S21401D9B048B92846074901F057FA044618B92846D7
S21401D9C001F0C6FD044628463168FFF79BFF204656
S21401D9D009B0F0BD508F0400014919F07DBD00BFAC
S21401D9E021F5010070B5164E032804460D4633781E
S21401D9F01ED023FA04F202F00102AA421DD053B14E
S21401DA000122A240A54023EA02032B43DBB2337076
S21401DA104BB1012070BD2DB10A4B01201B68984700
S21401DA203378EDE73570074B00201B689847F0E721
S21401DA309A07DED003F0FC03E9E7002070BD00BFC3
S21401DA40DE680020A458002038B504460D4605F0CF
S21401DA5077FD60B101F0C6FC48B9012D07D8012059
S21401DA6019F003FF0D4B1B6823B15B6898470C4BFD
S21401DA701C7038BD1EF063FB0A4B1A68801A1860CA
S21401DA801DF078F84FF47A72074B1B6802FB0030E2
S21401DA9019F020FD012001F0ADFCE8E7C858002090
S21401DAA0597300209C580020A0580020F8B5054660
S21401DAB00C461EF0EAF9104F06463B7833B1012DAD
S21401DAC004D01CB90D481CF0A7FF3C70214628461F
S21401DAD0FFF788FF0A4B04461B783BB93B782BB906
S21401DAE019F0B7FE10B1074B1B68984730461EF079
S21401DAF0C7F92046F8BD00BFDF680020785800202F
S21401DB00DE68002050700020054A0B46117831B1BE
S21401DB1000211170034A0121526818781047704796
S21401DB20DF68002050700020124B0239012910B521
S21401DB3018701ED805F004FDD8B101F053FCC0B131
S21401DB4001F034FAA8B90C4B1C6834B12368984725
S21401DB50BDE81040002019F088BE19F0B9FC074B4B
S21401DB6018601EF0ECFA064B1860204601F042FCE5
S21401DB70EEE710BD59730020C8580020A0580020B9
S21401DB809C58002038B5044680B11EF07EF901216C
S21401DB90044608461CF0E4FB01210B4A084616F031
S21401DBA022F92046BDE838401EF06AB91EF06DF92C
S21401DBB00546214601201CF0D3FB01202146024ADE
S21401DBC016F011F92846EDE71B650400F0B585B09F
S21401DBD01EF05BF9344D04462B7823B133481CF014
S21401DBE01BFF002852D11CF0A1FF02AA03A919F0BD
S21401DBF01AFE0346002838D019F029FE029B9842E7
S21401DC001CD100202A4B03991B682A4E994230707A
S21401DC1020D90027C91A012324482B70264A3346E7
S21401DC20CDE900771EF067FA002837D1234A13782A
S21401DC30D90701D53178F9B1204611E019F005FE72
S21401DC40029B984228D0002318461949194A0968A8
S21401DC50137003910121FFF7C5FE002320462B70A8
S21401DC601EF00EF9002005B0F0BD20462B701EF008
S21401DC7007F9212005B0F0BD03F0FE031370002B59
S21401DC80DAD10F4B1B6898472046E9E720461EF07D
S21401DC90F7F80E2005B0F0BD0220B3E703232046B7
S21401DCA02F703370F3E700BFDF680020785800203C
S21401DCB0985800205873002009DB0100DE68002018
S21401DCC0A458002038B51EF0E0F80F4D04462B7816
S21401DCD09BB90E4A0E4913700E4B0F4A0F481A6035
S21401DCE00F4A5A60EFF782FF0E490F48EFF77EFFA3
S21401DCF00E4B0F4A1A6001232B70F0F781F820466D
S21401DD001EF0BEF8002038BDE0680020DF68002065
S21401DD107C8F040050700020CDDB01006858002085
S21401DD20ADDA0100848F040070580020A45800204A
S21401DD3085DB01002DE9F0438F7880460F2F0C46D6
S21401DD4085B003D9212005B0BDE8F08327B90123AA
S21401DD50374A00201370F6E70D784E78EDB9002E9D
S21401DD60F0D194F90310E08803F00AF82128E9D0ED
S21401DD7055EA0603A088DFF8C89013D003F064F8CC
S21401DD804FF60403B9F8002001469A424BD1AE4241
S21401DD90334638BF2B4600262DE0082DD2D8082E54
S21401DDA0D0D8DEE703F050F84FF6040501464FF6EB
S21401DDB00500204A136E9BB2AB4208BF0346B1F57D
S21401DDC0803FA9F800300FD9022308251366802367
S21401DDD00126C2F880302B4649084FF6FF720139FA
S21401DDE0914228BF114608E08023012608251666C1
S21401DDF0C2F880302B460029EFD100220292012280
S21401DE00013FFFB2009201972A4608F1F80002F09E
S21401DE10B7FE1EB14FF48012074B5A65074BA26836
S21401DE201A60022394E703480266A9F80030AEE7B9
S21401DE30E168002000C001B800D001B8B058002049
S21401DE40E072002010B50446D0F818210B4B4FF4B1
S21401DE500061C3F8A82090F82420D20102F40062E1
S21401DE6005F0D2FA94F8243013F0100F4FF4007333
S21401DE7014BF034A034A136710BD00BF001E00B05B
S21401DE80001002B8002002B8431C07D06FF0FF0252
S21401DE90034B10401A62A3F580531862704700BF07
S21401DEA000E000B8F8B504460F4616461DF0EDFF33
S21401DEB00546A047044620B128461DF0E1FF20464E
S21401DEC0F8BD04F07FFC04220549D1F8D83E23EAC8
S21401DED007033343C1F8D83E024B1A67ECE700BF8D
S21401DEE0001000B0002002B800F01803182B0AD06A
S21401DEF003070AD440F2011310F0100018BF1846A9
S21401DF00034B186570470020FAE70120F8E700BFC9
S21401DF10001F00B0044B1868830654BFC0F30F20DF
S21401DF204FF6FF70704700BF9859002038B103685C
S21401DF30044A002B08BF1346034A13607047014B7F
S21401DF40FAE700BF1F7503005C70002010B4D0E92B
S21401DF50544122400B4052EA030104D003495DF8C4
S21401DF60044B096808475DF8044B70475C70002055
S21401DF700F2938B505460C460ED801F04FFA012890
S21401DF800CD1074A2846D36B23F00F032343D363F0
S21401DF9019F0CFFC002038BD2120FCE70220FAE76B
S21401DFA0001F00B0014B186C704700BF001F00B087
S21401DFB0014B002019647047001F00B003282DE9AB
S21401DFC0F347884655D82C4B13F800902B4B1E5C14
S21401DFD02B4B13F800A01DF058FF074604F03EFB3C
S21401DFE0054640B100230022CDE90033012000237D
S21401DFF0002104F079F904F039FB48B1002300222E
S21401E000CDE90033002000234FF4004104F06CF901
S21401E0106EB31C4BDC6C04F008041B4B3146DC640D
S21401E020484604F02DFC52463146484604F092FC20
S21401E030164BDC646DB1164B1868D0F89410F830A6
S21401E04003F06EFA13490868FFF71EFF4FF0FF331F
S21401E0500B60B8F1000F04D00F4B002103205B6862
S21401E0609847384602B0BDE8F0471DF009BF344670
S21401E070D3E702B0BDE8F087948F0400908F0400C8
S21401E0808C8F0400004000B8006000B8005000B853
S21401E090BC59002058700020507000200F4A136FA2
S21401E0A013F0A00F15D1506F10F0040013D10C4BD4
S21401E0B0D3F8D83E23F07F4323F0FF035BB1D36848
S21401E0C0C3F30362092A07D0B2F10C0018BF01207E
S21401E0D07047002070470120704700BF000002B85B
S21401E0E0001000B070B50D46064620B91A4B1B68E5
S21401E0F0A3B10E2011E001F091F9012829D1174BA7
S21401E10093F90040C4F11C04641BC4F11C03002BEA
S21401E110B8BF5B42232B0CDD212070BD81EAE17381
S21401E120A3EBE173DBB2232BF6D80C4B197000205E
S21401E130F3E786F828501DF0A8FE094AE402D369E1
S21401E14004F4FF2423F4FF231C43D4611DF098FE3E
S21401E150EDE70220E1E700BFBC590020E26800209D
S21401E16000C000B818B9034B93F90000704790F946
S21401E17028007047E268002010B5044619F095FBA8
S21401E18010B1012001F0D4F92046FFF75BFE1DF027
S21401E1907CFE0A4A0121D2F8A030044623F020036F
S21401E1A0C2F8A0300222064B08469A60054B5B680F
S21401E1B0984720461DF064FE002010BD001E00B0EA
S21401E1C0001002B850700020064B5A6A920207D41B
S21401E1D0D3F8803013F4706F14BF0120002070470D
S21401E1E001207047004001B8F8B50E46D0F89430CB
S21401E1F002EA010423EA01032343C0F89430464AA5
S21401E20001F00B0323EA0401D1642340A2F58052F6
S21401E210D3647207054610D50121FFF7D5FF60B11B
S21401E22004F0D0FA4FF4007314F0040F14BF3B4A05
S21401E2303B4A536204223B4B1A67F30606D514F099
S21401E240100F14BF00221B22374B5A6537061DD507
S21401E250200616D54FF40012304B1A62012203F540
S21401E2608053C3F800211DF010FE0E21074603203F
S21401E27003F09EF840F201222B4B3846DA621DF07D
S21401E280FFFD214605F1F80003F04AF9F10503D533
S21401E290E2052AD503F05CF8B30503D5A70527D513
S21401E2A003F062F816F48C6F1DD014F4806224D04B
S21401E2B095F82530DC070CD5EA8DB5F82A3193425E
S21401E2C019D0B5F82C31981A43424341174A82F8BF
S21401E2D0C430D5F8E410284619F022F98022144BF0
S21401E2E0D864144B1A610020F8BD03F02BF8D3E76D
S21401E2F003F034F8D6E70123E8E77105E9D595F888
S21401E3002530DB07E5D5094B114683F8C4200A4BB7
S21401E31028461B689847DCE7006000B8005001B843
S21401E320006001B8002002B8004000B8001E00B02E
S21401E330001F00B0000002B8D0580020014B18683A
S21401E340704700BFBC58002037B51DF09EFD002465
S21401E35001230022CDE90034002305461946104664
S21401E36003F0C2FF022002F0E7FA064B21461C60CA
S21401E370054B02205B68984728461DF081FD204624
S21401E38003B030BDC4580020507000202DE9FF4175
S21401E39002290D4616469846039004D1FFF7D4FF8E
S21401E3A004B0BDE8F0811DF070FD1E4F04463B68C9
S21401E3B03BB1B34205D01DF063FD002321203B6035
S21401E3C0EEE7194B0022C3F800803E6000230126C9
S21401E3D04FF0000810461946CDE9006603F084FFA9
S21401E3E0124B022083F8008002F0A6FA43462A4622
S21401E3F0022003A902F0BEFA0D4B039A1A6008B96F
S21401E4002046D8E70B4D2B689847212804D0204694
S21401E4101DF036FD0020C3E731466B6802209847A1
S21401E420F5E700BFC4580020C0580020E46800206B
S21401E430BC58002050700020044B5B6E5B054EBF3D
S21401E4400120034B187800F00100704700C001B8A6
S21401E450E46800200A78022A11D0101F4242424185
S21401E46052004B781201022B0BD0191F4B424B4125
S21401E4705B000549054842EA8312FFF713BD0122F6
S21401E480EFE70123F5E700BFF0FFFF0065F40100A9
S21401E4900B78022B10D0181F434243415B004A7889
S21401E4A0022A0BD0111F4A424A4152000F2104484A
S21401E4B043EA8202FFF7F6BC0123F0E70122F5E703
S21401E4C091F401002DE9F8430E780446042E0D461A
S21401E4D090F830810BD100275FFA87F9484601F0A2
S21401E4E07DFD08B14E4602E00137042FF4D13046D7
S21401E4F001F074FD002849D094F83031B34209D1B7
S21401E500AA88D4F8A8309A4204D16A88B4F832317D
S21401E5109A4238D084F83061AB883046A4F834315A
S21401E5206B88A4F83231AB8804F59875C4F8A83026
S21401E530FF2384F82B3019F0ADFA84F82A00284618
S21401E54001F078FC18BB284601F03EFDF8B9D4F876
S21401E550E03053B194F83011414506D02046B3F966
S21401E5601220EDF799FE84F83901204601F09AFE53
S21401E5700949A4F834010123084AD1F8FC1004F132
S21401E580F80003F0AFFC0020BDE8F88321200C233F
S21401E59084F83031F8E700BF001F00B0581F00B004
S21401E5A0F8B5054690F830010C460C28164623D0DF
S21401E5B0FF2923D01AB14FF0FF32114B1A6019F020
S21401E5C069FA074695F8300101F068FD844228BFD4
S21401E5D00446E4B2BC4238BF3C46E0B285F82B00A4
S21401E5E001F002FEFF280CBF2124002416B928469C
S21401E5F001F068FD2046F8BD0224FBE72124F9E777
S21401E6006070002010B590F8303104460C2B43D0D2
S21401E610D0F8E03080F82A10D3B3D0F8F020CAB989
S21401E62090F839318B421BD300222046FFF7B8FF02
S21401E63040BB1A4B1B78022B23D8204601F032FE32
S21401E64017490123174AD1F8FC1004F1F80003F02A
S21401E65049FC16E0B0F94220B3F912309A42E3DDE4
S21401E6600022204694F83911FFF79AFF50B9C4F8F2
S21401E670E000204618F057FE4FF6FF739842014619
S21401E68001D1002010BD2046BDE81040FFF7C2B8FA
S21401E690FF2380F82B30F4E70220F3E7E472002032
S21401E6A0001F00B0581F00B0F0B51D46144B0446BD
S21401E6B01B780F46164685B05BB1D0F8E030E3B163
S21401E6C002AAB3F912300092002214F0EEFA05B055
S21401E6D0F0BD02A918F0ADFE9DF808103A46204696
S21401E6E0EDF7DAFD014626B92A462046FFF758FF20
S21401E6F0EDE72046FFF786FFE9E71846E7E700BFA4
S21401E700DE660400D0F89C30012B01D10020704752
S21401E71070B5044665498CB019F0F1F9D4F8E0609B
S21401E7200146E58DC4F8E40026B1336813B15B6891
S21401E730002B71D11DF0A9FB1DF0A2FB0123D4F81B
S21401E740E4108DF80630B389D6E90120EB1A9BB2A6
S21401E75000FB03225648ADF80430036800928B4252
S21401E76007D0204618F0DCFE80225249524BC8647E
S21401E7701A61514D00F052FE0128FBD1AB689E068E
S21401E780F8D420469DF80620009906AB03F0E6F87B
S21401E79000283ED100F042FE0128FBD1464A136F05
S21401E7A0D801FCD493689906F9D4684606A903F003
S21401E7B08DFA054668BBE28D404B5A6494F82430C6
S21401E7C060F3410384F8243000F0EEFFD4F8E03023
S21401E7D05969431E0E68DBB2FD2B029622D9F31C43
S21401E7E034D84B68FF2803935ED10126DA1C25D85E
S21401E7F0024602A9204619F0ABF8E6B9D4F854311E
S21401E80099053FD494F8243043F0020384F8243069
S21401E81011E002200CB070BD1A68032A8AD99B6ADF
S21401E8205B0E8EE74B6801280393DED00246204636
S21401E83002A919F08DF800200CB070BD0133204BF1
S21401E8405B6816D0DA1C23D80393D1E71C4B01363C
S21401E8501B6818BF0126DD1C06D802934B68FF28EB
S21401E8600393C3D00020C3E7FF284B6819D0039356
S21401E870C3E7DD1C0FD80246204602A9039319F010
S21401E88067F8BBE720464FF4803119F0E9F9D2E783
S21401E890FF28B2D1E6E7FF28B0D10022204602A920
S21401E8A0EDE701200393A1E72A46C0E7FC1F00B06D
S21401E8B0AC580020001F00B0000002B8008001B86C
S21401E8C06870002010B50C4619B118F0EEFF00B1C3
S21401E8D00434204602F0B8FA024B4042C3F8C80E90
S21401E8E0002010BD001000B0838E70B593420C4618
S21401E8F015461CD3836C8B4208BF00241DF0C5FA55
S21401E9004FF49C530B490646CA68C2F30362D340D0
S21401E910DA0702D50B6F9B0304D401222946204651
S21401E92001F016F830461DF0ABFA002070BD21202C
S21401E930FCE700BF000002B82DE9F84F0646154671
S21401E9400B4611B92120BDE8F88F002AFAD0032919
S21401E95005D8002201F05EF903460028F2D01C8893
S21401E9609978B4F5804F01F0070080F0C580A0F1DA
S21401E970070C1A7993F805A0DF88DCF1000343EB56
S21401E9800C0305282B7394BF0023C1F30013C1F3B6
S21401E990801C6B738B0985F810C003F00203C1F36A
S21401E9A0C00C43EA0C03C1F340116B74A974AF8227
S21401E9B0002A40F0828096F81E31013BDBB2EB74F0
S21401E9C0D6F89430DF0600F18380063801287FD818
S21401E9D0B6F81280F76908F1FF38484B083C04EA9C
S21401E9E008045B6D3B5D0134802B0EBF6FF07F0327
S21401E9F0323B5BB2AB730023AB6096F8279004EA18
S21401EA000804B9F1000F61D1631D03EA08035A1C1B
S21401EA1002EA0802BA5CFB5C43EA0223D9040FFA55
S21401EA2083FB4CD5D6F8E43013B11B68022B05D80E
S21401EA3041F24D724C210020FEF74EFFD6F8E4203D
S21401EA40CBF30B0392F82420DB000AB1B3FBF2F3FD
S21401EA509A4508D83BB1CAEB0A2ABAFBF3FA6FEA21
S21401EA600A0A5FFA8AF9D6F8EC3023B1484695F9D6
S21401EA700E1098478146631C85F80F9003EA080339
S21401EA80F95C013303EA0803FA5C013303EA08037D
S21401EA9041EA0221FA5C013303EA0803F85C41EA21
S21401EAA00241002341EA00616A7C304603F0D8FA4D
S21401EAB006232860AB71002045E7531E7EE717F852
S21401EAC004904FEA49095FFA89F9CCE79946D2E7FB
S21401EAD000230020EB730A4B5A69C2F30723120482
S21401EAE048BF63F0FF035AB212F1800F1CBF323BDE
S21401EAF05AB2AA730346DCE7022024E7004000B8B6
S21401EB0000C000B838B5148811F003054FEAC404F4
S21401EB1022D13F2C20D9B4FA84F4C4F11903DBB214
S21401EB20052B01D8192C15D0052B28BF0523012448
S21401EB300633DBB29C40C4F3CF03138003828161AA
S21401EB40448700F02DFF054A631E2343C2F8A43014
S21401EB50284638BD2B46EAE72125F9E7001E00B016
S21401EB6011F5004F1FBF01F30E01044BC1F30E0157
S21401EB70002014BF99642120704700BF008001B8AF
S21401EB80F8B504460E4619B990F824305A063FD413
S21401EB904FF6FF73618ED4F8E470994204D0314B7E
S21401EBA01B680BB1204698472F4D2B68BB424DD0B2
S21401EBB02E4B1B683BB11FB13A68002A48D0BF688C
S21401EBC03946204698470727204601F06BFB002E62
S21401EBD032D006270126264B94F9282093F90030D7
S21401EBE02449C3F11C039B1ACA69DB0222F4FF22E3
S21401EBF003F4FF231343CB61D4F8E4301E4A2B60A1
S21401EC001E4B976720461E7018F093FE0020F8BD35
S21401EC104FF6FF71144DD0F8E4702A6866F3861338
S21401EC209742418680F8243017D0104B1B68002B82
S21401EC30C1D101F037FB072711493B46114AD1F8EC
S21401EC40FC1004F1F80003F04DF9C2E70127BBE719
S21401EC501746204639469847B5E701F023FB0127BA
S21401EC60EAE700BFB8580020AC580020B45800208E
S21401EC70E268002000C000B8006000B8E368002029
S21401EC80001F00B0581F00B0054A12681AB190F86C
S21401EC901E1119B91047084602F0AABB0148704771
S21401ECA0A858002000FEFFFF344B2DE9F7431C68EF
S21401ECB001F4007900F00103174653EA09020646FB
S21401ECC00D4635D04FF000083BB30023002200214B
S21401ECD00120CDE9008803F007FB042001F02CFE9B
S21401ECE041462046FFF7D0FF0122414620861046C6
S21401ECF018F0CBFAD4F8941004F1F80002F010FCE6
S21401ED001F490868FFF7C0F84FF0FF330B6094F80F
S21401ED10243043F0040384F82430B9F1000F07D0FF
S21401ED200121204618F09CFF25F4007506430D438B
S21401ED302B4632462046FFF709F9FB070FD5114946
S21401ED40114A086800211368116001210F4A1170E9
S21401ED5003B198470E4B002102205B68984717F0D5
S21401ED600E0F08D04FF409723B21002003B0BDE816
S21401ED70F043FEF7B1BD03B0BDE8F083BC590020F7
S21401ED8058700020C0580020C4580020E4680020B5
S21401ED905070002008B5482200210248FDF72CFFDC
S21401EDA0002008BDDC1E00B073B578216422A0F8EF
S21401EDB0141182210C23C0E94112C0E94322C0F894
S21401EDC0002107224FF0FF35002680F830314FF63C
S21401EDD0FF730446C28700F14C0282641E4AC38553
S21401EDE0A0F8403080F82C3043864263038780F8D1
S21401EDF02860C0F8A850458580F8265003F03EFCF0
S21401EE002046FFF7C7FF94F928102046FFF76AF956
S21401EE10602340F6FF71114A2046D36402F11C427A
S21401EE20D162D1650E4A2946D36440220D4B1A673A
S21401EE30D4F89420FFF7D8F90E230022CDE9003349
S21401EE4040F202231046194603F04EFA01F0E2F8AA
S21401EE50304602B070BD00BF4000FFFF004000B862
S21401EE60005000B8002002B810B50C46FFF792FF1C
S21401EE70BCB1A378082B16D8E278082A13D843EA3F
S21401EE80021313F0FF030CBF19466168074AC2F864
S21401EE90DC10217882F82011617882F8233182F81B
S21401EEA02111002010BD2120FCE700BF001E00B08C
S21401EEB0012A10B512D8032B10D803EB82020123C6
S21401EEC0074C934094F82201DBB221B103430020A2
S21401EED084F8223110BD20EA0303F8E72120F9E780
S21401EEE0001E00B0034670B50C68B0F8342101343A
S21401EEF008BFD3F800418D6808BF0C604C68F83035
S21401EF00013404BFD3F80C414C606E1C3CD1D3F8DD
S21401EF100841CE688C60751C3CD1D3F804510E694B
S21401EF20CD60013604BFD3F8F8600E614E69013634
S21401EF3004BFD3F8FC604E618E69013604BFD3F876
S21401EF4010618E618E695EB35A32B24238BF324664
S21401EF500E688A6116B15A2E38BF5A26C3F8084180
S21401EF604C68C3E94065C3E943420A69C3F8F8201F
S21401EF704A690C49C3F8FC20D1F8FC1007230A4A59
S21401EF8002F0B0FF002070BD02F15A04AC4238BF57
S21401EF902C46BEE702F17805B54238BF3546BEE7D6
S21401EFA06422D5E7001F00B0581F00B070B51CF0F2
S21401EFB06CFF04460B4E00F031FA012805D02046BE
S21401EFC01CF05EFF0225284670BDF36813F0706FD3
S21401EFD0C3F30365EFD1B36ADB06ECD520461CF01C
S21401EFE04FFFF0E7000002B838B51CF04EFF4FF6B1
S21401EFF0FF710A4A13888B4203D11CF041FF0E2091
S21401F00038BD074C074D1B046566A4F5805463663E
S21401F01011801CF035FF0020F2E700BFE2720020ED
S21401F020006001B80000FFFF2DE9F74304460F46D4
S21401F03015461E46FFF732F830B3A38A23B320469F
S21401F04018F039FA78B9002E40F0F280794BD3F8EF
S21401F050D83E03F03002102A00F0EA8003F0C00325
S21401F060402B00F0E580DFF80082D8F81430D9078D
S21401F07040F1DE801CF009FF0646032001F058FD32
S21401F08030B130461CF0FCFE022003B0BDE8F08330
S21401F090D8F8142012F00608F3D130461CF0F0FE22
S21401F0A0644B4FF400612046D3F8D89ED3F8AC6E7B
S21401F0B004F0BEF940B14FF4007201215E4B0846E0
S21401F0C01A67424618F0E1F894F82530DA0707D5B2
S21401F0D0D4F894305B0542BF4FF40022574B1A67B1
S21401F0E039462046FEF796FB524BC3F8D89EC3F826
S21401F0F0AC6E0028C9D194F82430980601D4002DAE
S21401F10057D0C5F3400003F023FB022315F4807F9C
S21401F1101BBF0021494A484A136717BF484A13676D
S21401F1205161136303F04EFB4FF4806315F0040F37
S21401F13014BF444A444A15F0400F53624FF004028C
S21401F1403D4B28461A674FF0400314BF3F4A404ADA
S21401F150C2F88830FEF7C8FE204618F0D6FA38B155
S21401F1604FF4807315F0010F14BF344A324A136707
S21401F170A90647D54FF6FF72B4F8403093420FD038
S21401F180344A3549526E100CC2F301120132B3FBF8
S21401F190F2F308802B4A2C4930481B044866536614
S21401F1A0003D18BF012594F8243065F3451384F813
S21401F1B02430204618F079FBF0B1204618F0A5FA65
S21401F1C0D0B14FF40031204604F032F9431C03223B
S21401F1D09BB2234801A918F020FC9DF8042002F0F8
S21401F1E00703052B9DF8053015D112070DD443F4FE
S21401F1F080731C4AC2F8B830002003B0BDE8F04363
S21401F20018F018BCFFF7F0FECAE713F0040F09D197
S21401F2109DF80630EBE703F03002202A05D113F003
S21401F220010FF4E74FF48073E3E79DF80630E0E75B
S21401F2300E202AE7001000B0002002B8001002B825
S21401F24000400054005001B8006001B800D000B87A
S21401F25000E000B8004001B8E27200200000FFFFA5
S21401F26008400054001E00B000C001B82DE9F3416B
S21401F2700646884615461F461CF007FE0446032030
S21401F28001F056FC38B120461CF0FAFD0E2420464B
S21401F29002B0BDE8F081042001F04AFC0028F2D15A
S21401F2A020461CF0EDFD01232A4641463046FFF775
S21401F2B0BBFE04460028EAD1DFF8C8805FB388F8B1
S21401F2C0000039463046FEF735FD00284CD198F847
S21401F2D00030012B1CD02022244B1A67244BDB6CF8
S21401F2E0B3F5817F1FD2012018F0E5FB1CF0CDFDA0
S21401F2F0204B06461B680193CBB901F093FC15F031
S21401F300800526D101F0E0FC284603F0F5F925E05A
S21401F31003F008FABBE798F80030012BF8D0002B71
S21401F320D9D12124B3E78022134B1A61DBE70420ED
S21401F33001F002FB00230122042001A901F01AFBBF
S21401F3400028DAD103F056FA212430461CF098FD45
S21401F3509DE70022094B9A6701F0B6FC084B012194
S21401F3605B6800209847F0E7044690E7001002B873
S21401F370001F00B0B0580020000002B800C001B85D
S21401F38050700020E168002008B50C4BD3F84C11F2
S21401F3904B1C12D011F080410FD1094B1B6813B1E1
S21401F3A00320FEF70BFE4FF080624FF40071054B11
S21401F3B0DA67054AD16201225A6108BD0080E00F72
S21401F3C0BC590020001002B8004000B84FF40022DB
S21401F3D0034B186F03F500531A67C0F3C04070471C
S21401F3E0000002B8024B586900F00100704700BFE8
S21401F3F000C001B8084B5A69D10707D508B901F012
S21401F40077BA5B69DA0706D401F064BA5B69DB0791
S21401F41001D40028F8D1704700C001B80F4BDB6853
S21401F420C3F30363013B0B2B0FD8DFE803F006069B
S21401F4300C06060606080A0808080220704704207B
S21401F44070470520704703207047054B5B6913F032
S21401F450060F0CBF01200420704700BF000002B851
S21401F46000C001B8094AD368C3F303630B2B08D065
S21401F4706FF49050184100F0010080F00100400048
S21401F4807047106F10F48030EDD17047000002B85D
S21401F4900C4AD368C3F30363062B07D8042BD8B2F0
S21401F4A00BD8C31E5842584140007047072B06D15F
S21401F4B0D2F830010028ECD17047022070470020B6
S21401F4C0704700BF000002B8094BDB68C3F3036353
S21401F4D09A1E012A8CBF00220122012B02701EBF38
S21401F4E04FF4026222FA03F303F001030B70704734
S21401F4F0000002B8094AD368C3F30363032B01D0A3
S21401F500072B08D1536FDB0605D4906F80F00800F7
S21401F510C0F3C00070470020704700BF000002B86B
S21401F520024B0022196818F0A1B900BFF88F040039
S21401F530024B1B6803B11847704700BFDC58002018
S21401F540024B1B6803B11847704700BFD85800200C
S21401F55010B5FF224FF6FF71044618F0A9F968B9F5
S21401F560FF224FF6FF71204618F0B3F930B9204656
S21401F570BDE81040FF22024918F0BDB910BD00BF1A
S21401F5809C8F04002DE9F0411C46184B05461E6869
S21401F5900F46904646B1306801F01CFEF3681BB179
S21401F5A0B368186801F016FE114B1B682BB1DA68B8
S21401F5B01AB19B68186801F00DFE9DF818306407B3
S21401F5C044EA08425B0503F0BC6342EAC7621A4399
S21401F5D02846084942F4C87203F016FF002228465E
S21401F5E01146FFF781F90020BDE8F081F48F040091
S21401F5F0F88F04009007E12D08B5FFF77BFF88B16F
S21401F600094BDA6912030DD5186F10F4003009D1D1
S21401F6109B6F13F0100F4FF010030CBF034A044A00
S21401F620936708BD0220FCE7000002B8001002B88C
S21401F630002002B838B50446F8B1124AD3691B0354
S21401F6401DD5556F104BC5F38115032DB3F8B43096
S21401F6500DD10822083B9BB221460C4818F0DDF973
S21401F6600020084B25729B6F1B0A637238BD022D62
S21401F67005D1023B2A469BB2EEE72120F6E702209F
S21401F680F4E700BF000002B8001E00B03840005486
S21401F690431EDBB2FD2B14D9FF280B6801D14A6843
S21401F6A0134313F0802F1EBF42F20102074BC3F82B
S21401F6B0282251F82020054BC3F85022C3F85422C3
S21401F6C070470128F5D10023E9E700BF004001B8E3
S21401F6D0F0B585B06D460E460F4B074614460FCB68
S21401F6E085E80F000D4BD3F848020090D3F84C2262
S21401F6F001923EB1631EDBB2FD2B0AD93060FF2CAE
S21401F70000D1726022462946384618F021F905B024
S21401F710F0BD012CF4E700BFA48F04000080E00FC9
S21401F720F0B585B06E460D4B07460D460FCB86E805
S21401F7300F0000F039F8314604460246384618F004
S21401F74080FA4DB140B9FF2C1BBF04AB03EB840418
S21401F750009B54F8103C2B6005B0F0BDA48F04004C
S21401F76030B50C4B0546187085B0082380B90A4A97
S21401F770C2F8FC3351B96C46084B0FCB84E80F0036
S21401F780074B2A4621461868FFF7A2FF05B030BD91
S21401F790044AEDE75A730020001002B8B48F040043
S21401F7A0BC590020002002B8014B1878704700BFF2
S21401F7B05A730020124BD3F8E020D2031ED54FF423
S21401F7C080321049C1F8E020A1F58051C1F8EC2043
S21401F7D01A6CD1B2C2F30722C3F88010C3F8802096
S21401F7E00422C3F880200022C3F88020C3F88020BA
S21401F7F0C3F88020C3F88020C3F88020704700BF7C
S21401F8000040005400600054F0220A4B01219A6423
S21401F810A022A3F580539A64074B826CC3F8C010EC
S21401F820FC21C3F89810C3F89C204FF40052C3F88B
S21401F830BC207047006000B800400054F8B50D4683
S21401F840174606461CF021FB01230421084C094AF1
S21401F8502363A760E6602561C2F8E010064AC2F895
S21401F86084311CF00DFB0DB102232363F8BD00BFEC
S21401F870004000540060005400E100E00222024B08
S21401F88058611A63704700BF004000540122044BC0
S21401F8901A6640F6FF729963D863DA65704700BF4F
S21401F8A0004000542DE9F04F042A05460B4683B06C
S21401F8B039D901260978141F81615A7803F10409A0
S21401F8C082619A788261DB7883610368D0F808B038
S21401F8D003F0070306339E4006F1FF3A0AEA0B08D7
S21401F8E04768A6EB0802944247F000570ED84946EF
S21401F8F0224607EB0800FDF70FFB46EA0A0604EB73
S21401F9000B023240AA6003B0BDE8F08F494607EB10
S21401F91008000192FDF700FB019A384609EB020147
S21401F920A21B4244E7E7013A032AECD8DFE802F0DB
S21401F9300B08050213F8012B826113F8012BAA614B
S21401F94013F8012BAA611B78AB6103B0BDE8F08FF9
S21401F95038B50C46154601460F4B60B101220F48DB
S21401F960C3F8C0202246FFF79DFF1DB104220A4BB3
S21401F970C3F8C02038BD64B1D3F8A420A24284BF26
S21401F9800122C3F8C0200222C3F8A040C3F8C02059
S21401F990EBE70122FAE700BF00400054984000540C
S21401F9A038B504461CF071FA01211A4A638F0546E0
S21401F9B011663BB3B3FA83F3C3F11903DBB2A06953
S21401F9C0C2F8901093660723D066C2F88C304FF4C5
S21401F9D0A02302F50052C2F8E030A2F58052C2F828
S21401F9E0EC3000220C4B1A600C4B1B6F5B0209D5E6
S21401F9F04FF480020A4B04F1F8001A67D4F8941009
S21401FA0001F08EFD4FF4E0232846E363BDE838405D
S21401FA101CF036BA00400054E0580020000002B83E
S21401FA20002002B82DE9F84305460C46B1B1D0F8DE
S21401FA301880478F1CF029FAB5F83CC0791E01EAF8
S21401FA400C0323F00702032C0646DFF8F8E04244D5
S21401FA505CD1DEF8004024B91CF012FA0E20BDE895
S21401FA60F88324F00104DEF8000020F00100A04233
S21401FA7051D10023CEF80030238894426FEA4343E5
S21401FA806FEA534323803CD1EB8F08EB07091846F6
S21401FA90083880B202F108044C4528BF44460828BD
S21401FAA004D9B4F800E0BEF5804F3ED263440F435C
S21401FAB01B1A3B409BB2AB87E887118894781C4A97
S21401FAC0C1F30C0151645367C2F88C004FF48022D5
S21401FAD0184B04F00704C3F8E0200122164BC3F8C4
S21401FAE08421FFF767FE042C0BD14FF48002134BE1
S21401FAF005F1F8001B6F124B1A67D5F8941001F048
S21401FB000FFD30461CF0BCF90020A8E7601E012856
S21401FB1098BF1446A7E7E88F4344E31A48BFDB19AA
S21401FB2008389842A8DC304696E72246B0E700BF80
S21401FB30004000540060005400E100E0000002B8FC
S21401FB40002002B8E0580020144B10B51968CA8F7F
S21401FB508B8F488F13440138073B8C69034023F091
S21401FB6007031C4402F108030D4A9BB2CB87C2F877
S21401FB708C304FF480220B4BC3F8E02001220A4B55
S21401FB80C3F88421A07800F00700042803D1074AAF
S21401FB90D3681B03FCD4064B1C6010BDBC59002067
S21401FBA0004000540060005400E100E0000002B88C
S21401FBB0E058002010B5064C216839B1CB0703D4B4
S21401FBC0044B1868FFF72EFF0023236010BD00BF0B
S21401FBD0E0580020BC5900204FF480320B4B0C49F2
S21401FBE0C3F8EC20A3F50053C1F8E020D3F8881041
S21401FBF09A6E012302F0070206329340C1F30C010C
S21401FC00083B994201D8FFF7D5BD70470060005404
S21401FC10005000542DE9F04780460C461646876989
S21401FC20458F1CF032F9B8F83C2005F1FF3C02EA9A
S21401FC300C0323F00701032C82463944B8F83E0032
S21401FC4019D1494C24689CB90244073A02EA0C02CD
S21401FC5022F00702BC183B44E31A48BF5B198342F3
S21401FC6010DB50461CF00CF900242046BDE8F08756
S21401FC7024F00104EFE7012C02D0022CEBD1083866
S21401FC800C46E8E7002E3DD08C423FD1374AD2F8E9
S21401FC9044903649B8F81270D1F88820C2F30C02A5
S21401FCA0934247DA2588B5F5804FDAD2A378C5F3B3
S21401FCB00C0503F007037A1EA5EB09053A43052B4D
S21401FCC0337005EA02052DD82DB2E84340F24142D1
S21401FCD00421C00FFDF700FE7580E3783374D8F871
S21401FCE01C207B1E03EA0903D118B160A9B213FADE
S21401FCF085F5AF422FBF0023FF1AB780F26024BFFD
S21401FD00B180F36050461CF0BBF8AEE7A4F10802E0
S21401FD10974284BFED0802EBC502B2F80090C9F322
S21401FD200C09B6E7124B5B6D003B18BF0123A5EB30
S21401FD30C305C9E70B6C7A1EA3EB09033A431A40C5
S21401FD400C4915B2002DCB680BDCC3F30363D81E38
S21401FD5043424341DB0033708B6F72801B0A33745E
S21401FD60BDE70823F7E700BFE05800200040005435
S21401FD70004000B8000002B8054BA822D3F84C0199
S21401FD803121431C0CBF0120C0F38070FDF7A4BDD8
S21401FD900080E00F38B5094D0446286840F6970202
S21401FDA0003818BF01202B21FDF796FDFA235C438E
S21401FDB02B680A20B4FBF3F4604338BD14590020C5
S21401FDC0174B30B51A68431C164B22D0B2F1407F50
S21401FDD01FD3154D00F03F04D5F8002122F03F0255
S21401FDE01443C3F8C84001F03F042243C3F8D020AF
S21401FDF0D5F804310D4A1A400D4B03EA500003EAC8
S21401FE00510110431143074BC3F8CC00C3F8D4107B
S21401FE1030BD00200146C3F8C800C3F8D000F2E7A1
S21401FE200080E00F001F00B0000002B81FF087E15D
S21401FE30E0FFFF7F73B5574E0446317819B91C228F
S21401FE405548FCF7D9FE2378544A618813705180CF
S21401FE504FF0FC62524CFF21C4F8FC204FF47F02A5
S21401FE60C4F808214F4A022B4F4D117033D1042399
S21401FE7007224E49C4F8FC23C5F8FC33C4F8001128
S21401FE804FF4C071C5F80011C4F8FC234FF480523A
S21401FE90C5F8FC33C5F870214FF40052C4F8702140
S21401FEA0C4F808314FF4FF13C4F8FC304FF4BB1309
S21401FEB0C5F8FC308023C4F8703148F2C8023C4BC8
S21401FEC0C3F8D8203B4B3C4A0020C3F8C02F01237F
S21401FED0337002B070BD394A012BC4F80021384B8B
S21401FEE027D14FF4C072C5F80021D3F83802D3F8F1
S21401FEF03C12FFF765FF0723C4F8FC330223C5F85D
S21401FF00FC334FF48053C5F870314FF40053C4F8F6
S21401FF1070310423C4F808310DEB0300ECF7F4F854
S21401FF209DF80530023B012B9CBF8023C5F870313C
S21401FF30C3E7244AC5F80021D3F83002D3F83412B7
S21401FF40FFF73EFF0723C4F8FC330123C5F8FC3353
S21401FF508023C4F870314FF4805301A8C4F870317F
S21401FF60ECF7D2F89DF80530012B05D19DF8043049
S21401FF7053B948F25D1309E0FBD9023B012B9CBF44
S21401FF804FF40053C5F8703148F25813084AC2F8C6
S21401FF90D83097E7E5680020C41F00B0E47200205F
S21401FFA0002002B85E730020001002B8C0F10F00F6
S21401FFB0001F00B0001000B0E8580020C0F70F0086
S21401FFC00080E00FC0F60F00034B1A6802609B88A2
S21401FFD083800020704700BFE472002010B50446FD
S21401FFE001F026F80A4BD3F8F83724B983F4002336
S21401FFF0C3F3C04010BD012C05D113F4C02F0CBFB4
S21402000001200020F6E7A31E58425841F2E700BF3F
S214020010000002B86FF07F42154BD3F8FC379342CC
S21402002008D0144A03F03F031370F123124A1370E8
S214020030124A13701249134B09781A68A9B1B2F121
S214020040A06F12D3D3F850120F4A104BB1F1FF3FF4
S21402005018BF13460E4A136041F66A020D4B1B6820
S214020060B3FBF2F30C4A13607047084BF2E700BF8B
S214020070000002B85F7300206073002061730020E6
S2140200805D7300200080E00F5082E00FD88F0400DE
S214020090E45800203059002014590020012807D0C7
S2140200A0022802D030B100207047034B1878704700
S2140200B0024BFBE7024BF9E75F73002060730020F8
S2140200C0617300200023F0B590F8304185B00246F7
S2140200D02046CDE90133CDF80B30FFF7DFFF92F86B
S2140200E02B30411EC9B28B4228BF0B46002C3CD097
S2140200F0012C38D1042418464FF00F0C384E0DEB65
S2140201000405B0FBFCF7F75D013CC01BC0B28142A0
S21402011038BF00206055002CF3D105240F278DF838
S2140201200830B3FBF7F0305C0344DBB28B4228BFE7
S2140201300B462B5501340B2CF3D10F2602F1A800E7
S214020140D43215F8013BB3FBF6F14C1CC1EB01119E
S2140201505B1A0133DBB2E4B21B0443EA045340F8F1
S214020160043F8242EDD105B0F0BD042418464FF09C
S2140201700F0C1C4F0DEB0406B0FBFCF5EDB27D5DDB
S214020180013C401BC0B2814238BF0020A055002C63
S214020190F2D105240F258DF80830B3FBF5F0385C54
S2140201A00344DBB28B4228BF0B46335501340B2C7B
S2140201B0F3D10F2502F1A804D43216F8013BB3FBA3
S2140201C0F5F1481CC1EB01115B1A0133DBB2C0B278
S2140201D01B0443EA005344F8043FA242EDD1C2E7AF
S2140201E0D18F0400C48F040038B5284B05461A7810
S2140201F027490C2A02D1FF20087038BD104617F096
S21402020049FC04461046FFF749FFA84228BF284685
S214020210C0B2A04238BF20460B78C0B28342ECD0B0
S214020220087088B1431EDBB2022A1A490ED14FF07B
S214020230FC62C1F8FC20A1F50051D1F8FC2042EA8C
S2140202404353C1F8FC30D8E70346EDE7124A134C95
S2140202501268AC32C4F8C02F4FF47F02C1F80821EE
S2140202600F49CA6FD202C8D40F22B3FBF2F2551C52
S214020270C2EB02129B1A0133D1F808411B0443EA6F
S21402028005532343C1F80831B7E700BFE4720020E4
S2140202905E730020002002B8BC590020001000B097
S2140202A0000002B82DE9F04F90F830510646D0F81B
S2140202B0A82087B035BB1F2A38BF1F22093A4C2414
S2140202C0844B85481B6A96F82B10C3F38213DC40D6
S2140202D00368DFF82CA29342DFF828827F4B04F0F3
S2140202E0010414D11F78A74211D19AF80070AF42C8
S2140202F00DD17B4F3F788F4209D1B8F8040007B082
S214020300BDE8F08F032A38BF0322023AD7E702601D
S21402031098F800001C70FFF7C1FEFF2924D128467A
S21402032017F0B8FB07466F493CB3D6F8E4702FB116
S2140203303B68082B40F2CB8097F838701DBB0B68E1
S21402034040F27121B3FBF1F353431922B3FBF2F3EC
S21402035039462A4605A8059317F072FB02023C04AA
S214020360059842F0110988E0471E8F4228BF0F46C3
S214020370012F38BF0127FFB2D5E7012D29D0022D64
S21402038001D0B5B327460B6840F27121B3FBF1F3F7
S21402039053431922B3FBF2F33946012207EB072433
S2140203A005A8059307EB042417F04AFB7F00032FEA
S2140203B038BF0327020242EA001242EA0009033F5C
S2140203C000F01F0007FA00F0FFF7E4FC00F5FA67FA
S2140203D058E00F23B7FBF3F3581CC3EB0313FB1AC7
S2140203E00133DBB2C0B21B0443EA0053C3F3074730
S2140203F0C9E70C6840F27121B4FBF1F40F235443B1
S2140204001922B7FBF3F3B4FBF2F43748374A006815
S214020410A2FB0412013350FA83F313F8013C039251
S214020420A3F140012A4603A8019317F009FB039F94
S2140204302F4AE41BA2FB041200903021049204A867
S2140204402A4617F0FDFADDF810B08146A4EB0B043D
S21402045001220594102144F2100405A817F0F0FAC0
S214020460009B1A02019B42EA091244EA0344059BD6
S21402047042EA000907EB0B001844FFF78BFC00F575
S2140204800C57283740F6FF711A4B3846C3F8C0108F
S214020490A3F58053C3F8C090A3F58053C3F8C440B5
S2140204A0154C276001F0B0FC4FF47A72134B4042B1
S2140204B0986523680A49B3FBF2F3A8F8043096F865
S2140204C02B30B7FBF2F08AF800500B7017E70027C4
S2140204D034E700BF004001B860700020E6680020E4
S2140204E05B73002030590020E458002069C2F5688A
S2140204F0911E856B006001B818590020001F00B0DD
S2140205005C730020E4720020014B1870704700BF35
S2140205105D73002010B5044603F012F878B1174B4D
S2140205201B786BB964B1164B1B784BB1154B1B7815
S214020530013B012B04D84FF40042134BDA6710BD7F
S214020540124BDB6F1B04FAD41BF09FFC4FF40042E5
S2140205500F4B0446DA67A3F5A0435B682BB1FEF7A0
S21402056041FF10B1022017F0A6FA0222094B2046DC
S214020570BDE81040C3F884241BF082BCE768002064
S214020580E86800201C590020002002B8000002B8CB
S214020590001002B800D003500122024B00201A704D
S2140205A0FFF7B8BFE76800200022024B01201A704E
S2140205B0FFF7B0BFE7680020F7B50646504C00F0DC
S2140205C037FD504B2578504F1E7085BB2846FFF7E7
S2140205D0A1FF2378013B012B19D8E37B01A88DF8F4
S2140205E00430237C8DF80530E8F7AEFFC7F8845454
S2140205F04FF6FF72454BC3F88420F822A3F58053CA
S214020600C3F884200022404BC3F884240DE04FF642
S214020610FF723E4BC7F88454C3F88420F822A3F531
S2140206208053C3F88420C7F88454394B5BE000201B
S214020630FFF770FF2378013B012B08D8E37B01A864
S2140206408DF80430237C8DF80530E8F77DFF002313
S214020650C7F88434002ECBD062685AB32D4B1B6881
S21402066003EB5203B3FBF2F3013B1B0243F0F80326
S21402067026782649022E284A1ED0032E4FF6FF75EC
S214020680214826D0012E34D143F00203C1F884500B
S214020690C2F884300723C0F88434E37B01A88DF8BF
S2140206A00430237C8DF80530E8F722FF0120FFF79F
S2140206B031FF17E0F823DBE74FF6FF7043F0010344
S2140206C0C1F88400C2F8843006220F4BC3F8842493
S2140206D0E3E743F00503C1F88450C2F884300423EC
S2140206E0C0F884340D4B4FF080420020DA6703B026
S2140206F0F0BDC1F88450C2F884300023F0E700BF92
S2140207001C590020E868002000C00350006000B8B2
S214020710002002B830590020005000B8001002B87D
S214020720F0B5294F06463D4604460FCE0FC5336840
S21402073085B02B6000F07CFC0022244BC3F8842496
S214020740A17A627A42EA0142C3F89024217CE27BD3
S21402075042EA0142C3F88C24217B627B41EA0240D2
S214020760C3F888043B78032B2AD8DFE803F022027A
S2140207700C178DF8041004218DF805200DEB0100EE
S2140207800022E8F781FEE37B00228DF80830237C06
S214020790042102A88DF80930E8F776FE637A012272
S2140207A08DF80C30A37A042103A88DF80D30E8F7F3
S2140207B06BFE074B187805B0BDE8F040FFF7FCBEAD
S2140207C0212005B0F0BD00BF1C59002000C0035018
S2140207D0E8680020034BDB6F002BBCBF024BC3F85C
S2140207E088007047000002B8004000B82DE9F047C4
S2140207F017F0C5F94FF47A762D4BB0FBF6F6186073
S2140208004FF4FA73734307462A48190E1B02181848
S214020810294A4FF0000341F10001FBF781FE274B06
S214020820A0F5807205461A6320B948222B21FDF7EF
S21402083053F801254FF47A724FF0000A6A43534682
S21402084050083102FBF76CFE1C4B1D4AB7F57A7F47
S2140208509A601C4B4FEA056819601B4B8946044692
S21402086018604FEA152505D29B222B215046FDF72C
S21402087033F801264FF47A73A8FB030103FB051134
S2140208807308C01841F1000100233246FBF748FE08
S2140208900E4B023419600E4B49F10009A408186089
S2140208A044EA8974054B013C9C63BDE8F08700BFAF
S2140208B03059002020A1070040420F0000C001B8B6
S2140208C002110100405900203C59002038590020EE
S2140208D0345900201022044BC3F884215A600122A6
S2140208E0024BDA60704700BF00E100E000C001B8CA
S2140208F01022064BC3F88421C3F88420BFF34F8F1F
S214020900BFF36F8F0422024BDA60704700E100E00B
S21402091000C001B810B50446A242A2EB0000A3EB49
S214020920010104D2034B01399B6B0133184401F0D9
S214020930030110BD00C001B838B501250A4B0201FB
S2140209409D504FF480730446084A834053661BF05A
S2140209509CFA074AA540137823EA05031370BDE8FC
S21402096038401BF08DBA00BF00E101B800E001B8C4
S214020970F16800202DE9F84F164605468A461F46BE
S2140209801BF083FA022E00F0908080461BF08AFA53
S214020990594B5A4AD3F82090147D5A6EE4B2520745
S2140209A044BFD3F82090013404F003041BF075FA18
S2140209B04846214600F036FA8446DAF80000012E50
S2140209C004BF01306044ACEB000C08BFCAF800005C
S2140209D0BCF1804F7DD300F037FA8145A1EB0401CC
S2140209E088BF454BDFF834C188BF01F1FF3101F003
S2140209F0030188BF9B6BA0EB090E0CF80510A1B192
S214020A00F90742BF41F61F723D4B5A67BA0742BF0B
S214020A103B4B3C4A5A677B0742BF0022364B9A67DB
S214020A203C0742BF0022344B9A6511244FF0010A5C
S214020A30314B05F11002120103EB051BCBF80C013A
S214020A4031499C501A6A0AFA05F4586E0B78A2EBE2
S214020A500902E4B2234372450B7025D34FF4807328
S214020A60AB40034220D11CF80520002A40D10EB329
S214020A70264AF807536607D541F61F7140F2011061
S214020A801F4B596750675967B90706D51C4B1D4A55
S214020A901E491F485A6748675A677A0742BF0122AB
S214020AA01C4B1A613B071AD440461BF0E9F9012099
S214020AB0BDE8F88F184A2D0142F805A042F89C3C82
S214020AC01BF0E3F910490B7823EA04030B701BF0C2
S214020AD0D7F940461BF0D4F90020BDE8F88F212054
S214020AE0FFF778FE4FF48032034B4046DA60DCE7CD
S214020AF0064A40465366D8E700C001B8A05900200F
S214020B0000E001B800001F1FF168002000D001B805
S214020B1000000101000002B800E101B8E968002007
S214020B20024B1878003818BF01207047F168002081
S214020B30034B10300001185800F00100704700BF48
S214020B4000C001B870B50646FEF74CFC044608B174
S214020B50FFF7CEFE0023084D3046AB61EB612B62F9
S214020B6000F072F9054BC9B2197528620CB1FFF78D
S214020B70B1FE002070BD00BF00C001B8A059002021
S214020B802DE9F0419DF818800D46B8F1000F08BF18
S214020B900022214EB5F5803FB168074621F4700168
S214020BA041F4A001B1609DF820409DF81C104FEA68
S214020BB0042444EA016444EA031444EA084444EA86
S214020BC002044FF0180140F2E9222CBF0020012057
S214020BD07465FCF781FE3564B8F1000F1AD00F4B2E
S214020BE0BC68D3F888305A2C38BF5A245B0606D520
S214020BF000F0F0FB18B10A4BB3FBF0F31C4420469E
S214020C0000F022F90130854238BF0022024B34BF81
S214020C105A645864BDE8F08100C001B800C000B84C
S214020C2000093D00214B10B51A6E1A66596C59B16F
S214020C301F49C96800292EDB596D4FF0FF3301F0BA
S214020C400F018B409A4326D110242020FFF7C2FDC5
S214020C50184B9C6002F088FB2022174BC3F88421B5
S214020C6001F0F4FC48B1002200200821FEF71CF82F
S214020C70124B5C66A3F580531C670D4AD36803F0DB
S214020C807063B3F1807FF9D9084B0D4A5A6741F277
S214020C9001429A6710BD01F0D9FC0028F4D0094B36
S214020CA0064A5366A2F580521367EDE700C001B804
S214020CB0000002B8001002B800E100E000E001B84F
S214020CC0011B01181000002008B52120FFF782FD45
S214020CD04FF48032014BDA6008BD00BF00C001B895
S214020CE0F8B5184D04462B6A1B0426D500F0E6FB21
S214020CF02B6AA0FB044613F0787F4FEA9367C3F390
S214020D004450C3F3044505D140F25A422B21FCF766
S214020D10E3FD0120AD01B5FBF0F010EB871005D125
S214020D2040F25F422B21FCF7D7FD0120024600234A
S214020D3020463146FBF7F4FBF8BD00F04BFBA0FB68
S214020D400401F9E700C000B80246012030B50B4C9A
S214020D50A0F12003C0F1200524FA05F504FA03F3F6
S214020D602B4304FA00F595428B4100D330BD0F2881
S214020D7001D00130ECE7FF20F8E700BF40420F0049
S214020D8010B50C46FFF7ACFFC30943EA4163C01A2D
S214020D9061EBD111FFF7D8FFFF2814D00F220C4BBE
S214020DA040F01000C3F88820A3F58053C3F88800EB
S214020DB0A3F580531B6ADBB2802B06D02046BDE823
S214020DC0104000F067BB212010BD0220FCE700BFE8
S214020DD000E000B838B51BF065F8084B084A1D6AF3
S214020DE0147D5A6EE4B2520744BF1D6A01341BF0EA
S214020DF054F8284604F0030138BD00BF00C001B80D
S214020E00A05900200346064A103302EB00111B01CC
S214020E10D1F80C01D158C1F3400116F057BE00BFFD
S214020E2000C001B8064B1B68434303EB8171054BB8
S214020E301B68A3FB003013F1004341EB0000704730
S214020E4038590020345900200C4A20F0404301460D
S214020E5010B5002014684FF00042E4FB0320084A55
S214020E60890F126802FB0300064B9B6B984204D95B
S214020E7001330131C01A01F0030110BD3C590020B4
S214020E804059002000C001B8044B01F0F071103048
S214020E9041F0030100011950704700BF00C001B8BD
S214020EA008B52220FFF796FC4FF48022014BDA6049
S214020EB008BD00BF00C001B808B5064B4FF0304071
S214020EC01A6805499200FCF727F8BDE8084001F0C9
S214020ED0E3B800BF149004001890040070B50C68C4
S214020EE0651C15D0C4F302669E42C4F3074530D192
S214020EF0A4B294422DD804EB8506B24229D2141B22
S214020F00A50824F003040E59340F04D0012C08D08F
S214020F100022212402E06B1C51F82320C0E90024A1
S214020F2070BD0E4C34F8133042EA03431A686B1C49
S214020F3051F8234001EB83014B6822405E4036F0B5
S214020F40704404D11B0F032B04BF8B681A43002482
S214020F50E4E7013501EB8501C1E700BFEC8F040031
S214020F6007B501A8EBF7D0F84822164B5A65164A81
S214020F70D2F8D43023F4FC33C2F8D430134B1B68B7
S214020F809DF80530023B012B19D84022104BC3F8BE
S214020F90FC23104BD3F85C32DBB2FF2B00D10623C6
S214020FA0094A1B03D2F8FC139BB20B43C2F8FC336C
S214020FB0D2F83021084B1A6003B05DF804FB00F04B
S214020FC0E7FEECE7008001B8000002B8002000B09F
S214020FD0001002B80080E00FD458002000224FF420
S214020FE000710F4B10B51A675A679A670D4AD1629D
S214020FF0012102F5E8325161DA6812F0706FFBD116
S2140210004FF0304201245A6602F5FC5208329C66C2
S214021010DA64054B1B689847044B5C6110BD00BF41
S214021020000002B8004000B864700020002002B839
S21402103001230F4A0F49C2F880328A6A22F002025E
S2140210408A620D4A53600D4A53600D4A5360A2F5F8
S21402105080425360A2F54042536002F5C0325360AC
S21402106002F580425360A2F500425360704700BF0B
S2140210700080005000C0005000D000B8005000545D
S214021080005001B808B5FFF7D3FF0E4B0E4ADA67D9
S21402109000F076FEFFF764FF03220C4BC3F8E02055
S2140210A0012203F54043DA674FF460725A614FF447
S2140210B00072DA67FEF778FBBDE808400021FEF70B
S2140210C04FBB00BF000002B80048F000005001B855
S2140210D02DE9F04F054687B002900F4657F8044BAD
S2140210E0631C06D1029B2C60E81A801007B0BDE88C
S2140210F0F08F5FEA147B18BF0123344AC4F3016100
S21402110008BFC4F3074332F81120A4B24FEAC30A59
S2140211102F4844EA02440AF104022A4482421BD2BD
S2140211200722CA4002F0010201929A0004EB8303EE
S21402113003930123B94603FA0BF808F0940305F16A
S214021140080604920593039B09F10409A34208D1F9
S214021150049955443944C0E71D4A9542E0D8002018
S214021160C4E7059B53B918F0420F19D118F0280F9F
S2140211700BD146F8084C59F8042C21E04FF42062B3
S21402118032210020FCF7A8FBF3E740F604223221C6
S2140211900198FCF7A1FB04F5805246F8082CEAE712
S2140211A040F60D2232210198FCF796FB04F5005218
S2140211B0BBF1010F46F8082CDDD159F8042CD243B6
S2140211C046F8042C04340836BDE700BFEC8F040052
S2140211D0003000B0F8B50546F0B10026154B34468F
S2140211E01F46154953F8042BBAB9A00000F1304047
S2140211F0294600F50150FFF76BFF30B940F6AE32D4
S2140212003621BDE8F840FCF767BB0C4B01340444BA
S21402121047F8265023F81640F8BDAA42FCD00136FD
S2140212200C2E02D031F81640DCE740F6C8323621E2
S2140212300020E6E7445900201661002018610020CD
S21402124070B50446A8B1C1B1384A52F8043B984278
S21402125015D1002336498A689206FCD49B00354A8B
S21402126003F1304303F50153C2F8B0302022324B6B
S2140212709A6070BD01330C2B02D1304D12E001236F
S21402128052F8041BA142F5D12D4A32F81330E1E799
S21402129004D16268C3E90012083403E0012A01D1CE
S2140212A0043419602268531CE3D0C2F3016335F894
S2140212B01300110C93B211F0FE0F43EA004360686C
S2140212C00DD00434CAB2022A2168E1D9D4E90160F9
S2140212D0033AC3E9001698600C340C33F3E7120F96
S2140212E0072AD9D8DFE802F00704090D1013181DE3
S2140212F0C04303F500531860CEE71A6842401A60EE
S214021300CAE703F58053F6E716F0D5FBC4E70122D9
S21402131003F580538240F2E7012203F50053824030
S214021320EDE71A6830EA0202FBD1B5E7445900201D
S214021330000002B8001E00B0001002B8EC8F0400D5
S214021340166100200122014BDA677047001002B8CE
S2140213500122014BDA677047002002B84022014B97
S214021360DA677047002002B84022014BDA677047FE
S214021370001002B80B4B1B68D3F8E43023B11A688E
S214021380022A01D9186A7047074B9A6D90B238B193
S214021390064BC2F307421B68DB085343B3FBF0F06D
S2140213A0704700BFBC590020004001B830590020E9
S2140213B0064BDB68C3F30363984206D1044AD36B39
S2140213C023F0F00343EA0111D1637047000002B82C
S2140213D0001F00B0054B1B68D3F8E43013B11A683F
S2140213E00A2A01D8FFF7C6BF186C7047BC590020FE
S2140213F02DE9F743064616F057FB00248046DFF831
S21402140090901AF042FD0DF1070105460DF1060017
S214021410FEF75AF89DF806308BB9721C29D016F0E2
S21402142043FBA0EB080428461AF02AFD9DF8063076
S21402143013B99DF807303BB3A642E2D824E0D9F8A8
S2140214400C3013F4603FE8D0D9F8100016F099FB80
S214021450731C074603D016F027FBA0EB08042846A9
S2140214601AF00EFD17F5007FE0D0384603B0BDE84F
S214021470F08328461AF004FD9DF80630002BC0D1F2
S2140214809DF80730002BBCD1004FEEE700FEFFFFB1
S21402149000C000B810F1800F04D04D28CEBF7F20C8
S2140214A0323040B2FF22044BC0B21A62A3F5805318
S2140214B018620020704700BF00E000B80B4A10B563
S2140214C0136E0B4C116E03F00703E35CC1F3CD0100
S2140214D001FB0333126E0748C2F3454202FB033395
S2140214E000688001B0FBF3F010BD00BF004001B8F9
S2140214F0E48F040030590020084910B5D1F89C301A
S21402150040B11C46CA68D1F89C309C42F9D1C2F35D
S2140215100362027003F00F0010BD00BF000002B8A5
S214021520094B01F080011B6F03F480030B4309D1C2
S2140215304FF40012054B1A62837F1BB10122044B43
S214021540C3F80021704700BF000002B8006001B86F
S214021550005001B82DE9F04F404F804685B03868FC
S2140215600C4615F0A8FF20B90024204605B0BDE8B9
S214021570F08F224600214046FBF73EFB384B5D6962
S21402158015F00105F0D1FCF701F806460028EBD06D
S2140215903F68384615F0C7FE4FF6FF73984234D0C0
S2140215A04FF060512F4E304B304AD3F82090D6F889
S2140215B08C3011624FF00061A2F580521162242233
S2140215C00421C6F88C202A4A4FF4804B91604FF4CF
S2140215D080520027DFF8A4A0CAF868B0F262A742D9
S2140215E01ED30421234A9160A2F5F032C2F88C3051
S2140215F04FF060521D4B1A6209EA02031E4A13623A
S2140216004FF480421D4B9A66AFE73146384615F0D6
S2140216102EFE01463846FCF7FDF80028C0D0A3E7A8
S214021620B26E5104FCD5B268D205F9D5CAF868B0D4
S214021630D6F890200135012D0392D0D9E21B042A58
S214021640A8BF042208EB070003A901930092FBF748
S21402165063FC009A019B3A4497B2C0E7BC5900204B
S214021660000002B8004000B8004001B8006001B8AF
S214021670001002B8002002B8005001B8006000B89E
S2140216804FF604014FF60502044B01201B6C9BB279
S2140216908B4208BF1346024A136670470080E00F6B
S2140216A000C001B82DE9F74F81460F464FF0FF35CF
S2140216B0FFF790FB002601908A462C463046DFF85C
S2140216C0D8B006F110031B015BF8033003F00308E1
S2140216D0B8F1010F15D13046FFF794FB02460B46D0
S2140216E001985146FFF716F9DBF8643006F1080256
S2140216F0D340DB0739D5002F40D000252C463E606C
S21402170040460136082EDCD160B3234A0027D2F8C1
S21402171008C0916B0CF440330131A4FB01416419FB
S21402172041F10001B3F5003F30D1536B0CF4405C3D
S214021730013347F10006BCF5805F22D1156B15F523
S214021740807505FB06F647F1000203FB0266A5FB61
S21402175003323244594304FB0212A3FB04341444FA
S214021760C9E9003403B0BDE8F08FA84271EB040368
S214021770C6D207B13E6005460C46C1E73D463C462A
S214021780BEE7320242EA13621B02E3E7136B13F56B
S214021790807347F10002DDE700C001B808B516F015
S2140217A004FA044B5A7C012302329340024A5361E4
S2140217B008BD00BFA0590020002000582DE9F341C3
S2140217C005460F4668461146FFF76CFF0646B0B15F
S2140217D0AFB1DDE900321B0A43EA0263A5FB0384CC
S2140217E0094B120A05FB02441A6812B916F0C7F929
S2140217F00246002340462146FAF792FE38603046FB
S21402180002B0BDE8F08100BF3059002037B504466B
S214021810FFF70EFCE17822791B4841EA0243C0F842
S214021820CC34E579A37943EA0543C0F8D03423786B
S2140218304BB18DF8041004218DF805200DEB010044
S2140218400022E7F721FE63785BB10421A379002228
S2140218508DF80430E3790DEB01008DF80530E7F7DB
S21402186013FE227801235AB1084AC2F8C8346278B5
S21402187002233AB1054A0020C2F8C83403B030BD8C
S214021880034AF2E7024AF6E700C0035000D00350CC
S21402189000E0035070B52C4B0C461A7812B92B4A4E
S2140218A0926D1A702A4AD26F52054AD51D78294B74
S2140218B005F00F06B0FBF3F040434FEA151505D1CD
S2140218C040F27C622B21FCF707F80120224A0A210B
S2140218D07243B2FBF0F34843B3FBF1F602EB50025D
S2140218E0B2FBF0F201FB1633042BD2B207D8C3EBDD
S2140218F08310C3EB80035BB283B96DB217E0C3F10A
S2140219000B0303EB8303DBB2B3FBF1F32B44DDB231
S2140219100F2DF2D9013AD2B2053DEEE7053B5BB296
S21402192093FBF1F31D44EBB26DB2002D04DB0020F5
S21402193042EA0512226070BD01320533D2B25DB2B0
S214021940F5E70220F7E700BFF2680020008001B842
S214021950000002B8403B2500809698004FF0000C2D
S2140219602DE9F84FA2FB017BC84EDFF85CE3BE19F7
S21402197099466BF10003B6457CEB030308D240F2AE
S2140219803E220E216046FBF7A7FF0220BDE8F88F35
S214021990D0F8E4A00C461546BAF1000F04D0DAF8E7
S2140219A00030032B00F21B81B94BBA4A9B6BD2F86C
S2140219B0FCA0C3F31408B84BD3F8EC305E00B64B69
S2140219C048BF48F400181B6E48EA456858074EBFE1
S2140219D04FF440039B0503F0E07348EA030818F04F
S2140219E0D3FB012D0646D0D10028CED0AB4B984271
S2140219F000F0048103F5122303F5F863984200F021
S214021A000381A74B984200F02F81002502462B4601
S214021A1000204FF00071FAF783FD2B46013007FBDA
S214021A2003F3C8F3130100FB0B33A1FB0662A7FB0B
S214021A30007001FB0522034420339B09C9F80030DD
S214021A40F60C984B46EA423618F4801F1C6008BF14
S214021A507642954B954DC9F8144034441E602C606E
S214021A60BAF1000F00F0B98000239149C8F3815201
S214021A708A5C194618F0807F18BF6408002EB8BF2B
S214021A80764292066008C2FB06012246FAF748FD35
S214021A90DAF800300E2B08D97F4B7D4A926BD96953
S214021AA0D3F80C31C90600F1D68018F4001814BF1A
S214021AB0C42240F207127F49C0F31300A1FB04615F
S214021AC04FEA511102FB01F1C9F80400DAF81800D6
S214021AD04FF4FA73B1FBF0F118BF4FF0000801FBA8
S214021AE003F3A4FB0262FA33A3FB003004FB0822D2
S214021AF0B342904138BF0131C9B241F4006CC9F813
S214021B0008C000297ED0DAF81C00A1FB003624B1FA
S214021B10B4FA84F20E2A40F38880E203002E77D1CC
S214021B20B2FBF3F2530003FB0113A3FB00764FEA6A
S214021B30044EBE454FEA144474EB060609D34E0023
S214021B403344A0FB0371BE4574EB010102F10102AE
S214021B50F6D2C2F30E024CEA023C4CF00063C9F81D
S214021B60083018F011FB2B68002B00F08880B3FABF
S214021B7083F4D4F102044CBF1C4623FA04F44E4B01
S214021B809C4288BF6408002846D0B4FBF0F3642168
S214021B9000FB134201FB02F2904244D85A1E52083E
S214021BA05B08013B120242EA0313C9F80C3018F034
S214021BB0B7FA00285CD0B4FBF0F2642100FB1244B2
S214021BC001FB04F4A0425ED8531E5B085208013A99
S214021BD01B0243EA0213C9F810300020D6E6042B93
S214021BE0DAF828807FF4FBAE18F0807F0CBF08F08E
S214021BF0E0734FF4400328F0E078EEE600232F4827
S214021C001D460CE72120C1E600232D481D4606E7A7
S214021C100B46002289E7044640F2C2422B210020EE
S214021C20FBF75AFE2346013BB8E7C2F10F0702F163
S214021C30110E06FA0EFEFB4043EA0E03A7F1200E33
S214021C4026FA0EFE43EA0E03FE40013304FA02F2BF
S214021C5046F1000662E702F4801203F400131A4308
S214021C6008BFC0F5801020E7002316481D46D6E6BA
S214021C7040F2E5422B21FBF72FFE621EA4E7002866
S214021C80C9D01C46CFE71446F7E700BF006CCA88E7
S214021C90008001B8001F00B0004001B800F0490201
S214021CA0005A62027C59002078590020745900209C
S214021CB0FC8F0400D34D62103FBE40250A3BB2DFC4
S214021CC0313641DCD694BFD6807C814A10B50B46AD
S214021CD0044686B039B98279016821486B460068A5
S214021CE0FFF73CFE6B461F4A196851631E4AD2F83C
S214021CF0FC2062B35A6842B11C4A1D49C2F80C1154
S214021D005968A2F58052C2F80C119A6842B1174A75
S214021D101849C2F8EC109968A2F58052C2F8EC1085
S214021D201549D868D1F8642122F4EE620243C1F85C
S214021D306421D1F85C21186922F4EE620243C1F8EC
S214021D405C21A1F5FF4158692839FFF7A3FD002061
S214021D50A2880A4B9A6203F5A033186406B010BD37
S214021D60BC590020008001B8001F00B0006001B816
S214021D70FFFF0F00FFF8FF0F000002B8004000B898
S214021D804FF48062014BDA67704700BF001002B85A
S214021D904FF48062034BDA67034B1B780BB1034A9E
S214021DA093657047002002B8F2680020008001B8F0
S214021DB040B10368012B05D90069034B002808BF10
S214021DC018467047004870470490040010B590B15A
S214021DD00468012C0FD902696AB11168094B102CEC
S214021DE0196051685960916888BFD268996094BF3B
S214021DF0D960DA6010BD102200210248FAF7FCFE14
S214021E00F8E700BF84590020084BC1171A68A2FBE6
S214021E10000302FB013310F1807043F10003400E11
S214021E2040EAC310803820EAE070704794590020D8
S214021E300722164B70B5DA66154B164A1D68164B06
S214021E40EC08E005C0184FEA153141F10001002305
S214021E50FAF766FB114B124E18604EF66020FFF73B
S214021E60D3FF4042C6F884000E48FEF7EDFF024656
S214021E7058B1E301500818184FEA15714FF00003E5
S214021E8041F10001FAF74CFBF06570BD000002B8A4
S214021E903059002065CD1D00B2E60E009459002090
S214021EA0001F00B040420F0010B5044698B10B4B1D
S214021EB0D3F8FC00FFF78AFF4FF47A7303FB04F0B3
S214021EC0074BA0F6AC50DA689B681044C01ABDE80F
S214021ED01040FFF799BF4EF66020F8E7001F00B0EB
S214021EE0845900202DE9F8430546084614461E4646
S214021EF0FFF76CFF0DB306F0020716F004061ED1BC
S214021F00DFB14FF47A706B685843002B40F08C8038
S214021F10FFF77AFF60626B69002B00F08C804B4AF9
S214021F20D0684FF47A7202FB0300A0F50350103813
S214021F30FFF76AFF2062002E57D1BDE8F8832869B2
S214021F40002868D04FF47A735843404BA0F6AC5042
S214021F509B68C01AFFF758FFE061A88B00285DD087
S214021F604FF47A735843394BA0F6AC509B68C01AAC
S214021F70FFF74AFF2061364BE968D3F80080002954
S214021F804FD04FF47A735943304BA1F6AC519A684E
S214021F905B68891AC91A2F4BC8171A68DFF8BC90F3
S214021FA0A2FB011302FB003311F1807143F100031F
S214021FB0490E41EAC3118039274B6161DB6EA3618A
S214021FC0D9F8003053B1404615F06FFC30B12246C6
S214021FD0D9F800301D49D8F8D80098470021A869DA
S214021FE0FFF762FFA062002F8BD1A86830BB47F2D2
S214021FF03050FFF709FFA0604FF47A702B68584301
S2140220002BB1124B1B6803F51C5310331844FFF711
S214022010FBFEE06091E74EF660209BE74EF66020FE
S214022020A6E74EF66021B6E7084B1B6803F51C537D
S214022030103318446CE747F2305079E74FF47A735E
S2140220405843A0F503501038D3E700BF8459002048
S214022050BC59002094590020001F00B0805900206F
S21402206038B5054608461C4615F041FD0246D5F829
S214022070E400FFF79DFE4368A018002B044AA8BFA1
S2140220804FF4FA721A44034B92FBF3F2104438BD33
S2140220900CFEFFFF18FCFFFF70B5124C88B001ADB6
S2140220A00FCC0FC594E8070085E807008C220021B4
S2140220B00D48FAF7A1FDD42200210C48FAF79CFD40
S2140220C00B4B0C4A5A6301F04DFA0B4B1B783BB193
S2140220D0044E01AD0FCD0FC695E8070084E8070051
S2140220E008B070BDC41F00B0A01E00B02C1F00B008
S2140220F0001F00B010111111E568002008B519F094
S214022100C4FE0E4B1A78A2B90D4A126812F4843F26
S2140221100FD10C4A1021D1671B7863B9084B1B6894
S214022120DB0508D4074B2022DA67BDE8084019F021
S214022130A7BE054AEEE7044BF5E700BFF8680020A5
S214022140A0150020002002B8001002B80A4B197829
S21402215001F0FF0229B10021197008499202C1F864
S214022160B420597801F0FF0229B100215970930278
S214022170024AC2F8B8307047F3680020005000B830
S214022180064BD3F8D80E064B5B6F1A0103D4054BE9
S2140221909B6E1B0401D500F580707047001000B0DE
S2140221A0000002B8004000B810B519F06EFE0E210D
S2140221B004460320FFF7FCF840F20122034B2046B8
S2140221C0BDE81040DA6219F05BBE00BF004000B8FE
S2140221D008B519F05AFE4FF00042224BC3F8802091
S2140221E0BFF34F8FBFF36F8F0122C3F88420BFF374
S2140221F04F8FBFF36F8F0222C3F88420BFF34F8F37
S214022200BFF36F8F0422C3F88420BFF34F8FBFF350
S2140222106F8F0822C3F88420BFF34F8FBFF36F8FF0
S2140222201022C3F88420BFF34F8FBFF36F8F202294
S214022230C3F88420BFF34F8FBFF36F8F4022C3F8DB
S2140222408420BFF34F8FBFF36F8F4FF48072C3F8B3
S2140222508420BFF34F8FBFF36F8FBDE8084019F09D
S2140222600FBE00BF00E100E008B519F00EFE4FF009
S2140222700042094B1A6001225A6004225A60082260
S2140222805A6010225A6020225A6040225A60BDE8E4
S214022290084019F0F5BD00BF00E100E0012370B56B
S2140222A0074C2370074B1E68074B3240D3E9005396
S2140222B019402840FCF7F8FC0023237070BD00BFCD
S2140222C0F66800209C590020A01500200022044B2E
S2140222D01A70044B197811B11A70FFF70FBF7047C6
S2140222E0F7680020F86800202DE9F047DDF820A006
S2140222F003EA0108099B06460C4602EA000703EABF
S2140223000A09BAF1000F40F04E81031F0B4300F09A
S2140223100E81052871F1000380F0E48050EA010383
S21402232000F06081431E0B4300F02481FFF750FF4C
S214022330AD4AD2E9005323EA040325EA06053D43E3
S21402234043EA0807A94BC2E900571E68DFF8F48281
S21402235026EA0A0646EA09061E60FFF7CFFE15F0D1
S2140223602A4F14BF48F202034FF40043A04AB007B4
S214022370D26EA04848BF43F4005383EA020122EA21
S2140223800302C2669C4A0B408166D366C5F380424E
S2140223901203290348BF42F48072EB0648BF42F498
S2140223A00052964BAC0648BF42F400726806D3F859
S2140223B00C3248BF42F48062290648BF42F40062EB
S2140223C08F4882EA030123EA0203C0F80C328D4BDF
S2140223D00A40C7F34024A404C0F80812C3F80C222B
S2140223E0EA0448BF44F48034AB0348BF44F4801484
S2140223F0A80748BF44F4800415F4001F06D0D8F896
S214022400000015F0A8FC08B944F40024E90248BF0D
S21402241044F40034FA0648BF44F4000473077A4BC7
S21402242048BF44F004041A6A44F4001484EA02031F
S21402243023F0010375491A400A621C40CB61744BB3
S21402244016F0010F1C62734B734A18BF1A46734B81
S2140224507C071B6F48BF42F00062714882EA0301A4
S21402246023EA020303676F4B0A4041661A676E4A05
S21402247005F00103516CA0F5803081EA030221EADF
S2140224800301416482631A40684B28025A64D8F8F2
S214022490002048BF664B92F8F62058BF654B690786
S2140224A048BF43F4806322B115F4C06F18BF43F4EB
S2140224B080733207604A48BF43F00043D2F8EC10FC
S2140224C05E4883EA010222F4A0221140C0F8EC1012
S2140224D01340C0F8E0205A4ABDE8F047C2F8EC3094
S2140224E0FFF7C2BEA0F580630B4306D020F48063DC
S2140224F0A3F500730B437FF419AF19F0C6FC3A49F3
S214022500D1E9003223EA060322EA040242EA08027A
S2140225103B43C1E900324B4A126892F8F610474A2A
S21402252009B313F4C06F1ED04FF4807311E019F094
S214022530ACFC2D4AD2E9003123F004033B4341EAC6
S214022540080157EA0807C2E900314FF480633B4AA4
S2140225500BD0C2F8E030A2F58052C2F8EC30BDE8EB
S214022560F04719F08DBC4FF48073C2F8EC30C2F815
S214022570E030F4E719F089FC1B4AD2E9003123F077
S21402258001033B4341EA0801C2E9003101232E4A16
S21402259057EA08071BBF9363A2F58052536453643D
S2140225A008BF9363DBE750EA01037FF4BFAEBAF1DC
S2140225B0010F7FF4BBAE19F068FC0C4A136823F0D7
S2140225C0010343EA090313604FF48063144AB9F126
S2140225D0000F04D05366A2F580521367BFE7136755
S2140225E05366BCE7BDE8F087A01500209C59002082
S2140225F0004000B8006000B8005000B8004001B8C3
S214022600006001B8005001B8000002B8002002B80D
S214022610001002B8041C00030418000300C001B82E
S21402262000E001B800D001B800C000B800D000B881
S2140226300D0A0A09090A0A090040005400600054FB
S21402264000500054BC59002000E000B8024B586805
S214022650C0F3C000704700BFA0150020024B1868E8
S21402266000F00100704700BFA0150020024B58681A
S214022670C0F3C030704700BFA015002010B5044656
S214022680FEF700FDFFF7A4FD2046FDF7BDF8FEF7B6
S214022690A5FCFEF7ABF8FEF71DF9FFF7C9FB1349D9
S2140226A00723134AD1F8FC1004F1F800FFF71AFCCE
S2140226B04FF080710020FEF7E7FB4FF000720D4BE3
S2140226C04FF400110120C3F80021FEF7DDFBFEF7F0
S2140226D0D7FF20B940F292321421FBF7FDF815F02D
S2140226E06DFABDE810400120FDF766BF001F00B07E
S2140226F0581F00B000D001B88023074A136708238A
S21402270040B11367054AD2F8A03023F02003C2F87E
S214022710A0307047024AF4E7001002B8001E00B06C
S214022720002002B810B519F0B0FB012104460020C3
S214022730FFF7E2FF044B1961044B5B68984720469B
S214022740BDE8104019F09CBB000002B85070002093
S214022750F8B5194C0546207840F2E442B0FA80F00B
S2140227603E214009FBF7B8F855B9607840F2E442DA
S214022770BDE8F840B0FA80F03E214009FBF7ACB85D
S2140227804FF440660D4F0E4DD7F8B43040F2E44297
S214022790C3F381232370C5F8B46060783E21B0FA93
S2140227A080F04009FBF798F8D7F8B830C3F38123D6
S2140227B06370C5F8B860F8BDF3680020004000B842
S2140227C0006000B8F8B5084C084D236F0423084F84
S2140227D02B67236F5B0300D4F8BD042602203E67F6
S2140227E015F069F92E67F4E7000002B8001002B887
S2140227F0002002B8A82238B51A4B1D6F03F5005305
S2140228001A6710229A60A3F5804302F100521A67F3
S2140228105A66FFF79BFC144B1B7813B90320FEF78E
S2140228208BF80024114B9C67FFF7CCFF104A114B24
S214022830D2F8D81E0B40C2F8D83E04220E4B1A67B6
S2140228400E4BAA06C3F8AC4008D503F58073DB6CC2
S214022850B3F5817F22BF8022024B1A61BDE8384061
S214022860FCF7C2BB000002B8F568002000C001B841
S214022870001000B0DF0000FF002002B8001E00B00B
S21402288010B549B930B3164AD3681B0E13F00E0FB3
S21402289020D193689A061DD4FFF786FC104C0020C0
S2140228A0FEF72AFE032801D0092805D1636FDB0351
S2140228B0F5D4E36D0C2BF2D9FFF784FF4FF40072C8
S2140228C0084BDA62012203F5E8335A61042203F563
S2140228D080531A674FF4C062034BDA6210BD00BF22
S2140228E0000002B8004000B8006001B808B5032135
S2140228F00920FEF75DFD2022014B1A6108BD00BFCC
S214022900000002B838B5054619F0BFFA0E4B044669
S2140229101868FDF745F835B1FFF7D8FC2046BDE844
S214022920384019F0ADBA094B1B78002BF6D0084B8D
S2140229301D78002DF2D1FFF7C9FC2A464FF48040DD
S2140229400021FFF7ABFCE9E7BC590020F76800203E
S214022950F66800202DE9F84F5C4B06460D461446F5
S2140229601B6F002A40F0AE8013F0A00F14BF4FF08A
S21402297001094FF00009FCF737FBA0234FF0000ACD
S214022980DFF868810320C8F87030FDF7D5FF042011
S214022990FDF7D2FF4E4FFFF799FC4E4B4FF0040B5C
S2140229A07B67C7F878A0FFF70DFF4B4B4FF480719B
S2140229B0D3F8A020494842F02002C3F8A020FF2204
S2140229C0C8F80820414A1161D0F8D82E444911406F
S2140229D0C0F8D81EC8F870B0C3F8ACA07B6913F074
S2140229E0060F04D0FEF75CFA5846FDF7A5FFB9F1CC
S2140229F0000F08D04FF400623A4B1A674FF40042B9
S214022A00A3F5E0339A6666B1374BDB6C180701D440
S214022A10FFF7CAFBFFF76AFF0420FDF78DFFFFF7FB
S214022A2095FB2A4B5A69D10747D5DA6812F0706FC0
S214022A30FBD12E4B2E4A1A672E4AD36B23F0F00395
S214022A40D36315B12046FFF75DFF2B4BD3F84C310D
S214022A505A1C01D05B0002D50122244B5A6164B392
S214022A60214BDA6E03F500539A6603F5D0331B6AE0
S214022A701E4A23F00103D361204BD3F80C1203F550
S214022A800053C3F8081203F50053D3F8841003F575
S214022A90005399671A4BD3F8EC1003F50053C3F8AA
S214022AA0E010184B596C03F500539963164903F569
S214022AB0803359664FF6084313670020BDE8F84F87
S214022AC0FCF736BD4FF0000955E700BF000002B81C
S214022AD000C001B800000101001E00B0001000B0E6
S214022AE0DF0000FF001002B8004000B8002002B865
S214022AF010003000001F00B00080E00F004001B858
S214022B000040005400C000B85000002F9B4B2DE937
S214022B10F04F9F6EDB6E85B01F40994B9F66994BB8
S214022B20D3F8E050D3F8EC301D40974BC3F8E05092
S214022B30964BD3F80822D3F80C3202EA0309944BD8
S214022B40C3F8089203F52043DA691B6A02EA03080F
S214022B50904B08F47702DA618F4BD3F80422D20640
S214022B6005D4D3F80431C3F30016DB0651D519F0A9
S214022B708CF98A4B5A695E6E1B6F12F0060F06EAD4
S214022B800306874A26F0007314BF4FF0010A4FF07F
S214022B90000A23F400637407536604D5814A137D42
S214022BA00133DBB2137519F06BF9002F00F0E280E7
S214022BB017F4004300F0D38019F067F90146FFF7D7
S214022BC0DFFA0446784BD3F800B0DBF80020DBF8D7
S214022BD000309A42FBD0DBF800209A42FBD0FFF787
S214022BE0CFFAA04217D1084619F04AF96F4B1C607B
S214022BF06F4BD3F870B01BF4E0520ED124F07F4432
S214022C0024F0DF040CB9FFF7F5FD4FF0807B0024BB
S214022C1014E0B246C9E70446D7E70192FFF7EAFD99
S214022C205C4B019A1BF480541A6740F09A801BF49E
S214022C30806F0CBF4FF0805B4FF0806BB80715D5E6
S214022C405B4A5448126F02F460410167002900F0A3
S214022C508B80110400F18B8012F4005F0CBF4FF0E2
S214022C6000524FF0006200244BEA020BC7F34037D3
S214022C707F00504A2A40002A4AD015F4206F0AD014
S214022C8040F6A31206210020FAF726FE0020FFF7E0
S214022C9039FE25F48025EB0506D5FF213D4A4BF487
S214022CA0C06B9160FFF780FA15F0090F0AD040F664
S214022CB0B81208210020FAF70FFEFFF717FE0121CF
S214022CC0304A116315F0106F0CD040F6C11209217C
S214022CD00020FAF701FEFFF709FE00221146104611
S214022CE0FCF736FE15F4202F0AD040F6C91207214B
S214022CF00020FAF7F1FD0020FFF704FE25F48025F8
S214022D00E80301D5FCF768FF002DB8BF47F00807B7
S214022D1069070DD51B4AD26A12F4005F4FF40052BF
S214022D2017BF19492449CA624BF4000B08BFCA628E
S214022D306A0548BF4BF0040B15F48023019300F09C
S214022D40A480FCF701FF0138062837D8DFE810F028
S214022D5028012B0128012E013101340134019B4642
S214022D6055E74FF0804B52E74FF000727BE74FF08B
S214022D70004278E7BB463C467BE700BF004000B80F
S214022D80006000B80040005400600054004001B8E3
S214022D90006001B8002002B800E100E000C001B8FF
S214022DA000E001B8A0590020988F0400985900202E
S214022DB0000002B8090B0B890050005440F6FA12C4
S214022DC003210020FAF788FD01218548826ED0F89B
S214022DD0883002F00702063201FA02F2C3F30C0C44
S214022DE0A2EB0C0292B2072A12D97E4A126F530243
S214022DF00ED47D4B826B806D5B6D5BB102F0070279
S214022E0006329140C0F30C00091A89B2072901D88C
S214022E104BF4007B754A1278002A36D0704AD2F8F4
S214022E20E02012F4A02F30D1714A724912789AB972
S214022E30F20411D40A787AB14FEADB026E4842EA0B
S214022E40447282F00102D0F8D80E02F0010252005B
S214022E5020FA02F2930718D10420FDF76DFD674AA7
S214022E6067485067FFF732FA62490A784AB9654AF4
S214022E70127832B1644A654912680BEA02020A42C3
S214022E8001D14BF4804B26F48056B9F1000F1DD0C9
S214022E9019F4805F18BF4BF4802B19F4807F18BF9B
S214022EA04BF4002B19F4005F18BF4BF0100B19F40B
S214022EB0007F18BF4BF0200B19F4806F18BF4BF041
S214022EC0400B19F4006F18BF4BF0800BB8F1000FDF
S214022ED048D018F4001F0AD04D4A13683BB1414A45
S214022EE04C48116F00680022C1F3C061984718F47D
S214022EF0802F18BF44F4007418F4803F18BF4BF4B8
S214022F00805B18F4801F18BF4BF4003B18F4800F48
S214022F1018BF4BF0020B18F4003F18BF4BF4801B8F
S214022F2018F4000F18BF44F0100418F4002F19D03C
S214022F30394AD2F8A02012F0C00F13D02949CA6825
S214022F40C2F30362032A01D0072A05D14A6FD006CC
S214022F5002D48A6F120732D54FF400212F4A28F482
S214022F600028D161002E00F01B81330540F18F80CE
S214022F702B48DFF88890C2782A49002A58D04FF4A6
S214022F800063013AD2B24B66C27032B9264A127850
S214022F90C2B140F60141254A51670022002173E082
S214022FA04BF4803B10E74BF4006B0DE74BF4806B61
S214022FB00AE74BF4807B07E74BF0080B04E74BF479
S214022FC0001BCFE7D9F8782012F4A05F15BF4FF4A4
S214022FD0807240F60142C9F85820C9F87820DCE72A
S214022FE000400054000002B8004000B8F868002014
S214022FF0F7680020FA680020001000B000C001B890
S21402300000000101F9680020A0150020088D0100CB
S214023010D0580020BC590020001E00B0002002B884
S214023020E968002000E001B8F568002000D001B889
S2140230300320FDF781FCD9F81420A84B12F0060FE6
S21402304004BF41F61F72A649A64808BF4A674FF456
S2140230500061A34A5166D9F8142012F0060208BF8E
S214023060C9F878205A8A12F4006162D022F400620B
S2140230705A82027802F0FF09002A5ED1FDF710FF9D
S214023080FFF7B8FB4A4620214BEA020B0C43B0007E
S21402309009D52E20FDF79EFB4FF00051904A44F0D2
S2140230A0080411675166F10606D52B20FDF792FB40
S2140230B010218B4A1167516616F0306F05D1F20463
S2140230C063D5BAF1000F00F0C080330117D529206E
S2140230D0FDF780FB844A526C12B11021834A91603C
S2140230E0FFF7B4FA48B1824A82487D494A660267C7
S2140230F000F54050C068400422D444F0040416F0A0
S214023100007A28D00420FDF717FC2720FDF762FB83
S214023110FFF770FB4FF00071714A5166764AD2F89B
S214023120D82E520679D40221704A916044F00204E5
S21402313028E002784FF40052A6E74FF400422DE74B
S2140231400A6720204A66FDF745FB2D2044F00C0452
S214023150FDF740FBD3E716F0807FDFF88C9147D06F
S2140231600420FDF7E9FB2820FDF734FBD9F8782088
S214023170002A3AD1FFF73EFB594A5D4944F0010462
S214023180116751660021584A9165720508D55B4958
S2140231908A78002A00F0D880013A8A700022174303
S2140231A0574AD2F8A020130603D558462146FCF704
S2140231B0C7F93A4658462146FFF770F8019B0BB10D
S2140231C0FCF7F8FC01224F4B05F00435C3F8E0503B
S2140231D04D4B18F4002FC3F884211EBF4FF4002273
S2140231E0424BDA6105B0BDE8F08FC9F878A0C3E7B4
S2140231F0F104C7D50420FDF79FFB444AC9F87420A2
S214023200FDF74EFED9F8642012F0407FBAD12A208C
S214023210FDF7E0FAFFF7EEFA80E7394AD2F8A01097
S2140232208B0683D402203A4988603A49096891F8A5
S2140232302510C8077FF57AAF92F8C420002A3FF41B
S21402324075AF8021344A116170E7344A1268013240
S21402325002D04BF0010B98E728490A7952B1013A9D
S214023260D2B20A7112B9234A2D49516700224BEA9B
S214023270020B8AE70420FDF75FFB0320FDF75CFBE9
S214023280194A2249516718F000FE81460DF10F00D7
S214023290FEF732F9234A824612780AB1FEF784FF15
S2140232A0BAF1030F0ED1DFF870A00020FEF724F962
S2140232B0032807D1DAF87420D103F6D4DAF85C20B2
S2140232C00C2AF2D99DF80F20032A2FD10121164A83
S2140232D04846117018F0D4FDC8E700BFA059002078
S2140232E000E001B8F568002000C001B8002002B86E
S2140232F01000002000D001B8001000B0E9680020DD
S214023300001E00B00060005400E100E00000010171
S214023310001002B8BC590020000002B85870002005
S2140233200000010DFB680020F7680020094AD2F869
S214023330E02012F4A02FC9D1FEF7C8FF484618F0C5
S2140233409FFD4FF4804292E70220FDF7F5FA012234
S21402335025E700BF004000540122024B1A62DA61E0
S214023360704700BF002002B80D4B10B5DC691A6A20
S21402337014400C4A24F47F01D161E20706D5D968CD
S2140233804FF0FF30C1F3036114F022FC630706D549
S214023390BDE81040042200200021FEF77FBF10BDCA
S2140233A0000002B8002002B80C4A08B5936B526CB3
S2140233B013400B4A9363DB070FD50A4B40F6634272
S2140233C01878122100F00100FAF786FABDE80840E4
S2140233D0002201200021FEF761BF08BD00C000B830
S2140233E000E000B8A0150020054AD2F88430DB07BA
S2140233F0FBD4936FD2F884201340024A9367704737
S214023400008001B800A001B870B514460D4618F049
S2140234103CFD064BD3F8A06074402C407440C3F8C1
S214023420A04018F02DFD06EA050070BD001E00B093
S214023430034BD3F8A03099430CBF012000207047FD
S214023440001E00B02DE9F04117460A43012A1D4628
S2140234509DF818409DF81C60DDF8208029D8B442FB
S21402346027D2082E25D8032B23D8B8F1000F20D058
S2140234700A460021FBF71CFDFF21EB009940C943D9
S214023480DFF834C008F1FF38FF00E2B2964202D8F5
S2140234900020BDE8F0813D190CEB8505D5F8E0204B
S2140234A018F8010F0A4098401043C5F8E0000134AE
S2140234B0EBE72120EDE700BF001E00B0034B1868C3
S2140234C0034B002808BF1846704700BFB8590020B3
S2140234D0E8B004002DE9F843DFF860900646D9F814
S2140234E0008008461746B8F1000F03D00E24204687
S2140234F0BDE8F88306B3336801331DD1E1B1FAF7AC
S2140235000DF805460028F1D0C9F80000FAF72CF8A5
S214023510284613F071FE044640B14046C9F80080C2
S214023520FAF722F8284613F062FEE0E73560002F2D
S214023530DDD02846B847DAE72124D8E7BC59002070
S214023540024B1868003818BF01207047BC5900208B
S214023550002108B5024B08465B689847002008BD64
S214023560507000200523064AA2F84A3092F84930E5
S21402357003F0010363F0730382F84930704700BF1B
S214023580001F00B00023F0B585B0CDE901330393E8
S214023590124B134D1B78134E8DF8043018F082FC34
S2140235A02A78337804469A420F4F0CD0317838681E
S2140235B001AA297014F041FB50B140F608210B48CD
S2140235C018F065FD04E0386814F017FB0128EDD00A
S2140235D0204618F062FC05B0F0BD00BF397300202B
S2140235E06A7300206B730020D859002020650400FF
S2140235F0F8B52B4B1B7823B140F6FC31294818F05E
S21402360046FD18F04FFC284B07461C8814F00604AB
S21402361009D001214FF4807017F09EFC3846BDE8B1
S214023620F84018F03ABC21464FF4807017F094FC2C
S214023630204600F09DFF022808D180221B4B8021E5
S214023640186813F0A3FEFFF79DFFE7E7204600F099
S2140236508FFF054638B1012807D040F631411148A0
S21402366018F015FDDAE70246E8E7FF220F4E104B88
S21402367030681A70FFF76CFF306814F0BEFA012843
S214023680CCD02A462946306814F0B9FA21462C20B6
S21402369017F08EFC21460A2017F08AFCBEE700BF10
S2140236A0016900202065040032610020D8590020FC
S2140236B06A7300200021014818F094BAD0700020E6
S2140236C07F2837B5044610D14FF6FF7302221748FB
S2140236D00DF10601ADF80630EAF7D6FEBDF8064053
S2140236E0E2054CBF6FF04A0464B218F0DBFB104BE5
S2140236F005461C700F4B1B88DB0710D50E4B1B783C
S214023700002B0E4B0CBF21466FF07F01186813F09A
S21402371062FE20B140F67861094818F0B8FC2846E7
S21402372003B0BDE8304018F0B8BB00BF641002C05A
S214023730627300203261002002690020D8590020FE
S2140237402065040010B50FF0ACFA60B10FF0ABFACA
S2140237500B4A80B141F20D03BDE8104041F20D0163
S214023760074817F04BBD074B1A781B799A4204D1CB
S21402377000220023F0E70D23EEE7034AF9E700BF35
S214023780400D030039730020488D0100F8B5164E2F
S2140237900D46337802F0010423B140F2C5311348D6
S2140237A018F075FC124B134F1D60134DA4B1134B4A
S2140237B0997801B10121202017F0CEFB2B783B70BF
S2140237C00F4B1C780F4B00211C70042333700E48DD
S2140237D0BDE8F84018F006BA2146202017F0BCFBD8
S2140237E02B783B70EEE700BF0169002020650400DD
S2140237F0C8590020FE6800206C730020CC590020B7
S214023800FF68002000690020D07000202DE9F843F0
S21402381018F048FBDFF8A0810546B8F80030614C86
S21402382013F4807F03D0237873BBFFF7E1FE0021F9
S214023830084617F0BDFB5C4B1A78FF2A13D01A789D
S21402384002F0FF0632BBFF221A702378052B0AD13C
S21402385000232846237018F020FB304614F07DFA29
S21402386018F020FB05462378504E062B09D13378F4
S214023870FF2B06D03378022B15D100214C4818F0C6
S214023880B1F9FF2333702BE000214FF4807017F05C
S21402389063FBCCE71A78012A4FF0FF0214BF3326E7
S2140238A04C261A70D4E7337813B13378012B22D121
S2140238B017F0F2FB07463E4896F8009001F0CEFB62
S2140238C0FF235FFA89F9337077B1B9F1010F44D15A
S2140238D06421374884F8009018F084F9FFF752FE06
S2140238E0284618F0DAFA06E02846277018F0D5FAC5
S2140238F0384614F032FAB8F800301B0605D5002117
S214023900802017F029FB12F03BFD01F0E3FA294E66
S214023910308000B32778012F42D118F077F8054699
S21402392010B3013018F091FC00F44060B0F5006F5F
S2140239301AD104223946284617F0A8FF284418F060
S21402394084FC4FF6FF7398420ED10020318800F0B7
S214023950F1FC00233380BDE8F88300232846237059
S21402396018F09BFA3F20C4E7114801F077FB0021CC
S21402397008462170012500F08FFC23780BB9FFF76B
S21402398037FE0020318800F0D5FC00233380002D5E
S214023990E1D020780028DED1BDE8F84314F015BB4C
S2140239A00025EAE701690020697300206873002099
S2140239B0D0700020306100203261002008B5134626
S2140239C00A461946064B186813F092FD30B1BDE858
S2140239D0084040F2F441034818F059BB08BD00BF46
S2140239E0D85900202065040008B513460A46194631
S2140239F0064B186813F076FD30B1BDE8084040F279
S214023A00FB41034818F043BB08BD00BFD85900204D
S214023A1020650400024B1878431E584258417047EE
S214023A200169002008B5064B1B7823B140F22551E8
S214023A30044818F02CFBFFF7DBFD002008BD00BF92
S214023A40016900202065040008B5054B01EB8101E1
S214023A501868490013F0C1FC002818BF212008BDD1
S214023A60D859002008B5044B1868F9F70FFF0A2347
S214023A7090FBF3F040B208BDD8590020014B1878ED
S214023A80704700BF6B73002008B5044B186813F02C
S214023A900FFCB0FA80F0400908BD00BFD8590020DC
S214023AA038B5124D0C462B78012B04D940F24651FC
S214023AB00F4818F0ECFA21460020FFF7E5FF90B118
S214023AC00C4B1C702B785BB9FFF792FD0A4B93F9EF
S214023AD000100A4BC901186813F053FC002038BDC9
S214023AE0FFF750FDF2E72120F9E700BF0169002049
S214023AF0206504006B73002003690020D85900205B
S214023B0008B5074B186813F0D1FB30B1054BB3FB71
S214023B10F0F083B20BB1184608BD0120FCE700BFE7
S214023B20D859002040420F002DE9F3475C4E012091
S214023B3018F0AAFA3388990704D440F63F41594848
S214023B4018F0A5FADFF8808198F80030053B012BC3
S214023B5004D940F64141534818F099FA524F3B684F
S214023B6023B940F644414F4818F091FA348814F0CD
S214023B70200478D00121222017F01AFA4FF47A7422
S214023B80FFF7BEFF3B681B780933434304EBC304CD
S214023B9098F80030A5B2062B0BD117F045FE044666
S214023BA0FFF7AEFF602358430C2303FB04002844B0
S214023BB085B2D7F800903D4B99F800801C7808F142
S214023BC0FF381FFA88F8002C52D133885A0505D4DC
S214023BD009F1010018F039FBC0F340143449354AA4
S214023BE0887812784B7812FB00F2334F93423B7080
S214023BF0A4BF9B1A3B703B78CA78BD60934238BF1D
S214023C0013463B700FF055F8002833D00FF04FF8EC
S214023C10012814BF1025082525430023DFF8ACA091
S214023C200093802243464946DAF8000013F007FC68
S214023C3020B14FF43B611B4818F029FA1F4BDAF803
S214023C40000019781E4B197033889B0614D52A4635
S214023C501C4B009713F0EFFFC0B9002002B0BDE87E
S214023C60F04718F011BA2146222017F0A1F987E78B
S214023C700024B3E72546D0E72A460F4B13F0D9FFB8
S214023C80014618B9252017F093F9E6E721462620C3
S214023C9017F08EF940F6F431024818F0F8F9DCE72E
S214023CA03261002020650400C85900200469002003
S214023CB039730020FE680020807000206B7300209D
S214023CC06A730020CC59002001690020D8590020D0
S214023CD0184B10B51B889B0704D440F6A6611648FD
S214023CE018F0D5F9154B1B78053B012B04D940F685
S214023CF0A761114818F0CBF9114B1B6823B940F69F
S214023D00A9610D4818F0C3F900240E4B0E49212074
S214023D101C7017F04DF9014618B9BDE81040FFF7C0
S214023D2003BF022804D12046BDE8104017F0D6B9DA
S214023D3010BD00BF3261002020650400016900202A
S214023D40C8590020FC680020E93E0200F8B55A4C2B
S214023D5023889A0704D54FF43E71584818F097F90D
S214023D60574801F07BF918F09DF8238805465B0753
S214023D700DD54FF0FF3013F0A9FB524B1B68C01A4B
S214023D80B0F5717F03D90021042017F0E5F8284624
S214023D904D4D18F082F82B78042B32D118F082F8A9
S214023DA0238806465F0708D54548002117F01AFF04
S214023DB03046BDE8F84018F070B818F06EF818F003
S214023DC071F8424B06461B78414F13B923885905B2
S214023DD00FD50523012102202B7017F0BDF8FFF73F
S214023DE077FF304618F059F83B68DA78394B1A7084
S214023DF0F8BD3868013018F028FA8206E9D506239D
S214023E00E8E7062B4DD1344B1B78FF2BF0D1334E0F
S214023E100EF051FF3378002B3DD018F043F823887C
S214023E2005465B0705D52648002117F0DBFE284627
S214023E30BFE718F032F83378013B337018F032F8E7
S214023E4004460121022017F087F8FFF741FF2046BB
S214023E501F4C18F022F82068013018F0F6F900F42A
S214023E604060B0F5006F13D1246801210422204679
S214023E7017F00CFD204418F0E8F90146184B042010
S214023E801A783378D21AD2B2BDE8F84018F0A6B93A
S214023E904FF6FF71F2E740202B70BDE8F84013F0B2
S214023EA05CBF012BA4D100232B700E4B1868FFF7C2
S214023EB04FFB3F20F1E700BF32610020206504007F
S214023EC0D0700020C4590020016900200469002037
S214023ED0C8590020FD68002068730020FE68002094
S214023EE06C730020D859002008B50A4B1A7882B99C
S214023EF0012210281A7004D040F69D61064818F078
S214023F00C6F80021202017F027F8BDE80840FFF782
S214023F100BBE08BDFC6800202065040008B5094BEE
S214023F201B88DB0604D440F2C351074818F0AFF8EA
S214023F301020002117F010F8044B1868BDE808405E
S214023F4013F070BE3261002020650400D8590020AC
S214023F50012208B5074B1146186813F050FE0021DF
S214023F602C2017F025F8BDE8084000210A2017F09B
S214023F701FB800BFD8590020014B4008185C704794
S214023F806473002008B513460A461946064B18689D
S214023F9013F0B4FA30B1BDE8084040F6E9410348F0
S214023FA018F075B808BD00BFD85900202065040077
S214023FB008B5044B186813F020FE013818BF01201C
S214023FC008BD00BFD859002070B5054617F06AFF35
S214023FD00E4B0F4E1B880446DA07357008D50D4B7C
S214023FE00D4D1B78012B08D90121286813F0AFFE6E
S214023FF02046BDE8704017F050BF1BB10EF04FFED2
S214024000C305F1D4317881F00101EEE73261002078
S2140240106373002002690020D85900200C4B10B5AB
S2140240201B880446DB0711D5FFF78CFB094B84F08F
S214024030010208211868D20013F0A8F930B1BDE8D1
S214024040104040F63671044818F021B810BD00BF83
S21402405032610020D85900202065040008B5044BC0
S2140240600146186813F055FA003818BF012008BD3B
S214024070D859002010B50A4C23787BB1FFF768FFA9
S2140240800021042016F068FF0021022016F064FFCB
S21402409000232370BDE81040FFF7AABA10BD00BF88
S2140240A00169002038B5094800F0E8FC0024084DF4
S2140240B095F84430E0B2834200D838BD05EBC00024
S2140240C0043000F0DBFC0134F2E700BF7C5A00202B
S2140240D0DC59002008B5104602494822F8F71CFFB2
S2140240E0002008BD345A002008B5054818F03FF9EC
S2140240F0014620B9BDE80840014817F073BD08BD67
S214024100F0700020002238B51C4B15461C461A706B
S2140241100132082A5D609D8043F8085FF8D1482284
S21402412000211748F8F768FD4FF6FE73A4F86830CA
S2140241306FF48033E365134B00211A88124B18681C
S214024140F8F75AFD114BC4E91255C4E9283584F82C
S214024150445084F85050656584F8A850E9F7FEFC90
S214024160FF220B4B012118700A4B00201A70E0F751
S2140241708BFC0020FFF7B8FF002038BDDC5900207A
S214024180345A0020DC720020B06F00200000FFFFCF
S214024190056900204B69002010B5AC24084B04FBCF
S2140241A00030836C53B990F850403CB931B1C0E945
S2140241B012122046FFF798FF204610BD2120FCE78A
S2140241C0DC590020AC2370B503FB00F5094E7319C9
S2140241D093F850405CB920460BF022FF735D2046F0
S2140241E043F002037355FFF77FFF204670BD0120A0
S2140241F0FCE700BFDC590020AC235843024A135C9C
S21402420023F0030313547047DC59002070B516469A
S2140242101F4A04461278C2BBAC211E4D01FB005158
S2140242208A6C92BB91F850203AB1022B2DD191F8AC
S2140242304410072907D91C2026E091F844100729C4
S214024240F9D8012B08D0AC2000FB0450CA00011D8F
S2140242500C30F8F723FD0021AC2303FB04F0002406
S2140242609DF8143000EBC1012944CB71049B8E806B
S2140242708B602B1893F84420204601328C7183F809
S2140242804420FFF731FF204670BD0120FCE700BF47
S21402429004690020DC590020F8B5234B04461B783D
S2140242A00F46002B3ED1AC23204D03FB0053B3F840
S2140242B0A03023B940F245311D4817F0E8FEAC2283
S2140242C002FB0452D2F8A46036B192F8A330394603
S2140242D00020B2F8A020B047AC2300216343EA18BE
S2140242E0A2F8A010C2F8A410482192F8A82001FB58
S2140242F002322A44D2F89820964213D0EB5C9B07EF
S2140243000CD5AC226243AB5C204623F0020343F09A
S2140243100103AB54BDE8F840FFF7E6BE0BF0A2FE81
S2140243200028EED1F8BD00BF04690020DC59002049
S214024330776504002DE9F04F89B0059008460D46D2
S21402434017F064FB044618B9212009B0BDE8F08FC7
S214024350284617F077FBC0B20838215C221892F87C
S21402436002A00491D1785268277803920022B4F80A
S2140243700130ADF81E20434A029192F800B0BBF11C
S214024380000F08D0404B1B681BB120464FFA8AF23A
S21402439098470020D9E703F00703022B70D00134B8
S2140243A009225946204617F071FA023F3F1A3B0689
S2140243B006465FFA87F8C7D4344FD7F89090B9F11B
S2140243C0000F27D100210DF11E0B43462246084658
S2140243D0CDF800B00BF05CFDC3B20546002B4BD106
S2140243E0BDF81E0013F0FDFCE0B9BDF81E0013F088
S2140243F0E1FD8146BDF81E0013F0F3FCF0B906EBB2
S214024400080201232146584692B200F07BFDD0B145
S21402441019209AE75B465A4601212846C8470028D3
S214024420D0D191E7D7F89430BDF81E00002BDCD02F
S214024430A11998470028D8D1022086E74246484666
S214024440A119F8F769FDBDF81E0017F0DFFA029B06
S214024450059A0372049B80F809A08372039B1BBA19
S214024460C360AC2303FB027393F85020BDF81E0012
S21402447022B1DB6C03B19847E8B266E7BB6FF9E797
S214024480012062E704690020C0590020DC590020A0
S2140244902DE9F84308460F46164602F1010913F0C5
S2140244A08EFD8046384613F095FC042856D13846D1
S2140244B013F0B4FC48F661054FF6FF7248F6410366
S2140244C0294C904208BF1D46B4F85C10301D17F008
S2140244D0BEFE384613F0A2FC0146B01D17F0B7FE2A
S2140244E0B4F85E1006F1080017F0B1FE06F10A04F1
S2140244F0384615F027FA10B145F01005ADB2294638
S214024500484617F0A4FE384613F054FD42460146CC
S2140245102046F8F701FD3846012117F0AFFA444469
S214024520074660B117F08EFA0546384617F06EFA5F
S214024530EDB201462A462046F8F7EEFC2C440B4A1A
S214024540A41B13780134591C1170F3703470304672
S214024550BDE8F8430922012117F098B9484617F03A
S21402456074FE4C460546C3E7DC5900200569002068
S214024570AC2210B548245043094B1A1892F8A810DA
S21402458004FB0100034493F87700022806D092F851
S21402459050301BB9032818BF012010BD0020FCE7CD
S2140245A0DC59002070B508B1012070BD234C94F888
S2140245B0A850002DF8D12946B4F85C20FFF714FA6B
S2140245C029462846B4F85E20FFF7F8F92946284619
S2140245D004F16002FFF7D6FC94F87730002BE3D0A4
S2140245E0284694F85860FFF749FA864215D100200B
S2140245F094F95A50FFF736FA854216D10020FFF793
S214024600B7FF0446002017F0F7F80028CDD0214661
S214024610BDE870400020FFF705BA284694F8581007
S214024620FFF73EFA0028E2D0BFE7002094F95A10BE
S214024630FFF70AFA0028E1D0B7E700BFDC590020EE
S2140246400346AC2010B51446164A00FB032292F825
S214024650770002280CD1E07F022809D141B1124925
S2140246600978012913D992F85810227891420ED16E
S21402467018462178FFF708FA90B1482221460B48DF
S214024680F8F74AFC002017F0B7F808B9002010BD6A
S214024690044B93F8A8000028F8D1FFF783FFF5E74C
S2140246A02120F4E7DC59002042680020345A00201A
S2140246B038B5AC230D4C054603FB004300205A6D6B
S2140246C0D86483F8500012B15865FFF727FCF5F757
S2140246D05FFBFF281EBFAC2303FB054484F8A8003B
S2140246E00020FFF75FFF002038BD00BFDC59002026
S2140246F07FB51D4C94F8A83023B1002084F8A8009A
S214024700FFF750FF94F85A30B4F8A0608DF80F30D7
S21402471026B940F2FD21154817F0B9FC144B314674
S2140247201D6800202A46FFF7B3FEE46F02469CB1DE
S2140247300DF10F0301930023294630460093A0474C
S21402474002462C7854B920462146FFF7A5FD20469E
S214024750FFF7CAFC04B070BD0122F2E7294600202A
S214024760FFF714F8F6E700BFDC590020776504006F
S214024770B06F002038B5494B1C78002C58D14848F9
S21402478000F06CFC204617F037F8002850D0454C55
S2140247902378D90733D594F850201AB123F00303AF
S2140247A0237045E023F0010323700BF043FC2378CB
S2140247B005469A0701D50BF033FC294600200BF07C
S2140247C049FA40B92378284643F001032370BDE82E
S2140247D038400BF025BC0023482284F8A33094F816
S2140247E0A83084F8A25002FB0343D3F89830A4F80A
S2140247F0A000C4F8A430BDE83840FFF779BF94F8AB
S2140248004400B0B104F1A003251D95E8030083E837
S2140248100300FFF76DFF94F844202846D20004F107
S2140248200C01F8F73BFA94F84430013B84F8443024
S21402483038BDA26C62B99B0711D52378002023F0FD
S214024840020343F001032370BDE83840FFF74CBC77
S2140248500123A06484F85030904723789EE70BF03B
S21402486001FC0028E9D194F8A83073B1F5F790FA64
S21402487094F85030002BDBD1FF2818BF84F8A8002C
S214024880BDE838400020FFF78DBED4F88C30002BF0
S214024890ECD098470028CBD1E8E700BF0469002097
S2140248A0F0700020DC59002070B50446002016F097
S2140248B0A3FFAC235C430B4E351995F850300BB171
S2140248C0002070BD0028FBD0074817F050FD0028D6
S2140248D0F6D1335D002BF3D195F84400B0FA80F0A0
S2140248E04009EEE7DC590020F070002010B5084AB7
S2140248F0034613F072FB14684FF6FF7203EB400395
S2140249009C42184603D9018802339142F8D010BD62
S214024910985A00202DE9F047204F05463B88A3B35E
S214024920B0F90230002B30DBDFF87C801C49D8F867
S2140249300000F8F7B7FB20B94FF4EA71194817F0F0
S214024940A6FB0026DFF85CA0DFF860903A88B3B2D8
S2140249509A4204D84FF4EB71504617F098FBD9F8F8
S2140249600030B2B253F83200D8F8001003EBC2049B
S21402497068B943F83210A38828460133A38013F09F
S2140249802CFBE38803EB4003E380BDE8F087F8F7EF
S21402499089FB01360028D9D1EDE700BF346100203B
S2140249A0446504004E650400107100208C5A0020F5
S2140249B038B5094C094D22682B689A4204D94FF43F
S2140249C08771074817F063FB28682368C01A20F02F
S2140249D0010080B238BD00BF985A0020A05A0020BD
S2140249E04E65040038B5124C124D21462846F5F79E
S2140249F07DF823680BB12B681BB9DE210E4817F031
S214024A0046FB2A680D4B0E491A60236823F0010301
S214024A1013440B600B4B1A602AB9BDE83840F821E4
S214024A20054817F034BBFFF7C3FF6428F5D938BD35
S214024A30905A0020945A00204E6504009C5A00208A
S214024A40A05A0020985A002038B5094C094D226811
S214024A502B689A4204D34FF48A71074817F017FB63
S214024A6028682368C01A20F0010080B238BD00BF53
S214024A709C5A0020A05A00204E6504002DE9F04101
S214024A801D4B04461B78012B24D1008816F0A0FF8C
S214024A900546D8B10426DFF864802C4617F002FAE1
S214024AA007462046FFF736FF638843EA080363801B
S214024AB0A05B16F08DFF0446384617F0EEF91CB1DF
S214024AC0B4F90230002BE9DA062E01D1BDE8F081F6
S214024AD00626E2E7022BF9D117F0E4F9024620880F
S214024AE016F076FF18B10388C3F30E032380104630
S214024AF0BDE8F04117F0D1B9066900200080FFFF3B
S214024B002DE9F04F0024BA4B97B006461C8017F0EA
S214024B10C9F90123DFF8EC82B64F3B70B8F80030D3
S214024B20A8F80040ADF81630B34B1B68019317F097
S214024B30B4F9B24B21461A88B14BD2001868F8F77E
S214024B405BF80DF11600FFF799FF002E3CD1DFF857
S214024B50B8924FF0000B0125D9F80040019B9C4209
S214024B6039D3BBF1000F39D1002DF2D0D9F800406D
S214024B70DFF898A225462246019B9A4273D3022367
S214024B800DF116003B70FFF779FF002E40F08F8084
S214024B90D9F800603246AA4280F0A280908816F0C9
S214024BA017FF18B10388C3F30E039380D08816F05C
S214024BB00FFF18B10388C3F30E03D3801046FFF726
S214024BC095FE0246E7E79847E3B256F823300134EB
S214024BD0002BF8D1BBE7BBF1000F3ED00BF1FF3341
S214024BE05FFA83FB16AB03EB8B0252F8402CB2F94A
S214024BF0020051880028B1DA4B04AFD4924641F441
S214024C008040931D2AF8020F02933AF8020F16F01C
S214024C10DFFEF0B1B0F902E0B0F802C0BEF1000F5C
S214024C2017DB6FEA4C4C6FEA5C4CA0F802C00390AC
S214024C30FFF770FEBBF10F0F8FBF002516AB039A6E
S214024C4003EB8B009EBF0BF1010340F8402C5FFA8A
S214024C5083FB029B9A45D8D180E72046FFF746FEA3
S214024C6022460446C3E7104613F0B7F98346B2F964
S214024C700200118800280AEA010108DA204616F026
S214024C809DFE084381B204EB4B0402EB4B05104633
S214024C901180FFF72BFE02466EE798475FFA8AF30B
S214024CA056F823300AF1010A002BF6D170E74FF0CE
S214024CB0000AF3E73046FFF719FE82467EB1B6F9E0
S214024CC002307188002B0ADA3088C0F30E0016F024
S214024CD07FFE864203462DD1C1F30D0171805646F2
S214024CE0AE42E7D3DFF81CA117F0DCF80021064637
S214024CF0504613F0C3F916F06BFE0546002800F086
S214024D008780304617F0C9F8284613F066F906463B
S214024D10204616F053FE8146760032462946204645
S214024D20F7F7BCFF002249460DF1160017F0F7FA16
S214024D303444D9E71BD9304613F04FF9C1F30D01BD
S214024D40420071801846314692B2F7F7A7FFC6E7CF
S214024D505046FFF7CBFDD146854203D9B0F9023063
S214024D60002B01DA824603E0FFF7C0FDF4E7B14606
S214024D70554507D9BAF80000C0F30E0016F028FE13
S214024D808245E5D3B9F1000F30D0B9F80000C0F380
S214024D900E0016F01DFE034638B93346CB4699453B
S214024DA013D8B1459BD0D946ECE7484613F015F91F
S214024DB0B9F802204946C2F30D02A9F802204200C1
S214024DC092B21846F7F76AFFE7E718460193FFF72D
S214024DD08DFD019B9B46854203D9B0F90230002B1C
S214024DE001DA0346DBE7FFF781FDF4E7CB46DAE7B5
S214024DF03661002006690020985A0020346100209F
S214024E008C5A0020386100209C5A00200080FFFF48
S214024E10BDF816303870A8F80030044B30461C60D7
S214024E2017F03BF817B0BDE8F08F00BF985A002085
S214024E302DE9F041054616F0CBFD0F460446D8B1E3
S214024E4017F057FA20B940F2FB41204817F01FF935
S214024E50284616F0F7FD05462046FFF747FDBD42F9
S214024E60064609D004D840F20351184817F00FF945
S214024E702588ED0B02D02781BDE8F08167802046A9
S214024E8013F0ABF8074604EB400817F00BF8104B8C
S214024E901A68B2420AD1C3F8008016F0FEFF2A460C
S214024EA04046BDE8F041FF21F7F7A6BEA6EB08068E
S214024EB0B5B216F0F2FF072DF1D90023083D44F8EB
S214024EC01730C8F80430A8F80250D5E74E6504003B
S214024ED0985A002038B516F0E5FF0021054604482A
S214024EE013F0CCF80446284616F0D7FF204638BD05
S214024EF038610020024B1888B0FA80F040097047EB
S214024F00386100202DE9F74F044600881F4616F048
S214024F105FFD88461546064617F0EBF920B940F2C3
S214024F20FE613F4817F0B3F83388DB0B009306D0D8
S214024F3033892B443381002003B0BDE8F08F2088EC
S214024F4016F080FD82463046FFF7D0FC019016F040
S214024F50A9FFDFF8D0B0019BDBF8002081469A4219
S214024F601DD1FFF725FDA84204D2484616F095FF4C
S214024F701A20E1E70AEB050373803FB1208816F09A
S214024F8045FD2A4641465044F7F7C6FF3046FFF72E
S214024F90ADFCCBF80000484616F07FFFCBE716F0D4
S214024FA07CFF208816F04EFD2844009980B216F049
S214024FB0A1FD06460028DBD016F028FD8146208893
S214024FC016F024FD8246208816F03CFD5146024625
S214024FD04846F7F7A1FF3046AFB116F017FD074671
S214024FE0208816F02FFD2A4641463844F7F794FFEC
S214024FF00121208816F042FD01210246304616F0B5
S21402500051FD268097E716F001FD8046208816F0AF
S21402501019FD2A4639464044F7F7EEFDE8E700BF99
S2140250204E650400985A00203421014817F02FB824
S21402503062650400036910B55BB18268064B9A424A
S21402504001D1002010BD446917F01AF8201AF9D5CC
S214025050F7E74FF0FF30F5E72950020082681C4B55
S21402506070B59A420446056819D116F01BFF2369EB
S21402507023B1A34206D100222A601A61BDE870401D
S21402508016F00BBF1A4611461269A242FBD12A68D5
S214025090A24208BF29600B6100232361EEE7036981
S2140250A093B198426E6803D19D210A4816F0EFFF2D
S2140250B02B46B44209D122699D4218BF1A614FF0AD
S2140250C0000308BF6A60236170BD33463669F0E7A5
S2140250D029500200626504002DE9F04707460025C4
S2140250E04FF0010A154EDFF858808AB0347914B9A9
S2140250F00AB0BDE8F087D6F8009087B900972A462E
S214025100B8F80010234603A817F098F92246484636
S21402511003A9E9F7E5F92544EDB20836E6E72246A3
S21402512003A94846E9F7B0F9CDF800A023462A4677
S214025130B8F8001003A817F081F9ECE714B10400E0
S2140251403A6100200148FFF799BC00BF3A6100208F
S2140251509C46174BF7B5054608461988164611B100
S214025160144B1C78CCB1014662463046BDB103B042
S214025170BDE8F040E9F788B91C44E4B208373B7949
S214025180002BF0D03A689642F6D185F00105224609
S214025190009517F053F903B0F0BD074FEFE7E9F7B4
S2140251A09FF9B0B203B0BDE8F04011F0EDB800BF11
S2140251B03A6100206D73002014B1040010B5074C4C
S2140251C0238843B10020FFF787FF0020FF22044B0D
S2140251D020801A7010BD0220FCE700BF3A61002052
S2140251E06D730020142810B518D8082805D111F0C0
S2140251F034F9C401E4B2204610BD0E2802D111F0E3
S2140252002FF9F6E7064B53F82040002CF3D00A2875
S2140252102478F0D105F0A0FE0443EBE7FF24EAE78A
S21402522064B10400014BB3F868007047DC590020F3
S21402523000487047465A0020014B1878704700BF56
S21402524080680020014B1870704700BF80680020FD
S214025250194B022810B5187002D0043801281BD842
S214025260164B1B78042B03D00021154816F0BAFC07
S214025270144B1B689A001BD513F0805F40F611444E
S21402528018BF4FF44164204611F081FC90B92046C5
S214025290BDE8104011F076B80948FFF7DFFE0A486D
S2140252A0FFF7DCFE162413F015F911F06AFCEAE7A4
S2140252B01524E8E710BD00BF84680020856800203A
S2140252C0147100205C4C0020C84B0020024B18785A
S2140252D000F00F00704700BF84680020034B187868
S2140252E000F00F00831E5842584170478468002021
S2140252F008B513F0DAF8C0B113F0F0F8A8B10AF066
S214025300A7FF90B90A4812F082FE70B1094812F05F
S2140253107EFE50B111F0A9F838B111F03AFC20B96E
S214025320BDE80840044812F023BF002008BD00BFB5
S2140253303C6100206E610020A45A002030B505466C
S2140253400C4693B081B910B9002013B030BD1023BB
S214025350214A69460120FFF7FBFE9DF805305A1EDA
S214025360052A28D91720F0E7182200212046F7F749
S21402537043FC002DEBD1FFF7B1FF30B310F040FF36
S2140253806A4601460020FEF7A5FEBDF80430204618
S21402539023819DF80230A3729DF80030E37213F069
S2140253A023FA002304F11401237304F1100003F01E
S2140253B0CBFDE081C8E7094A9DF8041012789142B5
S2140253C0D0D12B70002CD6D1BEE7054B1B78033B01
S2140253D0022BD3D9C6E700BF64EE01004473002057
S2140253E08468002030B593B005460C46FFF776FF7A
S2140253F020B90C4B1B78033B022B10D810F000FF91
S2140254006A4601462846FEF765FE00209DF80230F1
S214025410607023709DF80030A37013B030BD172063
S214025420FBE700BF84680020054B1878012805D0EA
S21402543000F0FD00A0F1310358425841704700BF0A
S214025440846800201FB50146002201A816F09AFCC7
S214025450064801A916F0C0FF20B116F0D7FA408917
S214025460C0F3400005B05DF804FB00BFEA720020FE
S21402547030B585B00D460022014601A816F082FC22
S214025480084801A916F0A8FF50B116F0BFFA044664
S214025490014608222846F7F701FC6089C0F340005F
S2140254A005B030BDEA720020F8B50546F8B1002115
S2140254B00F4816F02EFF0446A8B10D4F204616F0F0
S2140254C0A5FA064616F04AFC830705D408222946A2
S2140254D03046F7F7DDFE38B12146384616F03DFF76
S2140254E004460028EAD10024201E18BF0120F8BD79
S2140254F0EA72002010B50C460146064816F06CFF0C
S21402550030B116F083FA43891C4214BF01200020F2
S21402551010BD00BFEA7200201FB51446024601A85D
S21402552016F030FC074801A916F056FF40B134B118
S21402553016F06CFA142201462046F7F7AFFB01205C
S21402554004B010BDEA7200201FB50146002201A871
S21402555016F018FC094801A916F03EFF58B116F0DD
S21402556055FA4389024613F0020004D0507B80F0BD
S2140255700800C0F3C00005B05DF804FBEA72002024
S214025580F7B59DF824400D4601949DF82040064646
S21402559000941F4614F0C5F94FF6FF718842044680
S2140255A010D0BB0711D4284600F056FF204616F04E
S2140255B03AFFFF281FBF084A32F8103023F4804310
S2140255C022F81030204603B0F0BD02462946304687
S2140255D012F064FEEAE700BF0C61002073B50E46C7
S2140255E00146144816F0F8FE0546D8B116F00EFA33
S2140255F043890446334012D09B0736B20BD5002EA1
S21402560009DAA17B437B0289007B0191012100918B
S2140256102146FFF7B5FF638923EA060363816289A1
S21402562012B1012002B070BD2946024812F045FDB3
S214025630F7E700BFEA7200200148FFF71FBA00BF73
S214025640EA72002013B53E4C0EF0EDF8D4F8FC31A9
S2140256501020C3F307430193FFF7C4FD000650D59D
S2140256600020FFF7BFFD01064BD5019B802B3ED1E4
S214025670236A9A0704D440F61544204602B010BDA9
S214025680E3699B07F7D52F4811F0AFFD012012F012
S2140256907FFB0EF0DBF804460028EED100F042F95C
S2140256A0294812F03FFD00F099F9E8F757F80EF096
S2140256B0B9F808F003FF08F055FFF4F761FAF4F7BB
S2140256C0FFFAF4F719FB03F0DBFD10F0C8FE10F04A
S2140256D0C9FE11F061FA1D4814F02CF906F08CFA96
S2140256E011F01DFA0028C8D011F01BFAC5E7019B7D
S2140256F0812BC0D1D4F80C315B00BCD5D4F80C3168
S214025700BFE71020FFF76EFD0006BCD40020FFF7AF
S21402571069FD0106B7D5019B802B05D1084B1A6A95
S214025720D207A8D5DB69ACE7019B812BA3D1044B3A
S214025730D3F80C21002A9EDAD3F80C31A1E700BF79
S2140257400080E00F690345ECA45A0020455402008D
S21402575010B512F0BCFE70B301F0E0FA80F001045E
S214025760E4B20020FEF724FC44EA800424B212F0DD
S2140257709CFE10BB02200443164816F0F8FD44EACD
S2140257804014154816F0F3FD24B244EA00141348F8
S21402579016F0EDFD24B244EA8014114816F0E7FD37
S2140257A024B244EA40240F4816F0E1FD24B244EA4B
S2140257B0C02080B210BD0124D3E70B4812F027FCAC
S2140257C00028D7D0094812F022FC80F00100C0B2AF
S2140257D04000D0E75471002038720020604C002050
S2140257E0B8710020187200203C6100206E61002013
S2140257F008B501F07FF8FEF709F8144812F007FC26
S21402580008B904F025FF124812F001FC08B906F0A8
S214025810DDF902F095FF0F4812F0B6FC0E4B1B782E
S214025820043B022B09D80D4816F0A1FD28B1FFF75C
S2140258308FFF102801D107F0E1FC10F018FE12F0DD
S2140258403CFDBDE808400648FFF75AB93C61002017
S2140258506E610020A45A002085680020387200205D
S214025860DCB10400014B1868704700BFD85900200D
S2140258704FF6F77370B5984204460D4686B043D885
S21402588012F029FDA04207D1082220492846F7F740
S21402589005FA002006B070BD1D4EB6F86830A34269
S2140258A00AD10022082106F16A0012F0A2FC18B9F9
S2140258B0082206F16A01E9E784B1002301221946AB
S2140258C02046009308F05CFDFF2811D129462046A9
S2140258D008F000FF80F00100C0B2DBE70D4B1B684A
S2140258E09B07EAD4284606F0FBFD0028E5D0D0E761
S2140258F002A913F0C1FE0028E8D1DDF80D302B60B6
S214025900DDF811306B60C4E70120C3E707690020A9
S214025910DC5900205C4C0020014B1870704700BF19
S2140259204473002010B5054C082221460448E8F7C7
S214025930ABFD204612F009FD10BD00BF076900202E
S21402594034B608C00048704707690020082208B528
S2140259500349F7F79DFCB0FA80F0400908BD00BF86
S21402596007690020014B1870704700BF7868002056
S214025970F7B50D46044616461F460021284601F096
S21402598061FD0B4B002183F859402A4633462046D8
S21402599000970AF03FF9014630B10222204603B0D2
S2140259A0BDE8F04000F006B8012003B0F0BD00BF2D
S2140259B0DC59002013B513460C461AB1022A0CBF56
S2140259C0134601230021044A019100922246FEF763
S2140259D01DFC02B010BD00BFB185030000B500205B
S2140259E093B0FEF78FFB1E4B188813F0A4FF1D4BD7
S2140259F01D491A7800200AF091F9342200216846DF
S214025A00F7F7FAF80B238DF800306FF48033019322
S214025A104FF6FE73ADF8103003238DF81D30134B8E
S214025A20134A0893134B10680993134B51680D934E
S214025A30124B6A460E93124B0F93124B1093124B55
S214025A40119302AB03C300210846FEF7F9FD6A462E
S214025A5001210020FEF7F4FD13B05DF804FB00BF41
S214025A60D67200205373002074750400855E02000F
S214025A70076900204D8303006D8B02002D60020033
S214025A80999A0200B18503009D870200014B18789F
S214025A90704700BF0F690020014B1888704700BF8F
S214025AA0EE7200202DE9F74F814610460E469046CC
S214025AB016F0CBFBDFF840B105469BF8003033B951
S214025AC04A4B1B681BB94A4B1B68002B7FD015F448
S214025AD0406A05F040071BD19FBBB5F5804F61D2E7
S214025AE04FF48074B9F1400F73D0B9F1800F63D0D0
S214025AF0B9F1100F6BD100239BF800003D4AD9B2D2
S214025B00884264D932F8021B0133A142F7D166E01B
S214025B1008F1030016F099FB4FF6FF73984214BF84
S214025B200124022487B1052705F44043B3F5004F4C
S214025B3044F0080425D0B5F5804F24D244F480748E
S214025B4021E054460327EFE7B5F5804F4FF00507EF
S214025B50F4D3BAF5406F14BF0220082038444044FC
S214025B6016F073FB019012F0D3FB019B05F440453F
S214025B7098420CBF44F0080444F00404B5F5004F04
S214025B8001D144F08004BAF5006F0FD108EB07008C
S214025B9016F05BFB054612F09EFBA842A2D144F02B
S214025BA010049FE7544603270220D7E7BAF5406F52
S214025BB008BF44F0200495E70C4B1B683BB100225B
S214025BC0D1B233F8110033F91110002903DA00209C
S214025BD008E0074BF1E7A04202F10102F0D106B15C
S214025BE03480012003B0BDE8F08F00BFB45A002015
S214025BF0B85A00208C61002048690020034B1A78AE
S214025C00022A04BF09221A70704700BF10690020DA
S214025C100C22034B1A211A700320002201F090BDB9
S214025C20106900200C2208B5054B1A211A700022B2
S214025C30104601F085FD0022024B1A6008BD00BF27
S214025C4010690020C05A00200C2270B50D4B054684
S214025C501E781A7030B93046BDE8704000221A210C
S214025C6001F06EBD084B1C78E1B21A29F3D825FA6A
S214025C7004F3DB0703D54422304601F061FD01340C
S214025C80F2E700BF106900206F7300200C22024B5F
S214025C901A7010F077BF00BF10690020F0B50C88AC
S214025CA005460E468BB0E4B94FF6FF77ADF8247082
S214025CB010F07DFF10B902200BB0F0BDCDE9034015
S214025CC0CDE90544134A0294B2F85C30603201937F
S214025CD000923B464CF60101FF2009AA13F046FE4D
S214025CE03080284612F03DFC0B4C70B1237863B12D
S214025CF0013BDBB22846237012F033FC38B1207821
S214025D00B0FA80F04009C0B2D6E70523F2E70120D8
S214025D10F9E700BFDC5900206E730020034B1146E2
S214025D201B6803B1184710F0EDBA00BFC05A002036
S214025D300C22024B1A7008F039BF00BF106900200F
S214025D400148FEF79BBE00BF3E6100207FB50546B8
S214025D500C46164616F084F800286BD1062D03D89A
S214025D605223EB40DB071AD4B4F1006F05D3E30EDF
S214025D701C3B032B18D94F202EE000222F4B1A6013
S214025D802F4B1D7012F05BFA03460A2D54D8DFE83B
S214025D9005F02D183E49182518535341360002F0D7
S214025DA0A3F8B4F1006FE2D20022244B042D1A604D
S214025DB0234B1D70E6D1022001F0B6F912F03FFA2D
S214025DC00346012202921F4A01921F4A00921F4A6C
S214025DD0314620460AF078FA04B070BD31462046B5
S214025DE01B4A04B0BDE870400AF056BA3146204657
S214025DF0184B194A04B0BDE870400AF031BA0022C6
S214025E000292164A0192104A0092154AE0E70222CE
S214025E100B4B1A7000221046124904B0BDE87040BF
S214025E20FEF7BAB9002202920F4A0192064A00927F
S214025E300E4ACDE74D20CFE70120CDE7C05A00201D
S214025E4010690020495C0200855E02009D85030001
S214025E50315D0200255C02001D5D02008D5C0200C1
S214025E609D5C0200FD5B0200115C02005F85030080
S214025E7008B50AF059FA0C22014B00201A7008BD28
S214025E8010690020F0B585B0ADF8060018B9762185
S214025E90644816F0FCF8BDF8060011F09BFF0446B5
S214025EA0BDF8060011F096FF082846D00C2CBDF867
S214025EB0060042D112F07EF8074616F0C6F90DF13A
S214025EC00F010646BDF8060010F0BAFA002879D08F
S214025ED009220021384615F0D9FC9DF80F30103300
S214025EE0C518BDF8060015F0ADFDEDB2854269D2C3
S214025EF02946BDF806000AF025FB06F44C4416F4C3
S214025F004066054614D0F81C16F09FF94FF6FF734C
S214025F10984208BF44F04004B6F5006F08D1781DD9
S214025F2016F093F94FF6FF73984208BF44F0100438
S214025F309DF80F305BB3072D44D1BDF8060011F073
S214025F403FFF0446BDF8060011F044FF082817D0AC
S214025F50A30615D524F0200189B2BDF8060011F07B
S214025F601AFFBDF8060012F025F80021092215F0E6
S214025F708DFC00F1100189B20DF1060013F01FFE30
S214025F800022BDF80610284816F0C9F91AE0082DB6
S214025F9016D8BDB1013D072D14D801A353F825F03C
S214025FA0FD5F020009600200C55F0200C95F0200D1
S214025FB0C55F0200156002003B5F02001B60020024
S214025FC07C2D24D005B0F0BD24F48844A4B2B4F5E8
S214025FD0084FF7D1BDF8060011F0F7FEBDF806101F
S214025FE013F0AEFC0028A8D0BDF8060011F045FF5D
S214025FF000220146022016F0F1F8E3E724F480645A
S214026000A4B2B4F5484F97E7B4F54C4F94E7B4F50D
S2140260104C4F92D04CF6500301E04CF640439C4263
S2140260208AE700BF706504003C6100202DE9F74353
S2140260300F4690469946064615F0E8FC044630465A
S21402604015F000FDC5B2083D2C44E178094BA27854
S2140260501970094B31461A70002043463A46CDF86D
S21402606000900EF06BF8003818BF012003B0BDE8B0
S214026070F08300BF2A690020296900202DE9F04F2D
S214026080DFF84081DFF8409198F8002099F8003058
S21402609006469A4285B004D340F21911424815F0DA
S2140260A0F6FF30460DF10F0115F084FE20B14FF4D5
S2140260B08E713D4815F0EBFF98F800709DF80F4082
S2140260C03D1B15F0FF0530D04FF0FF3C374B01214A
S2140260D01B78A140184699F800304FF6FF790CFA63
S2140260E003FC0023324A01F1FF3E0193C1F1000A8C
S2140260F09DF80430984243D8122004FB00002D4B32
S214026100A0F1120105EBC5025200194404F101097F
S2140261101844F6F7C3FD4FEA89092748A9F1040196
S2140261200144AA004844F6F7B9FD224904EBC4022A
S21402613001EB420321F81260204A013712784FF62B
S214026140FF71DA731A745A7412025A801C4A0D20AE
S21402615012781A7110225A7100229A73C3F8062016
S214026160C3F80A20144B43F8242088F8007016F06F
S21402617035F80EB913F043FA204605B0BDE8F08FA5
S21402618013884B450AD053680AEA030B03EA0E0348
S2140261900B4403EB4B0343EA0C035360019B0832A8
S2140261A001330193A4E700BF836504005073002007
S2140261B02C4A0020D8600020284A00202A690020A5
S2140261C0116900207E6800204E73002010B5074C2F
S2140261D02046FEF743FF04F06BFB02F0DDFE20468E
S2140261E0BDE810404FF47A5115F0FCBC1471002043
S2140261F02DE9F041074600250A4B0B4E93F8008026
S214026200ECB2A04503D8FF242046BDE8F081082260
S2140262103846B11DF7F73CF801350028F4D012369F
S214026220EEE700BF7E680020D860002007B50DF1BB
S214026230070115F0BFFD30B19DF80730034803EBA8
S214026240C30300EB430003B05DF804FBD8600020F4
S2140262502DE9F843294E044633785D1E2D1A8342F3
S214026260EDB204D84FF4A171254815F010FF0123B2
S214026270A3404FF0FF305F1E3B4400214FF6FF7EE7
S2140262806FEA03081F4A92F800C01F4A127890402D
S2140262901E4ACBB29C4523D8BDB127B204EBC40438
S2140262A01B48640005EBC50204F1120101445200CA
S2140262B02044F6F7F3FCBF001648AA00391D014435
S2140262C002F0FC023844F6F7E9FC33780022013B80
S2140262D033704FF6FF71BDE8F8430E2015F07EBF0F
S2140262E01388734507D0536808EA03093B4003EB5B
S2140262F059030343536008320131CAE77E6800201F
S21402630083650400507300204E7300202C4A002040
S214026310D8600020284A002010B50A4C207858B9C8
S214026320094B1B781A2B03D99921084815F0AFFEA2
S2140263300322074B1A7010BD0138C0B2FFF788FF60
S214026340ECE700BF7E6800204E73002083650400E1
S2140263507A6800202DE9F047054616F053F8FF2824
S214026360044624D1DFF884901E4B99F800201B784F
S2140263709A422BD22846BDE8F047FFF77FBE388800
S2140263803B79504518D86F2B4FEA131214D85B0787
S21402639010D0123708F1010899F800105FFA88F653
S2140263A0B142ECD80023104ADEB28E4214D3204605
S2140263B0BDE8F087022AECD913F092FA0028E8D159
S2140263C029463046BDE8F04712F00CB94FF00008F7
S2140263D04FF6F77A044FDFE7107901338F28EFD8AC
S2140263E01232E1E74E730020D86000207E6800205B
S2140263F04FF6F773984210B514D8FFF7ABFFFF2895
S21402640010D0134C00B200EBC00004EB40040EF0B8
S214026410A7F8104938B962880B7802EB0313A3EB8E
S2140264201213638010BD227C637C09789A42E27361
S2140264302374617407D98B4203D213468B4228BF5A
S2140264400B461B02EDE78A42F8D31346F9E700BF74
S214026450D86000202A6900202DE9F04106460F4642
S21402646000240E4DDFF8388098F80030A34201D899
S214026470BDE8F081082229463046F6F709FF40B902
S21402648035F8063CBB4204D02046FFF7E1FE013C4D
S214026490E4B20134E4B21235E6E700BFDE60002063
S2140264A07E680020F8B5054608460E46FFF7A0FEB1
S2140264B0FF2830D01D4B294653F820703046FFF790
S2140264C0CBFF2846FFF746FFFF28044625D113F0E8
S2140264D022FAFF280AD1164C207838B10FF093FE24
S2140264E02378B0FBF3F202FB1300C0B2294612F087
S2140264F079F8044623B20F4D03EBC30305EB4305BD
S21402650008223146A81DF6F7C9FB2B79204603F070
S2140265100F032B71F8BD0027D3E7074B1B78002B20
S21402652018BF0027014B43F82070E3E7284A0020F3
S2140265304E730020D86000207073002038B50B4BD5
S21402654004461B780D46834204D840F25A21084876
S21402655015F09DFD074804EBC40400EB44002946F1
S214026560BDE8384008220630F6F798BB4E73002086
S21402657083650400D860002070B5044608460E46BF
S21402658015F040FFFF28054610D02046FFF730FEE4
S214026590FF2807D0084B1B7823B9084B53F8202056
S2140265A043F8252021462846FFF7C8FF31462046F5
S2140265B0BDE87040FFF750BF70730020284A0020E5
S2140265C02DE9F8430024804601272646114DDFF8C0
S2140265D04C9099F80030A34210D83E430134E4B2FE
S2140265E01A2C4FEA470705F11205F2D14FF0FF3099
S2140265F0094B1B7898403043BDE8F8832B88434507
S214026600EBD0284612F037F80328E6D82B796F2B02
S214026610E3D8E3E7D86000204E7300207E680020AF
S21402662010B5084C00EBC00004EB400423795B076E
S21402663007D1204612F01FF8237923F007031843E8
S214026640207110BDD86000200022084B1878084B35
S214026650D1B2884203F1120300D8704713F80D1C1A
S214026660013221F0100103F80D1CF1E77E680020CC
S214026670D86000202DE9F04702261227DFF85C904A
S214026680DFF85C8099F8004000250CE007FB05F374
S21402669038F803A00021504612F002F810B15CB19F
S2140266A0013CE4B2013599F80030EAB29342EDD8E3
S2140266B0A34204D14FF6FF7A5046BDE8F0870FF0AA
S2140266C0A2FD99F80030012EA3EB040390FBF3F22F
S2140266D002FB1300C4B2EDD00126D5E77E68002087
S2140266E0D8600020034B00211A7803489200F6F780
S2140266F083BA00BF4E730020284A002010B5134B01
S2140267000C461B7886B0834212D9114900EBC000B2
S21402671001EB4001082220460631F6F7BFFA0022B6
S2140267200821204611F065FD80F00100C0B206E0A7
S214026730C01A01A9C0B213F0F7F810B1002006B0D3
S21402674010BD01AB03CB20606160E8E74E7300200A
S214026750D860002008B5074B024653F820308B421B
S21402676006D915204FF6FF7115F038FD002008BD3A
S2140267700120FCE7284A0020024B013143F8201092
S214026780704700BF284A00202DE9F34781460C4691
S21402679000272A4EDFF8ACA09AF80030FDB2AB42D2
S2140267A010D86946204613F0D8F8C0B308226946C6
S2140267B04846F6F76DFD90B34946204612F016FAA3
S2140267C0FE2537E006F10608082241464846F6F757
S2140267D05FFD90B94FF6FF739C422BD03388A342DD
S2140267E028D0204615F01FFEFF2814D14946204621
S2140267F002B0BDE8F047FFF755BE14B912360137AE
S214026800CAE73388A342F9D100220821404611F094
S214026810F0FC0028F2D12846FFF71AFDCCE74946DD
S214026820002015F0FEFDFF28054603D0044B1B781A
S2140268300344DDB2284602B0BDE8F087D8600020E7
S2140268404E7300207E6800200F4B1B7883420CD8C4
S214026850C01A0E4AC0B232F81030D90411D443F42A
S214026860805322F8103001207047094B00EBC0001D
S21402687003EB40035A79D10603D442F010025A7150
S214026880F1E70020704700BF4E7300200C61002025
S214026890D8600020F0B5134B06461B78FBB10025E6
S2140268A01148DFF84CC090F800E0104807781F4403
S2140268B0E8B2864501D80020F0BD7C1B94FBF3F0BD
S2140268C003FB10440CEBC4003CF83440B44204D141
S2140268D0002AF1D184788C42EED00135E8E71846DA
S2140268E0EAE700BF50730020484C00207C68002076
S2140268F02C4A002070B50CF087FF14250F49104E65
S2140269000B78328830809B1A03449BB2B3FBF5F4B3
S21402691005FB14330B700B49E2B20B78934292BF1D
S21402692000239B1ADBB2032A0B7088BF002306499A
S2140269309EBFD2000B68D3400B6070BD1369002067
S214026940406100207B680020484C0020084B1868F5
S214026950084BC2B21B789A4208D2074BC0F30720F4
S2140269601B78984234BF00200120704701207047F0
S214026970484C00205073002012690020F8B50546E6
S2140269801746FFF7E3FF064610B9184B1A783AB9CE
S214026990212001224FF6FF7115F020FC0020F8BDE1
S2140269A01348DFF854C003780133B3FBF2F402FB5A
S2140269B0143303700F48DCF8002000EBC30420F801
S2140269C0335002F10132A1703846CCF80020FFF7AE
S2140269D0F7FDE670606011F07EFCA84201D101204E
S2140269E0DDE7E3780133E370F9E700BF5073002078
S2140269F07C6800202C4A0020484C002010B50B4C26
S214026A000B4A2378063B13700CF0FEFE0022094B5D
S214026A10FF211880084B09481A602278D200F6F740
S214026A20EBF80422064B1A7010BD00BF507300200C
S214026A301269002040610020484C00202C4A0020A9
S214026A407B6800202DE9F843074615F019FB05463A
S214026A501A4815F08CFC1A4B48B31C683C1B2C4495
S214026A60A4B20022174BDFF864901B78164D99F8F3
S214026A70006005EB03155FFA82F8464509D9AB8834
S214026A8005F11000A34215D9B21A29461201F6F7EB
S214026A9005F9013689F80060AC80B8F1000F03D121
S214026AA03946064815F09EF82846BDE8F8833C4667
S214026AB01D60D6E705460132DDE700BF34710020CF
S214026AC0C45A0020156900202849002016690020B3
S214026AD02DE9F74F15F0D4FA4FF0000E284D294F46
S214026AE02978294C97F800A004EB011303EB0A124D
S214026AF00092F3465246DFF898801FFA80FC06465C
S214026B00B8F80000ACEB0009A0EB0C001FFA89F9FC
S214026B1001900098984217D1BEF1000F00D029705C
S214026B20524503D200203A70FDF7DEFA3B7823B3D3
S214026B302B78164804EB0314A188C8F8006003B04B
S214026B40BDE8F04F15F04EB8B3F804C0CC450FD8E8
S214026B504FF0010E93F802C001310CF1FF3C013AEE
S214026B60A3F804B083F802C0C9B2D2B21033D0E799
S214026B7001988444A3F804C0F8E703B0BDE8F08F98
S214026B80156900201669002028490020347100206B
S214026B90C45A00207FB56C461E4B1F4D1E78013E20
S214026BA0F6B21E7095E80F0084E80F001B4B2846CD
S214026BB01A7805F1100132441201F6F76FF89DF8C3
S214026BC0026016F00F0511D1BDF8080009F02CFE80
S214026BD0360918BF29464FF00002BDF8000008BF6C
S214026BE0039904B0BDE8704002F022BDBDF804006F
S214026BF0FFF728FF0346828804ADADF8042022463C
S214026C0003CAAA4218605960144603F10803F6D173
S214026C1004B070BD156900202849002016690020BE
S214026C20F8B50024084D094F094E3B783178E2B298
S214026C300B449A4204F1010400DBF8BD2846FDF736
S214026C401DFF1035F1E700BF284900201669002015
S214026C501569002070B5134B06460D4610461249BC
S214026C601A78124B09781B780B44934206DB1F20D6
S214026C704FF6FF7115F0B2FA002070BDFFF7E2FE84
S214026C80013506808570044615F0F5F9E08009F0B6
S214026C90D1FD40F602432081E3600020FDF724FA8E
S214026CA00120EAE74D7300201669002015690020CE
S214026CB02DE9F84386460023144FDFF85C803E78C1
S214026CC098F8005012497219DCB294421CDA4FEA64
S214026CD0041C31F80C900133F14501EB0410F3D19A
S214026CE0631CD21A0CF1100C12016144F5F7D6FFA0
S214026CF0A5428BBF05F1FF3506F1FF3688F8005036
S214026D003E700CB9034B1C70BDE8F8831669002070
S214026D10284900201469002015690020044B054A02
S214026D201B781278D3420CBF01200020704700BFA8
S214026D301569002016690020024B1878003818BF23
S214026D400120704715690020002108B5084B094844
S214026D501970094B1970094B1970094B1A781201F0
S214026D60F5F74AFFBDE808400648FEF777B900BFC8
S214026D7016690020284900201569002014690020A1
S214026D804D7300203471002010B50B4C23784BB1A4
S214026D900A4802F03BFD58B1084B0121188811F051
S214026DA08CFB08B9002010BD0122054B1A70FAE7C9
S214026DB0FFF7F0FEEAE700BF156900202849002029
S214026DC01469002010B50E4B1B78BBB10D4C2388FE
S214026DD083424FF0000311D10B4AE160137049B9A8
S214026DE0A3781033A37011F032FE18B9A37823F0FB
S214026DF00F03A370FFF7CEFE012010BD1846FCE776
S214026E0015690020284900201469002070B592B048
S214026E100C4606460FF0F4F9E17A05460020FCF728
S214026E2033FE28B394F90A0011F0EEF910BB134BA7
S214026E30E27A294683F85820A27A83F85A206A46CC
S214026E40FDF748F94FF6FE739E420CBF4FF6FF73EE
S214026E5023896A4629460020ADF80660ADF804305C
S214026E60FDF7EEFB40B92289054B5A8012B070BD81
S214026E705520FBE75620F9E72120F7E7DC590020EA
S214026E80C85A002010B50446014608220948F5F7FC
S214026E9005FF237B022B0AD8002B14BF31220122C6
S214026EA005490B7017234B61044B1A7010BD002363
S214026EB00122F5E7CC5A0020C85A00208468002038
S214026EC0014610230120014AFEF742B964EE010092
S214026ED0014B5861704700BFC85A0020014B187812
S214026EE0704700BFC85A002010B5054C2378112BF6
S214026EF003D0E221034815F0CAF84123237010BDDF
S214026F00846800208E650400064B01461B78042B1D
S214026F1004D1054A137E053313767047034814F0EE
S214026F2061BE00BF85680020C85A00205471002048
S214026F3008B50648FDF7A2FD0548FDF79FFD0FF0D0
S214026F408BFABDE8084000F0EBBF00BF3C610020B2
S214026F506E610020064B1878332806D000F0EF004A
S214026F60A0F143035842584170470120704700BFC2
S214026F7084680020002208B5074B4FF6FE701A7090
S214026F8011F0B5F94FF6FF7011F0CEF9034B5869C0
S214026F90BDE808400FF0F6B984680020C85A002001
S214026FA008B5064B187838B10548FEF743F84FF493
S214026FB07A73B0FBF3F0C0B208BD00BF7968002058
S214026FC0084C00202DE9F0438BB00746154698463C
S214026FD00E469DF8489049B9104605AC15F023FABE
S214026FE0214612F0A1FC172818BF2646B9F1000F59
S214026FF00AD1124B1B781BB9284612F0B2FCD0B944
S2140270002846FEF7A1FA02E0284612F0AAFC80F013
S2140270100104E4B29DF850302A4602939DF84C30A3
S2140270203146CDE9009338464346039411F089FB76
S2140270300BB0BDE8F0834C46ECE700BF806800204A
S2140270400022014B1A767047C85A002008B5002065
S214027050FEF788FC0023024AC2E90133538008BDCA
S214027060C85A002010B5144B1B78033B012B16D8C8
S214027070124BB3F868204FF6FF739A420FD10320E3
S214027080FEF7E6F801F052FFFFF7E0FF002014F0EB
S214027090B3FB78B1BDE81040002010F099BFFEF7B0
S2140270A0C7F80446FEF7BEF80146204607F01AF86F
S2140270B00220E5E710BD00BF85680020DC590020ED
S2140270C008B5114A114B58611378032B1BD0D3B164
S2140270D0332B01D0432B10D10D4B1B78033B012BD6
S2140270E005D803231370BDE808400FF04BB90FF024
S2140270F049F9BDE80840FFF7B5BF21231370BDE884
S214027100084001F07DBD08BD84680020C85A0020F2
S2140271108568002008B50348FDF7A0FFFFF796FF35
S214027120022008BD084C002038B5114D04462B78C5
S214027130834218BF28700FF032FD80B124B9204672
S2140271400FF02FFD02220DE001200FF02AFD2B7812
S2140271501A1F012A05D9062BF4D1032202E0002CBD
S214027160F5D10122BDE838400021084611F029BABF
S2140271708568002030B5044685B068460D46FFF7A0
S2140271809FFE94B100212846144A01F0F3FE144BE8
S21402719020681B7861688DF80430124B1B788DF8D6
S2140271A0053002AB03C305F071F90F4B93F8582074
S2140271B093F85A308DF803208DF8023011F0A8F8B3
S2140271C0ADF8000011F087F81023ADF80600694606
S2140271D00020064AFDF7BCFF05B030BD00F8FF07E9
S2140271E04473002085680020DC59002064EE01000C
S2140271F010B5104B04461A780F4B002083F858201F
S21402720014F0FAFA10B1002010F0E2FE002108464F
S214027210FFF7B0FF0FF0B5FC2046FDF749FA40F63F
S21402722017400FF0AFF80023044A1380044A138075
S21402723010BD00BF17690020DC590020166100202F
S214027240146100201FB504466846FFF739FE54B1A4
S21402725000238DF80530102369460020064AFDF704
S21402726077FF04B010BD11F036F8ADF8060011F045
S2140272704FF8ADF80000EEE764EE010010B50146E7
S21402728004460020FCF700FC90B10C4B1B78023B36
S214027290032B0FD80A4B1C7014F0E2FD60B9094AA2
S2140272A00949FCF779FF003818BF0120800010BD9D
S2140272B05520FCE70220FAE74D20F8E78468002014
S2140272C017690020419B0200F1710200F8B50646DC
S2140272D014F0C6FD044668B914F08EFA50B1064D95
S2140272E0204695F8587085F8586010F071FE10B177
S2140272F085F858704D20F8BDDC5900202DE9F04184
S21402730080461846033B012B0E46174602D918B193
S214027310212438E0FFF708FF274B1D78022D08D0FE
S214027320032D46D1B8F1000F03D1244B1B689B07EF
S2140273303FD43320FDF78CFF01F096FAB6F1006FCA
S21402734034BF1F4B052231464FF0060038BF1A786D
S214027350FEF7FCFC044628BB1A4D2873012000F0F9
S21402736017FE10F0D5FF68802846B8F1000F0DD042
S214027370022300F8043B11F037FA6C732F6139468A
S21402738030460EF043FF2046BDE8F081012300F8A8
S214027390043B11F029FA6C732F61394630460EF021
S2140273A034FFF0E72846FDF753FFB8F1000FF4D09C
S2140273B0E5E70224E7E700BF846800205C4C002073
S2140273C071730020C85A0020034B187818B9034B73
S2140273D0034A1B78D05C70478368002085680020CB
S2140273E0C0B2040038B5437B0446DB0703D590F9E8
S2140273F009000FF0C5FB00250F4B83F85950207982
S214027400FFF764FFFFF7E0FF618824880346224601
S2140274102846FEF7ADFA044620B11720FFF750FEC5
S214027420204638BD1723054DC82105486B6114F068
S214027430D9FB03232B76F3E7DC590020C85A002039
S21402744054710020F0B51A4D06460C4693B0A5F8C6
S214027450680005F16A0729BBC5F86A1079600EF064
S214027460CFFE6A4601460020FCF734FED5F86A30A5
S214027470ADF81060CDF812307B68CDF816300EF0FD
S214027480BFFE6A4601460020FDF7DAF84FF6FF73A4
S214027490B5F86800984203D014B106490EF0B9FE5A
S2140274A013B0F0BD08223846F5F7F8FBD7E700BF61
S2140274B0DC590020465A00202DE9F041DFF8B8805A
S2140274C01F4698F8003005460C4616461BB10225A4
S2140274D02846BDE8F081531E052BF8D814F0C0FCF0
S2140274E00028F4D13B7B032B14D14FF6FE739C424B
S2140274F012D1012E09D0022EE9D110F0ECFE4FF681
S214027500FB73984203D810F0E6FE044604E011F03E
S2140275103DFBFAE7012EDAD0EDB939462046FFF7F1
S21402752075FC05460028D3D198F80030332B03D0DB
S214027530532B1CBF0E4B18613046FFF7F5FD00219A
S2140275404FF6FF70FFF77EFF0A4B1B78002BBFD06B
S21402755012F0EDF9BCE7397B721ECB1E5942594137
S2140275605042504105F07CFF05460028D5D0AFE7D3
S214027570C85A002072730020846800202DE9F0416A
S21402758005460F46904610F0A6FE6B7B0446DB07C8
S21402759003D595F909000FF0F3FA10F09CFE384B6C
S2140275A0384E188010F0B4FE374B1880FDF73AFEBE
S2140275B0364B1880FDF73CFE082201463448F5F7A4
S2140275C06DFB10F04AFE334B18702879FFF77EFEEB
S2140275D000216888FFF736FFFDF726FF60B14FF6F9
S2140275E0F672631E9BB2934206D911F0CFFAB6F832
S2140275F0683004468342F8D0204610F078FE288889
S21402760010F092FE4146B6F86800B847044628B91C
S2140276101920FFF755FD1920BDE8F081B6F868106D
S21402762010F012FC00231C4D86F859302B7803F01C
S214027630FB03022B02D0204611F073F800222046EC
S2140276401146FFF707FB0446B0B117236B61134BD5
S2140276501B78042B09D1C821114814F0C3FA03235E
S2140276602B7684F00100C0B2D6E74FF416710C48B0
S21402767014F0B8FA0023F3E71720FFF721FDF0E72E
S21402768046610020DC59002044610020426100204F
S2140276901869002020690020C85A0020856800204A
S2140276A054710020F0B50C461E460B46204907468C
S2140276B089B004F1140053F8045B834241F8045B7A
S2140276C0F9D11B8802AD0B80D4F80E00D4F8121044
S2140276D0238803C5ADF8103023798DF812208DF873
S2140276E0133000233A468DF814304FF6FE7101200F
S2140276F002ABFFF7E1FEC8B902A8FFF7C3FB237B84
S2140277004BB10C4D0C4B01AA2946012001930FF0F8
S21402771015FA2A781AB92046FFF764FE03E02046D7
S2140277200199FFF72BFF08B9044B1E7009B0F0BD94
S21402773048610020C85A0020FF8703002169002004
S21402774001232DE9F341304E05460F4600202F490E
S2140277501446737300F0EAFB0FF014FADFF8AC80FD
S21402776038B9012D01D9042D0FD1214638460EF025
S214027770CDFD1020002112F0F2F800283CD00020A7
S21402778002B0BDE8F041FCF7AFBC002CF1D1204BB3
S2140277901B78212B03D0062B01D0532B02D101F0EC
S2140277A02FFAE6E7FDF740FE0028E2D000F0EAFBFB
S2140277B028B9307BC0F11800FFF782FCD9E7154BD9
S2140277C041462046019300F0B1FB20B140F6190174
S2140277D0114814F05CFC01AA0B4998F80C000FF053
S2140277E0ADF932781AB90948FFF7FCFDC1E70199ED
S2140277F00648FFF7C3FEBCE7FFF79EFA0028BED195
S21402780002B0BDE8F08100BFC85A002048610020DF
S21402781084680020FF8703008E6504001FB5144BA2
S21402782004461B88DB0707D44FF6FF700021FFF7DC
S21402783009FE002004B010BD0A230E4A012001A949
S214027840FDF786FC4FF6FF73BDF80C209A42EBD08C
S2140278500822FF2101A810F0CCFC0028E4D10CB9C4
S2140278600120E7E7BDF80C0001A9FFF7EBFDF7E7FB
S2140278706061002026E1010038B50C46154610F07E
S21402788036FD02F053FF29462046FFF7DBFD00F0E7
S21402789079FB48B1054BDB790E2B28BF0E2301334B
S2140278A0DBB2034A137038BD0123FAE748610020B1
S2140278B02D69002038B51D46FFF7FEFD0446C8B9FF
S2140278C02B7B2846032B03D1BDE8384010F0ABBF14
S2140278D0FFF7D8FA084B25469C8110F0BEFC012122
S2140278E0064B81401A780620FEF730FA044608B1A5
S2140278F0034B1D70204638BDC85A00207173002005
S2140279008468002030B5012087B0FFF787FF6B46FA
S2140279100446144A1068516803C384B904F0C4FDCF
S21402792002A8FFF7CDFA4FF6FF752246BDF80E0005
S2140279302946FFF7A1FF0EF070FC07B030BD6B467C
S214027940094AD2F86A00D2F86E10B2F8685003C339
S21402795004F0AAFD02A8FFF7B3FA6A46BDF80E00C5
S214027960E6E700BF22EE0300DC59002037B5324BB3
S21402797004461B781BB10224204603B030BD14F027
S2140279806FFA0028F7D100F00DFB14B122882B4BBA
S2140279901A8000210DF10700FDF7D0FC002848D11F
S2140279A010F013FF04460028E6D1254D9DF8070087
S2140279B0FFF7BAFB2B78033B012B27D82046FFF7AD
S2140279C02DFF18B3FFF79EFF00F0FCFEFFF74AFB01
S2140279D0012010F00CFC48B9184B1B889A0707D5F3
S2140279E02346052201201749FFF788FC0446C3E711
S2140279F0154D022329460120144AFDF7A9FB2B88C0
S214027A005B07B9D5204600F0F1FEB5E72B78053BBB
S214027A10012BB1D8FFF776FFFFF724FB2B78052B57
S214027A200CBF04200520FDF713FC012010F0DFFB3D
S214027A30DCE71724A0E700BF84680020606100200E
S214027A408568002000F8FF071261002027E1010088
S214027A507FB50024184E194D3278E3B29A4201D807
S214027A6004B070BD4FF6FF73B5F868209A421AD07C
S214027A70134B1B88DB0714D5124AB5F8683010681A
S214027A805168ADF80C3001AB03C30F4A0A2300203D
S214027A9001A9FDF75DFB022300200C4A0C49FDF705
S214027AA057FB0134D8E700220821064810F0A1FB54
S214027AB00028F6D1DCE700BF4F730020DC59002017
S214027AC060610020465A002026E1010027E10100FD
S214027AD01261002010B500F0C7FE01F013FCD8B109
S214027AE00E48FDF7BBFA0E480E4C017A0E30FFF731
S214027AF041FB23781BB100F0F7F900232370002224
S214027B00094B1A73FFF7AEFA07F0B8F900F012FF46
S214027B10BDE81040FFF79CBF10BD00BF54710020A7
S214027B204861002021690020C85A002010B5254867
S214027B30FDF794FA01F0E6FB30B1234B1B781BB934
S214027B40BDE81040FFF7C6BF01F0DCFB78B11F4C62
S214027B50237E83B1C8211B4814F044F80021237EFB
S214027B600846013B2376BDE81040FCF72BBBFDF729
S214027B705BFC0028EBD1FDF757FC154B1B7858B978
S214027B80112B03D003F0FD03412B19D1BDE81040A1
S214027B900E4B5869FFF794BA332BF7D10D4B188862
S214027BA010F0A5FB0C4B188810F0BEFB0B4B0C49D3
S214027BB01888FFF747FC0B4B1878FFF787FBE5E7BB
S214027BC010BD00BF5471002080680020C85A0020F3
S214027BD08468002046610020446100204261002043
S214027BE018690020206900202DE9F04F0F4685B065
S214027BF002AD044629463846914612F042F94FF045
S214027C00000B82463846CDF804B010F0D3F9467819
S214027C10022C804606F0020609D85CB1FDF704FC89
S214027C200446002848D1754B01241B7865E0043CC5
S214027C30022C3AD9FDF7F8FB384610F034F9002446
S214027C400546A046DFF8D8A1384610F0B3F950F83A
S214027C5009300DF10500019314F0F7FA9DF807B00C
S214027C600746B8F1000F4DD1BBF1000F5BD0DFF82D
S214027C708C9199F800300BB1002E63D0002C61D0A5
S214027C805F4B1B78022B5DD1BBF1000F53D13846F8
S214027C9010F02DFB58465946FFF76CFA07F0EEF83F
S214027CA040F607400EF06EFB34E010F082FDFDF762
S214027CB0BBFB0446F8B15C464EB1524B1B78012B17
S214027CC002D0043B012B0BD805B0BDE8F08F4B4B1E
S214027CD01B782BB14B4B1B7803F0FB03022BF3D024
S214027CE0BAF1000F404608BF002512F0BDF84FF06B
S214027CF001088246A8E7414B1B78002BF0D0002EE5
S214027D00EED1E1E7BAF1000FAED05046FDF71EFE07
S214027D100028A9D1002013F06FFD0028D4D000203F
S214027D2010F056F9D0E74FF6F7739F429FD9172007
S214027D30FFF7C6F9EEE7FDF777FB48B13248FDF7E5
S214027D408DF9F4E7FDF770FB10B1BBF1000FF5D12A
S214027D50FDF76AFB0028DDD02846FEF749FAFF2821
S214027D60DFF89CA0294C03D09AF80030012B04D1EE
S214027D702946B4F86800FEF795FBFEF751FC2A4642
S214027D803846B4F86810FFF777FD214B214A93F97D
S214027D9006301B0213809AF80030012B19D0312BC3
S214027DA014BF432311238AF800301B4B1648196868
S214027DB013F018FF00F006FD0023124C99F800108D
S214027DC0237641B9104813F00DFF40F61B4363615A
S214027DD0A0E71123E7E7B8F1000F03D016B1FFF7CB
S214027DE079FEF2E70D4B1B78042BEED105210648EF
S214027DF013F0F8FE09232376E7E700BF8068002029
S214027E0084680020C85A002054710020DC590020E3
S214027E10486100205E6100207471002085680020A1
S214027E200769002070B508468CB00D4610F0C2F8FF
S214027E3009220021064613F029FD0446284610F0C2
S214027E4032F8052228460DF10F0304A90EF0ECFACB
S214027E5002281BD09DF80F3029461C440023E4B2AA
S214027E6004F11002365D01200093D2B20CF066F9DE
S214027E7060B1022E0AD1064B1B78012B06D1054BA8
S214027E80187818B922462946FFF7AEFE0CB070BD28
S214027E9084680020C85A002008B5084B187050B1F4
S214027EA0074B1B883BB14FF47A710648594313F0CF
S214027EB099FE002008BD0120FCE700BF776800207D
S214027EC0F0720020284B0020014B188000207047DB
S214027ED0F072002008B5FDF7C1F80022014B1A70B7
S214027EE008BD00BF7768002010B50024044B054883
S214027EF01C80054B1C70FDF7B1F8204610BD00BF74
S214027F0062610020787100202269002008B50348CB
S214027F10FDF7A4F8BDE80840FFF7E6BF7871002039
S214027F200148FCF7ABBD00BF62610020F7B5134BFA
S214027F3004461B780E46EBB183421DD90021104839
S214027F4014F0E7F9002501460D4F09B9012009E0B2
S214027F50AC4209D10024162322463046009414F07F
S214027F606DFA204603B0F0BD384614F0F6F9013536
S214027F700146EAE71820F5E72720F3E72269002002
S214027F8062610020014B1878704700BF226900200A
S214027F9025289DBF024B187000202120704700BF85
S214027FA073730020012307B51846064A0DF1070130
S214027FB0FDF7CEF89DF80720034B1A7003B05DF864
S214027FC004FB00BF29E10100F272002084B010B564
S214027FD002AC84E80F00082224480DF11601089C22
S214027FE0F5F756F938BB9DF815309B0705D4204B9C
S214027FF01B7803F0FD03312B23D11E4963780978E1
S21402800003F00F028A4203D0012928D1022A18D18E
S2140280102278B2B91B09022B13D194F90230002B35
S21402802021DB154BB3F86820BDF80A309A4208D116
S214028030FEF790FF06E0002208210C4810F0D9F85F
S21402804020B90020BDE8104004B070470B4BBDF8C5
S21402805008205B889A42C6D0002BC4D0F1E70229DA
S214028060EFD1012AD3E70120ECE700BFCC5A00206B
S2140280708468002044730020DC590020C85A00207F
S21402808084B02DE9F0478EB016AC84E80F00DFF816
S21402809068C1564BBCF802009DF85D9010F00104D2
S2140280A09DF96220BDF870E09DF875A09DF9767086
S2140280B09DF878509DF97A109DF95E809DF8606073
S2140280C01B782FD09DF87D00C0F34004C0F38000DB
S2140280D0002B44D0464B1B78012B02D1002C00F01B
S2140280E08280C0B19CF800301E335BB2BB42ACBF8C
S2140280F0002701279845D4BF00230123BB4209D19C
S2140281008A4208DB0CD1A81BC0B280288CBF002094
S214028110012000E038460EB0BDE8F04704B07047D4
S2140281200020F8E710F0020F18D0C3B1490814BFB8
S21402813001200020520814BF012300238342EAD103
S214028140AB1BDBB2802B0AD9AE42E9D1B84506DBBF
S21402815049D1CA4594BF00200120DCE70BB90120B3
S214028160D9E7AE4216D002AC1CAF0FCF0FC497E8C9
S214028170030044F8040B2180DDE91A0116AB0090D7
S214028180ADF804100FCB0EF0D2FC0028E7D1AE42B9
S214028190B9D1C0E7BDF8583073451ED008AC0DF112
S2140281A0700CBCE80F000FC49CE8030044F8040BF4
S2140281B02180104C638873450FD10822211D0DF1D2
S2140281C02E00F5F765F8024638B90821201D10F092
S2140281D010F810B96388002BC1D1B845BFDBC2D1F5
S2140281E0CA45BCD8BFE7204695E700BF22690020F3
S2140281F084680020C85A0020F272002084B02DE95C
S214028200F04F8FB06A4E18AC08AD84E80F00162205
S21402821000212846F4F7F0FC33783BB90024654B7E
S21402822032781B789A4239D2002726E0002162482B
S21402823014F06FF800270446B846DFF87C91002C4D
S21402824045D13FB1224639465B480FF036FF3378B8
S214028250013B33703378002BE0D0002156484FF0B4
S214028260000914F056F84F468046CA46DFF848B171
S214028270B8F1000F6CD1002FD1D01621002218A819
S2140282800FF0B3FE014648B1002F00F08B80224665
S21402829049480FF0CAFE337801333370454B3278C3
S2140282A01B789A4207D94448002201880FF005FF3E
S2140282B03378013B33703378012B03D13F49404872
S2140282C013F090FC0FB0BDE8F04F04B070470022E8
S2140282D0214616232846CDF8008014F0AFF8162261
S2140282E0294618A8F4F7D4FF0028EBD09DF864209E
S2140282F09DF824309A4225D1BDF86020BDF8203082
S2140283009A421FD108220DF12E010DF16E00F4F7EC
S214028310BFFFB8B902AF0DF1600CBCE80F000FC783
S2140283209CE8030047F8040B39800EAB13E9030000
S2140283300090ADF8041095E80F00FFF7A1FE0028A4
S214028340C0D027462146484614F007F8044676E78A
S2140283501623002241462846CDF800A014F06EF8F7
S21402836002AF0DF1600CBCE80F000FC79CE80300DB
S21402837047F8040B39800EAB13E903000090ADF802
S214028380041095E80F00FFF77BFE074620B1B9F10F
S214028390000F04BF444681464146584613F0DDFFAF
S2140283A0804665E73A46044813F0B9FF73E700BF14
S2140283B022690020737300206261002020BF020041
S2140283C0787100202DE9F04F002104469FB00DF190
S2140283D04008162240460E91CDE90C11CDF83B100E
S2140283E0F4F70AFC052220460DF11F0316A90EF02B
S2140283F01BF80228074600F0F28020460FF0DAFD4E
S214028400064613F022FF8146F01C13F01EFFADF85D
S2140284104000701D13F019FF012FADF842002046F0
S21402842040F0E0800FF0C6FD0546204613F0EEFA57
S2140284300D3502232D1A0093214643460820EAB240
S2140284400BF07CFE002800F0CA8020460FF0B7FD35
S214028450012F83469DF84D3040F0DC8000252F46E4
S21402846043F001038DF84D3016AE3388022B4DD102
S214028470F1782046023108F065F81B2846D1F178DB
S2140284802046033108F05EF819283FD1F1782046DD
S214028490043108F057F84A2838D14FF0050AF17827
S2140284A020460131514408F04DF8F17805905144C8
S2140284B0204608F047F8059B00EB032083B200F045
S2140284C03F02932B059240F095800023F7782146D1
S2140284D002375744FFB23A4600930CA80F2313F014
S2140284E0ADFF07F10F01204611F0A4FB07F11101C1
S2140284F00546204611F09EFBADF84200059B02336E
S21402850053445FFA83FA33795345C8D806360DF1D9
S2140285107603B342A9D19DF84D20C5F3C03363F369
S214028520410220468DF84D200FF0DBFC8DF844000A
S21402853020460FF0CBFC8DF8450020460FF0CBFC12
S2140285409DF83230BBF1190FC3F3C3028DF84720F2
S214028550DDF833208DF84600CDF84E20DDF83720C2
S214028560CDF8522094BF00229DF83E208DF8482078
S21402857003F003028DF84A209DF84D20DB0963F3D1
S2140285808202694B8DF84D201B78022B56D1BDF81E
S21402859040600FF0BDFE864250D108A810F024F9C4
S2140285A0BBF1190F47D908220DF14E0108A8F4F7BE
S2140285B06FFE00283CD1B9F5004F02D0B9F5624FE4
S2140285C00DD140F6FF7325F440459D4207D10022A7
S2140285D008210DF14E000FF00CFE00283ED01FB011
S2140285E0BDE8F08F0FF0E6FC0546204613F00EFAC3
S2140285F007351EE7412B81D1F178204602315144DE
S21402860007F0A0FF494B1B78C3F1B30318448DF85B
S214028610490073E76FF30003F01D8DF84D3013F039
S21402862014FE0CA90546204610F030F90B2772E717
S21402863000F058FDBFE700F055FDD0E7B9F5004F52
S21402864002D0B9F5624FCAD140F6FF7325F4404511
S2140286509D42C4D1BBF1190FC1D9B8E7BBF11A0FBD
S21402866006D007F11F0142462046C9B20EF065FA4F
S2140286702F4C304D637BDBB12B78012B1DD10123B0
S21402868023730CAB029314AC94E803000090ADF88D
S214028690041098E80F00FFF799FC90B194E80300E5
S2140286A00090ADF8041098E80F00FFF7A7FD08E069
S2140286B0FCF7BAFE0028DFD0E1E703F0FD03042B47
S2140286C0DDD02B78012B01D0042B88D11A4BDDF894
S2140286D04E001B78DDF852108DF82230BDF840307F
S2140286E0ADF820309DF84D30C3F340038DF82330AB
S2140286F09DF8313003F00F038DF82C309DF848308A
S2140287008DF82D3009AB03C30C4B1B681BB14146D9
S21402871008A8984763E79DF946209DF8451008A8E3
S2140287200DF0F2FD5BE700BF846800202969002097
S214028730C85A00201069002028690020BC5A002070
S21402874010B513F09DFC114B1B78022B1CD1104A5E
S2140287501468A04218D00F4910600A68121B104411
S2140287600D4A086012786AB1013A93403C2253439C
S2140287704FF47A725343984206D9BDE8104003205C
S214028780FCF766BD0A23F3E710BD00BF846800202D
S214028790544C0020504C002040730020064B1B888F
S2140287A0DB0708D50022054B43F82020044A135C59
S2140287B063F00F031354704764610020A44A00203C
S2140287C04968002008B513F05BFC0022024B1860D3
S2140287D0024B1A6008BD00BF544C0020504C0020CB
S2140287E0014B1868704700BF504C002008B50C4873
S2140287F0FCF734FCFCF772FD80B10A4B0322B3F897
S214028800681001200EF0B9F94FF47A71064B04484D
S2140288101B885943BDE8084013F0E4B908BD00BF01
S21402882098710020DC590020D4720020014B188079
S21402883000207047F6720020044A054B1870138811
S21402884023F0030318431080002070476461002061
S21402885041730020034B1888C0F30E00003818BF7F
S214028860012070471261002008B5FFF7F3FF30B110
S214028870002004490223044A0880FCF769FC002011
S21402888008BD00BF1261002027E10100024B1888D4
S214028890C0F30E00704700BF126100200023084A92
S2140288A001201370074A08491370084B084A1B78C0
S2140288B043F0040313800223064AFCF749BC00BFB8
S2140288C025690020246900201261002041730020DF
S2140288D06461002027E1010030B5012100240B234A
S2140288E085B0104D019400918DF80C308DF80D0076
S2140288F00323B5F8680003AA8DF80E4011F053FA68
S21402890068B1B5F8681010F07EF840B10522064B43
S21402891064211A70054B06481C7013F063F905B003
S21402892030BD00BFDC5900202469002025690020E4
S214028930B8710020064B1B78033B012B06D8054B6B
S2140289401B781BB9044B1878FFF7C6BF704700BFE9
S21402895085680020236900204073002010B5154862
S214028960FCF77CFB144B1978F9B9144A13787BB1DF
S214028970013B1370124B1B78042B02D10846FBF7FF
S21402898021FCBDE810404FF496710A4813F02AB94C
S2140289900C4A128802F00302022A0AD1BDE81040ED
S2140289A0032201200849FEF7A9BCBDE81040FFF7E4
S2140289B0C1BF10BDB87100202569002024690020BF
S2140289C0856800201261002000F8FF07084B1A781D
S2140289D05AB10223013A93404EF6602253430321D2
S2140289E00448B3FBF1F113F0FDB842F21073F6E758
S2140289F040730020B871002070B505461748FCF792
S214028A002DFB0122164B28461A7011F0F0F9411C74
S214028A10044689B2284607F095FDA11C064689B28F
S214028A20284607F08FFD0F4C0223208021460020A7
S214028A300D4AFCF78DFB86B9238803F00303022B4D
S214028A4003D1FFF7BFFEFFF7C1FF23885B0704D5FC
S214028A50BDE870400548FFF7C9BE70BDB87100207A
S214028A60256900201261002027E10100987100208C
S214028A702DE9F0431F4C0546238889B0002B33D0DE
S214028A801D4E00214FF4807010F049FF3378DB074B
S214028A9028D50121208812F0F1FF074620880FF022
S214028AA089FA023013F0D1FB05A98046208811F01E
S214028AB085FA3378384613F0020F104B18BF00259C
S214028AC0B3F8009012F0BEFF0646384612F09EFF3C
S214028AD0F6B20290424606212846CDE9009605AB3C
S214028AE00DF0CEFB00232380054809B0BDE8F04315
S214028AF0FCF7B4BA6A61002026690020686100208B
S214028B00D871002010B5044640F62140FFF7B0FFAA
S214028B1001214FF4807010F002FF78B10022084B5A
S214028B201C80084B1A7007F085FEBDE81040064B05
S214028B301880064B0648198813F054B810BD00BFBB
S214028B406A6100202669002068610020D672002033
S214028B50D8710020044A137818B943F00103137041
S214028B60704743F00303FAE726690020044B1B789C
S214028B701BB9044A1380FEF707B90020704700BFEE
S214028B801469002066610020042230B501F040031B
S214028B9087B0002B054614BF012400248DF80C2054
S214028BA08DF80D1004D004A910F0D7FE10B304AB54
S214028BB0CDE9004301210223284603AA11F0F3F867
S214028BC00446C8B10D4BB3F868100FF03DF94FF6E6
S214028BD0F7739D4209D9322202212046FEF73AF85F
S214028BE080F00100C0B207B030BD294620460FF023
S214028BF00AFFF5E70120F6E71920F4E7DC59002022
S214028C0010B5FFF731FE04F031FA0FF088FD0020B0
S214028C1010F09BFE13F024F908B1FDF729F9204C59
S214028C202378532B12D1032323700023FF221946E5
S214028C300120FEF763FB002012F0DEFD10B10020DB
S214028C400FF0C6F9BDE810400DF09BBF062B01D011
S214028C50212BF0D10120FEF7F5FA4FF6FE700FF049
S214028C6046FB4FF6FF700FF05FFB0020FEF752FA4E
S214028C700020FEF759FAFEF7E9F900F029FB0DF09D
S214028C8083FF2378212B02D1FEF774F9D3E7002065
S214028C90FCF7DEFA00214FF4004010F030FCCAE781
S214028CA08468002010B50A4C0A48FCF7D7F92378E6
S214028CB0062B02D10120FEF7C5FA2378062B01D037
S214028CC0532B03D1BDE81040FFF79ABF10BD00BF7B
S214028CD084680020F87100202DE9F047DFF8C08094
S214028CE004460E461746FFF7BFFD98F8005015B922
S214028CF00220BDE8F087212DFAD0284813F037FB72
S214028D000028F5D114F0200439463046DFF894A046
S214028D10DFF8949005F00F051BD00DF079FA012DBF
S214028D208AF80070A9F8006029D1212388F800305B
S214028D30FFF766FF0020DCE7212388F80030FFF704
S214028D405FFF00214FF6FE70FEF77CFBFEF780FE0B
S214028D50F0E70DF05CFA012D8AF80070A9F80060C1
S214028D60EAD0062321464FF6FD7088F80030FFF75A
S214028D700BFF40F22621094812F034FFE1E75323A5
S214028D8021464FF6FD7088F80030FFF7FDFE40F2F0
S214028D902621024812F026FFCCE700BFF871002019
S214028DA08468002027690020F8720020F8B50D4676
S214028DB00646511C284607F0C5FB044628460FF017
S214028DC0F9F80546023013F040FA154B07461B78B1
S214028DD0022B02D0043B012B21D8124B1B685802EF
S214028DE001D5A1061BD5620619D50F4BB3F868301C
S214028DF0B34214D16B781B070DD5284611F034F810
S214028E00FCF7A4FD58B1314604F020000122BDE86B
S214028E10F840FFF761BF0FF05EFAB842F3D0F8BD34
S214028E20846800205C4C0020DC59002073B50446A0
S214028E300D4613F0F8FAFF28034625D0134A127897
S214028E404AB1134A32F81020520404D510F06EFDCF
S214028E50002002B070BD184610F079FD694606463D
S214028E6010F07BFD40B1FCF7E7F928B1002302229F
S214028E706946304605F0DCF8204645F0400102B06F
S214028E80BDE87040FFF780BE0120E2E78068002060
S214028E900C61002038B505460FF08CF804462846CB
S214028EA010F0A5FF411C89B2284607F04BFB42068C
S214028EB00DD563781B070FD5204610F0D5FF014667
S214028EC0002013F0AEFABDE8384010F02FBD03487C
S214028ED0BDE83840FFF7E6BE38BD00BFF871002097
S214028EE038B54FF6FF75A842044617D00FF010FAB1
S214028EF0A04213D04FF6FD72094B198891420DD944
S214028F00084A1288AA4201D0A24207D11C804FF416
S214028F107A71BDE83840044812F064BE38BD00BF1E
S214028F20DE720020FA720020E84B002008B50448E2
S214028F30FCF794F84FF6FF72024B1A8008BD00BF8A
S214028F40E84B0020DE72002037B505460C460823A3
S214028F5069460120064AFCF7FBF815B19DF8063073
S214028F602B700CB1009B2360BDF8040003B030BD2B
S214028F7025E1010007B508238DF80600ADF80410B8
S214028F80009269460020034AFCF7E2F803B05DF857
S214028F9004FB00BF25E10100024A13780BB1013B36
S214028FA0137070477568002008B50FF0BDF90021F0
S214028FB04FF6FF72054B08461A80FEF7DBF8BDE84F
S214028FC0084040F616400DF0DDB900BFDE72002004
S214028FD008B5FCF743F80A4B1B78023B032B08D86C
S214028FE04FF6FE73074A108898424FF6FF7301D178
S214028FF0138008BD9842FCD0BDE80840FFF7D4BFF6
S21402900084680020DE72002010B5084B1B78042B03
S2140290100AD00FF060F9002104460846FFF794FFD5
S214029020231A5842584110BD0020FCE785680020EC
S214029030F0B5002689B00546CDE90566ADF81C6098
S21402904010F0D5FE0A23024604462946009605A8D5
S21402905013F0F4F99DF815309DF814701F2B27D8DD
S21402906003A80FF0C1FB08220DF1160103A8F4F7BE
S2140290700FF90646E0B9092F1CD1FFF7C5FFB8B1B4
S214029080144B1B78A3B1144B1A884FF6FD739A4201
S2140290900ED9124C124A23780433DBB223701278AC
S2140290A0013AB3EB820F03DD58B20BF025FA2670B5
S2140290B009B0F0BD0A34E4B22146284607F042FA67
S2140290C00FF025FC611C284610F0B4FDFFF708FFE0
S2140290D0EEE700BF54730020DE72002075680020A1
S2140290E03F73002038B5134B1B78033B012B20D966
S2140290F0114B4FF6FF711B78ABB1104D2B888B428C
S21402910017D10FF005F94EF6602104460C4812F00E
S21402911069FD4FF6FE7322462B800021BDE83840DB
S21402912009200FF002BC074A13888B421CBF01338A
S214029130138038BD8568002054730020DE7200203C
S214029140E84B00200E61002008B50448FBF786FFB6
S214029150BDE8084000210846FBF734B81872002024
S21402916010B5044661B1FF210EF0C5FE002120466F
S2140291700EF0C7FE0EF008FE014620460EF0C7FEB1
S2140291802146BDE810400022014813F0C8B800BFCF
S2140291906E6100202DE9F0410D46174604460EF09A
S2140291A009FF06782846FCF74DF9294680462046F0
S2140291B00EF04AFE0FF08FF8A84206D12046012193
S2140291C0FFF7CEFF0120BDE8F0812846B8F1000F78
S2140291D00AD0FCF7B9F950B9144B3A462046BDE816
S2140291E0F0411978FDF736BD10F0BBFBF3E706F049
S2140291F00306012E08D00FF06EF8002322462946F9
S21402920002F042FA0028D9D120460EF0D9FD4305D5
S21402921005D52046BDE8F04100210FF04EB92046A4
S21402922010F08AFBB0FA80F04009CCE73E730020CB
S21402923010B586B0044610F0DAFD104B02461868E8
S21402924019790290D3F805005B7A01328DF8143052
S21402925000238DF80C1004902146009392B2052349
S21402926004A813F0EBF8052204A902A8F4F710F8F4
S214029270B0FA80F0400906B010BD00BF38B2040054
S21402928008B511480EF053FF104B1B78012B06D879
S214029290FF2010F024FBFDF7B1FB10F03FFBFDF7BB
S2140292A03BF801F091FCFFF7F9FA10F018FF07F00F
S2140292B0F1FDFDF749FD07F03DFB0CF0ABFFBDE805
S2140292C0084002F0D3BC00BFA45A00204268002027
S2140292D008B5F0F75DFDFF2803D0094B1B78012B7C
S2140292E006D9002010F0FBFAFDF788FB10F016FBFB
S2140292F0FDF712F801F068FCBDE8084002F0B6BCC3
S21402930042680020064B1878112806D000F0FD00AF
S214029310A0F141035842584170470120704700BFF0
S214029320846800202DE9F8430446FDF70FFB18B1C8
S21402933000263046BDE8F8834FF6FF78184BB3F8A0
S21402934068104145F4D020460EF07EFD154B0221F2
S21402935020461A88FDF77EFC06460028E8D02046FE
S2140293600EF028FE90F807900546043012F06DFFC6
S21402937007460EF0B0FF494602463846FDF7FEFAAB
S214029380A81C12F062FF404502D12046FFF7BAFB46
S2140293902B789B07CDD101212046FFF7E1FEC8E7D7
S2140293A0DC5900206C610020F8B507460EF002FE7C
S2140293B00546043012F049FF0646A81C12F045FF87
S2140293C00446304613F02FF83046FCF73BF82B786D
S2140293D09B0701D10EF07FFFAB790BB90320F8BDD6
S2140293E00EF079FFA0420CD10EF075FF0446094B31
S2140293F0214638461A78FFF7CDFE0028EED0002028
S214029400EDE7054B1B78052B1CBF044BB3F86840F1
S214029410EDE700BF6C61002085680020DC59002063
S2140294202DE9F041064610460D4610F0E0FCA0F18C
S2140294301004E7B256FA84F42146EA1B04F10E0041
S214029440F3F72CFC2823DFF84480F35598F8003015
S214029450637301F0CDFB611C024601200DF0A9FBEF
S21402946008220949601DF3F719FC98F8000010F06D
S214029470A2F805F10E0130463B460022C9B201F0C1
S21402948069FC1220BDE8F081076900207F68002091
S2140294902DE9F04F87B004460EF08CFD06462046B6
S2140294A00EF0EBFC0746301D12F0CFFE8146B01CD4
S2140294B012F0CBFE384696F807A012F0BDFF3378BE
S2140294C09A075FD12146042001F04CFD002859D0AE
S2140294D0204610F08CFC0146204607F033F883073E
S2140294E050D1204610F083FC0146204607F02AF8A9
S2140294F010F00303039345D12046FFF799FE002898
S21402950040D0204610F049FD451C204612F09AFA3B
S214029510EDB205F10A0B83455DDA304A04AB1068FA
S214029520516803C3691C204607F00CF8294680469A
S214029530204607F007F800EB082059461FFA80F885
S214029540204606F0FFFF8346039B2146AA1C009393
S21402955004A8082312F072FF20460EF08EFC5A462C
S21402956041460DF018FB0122404604A90FF059FBB4
S21402957088BB022007F032FC013003D1404604A922
S214029580F0F7CEFC0EF0A7FE48453A46514607D104
S2140295900FF0A9F8F8B907B0BDE8F04F0FF0F5BA2A
S2140295A048460FF0A0F8B0B90D4B1B781BB93946E8
S2140295B048460FF000FA3A4651464846FDF7DEF9AD
S2140295C048B1317811F0030105D1204607B0BDE855
S2140295D0F04FFFF7C5BD07B0BDE8F08F22EE0300DF
S2140295E07B68002038B5114D2B78023B012B18D82A
S2140295F00DF0D3FA0446B0B9FFF7A2F82B78032B86
S21402960007D12346FF2221460120FDF777FE0120DF
S21402961038BD21462046FAF7D5FD003818BF01208E
S214029620F6E71720F4E70220F2E700BF846800207E
S2140296302DE9F74305460E4614460EF0CBFB0C28E2
S21402964028464AD10EF0B6FC0922002112F01EF975
S21402965000F11001C9B2284606F074FF042813D0A0
S2140296607C282BD0012840F0AC8046B9132128462E
S21402967010F0E0FA03B0BDE8F0430EF055BE03B0BA
S214029680BDE8F043FDF7DCBC5B4B1B78022B40F0D9
S214029690988046B9FFF7FAF8C3070AD5FFF792F89B
S2140296A0002C08BF3F26304603B0BDE8F0430CF05E
S2140296B0CDBDFFF7CFF80028F0D0F1E7284612F02C
S2140296C0C1F90446284612F0A1F902463046E1B234
S2140296D003B0BDE8F0430CF0B7BD0EF06BFC80465D
S2140296E0043012F0B2FD074608F1020012F0ADFD9A
S2140296F04FF6F773984204460CD8404A1388013353
S2140297009BB213800BB93E4A13801EB13C4A1388A3
S2140297100133138098F8009009F00309B9F1010F9C
S2140297201DD1284610F063FB0146284606F00AFFC4
S2140297300B2809D00D2807D0042842D1284603B0AA
S214029740BDE8F043FFF7A6BB2E4B1B78042B38D19F
S2140297500021084603B0BDE8F043FAF733BDB9F17D
S214029760000F2ED13146284603F05EFD4EB34FF66B
S214029770F7739C4225D898F80160204616F0040636
S21402978022D110F0BCF8054620467DB110F0E9F86B
S214029790034600BB0C220090214638460FF0D9FA49
S2140297A00C22002339462046009308E010F0D9F830
S2140297B00346C8B9144A00901278214638460FF07C
S2140297C0C8FA03B0BDE8F08310F0CBF8034678B9C8
S2140297D00B220090F1E706223346214638460096D1
S2140297E00FF0B7FA0622DCE72B4600950622E4E7DE
S2140297F04B46CDF80090F9E78468002016610020F9
S2140298001461002085680020757300202DE9F04F52
S21402981005888BB0044628460EF0CCFB074604307B
S21402982012F013FD8146B81C12F00FFD05A9804602
S214029830284610F026FB284610F0D9FA01460646BE
S214029840284606F07FFE3B78824603F00303012B90
S2140298500CBF83464FF0FF0B12F00DFCE38801901D
S21402986002930EF038FDFB7900904846039300F011
S21402987081FF002876D1404600F07CFF002840F0A9
S2140298808880FDF72BFB8046FBF7CEFD10B9FFF76D
S21402989039FD30B1A8F104085FFA88F8B8F1020F72
S2140298A01BD90BF0FD03042B00F0B380FFF72AFD53
S2140298B020B10AF0030ABAF1010F0ED0FBF70EFD33
S2140298C028B9714B1B7803F00F03062B68D16F4B38
S2140298D02846B3F868100EF0B7FABBF1010F63D151
S2140298E028460EF09BFA4FF6FF73984240F091809E
S2140298F000233146284607AA10F009F80746002832
S21402990042D042799DF82530934209D9711D2846E6
S21402991089B206F02BFEA37823F00F030233A3705E
S2140299200CF071FC7E23B0FBF3F202FB130303F58B
S2140299308073A3809DF8263013F0180F0AD0A37800
S2140299401B0707D1009B4B4504D048467A7905A9E8
S2140299500CF08EFC9DF82700003818BF01200BB0D3
S214029960BDE8F08F28460EF025FB023012F06DFCA3
S2140299704FF6F773984207D9039B2BB92846FFF791
S21402998057FC00287FF477AFA37823F00F03A37069
S21402999008E0404612F050FD00287FF472AFF3E76D
S2140299A02823A3800020DAE7BBF1020F54D101235B
S2140299B0314607AA28460FF0AAFF80460EF08BFC17
S2140299C0BDF8223098421FD1B8F1000FDCD0012238
S2140299D0B8F80230314628460FF097FF2C4A137823
S2140299E00133DBB2FB711370B8F80230BDF81E20EB
S2140299F09A421FBFA37823F00F030233A3704FF4DB
S214029A00C873A3800120AAE7184612F015FD0028A5
S214029A10DAD128460EF002FA12F0AEFC012808BF90
S214029A201C4BA27809BF1B78FA2303EB830303EBD4
S214029A30830302BF9B00FA339BB21209A4D1DDE96D
S214029A400121521A92B293429ED30CF0DCFB00F034
S214029A501F001030A080D5E7BBF1030FD9D1009BC1
S214029A604B45D6D1711C284689B206F06BFD0C28F0
S214029A70CFD1FCF7FFFD4FF6FF7398420146C8D0E0
S214029A8028460EF0E1F9C4E784680020DC5900207D
S214029A90826800204D7300202DE9F04105460C46F1
S214029AA00EF098F9082802D10120BDE8F081201DA9
S214029AB012F0CBFB0646284694F807800EF0DDF936
S214029AC0074628460EF07CF9010612D5184B1B787D
S214029AD0042B0ED1174B1B78022B0AD1164BB3F868
S214029AE068204FF6FF739A4203D000210846FAF721
S214029AF069FB124B1B78002BD6D1A01C12F0A5FBDB
S214029B004FF6F773984202D86378DA070DD52378B2
S214029B109B070AD13A46414630460EF0E4FD80F0F5
S214029B200100C0B200F00100BFE70120FAE700BF63
S214029B308568002084680020DC5900202C690020FB
S214029B402DE9F04F9DB004460EF044F90546204636
S214029B500EF040F9082869D14FF400432046ADF8CC
S214029B605030ADF85C4011F06DFFBDF85C20A0F1FE
S214029B701005EDB2104610230021009510F047F8AC
S214029B80294617A810F01BF8204611F03FFF0AF0EE
S214029B90C9FC002321461A460C2000930AF0CEFA8E
S214029BA098B3204611F032FF14A902461020FBF7A4
S214029BB079FF0501204611F029FF14A9024640202C
S214029BC0EDB2FBF76FFF10B120460CF025FB2046E6
S214029BD011F01CFF14A902468020FBF763FFB8B9F8
S214029BE09DB1102517A805F067FF2046BDF85070F6
S214029BF011F028FF0646204611F008FF294600907D
S214029C00F3B2384617AA0CF09DFB1DB0BDE8F08FE4
S214029C10BDF8503017A8ADF85E40ADF85C300CF0D9
S214029C20B4FF0028DCD145F08005DBE720460EF0C5
S214029C3011F9B0F5006F40F0058120460EF01DF9CF
S214029C400646042D40F0018120460EF0B9F880F455
S214029C500060C0F3C02000223146400012F0BEFA77
S214029C60944B1A78022A0DD0FFF74CFB50B902F03B
S214029C70FD03312B06D0043A012A03D98E4B1B78FA
S214029C80002BC2D02146022001F06CF90590002874
S214029C90BBD02046ADF846400EF08CF90446BDF81F
S214029CA046000EF0EAF80646201D12F0CEFAA31C75
S214029CB083461846039312F0C8FA12A90746BDF85F
S214029CC0460010F0DEF863780690BDF8460094F879
S214029CD00080089310F08BF86378054608F00308B6
S214029CE030460C93FBF7AEFBB8F1010F0CBF032313
S214029CF002230E93714B08BF4FF00B091E80237888
S214029D0018BF4FF00A0903F03C03082B0D907FF4AE
S214029D107CAFBDF8460011F095FEA8427FF675AFFF
S214029D20B8F1010F03D023789B077FF46EAF644B24
S214029D30B3F86830B3420DD1624A634BB2F90010F1
S214029D4093F90030002900F0A58001EB0313A3EB82
S214029D50211313804FF0010AA5F11003DBB20A9318
S214029D608DF8453010224846BDF84610CDF800A0C2
S214029D700DF145030AF0E2F900283FF446AF089BCE
S214029D8013F00203099300F00981504B1B78002B55
S214029D903FF43BAFBDF84690484610F028F8002343
S214029DA007904846CDE917331993ADF868300EF0A0
S214029DB064F8079B039003F10E01484689B20FF040
S214029DC0E9FF002870D000234946079A009317A897
S214029DD00E2312F033FB50460DF15D010CF0F7FE38
S214029DE09DF869300B9004939DF85C30282B5BD16C
S214029DF00DF16100FBF7AAFD0F90002854D10498DC
S214029E000FF0D9FB0F9B002866D1314B049A1B78C2
S214029E10D31A1C0648D404F059F950453CD112F026
S214029E202FF92C4E0546346824B104F055F92C1B44
S214029E30844239D30023FF2219461846FDF75EFAFC
S214029E40356031E04FF6FD76FBE64FF6FF70301ACE
S214029E5018BF012000223146400012F0BFF90C2D37
S214029E600DD12146012001F07DF800283FF4CDAE49
S214029E70214600201DB0BDE8F04FFDF7D3BF2DB937
S214029E8020461DB0BDE8F04FFEF79CBA042D7FF4C5
S214029E90BCAEE5E61B025CE704F018F9022803D123
S214029EA004F0F6F80028BAD000221920039912F01E
S214029EB095F9AAE6846800202C6900208A610020B1
S214029EC0DC5900205E61002029690020806800209D
S214029ED07F680020EC5A002010214846079ACDF8E9
S214029EE000A00FF0B8F90028DED0BB4B049A1B780E
S214029EF0934240F0AA8003990DF1610214A811F072
S214029F0041FF012114A8FBF7F5FA824648F2030145
S214029F1014A8FBF763FBBAF1000F03D0082114A8BC
S214029F200CF0F8FD48460FF080FF03990DF1610032
S214029F30FCF72AFCFE288246B6D0FF280AD10398F0
S214029F4012F060FAFF28824600F087800DF1610168
S214029F50FCF7F4FAA04B049A1B78934200F0A38015
S214029F6050460B99FCF7F6FB00283FF44EAE5046DF
S214029F700B99FCF701FC237898070FD148460FF09F
S214029F8036FF0146484606F0DDFA00F003000128D7
S214029F9004D103980DF16101EFF7C2FFBDF8460048
S214029FA00DF00EFF010440F18580204612F04DF9B7
S214029FB040F4007189B2204612F049F900224FF4AB
S214029FC00041BDF846000DF0ECFEDDF814900123CA
S214029FD010220093BDF846100E980DF145030AF0C4
S214029FE0ADF800283FF411AE032866D1204612F0E1
S214029FF02CF940F4007189B2204612F028F9304656
S21402A00012F01AFA002840F0B680DDF81490B8F183
S21402A010010F40F0B6800320BDF8461000F0A2FF04
S21402A020002840F0AE802946BDF8460006F08AFABF
S21402A0300F2801467FF6E9AD4FF6F7739F423FF6CB
S21402A040E4AD30460EF024FDDFE55046049903F0F9
S21402A05085FA00287FF44FAF26E7237803F0030340
S21402A060012B08D148460FF0C2FE0146484606F0CC
S21402A07069FA082892D0594B1A78594B1B789A429B
S21402A08009D20DF161010398FCF70CFA039812F05D
S21402A090B9F982465EE7A01C12F0D7F84FF6F773BE
S21402A0A09842EED900E75046FCF7CEFB00283FF474
S21402A0B057AF5CE74FF0000989E7304612F0BCF96B
S21402A0C00028A4D0099B002B57D1B9F1000F52D11A
S21402A0D0B8F1010FBDF846009DD0294606F032FAC7
S21402A0E08246DFF8089199F80030002B54D00EF023
S21402A0F0F2F887427FF489ADB8F1010F7ED1BAF14A
S21402A100070F75D8BAF1050F7FF67FAD354B1B7872
S21402A110022B02D0043B012B03D899F80030002B07
S21402A12041D00C9B9A0640F1B4800D9B002B40F068
S21402A130AC80304612F077F9FF2840F0A6805E45E4
S21402A1407FF463AD069B002B00F09D8012AB46F2B7
S21402A15004020124ADF85C20019321460223304616
S21402A160009417AA0FF01FFE00283FF44EAD2146BA
S21402A1700EF0A3F949E5DDF8149030460FF0D9FB4E
S21402A18045E72946BDF8460006F0DCF9099B8246FB
S21402A19013B9B9F1000FA4D0124B1B78022B02D0D0
S21402A1A0043B012BBDD8304600F0E4FA8146002875
S21402A1B07FF42BAD0EF08FF8864225D10A4BB3F80A
S21402A1C068400EF088F84B4601460D222046CDF830
S21402A1D000900EF0BEFD18E57F6800207E68002025
S21402A1E04E73002084680020DC590020806800201E
S21402A1F0AAF10E03DBB2012B88D906E50AF00303A7
S21402A200012B7FF402AD81E7304612F015F958B9FA
S21402A2100EF07EF84FF6FF73984205D011F020FE3E
S21402A22010B93046FCF7E4F8304612F005F988B16A
S21402A2300EF06EF84FF6FF7398420BD011F010FE38
S21402A24040B9B8F1010F02D1BAF1060F02D030467A
S21402A2500FF06EFB069BA3B91946012258460EF074
S21402A260E0FC814600287FF4D0AC20460FF0FCFDCF
S21402A2704A46014638460EF0D4FC00283FF451AF59
S21402A280C3E412A9E9E7069B61E7637823F020039B
S21402A29063704FF6FC739F423FF4B7AC4FF6FD7304
S21402A2A09F4204D1B34B1B78042B3FF4AEACA37988
S21402A2B00BB1013BA37163785B0727D50023584691
S21402A2C017AA14A917930FF014FB1798F0B10FF002
S21402A2D009FB8146384612F0A6F8179A014613790A
S21402A2E003F03000102806D003F00C0008281CBF2C
S21402A2F023F00C031371137903F03303202B05D1DB
S21402A300FF2903D0012248460FF0FBFA304612F02E
S21402A3108AF8FF281EBF0022974B43F82020089B8E
S21402A32003F001094FF6F7739F4200F2F980B9F184
S21402A330000F40F00181314658460EF03CFB0DF00E
S21402A340CAFF874200F0C680384612F075F8002829
S21402A35041D0B8F1010F27D1BAF1010F17D14A4601
S21402A3602946BDF846000FF0CFFA384612F064F8D8
S21402A370824B1B78002B72D1584612F05DF80028EB
S21402A38066D1384612F058F8002861D13DE43846C6
S21402A39012F052F850B3BAF1030F27D12946BDF88E
S21402A3A046000EF00EFD30E4384612F045F8384608
S21402A3B00FF0D7FA002847D0002339465846BDF892
S21402A3C0462001F061F900283ED00021BDF8460083
S21402A3D0FEF7C6FE19E4384612F02EF818B1B8F1A8
S21402A3E0010FD8D0E3E7B8F1010FE0D1634B1B7839
S21402A3F0002BC1D0BAF1050F31D10DF06CFF8DF8EC
S21402A4005C000DF068FF000A8DF85D000123022251
S21402A41017A90DF14600FAF775FD00287FF4F5AB93
S21402A420691C89B2BDF8460006F07AF80378013353
S21402A43003706378590715D40DF04DFF834522D07B
S21402A440002239461C2032E54C4B1B78002B93D059
S21402A450B8F1010FCED063785A0714D502E06378BC
S21402A460580718D5BDF8464020460FF082FC411C1E
S21402A47089B2204606F054F80378B8F1010F03F1CA
S21402A480FF33037004D0BDF84600FEF78DFF09E0E7
S21402A490BAF1050FD0D0BDF84600FEF785FFBAF137
S21402A4A0030FCDD00228CBD10021584617AA0FF0B1
S21402A4B023FA30B10379468003F03C0343F04003AD
S21402A4C0037100232E4A00933946584612780EF03E
S21402A4D040FCB5E7B8F1010F7FF477AF0AF1FF331E
S21402A4E00C2B00F2868001A252F823F04DA5020042
S21402A4F04DA502009DA3020063A5020085A50200E9
S21402A5000B9C0200A9A50200B9A50200C5A502007F
S21402A510C5A502000B9C0200DBA50200E7A502000F
S21402A520B8F1010F71D0B9F1000F08D1BDF846009D
S21402A530FEF7AEFFFFF769BBB8F1010FCED0237A64
S21402A54003F00303012B7FF460ABEFE7AAF10203EB
S21402A5505A422946BDF846005A410FF0D5F9FFF790
S21402A56054BB2A465846BDF84610FEF71FFCFFF7B6
S21402A5704CBB00BF85680020A44A0020527300200E
S21402A58075730020691CBDF8460089B205F0DAFF33
S21402A5900235EDB20246BDF846305846009512A97D
S21402A5A006F0D4FDFFF731BB01200A9ABDF846102B
S21402A5B0FDF71AFBFFF729BBBDF846000FF0AAF914
S21402A5C0FFF723BBBDF84600FEF732FDFFF71DBBC3
S21402A5D0BDF84600FEF72CFDA8E7BDF84600FEF7DC
S21402A5E00BFAFFF712BBBDF846000CF0C8FAFFF7ED
S21402A5F00CBB2B4622465046BDF846100CF095FA88
S21402A60000287FF402AB51461BE50AF1FF330C2B00
S21402A6103FF6FBAA01A252F823F000BF4DA50200A6
S21402A6204DA502009DA3020063A5020085A50200B7
S21402A6300B9C0200A9A50200B9A50200D1A5020042
S21402A640D1A502000B9C0200DBA50200E7A50200D2
S21402A65010B5002111480DF011FD0446E8B10DF0C9
S21402A66035FC0F4B187020460DF035FC0D4B18705C
S21402A67020460DF036FC0C4B187020460DF036FCCA
S21402A6800A4B1860012011F0FFFC2046FFF758FA2B
S21402A690BDE81040002011F0F7BC10BD3C61002060
S21402A6A02A6900202969002028690020E45A00202F
S21402A6B070B5144E044633680D46BBB10DF08AFBE6
S21402A6C00C2813D120460DF075FC09220021044601
S21402A6D011F0DCF8235C042B08D10B4C25B10B4B94
S21402A6E022781B789A4203D300232370002070BD81
S21402A6F00748316811F076FA237801200133237077
S21402A700F5E700BFE85A00202B690020747300208A
S21402A71018720020014B93F9010070475E61002019
S21402A720014BB3F868007047DC59002070B500246E
S21402A7300D4D2C70EFF706FAE6B2B04208D80022AA
S21402A7400A4B1A700A4B198801B11A80012070BD93
S21402A750304611F06EFEC30748BF2B7804F10104A1
S21402A76044BF01332B70E5E77D6800207668002041
S21402A7701061002038B50B4B05461B7873B10133C8
S21402A7805C08094B188811F041F9002330F81320B1
S21402A790AA4205D00133DAB2A242F7D3002038BD6E
S21402A7A00120FCE7766800201061002030B50546DF
S21402A7B085B008460C4611F038FEFF280CD00EF085
S21402A7C0E5F9012200210346CDE901120092214655
S21402A7D02A460720FCF7F6FB284611F024FEFF283F
S21402A7E004460FD011F025FEC2070DD5204611F003
S21402A7F020FE830708D40B4A32F8143043F48063F1
S21402A80022F8143005B030BD0EF0C0F90122002146
S21402A8100346CDE90112009207202A46FCF7D2FB36
S21402A820F0E700BF0C6100204FF6FA72431E9BB29F
S21402A830934270B504462AD8FFF79CFF38BB194BE3
S21402A8401B78042B23D0204611F0DCFDFF2801D014
S21402A850FBF7FEFC20460FF047F808B10FF03EF873
S21402A8602046114E03F0ACFE20460BF0FFFC31787A
S21402A8700E4D69B1288811F0C9F8054601461E2218
S21402A8800230F2F70BFA2C8033781E2B07D970BDF4
S21402A890202011F02FF928800028EBD1F7E70233A9
S21402A8A03370F4E785680020766800201061002087
S21402A8B0044A13782BB1013BDBB213700BB9024A80
S21402A8C01380704776680020106100200148FAF76E
S21402A8D0D5B800BF106100202DE9F0478046174624
S21402A8E00D468CB061B903AE00211B4811F011FD74
S21402A8F04FF000090446DFF860A01CB920461DE0B0
S21402A9000E46F1E70022214624233046CDF8009079
S21402A91011F094FD082241463046F2F7B9FCA8B978
S21402A920337C9BB96FB945B92A4621460A480DF0D1
S21402A930C4FB0A4A1388013B138001200CB0BDE811
S21402A940F0873B88B28953405B06ECD521465046D9
S21402A95011F003FD0446D0E772610020706100200A
S21402A960024B1888003818BF01207047706100201B
S21402A9702DE9F04330488DB0FAF770FB11F080FBFA
S21402A9802E4D2B68C41A4FF47A73B4FBF3F4A4B2B8
S21402A99014B111F075FB2860294F4FF6FF763B88FD
S21402A9A0DFF8A080ADF80A3000233B8000210DF1CD
S21402A9B00A000DF063FB054658B9224B1B882BB1E3
S21402A9C04FF47A711C48714311F00CF90DB0BDE8D2
S21402A9D0F0834FF0000924234A462946CDF800901A
S21402A9E003A811F02BFDBDF81A30A34294BFDB1A60
S21402A9F01B1B9BB2ADF81A3063B9BDF818301B06A4
S21402AA0002D508980BF09FFEB8F80030013BA8F874
S21402AA100030CBE79E4228BF1E4601234A462946FF
S21402AA20009303A8242311F009FD4A462946384616
S21402AA3011F075FCBAE700BF884B0020F05A0020E0
S21402AA407261002070610020F0B504462E4A8DB077
S21402AA501068516801AB03C3A378012B4FD11622AD
S21402AA6000210DF11A00F2F7C7F8D4F82110D4F835
S21402AA701D0003AB03C32388190644BF626808920D
S21402AA80DA050BD5221D08AE04F114073546106808
S21402AA905168083203C5BA422E46F7D1ADF81830CF
S21402AAA013F0040318BFA3690593EFF763F80023B6
S21402AAB0ADF81A00082201A903A88DF81C30F2F797
S21402AAC0E7FB18B106A903A80EF0FBFA0022242120
S21402AAD003A80DF08AFA044698B10020FFF748FF53
S21402AAE000222146094811F01AFC094A0020138860
S21402AAF001331380FFF73CFF00200DB0F0BD0220AB
S21402AB00FBE71920F9E700BF22EE0300726100207E
S21402AB1070610020F7B5044600200E46FFF728FFB6
S21402AB20104B1B88A34202D8212003B0F0BD00219F
S21402AB300D4811F0EEFB002501460B4F0029F3D01D
S21402AB40A54208D10024242322463046009411F060
S21402AB5075FC2046E9E7384611F0FFFB0135014651
S21402AB60ECE700BF70610020726100200148F9F72F
S21402AB7085BF00BF72610020014B1888704700BF76
S21402AB807061002070B50C4611460E4A2378127882
S21402AB90064613F0200542EA0302227018BF611D22
S21402ABA00822F2F77BF8002D0CBF05200D20D4F802
S21402ABB00130B3602378337303F01803082B08BF01
S21402ABC0013070BD80680020042307B501200DEB1C
S21402ABD00301054AFAF7BCFA019B044A1B031360F9
S21402ABE003B05DF804FB00BF63E511004C4C002087
S21402ABF010B5064C2368C3F30B0313B90448E3F7F6
S21402AC0033FC2068431C236010BD00BF4C4C002060
S21402AC1063E51100014B1868704700BF4C4C0020DA
S21402AC2007B50020054B064A186004230DEB030106
S21402AC300190FAF78DFA03B05DF804FB4C4C002045
S21402AC4063E511007FB511230A4A012001A9FAF72C
S21402AC507FFA094B9DF814201A70084B1B780BB12B
S21402AC60052B05D10BF0CEFA012007B05DF804FBE8
S21402AC700020FAE779EB01007F6800208068002058
S21402AC802DE9F04F0646CBB08846008801211746CC
S21402AC9010F0F4FE2E4B3A463188ADF8160006A8A0
S21402ACA00EF0AEFA0DF1280B5A464146C41930880A
S21402ACB00EF030FAE4B208EB0003A34208BF0446E3
S21402ACC005464FF004091CBFA4EB0804E4B2234671
S21402ACD05A460121CDE900090BEB050ACDF808B06A
S21402ACE02D1B06A8EFF776FBEDB20BEB04030093E1
S21402ACF0019523465A46414630880EF039FA348882
S21402AD003946204605F01EFC394600F0F802204679
S21402AD1005F02CFC0121308810F0B0FE01234A46D3
S21402AD20514680B10DF11600FAF7ECF801210446FF
S21402AD30BDF81620308810F0B5FEB4FA84F040094B
S21402AD404BB0BDE8F08F3046FAF7DCF80446F4E77D
S21402AD50076900202DE9F04FC9B00446884692469E
S21402AD60C118224A04A81F46FFF70CFF4FF0040939
S21402AD70C519EDB208AB0293A5EB0A0BA8EB0A03C2
S21402AD805FFA8BFBA8EB0506DBB2F6B204EB0A020F
S21402AD90009301215B46CDF8049004A8EFF71AFB56
S21402ADA006F590730DEB03025A44A2F580721368FF
S21402ADB008A844F80830E35D324623F00703E3555B
S21402ADC02C442146F2F7A8F808ABCDE9019308AA6D
S21402ADD000230121009604A8EFF7FCFA324620462B
S21402ADE008A9F2F799F849B0BDE8F08F0769002084
S21402ADF0F8B506460FF0D1F8811C054689B23046F2
S21402AE000EF0C8FFF0B1EDB12946304605F09AFBC8
S21402AE101228074616D80C4B691C1C5C89B23046B1
S21402AE2005F090FB2C44052FE4B205D1052809D87D
S21402AE30064B1B5C1C44E4B221463046BDE8F84093
S21402AE400EF0A8BF0020F8BD7AB2040074B2040067
S21402AE50F8B505460EF0CBFF044628460DF0AAF8D4
S21402AE60A11C074689B228460EF094FF00283ED061
S21402AE70002C3CD02146284605F064FB0646611CA1
S21402AE80284689B205F05EFB0F2E30D8194B9B5D23
S21402AE90E118731E89B2092B0ED8DFE803F0090504
S21402AEA00D0D120D0D181E1EC40644BF083189B2C0
S21402AEB0820601D5083189B22846BDE8F8400EF070
S21402AEC069BF7B78DB0612D501EB4001F3E700F0A1
S21402AED01F0000EB40000144EDE71F2805D8092EAD
S21402AEE00ABF4000022080B2F5E7C828E4D000205E
S21402AEF0F8BD00BF8DB20400F8B506460DF05AF84C
S21402AF0009220021054610F0C1FC00F11004284673
S21402AF1011F09BF9E4B207462146304605F012FBD3
S21402AF200546304610F08EFDBA05A0EB0403DBB2F0
S21402AF300AD47C2D0AD0082D0AD8064A505D9842BB
S21402AF408CBF00200120F8BD1220F8E70320F6E7A8
S21402AF50FF20F4E79EB20400014B1878704700BF4A
S21402AF607673002038B5114B04461B7808469BB909
S21402AF70012038BDA24205F101050FD103EBC10342
S21402AF805B6898470028F3D11E2022464FF6FF71D1
S21402AF9011F024F90020ECE70025054BE9B213F87E
S21402AFA03120002AE6D11446EEE700BF7673002071
S21402AFB044B204004FF6FF7307B502220DF10601F4
S21402AFC00348ADF80630E3F78BFA03B05DF804FBEE
S21402AFD0603202E0002307B5ADF80430134B984206
S21402AFE021D10B88DA0703D5232003B05DF804FBD2
S21402AFF09B0748BF4FF47F434FF002020C480DF107
S21402B000060148BFADF80430E3F73EFA4FF6FF7389
S21402B010BDF806209A42E7D10222054801A9E3F7C5
S21402B0205FFA0020E1E72120DFE700BF1FD1BACA9E
S21402B030603202E0002313B50222038004460DF1BB
S21402B04006010F48E3F720FA2D2801D0112805D172
S21402B0504FF6FF73ADF80630FFF7ACFF9DF80630EB
S21402B060BDF806201BB1238843F00103238000208D
S21402B070FF2A82BF238843F00203238002B010BD5A
S21402B080603202E0034B1B78002B14BF442056208C
S21402B0900E307047806800202DE9F04F8DB0179C67
S21402B0A006468946CDE90223BDF85870D588ADF824
S21402B0B016103CB9EC0605D500970BF0D4F90DB086
S21402B0C0BDE8F08FC5F380242B054FEA043448BF51
S21402B0D044F40064A80511D544F080040A2E00F258
S21402B0E06981DFE816F09A002F0017003700670123
S21402B0F06701370010009A0037009E00E90548BF36
S21402B10044F04004EAE74FF001084FF0020B4FF01C
S21402B110000A14E008A95FFA89F00EF0ADFADDF82D
S21402B1202500DDF8291006AB03C3A44B33F819300B
S21402B130ADF816304FF00008C3460DF1180A002F7E
S21402B1405DD125E006AA0DF116015FFA89F003F03B
S21402B15017FAEFE74FF6F773994540F22B8115F48D
S21402B160026F40F02781964B1B78022B03D0043BDC
S21402B170012B00F2218147BB032E4FF001080CBFC2
S21402B1804FF00C0B4FF0080BBA4624F4C074A4B26E
S21402B1908C4B18884FF6FF73984206D08A49FAF706
S21402B1A067FB10B124F48054A4B2039B3846009384
S21402B1B0BDF81620534644F4027105F0EBF9ADF8DB
S21402B1C02000002838D1192079E7384610F03AFCDA
S21402B1D00246FFF757FF032E08BF0138824201DD01
S21402B1E038206CE7032E4FF001080CBF4FF00C0B13
S21402B1F04FF0080B4FF0000A24F4C074A4B2029B6E
S21402B2001B889BB91A4639460620009308F0B9FFF8
S21402B2100028BDD140F6014051E74FF00008C34672
S21402B22075E74FF001084FF0030B70E7002339462D
S21402B2301A4607200093E9E74FF6FF73614A118822
S21402B24099421CD00CF0B6FE03465E4A04301188C2
S21402B250039310F0FCFF5D49039B097814F4805FAA
S21402B260D9715949574A1FBF086898604868D8601C
S21402B2704FF6FF7313804FF0FF330B604B60594657
S21402B280029A08A805F03AFA00289CD0504C237877
S21402B290002B3CD1A7B1384610F0D4FB0746BDF8C8
S21402B2A0200010F0CFFB23780744002B14BF122295
S21402B2B00022EB1003F0040317443B44842B8FDC7C
S21402B2C015F400570AD0BDF8204020460CF078FD51
S21402B2D040F4806189B220460CF05DFDA6F10803B9
S21402B2E0012B05D801221021BDF820000CF059FDD3
S21402B2F0179BBDF8204043B32046BDF816100CF04D
S21402B300A3FDBDF82030179A00201380D7E6AA06C0
S21402B310C0D56B0103F020030A2E14BF43F00103CD
S21402B32063F07E03DBB2B8F1000F08D0002152466C
S21402B330009108A800F082FE0028ABD0BFE61A46AD
S21402B340514608A80EF087F8F6E720460EF04FFDA5
S21402B350179B024621460420009308F012FF00289D
S21402B3603FF458AF0A2E18D84FF4D963F340DB07E0
S21402B37013D5072E0AD00A2E08D0BDF820000DF0ED
S21402B3802AFB80F00100C0B2800098E608A80BF005
S21402B390D9FB0028F1D0042091E617B125F040052C
S21402B3A0ADB22B463146BDF820005FFA89F201F0B5
S21402B3B07DFE84E6012082E6162080E640600020BC
S21402B3C084680020FC720020777300203769002012
S21402B3D080680020F7B50F469DF828100446DDE980
S21402B3E00B061D46F1B94FF6FF739C421CBF174B66
S21402B3F01C804FF000041CBF154B1A70BDF82400C9
S21402B40005F012FA00232A46CDE900433946062003
S21402B4109DF82030FFF740FE10B90EB1AB7A3370BC
S21402B42003B0F0BD78B14FF6FF739C421FBF074BC7
S21402B4301C80074B1A7000220CF0D7FD0446002829
S21402B440DCD11920ECE72120EAE700BFFC720020DD
S21402B450376900202DE9F04788469DF828100746F0
S21402B46016461D469DF820A0BDF824900B9839B1CB
S21402B47058B300220CF0B9FD044610B9192025E095
S21402B4800C464FF6FF739D421FBF114B1D80114B9A
S21402B49083F800A04FF6F7739E4208D80E4B4FF67D
S21402B4A0FD761A784FF6FF73002A18BF1E464846E6
S21402B4B005F0BAF900233A46CDE908433146434639
S21402B4C0BDE8F0470320FFF7E7BD2120BDE8F0877F
S21402B4D0FC72002037690020416800202DE9F04701
S21402B4E086B09DF838600546DDE90FA80C4617467B
S21402B4F09946B6BB374B1B78022B1DD125BB4FF6A0
S21402B500F7739C4214D80026484605F08DF90023AE
S21402B5103A46CDE900632146FF232846FFF7BCFDE5
S21402B52038B9B8F1000F04D0BB7A88F8003000E0D2
S21402B530012006B0BDE8F087043B012BDED90846A1
S21402B5400BF0FDFA10B31DB3022D31D1EEF7F4FA6B
S21402B550A042EDD9204B33F814204FF6FD739A42E1
S21402B56019E0BAF1000F32D01A4B1B78022B05D124
S21402B570FFF788FDB042E6D23820DAE7043B012B1B
S21402B580F6D908460BF0DBFA0028F1D11620D0E7F0
S21402B5904FF6F7739C42CBD8002EB4D03146002229
S21402B5A050460CF022FD06460028ADD11920C0E711
S21402B5B0012DBDD104AA0DF10E01E0B202F0E0FFAA
S21402B5C0064B1B78A342B3D9BDF80E20C5E721204F
S21402B5D0AFE700BF84680020406000204873002068
S21402B5E030B5104B87B005460C461868596803AA52
S21402B5F003C298680C4910609A88DB8852BA23F016
S21402B6004003ADF812300023CDE90043ADF8102018
S21402B610FF23098803AA0720ADF80E50FFF73CFD6A
S21402B62007B030BD7E6100208A61002038B50C4626
S21402B6301146124A124D108022682A6062686A60B9
S21402B640A268AA60E288500616D5EA88520613D582
S21402B65061B1002218460CF0C8FC014650B1608861
S21402B660FFF7BEFF0522074B1A7038BD08460EF0DC
S21402B670FFFAF2E71920F5E70220F6E78A610020D2
S21402B6807E610020476900202DE9F04F074689B009
S21402B690104615461C468A460EF0A9FB0146284669
S21402B6A004F050FF064628460CF084FC043010F0E6
S21402B6B0CCFD80460CF00FFE804550D0B2074ED12E
S21402B6C0DFF8AC80284605A9B8F800B00EF076FC84
S21402B6D09DF81930A8F8007003BBBDF81430EBB91A
S21402B6E028460CF067FC023010F0AFFD4FF6F773F9
S21402B6F0984294BF4FF000094FF00109012301342C
S21402B700E4B22A463846CDF8009005A9039303F022
S21402B71001FC039B40B901339C421ED20020A8F8CC
S21402B72000B009B0BDE8F08F022CF8D1012BF6D19B
S21402B7300C4A0D4BA3F800A01378591C11700B4A43
S21402B7407F3B16F00C01137007D1BDF81A305B066A
S21402B75003D5BDF81600FFF743FF0223D1E700200A
S21402B760DFE700BF82680020FC72002037690020F5
S21402B7708A6100202DE9F04FABB00F46ADF81E00EF
S21402B7800CF018FC00F1020A0646504610F05DFD69
S21402B790BDF81E40054620460EF029FB014620460F
S21402B7A004F0D0FE814600F00308301D10F04DFD77
S21402B7B0414C20800CF08FFDA8422DD04FF6F77337
S21402B7C09D4229D87378DA0726D428460EF0C9F89F
S21402B7D030B101232946BDF81E202088FFF754FF0A
S21402B7E00CF079FD344B1B8883420FD1BDF81E4006
S21402B7F020460EF0FCFA0146204604F0A3FE10F0A6
S21402B8000C0103D1BDF81E0001F00EFD00222B4BE9
S21402B8101A602BB0BDE8F08F2949BDF81E000EF065
S21402B820CDFB2849BDF81E000EF02BFB0028254B49
S21402B83008BF0023214ABDF81E0013600CF046FB29
S21402B840214B1870BDF81E000CF045FB1F4B1870FC
S21402B850BDF81E000CF04AFB1D4B186000238DF845
S21402B8602230002F3AD0164BDB889B0636D5194B72
S21402B8701B689D071ED4B8F1010F14BF08231823B6
S21402B8800DF12202009200220DF11E00114600F078
S21402B890D5FB18B3B8F1010FA2D10F4B1B78112BB1
S21402B8A09ED10DF077FE00289AD140F61D40FBF798
S21402B8B00FFB95E70823E3E78A610020F85A002089
S21402B8C07E6100202F6900202A6900202969002055
S21402B8D0E45A00205C4C002084680020504610F099
S21402B8E0B4FC8246BDF81E0010F0ACF8A0F11005BC
S21402B8F0EDB22A4631460AA8F1F70EFBFF238DF871
S21402B9002F304FF6F7739A4540F2DF80B8F1010FF9
S21402B91000F0E780B8F1020F00F04681B8F1000FA0
S21402B9207FF45EAFA44DBDF81E00EB88ADF8240090
S21402B93004930CF03FFBBDF82460074630460EF039
S21402B94056FA0146304604F0FDFD8DF82300B81C79
S21402B9507E7810F07AFC07460CF0BDFC06F0010675
S21402B960B4F8009003906C88002E7FF439AF4FF63F
S21402B970F77A4246494657458CBF0620082010F003
S21402B9802DFCBDF824B058460EF031FA5946024650
S21402B99043460420CDF8008008F0D0FB5745834686
S21402B9A00AD8B5F90620EB88002A05DB580603D527
S21402B9B041462046FFF714FEBBF1000F3FF410AFDE
S21402B9C02B88002B5AD16B79002B57D14FF6F77381
S21402B9D00DF126019F42BDF8240094BF4FF0000BE4
S21402B9E04FF0010B0DF0A7FEDFF8D8A100F1FF38EB
S21402B9F0BAF800301FFA88F10593EB88BDF82600E6
S21402BA00069304F09FFD069B04990190009322463C
S21402BA105B460598C1F340110BF09EF800283FF4F0
S21402BA20DFAE042306200093BDF82610624B5FFAB1
S21402BA3088F208F083FB00283FF4D2AE48F20203F5
S21402BA406A889A4205D1BDF82410BAF8000000F0C0
S21402BA5025FF594D09AA29460DF123000BF07AF865
S21402BA60034600287FF4BCAE2104BAF80000BDF8F5
S21402BA70242060D5234629460DF072FE9DF8233019
S21402BA804D4D03F00C030C2B75D128890DF033FEB7
S21402BA9000283FF4A5AE039B002029894B4514BF1E
S21402BAA00226032602F044FC444B18704FF6F77346
S21402BAB09F42BDF8240075D8A4F138025342534180
S21402BAC032463D4904F036F88AE6B8F1020F6BD0EA
S21402BAD0394BB3F90630002B26DAB8F1010F7FF4A2
S21402BAE01DAF0CF0F8FB238883423FF479AE0520A5
S21402BAF0BDF81E10FFF736FA00283FF471AE2E4A44
S21402BB00D3885B0607D50023CDE900330A20FF233E
S21402BB102188FFF7C1FA3A469DF822302188BDF8FF
S21402BB201E0002F01DF85BE629460AA800F070F82F
S21402BB300028D2D054E60221DFF88C8088F8001064
S21402BB402946CDF800B003F0E5F9132C96D0EB8821
S21402BB505D0493D41A4B1B78D80703D598F80020B7
S21402BB60022A8BD099077FF53BAE98F80030012B5E
S21402BB707FF436AE82E700222B79124800936B7967
S21402BB801146008802F0FCFB0C4B18709DF823301F
S21402BB9003F00C03082B89D1039B4B4514BF0426E4
S21402BBA0052683E701238BE74846BDF81E20024997
S21402BBB001F0AEFA14E600BF7E610020466900205E
S21402BBC0456800208A6100203869002010B50021EF
S21402BBD008480CF053FA044650B101460420FFF719
S21402BBE0C1F928B12046BDE810400121FFF7C2BDC9
S21402BBF010BD00BF6E610020034BFF211A78034878
S21402BC009200F0F7F9BF00BF4973002014490020E4
S21402BC1070B5451804464FF0FF31AC4212D1104BB6
S21402BC2010481A7805460023934211DB0E4C207802
S21402BC30431CB3FBF2F602FB163345F820102370C2
S21402BC4000200CE014F8010BE1F79EFD0146E4E744
S21402BC5050F8044BA14201D00133E5E7012070BD44
S21402BC60497300201449002039690020042307B5CF
S21402BC7001200DEB0301054AF9F76AFA019B044A13
S21402BC801B03136003B05DF804FB00BF23E1110041
S21402BC90F45A0020014B1868704700BFF45A00207F
S21402BCA0014B1868704700BFF45A002010B5064CC6
S21402BCB02368C3F30B0313B90448E2F7D5FB2068E5
S21402BCC0431C236010BD00BFF45A002023E111007C
S21402BCD02DE9F04F93B003930023DDE91C79069318
S21402BCE099F8003083460DA804930E4615460AF0CE
S21402BCF0C1FB99F8003013F003043ED0039B0DF10C
S21402BD00250A8DF824300022082138460CF071FAF4
S21402BD10002870D028880CF04DF999F800301C07DE
S21402BD204CBF0430023010F090FA07A98046F9F7AB
S21402BD309FFB9DF824300446980633D5288806F1E2
S21402BD400D010EF027F8A8B1002300933846082309
S21402BD502988721D10F072FB99F8003003F0180360
S21402BD60182B4AD1B8F1000F47D0A94BB3F8683068
S21402BD70434542D040F60A4327E02888711D0EF05C
S21402BD8009F80028F6D0009405233246298809A827
S21402BD9010F054FB9DF824300DF1240A03F018032A
S21402BDA00393B0E714BB39464046F9F761FD002815
S21402BDB0D2D099F800309907DCD04023224621469B
S21402BDC040460DF074FD40F6094399F8002012F043
S21402BDD0030440F0F780288803930CF04EF82246BE
S21402BDE001461A2010F0FAF9039BEBE007AB03CBEF
S21402BDF038607960B0E74FF6FF780AF090FE0446A6
S21402BE0020B104213846F9F74FFB04461E9B002B4F
S21402BE105AD009231E990DA88DF834300AF0A4FCD6
S21402BE20209B0BB1209B0693039B002B40F08E8039
S21402BE300DA8EEF731FB99F800309A0700F09880CB
S21402BE40FFF734FF5146024601200AF0B2FE99F887
S21402BE5000309B0710D5594628880EF075F80BF16E
S21402BE60090350FA83F35FFA83FB594628880EF0DB
S21402BE7042F800EB0B06F6B299F8003013F0C20F48
S21402BE800AF104030DD09DF82420624942F02002F4
S21402BE908DF824200A68CAF804204A685A600AF113
S21402BEA00C03012209A800921B1A324629889BB26B
S21402BEB010F0C4FA324659462846FEF7E1FE00283C
S21402BEC000F0A48000237DE01F9B5BB19E460DF12F
S21402BED0340CBEE80F00ACE80F00DEF80030CCF8F9
S21402BEE000309DE7049B594603F0200328880493FC
S21402BEF004F028FB10F0030F0CBF01230023059368
S21402BF00049B059A003B18BF012342EA43030093B1
S21402BF100DAA06AB38461F9900F0FEFA049A0346AD
S21402BF2082B1002880D0059B0DAA0093384606AB46
S21402BF301F9900F0F1FA034699F8002022F0200239
S21402BF4089F80020002B3FF46FAF3EE7039B102BCF
S21402BF5006D1BDF8363043F00103ADF8363067E758
S21402BF60039B182B4FD1BDF8363043F00203F4E79B
S21402BF7001200DF125010AF02AFE99F800308246CA
S21402BF8013F0040F288821D1069B1BB3002C35D052
S21402BF900BF073FF00220146162010F01FF984B141
S21402BFA07FB14FF6FF7398450BD000230DA91A46B2
S21402BFB038460AF0EAFC394640469DF835200AF033
S21402BFC0C4FD0123184613B0BDE8F08F002CDFD164
S21402BFD0104F01E0002CDBD1002332460093594675
S21402BFE03B460DF038F900283FF4C4AE002C3FF46F
S21402BFF069AF069A0AF10103136063E71B685345AB
S21402C000C6D80124E8E740F60A43DBE71923D9E756
S21402C010DC59002007690020002307B5054A0648B8
S21402C020136004220DEB02010193E2F759FA03B002
S21402C0305DF804FBF45A002023E111002DE9F04FCD
S21402C0400446B1B000888DF82F3016468A460DF0A9
S21402C050CEFE0146814620880DF04DFF00EB090812
S21402C06020880DF09AFF00239DF82F505FFA88F87B
S21402C07015F001070790ADF8363008D101460DF1EC
S21402C080360220880DF040FE08B1ADF8367016B9BB
S21402C090CDE90E660EAEFEF763FC18B145F020053C
S21402C0A08DF82F500023CDE9033302930DF12F03B1
S21402C0B0CDE900632246534641464846FFF708FE4E
S21402C0C00546002800F043819DF82F3013F0010743
S21402C0D046D1B44A23F02003106851688DF82F30F9
S21402C0E010AB03C3184600F0FBF90546FEF744FD05
S21402C0F0BBB2984200F2B7803A9B13B100233A9A39
S21402C1001370BDF83630CBB1012120880FF0B6FC93
S21402C11027880546002800F04F81012138460FF097
S21402C120ADFCBDF83670054638460FF08BFC002392
S21402C13000903A46194628460DF069FD0023CDE9DF
S21402C140033302930DF12F03CDE9006322465346D3
S21402C15041464846FFF7BCFD0546002800F0F7803A
S21402C1609DF82F3003F01103102B40F003818E4B05
S21402C1701B78432B40F0FE808C4B1B685B0640F11D
S21402C180F980208808F105010DF004FE8346002898
S21402C19000F0F0804146208804F0D4F9844B10F079
S21402C1A0200F08BF1E4612A800F09AF90822314650
S21402C1B012A8F1F76DF8002800F00E81314612A899
S21402C1C00AF08CFC012326AE00933246002314A903
S21402C1D012A800F0A1F9002840F0CC8012AB0DF1B5
S21402C1E02F07CDE90360029000932246534641464C
S21402C1F048460197FFF76CFD002800F0EF80BDF877
S21402C2009A30102043F0080318AA14A9ADF89A3001
S21402C2100CF0F8FE002840F0AD8012ABCDE90360CA
S21402C220CDE9017000932246534641464846FFF741
S21402C2304FFD0546002840F09D8018AB4FF49071E4
S21402C240002012AA00F0D4F84FF0005100200DF0A2
S21402C25056F9BBF1000F00F08C804FF080510020A1
S21402C2600DF04DF985E018AB14AA26A9F8B20AF02B
S21402C270E1FB002840F09480082210A927A8F1F7D5
S21402C28007F88346ADB19DF8A53013F0020F089368
S21402C2900FD0082212A927A8F0F7FAFF48B9089B80
S21402C2A0590706D53A9B13B101233A9A137008959B
S21402C2B007E03A9B002B61D1BBF1000F70D100233F
S21402C2C008930DF1740C14AB0FCB8CE80F00BDF87D
S21402C2D03630CBB1012120880FF0D0FBB4F800B085
S21402C2E000284FD0012158460FF0C8FBBDF8362073
S21402C2F08346104609920FF0A5FB00231946099AB9
S21402C300009058460DF083FC2A4B0DF1740B0493F3
S21402C310002303930DF12F03CDE900632246534613
S21402C32041464846CDF808B0FFF7D2FC002837D180
S21402C330002D33D012AA5B464FF482714FF40050A0
S21402C34000F056F8089B13B126A80AF08EF9174B90
S21402C3501B689A070DD4FEF703FB50B1114A18ABBF
S21402C3601068516803C3002226A918A80CF06DFEB7
S21402C37068BB0025284631B0BDE8F08F00233A9A04
S21402C380137099E7BDF836200A90104609920FF00E
S21402C39059FBDDE9092307990090B2E72A46CAE766
S21402C3A00137A3E622EE0300846800205C4C0020DE
S21402C3B0465A0020584C0020BDF836B058460FF0BA
S21402C3C041FB2B4600905A4638460799B4E626A902
S21402C3D018A80CF076FEC6E78346F3E614AB2DE704
S21402C3E001461A230120014AF8F7B2BE24E10100F1
S21402C3F0F0B5164691B0074609A80D461C46FFF74B
S21402C400EFFF3EB1336845F04005CDF8263073683D
S21402C410CDF82A301B4B1A6822EA070242EA0501C7
S21402C42019604B040DD5BDF824200B0A03F4E24331
S21402C430C9B222F4E3420B4322F07F021343ADF863
S21402C44024301A230020104A09A9F8F781FEB4B155
S21402C45004A80AF00FF802236A468DF81030154633
S21402C460234604F11006144618685968083303C4B4
S21402C470B3422246F7D1294604A80AF075F911B04C
S21402C480F0BD00BF5C4C002024E1010047F2FF1023
S21402C490044B196841F48042014041F480411A601D
S21402C4A00DF02DB85C4C002000B589B0FEF7CAFB33
S21402C4B001A8FFF795FF0948BDF80420016813029A
S21402C4C021F0FF0103F4E2030B43D2B2134343F419
S21402C4D08043036009B05DF804FB00BF5C4C00209B
S21402C4E010B50C4B0446186888B0830706D54FF083
S21402C4F0FF3323600120636008B010BD10F04000D7
S21402C500FAD001A8FFF76CFFDDF806302360DDF8ED
S21402C5100A30EFE75C4C00202DE9F04F99B08146D7
S21402C5200C461E4617469DF88880A2B11546284638
S21402C53009F0A0FF18F0020B0FD004B911AC6B463D
S21402C5402246294648460AF053FA0EB100233360C3
S21402C55019B0BDE8F08F0CADE9E76B4629464846B0
S21402C56004AA0AF012FA6B7808F00108FF2B25D00D
S21402C57000287AD154B104AB08AF1A4603CABA42AD
S21402C58020606160134604F10804F6D126B16A7889
S21402C590374B03EB82033360B8F1000F01D1002062
S21402C5A0D6E7BDF80030D906F9D418204FF6FF7149
S21402C5B06A780FF013FE40F60E40C9E7DFF8B8A01F
S21402C5C0DAF800302EB19A0756BF2A4AC6F800B0EB
S21402C5D0326003F03003102B01D0202B1ED111A89D
S21402C5E0FFF7FEFE082248460DF14601F0F750FE20
S21402C5F028B1DAF8003003F04403402B0ED0B8F12D
S21402C600000F0ED108A80CF07EFF02232B70C4B9CF
S21402C610002FC4D0281DFFF763FFC0E740F60A408C
S21402C62096E7DAF80030DB03ECD508A80CF06BFFCF
S21402C63002232B70BCB9002FB7D0281DFFF750FF7E
S21402C640B3E7002608AB0CAF1A4603CABA4220600C
S21402C6506160134604F10804F6D1281DFFF740FF77
S21402C660002E9CD0A1E70126ECE72D2070E700BF44
S21402C67070480020584C00205C4C002049B9084BFA
S21402C680197849B14EF66023594328B105480FF090
S21402C690A9BA41F28831F8E70248F8F7DFBC00BFD2
S21402C6A043680020A84B002070B586B00546F8F710
S21402C6B0C3FD10B9022006B070BD01A8FFF710FF37
S21402C6C006460028F6D08DB92E4B1C6814F00204DC
S21402C6D006D02D4B1B78112BECD12C4BB3F86840AF
S21402C6E04FF481630221ADF80C3023E02846F9F7B7
S21402C6F02DF90028DED1234B1C6814F0020406D064
S21402C700214B1B78112BD5D1204BB3F86840082259
S21402C710294601A8F0F7BCFD0028E1D04FF40273C9
S21402C72000260A21ADF80C302B68CDF80E306B6867
S21402C730CDF81230002203A80BF057FC024608B9C7
S21402C7401920B8E70F4B196801F03003102B17D0E9
S21402C750202B14BF01230323490001F004010B43DD
S21402C7602046002100F0F4FF0028E9D00021012035
S21402C770FFF784FF16B10122054B1A7000209AE7D4
S21402C7800323E9E75C4C002084680020DC59002083
S21402C7902E69002030B500251D4C85B0CDE9005528
S21402C7A0F8F75CFC23784BB31A491B480A780078E2
S21402C7B0904223D90132012B0A700ED12A464FF439
S21402C7C0A071284602F0BEFAC0B2B8B941F288316A
S21402C7D012480FF007FA05B030BD022B09D12846E1
S21402C7E002A9F9F745F80028EED102A8FFF75CFF88
S21402C7F0EAE7032B02D101F065F9E5E700210846D6
S21402C8002170FFF73BFF0421684609F0A1FDE2E72D
S21402C8103A6900203B6900207F730020A84B002065
S21402C82070B5194A194D04465168106886B02E78BC
S21402C83001AB03C31EB10224204606B070BDF8F752
S21402C84045FD0228F7D103A800F0E8FD082201A959
S21402C8500DF10E00F0F71CFDA0B10D4B32464FF461
S21402C860A07130461C7002F06DFA04460028E3D12F
S21402C8700123084A41F2883107482B7013700FF0E3
S21402C880B1F9D9E72324D7E7A7B204003A69002012
S21402C8907F7300203B690020A84B0020F0B50C46B1
S21402C8A000219BB02B4F0646492207A80691F0F7B7
S21402C8B0A3F93B78012B34D19EBB0DF10E01204625
S21402C8C00CF039FF0546BDF80E000FF0BBF8441B0E
S21402C8D0E4B2BDF80E1023462A46009606A80FF0CC
S21402C8E0ADFD304604A9F8F7C3FFD0B9CCB19DF828
S21402C8F01920B2B9BDF8233003F47E43B3F5285F9E
S21402C9001ED3B3F5385F0ED31349BDF80E000B687D
S21402C91043F400030B6029460AF0FAF818B1042320
S21402C9203B701BB0F0BD01220C4B04A81A70FFF737
S21402C930BBFE41F288310A480FF054F90223EFE7B2
S21402C94011463A70FFF79AFE1E2104A809F000FD70
S21402C950E7E700BF3A6900205C4C00203B690020F4
S21402C960A84B0020014B1870704700BF3B6900209F
S21402C970014B1878704700BF3A690020014B1870C7
S21402C980704700BF3A6900202DE9F04F0446408800
S21402C99091B00E298846ADF81A0074D094F8089023
S21402C9A0A7790BF007FB09A90546BDF81A00E67938
S21402C9B00DF004FBBDF81A000BF002FA430542BF65
S21402C9C0BDF82A3043F40053ADF82A30E379D8068E
S21402C9D042BFBDF82A3043F48053ADF82A30BDF882
S21402C9E02A30990613D5022F52D10CA9207A0CF0C0
S21402C9F043FEDDF83500DDF8391007AB03C307AA9E
S21402CA000021042300910DF11A00FFF717FB012104
S21402CA10BDF81A000FF032F8022F824644D1454B79
S21402CA2033F81950B8F1000F79D0BDF82A305A06FB
S21402CA3075D54FF6FB72954271D83F4AB2F8682018
S21402CA40AA426CD0DB0502D528460CF05BFFBDF887
S21402CA502A30D80463D5002F33D1BDF81A000BF064
S21402CA60AFF9C10663D548F23403BDF826209A42D0
S21402CA7009D1324E3078FF2805D003222946FCF72A
S21402CA802BF9FF2333700023236011B0BDE8F08F2B
S21402CA90012F01BF237A2A4A03EB430302EB8303E7
S21402CAA014BF00229A1CABE7012F05D10C2303FB0F
S21402CAB009F3234AD55AB5E7A81C0FF0C6FB05466C
S21402CAC0B0E7284601F07CFDBDF81A000BF078F9B5
S21402CAD0C206C8D46389504605930EF0B3FF834658
S21402CAE050460EF093FF059B02905FFA8BF04A4683
S21402CAF0394601900093404609AB09F0C1FBB8F1F4
S21402CB00000F14BF0B20092016F0030218BF02F113
S21402CB10FF32294618BFD2B20FF060FBA3E7BDF87A
S21402CB201A000BF04DF9C3069DD4002FD2D1A946A8
S21402CB30D0E700BF40600020DC590020837300204D
S21402CB40805F002038B500240F4B104D2A78A24291
S21402CB5005D8C2B9BDE838400D48F8F77FBA5988FB
S21402CB6069B9013AD2B2A2422A70EFD0121B184615
S21402CB7003F110011201F0F791F80346E6E70134DB
S21402CB801033E4B2E2E738BD744800203E69002064
S21402CB903872002070B51A4B1A4A1D780023DCB290
S21402CBA0A54200D870BD144666880133864202F15B
S21402CBB01002F4D1E379A588E16003F040028DB952
S21402CBC0CAB123F00403E3710BF0F4F9037803F01F
S21402CBD07F03037021880029E4D1BDE870400A482B
S21402CBE00FF000B800216580A180002AE9D1BDE8D7
S21402CBF07040FFF7A7BF2046FFF7C6FEF7E700BF65
S21402CC003E69002074480020387200202DE9F04763
S21402CC10044686B040880F4615460BF0CBF9A3793A
S21402CC208046082B52D8DFE803F0052E18515151E2
S21402CC305151050002300FF008FB002D4ED0694618
S21402CC40F8F716FE002841D1684601F063FDB0FAF7
S21402CC5080F0400906B0BDE8F08702A9207A0CF001
S21402CC600BFD6B466E46DDF80D00DDF81110334AFB
S21402CC7003C3237A32F81390314AD05C75B1314639
S21402CC800CF01EFDE6E7237A2E4903EB430301EB85
S21402CC90830231F82390907A961CEFE74FF6FB7AE0
S21402CCA0D14515D930460CF055FE4FF6FF73984223
S21402CCB0054615D00146304601F09EFC554508D97A
S21402CCC0E379DA060ED440F62243E3600020C1E799
S21402CCD04D46294608F102000FF0B9FA0120B9E7DD
S21402CCE04D46EDE74FF6FC78454512D103F00C03AE
S21402CCF00C2B1CD1DFB130464FF6FD7101F07CFCE7
S21402CD0040F61F412046E160FFF73EFEFFF71AFF9E
S21402CD10DCE74FF6FD739D4209D1002330461946E3
S21402CD201A4602F0DBF84146304601F065FCE3792C
S21402CD3043F00C03E37140F62343C6E7406000204D
S21402CD404A680020805F002073B5044640880E467D
S21402CD500BF030F902300FF078FA09F0F0FE18B155
S21402CD60A11C201D09F0F0FEE6B1E5790135EDB211
S21402CD70E57115F0400514D0ECF7D8FE0122054601
S21402CD8000212046FFF742FF18B1394B1B882B447F
S21402CD909DB2384B1B78042B01BF354B1B885B19A1
S21402CDA09DB22580002231462046FFF72FFF20B392
S21402CDB060880BF0FFF8E2792F4922F00C03E3714A
S21402CDC00B7805460133DBB20B70C3712B4BA61CE6
S21402CDD01B780BB3E37998061ED52949097871B1F9
S21402CDE059060CD592070AD500220423114630466E
S21402CDF00092FFF723F910B1E06002B070BD002286
S21402CE000123114630460092FFF718F920B1E37964
S21402CE1043F00303E371EFE7304609F093FE002880
S21402CE20EAD16088FCF7C0FA0328E6D8DFE800F00B
S21402CE30020D1D19E37943F00403E3711B06DCD5EA
S21402CE40104B1A78104B1A70D7E740F62443E3606B
S21402CE50E37943F00803E3712B7803F07F032B702A
S21402CE60CBE740F62543E360C7E740F62643FAE7FA
S21402CE70D672002085680020826800208068002024
S21402CE8080730020486800203D6900202DE9F74F96
S21402CE9006460FF0F0F85F4B0546B3F80090188090
S21402CEA05D4BA0EB09041B78A4B2A34298BF0023F3
S21402CEB04FF000084FF6FF7788BF1B1B564A88BF05
S21402CEC0DBB21370DFF864B1A9EB00030093534B97
S21402CED05FFA88F2197891420ED80EB1FFF732FE49
S21402CEE04FF6FF739F4200F08E8039464C4803B0DF
S21402CEF0BDE8F04F0EF076BEBBF80220002A3CD00A
S21402CF00484B9BF807201878BBF800A0042818D0D6
S21402CF100020BAF1000F08BFA2462044504523D293
S21402CF20BBF80010009B1944ABF80010002E4ED040
S21402CF3002F04802482A4AD100215846FFF704FF69
S21402CF4045E00192F8F704FC30F01003019ADFD1B5
S21402CF50FBF746FC344B019AB3F800C08445D7D998
S21402CF60ACEB000080B2D4E702F00C00042807D134
S21402CF700022ABF800200BF1100B08F10108A6E71F
S21402CF80510602F0030C02F008000ED528B3BCF1DD
S21402CF90030F25D1DEB1DBF80C105846002908BF76
S21402CFA04FF44261FFF7F0FC11E040B3BCF1010F11
S21402CFB025D11206EED44FF4C862ABF800209BF8D7
S21402CFC0072022F0030242F002028BF80720BBF889
S21402CFD00020974228BF1746CDE703208445D9D2C2
S21402CFE013060ED50C4B1A780AEB0200844208DAB6
S21402CFF04A44521B0AEB0201ABF80010E7E7012095
S21402D000ECE7012199E7064803B0BDE8F04FF8F7D0
S21402D01025B800BF746100203D6900203E690020EB
S21402D0203872002085680020D672002074480020DE
S21402D030F8B500250A4E0B4F3378ECB2A34204D85B
S21402D040BDE8F8400848F7F719BD07EB0414A01C22
S21402D050F7F714FD201DF7F711FD0135ECE700BFC9
S21402D0603E690020744800206A61002070B50024E2
S21402D0700B4D0C4E2B78A34208D81B1BDBB22B7031
S21402D0806BB9BDE870400848F7F7E8BF06EB041036
S21402D09040F621410134FFF777FCE4B2EAE770BDBF
S21402D0A03E6900207448002038720020F8B5154EFC
S21402D0B0DFF858E035789EF800E0134FAE454FEAA9
S21402D0C0051C07EB051419D0002503F4835343EA25
S21402D0D01323A1712272E371608027F80C50A58099
S21402D0E003F0A8FB40F60243E36033786081013325
S21402D0F028463370FFF7CAFE2846F8BD40F60340BE
S21402D100FBE700BF3E6900207448002047730020FA
S21402D1102DE9F04F344B0D461C78174685B05CB9A6
S21402D120B1F90680DFF8C890DFF8C8A0DFF8C8B00B
S21402D13099F80030A34202D805B0BDE8F08F0AEB9A
S21402D1400416B08800B9708801A90CF037FFAA7AD5
S21402D1509DF80E309A4244D1B8F1000F0FDA297AC0
S21402D1609DF80C202B89914209D820480078084463
S21402D170824236DA521A1B0A1341D90731D538468B
S21402D1800CF00BFFBDF80A3004469A0602D5EB886F
S21402D1909B06D1D5F37903F00C03042B08D17088D3
S21402D1A0F9F786FD00237288194618460CF0CCFB68
S21402D1B000213046FFF7E8FBFFF7C4FC38460EF0C6
S21402D1C041FC844208D2337A01228BF80030294689
S21402D1D00023384602F0AEFCB8F1000FACDA0024A9
S21402D1E0A6E70134E4B2A3E73C69002046730020B8
S21402D1F03E690020744800204669002008B50EF0FB
S21402D2003AFF074B1B88C01A80B2B0F5807F05D95B
S21402D210BDE80840002103480EF0E4BC08BD00BF8C
S21402D22074610020387200202DE9F04788B0044669
S21402D2300D460CF0DCFD0146204603F083F910F0A3
S21402D24003035FD110F00C0F06D12946204608B022
S21402D250BDE8F047FFF79EBC20460AF0B1FDC306C4
S21402D26038D420460CF0C3FD0146204603F06AF986
S21402D270064620460AF09EFE804602300EF0E5FF85
S21402D28005A9074620460CF099FE06F00C0698F80B
S21402D29001300C2E0CBF4FF003094FF00609012196
S21402D2A013F0010F204618BF4FF003090EF0E6FBFD
S21402D2B0174B80461B88A3420FD1B5FA85F040096A
S21402D2C0FBF748FC20460AF0A9FD0022014607208B
S21402D2D00EF084FF08B0BDE8F08703F0ABFA824692
S21402D2E040460EF0AFFB064640460EF08FFBF6B207
S21402D2F002903A4649462846CDE900A605AB08F014
S21402D300BFFFDFE7012BE5D110F00C0FE2D19CE75F
S21402D3106A610020002210B5094B1C78094BD1B275
S21402D3208C4201D8002010BD197A814202D1997927
S21402D330022902D010330132F1E70120F3E700BFE1
S21402D3403E690020744800200146002210B5084BB2
S21402D3501C78084BD0B2844201D8002010BD187A3F
S21402D360884202D198790128F8D010330132F1E7C9
S21402D3703E69002074480020002210B40A4B1C7834
S21402D3800A4BD1B28C4203D85DF8044BFFF7DABBE6
S21402D390197A814205D19979012902BF00211980A3
S21402D3A0598010330132ECE73E69002074480020B1
S21402D3B0024B1878003818BF012070473E690020DB
S21402D3C0044B1B6813F0300F03D0202130200CF0E2
S21402D3D096B870475C4C0020002310B504460849F6
S21402D3E01A4601EA00414FF07F60FFF701F8E307B3
S21402D3F003D5002130200CF082F8002010BD00BFBB
S21402D40000007207044B5B8823F4784323F08D03F5
S21402D41003800020704700BF5C4C002008B5002245
S21402D4200346C3F80220C3F806200B4A02301268ED
S21402D430D1B212F0200F18BF41F0100119809307E5
S21402D44001D4FFF74DF8054B1B78023B032B8CBF2C
S21402D4501720002008BD00BF5C4C00208468002016
S21402D46038B505460C46FDF7EDFB98B10E4B18781D
S21402D47078B10E4B1B681A040FD58CB113F0420F0D
S21402D48000D17DB103F44073B3F5407F0CBF00209A
S21402D490232038BD40F60840FBE740F60B40F8E78D
S21402D4A02046F6E72320F4E7806800205C4C002044
S21402D4B0F0B504468DB007A80D46164608F0DAFF0A
S21402D4C01022002103A8EFF797FB5CB1234603ACBA
S21402D4D003F11007224618685968083303C2BB4294
S21402D4E01446F7D1012703A986EA070307A88DF891
S21402D4F01C708DF81D3009F028F980EA070401A88F
S21402D500E4B2EDF727F8B6B101A88DF80650EDF7AC
S21402D5104DF864B1002303A907A88DF81D3009F061
S21402D52023F90C4B1B78432B01D1F9F7DBF80A4B96
S21402D5301D700DB0F0BD01A88DF80750EDF736F856
S21402D540002CF6D003A907A88DF81D7009F00CF977
S21402D550EFE700BF846800207F680020F0B5012551
S21402D56093B007460DA80C4608F084FF05A90DA83F
S21402D570ADF8345009F013F901A8ECF7EBFF09A94E
S21402D5800DA88DF835509DF8066009F008F90DA82B
S21402D5909DF8075009F099F870BB731BDBB2802B1D
S21402D5A028D91FB1A64225D0A54223D105A90DA888
S21402D5B009F0DAF803A8ECF7CDFF03A88DF80F60A0
S21402D5C0ECF7F4FF0122294609A8FFF771FF0BF0DA
S21402D5D07CF801214FF400700CF0A1F9FDF71AFB5C
S21402D5E0B0F1004F01D9FDF71BFB044B187808F089
S21402D5F0ADFE012013B0F0BD0020FBE77F680020DF
S21402D60070B50E46144605460320FFF7B7F946F0F6
S21402D61004022946204609F001F90022014B1A604D
S21402D62070BD00BF584C0020F0B587B0078805468D
S21402D6301022002102A8EFF7DFFA3E4B1B78002BE0
S21402D64076D1BC055ED407F08403842B63D0002217
S21402D650394C11461046FFF72BFF17F4045F27607C
S21402D66005F102061CD0B9040AD5304602F09CFA2F
S21402D67000284ED1236823F4005343F480732360BA
S21402D68030460BF0B8FF002842D108F0F1FE18B978
S21402D690236843F480332360236843F02003236027
S21402D6A022680DF1060042F400432360FFF7AAFE4B
S21402D6B012F4805FBDF8063031D043F02003ADF897
S21402D6C006302168334611F0400218BF05F12302E6
S21402D6D04FF07F60FEF78CFEBDF80630DA0703D502
S21402D6E0002130200BF00BFF23689B0506D5012294
S21402D6F095F8221005F11200FFF7DAFE00200F4B14
S21402D700186006E005F112000BF075FF00289AD0AB
S21402D710292007B0F0BDB80799D52320F9E723F0F2
S21402D7202003ADF80630FDF77BFAFEF775FCC8E776
S21402D7300220EEE7846800205C4C0020584C002053
S21402D740024B1868C0F30050704700BF5C4C0020C4
S21402D7502DE9F04F064689461046002189B0154647
S21402D760984602F0EFFE102807460AD86A4B034195
S21402D770DB0706D4C8F340049DB9002009B0BDE813
S21402D780F08F664B1C78002CF6D0FFF7D9FF0028E6
S21402D7900CBF4FF4F0744FF4D074FC4004F0010454
S21402D7A0EAE74FF0000A18F0010F534652462946A0
S21402D7B04FF00500CDF800A00CBF4FF0080B4FF459
S21402D7C0027B06F0DEFC0028D7D0C8233246009340
S21402D7D059465346284602F0DDFEADF80E000028F4
S21402D7E0CBD018F0080A4AD14FF6F773A7F10F020A
S21402D7F0D2B29E428CBF09230123012A01D843F0EC
S21402D8004003474A8DF810301378591C11708DF872
S21402D8101130002C4FD09DF81030052F43F0200316
S21402D8208DF8103033D03F4B1D78002D5AD04FF66E
S21402D830F77300259E424FF00F0248D9012304A930
S21402D8400DF10E00F7F75EFB002896D1002C4DD1A5
S21402D850BAF1000133463A4618BF0121BDF80E0060
S21402D860CDF8009009F075F9ADF80E00002884D0C6
S21402D87018F0040F4DD031460BF0C5F87EE7494646
S21402D8800DF10E000CF070F80028ADD175E70121FD
S21402D890BDF80E000EF0F2F8012102F053FE01234D
S21402D8A0834013F0620F1CD11E4B1B78E3B14FF678
S21402D8B0F7731825BEE71B4B25461B780222002B62
S21402D8C0BCD04FF6F7739E42B8D8052FB6D0BAF141
S21402D8D0000FB3D19DF8103043F040038DF810309E
S21402D8E0ACE710250F22A9E71825FBE7BAF1000FCF
S21402D8F00AD002234A46009029460DF10E00FEF792
S21402D9009DFB0028A4D038E741235246CDF800A05C
S21402D910F2E70BF060F831E79FFEFEFF806800201A
S21402D92081680020746800202DE9DF431E46144BF0
S21402D93080461B680F469B0791460A9C1BD42046CE
S21402D94014B109F0F0F8C0B20622CDE902403B4617
S21402D9500020CDE900890B490CF0C9F9024650B106
S21402D9600021002E0CBF01230323084604B0BDE8A5
S21402D970D043FFF7EDBE002004B0BDE8D08300BF61
S21402D9805C4C00209C6504002DE9F04F8DB081466A
S21402D9908A461F4693469DF85C803AB903A8FEF76E
S21402D9A09FFDB0BB00200DB0BDE8F08F15460022EB
S21402D9B0232110460AF019FBADF80A000028F1D020
S21402D9C00EF024F80523044618F0100F00F8023B68
S21402D9D0677020D011220021EFF70EF904F113062A
S21402D9E0032F4FF0080237D159463046EFF756F963
S21402D9F0C8F3801306F10905337209F090F800287F
S21402DA003ED000232B706B700123033505F8013CD2
S21402DA1036E003ADCBE7012610221699EFF73EF962
S21402DA2006FA07F313F0620F02D104F11206D7E7E3
S21402DA3007A808F01FFD05A88DF81C60ECF78AFD04
S21402DA409DF8162018F0200F9DF8173008BF1346D1
S21402DA5004F11306A374C3E751463046EFF71EF9E6
S21402DA60012306F10802121B28460093BDF80A108D
S21402DA70082392B20EF0E2FC042F06F11005BCD089
S21402DA802D1BA9B20DF10A000CF099F8002889D1D5
S21402DA9018F0040F0BD048460EF0C5FCFF281FBF37
S21402DAA0074A32F8103023F4804322F810304346F7
S21402DAB051464846BDF80A20FFF74AFE73E700BF04
S21402DAC00C61002070B5032690B08DF80760F7F75A
S21402DAD0B3FB18B90224204610B070BD02AD28462A
S21402DAE0FEF7FEFC0028F5D01B4B1C6814F002045F
S21402DAF0F0D140F20F43194AADF82430136804A857
S21402DB00CDF826305368CDF82A3008F0B3FC95E8F5
S21402DB10030005AB83E80300062304A88DF81D3036
S21402DB208DF81060ECF7B8FC01210DF12E020DF114
S21402DB300700ECF709FC22461A2109A80AF055FA52
S21402DB40024608B91924C6E7012329462046FFF7EC
S21402DB50FFFD0028BFD1F5E75C4C002007690020D6
S21402DB602DE9F04F04460D46002191B01F2208A869
S21402DB709B460791EFF740F820460CF038F901462D
S21402DB80204602F0DFFC8DF8110020460AF012FA59
S21402DB909DF81130467899068146C6F3400620461F
S21402DBA048BF46F002060CF0F8F9804620460DF013
S21402DBB049FF0022A0EB0803DBB2232B28BF232356
S21402DBC000922146424607A80EF038FC00283AD1B9
S21402DBD0A24B9DF81C701B789DF81DA0B3B3FFF7EF
S21402DBE0AFFD00280CBF4FF4F0734FF4D073FB4028
S21402DBF0DA072BD5B30729D4082F22D1BAF1040F9E
S21402DC0021D1FBF77FFBF0B9012342460093214660
S21402DC1005200DF1110306F091FAA0B1053F0D2F74
S21402DC2011D8DFE817F024001000AF01BC01C501CF
S21402DC30100010001000100010001000CB01F901B7
S21402DC40F901052F07D011B0BDE8F08F102F05D1CE
S21402DC50BBF1000FF7D0FBF755FBD5E7FBF752FBFE
S21402DC600028D1D0052FCFD0112FCDD0EBE7BAF1B7
S21402DC70050FE8D820460AF000F9029009F10200E2
S21402DC800EF0E3FA82460DF11200FFF7BBFB01230A
S21402DC909DF81D8003FA08F313F0620303932DD058
S21402DCA0BDF812309D0722D5B407CCD5FBF72AFB68
S21402DCB00DF11E000BF09FFCB8F1030F04469DF811
S21402DCC02EB02FD10DF12F050AF005FB824540F04C
S21402DCD03181032EB7D19DF836100DF11E020039A0
S21402DCE018BF01210DF12E0008F03EFFABE7FBF74F
S21402DCF009FB0028DCD1002EA5D0D9E7FBF702FBF2
S21402DD0068B10DF11E000BF076FCB8F1030F044665
S21402DD104FF0000B40F082800DF12E05D4E7002E66
S21402DD2091D0EEE74E4B1B6898072AD5FF220821B2
S21402DD300DF137000AF05DFA814610BB0346014634
S21402DD400DF137020220FEF753FB0AF0C4FA8245B1
S21402DD500DF137070DF12F0523D04FF6F7739A45CD
S21402DD6040F2ED800022082128460AF042FA0028F6
S21402DD7000F0E580002259460DF11E00FFF798FBE1
S21402DD8061E70DF137070DF12F0538460BF0DFFB83
S21402DD90002848D00AF09FFA824540F0CC804FF027
S21402DDA000092846F7F7D2FD002800F0C480B8F133
S21402DDB0010F5BD0B8F1040F7FF445AF0BF0EAFB1E
S21402DDC010B1032E7FF43FAF002C7FF43CAF3A46EF
S21402DDD002210DF11E00FFF713FC224B1B7863B1E4
S21402DDE0FFF770FEFEF7C4FD022806D10120FEF7FB
S21402DDF0B9FD01210846FEF741FC1B4B1B78022B9E
S21402DE0020D10321384608F0A3FAFEF7B1FD0146F9
S21402DE1000287FF418AFFEF731FC14E70DF1360741
S21402DE200DF12E05B1E7104B1B78432B7FF40BAF99
S21402DE30B8F1010F7FF407AF0AF04DFA82457AD1A6
S21402DE40C146AEE7412B7FF4FEAE054B1B68590573
S21402DE507FF5F9AEF9F73EFEF5E600BF80680020D2
S21402DE605C4C00202E690020846800206C4D2B78C4
S21402DE70022B22D02B78412B3FF4E5AE3CB9FBF7C0
S21402DE8041FA594602460DF11E00FFF711FBFBF759
S21402DE9039FA00283FF4D7AE0BF07CFB614C98B100
S21402DEA023681B0502D42B78432B0DD1B0070BD465
S21402DEB040F61A40F9F70CF8C5E60BF06BFB0028A3
S21402DEC0D8D0B207D6D4BEE6206810F0020002D13F
S21402DED002990BF01EFD2B78112B16D123685905DB
S21402DEE013D50020FEF7E0FB044600287FF4ABAE15
S21402DEF00AF05FFC40F61C40F8F7EAFF214620468F
S21402DF00FEF7BCFBF8F7F0FF9DE6B20701D5FFF778
S21402DF1057FAB9F1000F9DD008F0AAFA18B94FF4D3
S21402DF2080310BF0ECFA00223F4B38461A600BF0B9
S21402DF3005FB8FE70027039B002B7FF40EAF4FF6FF
S21402DF40FF73284605A9ADF814300AF0B7F920B1D8
S21402DF5028460AF094F9ADF814004FF6FF73BDF8A0
S21402DF60140098423FF46FAE002C0CBF0423152316
S21402DF7001930DF11E0300933A4643462946FFF7E6
S21402DF8003FD60E60DF11D00F7F7E0FC00283FF404
S21402DF905AAE022229460020FAF79EFE53E6F307FF
S21402DFA07FF551AE3246284607A90BF0DCFC4AE65E
S21402DFB09DF81D100120FFF7D1FA44E6184B1B7896
S21402DFC0022B20D1002D7FF43EAE05A8FEF788FA7C
S21402DFD000283FF438AE154B1D709DF81D30002BFF
S21402DFE014BF64246524FEF7C3FC032806D1284622
S21402DFF02946FEF743FB2846FEF7C0FC214605A845
S21402E00008F0A6F91FE6043B012BDBD9284608F0E8
S21402E01096FD0028D6D116E6204608F092FD12E6B6
S21402E020846800205C4C0020584C00202E6900209A
S21402E0302DE9F34105460E46174698460BF0AAFA16
S21402E040044640B101233A4631462846CDF80080C0
S21402E050FFF76AFC04460BF09DFA30B1FFF770FB3F
S21402E06078B10A4B1B689B010BD400233A46314613
S21402E0702846CDF80080FFF757FC002C0CBF04465C
S21402E080012404F0010002B0BDE8F0815C4C0020DF
S21402E09070B58AB005A808F0EDF9022301AA154664
S21402E0A08DF81430084B03F11006144618685968A8
S21402E0B0083303C4B3422246F7D1294605A808F01E
S21402E0C044FB0AB070BD00BFAFB20400014B187823
S21402E0D0704700BF81730020014B1888704700BF4D
S21402E0E0FE7200204FF6FF732DE9F04399428046F8
S21402E0F00D4685B00BD000274FF6FD791C4EEBF788
S21402E1001BFDFCB2A0420BD84FF6FF701DE0F7F7DE
S21402E1101DFC0028EFD005B0BDE8F0430AF0DBB8DE
S21402E12036F814304B4517D8694620460BF068FA85
S21402E130082241460DF10500EFF7AAF84FF6FF73E5
S21402E14060B99D4204D136F8140005B0BDE8F083EC
S21402E15026F814500BF02EFA0137D0E79D42FBD07A
S21402E16036F81430AB4208BF26F81490F4E700BF26
S21402E170406000202DE9FF4706460F4600254FF671
S21402E180FD79DFF83C80DFF83CA0EBF7D5FCECB27B
S21402E190A04202D804B0BDE8F08738F814304B45E8
S21402E1A00CD8694620460BF02BFA082231460DF1B0
S21402E1B00500EFF76DF808B90AF804700135E4E7D0
S21402E1C0406000204A680020014B33F81000704778
S21402E1D040600020F0B5064600250D4F85B0EBF7EF
S21402E1E0ABFCECB2A04201D805B0F0BD37F8143053
S21402E1F0B3420BD1694620460BF03EFA9DF800303A
S21402E200022B1CBF4FF6FD7327F814300135E6E7E4
S21402E2104060002030B585B004460D46EBF78CFC16
S21402E220A0420FD9084B33F814204FF6FD739A42DA
S21402E23008D8694620460BF01FFA29460DF105005C
S21402E240FFF750FF05B030BD4060002030B585B006
S21402E2500446EBF771FCA04219D92046FFF75AF89C
S21402E2600546B0B9694620460BF0CAF99DF800305B
S21402E2702BB1694620468DF800500BF0DFF94FF6B9
S21402E280FF720020044B23F8142005B030BD28206E
S21402E290FBE740F60440F8E7406000202DE9F04135
S21402E2A00B7805460E461BB9BDE8F041FFF7CEBF18
S21402E2B0EBF742FCA84231D92846FFF72BF878BB89
S21402E2C0374617F8058B4FF6FF713846FFF70AFFF9
S21402E2D00446384600F01EFAB0FA80F04009B8F15B
S21402E2E0000F15D0B8F1030F15D04FF6FF724FF698
S21402E2F0FD73944208BF1C460B4B314623F815406B
S21402E3000A4B585528460BF099F90020BDE8F081D3
S21402E3104FF6FF74F0E74FF6FE74EDE72820F5E7B8
S21402E32040F60440F2E700BF406000204A68002042
S21402E3302DE9FF410D4604464FF6FE780F4F0E0AB2
S21402E340EBF7FAFBA04204D8FF24204604B0BDE84F
S21402E350F08137F8143043450CD1694620460BF05D
S21402E3604FF99DF80520EBB29A4203D19DF806308C
S21402E370B342EAD00134E4B2E2E700BF40600020D4
S21402E3802DE9F04F0C461746984600254FF6FD7BC2
S21402E39087B09DF840A0DFF85C900190EBF7CCFBCD
S21402E3A0EEB2B04201D8FF2616E039F816205A45DA
S21402E3B01ED8304602A90BF023F93FB99DF8092072
S21402E3C0424515D19DF80C20524511D144B939F871
S21402E3D01620019B9A420BD1304607B0BDE8F08F5B
S21402E3E0082220460DF10D01EEF752FF0028F3D069
S21402E3F00135D3E74060002010B514460BF000F953
S21402E4002046BDE8104008220149EEF747BC00BF8F
S21402E410076900202DE9FF470746154608460822E9
S21402E42024491E46EEF734FF044600283FD14FF635
S21402E430FF7ADFF88490EBF77FFB5FFA84F880457B
S21402E4400BD385B3384605F03AFF01250C9B1870AE
S21402E4500120357004B0BDE8F08739F8183053450E
S21402E4601FD0694640460BF0CBF87A789DF801300B
S21402E4709A4216D17A88BDF802309A4211D13A7978
S21402E4809DF804309A420CD108220DF10501781D40
S21402E490EEF7FEFE28B9002DD7D1404605F02AFF3A
S21402E4A0D3E70134C7E7FF2005F024FFCEE70020BC
S21402E4B0D0E700BF0769002040600020F0B50025C5
S21402E4C0154E164F85B0EBF737FBECB2A04201D8DB
S21402E4D005B0F0BD694620460BF092F89DF8003074
S21402E4E0032B06D90023694620468DF800300BF030
S21402E4F0A5F89DF8002062B14FF6FD734FF6FE7147
S21402E500032A08BF0B4626F81430002301353B5574
S21402E510D9E74FF6FF73F6E7406000204A6800200E
S21402E520F8B50E4604464FF6FF770C4B0C4D1B789B
S21402E53003EB430305EB8305A54202D800242046DD
S21402E540F8BD2388BB4206D008223146A01CEEF74F
S21402E5509FFE0028F3D00C34EEE700BF487300207D
S21402E560805F0020044BFF211A78044802EB420227
S21402E5709200EEF741BB00BF48730020805F002088
S21402E580F8B504460C4B0D461B781046A3420DD92F
S21402E5900C27022117FB04117C43084E0822314443
S21402E5A0EEF77CFB335B00202B80F8BD0023136064
S21402E5B053604FF6FF73F6E748730020805F002033
S21402E5C038B504464FF6FD75FFF704FE0022084BE9
S21402E5D01878084BD1B2884200D838BD33F80C1CE4
S21402E5E00132A14208BF23F80C5C0C33F2E700BFED
S21402E5F0487300208C5F002070B505460E4608461C
S21402E600FFF7DEFF31462846FFF76CFD294606482F
S21402E610FFF786FF00B970BD044624F80C6B0AF0BB
S21402E620C9FF29462046F3E7805F002010B508227E
S21402E63086B023490446EEF72BFE20B906B0BDE8A5
S21402E640104009F048BE082220461E49EEF720FE7A
S21402E65020B91D4BB3F8680006B010BD0023012296
S21402E66021464FF6FF700093FFF78AFEFF2806D07A
S21402E670164B33F810004FF6FB739842ECD903A8FA
S21402E680FEF7CCFE58B9BDF80C305B0607D508225B
S21402E69021460DF10E00EEF7FBFD0028DCD02146E8
S21402E6A00B48FFF73DFF40B14FF6FB724FF6FF7384
S21402E6B00088904288BF1846CEE74FF6FF70CBE739
S21402E6C007690020465A0020DC59002040600020DE
S21402E6D0805F002070B5002204464FF6FB7608469F
S21402E6E00A4B1D780A4BD1B28D4201D8002009E0B0
S21402E6F01988B14207D8A14205D10822991CEEF723
S21402E700CDFA012070BD0C330132ECE748730020CD
S21402E710805F002037B5014605460E48FFF700FF2A
S21402E720044640B1807A29460AF0CAFF80F001000A
S21402E730C0B203B030BD03460090012229464FF610
S21402E740FF70FFF71DFEFF2816BF034B2046185C1E
S21402E750E9E700BF805F00204A6800202DE9F34108
S21402E760224B04461B780F468342154638D9FEF7DD
S21402E770EBFDB8BB4FF6FD739D421D4E0ED004EB6B
S21402E780440326F823504FF6FF739D421FD12046BE
S21402E790FEF7F2FD002002B0BDE8F0810DF10601A1
S21402E7A0384609F08BFD4FF6FF72BDF80630384644
S21402E7B0934218BF1D460C236343F55206EB03082B
S21402E7C0FFF7A8FFB0FA80F0400988F80A000C2389
S21402E7D003FB0460082239460230EEF75FFAD9E7F7
S21402E7E02820D8E740F60540D5E700BF487300204A
S21402E7F0805F002038B504460D46FFF7BBFC214675
S21402E8000448FFF78DFE00B938BD857221460C30EC
S21402E810F7E700BF805F00200023074A1370074A0D
S21402E8201370074A118801B11380064B1A880AB181
S21402E83000221A80704700BF406900203F6900200E
S21402E8407A610020786100202DE9F04F3C4C1D468D
S21402E850238887B00746884610469DF840605BB915
S21402E86052B10BF0C5F920804FF4FA61354807B073
S21402E870BDE8F04F0DF0B6B9DFF8D890B9F8004011
S21402E880002C49D020460DF0DDF8C0F3470620469E
S21402E8900DF0BCF8DFF8C0A00296BAF80030DFF838
S21402E8A0BCB00193BBF800300446009300222B460E
S21402E8B0012025490BF01BFAADF81600E8B1012538
S21402E8C004EB4606B4420DD1BDB9BDF81630A3B16D
S21402E8D02A464146384600F06FF9ABF80050AAF8CF
S21402E8E000500AE0012321461A460DF11600F6F7FB
S21402E8F009FB023405460028E4D00023134AA9F88F
S21402E90000301378013BDBB21370002BACD107B09A
S21402E910BDE8F04FFFF780BF0D4C237823B90DF00A
S21402E9209FFA08B901232370324629460520F7F7D5
S21402E9300DFA0028EBD1207007B0BDE8F08F00BFBB
S21402E9407A61002058720020A26504004069002007
S21402E9503F690020786100201461002016610020C3
S21402E96030B5154D87B02C889CB923464FF4A0725B
S21402E97048F2380103A80AF07FFF21462046FAF73C
S21402E980E3FA22460D4B009403A9FFF75DFF07B09A
S21402E99030BD204609F00EFB04300DF056FC03A9EC
S21402E9A0044628880BF00AFB0023009320462A8898
S21402E9B003A900F0AFFAEAE77A61002000F8FF0741
S21402E9C037B5002001A9FAF7BFFA0D4C01462378A5
S21402E9D00C4D7BB10C4B019A1878FAF7CBFA2078DB
S21402E9E0F8F74CFC002323702B700848F6F736FB2A
S21402E9F003B030BD2B78002BF7D0FFF7B1FFF4E75A
S21402EA0042690020406900204169002058720020B7
S21402EA1008B50548F6F732F80448F6F72FF8BDE8C9
S21402EA2008400348F6F72AB87A6100207861002089
S21402EA30766100202DE9F04F89B089460446CDE97B
S21402EA4005239DF84870139E30B316F801ABBAF151
S21402EA50000F23D00AF1FF34A400E4B231460120AD
S21402EA6008F0B5F8C00E1BD1DFF838B131460120E8
S21402EA7008F0ADF89BF8005034442279BDB1002F5F
S21402EA8047D180234846CDE90277CDE900773E4A52
S21402EA90059900F091F83CE08246DFE75446DDE750
S21402EAA01B28ECD93146012008F091F8E7E7DFF899
S21402EAB0F880FF2A00EA08080BD14246E379A179DA
S21402EAC0607901EB032189B209B0BDE8F04FFAF78D
S21402EAD051BA2E4909688B070AD5FE2A35D1012379
S21402EAE00135EDB2202D4FEA43030AD1FF250AE095
S21402EAF0294628460792FAF727FA4845BFD1079AC9
S21402EB00EBE79845ECD1224B1B78FF2B04D0AB42A7
S21402EB1004D009B0BDE8F08FFF2DFAD029460020B8
S21402EB20F4F7B2FF0028F4D09BF800306479002B8B
S21402EB30EFD1FFF771FE17484FF410510DF052F85F
S21402EB40154B8BF800501C70E3E7052A97D8BAF1EC
S21402EB50010F94D8B8F1000F91D0002FD9D1737954
S21402EB60002BD6D00D49098821B9082B28BF0823C7
S21402EB700B490B70434648461292DDE9051209B06E
S21402EB80BDE8F04FFFF760BEA26504005C4C0020B3
S21402EB908273002058720020416900207A610020AA
S21402EBA0406900204269002000F8FF07014B1880E8
S21402EBB0FFF7D6BE786100200CB42DE9F04F8BB07B
S21402EBC014AA0E4652F8041B07460992002940F082
S21402EBD08F80BDF85400ADF82200002800F0A18016
S21402EBE033794FF6F778002B40F0868047458CBF86
S21402EBF04FF009084FF008084C4B1C78FF2C40F0E9
S21402EC008380B6F90230002BA9BF494B347A1C78B0
S21402EC100134A2BFE4B21C7044F08004DFF81CB1D9
S21402EC202246002101F0A2FC9BF80030BDF822002B
S21402EC30002B6CD0DFF808A14FF00009BAF80030BC
S21402EC4007930CF0FFFE0546BDF822000CF0DEFE30
S21402EC50EBB2CDE90193FF23CDE9030900932246E7
S21402EC60334639460798FCF7B5FB4FF6FF73054661
S21402EC708BF80090AAF80030382D33D13246394648
S21402EC8040460DF1220307F062FF00284BD04FF6F4
S21402EC90F7739F4226D8B6F902307088002B21DA25
S21402ECA048F204022349244B4FF00008904214BF56
S21402ECB08946994609F00FFB494603468A220120F7
S21402ECC0CDF800800BF013F8814658B12246414633
S21402ECD001F04CFCFF23324639464046CDE9009807
S21402ECE0FCF7DAF928460BB0BDE8F04F02B07047E1
S21402ECF001200AF0D9FF6EE7002347458CBF4FF08C
S21402ED0006089846337177E7FF221A7086E7CDE940
S21402ED1000033246FF2339464046FCF7BDF9054656
S21402ED20AAE71925DEE70546DCE700BF8473002064
S21402ED3044690020B3650400A86504004369002006
S21402ED407C61002070B54FF4003300240546164659
S21402ED5088B0ADF81A100DF10F0204A90593ADF8AC
S21402ED601840ADF81C4004948DF80F4007F0CEFE14
S21402ED709DF80F3028460193049B044A009305A988
S21402ED803346FFF719FF08B070BD00BFAC6504003C
S21402ED9030B54FF48035002487B00395BDF828506F
S21402EDA0CDE900128DF81030074A034603A9BDF8D4
S21402EDB02C008DF81140ADF81250ADF81440FFF754
S21402EDC0FBFE07B030BD00BFB8650400B1F1006FAE
S21402EDD02DE9F04314462CBF392238228BB01D464B
S21402EDE04FF00003ADF81E204FF480022CBF4FF008
S21402EDF001099946FF2C0646ADF81C300892ADF87C
S21402EE0024304FEA11471FFA81F80FD109F074FD3A
S21402EE10B9F1000F19D1154ACDE90205434630462D
S21402EE20CDE9007407A9FFF7C7FE1AE0FE2C0AD147
S21402EE3009F062FD0130C0B209F069FDB9F1000FB8
S21402EE4012D00B4A02E0E8B2F8E70A4ACDE9030517
S21402EE5001233046CDE90174CDF8008007A9FFF7FB
S21402EE60ABFE0BB0BDE8F083034AD5E7B0650400FD
S21402EE70B6650400AF650400B76504004FF4981247
S21402EE804FF0806310B586B0CDE903230023ADF8BA
S21402EE90143009F020FA0446F8F796FA054B01906A
S21402EEA00093054A234603A94FF6FD70FFF784FE3A
S21402EEB006B010BD07690020BC65040008B5064B05
S21402EEC01B78022B02D0043B012B03D8FFF7D6FF98
S21402EED0002008BD0220FCE78468002030B500242C
S21402EEE04FF4806587B0CDE900128DF81030084ADD
S21402EEF0034603A94FF6FD708DF811400394ADF852
S21402EF001250ADF81440FFF757FE07B030BD00BFF1
S21402EF10C06504002DE9F04F99B00E4605460CA9CF
S21402EF201046CDE90A329DF888700AF004FCBDF856
S21402EF303090804648460CF085FDB6F9023004460D
S21402EF40002BB6F806A0B6F802B004DA00228D4B03
S21402EF501A70002049E048460CF074FD4045F5D38F
S21402EF60A4EB0804E3B2002F18BF4FF4A07A152BC7
S21402EF70099328BF15230024013308F1FF324946BE
S21402EF80DBB292B2009412A80DF058FA6FEA4B4325
S21402EF906FEA53437C499DF8482008684968ADF8F3
S21402EFA03E300DAB03C3ADF84040ADF83C40ADF883
S21402EFB042A0ADF84420BBF1000F24D10DF1490068
S21402EFC0F6F7C4FCA0B109F086F95C4680460DF15E
S21402EFD051060DF149030A9A96F80090012A2CD19F
S21402EFE04FB384F0010404F0010019B0BDE8F08FBD
S21402EFF00DF149000AF0AEFC4FF6FF74011B4C42BD
S21402F00080464C41E3E7BBF1010F57D1BDF849807A
S21402F01009F061F980450AD040460DA90AF09DFC28
S21402F02080F00104E4B20DF14B060DABD3E7574B6B
S21402F0300DF14B06CFE70A9CD5E75FB344BBB9F1A7
S21402F040010F25D830D109F046F909F044F92246D5
S21402F050804671784D4B029100210120CDE9008156
S21402F0604B490AF044FEADF8320088B124BBB9F130
S21402F070010F0CBF0D210C210DF132000AF09FFD8D
S21402F080024628B92846BDF832300FA9FFF794FD8C
S21402F0900120AAE7B9F1010F04D1002CD3D08122B6
S21402F0A07178D8E7002CFAD1B9F1010F94BF00228B
S21402F0B001227178D201CEE70C21DDE70A9B002BF4
S21402F0C07FF447AF7388342B4BD1099B092B7FF40F
S21402F0D040AF002F7FF43DAF9DF951603A46B41021
S21402F0E008210DF1490004F0200409F082F8A0B1CD
S21402F0F0284B1B78012B3FF42CAF274A274BB2F83C
S21402F10068201B68AA421DD0DA001BD5C8232846F1
S21402F110234A0FA9FFF750FD1BE70DF14900F6F74A
S21402F12015FC0028E4D10DF149000AF013FC4FF655
S21402F130FF739842EAD02146F9F778FE0346002884
S21402F140E4D1E4E75B0201D5002E08DA0023284664
S21402F150134A0FA9FFF730FD124B1C70F9E68D23F8
S21402F160D5E7099BCDE905A204930DF14903CDE944
S21402F170028331462846CDE900790B9B0FAA00F0A0
S21402F1803DF8E6E63869002022EE03000769002013
S21402F190C465040085680020DC5900205C4C002011
S21402F1A00C1B040083730020024B187840F080008A
S21402F1B0704700BF44690020014B1880002070474A
S21402F1C0067300204FF6FF71034602881B798A42B7
S21402F1D017BF074901200A8041881EBF054A002042
S21402F1E01180FF2B1EBF044A00201370704700BF19
S21402F1F00273002000730020456900202DE9F04FBD
S21402F200A1B09946BDF8AC302D9F0D939DF8B03055
S21402F21004460E93BDF8BC3038460F939DF8C030B6
S21402F2204E88884615469DF8A8B010930DF00DF846
S21402F230112E824671D809F04EF8504576D0062E29
S21402F24010D14FF6FD72924526D0BBF1000F10D1B9
S21402F25000228023CDE900A229462046BC4AFFF7B9
S21402F260ABFC06E0BBF1000F03D1032E07D8012E3C
S21402F27009D80022B74B1A7021B0BDE8F08F043EC1
S21402F280022EF6D8E4E7802329462046B24ACDF875
S21402F29000A0FFF791FCECE7B04B1B785E074CD45E
S21402F2A009F019F80026034632460120A8490096BE
S21402F2B00AF01DFD3B79ADF866000F930028DBD0FF
S21402F2C0DDE90E320D9803EB42090CF0BBFB5FFA48
S21402F2D089F909F105085FFA88F88045CCD24146DB
S21402F2E00D9801F02FF9109008EB40080D980CF0DD
S21402F2F0A9FB8045C0DADDE90F321343DBB2002BEF
S21402F30040F03482BBF1000FB6D1D8464246042103
S21402F310BDF8660001F02AF974E1904A3A2E127896
S21402F32012D948F23B039E4207D013E08B4A12786A
S21402F33050070BD5321F022A08D8B8F8063043F415
S21402F3408043A8F8063097E71B2E1DD8B21E91B24E
S21402F35013295FD9109B494602930F9B3046CDE98D
S21402F36000B30E9A234607F0D8FB0F2884D1012259
S21402F370784B1A70794B1B789B0740F12783BBF1B9
S21402F380000F7FF479AFD8E7A6F11C011E29E1D859
S21402F39001A050F821F000BFE3F9020055F3020085
S21402F3A055F3020079F2020055F30200D1F702008B
S21402F3B0D1F7020055F3020055F3020055F302009E
S21402F3C055F3020055F3020055F3020055F302000E
S21402F3D055F3020055F3020055F3020055F30200FE
S21402F3E055F3020055F3020055F3020003F802003B
S21402F3F003F80200B5F9020055F3020055F30200C5
S21402F400D7F9020055F3020033FA020049FA020065
S21402F41057FA0200132A9DD801A151F822F000BF24
S21402F42071F4020001F502001FF5020037F6020031
S21402F430A1F2020055F3020055F3020055F3020052
S21402F44055F3020055F3020055F3020055F302008D
S21402F45055F3020055F3020055F3020055F302007D
S21402F46055F302007BF7020055F302000FFA020082
S21402F47000231A938DF866300DF1660322460E9924
S21402F480484600931AAB07F042FB08F024FF0646F4
S21402F490EAF75EFB162894BF4FF002094FF02209E6
S21402F4A0F7F792FF2E4B0746B3F800A0FBF7EAFDEC
S21402F4B02C4B80464FF6FF70B3F800B00AF002FA03
S21402F4C0294B9DF866201988244B1B7813F00203FB
S21402F4D01CBF264B1B780B921A9ACDE90701CDE981
S21402F4E0093240232946CDE9019320460023CDE97F
S21402F4F0058BCDE9037A1E4A0096FFF75DFBBBE655
S21402F50008F0E9FE1B4B1C4A1B88CDE92A030023A0
S21402F5102946204621B0BDE8F04FFFF74DBBBE7826
S21402F5201AA9731EDBB2EF2B304627D9F22E25D04E
S21402F53005F01FFE822608F0CEFE00232946CDE9FE
S21402F5400003034A33462046FFF736FB94E600BF25
S21402F550A865040038690020B365040045680020E9
S21402F5600673002002730020007300204569002005
S21402F570CA65040004730020D765040005F0F9FD8F
S21402F580002856D008F0A7FE9DF86C209DF86E1055
S21402F5900492BDF86A2049000392BDF86820C9B2F9
S21402F5A0CDE901629DF86D2003465200D2B20832C0
S21402F5B00A44009201200022C6490AF098FB9DF8F0
S21402F5C06D30ADF866008DF8633000283FF454AE17
S21402F5D04FF0000801230DF163011A460DF1660093
S21402F5E0F5F790FC074600287FF446AE9DF8633098
S21402F5F0FAB293420CD89DF86E308DF86330B8F1AB
S21402F600000F02D0BDF8663036E04FF00108E1E7A1
S21402F6104146304605F0AFFD0123ADF864000222F4
S21402F62019A90DF16600F5F76DFC01370028DDD04B
S21402F63022E683267FE708F04EFE064605F0BAFD70
S21402F6403346009000220120A3490AF050FB00280E
S21402F6503FF412AE00273E46ADF8680005F0AAFD5C
S21402F6605FFA87F840450DD832460421BDF8680097
S21402F67000F07CFFBDF86830002229462046FFF7DE
S21402F6809BFAF9E5404605F072FDFF288DF8660004
S21402F6900BD0012301361A460DF166011AA8F6B2FE
S21402F6A0F5F730FC00287FF4E7AD0137D6E7504681
S21402F6B0B7F8029005F05BFDFF288DF8640000F0B5
S21402F6C0E2811AA905F055FDBDF868304B4507D012
S21402F6D04FF6FF72914540F0D681190400F1D381AE
S21402F6E09DF86D3012930E9B0533DBB213930F9B7E
S21402F6F0149300234FF0000911934B4613E017931F
S21402F7004900139BC9B219440D9889B20AF092FABD
S21402F7104FF0000A179B159012995FFA8AF28A42F6
S21402F72016D309F10109149A5FFA89F19142E6D3D8
S21402F7309DF86E201292169A1392002B40F0958135
S21402F740119B002B40F09F81109B14930123D1E75D
S21402F75011999DF86400179305F00DFD159A179BF5
S21402F7600AF1010A824208BF0123D5E709F1060918
S21402F7705FFA89F3B046169386E1BD1C29465046C9
S21402F780BC7A06F04DFD01222946504609F049FA98
S21402F79050460AF0ABF828460AF0DCF83A8882426D
S21402F7A007D04FF6FF72904203D00CF03CFE0AF0F0
S21402F7B0BDF884F00804C4F3C00421462846FFF7C7
S21402F7C019F82146284621B0BDE8F04F07F0CEB919
S21402F7D0BBF1000F7FF450AD12073FF5AEAD3346D6
S21402F7E03A462946204601F08FF900287FF444ADB8
S21402F7F0842329462046394A21B0BDE8F04FFFF758
S21402F800DBB90F9897F8008009F018FE002107462A
S21402F810204601F0E3FC312EA7EB0007FFB240F0D2
S21402F820D5804FF0000A012053465246CDE9008AA1
S21402F8302B490AF05CFAADF8660000283FF41CADCE
S21402F840162251461AA8EDF7D7F91AA808F0CCFFE7
S21402F8504FF0FF33DFF894B0CDE91C339BF80090ED
S21402F860B9F1000F02D14FF0010A55E01D4E33796F
S21402F8706F2B02D90026324625E050461CA9F6F721
S21402F8803DFF0028F6D0184BB6F80090B3F8683063
S21402F890B9F1000F2CD1003B18BF01235B0143F0E6
S21402F8A004038DF87A3002238DF87B3073881B0AA6
S21402F8B049461EA88DF87D300CF0C9FCB8F1000F41
S21402F8C065D0002601220221BDF8660000F04EFE39
S21402F8D032461CE5DB650400A86504000C1B040028
S21402F8E0E3650400D8600020DC5900207E68002012
S21402F8F0B3EB090318BF01235B0143F005038DF840
S21402F9007A3002238DF87B300F238DF87C30CDE7DA
S21402F9100AF1010A5FFA8AFA0AF1FF36F6B23046AF
S21402F9200CF087FDC307F3D59BF8003019EB030FE5
S21402F93004D009F101095FFA89F9E9E7584B1CA9D5
S21402F94018783044C0B2F6F7D9FE002892D0304676
S21402F95009F0FDFF814630460CF06BFDC0070FD460
S21402F96016238DF87A304F4B1B780133DBB20F2B00
S21402F97028BF0F238DF87C304B4B33F8163096E7B2
S21402F98030460CF056FD8107EAD41223E9E7BDF8AB
S21402F99066000CF057F81630B84292DC01231622A5
S21402F9A01AA90DF16600F5F7ADFA00287FF464ACEB
S21402F9B0012660E712073FF5C0AC3B4622462946C1
S21402F9C00F9801F0F9F800287FF456ACBBF1000F4F
S21402F9D07FF452AC0CE7BBF1000F7FF44DAC8023F2
S21402F9E007E708F078FC50457FF446ACB81CF5F7FC
S21402F9F0ADFF00283FF440AC08F06DFC064608F068
S21402FA006AFC2A4B2A4ACDE92A03334680E5384661
S21402FA100CF01BFC09F056FF00283FF42DAC2A9090
S21402FA20002329462046234A21B0BDE8F04FFFF7BF
S21402FA30C3B84B462A4621460020CDE92AB721B054
S21402FA40BDE8F04FFEF7F6BF4B462A462146012098
S21402FA50CDE92AB7F3E75B464A46294620462A9767
S21402FA6021B0BDE8F04F07F086B8012319A91A465F
S21402FA700DF16600F5F746FA00287FF4FDAB08F1B3
S21402FA8001085FFA88F8013605F094FB5FFA86FAF9
S21402FA9050453FF60CAEB8F1000F3FF433AC35E4F8
S21402FAA04E7300202D6900200A610020076900209D
S21402FAB0E8650400B3650400F8B5164B04461D88D5
S21402FAC0154B20F8025B196879B10822EDF7E6F8C3
S21402FAD0124B0C201B78124EA372124B197800237D
S21402FAE0DAB2914205D8FF2209E0C4F8021041605A
S21402FAF0EEE7013300FB03F7F75BAF42F0D10A4BA8
S21402FB00E2721B782373094B1B786373084B1B68DE
S21402FB102361F8BD8A610020F85A00204669002059
S21402FB20745F0020487300202A690020296900209B
S21402FB30E45A0020F0B589B006460C4615460AF08F
S21402FB402CFA0DF10A02014630460AF0DDF8144F8F
S21402FB500346F0B901223A702288BDF80A102AB18B
S21402FB6002460090072004F0E9FA90B103A8FFF7D6
S21402FB70A3FFBDF80A000BF065FF0646BDF80A00B3
S21402FB800BF044FF21460090F3B2284603AA06F083
S21402FB9071FB0023034A3B70136009B0F0BD00BF3F
S21402FBA047690020F85A0020142230B58BB005466B
S21402FBB00DEB02011548DEF767FC10BBBDF81430EA
S21402FBC0DA0720D413F0060FC3F3410208BFC3F3CB
S21402FBD041220F4B0DF116019C5C68462246EDF75A
S21402FBE09BF9BDF8263004F128026A4402F8283C44
S21402FBF002341B0A02F8273C69462A46E0B209F09C
S21402FC0001FA0BB030BD2320FBE700BF703214E0D0
S21402FC10C7B2040010B58AB0ADF826200022CDE99E
S21402FC20052204920CAA02924FF6FF720446AC21F9
S21402FC3001200192064A039004FB012260320092E0
S21402FC404CF620010DF1260209F090FE0AB010BD16
S21402FC50DC59002010B54FF6FF741E4A8AB0B2F87F
S21402FC606800B2F85E10A042ADF82600B2F85C302A
S21402FC704FF6FD70ADF8241018D081424FF0000008
S21402FC8094BF48F660014CF66001CDE90500CDE967
S21402FC900300CDE9010094BF09AA603200920DF17B
S21402FCA02602042009F062FE0AB010BD81424FF01F
S21402FCB000008CBF603209AA00928CBF4CF66041ED
S21402FCC048F66041CDE90500CDE90300CDE9010023
S21402FCD0014AE6E7DC590020465A002000B50E4BE2
S21402FCE00022B3F85E308BB0ADF824304FF6FF73C7
S21402FCF0CDE90522CDE90322CDE9012209AA009227
S21402FD004FF400610DF126020720ADF8263009F007
S21402FD102DFE0BB05DF804FBDC590020202A10B53E
S21402FD20144614D8012A04D10C88B4F5004418BF2E
S21402FD300124620030B10748ECF7B0FF064B002002
S21402FD401C7010BD0548ECF7A9FF054BF7E721200C
S21402FD50F7E700BF8C61002048690020CC610020D4
S21402FD60496900202DE9F047104617460CF06DFA57
S21402FD70DFF814A1DFF814919AF8003099F8002001
S21402FD800546134302D10020BDE8F08710F4406810
S21402FD9000F0400619D186BBB0F5804F5CD24FF416
S21402FDA0807400239AF80000344AD9B288425DD89B
S21402FDB0002399F80000324AD9B28842E3D932F8D1
S21402FDC0021B0133A142F7D155E0F81C0CF03DFAB4
S21402FDD04FF6FF73984214BF0124022486B105260B
S21402FDE005F44043B3F5004F44F0080424D0B5F5BB
S21402FDF0804F23D244F4807420E044460326EFE783
S21402FE00B5F5804F4FF00506F4D3B8F5406F14BF32
S21402FE1002200820304438440CF017FA194B05F437
S21402FE204045B3F85C3083420CBF44F0080444F00B
S21402FE300404B5F5004F01D144F08004B8F5006F14
S21402FE400ED1B8190CF001FA0E4BB3F85E308342AD
S21402FE50A7D144F01004A4E7444603260220D9E7BB
S21402FE60B8F5406F08BF44F020049AE732F8021B48
S21402FE700133A14299D1012086E700BFCC61002060
S21402FE808C610020DC590020496900204869002066
S21402FE902DE9F04F104685B0164698460CF0D5F977
S21402FEA05D4F00F00803B7F85C10044600F007093F
S21402FEB0F01C02930391B7F85EB00CF0C6F906F197
S21402FEC0050A054650460CF0C0F903464FF6FF7089
S21402FED0854218D00399A1EB050CDCF1000545EB31
S21402FEE00C056D004FF6FF718B420ED145F00405EE
S21402FEF00BF0B6FF029B6BB1B9F1000F11D0422096
S21402FF0005B0BDE8F08F0125ECE79B4508BF45F03C
S21402FF100805EDE7B9F1030FF1D8DFE809F0021B97
S21402FF20795D0BF09DFF08B9A807E8D524F0080410
S21402FF30A4B2B4F5004F05D0B4F5624F02D0B4F5C2
S21402FF40404FDCD10025294697F8A820002008F06B
S21402FF500FF83CE0D7F88030E3B900213246084675
S21402FF60FFF700FFD8B948F6410224F038039BB2E7
S21402FF709342C4D10A2D49D0062DC0D197F87730C6
S21402FF80023B012BBBD8F3F745FD0028B7D140F65C
S21402FF90040505E04146304698470028DDD008258E
S21402FFA0E20648BF45F08005A30648BF45F48055E3
S21402FFB005F00C03042BC6D1F01D0CF046F997F899
S21402FFC0A8303246009341462B4607F0A6FF08B3F8
S21402FFD00E9B1880002093E7A90705D14FF6FF7302
S21402FFE0B7F85C209A428AD104F44063B3F5006FF6
S21402FFF00AD0B3F5406F82D1082250460749EDF782
S21403000047F900287FF47BAF0C25C9E70425C7E72B
S214030010432075E7192073E7DC5900203C5A00207B
S214030020034B1A781AB1FF2A04BF00221A707047CE
S2140300304B69002070B5084C084E2378F55C1DB15B
S2140300403E2107480CF023F8FF2223782846F25473
S2140300500023237070BD00BF4A6900204B6900204F
S214030060EC650400034B044A1B78D05CFF3818BFCA
S214030070012070474A6900204B6900200023074A85
S21403008007491360074A1360074A1360074A11605B
S2140300900121074A1170074A13607047085B002066
S2140300A0F79A0300045B0020005B002078720020B0
S2140300B085730020105B00200E2A70B50C4606469A
S2140300C01546194603D9FFF7D9FF502070BD0128FE
S2140300D007D10020F3F7B8FCB0B1FFF7CFFF21201C
S2140300E0F4E780220021224B1A70224B1960224B20
S2140300F01B684BB134200BF0FDFC204B188018B95D
S214030100FFF7BCFF0120E1E724F0FF6323F4FF239E
S2140301101BB1FFF7B3FF4F20D8E774B92046F3F7B8
S214030120ADFC0124032510F0800F43B21BBF00F083
S2140301301F039C409C4044F078440020104B24F05E
S21403014078441E700F4B10491D70104B1C60104BEB
S2140301501870104B1A68F4F71FF818B1FFF78EFFE4
S2140301600420B3E79DF810200B4B1A70AEE700BFD0
S2140301704C6900200C5B0020005B00200C62002012
S214030180516900204F6900207D040300105B0020A6
S21403019050690020085B00204D6900207FB5244B82
S2140301A000251A7801232348234903FA02F200782C
S2140301B01A440A60ADF80E5020B3984236D11F4C4D
S2140301C01F4B20781B680DF10E0198471D4EBDF896
S2140301D00E20307092B11C4B29460093284602230A
S2140301E00195F4F713F83278237822B1012A12BF67
S2140301F01B230133DBB2237004B070BD013818BF74
S2140302000120F0E778235A43013A0A6008220F498F
S2140302100BF0B6FB0B49094A0978137821B101297B
S21403022012BF1B230133DBB21370E5E71846E3E77F
S2140302304F69002051690020145B0020506900209C
S2140302407872002085730020B9040300EDBD030017
S214030250024B1868003818BF01207047005B002067
S21403026037B505461C460BF0FBFD68B974B1084B61
S2140302701A60084B0A461C60012329460093032391
S214030280FFF71AFF03B030BD4D20FBE72520F9E743
S214030290FC5A0020045B002013B504460BF0E0FD77
S2140302A058B962B1074B1A6001230A4600932146E8
S2140302B00323FFF701FF02B010BD4D20FBE7252007
S2140302C0F9E700BF005B00202DE9F0410446DDE9B5
S2140302D006861D469DF820700BF0C2FD88B99EB1B8
S2140302E0A2B10B4B01201A600A4B0A46C3F80080E2
S2140302F0094B21461E602B460697BDE8F041FFF7E3
S214030300DBBE4D20BDE8F0812520FBE72120F9E781
S21403031078720020085B0020045B00200148F4F795
S214030320ADBB00BF0C6200202DE9F0410020F3F7BF
S214030330A1FE114B114C1E68114B20881D68114BF2
S214030340114FD3F8008010B13978F4F771FD00200F
S2140303503870FFF793FEF4F7ABF90EB14046B0479B
S2140303603DB12088A84700232380BDE8F0410BF069
S21403037009BFBDE8F08100BF045B00200C620020CB
S214030380005B0020105B002052690020F8B52F4860
S214030390F4F764FE2E4B187830BBF3F76FFB2D4F44
S2140303A006463B6803B32C4B2C4D1C6824B195F9C9
S2140303B000301A461946A047294B1B6883B1294CBF
S2140303C02378312B0CD8284B18880BF01FFB237887
S2140303D05A1C22702A78C25423785A1C2270C65498
S2140303E080232B7000233B60204C23781A2B22D8C3
S2140303F01F4A1278012A09D100211E4A156825FAD8
S21403040003F0C007DAB20ED501B122700020F3F76D
S21403041035FB2178884212D10022174B1A70FFF75A
S214030420BDFE40B9F8BD0133D8B21A284FF001011A
S214030430E5D90A442270BDE8F840FFF775BF0020EF
S214030440F3F72EFB0028E7D0F5E700BF7C72002009
S214030450516900200C5B0020FC5A00204C690020E8
S214030460005B0020526900200C62002050690020C7
S21403047085730020105B00204E69002008B50B4BE7
S214030480187880B90221F3F7CDFA094B1B782BB104
S21403049000214FF6FF720846F3F7A6FABDE80840B8
S2140304A00448FFF773BF00210846ECE751690020B4
S2140304B04D6900207C72002038B5144B0C461D781D
S2140304C0012D21D181B90846F3F7D8FA104A05FA67
S2140304D000F013680F4923EA0003136020462A46F8
S2140304E0BDE838400BF04CBA0B4A13780133DBB245
S2140304F0022B137004D9BDE838400848FFF746BFFF
S214030500FFF74CFE0028F6D138BD00BF5169002026
S214030510105B0020EDBD03004E6900207C720020B6
S21403052038B50C4605460BF08DFAA04203D82D21AC
S21403053003480BF0ACFD28460BF068FA204438BDA0
S2140305400066040070B506460D460BF05FFA0446D7
S21403055048B130460BF076FAA84203D83521024854
S2140305600BF095FD605D70BD0066040070B50C462B
S214030570064615460BF066FAA04203D83E21044809
S2140305800BF085FD30460BF041FA00B1055570BD02
S214030590006604002DE9F0438FB007460C46154667
S2140305A01E469DF85880F8F755F920B1F4F796FEE5
S2140305B008B144F400544D4B1B7813B924F400746B
S2140305C0A4B2200509D546B9284604A9F5F750F97B
S2140305D0002846D024F40064A4B2ADF81840ADF861
S2140305E01A5007F078FE424BADF81C00B8F1000F26
S2140305F002D01A78424501D293F800803D4AE105BD
S214030600137848BF0DF1210103F10103DBB2137028
S21403061058BF08A922058DF81E808DF81F3006D511
S2140306203368083141F8083C736841F8043CE30436
S21403063007D5314A0831136841F8083C536841F836
S214030640043C0DF11808A1EB08005FFA80F90021BD
S21403065048460BF04FFA064628B900200FB0BDE80F
S214030660F08304AEB9E70BF0D1F941464A46ECF7FE
S21403067053FC30460BF0E6F9804630460BF0C6F9DD
S2140306800023024600934FF6FF7004235FFA88F1B7
S21403069007F043FCADF80E000028DED040F201134D
S2140306A01C421AD14FF6F7739D4216D80BF0CAF9BF
S2140306B00DF10E010446284600F090FDBDF80E002D
S2140306C00BF0C0F9E4B2A04207D9BDF80E0007F05C
S2140306D071FC437843F004034370BDF80E003A46BA
S2140306E001210BF0DFF9BDF80E00B7E780680020A4
S2140306F0427300208268002007690020F0B50829AD
S214030700D58889B028D00C2926D0AE0424D405F089
S21403071040030B43424C267816B105F020042343CE
S2140307202FB2002FB8BF43F08003032920D1122332
S214030730AC068DF80430937A10D48DF805300DF19D
S214030740060401A9621A012392B2F4F7DBFBB0FA9E
S21403075080F0400909B0F0BD0B46DBE732228DF886
S21403076005308DF80420002EE9D00DF11304E8E7D8
S2140307700C298DF804300ABF138953798DF8053098
S214030780548805BF1B0A8DF806308DF805300DF129
S214030790070318BF0DF106031C70240A5C70148847
S2140307A002399C70240ADC70147901291C7111D853
S2140307B0917A002F597131DA022112899971DA710F
S2140307C0120A03F109041A72002EBAD0AB06B8D582
S2140307D00534B6E7A9071AD4002F0CDA117A51B1FB
S2140307E0917A59711189127A03F1080492B102229F
S2140307F09A71D971E8E70B4C217801F1010C84F862
S21403080000C091729C1D002F5971DDDAEAE7917AD8
S2140308109C1DF8E70122090A9A71EAE79C1DD3E7B3
S2140308208068002081680020014B1880704700BF55
S2140308300E620020014B1888704700BF0E6200202E
S2140308402DE9F84307460BF01BFC05461B480BF047
S2140308508EFD1B4B60B31C683C1B2C44A4B20022C9
S214030860184BDFF868901B78174D03EB830399F852
S214030870006005EB43055FFA82F846450AD9AB8864
S21403088005F10A00A34216D90A23B21A29465A4387
S214030890ECF704FA013689F80060AC80B8F1000F73
S2140308A003D1394605480BF09DF92846BDE8F88381
S2140308B03C461D60D3E705460132DCE79C72002008
S2140308C0185B002053690020A660002054690020AE
S2140308D01FB5154A154C1378013BDBB213706168DC
S2140308E0206801AA03C221891180114A1278D218FE
S2140308F005D00A2320465A43E118ECF7CFF99DF8B2
S21403090006301B070DD0BDF80C00FFF799FF034612
S2140309108288ADF8082001AA03CA128818605960B5
S2140309201A8104B010BD00BF53690020A6600020E2
S21403093054690020002108B5084B09481970094B73
S2140309401970094B1A7802EB82025200ECF754F93D
S214030950BDE808400548F4F781BB00BF5469002092
S214030960A6600020536900204C7300209C72002070
S214030970F8B50024084D094F094E3B783178E2B2AA
S2140309800B449A4204F1010400DBF8BD2846F4F751
S21403099075F80A35F1E700BFA66000205469002009
S2140309A05369002010B5064C207828B1054808F096
S2140309B02DF810B1034B188810BDFFF789FFF3E736
S2140309C053690020A660002008B50A4A034610783B
S2140309D060B1094A1088984209D121B99378103337
S2140309E023F00F039370FFF773FF012008BD002069
S2140309F0FCE700BF53690020A66000202DE9F74FEF
S214030A0000260BF03DFBDFF8F890B24699F800702D
S214030A10B3463A46DFF8EC801FFA80FEB8F800C00B
S214030A20344CAEEB0C039BB201932378324D009308
S214030A3003EB830305EB4303ACEB0E0C5FFA86FE76
S214030A40BE4515D3BAF1000F01D0009B2370BA42FE
S214030A502AD3002F37D00A222378C8F8000002FBD7
S214030A6003532648998803B0BDE8F04F0BF0BAB895
S214030A70B3F804E001998E4512D84FF0010A0099A5
S214030A8093F802E001310EF1FF3EC9B2013AA3F832
S214030A9004B083F802E00091D2B20A330136CDE700
S214030AA0E644A3F804E0F8E789F800204AB10A22EE
S214030AB02378C8F8000002FB0353104899880BF00C
S214030AC091F8237813B903B0BDE8F08FFFF76AFFF8
S214030AD006460028F5D007F0A1F90146304607F090
S214030AE092FF20B100212888FFF76EFFE9E740F662
S214030AF00241F8E753690020A66000209C7200209C
S214030B0054690020185B00202DE9F04192F8088014
S214030B101F4608F1FF33DBB2EF2B05460E4614469D
S214030B2088B00BD982238DF80E30314628469DF8BF
S214030B300E30204AFEF740F8012037E00E2200214F
S214030B4004A8ECF759F8B4F809308DF81180ADF81D
S214030B501230E37A03F07F02032A08D0012B24D154
S214030B6003238DF81030A389ADF815300EE0032B60
S214030B7014BF022301238DF81030E368CDF8153037
S214030B802369CDF81930237D8DF81430A7F12101A0
S214030B904A420DF10E034A41009321460DF10F031D
S214030BA004A8FDF737FC0028BFD1002008B0BDE835
S214030BB0F08100BF0C1B04002DE9F04F00241D78C4
S214030BC095B0CDE902010492234622460120CDE9E1
S214030BD00054404909F08BF8ADF81E00F8B1A3465F
S214030BE0264627460DF120090DF1380AE8F7A4FF3B
S214030BF05FFA84F8404516D83A460221BDF81E002F
S214030C00FFF7B4FC32460421BDF81E00FFF7AEFC26
S214030C10DDE903100022BDF81E30FDF7CDFF0120ED
S214030C2015B0BDE8F08F4A4640460AA9FDF7E4FB37
S214030C309DF8282022B12DB1013DEDB20137FFB258
S214030C400134D3E7BBF1000FF8D199E803009DF810
S214030C5029308AE803008DF84030BDF82A30032A8D
S214030C608DF841304FEA13238DF8423017BF032324
S214030C7001238DF843309DF82C30DDF83110DDF874
S214030C802D0014BF8DF84C308DF8433011AB03C3E1
S214030C9002980CBF4FF00E084FF0150808F0CEFB75
S214030CA00590BDF81E000AF0CDFE059900EB08037B
S214030CB099420BDB0123424651460DF11E00F4F721
S214030CC021F90028ABD10136F6B2B7E74FF0010B96
S214030CD0B4E700BFE365040038B505460D4B0E4880
S214030CE01C88F4F7A7F9012D0CD10C4B1C88FA21AC
S214030CF0614358B1884209D28408012C204638BF84
S214030D00012038BD022D08BF0224F0E702480AF08E
S214030D1069FFF2E7A2600020484B0020A060002095
S214030D20012208B5054B06481A7000210AF05AFF3F
S214030D30BDE808400020FFF7CFBF00BF6B68002068
S214030D40484B00201E4B73B51A8802F108039BB26A
S214030D50012B02D81B4B1B7823B902B0BDE87040A9
S214030D60F4F77CB90024184B184D1C70184B1C70F4
S214030D702B787BB14FF6FC73164E00932246234620
S214030D802146308808F080FD4FF6FD732C703380C3
S214030D9001200FE0104B1046197807F032FE0028AA
S214030DA0F6D10C4B1A884FF6FD739A42F0D0012306
S214030DB002202B7002B0BDE87040FFF78DBF00BF66
S214030DC0A46000206B6800206E6800206C6800201A
S214030DD06D6800209E6000206F680020012808B51B
S214030DE00AD002280CD020B9084B18700848F4F72C
S214030DF035F94FF0FF3008BDBDE80840FFF790BF58
S214030E000020BDE80840FFF767BF00BF6B680020FF
S214030E10484B002002280CD859B1064A13780133F0
S214030E20DBB21370044A12789A4202D80220FFF704
S214030E30D5BF70476D6800207068002038B5A0F6EF
S214030E401343012B04460D4615D80E4A1378013377
S214030E50DBB213700C4A12789A420CD84FF6FD7226
S214030E600A4B00201988914201BF00221D80084BBF
S214030E701A70FFF731FF29462046BDE8384005F0D3
S214030E80FDB900BF6E680020716800209E600020D8
S214030E906C68002000234FF6FD71054A1370054A5F
S214030EA01370054A1180054A1370054A137070477C
S214030EB06E6800206D6800209E6000206C6800202D
S214030EC06B68002030B5094B02461B7833B1084BDC
S214030ED0084C19780023D8B2884201D3FF2004E0D7
S214030EE0013334F823509542F5D130BD4B730020BF
S214030EF0736800207E6000200022FF21044B054813
S214030F001A70054B1970054B1A789200EBF774BEEE
S214030F107368002082600020726800204B730020F4
S214030F20F7B58DF807100DF10701044603F072F9C3
S214030F30234B1D78002D41D02046FFF7C3FF214EDB
S214030F40FF283178204B05D1204A107885422DD9C9
S214030F50451C1570884219D01C4A1B4D92F800C0D8
S214030F600022D7B2BC450CD92F4697F803E00132CE
S214030F70864505F10405F4D102B203EB8202D2786A
S214030F80FA7002B203EB8202D170307002B203EB46
S214030F90820123F82240FF228A709DF80720FF2A49
S214030FA002D003EB8203987003B0F0BD0A461046E6
S214030FB003EB8202D278FF2AF9D1CBE7FF20F3E7CF
S214030FC04B73002072680020826000207368002044
S214030FD02DE9F843FFF776FFFF28044669D04FF65E
S214030FE0FF72354F03B2DFF8DC80344E27F8232038
S214030FF098F80050A54202D10020BDE8F883337864
S21403100020B28100A34207EB800090F803E010D0E3
S2140310100023294A5FFA83F94D45944606D99CF87E
S21403102003900133A14502F10402F3D18CF803E0E7
S21403103001E086F800E0013DEDB22A1BD2B204318E
S21403104092003944EBF72AFE88F800503378FF2BDA
S21403105004D0A34224BF03F1FF33337000214FF6BD
S214031060FF70154BCAB2AA420CD300234FF6FF718A
S214031070134ADCB2AC42BBD2013332F823008842B7
S214031080F7D1B5E79A78A2420BD11880DA78FF2A0F
S21403109004D0A24224BF02F1FF32DA7001310433D6
S2140310A0E0E7FF2AF2D0A24224BF02F1FF329A7091
S2140310B0ECE72D20A1E700BF8260002072680020C5
S2140310C07E60002073680020F8B51C4B05461B782D
S2140310D0084673B3FFF7F6FEFF28044629D02846D2
S2140310E0FFF7F0FEFF2806D0154B164E1A7800239E
S2140310F0D9B2914218D3FF212846FFF711FFFF28E4
S214031100014616D00546104F23B207EB830237F885
S21403111023009678FFF704FFA84208BFFF25FF2E9B
S214031120214608D12846F8BD013316F8231081421C
S214031130DED1FF25F6E73446E6E700BF4B73002013
S2140311407368002080600020826000202DE9F04153
S21403115080460E461F46002386B001A814469DF817
S21403116030508DF80330FEF7A7FCADF804802EB19F
S2140311703368CDF806307368CDF80A3038460AF07F
S21403118045FC0DF103034219214601A805F082F838
S2140311909DF8033093B931464046E8F7C1FE0E4B3F
S2140311A01B785BB10B2C09D8FF214046FFF7B8FE2E
S2140311B0064605EB4404E4B2A54202D106B0BDE8F8
S2140311C0F0812946384608F035FD3146FFF7A8FE7C
S2140311D002350646EDB2EFE74B73002000232DE9F8
S2140311E0F3470DF107028DF8073004460E4602F06A
S2140311F0FCFF9DF80730054663B92046FFF762FEFD
S21403120004465EB130880AF01DFC5FFA80F8FF2CB6
S21403121045D10025284602B0BDE8F087B046F6E77C
S21403122001320C2AF5D02DB207EB8505AD78FF2DDC
S214031230F6D112F0FF0AECD04FEA4A050235EDB2BA
S214031240002EE7D0304605EB080108F0B8FC00286E
S214031250DFD1524641463088FFF788F90AF1FF325C
S21403126008F1010108F102093088D2B2C9B25FFA67
S21403127089F9FFF77BF924B207EB8404A478FF2CE3
S214031280C8D023B2494637F82320308808F0E2FC5A
S2140312900028BED109F102095FFA89F9EBE7254672
S2140312A00022014FBFE700BF8260002010B504464E
S2140312B001880120D5F770F8E3880BB9C823E380CB
S2140312C010BD37B50446D5F775F8658885420ED840
S2140312D0A188E288814205D3431B5343491BB3FBD2
S2140312E0F1F39AB280B240EA024003B030BD002266
S2140312F0F8E770B591F860300C46BBB9088800F083
S21403130088F994F84430054683420FD004F11C064E
S214031310304600F0B9F984F8445000F0B9F9618B0F
S214031320A0643046BDE8704000F0A9B970BD38B57A
S214031330044690F844108378826CCB1A594259417C
S214031340D3F71CFEE37893B1257985B900F0A0F9AD
S2140313500346A268218A04F11C009C1A8C4236BFFD
S21403136052182946D11ABDE8384000F088B938BD6E
S21403137009B100F03AB900F042B938B5838804469B
S21403138003B3E3780088A17804F10C05A3B1002326
S214031390B1FA81F1E3704909FFF7EAFF4FF6FF72EE
S2140313A0A388218993421CBF03F1FF33A3802846F9
S2140313B0BDE8384000F063B90123E370FFF7D8FFB8
S2140313C0E188F4E738BD10B5044681780088FFF756
S2140313D0CFFF0123E3700023A38010BD10B58178EF
S2140313E00446B1FA81F100884909FFF7C1FF0023DB
S2140313F0E370A38010BDFFF7F1BF70B50446054642
S21403140000262B4655F8040B10B11B1B0C2B00DDD6
S21403141070BD237C8680002BF3D0637C13B1FFF76B
S214031420D2FFEEE7FFF7DAFFEBE7FFF7E6BF70B5AD
S214031430044605464FF6FF762B4655F8040B10B1C7
S2140314401B1B0C2B00DD70BD8388B342F4D04FF416
S214031450FA724FF6FF731146D3F7E4FDECE709B1D2
S21403146000F0C3B800F0CBB810B50446C06008302F
S214031470D5F704F994F838308BB921792088B1FA76
S21403148081F14909FFF7EBFFA37943B1217960881E
S214031490B1FA81F1BDE810404909FFF7E0BF10BD7E
S2140314A050B1003918BF012143798B4204D0036B36
S2140314B041710BB1406B1847704700F0D6B803462E
S2140314C0184613F8012B8A4201D0002AF8D1704738
S2140314D010B53B2104460068FFF7F1FF00220346E0
S2140314E003F8012B2068236010BD10B540B1421EDF
S2140314F00A24002012F8013F303BD9B2092900D94B
S21403150010BD04FB0030F5E703463038C0B20928A7
S2140315100DD9A3F14102052A02D8373BD8B270474A
S214031520A3F16102052A01D8573BF7E7FF2070476E
S21403153038B5034698B191B1007878B15C7874B148
S214031540FFF7E2FF05462046FFF7DEFFFF2D06D036
S214031550FF2804D040EA05100870012038BD00209B
S214031560FCE708B500F07EF808B540F2BA42002161
S2140315701020D4F78FFE41F2E823584340F6FF735A
S21403158000F2FF70B0FBF3F080B208BD50F80C3CDD
S21403159023B150F8041C30F80E0C18477047084661
S2140315A019B1FF21103002F047BD704773B50546E9
S2140315B00E466DBA1446D4F797FFADF804507EB1C5
S2140315C0012C04D0032C09D00022012101E022467D
S2140315D0022101A8D7F758FF02B070BD0022F7E733
S2140315E0042132460DEB0100F4E707B540BAADF827
S2140315F0040001A8D7F77CFF03B05DF804FB07B52A
S21403160040BAADF8040001A8D7F79EFF03B05DF813
S21403161004FB002307B540BAADF804000DF103013F
S21403162001A88DF80330D7F7BBFF9DF8030003B07E
S2140316305DF804FB007800F0DF03552B07D0642821
S21403164007D0663818BF4FF0FF30C0B2704701208E
S21403165070470320704718B12D280CBF01200220C5
S2140316607047704708B502F0D9F808B500F090F84F
S214031670BDE8084004F0DCBD50E9023018470A46CE
S2140316800830FF2102F0CFBCFF21083002F0DCBC9B
S21403169008B50AF054FDBDE8084009F06BBA704778
S2140316A070470020704702B11180002070470AB1CE
S2140316B0002313800020704713B500240DF10700A4
S2140316C08DF8074003F066FD40B99DF80700033820
S2140316D003288CBF0020012002B010BD2046FBE784
S2140316E02DE9F041044600274FF00C0E8F4202DB33
S2140316F00020BDE8F0812078904204D1002594F8BC
S2140317000780454502DB01370C34EFE70EFB05F691
S214031710D4F808C00CEB06003CF806609E42E8D0FE
S2140317200135EEE7F0B585B005460E461746D4F705
S214031730FBFF0446A0B131462846D4F7ADFF8378B5
S2140317403A46002BA36831460293A37828460193B2
S2140317504FF0000300930CBF80234023E4F77CFE86
S21403176005B0F0BD08B51288D4F7DEFF50B1027994
S214031770BDF80C309A4207D881680298EBF78EFAC8
S214031780002008BD8620FCE78920FAE7D5F7D0B805
S214031790002004F0C9BD08B504F02EFE002814BFCF
S2140317A00320002008BD10B50446FFF785FF20B1CF
S2140317B02046BDE81040DFF795BD10BD08B5FFF71E
S2140317C07BFF18B1BDE80840DFF77EBD08BD704754
S2140317D008B502F00DFBD3F74BFBD5F715F96420DC
S2140317E0DFF790FD6420DFF77DFD02F003FBD3F700
S2140317F06BFB08F019FEF8E7F8B5D0E90176437BF2
S21403180004460D4613B133463E461F46FFF740FFD8
S214031810012D206438460ED1D3F76AFC3046D3F741
S21403182095FC257360784FF47F42BDE8F8404FF48B
S2140318308171FFF777BF022D05D1D3F787FC3046BA
S214031840D3F756FCEDE7D3F781FC3046D3F77EFC9F
S2140318500025E6E738B5037B04468B420D4607D1E1
S21403186090F844305BB3BDE838404830FFF70CBF10
S214031870FFF70EFF216C431AC72B0CD80123C83180
S21403188084F8455084F84430091A04F14800BDE84A
S2140318903840FFF7F4BE0DB1237B2BB9294620460B
S2140318A0BDE83840FFF7A8BF00212046FFF7A4FF96
S2140318B00123C82184F8455084F84430E5E738BD51
S2140318C090F84510FFF7C6BF0121FFF7C3BF0221FB
S2140318D0FFF7C0BF0021FFF7BDBF4FF60173994264
S2140318E010B5044602D10021FFF7B4FF2046BDE839
S2140318F01040D5F76DBA032910B504462BD0007BEC
S21403190030B9012903D002290CBF0120FF2010BDE6
S214031910032A07D8DFE802F00208101401291CD0B6
S21403192002291FD0FF20F2E70029FBD1B4F85C2080
S214031930012A12D0022AF4E704290ED00529F0E77B
S214031940042914D0052914D00029EBD1B4F85C205F
S214031950111F0129ECD80220D9E75A1E53425341DE
S2140319605800D4E7022B0CBF02200120CFE700204B
S214031970CDE70120CBE730B587B005460C46D4F754
S214031980C5FF012820D11CB1611E4B424B415800B4
S2140319906B784FF480728DF804304FF48273ADF891
S2140319A006304FF48173ADF8083001238DF80B3001
S2140319B0002385F8900001A8CDE903238DF80A409B
S2140319C08DF81430D4F7DAFF07B030BD416803460C
S2140319D0C978027B99B98168C97899B9002A08BF82
S2140319E00321D5F7B9BA9B7B002B0CBF012102213B
S2140319F0F7E79B7B002B0CBF02210121F1E7012AAD
S214031A00F1D17047012AF4D17047042910B5044672
S214031A1004D831B1BDE81040D5F722BB05290DD057
S214031A2010BD037B5522002B08BF0321A0F85C10D2
S214031A3040781221FFF776FE2046EBE743681A8AC2
S214031A4083681A82E6E7012303730378013343733B
S214031A504FF44073C381032303740023A0F85C3060
S214031A6080F89030704700230B704B70030A8B701E
S214031A70C87070470346007938B95878831E022B1E
S214031A8002D80730C0B270470820704773B50446C3
S214031A90002842D090F88530002B3ED090F8842062
S214031AA090F8543022B3FD2B2CD8C3F1FE020B2A38
S214031AB035DD0C33DDB22046FFF7DCFF4FF47A73D7
S214031AC00646FE206B437F33B3FBF0F001A9FFF716
S214031AD0CAFF0A46042302213046D6F78FFF0022A8
S214031AE00821607884F85450FFF71CFE2B4609E063
S214031AF043B10C2B1D4638BF0C250C3D05F0FF05E6
S214031B00AB42D8D194F885203AB194F8842042B1F8
S214031B10FD2B08D9002384F8853002B070BDFE255E
S214031B20C9E7002BF6D04FF4967104F15C0002B0BF
S214031B30BDE87040FFF7A3BD0346C07820B95878C8
S214031B40831E022B88BF01207047024613B588B157
S214031B5044F2030399420FD1007A58B1937813B134
S214031B60012B18BF02238DF804300421012301AA98
S214031B70D6F744FF02B010BD102913D18479002C88
S214031B80F8D090F855304FF47A72FE2053437F33E3
S214031B90B3FBF0F001A9FFF766FF0A460423022110
S214031BA02046E5E7112905D1C479002CE2D090F848
S214031BB05630E8E70029DDD140790028DAD0012342
S214031BC00421573202B0BDE81040D6F717BFA0F184
S214031BD03003DBB2092B01D858B27047A0F141039A
S214031BE0052B02D8373840B27047A0F16103052BA6
S214031BF001D85738F7E74FF0FF30704710B5044663
S214031C000078FFF7E4FF021E09DB6078FFF7DFFFCB
S214031C10002804DB40EA02100870012010BD0020F3
S214031C20FCE738B504460D4601B945890123E3733D
S214031C30FFF72EFDFA2202FB050020612089BDE88E
S214031C4038405043FFF7AFBD10B50446006DD8B11A
S214031C50E278022A04D0E36C5B7972B984F85430D4
S214031C6094F854306BB1FFF7AEFB60784FF6027210
S214031C70BDE810400621FFF755BDB3FA83F35B09B1
S214031C80ECE7FFF7ABFBF0E710BD10B50446C06CFE
S214031C90D3F72EFA2046BDE81040FFF7D5BF10B5A0
S214031CA00446C06CD3F752FA2046BDE81040FFF74F
S214031CB0CBBF10B50446C06CD3F778FA2046BDE810
S214031CC01040FFF7C1BF10B5044600220621407836
S214031CD0FFF728FDA378022B01D0FF2B04D1204663
S214031CE0BDE81040D6F760B810BD10B5D0F8A440D4
S214031CF07CB103791BB14079D6F778F948B9A38844
S214031D003BB932222046BDE8104001231146D3F7E3
S214031D1089B910BD10B50446FFF7E7FFA27823790B
S214031D2082B913B12046D6F787F92046D6F7C8F905
S214031D3003236078A4F86C305522BDE810401221C6
S214031D40FFF7F0BC012B02D12046D6F775F9A3792D
S214031D50012B02D12046D6F7B3F90123E9E710B5E4
S214031D6083780446ABB9FFF7C0FFA3788BB9237912
S214031D7013B12046D6F782F92046D6F7E7F90423AF
S214031D806078A4F86C305522BDE810401221FFF7A6
S214031D90C9BCB4F86C30022B0DD02379032B02D1C7
S214031DA02046D6F749F9A379032B02D12046D6F766
S214031DB087F90023E4E72046D6F70CFAF9E782789A
S214031DC083685AB9DB78002B14BF03230423A0F8D7
S214031DD06C30552212214078FFF7A4BC1A7922B939
S214031DE0DB78003B18BF0123F1E70223EFE72DE979
S214031DF0F043884616461F4691B020B94FF0FF3091
S214031E0011B0BDE8F0830029F8D00B2AF6D94AF6BC
S214031E105521ADF800100221C4888DF80210018800
S214031E20C2880D0A8DF8041004F10A01231DB1427D
S214031E3052BA9BB28DF80350E0DA00255BBAADF8D0
S214031E400630C37881788DF8083003798DF805104D
S214031E50ADF80A2000F10801224603A88DF80930E0
S214031E60EBF75AF86A462B4604F10D090C341FFAB1
S214031E7089F9A1B212F8010B01339BB205449942CA
S214031E80EDB2F7D804F140030DEB03044E4504F816
S214031E90405CB3D34A4669464046EBF73DF80FB974
S214031EA00020ADE7A7F80090FAE7F8B50E4615460A
S214031EB0044610B94FF0FF30F8BD002AFAD00829BF
S214031EC0F8D91A2200212846EAF796FE2378552BDE
S214031ED0F0D16378AA2BEDD1A378022BEAD1B4F81C
S214031EE003305BBA2B806079A870E7887BBA9BB215
S214031EF003F1090292B2B242DCD80021E21892F84A
S214031F0008C00A4603F1080685F818C0B6B21FFAD9
S214031F1081FEB6451DD39445CCD1043802281ED87D
S214031F20032BC7D9227AEA70627A2A71618948BA82
S214031F3082B2102AE880BDD8043B9BB29342B9D341
S214031F4029B104F10C0105F10800EAF7E5FF0020CA
S214031F50B2E714F801E001317244D2B2D7E7102B8E
S214031F6028BF10231A46EB80002FF0D004F1080197
S214031F70E9E77FB500239E6A0446B6F5804F0D4613
S214031F800CD201A8D6F704FE039B5B0506D52946AB
S214031F902046336C04B0BDE87040184704B070BDEB
S214031FA000239B6AB3F5804F05D21B6BB3F5804FB6
S214031FB001D29B6818474FF4817070471FB5002302
S214031FC09A6AB2F5804F04D340F2011005B05DF86B
S214031FD004FB126BB2F5804FF6D2012201A8CDE9BD
S214031FE002338DF80420D6F7D3FD039BDB03EBD532
S214031FF0029B1A0EE8D0012A03D1C3F307430A2B28
S214032000E2D900239B6A1B6B1B6C9847DEE708B577
S2140320100AF056FAB0FA80F0400908BD134610B528
S21403202042B103439B0707D10AF046FAB0FA80F0A1
S214032030400910BD0120FCE70020FAE700230360F7
S214032040704703680B600160704710B538B132B152
S21403205029B100230139D45C14B90023037010BDE1
S2140320608B42FAD200F8014B0133F4E7034638B14A
S2140320700020814204D01A5C02B970470130F8E7A9
S21403208070474FF0FF31FFF7F1BF70B50C461646A9
S214032090054660B15AB151B1FFF7F3FF844206D942
S2140320A0211A32462844BDE87040FFF7CEBF70BD04
S2140320B0FEE7FEE700239A4200D1704710B550F8BA
S2140320C0234041F8234001339A42F8D110BDD7F795
S2140320D0BFB94369426CD91C143AB1FBF2F103EB66
S2140320E0C1000330B0FBF2F00230704738B5054646
S2140320F00C46FFF7EEFF6A6CE31D143AB3FBF2F3EC
S214032100013304EBC30402FB004038BD38B5054673
S21403211044692146FFF7EAFF6A6CE31D143AB3FBF2
S214032120F2F3013304EBC304204438BDF7B5074686
S2140321300E4600257C6CA819644280EA06031C4000
S21403214003D02C46204603B0F0BDFB6B01225B692F
S21403215001A99847019B0133F4D10435EAE770B52A
S21403216005460C46D8F74AFFEB6B2046BDE87040A1
S214032170DB68184770B50025044686B00562E36938
S214032180AB4202D8206A06B070BD666C2068E36B6B
S21403219005225B6901A906FB0500984701A800F024
S2140321A023FC00F046FC10B1236A01332362013599
S2140321B0E5E738B50446456C006804F1400305FBC3
S2140321C00101E06B00F042FC05462046FFF7D2FF14
S2140321D0284638BDF0B50546002687B0EC69013CB5
S2140321E0B44203D80C46204607B0F0BD01B14C1EDE
S2140321F06F6C2868EB6B05225B6901A907FB04007B
S214032200984701A800F0F0FB00F013FC0028EAD181
S21403221021460136E2E7F0B504460D46466CE36B0D
S214032220006887B005225B6901A906FB050098478D
S21403223001A800F0D9FB00F0FCFB20B101A800F0D8
S214032240AAFB07B0F0BD29462046FFF7C3FF0646A4
S214032250676C2068E36B05225B6901A907FB060030
S214032260984701A800F097FB431CEAD0B54238BF55
S2140322700130E6E72DE9F0434FF6FF79D0F82480E6
S21403228004460E46C84514BF45460025002787B0BA
S214032290E369BB4202D807B0BDE8F083E26B23686C
S2140322A0606CD2F814C000FB0530052201A9E04794
S2140322B001A800F099FB022806D0C8450CD1721C71
S2140322C029462046FFF775FFE3690135B5FBF3F2B0
S2140322D0013703FB1255DBE729462046FFF79BFF32
S2140322E0B0F1FF3F14BF024632460132E8E7036807
S2140322F0F0B5CC1A436C0646B4FBF3F4002587B05E
S214032300F36937685A1E9542706C08D3706C33684D
S21403231000FB043007B0BDE8F04000F095BB013485
S214032320B4FBF3F203FB1244F36B05225B6901A9CA
S21403233000FB0470984701A800F056FB00F079FBF9
S2140323400028E3D10135DBE710B423F0030422446D
S2140323509B070A44436C18BF04325B4281EA0204BB
S214032360234203D05DF8044BFFF7C1BF10465DF868
S214032370044B70472DE9F041D0E90A369E420446E5
S21403238086B028D11422C369456802FB1355284634
S21403239006B0BDE8F0812068676C331AB3FBF7F329
S2140323A0E26B07FB0300D2F8148001A90522C0479D
S2140323B001A800F019FB012804D0636C1D44013BFF
S2140323C03340ED1A31462046FFF791FF0646A36ACF
S2140323D0B342E0D1DBE70025F9E708B5083013463A
S2140323E0D1E90012D8F790FD012008BD13B50C46BD
S2140323F0002121760093616813462246D7F77EF9BB
S21403240018B1E37D03B1A07EA075A07D02B010BD18
S21403241073B5164600F108050C46284609680DF103
S214032420070200F098F9032E06D16368834203D1AE
S2140324302846216800F076F9012002B070BDD01E50
S214032440009B42424241187E824211D11A688A4258
S2140324500ED85A688A420BD35A6901325A61D3E9B5
S214032460030282423FBF986840F8221001321A6185
S2140324700120704710B5032A029C07D1A26A534075
S214032480626C5242134201D100F04CF9012010BD98
S21403249008B5C36800209847BDE80840D8F7B6BD1E
S2140324A0012814BF0420022070B5002442431C7088
S2140324B0CC7D101D02F002024CB91AB1012220F0A5
S2140324C003001A7000F108034868184470BD1AB177
S2140324D0012220F003001A7000230C7E01F1200570
S2140324E0DAB2A24201D30020F0E735F833205E1CAF
S2140324F0824206D901EBC30300F10802D8691044EF
S214032500E4E73346801AEBE773B5054690F8426076
S2140325101C4630460DF10303FFF7C2FFEB6B012E9B
S2140325205B690DD1324601A998479DF8033013B174
S214032530BDF806300193BDF80430236002B070BDC9
S2140325400122214602B0BDE870401847F0B50546A3
S21403255000244868EB6B87B00E4601225B69029441
S21403256002A908309847274695F84230012B40F0D9
S214032570AC80632C00F2AB80612C08D805AB2246F6
S21403258031462846FFF7C0FF9DF814305BB305AB12
S2140325902246314628468DF81070FFF7B5FF95F8AA
S2140325A04230012B059B7FD14FF6FF72934256D0E4
S2140325B0082205A904A800F063FA059B9DF81010ED
S2140325C0C3F3072291424AD1DBB2029A1A4402921B
S2140325D045E0DCD005AB224631462846FFF794FF9C
S2140325E0BDF81430D2E795F84230012B39D1612C6F
S2140325F02ED822463146284603ABFFF785FF3146E1
S214032600284604AB621CFFF77FFF3146284605AB1E
S214032610A21CFFF779FF102208230DEB02010DF130
S21403262007008DF8073000F02BFA102205A90DF1EC
S214032630070000F025FA039BDAB24AB99DF8072093
S214032640B2EB132F04D1DDE9043203EB024302930A
S21403265095F84230012B14BF012302231C44013496
S21403266082E7302CF4D822463146284603ABFFF7E0
S2140326704BFF3146284604AB621CFFF745FF102389
S21403268020220DEB03010DF107008DF8073000F053
S214032690F7F9039B9AB2002ADAD19DF80720B2EB2A
S2140326A0134FD5D1049BD2E70133D8D0102205A906
S2140326B00DEB020000F0E4F9059B9DF81010C3F340
S2140326C007429142CBD19BB27FE7312C81D9029846
S2140326D007B0F0BD13B500240194049C0094D7F70B
S2140326E0E9FC02B010BD13B501240194049C0094C8
S2140326F0D7F7E0FC02B010BD00234FF0FF3230B531
S21403270044689C4202D10023037230BD016801EB8A
S214032710C30541F833206A600133F2E7C0E90012CB
S214032720FFF7EABF0023F0B545689D4210D0046862
S214032730DF0054F8332004EBC306B2F1FF3F08D0A2
S214032740C2F31302914204D14FF0FF33E351736097
S214032750F0BD0133E9E70023F0B545689D4202D199
S2140327604FF0FF300EE00468DE0054F83340671C79
S21403277009D0C4F31307B94205D1240D14700368B6
S21403278033445868F0BD0133E8E7704770B59400EA
S214032790224605460E4609F08FFE431C0AD058B95A
S2140327A0224631462846EAF773FD002814BF3D202B
S2140327B0002070BD6E20FCE77120FAE713B50446CF
S2140327C001A8D9F7A1FC9DF8063023804FF4807347
S2140327D06380D9F7A7FC6060002002B010BDD9F76C
S2140327E017BC08B5D9F708FC002008BD10B5044689
S2140327F044EA010313F00303084609D1934201D1C7
S214032800002010BD54F8231040F823100133F5E7D9
S21403281021469200EAF780FBF2E710B5044609F07A
S2140328204FFE431C10D088B9D9F77CFC234620F012
S21403283003002044984201D1002010BD53F8042B16
S2140328400132F7D03E20F8E76E20F6E77120F4E772
S214032850704713B50023044601461B220DF10700FB
S2140328608DF8073000F00CF922689DF80730B3EBBB
S214032870D26F0CBF0120002002B010BD13B5002399
S2140328800446014620220DF107008DF8073000F0BC
S214032890F7F80DF107001A22211D00F0F1F862681F
S2140328A09DF80730B3EB926F0CBF0120002002B0F7
S2140328B010BD0068431C584258417047006810F02A
S2140328C07E0F0CBFC0F3C160002070470068C0F3E2
S2140328D0D3107047006800F07F0001288CBF0020EB
S2140328E001207047036813F07E0F14BF04200820EE
S2140328F07047036813F07E0F03D1406820F07C40D6
S214032900704713F078001CBF03F07F03D81F70478F
S214032910006800F07F007047032809D0022803D11F
S214032920C1F10201C8B2704700290CBF072000207E
S214032930704737B5054601F10C0443696946012221
S21403294020469847BDF80030012201932046AB6924
S21403295001A9984703B030BD37B501F10C044369AC
S214032960012269460546204698474FF6FF72009BAC
S21403297099B291420DD16FF30F0343F4254343F00D
S214032980A503019301222046AB6901A9984703B02A
S21403299030BD0020FBE737B5044600251B22011D8A
S2140329A00DF107008DF8075000F06AF860689DF88F
S2140329B00720B2EBD06F03D120F0784003B030BDD0
S2140329C00DF107001B2204F108018DF8075000F0F3
S2140329D057F8A0689DF80730B3EBD06F01D1C0431A
S2140329E0EAE74FF0FF30E9E74BF29A22036810B5A7
S2140329F0B2EB134F044613D19BB2012B13D1FFF74F
S214032A00CAFF01300CD04FF6FF72E068B2EB104FEE
S214032A104FEA104309D180B2C01A18BF012010BD77
S214032A202368013303D00420F9E70220F7E70320E5
S214032A30F5E701288CBF00200120704703380128E2
S214032A408CBF002001207047143070472DE9F041F9
S214032A5005469846036908460E46174698470446B1
S214032A6038B943463A4631462846D8F73FFB04462C
S214032A7018B131462846FFF75CFF2046BDE8F081D3
S214032A801F2A0B689EBF4FF0FF3191408B435908B6
S214032A9001F055315B1A03F033319B0803F03333EF
S214032AA00B44017803EB13130A444FF0013103F090
S214032AB00F334B43A2EB13620270704708B507F05F
S214032AC05BFBBDE808400021D8F71ABC02210320AF
S214032AD0D8F714BE704770477047704770B5054601
S214032AE014460E4609F0D1F92B685C4034405C402E
S214032AF02C60BDE8704009F0C3B910B5002422B1BC
S214032B00032A0CD00360047110BD11F4000218BF31
S214032B104FF07F4221F07F4313430C0EF2E721F080
S214032B20FF03CCB2EEE730B5012400F580534568C9
S214032B305C60CB784A785B0443EA02230A78134343
S214032B408A78120402F480321343C0F89830EB07F5
S214032B505CBF00F50050446030BD70B501260C46DE
S214032B60054600F500535E600B78497803F00703CB
S214032B7043EAC103E17843EA0123A178090101F09E
S214032B8030010B430367C36AA17923F48B3323F421
S214032B90807343EA01432179090201F4E0610B43A0
S214032BA06179090301F480510B43C3621146FFF7B1
S214032BB0BAFF05F580535E60E37903B1EE6070BD3E
S214032BC008B50A6FC96F02F00702FFF796FF08BD44
S214032BD013B5044601A8D9F797FA042C04D8DFE8FE
S214032BE004F0061603101300002002B010BD40F2D6
S214032BF09C4040F2BA439DF80520012A08BF1846B8
S214032C00F3E740F6B830F0E74FF41660EDE740F22E
S214032C10E240EAE74FF050234FF400321A6770475A
S214032C204FF0B0435A6812B19A6A002AFAD1704735
S214032C3070B5054614460E4609F027F92B685C4026
S214032C4034405C402C60BDE8704009F019B901229D
S214032C50417803788A4030214B4342F2100103F156
S214032C60A04303F570335A50704721FA00F2D20797
S214032C7030B5034600F0FC040FD500220132D2B271
S214032C80042A02D14FF0FF3008E0831803F0030351
S214032C90234421FA03F5ED07F0D4184630BD00208F
S214032CA070470020704700207047002070470120BF
S214032CB07047012070470F207047EBF703B80023D7
S214032CC007B5CDE90033012369464FF0FF308DF891
S214032CD0023004F058FB03B05DF804FB0020704795
S214032CE010B508B9212010BD0029FBD0036813F0E6
S214032CF0704205D1C3F30E030B607BB10020F2E7ED
S214032D0003F05044B4F1004F05D0B2F1304F02D077
S214032D10B2F1404FE6D103F07F03EDE74368002BA3
S214032D20E0D00B60EAE737B50C46054610B921201C
S214032D3003B030BD0029FAD0002301A90193FFF7A1
S214032D40CFFF0028F4D12968019A11F0704102F1EF
S214032D50030222F0030201D12260E9E7AD68B1F174
S214032D60004FC5F38033C5F3403504D103EB450369
S214032D7053432360DCE7B1F1204F01D12B44F7E73F
S214032D80B1F1304FFAD0B1F1404FF7D0CFE737B5B6
S214032D900C460546002800F08780002900F0848052
S214032DA000230B60036803F070430B60C26822B114
S214032DB0032A79D143F080630B60AB689A0149D448
S214032DC003F08073EA680AB9002B6DD1226822F0FB
S214032DD0407213432360EA68032A05D12A69F62A58
S214032DE062D962F317432360AB681B0442BF2368B0
S214032DF043F400432360EB68032B1FBF23682A6852
S214032E0062F30E0323602B68AA68002B2ADB12F4F6
S214032E10C84F49D12B6803F0704303F10043B3F165
S214032E20804F05D2530542BF236843F48063236073
S214032E300023284601A90193FFF752FF40B92B68E8
S214032E4013F070421FD12368019A62F30E032360C6
S214032E5003B030BD03F04073B3F1407F18BF4FF0AB
S214032E600073AFE7500402F4005105D4E1B12368C0
S214032E7043F400532360CDE7236843F48043236081
S214032E800029C7D0F3E703F05043B3F1004F05D052
S214032E90B2F1304F02D0B2F1404F05D1019B5A1E1A
S214032EA0236862F30603D2E72120D1E738B131B1B4
S214032EB001234B604FF0005300208B6070472120A6
S214032EC0704737B50C46054608B9212016E0002999
S214032ED0FBD001234B60C368A3B901A90193FFF795
S214032EE022FF58B9019B6A699A4209D32A69002AC4
S214032EF0EBD0226043F000530020A36003B030BD44
S214032F001D20FBE7032BE0D10023F5E7436813B945
S214032F10416070475B685A68012AFBD15960704765
S214032F20FFF7DCBE08B5FFF7D9FE002814BF6FF025
S214032F309200002008BD1346428870B50732072A60
S214032F400C464FEAD20101D0A14222D14668058839
S214032F50202218460021E9F74FFE360A0346DEB95B
S214032F60BCB141F20102954205D0B5F5885F02D0A7
S214032F70B5F5905F02D100205C6070BDB5F5105FBB
S214032F800DD1182C03D0202C01D0102C01D11C609D
S214032F90F1E76FF08600F0E76FF08B00EDE76FF078
S214032FA08500EAE7F0B51C46436806461B0A0F464B
S214032FB0154689B035D122462946FFF7BCFF68B9C6
S214032FC0EB1C23F00303C4E90307636145B920221E
S214032FD000212046E9F710FE6FF0860009B0F0BD29
S214032FE0014620226846E9F707FE6A462946304628
S214032FF0FFF7A1FF0028EAD12368009A9A42E6D198
S2140330006368019A9A42E2D1A368029A9A42DED191
S214033010A369069A9A42DAD1E369079A9A42DDD0FF
S214033020D5E76FF08B00D9E7D9F7B6BBD9F7D0BC95
S21403303070470020704700207047C36819448368B0
S21403304053F8210030F8023B13607047012310B594
S21403305080F888300378044653B100F061FA2146BD
S2140330602046D9F7A7FD2046BDE8104000F04DBA2C
S21403307010BD38B50D460446D9F784FD6B68204667
S214033080C4F8B032A96800F096F94FF0FF33204633
S214033090C4F8B432FFF7CDFF38BDD0F8B43210B55C
S2140330A00133044601D0002010BD00F0BCFAC4F87A
S2140330B0B4020130F7D194F8B80280F00100F3E7C8
S2140330C008B5D9F79BFD08BD0A7801382D2A0ABF33
S2140330D0012200228918D9F7EDBD07281BD8DFE89F
S2140330E000F0060A0D10131504170120704700227E
S2140330F00820D9F7DFBD00221020FAE7002220209F
S214033100F7E70820FFF7E0BF1020FBE72020F9E7EA
S2140331100846D9F731BE002070472DE9F743072844
S2140331200C46DDE90A7690461D4608D8013806287F
S2140331300AD8DFE800F01D27303A44574A00212812
S21403314050D003B0BDE8F083002220461146E9F7CD
S2140331501FFD3368C0B205EB83013A6845F82300C8
S214033160013348F8221033603B6801333B60E8E7DD
S214033170002220461146E9F70BFD336880B205EBC3
S2140331808301EAE7002220461146E9F701FD33688A
S21403319005EB8301E1E7002220461146E9F7A6FE88
S2140331A0336840B205EB8301D7E700222046114679
S2140331B0E9F79CFE336800B205EB8301CDE70022F6
S2140331C020461146E9F792FEE1E7002389461E46AC
S2140331D01D468DF8063019F8013F7D2B06D1257064
S2140331E02D0A65703B6848F82340BDE7202BF2D0D4
S2140331F006F00102013612B98DF80430EBE710220F
S214033200002101A88DF80530E9F770FE6319013532
S2140332109870ADB2DFE72DE9F04F9B46002385B0EB
S2140332208B45814688469246CDE902336BDC1A46C7
S2140332301E4619F80340212C09D81F2C04D8103C2D
S214033240072C98BF012200E001260133F1E7FF2C8B
S214033250FBD15B4436B1013B43450ADD2B2005B069
S214033260BDE8F08F62B1013B4345F7DC3546374690
S21403327002E000252F462E46454504DB0020EEE7F8
S2140332809845F3D0EAE75D453BDB19F80730202B7A
S21403329018D109EB07035B78FF2BDFD1CEB92046A5
S2140332A05AF82510FFF719FF78B303AB019302AB67
S2140332B000932046DDE90E235AF82510FFF72DFF6D
S2140332C00135D9E7212B0ED109EB07035B78FF2BDA
S2140332D0C4D1029B5AF825200E99012641F82320D3
S2140332E001330293ECE7A3F11004072C02D91C4622
S2140332F00137D3E709EB07035B78FF2BAED1E4B2C4
S214033300CCE70624CAE72120A9E72620A7E72DE96C
S214033310F04F07460E4615469846044685B0DDF838
S2140333204490DDE90FAB206808B3DAF80020D8F83C
S21403333000108A421BDA0E9B53F82210D5F7BCFF07
S21403334048BBDAF800200132CAF800206268117B15
S214033350FE291BD10E9B1068012100932A46434683
S214033360CDE902B9CDF804A0FFF7D1FF04462B78C8
S21403337043B999F800302BB97EB101233C4689F84E
S21403338000302B70204605B0BDE8F08F01238BF884
S21403339000302B70EBE70C34C5E73446F2E710B584
S2140333A00446236803B910BD237A13B92046D9F718
S2140333B019FD0C34F5E710B541B10A7932B9012489
S2140333C09C300C71FEF73DFE204610BD0020FCE746
S2140333D02DE9F041BAB005460AAA084603A900F04B
S2140333E05FF90446B0B90DF10A0301930DF10B031F
S2140333F08DF80A0000930AAA284604AB03A9D9F756
S214033400A1FE9DF80A20B2B19DF80B2048B12AB15F
S214033410D9F7E8FC20463AB0BDE8F081FFF7BFFFD6
S214033420F8E7D5F89C50002DF4D0A86808B1FFF74C
S214033430B6FF2D68F7E700B346681AAB06F10C082B
S2140334402AAF01934046049B039900970AAAFFF705
S214033450E2FE04460028DDD1039B05A8CDE9063726
S214033460049B0595CDE90838DBF734F905A83368DE
S214033470984705A800F03FFDCCE72D24CAE710B512
S2140334800446AC30E9F7B4FA04F1AB031A1800208B
S214033490934200D110BD13F8011F0029FAD00A2960
S2140334A008BF0130F4E70023F0B50B60136006464F
S2140334B0D0F8AC0278B196F8AC0060B1012406F1FE
S2140334C0AC07D6F8AC02844210D306F1AC00B3F5D1
S2140334D0007F10D30120F0BD0D6801350D6015681F
S2140334E001351560F85C01330A2802D0B3F5007F76
S2140334F0F2D30134E5E7C15C0A29EBD00029E9D011
S2140335001168013301311160E1E710B50021D0F8ED
S2140335108C200446E9F770FB0023C4E9243310BD6E
S21403352073B5044600F1AC0580212046FEF79EFDE8
S2140335304FF4007106462846FEF798FD0136C0F59F
S2140335400070864220461FD8E9F752FA06462846F8
S214033550E9F74EFA01362946421CA819E9F79EFBFD
S2140335602046E9F745FA214602462846E9F7D4FC01
S2140335702046E9F73DFA0A23204480F8AC300023BE
S214033580C4F8AC3202B070BDFFF779FF01AAC4F8E5
S214033590AC0269462046FFF786FF0022009B2344C1
S2140335A083F8AC20C0E773B50D460446FFF767FF04
S2140335B06B1C19D1D4F8AC3213B1013BC4F8AC324E
S2140335C000252046E9F714FAA84215D82046FFF747
S2140335D09CFFD4F8AC322BB16946204601AAFFF70C
S2140335E062FFA0B902B070BD012DFBD1D4F8AC3296
S2140335F08342F7D20133E1E7082000F023F82020C6
S21403360000F020F8082000F01DF80135D9E7009DEA
S21403361004F1AC06019BAB42E4D9715D2046D9F7B1
S214033620BFFE0135F6E707B500200DF1070100F0F0
S214033630E7F820B99DF8070003B05DF804FB4FF0E8
S214033640FF30F9E710B5C1B20446002000F0C8F811
S21403365000280CBF20464FF0FF3010BD0FB407B54F
S21403366004AA52F8041B00200192DAF735F800206A
S21403367003B05DF804EB04B0704710B54C1C0B4662
S2140336800119045D222C03D07B2C01D05C2C05D1C0
S214033690D21A1844E9F702FB012010BD0020FCE70C
S2140336A02DE9F047054691468846E9F7A1F92A46EB
S2140336B006461346197801322029FAD0C9F8003095
S2140336C05C1B01236FF0404AC8F80030A64201D8BD
S2140336D0002014E02F5D29197B2F12D0222F2ED124
S2140336E0D8F80030621C53442A4449F82320012C9E
S2140336F009D911F8013C13F0DF0F04D02120BDE8EF
S214033700F0877D27F3E701342B5DBB4209D12B19E4
S2140337105B7813F0DF03F1D1222F00D12B55013450
S214033720D4E75C2B07D1324621462846FFF7A5FF90
S2140337300028E3D0013E0134A642E5D8DEE75C2F3D
S21403374008D1324621462846FFF797FF0028D5D0F2
S214033750013EE4E7202FE2D10022631CB3420A7045
S214033760DDD2EA18EB5C202BD9D0D8F800300F2B2B
S21403377005DC49F823200133C8F80030CFE71E20C4
S214033780BDE700F000B800207047D5F783BD70B5DD
S2140337900C46154610B9D9F793FF38B143682BB1D9
S2140337A02A462146BDE8704000681847232070BDAE
S2140337B0F7B50D4616461C4638B9D9F781FF04B946
S2140337C001AC20B9232003B0F0BD03B901ACC76830
S2140337D0002FF7D02346324629460068B847F2E75B
S2140337E007B501228DF807100DF10701FFF7CFFF8C
S2140337F003B05DF804FB0B4601461846FFF7F0BF1F
S21403380000230122FFF7D4BF08B508F039FCFA23DA
S214033810B0FBF3F080B208BD0420704740F20160AD
S214033820DAF744B87047012070470020704749BA5A
S21403383089B280EA0103C3F303125340180380B22C
S21403384058405B0103F4FF535840704708B5DAF756
S214033850F9FB58B1A0F15903042B06D8042B04D85E
S214033860DFE803F00404040304005C2008BDDAF771
S21403387041BD7047F8B50C468D18073552421540C2
S214033880A5F108070646384600F0DFF9A188381B7D
S214033890628801EBE00189B2A2EBE00225F8041C82
S2140338A025F8062CA288C310AAB1A4EBC202B2F86C
S2140338B002C0D18003EB0C015180E28892B1D31A87
S2140338C09BB204EBC20425F8023CA380B36803440E
S2140338D0B3603846F8BD15F8082C42F0020205F826
S2140338E0082CEAE725F8022CF0E72DE9F04F4FF015
S2140338F0000887B09946531C109B0546174614BF0D
S21403390014460824CDF81480002B00F0C580C3F8B5
S2140339100080002900F0C28042688A4240F2BE80DE
S214033920073121F0070608F0BDFA05AACDE90082A3
S21403393082463A464B463146284600F08AF9059FAA
S214033940834607B130B9504608F0A7FA192007B0E6
S214033950BDE8F08FB7F8028029694FEAC802C0EBCA
S214033960C8080139B8F1270F29617AD9B9F1000FD0
S21403397051D1864206F1080848D0224639462846E1
S214033980FFF778FF04460590059B9844404600F0F1
S2140339905CF9059906F10F004A88C308A2EBD0022A
S2140339A0A8F80220CA88A8F80430002A30D0D31A10
S2140339B09BB201EBC202A8F8063093808B88F60808
S2140339C0A380B8F804303A46E380414600232846ED
S2140339D0668000F0A6F9AB680833AB60237843F043
S2140339E0010323702B6901332B616288AB68504651
S2140339F003EBC203EA68AB60934288BFEB6008F050
S214033A004CFA109B083400201C60A0E73C46BBE73A
S214033A10A8F80620D2E707EB08042046039200F036
S214033A2014F90BF10703DB080599638008F1070314
S214033A30DB08A380CB8893B1DB00039AD81D821AD8
S214033A405A44C2F3CF020B44E2809A80A38808F15B
S214033A50FF384FEAD808A1F80280CB80BBE7E380A3
S214033A60F4E7B9F1010F1BD107F10803B3FBF4F236
S214033A7004FB1233B3B1224639462846FFF7FAFE53
S214033A80044623783A4643F0010323702146012374
S214033A90284600F046F9A8E7222058E7212056E7F3
S214033AA08642E8D13C46ECE707B500224FF0FF31EB
S214033AB001AB0192DAF77EF8019803B05DF804FBD8
S214033AC02DE9F74F04460D46002900F0AB80D0E9F8
S214033AD0056808F0E7F915F8087C35F8061CFB07B7
S214033AE0009000D531B9009808F0D7F9012003B04B
S214033AF0BDE8F08FA368D4F8109035F804ECA3EB78
S214033B00C10B09F10103A5F1080C4A1CC4F808B05F
S214033B102361BEF1000F7BD0ACEBCE03D888B3F89D
S214033B2002A00190187807F00207C00765D4002F9B
S214033B3064D10198A0EB0A07012F69D18A1CABF167
S214033B4008075244C4F81090A76035F802ECBEF19B
S214033B50000F61D0D4E900700CEBCE0A07EB000926
S214033B60CA4559D21CF83EC057461CF0010C15D165
S214033B70AEEB0101012911D1BAF80210AAF802C06E
S214033B8001310A44BAF80610002943D00AEBC107EC
S214033B90216901392161A1680839A16015F8081C5B
S214033BA0013A21F0010105F8081C002125F8061C3E
S214033BB05A801A7861F300021A707FB3C3F10702C2
S214033BC03A44C2F3CF02DA80BA804EB3B34227D365
S214033BD07288002A08BF1E46B8F1000F06D0434578
S214033BE004D8B8F80220002A18BF43460098C4E950
S214033BF0056308F052F9002079E74FB115F8087C01
S214033C00724427F0020705F8087C00279F809CE78C
S214033C1063469AE70F46BBE70027BFE7DF80D4E794
S214033C201E46D9E7222062E710B50446D9F7DAFF25
S214033C302146BDE81040FFF743BFFFF7F5BF084630
S214033C40FFF732BF0846FFF7F8BF00230360436061
S214033C507047F0B5D0E90554561C08BF0822002B60
S214033C604FF0000008BF2C46DDF818C0CCF8000063
S214033C70002C37D09DF814706588FF0007EBC50548
S214033C80C2F1000E2078C00708D51BBBE088A0B1A0
S214033C9004EBC004658807EBC505F3E78D42F4D350
S214033CA063B904F10806B6FBF2F002FB106670185F
S214033CB00EB1A842EAD8CCF80040F0BD082A0FD0CF
S214033CC06088013004EBC000461A06EA0E06801B25
S214033CD08542F0D2A0880028EFD0A4EBC004D9E731
S214033CE00846E8E72046E8E703460069C0B10AB994
S214033CF051B91A6810460378DB0711D531B9C38862
S214033D005BB100EBC300F6E79A69F3E7012904D138
S214033D10838823B1A0EBC300EDE700207047184665
S214033D2070472DE9F041D0E9055407468846164604
S214033D30ABB1954200D00ABB424600213846FFF796
S214033D40D3FFB442054600D02EB942460121384679
S214033D50FFF7CAFF0446C7E90554BDE8F08195425C
S214033D6008D08D4228BF0D46B44205D0444538BF1F
S214033D704446F0E70D46F7E74446ECE79442EAD1BB
S214033D80E3E770B500261C46C3E90001C3E90266F3
S214033D90C3E905001E611A775E62FFF756FF2369C3
S214033DA00139C908013341802361A36830460833CB
S214033DB0A360E3680833E36070BD002307B5684675
S214033DC000938DF80430D7F789FE03B05DF804FB43
S214033DD010B508F05AF8044606F060FA2046BDE827
S214033DE0104008F04DB870474FF4C870D9F75ABF63
S214033DF0DAF70CB800F01CB87047704708B503F044
S214033E0001F903F009F903F010F903F01FF9BDE80F
S214033E10084003F02EB9704708B503F0EEF803F038
S214033E20EDF803F0ECF803F0ECF8FFF7F4FF08BD49
S214033E3008B503F01FF903F01EF903F01EF9BDE8F9
S214033E40084003F021B97047012070472DE9F3417C
S214033E5012F001050446884622D110F0030525D149
S214033E602F465208BA4209D1D8F7C6F80026B742F9
S214033E7004EB860008D1D8F7CBF811E054F82730C6
S214033E8001330CD10137EDE7042258F826300DEB49
S214033E900201019308F010FB30B1D8F7B9F83D25BD
S214033EA0284602B0BDE8F0810136E0E70125F7E7D2
S214033EB07047B0F1006F0FD300F07843B3F1006F93
S214033EC00CD000F06040B0F1404F09D0B0F1604F25
S214033ED014BF04200320704700207047012070475A
S214033EE002207047002070471AB111B180B2DAF78A
S214033EF001BA2120704701F056BEE3F72BBBFFF74C
S214033F008DBCD0E9023253F8223000211878E2F74C
S214033F1073BF704702F08CB901F0DABDC3688268DC
S214033F20013BDBB252F823305B78652B02D10020CD
S214033F30E5F7B2BA6E2B01D10120F9E7662B01D162
S214033F400220F5E7704710B5D0E90232044653F86D
S214033F502230187802F046FAE368A268013352F872
S214033F602330BDE81040187802F03ABA10B504467C
S214033F70C0B2DBF78DFB200ABDE81040DBF788BB39
S214033F80D0E9023253F822301878DBF789BC02F006
S214033F90E1B9E3F77FBF08B501F0B8FEBDE8084016
S214033FA0E5F768B9D0E9023253F82230186801F011
S214033FB0ABBE0020E5F764BA0120E5F761BA02213B
S214033FC0DBF704BC0321DBF701BC0521DBF7FEBBF3
S214033FD008B501460C20DBF7D5FBBDE80840DBF748
S214033FE063BB08B501460020DBF7CCFBBDE8084001
S214033FF0DBF75ABB07B5C2688368043253F822302E
S21403400001211B880DF10602ADF806300023DCF70C
S21403401061F903B05DF804FB08B508F045F8BDE8A0
S2140340200840F1F7E5BB10B51446DCF76FFC2146F4
S214034030BDE8104007F0D6BD08B5DCF767FCBDE861
S2140340400840002107F0CEBD08B5DCF75FFCBDE8ED
S2140340500840F1F703B808B5DCF758FCBDE808409C
S21403406008F085B908B5DCF751FCBDE80840F0F761
S214034070E1BF7047704708B508F016F8FFF7FAFF78
S21403408003F065F8BDE80840DCF78CBC70470120F8
S21403409070470120704708B5DCF720FD00280CBFE9
S2140340A00420012008BD70472DE9F34104460D4660
S2140340B016461F46DDF8208008F08EF83B4632464B
S2140340C029462046CDF8008003F043F83B463246A7
S2140340D029462046CDF80080FFF7E5FF02B0BDE88D
S2140340E0F04101F060BD2DE9FF4704460D46164634
S2140340F01F46BDF830809DF83490DDF838A008F0F0
S2140341006BF83B46324629462046CDE9019ACDF860
S214034110008000F0FDFF04B0BDE8F04701F043BDAA
S214034120704708B508F058F803F016F8FFF7F8FFDD
S214034130BDE8084001F037BD012070472DE9F7437D
S21403414004460D4616461F469DF8289008F044F888
S2140341503B46324629462046CDF80090FFF7ECFF53
S21403416080463B46324629462046CDF8009002F06C
S214034170F4FF01F018FD404603B0BDE8F0830120CC
S21403418070472DE9F74304460D4616461F469DF82D
S214034190289008F021F83B46324629462046CDF8BB
S2140341A00090FFF7ECFF80463B4632462946204602
S2140341B0CDF8009002F0D2FF01F0F5FC404603B0C4
S2140341C0BDE8F083F8B504460D4616461F4608F0CC
S2140341D003F83B4632462946204602F0C0FFBDE8B8
S2140341E0F84001F0E0BC00207047F8B504460D46E1
S2140341F0164607F0F1FF324629462046FFF7F3FF3F
S214034200074632462946204602F0AAFF01F0CBFCB9
S2140342103846F8BD38B504460D4607F0DDFF294697
S214034220204602F09EFFBDE8384001F0BCBC10B546
S214034230044607F0D1FF204602F094FF2046FDF720
S214034240A5FABDE8104001F0AEBC704738B5044689
S2140342500D4607F0C1FF2946204602F095FF294682
S2140342602046FFF7F2FFBDE8384001F09CBC7047DC
S21403427070B504460D46164607F0AEFF324629468D
S214034280204602F083FF324629462046FFF7EFFF1B
S214034290BDE8704001F087BC704738B504460D464C
S2140342A007F09AFF2946204602F072FF2946204669
S2140342B0FFF7F2FFBDE8384001F075BC704738B52C
S2140342C0054607F089FF284600F0EFFE0446014640
S2140342D0284601F0ABFF01F066FC204638BD38B532
S2140342E004460D4602F056FF29462046FFF7E6FF32
S2140342F038BD704738B5054607F06EFF2846E3F726
S214034300D5F804460146284601F08EFF01F04BFC23
S214034310204638BD38B504460D4602F03CFF294614
S2140343202046FFF7E6FF38BD704710B5044607F092
S21403433053FF204602F030FF2046FFF7F5FFBDE8A7
S214034340104001F030BC704738B504460D4607F000
S21403435043FF2946204602F021FF29462046FFF761
S214034360F2FFBDE8384001F01EBC704770B5044646
S2140343700D46164607F030FF32462946204602F021
S2140343800EFF324629462046FFF7EFFFBDE8704092
S21403439001F009BC704738B504460D4607F01CFF0C
S2140343A02946204602F0FCFE29462046FFF7F2FF88
S2140343B0BDE8384001F0F7BB704738B504460D46F4
S2140343C007F00AFF2946204602F0EBFE2946204660
S2140343D0FFF7F2FFBDE8384001F0E5BB704710B5C4
S2140343E0044607F0F9FE204602F0DCFE2046FFF7FF
S2140343F0F5FFBDE8104001F0D6BB704710B5044684
S21403440007F0EAFE204602F0CEFE2046FFF7F5FF51
S214034410BDE8104001F0C7BB7047704770B504464F
S2140344200D46164607F0D8FE32462946204602F0C9
S214034430BDFE324629462046FFF7EFFFBDE8704033
S21403444001F0B1BB704710B5044607F0C5FE204621
S21403445002F0ADFE2046FFF7F5FFBDE8104001F081
S214034460A2BB704738B504460D4607F0B5FE29468D
S214034470204602F09DFE29462046FFF7F2FFBDE8E0
S214034480384001F090BB704770B504460D4616469B
S21403449007F0A2FE32462946204602F08BFE32463D
S2140344A029462046FFF7EFFFBDE8704001F07BBBCF
S2140344B070472DE9F34104460D4616461F46DDF8C0
S2140344C0208007F089FE3B46324629462046CDF833
S2140344D0008002F070FE3B46324629462046CDF861
S2140344E00080FFF7E5FF02B0BDE8F04101F05BBBDB
S2140344F00E2070470E20704738B5044607F06CFE52
S2140345002046FFF7F7FF0546204602F055FE2046F5
S214034510FFF7EEFF01F047FB284638BD0020704743
S2140345200020704738B5044607F056FE2046FFF7CE
S214034530F7FF0546204602F040FE2046FFF7EEFF53
S21403454001F031FB284638BD704708B507F044FE36
S21403455002F034FEFFF7F8FFBDE8084001F023BB86
S214034560002070477047704708B5DCF789FB0028C2
S2140345700CBF0420012008BD70470B68DA7B1AB90C
S214034580DB7C0BB9DCF7A0BB8120704708B5DCF7F2
S214034590B3FBBDE80840DCF7BDBB7047DCF7ACBB3C
S2140345A0DCF7B8BB082808D84FF48B73C34013F066
S2140345B0010F0CBF212000207047212070470121E6
S2140345C0DCF79ABC0221DCF797BC0421DCF794BC29
S2140345D00821DCF791BC1021DCF78EBC08B500F08F
S2140345E026F808B1002008BDDCF7D6FC0028F9D170
S2140345F0DCF7E4FC0120F6E7152808B503D1BDE88F
S2140346000840DCF7CFBC01F089FE60B9E2F7A2FAF6
S214034610032806D100F009F828B9BDE80840FFF7DB
S214034620DDBF0028EBD008BD704700207047002090
S214034630704708B5DCF7A8FEFA23B0FBF3F008BD15
S2140346400321DCF7D1BE01207047D0E9023253F8CC
S21403465022301878DDF7D0B80868C37B1BB9C37C53
S2140346600BB9DDF7F9B881207047D0E9023253F869
S21403467022301878DDF732B9704730B50546044660
S21403468015F8100B85B0029565691D44CDE9002524
S2140346900B46A21D618801F023FE05B030BD7047AE
S2140346A010B492F80A4192F8053103EB04230B8108
S2140346B000235DF8044B1A4601F010BE1FB50446EE
S2140346C0084671B12178FF290BD0238B02936369C7
S2140346D00193237C00936288A31DE2F703FFFF2365
S2140346E0237004B010BD0868C37B73B9C37C032B67
S2140346F00BD8DFE803F002080406DDF7EFBBDDF7AF
S2140347001FBCDDF74FBCDDF7FDBB8120704770474C
S214034710704700207047137810B5032B0CD15479DB
S214034720CBB29C4208D19379B3EB112F04D15378C3
S2140347301B1A5842584110BD0020FCE77FB50546BA
S2140347400E4600246946E0B201F076FD28B96A46B3
S21403475031462846FFF7DFFF18B90134202CF1D184
S214034760002004B070BDFFF7E9BF0868C37B9BB9A0
S214034770C37C052B10D8DFE803F0030D070B0905F0
S214034780DDF7B4BCDDF7F0BEDDF74ABDDDF79CBE52
S214034790DDF71ABEDDF7ECBC8120704700207047BA
S2140347A030B5102587B001AA00210195FEF745FC18
S2140347B004462A46002102A8E8F71EFA2A4621469E
S2140347C002A8E8F76BFA012102A8DEF7ABF807B0F8
S2140347D030BDDEF739B87047FFF7FDBF0B68DA7BED
S2140347E05AB9DB7C012B04D0022B04D02BB9DEF79D
S2140347F0BDBCDEF7C7BCDEF7D1BC81207047002303
S21403480007B5012101A80193D4F79CFB08B9D4F797
S214034810D5F9012003B05DF804FB08B502F030FAC1
S214034820052803D0003818BF012008BD0220FCE786
S2140348307047D0E9023253F822301878003818BF90
S2140348400120E0F72BB8E0F72FB8002070470020D0
S21403485070477047FF207047FF207047002070475F
S2140348600020704700207047704706207047DFF728
S214034870D3BA0868DFF7ACBF70B50D46044600210F
S2140348802846164601F074F932462080022128464F
S21403489001F06EF9324660800421284601F065F97E
S2140348A00023A360E3606060082070BD034641B147
S2140348B081424FF0640005D94343B3FBF1F0C0B225
S2140348C0704708467047DFF7FDBFE0F7F3BDE0F734
S2140348D0FBBEB0F5807F05D0A0F500735842584163
S2140348E0400170470820704730B599B00D466946B9
S2140348F01446E0F74DFE30B915B1BDF802302B6013
S2140349000CB10D9B236019B030BD2DE9F04788B07C
S2140349100E46904604A905AA07461D46FFF7E4FF80
S214034920044638BB28800DF10C09DDE904A39A453B
S21403493020D2062251463846CDF8009006ABE0F763
S21403494043FED8B9039B062B18D12A88DDF81A3004
S21403495042450ED2BDF8181026F832102A8806EB08
S214034960C20253602A885344013206332A800493D2
S214034970DBE7F7D9204608B0BDE8F0870124F9E75E
S2140349802DE9F0438FB00F46904601A90022044656
S2140349909946FFF7A9FF18B101200FB0BDE8F083D1
S2140349A0062220460DF1020302A9FFF7AEFF0028F8
S2140349B0F2D105460246BDF80210019CEEB28E42C5
S2140349C0EAD20EAB03EBC60656F82C3C36F8306C30
S2140349D00634BE4217BFE4180122134600220135EF
S2140349E022B1C8F80040C9F80030D6E71A46E5E712
S2140349F070B50024012602F01DF9E5B2C26806FA76
S214034A0005F59542234604F10104F4D3D8B270BDEC
S214034A1070B586B0E0F70AFC00F11006E5F776FFFE
S214034A2000240546142201A9301902F00AF91CB91C
S214034A309DF80430FF2B16D0002303F118026A44B6
S214034A4012F8142CFF2A06D11C44601E90FBF5F0C6
S214034A5080B206B070BD2B44DBB2132BEDD91434F1
S214034A60B4F5826FDED14FF0FF30F2E7E0F714BA09
S214034A7007B504220DEB020102F0E3F8019803B038
S214034A805DF804FB37B5054608460C46FFF7F0FF0E
S214034A90A84206D0042220460DEB02010195E5F755
S214034AA087FF03B030BD07B50B46009200210246D0
S214034AB00120E0F783FA03B05DF804FB08B5012193
S214034AC0E0F7B4F9BDE80840E6F71EB9E0F7F2BC34
S214034AD008B5FFF7F3FF002008BD08B513460A46DE
S214034AE001461846E0F7FEFA80F00100C0B208BDA2
S214034AF000207047704708B1E0F7FCBD704730B43C
S214034B00DDE902451DB1029430BC00F0C6B930BCE5
S214034B1070471F2804D8142200F5A030D9F7B4BC78
S214034B2070471F2804D8142200F5A030D9F7D8BC44
S214034B307047152808B505D1FFF7DCFFBDE8084028
S214034B40E0F71EBF08BD10B5142486B02246002128
S214034B5001A8E8F751F82023224601A94FF4A03014
S214034B6001F078FC06B010BD0020704713B5002393
S214034B700C461A460146CDE90033E0B2E1F7C4FC21
S214034B8002B010BD13B50023144601900122009312
S214034B90E0B2E1F7B9FC02B010BDD0E9023253F837
S214034BA022301868E1F728BE194491420ADC4218FD
S214034BB0002003B9704712F8011D013B01EB0020EA
S214034BC0DBB2F6E7002070472DE9F04F4FF0000AFE
S214034BD085B0019381460F4615465346019A1178D0
S214034BE05FFA8AF2914203D8002005B0BDE8F08F41
S214034BF0019909EB050801EB4202517892F802B0DD
S214034C0011F04004009101F03F061BD0AC19BC42E2
S214034C10D4BF0024012433466400A20740F18880F1
S214034C20009B1B0640F192800E9B324603EB0B0063
S214034C300021E7F7E1FF3D4600231D44ADB20AF12C
S214034C40010ACBE7042E07D866B1B31E022B0BD896
S214034C50DFE803F0122130003E2E37D03F2E5BD024
S214034C603D2E4BD00320C0E7BD4234BF00240124B1
S214034C70012664003346D0E7AB1CBB4250DC02235C
S214034C803A4629464846FFF78FFFADF80A00022347
S214034C900DF10A08C1E7EB1CBB4243DC03233A468B
S214034CA029464846FFF780FF0390042603230DF1A9
S214034CB00C08B2E72B1DBB4236DC04233A462946D2
S214034CC04846FFF771FF03900423F0E77A1E9542E8
S214034CD02CDA02233A4629464846FFF765FF4FF685
S214034CE0FF7380B298420EBF0223023083B25C1970
S214034CF0A742B4BF0324012404268EE7BD4215D27F
S214034D0098F80030FF2B0CBF01230133EC18BC428C
S214034D10CCBF03240124EFE70124042600237CE709
S214034D203446B4E70224C0E70224CDE70324E3E7CE
S214034D300E9A02EB0B0014B142F80B807DE7324665
S214034D4041460093E8F7E8F8009B76E702204CE735
S214034D5010B5144686B018811A460A9B0291CDE90F
S214034D60034301230193099B014600930320BDF8E7
S214034D702030E1F705FE06B010BD1FB500240294EF
S214034D80079C0194BDF818400094FFF7E1FF04B0B8
S214034D9010BD2DE9F0410E461746054686B098B37A
S214034DA091B38AB34FF0000802A95FFA88F001F0C6
S214034DB043FA044640B99DF80830032B08D008F19F
S214034DC00108B8F1200FEFD1204606B0BDE8F08108
S214034DD09DF809202B799A42F1D1BDF80A206B88F9
S214034DE09A42ECD19DF80C30BDF80D006B7128810A
S214034DF02B4622464FF6FF71CDE90067FFF7BDFF4E
S214034E000028DCD00446DFE72124DDE710B586B0B2
S214034E100A9C04949DF824400394BDF82040029411
S214034E200124CDE9003413460A4601460620E1F77D
S214034E30A7FD06B010BD1FB5044608461946002355
S214034E400094CDE90123079BBDF81820FFF7DEFF8A
S214034E5004B010BDF0B5022805460E4614461F469C
S214034E608BB00AD106A9F0B201F0E6F998B99DF81D
S214034E70193023719DF81C306371119B22460493ED
S214034E800023CDE902330193109B31460093284655
S214034E903B46E1F775FD0BB0F0BD13B50024019456
S214034EA0049C0094FFF7D6FF02B010BD2DE9F04531
S214034EB00646884614469A46002701258BB006A95F
S214034EC0F8B201F0B9F920BB9DF81830012B19D1BF
S214034ED09DF8192033799A4214D1BDF81A207388A5
S214034EE09A420FD19DF81C3032467371B9B2CDE9A0
S214034EF0030ACDE90100434602200094E1F740FD92
S214034F00054610B90137202FD9D128460BB0BDE886
S214034F10F0850546F9E70023FFF7C8BF10B504463A
S214034F20E2F70CFB0021631E04F10F0213F8010FD6
S214034F30FF2808BF19709342F8D10023237410BDCD
S214034F400020704770B506461D46E2F76BF9044627
S214034F5008B9212070BD3046E2F732FC0028F8D0AD
S214034F60A0682A46FF21FFF75EF89DF81030002060
S214034F7063719DF81430A371ECE713B59DF81040E8
S214034F80CDE9003413460122FFF7DCFF02B010BD63
S214034F9008B5E2F747F928B18068FF21FFF754F810
S214034FA0002008BD2120FCE70122FFF7F1BF1FB553
S214034FB00B466A460146184601F034F96A4608234A
S214034FC0002032F8021B013B13F0FF0380EA0100C6
S214034FD0F7D1012838BF012080B205B05DF804FB85
S214034FE02DE9F04F87B0DDE9109B05468846484615
S214034FF019461F461446BDF848609DF84CA0FFF7B7
S214035000D6FF042D0346ABF800001AD8022D1DD98F
S214035010042D07D04FF2F222A188914222D1E288D2
S21403502091071FD5E17A0022CDE9013720463346A2
S214035030CDE90392CDF800A001F043F907B0BDE82F
S214035040F08F6A1F012A11D92120F7E70022414673
S214035050CDE9119228462246109707B0BDE8F04FD7
S21403506001F03EB94FF6FF760C21DCE7052D0ED195
S2140350700023E17A0022CDE90137CDE903920091BE
S214035080234652464146304601F00EF9D6E74FF224
S214035090F222A188914204D1E288920701D5E17AEF
S2140350A0E8E74FF6FF760C21E4E7F0B585B0054652
S2140350B0E1F778FD48B16B88B3F5006F05D1681D3D
S2140350C005B0BDE8F04000F0EEBC284600F004FD55
S2140350D00446C8B9E7B26946384601F0ADF878B970
S2140350E09DF8006066B92946384601F0A9F820B154
S2140350F040F60443984207D08C26304605B0F0BDF0
S2140351000134202CE6D1F7E78D26F6E7E1F730BF2A
S2140351102DE9FF4704460D460146184617461E4628
S214035120BDF830809DF83490DDF838A0DCF716FD26
S214035130D0B92146284601F021F933463A46294696
S2140351402046CDE9019ACDF80080E1F7B5FF334656
S2140351503A4629462046CDE90D9ACDF8308004B06C
S214035160BDE8F04701F0F7BF04B0BDE8F087E2F70B
S2140351704DB9E2F705B9E2F729B910B5044601F0CF
S21403518009F9082201462046BDE81040E7F786BD28
S21403519001F002B9002101F0FFB801F011B90020B7
S2140351A0704720207047EFF703BCEFF74DBCF1F7CD
S2140351B0F7BE7047E2F776BA70B506460C46154654
S2140351C000F04CF850B13CB135B1204600F0D6FCA7
S2140351D0013080B2A84200D9002070BD304600F0EE
S2140351E043F840B1002CF7D0012DF5D9204600F046
S2140351F0CAFC0230EDE73046E2F7B4F9EAE7F8B561
S214035200BDF8185010B3967855B9D478A6F141076F
S214035210012F07D8621ED2B200F0CFFD0020F8BDE2
S2140352202C46F3E7433E012E04D8A21E92B200F0AA
S214035230DCFDF3E7D27813B90DB1AA4206D811B94B
S214035240E7F7DAFCEAE7E7F729FDE7E78920E6E789
S214035250413803288CBF00200120704741380128BD
S2140352608CBF002001207047433801288CBF0020E4
S2140352700120704700207047002070470388B3F56D
S2140352807C4F01D3FFF7F8BF0846FFF7F3BF10B50F
S2140352904A880488A2420DD1037B0C79234009D0A7
S2140352A0B2F57C4F08D3FFF7E7FF0B891B1A58426A
S2140352B0584110BD0020FCE70120FAE738B50D88F9
S2140352C0D488A5420AD10388B3F57C4F08D2FFF7EA
S2140352D0D5FF13891B1A5842584138BD0020FCE7F6
S2140352E00120FAE72DE9F04715460446B8B149B15F
S2140352F0EAB100264FF0140AB04690F80490F3B2D1
S214035300994501D800240AE027680AFB0677384641
S214035310FFF7BDFF013628B13C46A5F800802046BE
S214035320BDE8F0877B8943441FFA83F8E7E7144612
S214035330F5E72DE9F0470E4615460446B8B149B1E0
S21403534012B300274FF00C0AB846B0F80890BBB269
S214035350994501D800240AE06368324620460AFBD2
S2140353600731FFF7ABFF28B10C46A5F800802046AF
S214035370BDE8F0870B79013713F0300F02BFCB7807
S21403538043441FFA83F8E2E71446F0E72DE9F041B9
S21403539086B00D461446984604AA05AB03A90646EE
S2140353A0E2F7B6F940B30DB1049B2B6034B3049D0A
S2140353B003982946FFF762FF2B8807460246718843
S2140353C0307800F04FFBD8B1297911F010030BD0D9
S2140353D0EB782A46CDE900433B4671883078FCF7E4
S2140353E0C1F906B0BDE8F0812A4620460599CDF8F6
S2140353F00080FFF704FFF4E78620F2E72046F0E795
S2140354007E20EEE71FB51C460023ADF80A20BDF844
S21403541018208DF80400ADF80610ADF80C20694688
S2140354201A4601A800938DF80840FFF7AFFF0098CF
S21403543004B010BDF0B587B00E4605AB04AA03A9A9
S2140354400446E2F765F908B3049D03982946FFF777
S21403545015FF2B88074602466188207800F004FB78
S214035460B0B1297911F0100108D000963B462A46C0
S21403547061882078D1F72EFA07B0F0BD009101239A
S2140354802A4631460598FFF7BAFEF5E78620F3E786
S2140354907E20F1E72DE9F041064600254FF014087B
S2140354A00779E8B2874201D800241AE008FB05F022
S2140354B0D6F800C00CEB00043CF8000081421AD179
S2140354C032B1802A10D194F90CC0BCF1000F12DA65
S2140354D0B0F57C4F05D32046FFF7CEFE834200D0BF
S2140354E04BB92046BDE8F081402A04D194F80CC09D
S2140354F01CF0400FECD10135D3E70121E2F744B8A5
S21403550008B513460022E2F76DF9003818BF0120EC
S21403551008BD08B513464022E2F764F9003818BF01
S214035520012008BD08B513468022E2F75BF9003870
S21403553018BF012008BD08B540220023E2F752F940
S214035540003818BF012008BD08B580220023E2F703
S21403555049F9003818BF012008BD0023E2F742B915
S2140355600021E2F7AFB910B504460121E2F7AAF924
S2140355702046BDE8104001F022BE7047F8B5164637
S2140355801F469DF81820BDF81C300546E2F72AF999
S21403559078B10421E2F714FA044650B1284600F025
S2140355A00EFB3A4631462846A047BDE8F84000F0D1
S2140355B0FABAF8BD2DE9F74F1E46DDE90C9B074600
S2140355C088461446BDF838302AB3B9F1000F22D006
S2140355D00EB392F804A099F80020504612F0080F74
S2140355E00CBF802240226188E2F7FCF898B10821BC
S2140355F0E2F7E6F9054670B1504600F0E0FA3346A6
S214035600224641463846CDE9009BA84703B0BDE88D
S214035610F04F00F0C8BA03B0BDE8F08FF8B5BDF898
S214035620187016461A463B460446E2F7DBF8E0B126
S21403563077B90221E2F7C4F90546B0B1204600F077
S214035640BEFA31462046A847BDE8F84000F0ABBA9C
S2140356501021E2F7B5F9054638B1204600F0AFFA57
S2140356603A4631462046A847EEE7F8BD73B5BDF87F
S214035670184016461A4623460546E2F7B3F8B8B16D
S214035680C4B92021E2F79CF9044670B1284600F01D
S21403569096FA099B3146009328469DF820309DF8DC
S2140356A01C20A047044600F07EFA204602B070BDD8
S2140356B08624FAE70024F8E72DE9F04186680446D5
S2140356C0007800F07CFA002514273279EBB29A4270
S2140356D003D8BDE8F04100F066BA7B433268207811
S2140356E0D15A02EB030800F0C1F901214046E2F764
S2140356F067F9034608B1207898470135E5E72DE9B1
S214035700F04F1C4689B09DF84C30BDF84880019395
S2140357109DF85030924602932246434607460D466E
S214035720E2F760F88DF814700646ADF816508DF85B
S2140357301840ADF81AA0ADF81C8018B9012009B0BE
S214035740BDE8F08F05A9FFF7A2FD0028F6D00025D7
S2140357502F46A8462C4634E00C231FFA85F903FB94
S21403576009F931887368B1F57C4F33F8092003EBE8
S214035770090B1AD333F8090050452CD3019BA342D7
S2140357802DD900F0B8F99BF80200E2F7C5FD029B9D
S21403579043B19BF8043013F0010F0CBF052007201C
S2140357A0E2F7BAFD0134A4B219E0ADF81A2059465F
S2140357B0304605AA0393FFF781FD039B0028D9D142
S2140357C001353289ABB29A42C6D804EB0800C31B34
S2140357D058425841B3E708F101081FFA88F8013721
S2140357E0BFB2EDE710B5012488B006949DF83C409F
S2140357F005949DF8384004949DF8344003949DF82E
S214035800304002940B9C0194BDF828400094E2F7C4
S2140358101BFA08B010BD2DE9F04786B0BDF83880F6
S214035820DDF83C909DF840A0CDF80080CDE9019AC4
S21403583004460D4616461F4600F012F9B8B1431E3D
S214035840DBB2012B10D800230122811E48424841B7
S214035850CDE90432CDE902A03B463246294620462E
S214035860CDE90089FFF7BEFF06B0BDE8F08701204B
S214035870FAE730B50024012587B0CDE90445039542
S2140358809DF82C5002950A9DCDE90045FFF7AAFF27
S21403589007B030BD30B50024012587B0CDE90445F7
S2140358A003959DF828500094CDE901354023FFF772
S2140358B099FF07B030BD10B5012486B0CDE9044486
S2140358C0002403949DF828400294099C0194BDF893
S2140358D020400094FFF786FF06B010BD1FB5089C56
S2140358E003949DF81C400294069C019400240094A3
S2140358F0E2F7A6FA04B010BD70472DE9F84F022967
S214035900074688460C9D04D84FF0000A5046BDE86B
S214035910F88F1BB10429F7D942F004023A702BB36F
S21403592003247B701B0ABB70E3F7A0FD4FF000094E
S2140359309DF82830385504F1020A01343B550B9A7A
S2140359405FFA89F3D45C002CE0D0732C10D82E4673
S2140359504C2C56F804BB3DD0532C15D0622C45D1A5
S214035960AC8805F1080600231A4616E00124DBE797
S214035970A4F17503032BC7D8763C2E1D022C52D8F0
S214035980DFE804F0565A58006A6805F1080694B230
S214035990D2B2B2F1FF0318BF01230AEB0401194484
S2140359A08845B1DB50461946002947D153441FFAB0
S2140359B083FA5CB1BBF1000FA6D0224607EB0A00C0
S2140359C05946E7F7A9FA54441FFA84FA354609F10B
S2140359D00109B4E74FF6FF736A6805F1080694B247
S2140359E022469C4214BF02230023D6E76C2C05D123
S2140359F0584600F0C8F8841CA4B2B4E7732C04D14C
S214035A00584600F0BBF8441CF6E7A4F13003DAB2BC
S214035A10092A01D89CB2A6E7A4F14103062B3FF658
S214035A2073AF373CE8E7012300242A68A346B4E7AC
S214035A300223F9E70323F7E70423F5E700F1010C54
S214035A4001393A54C9B2120A1FFA8CF0ACE70020A7
S214035A50E2F7EABB0022E2F707BC0023E2F71ABC30
S214035A6001207047012070470120704770470020CF
S214035A7070470020704700207047002070470020C2
S214035A8070470020704770470E207047002070470D
S214035A900020704700207047002070477047FF20A3
S214035AA070470E2070478420704770470020704769
S214035AB07047002070470020704700207047002082
S214035AC070470020704700207047002070477047DB
S214035AD00E20704700207047002070470020704754
S214035AE0704770470E20704770470020704781202C
S214035AF070477047704738B50546C0B2E2F70CFCEE
S214035B000446280AE2F708FC14B1002808BF00245C
S214035B10204638BDF8B50546C0B2E2F7FDFB04469D
S214035B20C5F30720E2F7F8FB0746C5F30740E2F79D
S214035B30F3FB0646280EE2F7EFFB24B12FB136B18E
S214035B40002808BF00242046F8BD3C46FBE7344641
S214035B50F9E710B4CC18944203DC5DF8044BFFF766
S214035B6023B800205DF8044B70470423FFF7F1BF0A
S214035B7008B50223FFF7EDFF80B208BD0078FF28C3
S214035B8008BF0020704708B502220021FFF7F0FF88
S214035B904FF6FF73984208BF002008BD003818BFB1
S214035BA00120400070470020704708B5FFF7A5FCAA
S214035BB0FF284FF0FF3018BF0020C0B208BD08B55D
S214035BC0FFF7F3FFFF280CBF2120002008BDF8B520
S214035BD006460C4615461F4600F011F810B125443C
S214035BE0AC4200D1F8BD3946304614F8012BE2F733
S214035BF085FCF5E7014600220220E2F70FBC0120F0
S214035C00704737B50546E0F799FE044601950CB98B
S214035C1081201CE0237823B12046E0F797FE044654
S214035C20F5E72B6862685B889A42F5D1A368EA7B3E
S214035C3099B272B12A8A9142EED16A7DB2EB134FC2
S214035C40EAD10020E36801A998478128E4D003B08D
S214035C5030BD4FF6FF72EEE72DE9F84304460F46D4
S214035C60904699460BB3012A1FD80C20E7F7CAF9CA
S214035C70064610B91920BDE8F8831020E7F7C2F9E5
S214035C8018B93046E7F7C6F9F4E70123002547EAD3
S214035C90084770600570C0F80C90446087603380D6
S214035CA03046E0F743FE2846E5E72120E3E738B52C
S214035CB00446436808460D469847B4F90830002B57
S214035CC002DB2B78042B06D1002320466360BDE855
S214035CD03840E2F7A5BF38BD30B54FF48A5587B0D4
S214035CE0ADF816200DF116041A46029543B10023AB
S214035CF00122CDE90033234600F01EFA07B030BD7B
S214035D00019401240094F7E7FFF7EBBEFFF7BEBE4E
S214035D100020704708B500F001FB20B900F048FBEF
S214035D2008B9DFF7FBFFFFF7D2FEBDE80840FFF731
S214035D30DBBE0020E3F7DCBB0021E3F779BC0022DF
S214035D40E3F738BC1FB5D2880B4612F0200F4FF688
S214035D50FD7114BF49245224ADF80610510544BF03
S214035D60083CE4B2110544BF083CE4B2120444BF45
S214035D70023CE4B2032805D8DFE800F0020F161C45
S214035D80ADF80630BDF80600FFF789FEFF281CBFF6
S214035D90241AE4B2204604B010BD02AA0DF106018F
S214035DA0D8B200F079FAEDE7D8B200F047FAADF8CA
S214035DB00600E7E7013CE4B2E4E7F8B50646174613
S214035DC00D4681B10C78FF2C0BD00846FFF7D6FEA4
S214035DD0B84228BF3846C4B22246691C701CE6F790
S214035DE05DFF3470F8BD0C46FBE770B504461546F8
S214035DF00E4611B94170017070BD0B78FF2B05D1AB
S214035E004B78FF2B02D103704370F5E73046FFF75C
S214035E10BAFEA84228BF284685B22A46B11CA01C53
S214035E20E6F73CFF25702D0A6570E5E7F0B523B964
S214035E30013A531C2FD1002020E0042AFBD800236C
S214035E401C46551E6E1C1AD1042A10D00121D200FE
S214035E50501E01FA00F020421EBF914049420C43F7
S214035E6018421EBF4FF0FF3101FA02F213439C4261
S214035E701EDCB4BF4FF0FF30002040B2F0BD40B18F
S214035E80465DEF00BE4034434E5D013DBE403343A6
S214035E90D8E70646F5E78C5C38B90346A34202F119
S214035EA0FF32C6D24FF0FF30E8E7835CA342F5D952
S214035EB00120E3E7283807288CBF0020012070471D
S214035EC01D2810D004D840B11C2804D05520704794
S214035ED01E380128FAD81A2901E00B390F298CBF7E
S214035EE05520002070470829F9E700200021704755
S214035EF0F7B59DF820400546082C104619469DF830
S214035F00246036D8002213462C44AC4208D106F04F
S214035F10FD04382C0ED10096FFF7E7FF03B0F0BD63
S214035F2014F8017D1B0243EA12631202BA1843F106
S214035F300003EAE7392E10D107EE100A07EE902A7F
S214035F40B4EEE77AF1EE10FACCBF77EE677A77EE27
S214035F50C77A002117EE900AE0E7824273EB01044A
S214035F6003D2801A61EB0301D8E7101A63EB010131
S214035F70D4E700200146D1E738B5C3681446194470
S214035F80836853F821501AB12846E6F731FD20708E
S214035F90284638BD2DE9F3411C4616460DF1070287
S214035FA09DF82050FFF7E8FF9DF807308046A34290
S214035FB088BF8DF807409DF807700DB1E41BE5B266
S214035FC02A4600213046E6F717FE3A464146701940
S214035FD0E6F764FE384602B0BDE8F0812DE9F341EA
S214035FE01D46164601AA9DF82040FDF726F8019B9C
S214035FF080469D4238BF0195019F04B1EC1B2246A3
S21403600000213046E6F7F8FD3A4641463019E6F7F2
S21403601045FEF8B202B0BDE8F08173B5002415461C
S21403602001AA1E460194FDF708F8019B072B0AD91F
S2140360302146CCB216B1C4F10704E4B2425C013186
S21403604008292A55F5D1D8B202B070BD1FB5030A88
S2140360508DF80E300323009303AB8DF80D0000F08C
S214036060BBF805B05DF804FB1FB58DF80F100421CF
S214036070030A8DF80E30009103AB8DF80D0000F087
S214036080ABF805B05DF804FBF0B589B016689DF86B
S2140360903C50CDF809608DF811305668BDF838309D
S2140360A0012D109FBDF84440CDF80D60ADF81230B9
S2140360B08DF8145014D0032D19D13B68CDF8153044
S2140360C07B68CDF819309DF848308DF81D301623BF
S2140360D00093BDF84C2002AB00F07EF809B0F0BD8B
S2140360E08DF81540240A0F238DF81640F0E701209B
S2140360F0F4E71FB50446084611461A4602238DF8F0
S2140361000D100093214603AB00F066F804B010BDF3
S21403611010B514461A460B6886B0CDF80D304B689A
S2140361203421CDF811300A23009303AB8DF81540C4
S21403613000F052F806B010BD2DE9F041B6B0144693
S2140361401D4606460F469DF8F080E3F795FC03AA26
S2140361508DF80C001046330A8DF80F703F0A8DF841
S2140361600E308DF80D602B468DF810708DF81140AB
S21403617005EB4405AB4202F102021FD16200D2B224
S214036180931DDBB23D99D8336B44073203F8CC8CAE
S21403619001EB4805D3B250FA82F2A94202F1020299
S2140361A012D103EB4803009006213046BDF8F820D1
S2140361B0DBB2E3F76BFC36B0BDE8F08133F8021BC5
S2140361C01171090A5171D5E731F8024B02F8024CF6
S2140361D0240A02F8014CE0E72DE9F0411C46054687
S2140361E00E4617469DF81880E3F746FC2070434694
S2140361F03A46314628460694BDE8F041E3F746BCE6
S214036200002070477047D7F7A9BC704770477047A0
S21403621070477047002070477047704700207047EC
S2140362207047704702F0EEBEFEF774B8FEF757B835
S21403623003F031BAF8F70AB803F01EBAF7F7C4BF8B
S214036240F8F72CB8F7F7E6BFFEF71EB9FEF76DB8FA
S214036250FEF77AB8F4F75EBAF4F762BAF3F7C2B9A0
S214036260F2F7E4BAF2F7E8BAEEF7BCBFFEF7B7B850
S214036270FEF77CB8FDF718BFFEF79FB8FEF78BB89E
S21403628030B4BDF808409DF80C50CDE9024530BC4B
S214036290FDF729BFFDF796BFF8F772B9E3F746BCDB
S2140362A0F8F738BAF7F784B870B49DF80C40BDF821
S2140362B010509DF814600394CDE9045670BCF5F7AE
S2140362C089B870B49DF80C40BDF810509DF8146062
S2140362D00394CDE9045670BCF5F7BCB8F5F7A6B938
S2140362E010B49DF8044001945DF8044BF5F7F6B836
S2140362F010B49DF8044001945DF8044B01F073BF9D
S21403630001F073BFFDF7A2BFFDF7B2BFFDF7C5BF30
S214036310F0F7F4BFF1F736BEF1F708BEF0F71ABE92
S21403632002F09FBAF1F7BEB902F0E1BAF1F71EBB6D
S214036330F0F7F0BEF1F72CBEF1F7AEBDF1F7C4BD32
S214036340EFF704BDFEF7B5B8FEF768B8FEF77BB8FF
S214036350FEF788B800F00BBC00F004BCF7F75EB895
S214036360F4F768BEF7F738B8F7F75EB9F4F732BE56
S214036370EEF724BFF6F754BAFFF745BFFAF74ABD60
S214036380FEF7E3B8FDF753BFFEF738B801F001BDDB
S214036390E3F72ABBEFF7D6BAEEF7D0BF01F09BBF01
S2140363A001F06BBFEFF71EB8EFF75CBAEFF760BA12
S2140363B0EEF78CBFE3F734BBE3F746BBE3F71EBB4E
S2140363C0EEF73ABFE3F724BBF8F7FCBE01F053BF82
S2140363D001F01ABFEEF736BFEFF79EBAEEF77EBFB1
S2140363E0E3F7C2BBE3F7BABBF8F7F0BCF8F7DCBEDB
S2140363F003F05DBA03F063BAF8F760BDF8F7DCBEE6
S21403640000F063B900F0A1B900F0C9B900F0A0BA72
S21403641000F010BB00F079BAE4F79CB800F0E6B9D8
S21403642000F013BA00F026B810B51C4601F0C2FD02
S21403643005F00BFF0023C0F340202370400010BD7F
S214036440002208B50B461146FFF7EEFF023818BFC9
S214036450012008BD00207047704700207047704732
S2140364600020704770470E20704701207047704722
S2140364700120704714220021E6F7BEBB704770B5B3
S21403648005460C468AB0252200210DF10300E6F7E7
S214036490B3FB6B68CDF81D30AB68CDF821302346CF
S2140364A001AC03F11006224618685968083303C284
S2140364B0B3421446F7D101236A7B8DF8023012F0FB
S2140364C0040F0CBF4FF480734FF4A073110748BF3B
S2140364D043F48063ADF80030930748BFBDF800303F
S2140364E0684644BF43F00803ADF80030F4F7ACFA4F
S2140364F00AB070BD30B5427B0D46D10704468BB05B
S21403650007D5407801A9F4F705FBD8B12D200BB0C9
S21403651030BD9307FAD5C2F3800310074FEA8313FF
S214036520ADF8023044BF43F48063ADF80230BDF8E3
S2140365300220201D0AB10DF1020201A902F07FFD1F
S2140365400028E3D001AB03CB9DF81430A16023737E
S214036550BDF810306060590642BF627B42F0040209
S21403656062735A0542BF627B42F0080262731B07DE
S21403657042BF637B43F0020363732B4606AC0AAD4C
S214036580224603CAAA4218605960144603F1080358
S214036590F6D10020BBE7F0B504460D4693B025229E
S2140365A000210DF12300E6F727FB636804F1040CD2
S2140365B0CDF83D30A36809AECDF841302B4605F142
S2140365C01007324618685968083303C2BB4216469A
S2140365D0F7D105238DF82230637B5B0103F4007348
S2140365E0ADF820306378FF2B1AD1002360461A4695
S2140365F001A900F0CAF99DF80530FF2B0DD1002341
S21403660001A91A46184600F0C0F99DF80530FF2B7D
S21403661003D11C26304613B0F0BD9DF805306370D9
S2140366200020617808AA00F09BFA06460028F1D1FC
S214036630607801A900F02FFA2B4603AD2A461868A6
S2140366405968083303C2BB421546F7D1637B6078AB
S214036650DB0648BF9DF81C3001A944BF63F07F03E7
S2140366608DF81C3000F02EFAD4E710B504468AB035
S2140366702422002101A8E6F7BFFA637B590744BF2B
S2140366804022ADF810201A0742BFBDF8102042F48E
S2140366908062ADF81020DB070FD5607801A9F4F708
S2140366A039FA10B12D200AB010BD01AB03CB637BC2
S2140366B0606043F00203A160637304A9201D02F027
S2140366C0C0FC0028EED00020EDE71FB5694600F0B9
S2140366D066F8002818BF2D2005B05DF804FB73B5D7
S2140366E00D4614460646E3F763FB6B881A071AD56E
S2140366F022463146102002F085FC2046E3F758FB7D
S2140367006B88D90717D50023224601210DF1070010
S2140367108DF80730E3F718FE6B88002B0CBF21209B
S214036720002002B070BDDE06EAD522460821281DE9
S214036730E3F70AFEE1E79A0701D50223E4E75B07DE
S214036740EAD50323E0E70F2070471FB50C466946DA
S21403675000F025F8102221466846E6F799FDB0FAC0
S21403676080F0400904B010BDB8B1B1B14388A3B9F5
S2140367700378013B082B10D8DFE803F00507090B65
S2140367800F0F0F0F0D00E3F7E1BCE3F73BBDFFF779
S21403679076BEFFF700BFE3F7C9BE2120704738B5C2
S2140367A00D4609B300B30378013B082B1AD8DFE87C
S2140367B003F0050D1013191919191600E3F7FEFC5B
S2140367C00446284602F01EFE204638BDE3F73AFD8F
S2140367D0F6E7FFF78FFEF3E7E3F76AFDF0E7E3F785
S2140367E0AFFEEDE72124ECE72124EDE770B586B094
S2140367F0064601A80C461546FFF73CFE04238DF813
S21403680004301CB12068616802AB03C3294601A8A3
S2140368108DF80560FFF7A8FF06B070BD70B586B0AB
S214036820044601A80D461646FFF724FE03232068F8
S21403683061688DF8043002AB8DF8116003C32946F6
S21403684001A8FFF791FF06B070BD0022FFF7E6BF71
S21403685030B5437B044613F001020D468BB007D0D8
S214036860407801A9F4F756F970B12D200BB030BD6E
S2140368709B07FAD5ADF8022001A90DF102020430F8
S21403688002F0DDFB0028F0D000210E22A81CE6F75C
S214036890B3F9BDF810302B80039BAB60BDF8123004
S2140368A0AB819DF81430237301AB03CB6060A1600A
S2140368B00020DBE770B5437B0446DB070E468AB051
S2140368C003D42D2528460AB070BD6946407800F0EB
S2140368D045F905460028F4D1DDF81D300E22636025
S2140368E0DDF821300146A360637BB01C43F002034E
S2140368F06373E6F781F9BDF80030069A43F00403A4
S2140369003380059BB2607360DCE70B4610B5044624
S214036910102200211846E6F76FF92278032A09D0D9
S214036920042A0DD0022A11D101462046BDE81040A4
S214036930E3F76CBE01462046BDE81040FFF788BF6C
S21403694001462046BDE81040FFF7B4BF262010BD21
S214036950F8B5074608460C4616461D46FFF78AFD59
S21403696004232370637B314643F00103204667709C
S2140369706373FFF714FF08B12D20F8BD29462046A0
S214036980FFF7C3FF0028F8D0F6E7F8B50546084634
S2140369900C461F461646FFF76DFD0423237025B1EC
S2140369A008222946E018E6F779F9637B43F00203E9
S2140369B063734EB932460121284600F0DAF8FF2801
S2140369C0607007D12D20F8BD31462046FFF7E7FE5D
S2140369D00028F7D1637B43F0010363730DB90020EE
S2140369E0F1E7002FFBD039462046FFF78EFFF6E788
S2140369F0F8B50C460746084616461D46FFF73AFD09
S214036A0003232046394600F8043B0822E6F746F9F6
S214036A10637B314643F0020320466373FFF7BFFEF2
S214036A2008B12D20F8BD29462046FFF76EFF002843
S214036A30F8D0F6E7F8B5074608460C4616461D4650
S214036A40FFF718FD03232370637B314643F00103EE
S214036A50204667706373FFF7A2FE08B12D20F8BDCA
S214036A6029462046FFF751FF0028F8D0F6E718B16D
S214036A708022012100F07DB8FF207047002307B570
S214036A801A4619460093F5F747FDB0FA80F0400919
S214036A9003B05DF804FB0B4610B519220446FF212C
S214036AA01846E6F7A9F87E2C01468CBF04F5C430D9
S214036AB004F583304FF01902BDE8104088BFAD30AF
S214036AC0D7F7E2BC7E2888BF00F5C4304FF0190222
S214036AD094BF00F58330AD30D7F702BD30B589B02B
S214036AE00D46FFF7C4FFFF2804460DD001A9FFF7A4
S214036AF0D2FF2868696801AB03C3204601A9FFF7E4
S214036B00E1FF002009B030BD2D20FBE7704770473A
S214036B100020704770470F2070470F2070470020F3
S214036B2070470F207047002070470020704784B0DE
S214036B308DE80F00002004B07047704770470020B0
S214036B407047704700207047704700207047012049
S214036B507047704700207047012070470E2070472B
S214036B600E2070470E2070470020704770470E2097
S214036B707047FF2070477047704700207047704784
S214036B80704770470020704770470020704700200A
S214036B9070470020704770477047002070470020FA
S214036BA070477047002070470020704770470020EA
S214036BB0704710B50024E3B210B9C3F10303DBB288
S214036BC00134042CCA544FEA1222F4D110BD10B576
S214036BD00B784C788A78C97828B91046224604463A
S214036BE008461946034642EA012043EA042343EAD9
S214036BF0004010BD7047E3F7BDBD08B5D2F7E0F817
S214036C00002814BF8620002008BD08B5D2F7A8FACE
S214036C10003818BF012008BD08B5D2F761FA00385E
S214036C2018BF012008BD08B5D2F7E6FA003818BF2A
S214036C30012008BD08B5E3F77DFEBDE80840E3F78D
S214036C402BBE70B504460D461646E3F773FE0420C6
S214036C50E3F714FE324629462046FFF7DDFF0446D7
S214036C600220E3F70BFE204670BD08B5E3F762FE8D
S214036C70BDE80840D2F718BAE4F794B9E4F774B954
S214036C8008B5E4F771F920B1BDE808400020E4F741
S214036C90A9BA112008BD10B5044608B1E4F784FB71
S214036CA02046BDE81040FCF7C8BF10B50446006A8E
S214036CB010B1616AFFF7EFFF0020C4E9080010BDBA
S214036CC038B50546FFF7F1FF2B7E0446012B0ED0A1
S214036CD0023B012B0ED8EB69012B18BF6FF096040D
S214036CE0282200212846E5F787FF204638BDEB69B2
S214036CF0002BF2E76FF09604F2E718220021E5F77F
S214036D007BBF70472DE9F84F9846DDE90B490D9B8D
S214036D1015469A0706460F4623D02A460A9B03EBD8
S214036D20040A1444A24220D10D9B9B0705D5A2EB6F
S214036D30050AD14505EB0A0420D82046BDE8F88F9E
S214036D40434639462020B0470AF1010ACA450AEBF2
S214036D500B02F5D3A9EB04024C4588BF00222A4454
S214036D60DCE7A246A5EB040BF0E702F1010B434672
S214036D7039461AF8010DB0475A46D3E7434622462A
S214036D8039462020B0470AF1010AD2E72DE9F04739
S214036D90DDE90D7616F0020F9DF82880DDE908542C
S214036DA0DDE90BCE1FD106F001094FB1B9F1000F93
S214036DB006D0B8F1000F02D116F00C0F00D0013F39
S214036DC04FF0300A04E0202C04D005F804A0013468
S214036DD07445F8D3B9F1000F05D04FF03009A74238
S214036DE001D9202C2DD116F0100F1FD016F4806F6A
S214036DF02CD15CB3744501D0BC4227D1B4F1010E4B
S214036E0023D0BCF1100F46D1023C16F0200F28D138
S214036E10202C28D04FF0780C05F804C00134202C21
S214036E2021D04FF0300C05F804C00134202C1AD0C2
S214036E30B8F1000F23D04FF02D0C05F804C0013431
S214036E4012E005F804900134C9E77446BCF1100F4C
S214036E50DBD0BCF1020FE2D1202C04D04FF0620C41
S214036E60DAE7202C08D12024CDE90A76CDE90854A8
S214036E70BDE8F047FFF746BF4FF0580CCCE716F0D7
S214036E80040F02D04FF02B0CD7E716F0080FEBD009
S214036E904FF0200CD1E7BCF1020F7446C1D1DDE7F9
S214036EA02DE9F04391B0189D1A9E1D9F0DB927F04A
S214036EB010077C0500D515B317F0200F14BF4FF04D
S214036EC0410E4FF0610EAC4600250DF12008AEF1E1
S214036ED00A0EBCFBF6F906FB19C95FFA89F4B9F189
S214036EE0090F94BF30347444E4B2B44508F8014B38
S214036EF005F10105BCFBF6F401D3202D10D11C9C33
S214036F00069705941B9CCDE903649DF86440CDE980
S214036F10015408AC0094FFF739FF11B0BDE8F083C5
S214036F20A446D6E72DE9F04F95B0269ECDE90A2371
S214036F30DDE91E74DDE9229B57EA040308BF26F049
S214036F4010067205CDE9080102D557EA040337D0C7
S214036F5016F0200F14BF4123612300250DF1300ADC
S214036F60A3F10A0821464A465B463846E5F7D8FAAF
S214036F70D2B2092A94BF303242444F45D2B274EBA0
S214036F800B0405F101050AF8012B01D3202D14D1BA
S214036F90259B06960593249BDDE90801CDE903931B
S214036FA09DF88030CDE901530CAB0093DDE90A234D
S214036FB0FFF7ECFE15B0BDE8F08F07460C46D1E7A9
S214036FC00025E5E708B100F014B8704710B1D1E921
S214036FD000311847704738B5441E14F8015F25B9C9
S214036FE00A2000F006F8284638BD284600F001F8C7
S214036FF0F3E701460020FCF7F3BB70477047EDF755
S214037000F1BC704708B5FCF7BCFBD1F7D9FEBDE869
S2140370100840D3F7E9BF704708B5D2F719FAFBF76C
S21403702056F8BDE80840E3F785BC08B5FBF778FFDC
S214037030E4F7EEF9FBF752FEE4F78CFDE4F778FD90
S214037040E4F7FAFCBDE80840D7F7F8B908B5D5F772
S2140370500FFAFBF732FED5F717FAFBF730FED9F730
S214037060FFFBD9F7A5FCD9F7ADFDBDE80840D9F776
S214037070CBBC70477047E4F705BD08B5FCF7CCFFFB
S214037080BDE80840FCF7F7BF704707B50022034684
S214037090114601200092D8F75DFD03B05DF804FBAE
S2140370A007B500920B46027D81898068FDF78CFD4B
S2140370B0003818BF0120C00103B05DF804FB08B513
S2140370C00020E0F7CFF80020E1F760FE0020D9F7B4
S2140370D059FF0020DAF7F0F90020DAF7EFFB00207B
S2140370E0DAF7DCFE0020DBF705FC0020DDF734FFD3
S2140370F00020DEF79FFC0020DFF794FABDE8084087
S2140371000020DFF77FBB08B50120FDF73FFA01201B
S214037110DAF798F8BDE808400120DAF7BFBE08B5ED
S2140371200220E0F793F90220DFF786FB0220E2F75E
S2140371303BF90220FFF7A2FD0220FDF7C7FC022061
S214037140DEF778FCBDE808400220DFF71FBEDAF75B
S214037150BDB9FDF7DBBF7047704770477047704790
S2140371607047704710B50446DFF72AFD2046FDF743
S21403717043FA2046DBF7D0FE2046DCF723FE204604
S214037180BDE81040FDF7D5BCFDF7F0BCFDF7FABC33
S214037190DFF752BA70477047FDF752BA7047704729
S2140371A0704770477047704705F015B870477047CB
S2140371B0DFF7DCBA70477047704770477047704711
S2140371C0CFF7D4BAFEF77DBC704700207047FEF7B2
S2140371D07ABCFEF783BC7047431E012B03D9031FFB
S2140371E05842584170470120704700F021BC4FF4C5
S2140371F0D0720021E5F700BD70B50446E7F7D4FD6D
S2140372000546A8B9A169F1B1238AD3B1204604F192
S2140372101002E7F777FC38BBE16919B3638AA3B1B9
S214037220204604F1120200F0CAFA78B1054603E0DC
S2140372300023A3612361E36100232846636123627D
S21403724070BDA061E8E72082E6E7E361216A0029D2
S214037250F2D0A28A002AEFD02046E38ABDE8704027
S21403726000F06FBA6182F1E76582E561DEE711B986
S214037270D0F8DC1021B1CB6813B18B68D88970477E
S2140372804FF6FF707047E6F773BE10B50C4611460F
S214037290E6F794FEE8F7C2F8012801D1002010BDF6
S2140372A0002CF7D10520FAE700F0CFB900F0E3B9D8
S2140372B070B500232425D0F8DC00C4689C4201D1B5
S2140372C0212070BD826805FB0322D6898E4202D830
S2140372D0128A8A4201D20133F0E70020F1E7F8B5BB
S2140372E006460D46E6F7E0F8D8B94FF6FF734FF0BB
S2140372F0240CEF68C1B28F4208D81C46214630469C
S214037300E6F788FA00F09AFB2046F8BDAA680CFB5D
S2140373100122D4899C4202D2002CEFD023460130AE
S214037320E8E70024F0E7C08D70470A7838B50546CD
S2140373301046FFF751FF60B14C782046FFF74CFF2D
S21403734038B12243530704D42846BDE83840E7F74C
S21403735081B8212038BD10B504460878FFF73CFFF6
S21403736058B14A781046FFF737FF30B1042A04D0E5
S2140373702046BDE81040E7F78BB8212010BD00F08B
S214037380E8B8E7F7EDBB084600F008BBE6F72CBF06
S21403739038B504460D4600F08EF850B1294620460F
S2140373A0E6F738FA30B929462046BDE83840E6F70E
S2140373B0E3BE0E2038BD70B516460C4604F065FDD8
S2140373C0314605462046EAF7C5F80446284604F043
S2140373D057FD204670BD00F032B970B50446002054
S2140373E00E4600F027FBD4F8F0503DB1002331469B
S2140373F02046AC46BDE870401A4660472B4601223D
S21403740031462046E7F750F9284670BD38B504469E
S21403741048880D4600F00EFBD4F8F0302BB9294609
S2140374202046BDE83840E7F74DB8022038BD00F0E7
S21403743003BB00F03CB9E6F76DBDE9F765B870B578
S214037440BDF81060054606B16BB1334428469BB2BF
S21403745000F077F9044620B91EB13146284600F0FD
S214037460ABF9204670BD2124FBE7E8F7D3BBC0F891
S214037470EC1000207047E7F75FBA00F05EB910B46F
S214037480BDF8044001945DF8044B00F09FB80B462A
S21403749010B514461846A1689288E5F73DFDE168E5
S2140374A0034631B1A0886288121A92B21844E5F7EF
S2140374B033FD002010BD0346408A18B1188A0038F1
S2140374C018BF012070470846E9F72AB900F0ECBA5E
S2140374D000F0EABAE9F736BB084708B5E6F762FDF7
S2140374E0C0B208BD022A01D800F0E2B921207047D5
S2140374F0022A01D800F0EDB921207047022A01D8EC
S21403750000F0F9B921207047E8F776B80846E8F79F
S21403751091B800F018BA00207047002070477047F3
S214037520D0F8943003F06003402B0DD0602B03D0CB
S214037530203B58425841704749B10B68012B06D986
S214037540486940F00100704740F201107047002080
S2140375507047F7B504461046D4E954C7DDE9082654
S2140375608CEA020587EA06010540194085EA0C0500
S2140375707940C4E95451002523F4004106EA010387
S21403758020F0010043F40073024043F00203CDE908
S2140375900055EAF7A9FE94F824309A0713D5D4F8D1
S2140375A054319B050FD54FF48811204600F058FB45
S2140375B094F82430024665F3410384F824302046C9
S2140375C00B46E6F7C3FC002003B0F0BDF0B587B06A
S2140375D01C461746BDF830601AB90024204607B08B
S2140375E0F0BD002BF9D00029F7D001AAE8F712FB6B
S2140375F00028F2D0BDF80630A2199A42BDF808500A
S214037600C4BF9B1B9CB2B54212D90399AD1BADB246
S2140376103144A5420391ADF808500DD22A463846A8
S214037620E5F77AFC0499621B7819E5F775FCD5E74C
S2140376300499761B3144049122463846F5E70846FA
S214037640E9F728BF0220E9F773BA08B5D0F8E430A3
S2140376504BB11A68022A06D993F825204AB1186A4C
S214037660B0FBF2F008BD4FF446624C210020E6F76B
S21403767033F90020F6E7D0F8E42008B57AB11368AA
S214037680022B0CD9536A13F47F4FC3F3072106D09A
S214037690126ADBB253438B42B3FBF1F006D20020EF
S2140376A040F67F424C21E6F717F9002008BD034653
S2140376B0D0F830010860B3F8343100208B8070476F
S2140376C090F830310C2B14BF90F82B00FF20704736
S2140376D038B50C464FF400610546EBF7A9FE70B1CA
S2140376E07CB195F81E3173B94FF480724FF48071F4
S2140376F02846EBF789FE003818BF012038BD220262
S214037700F4E72246F2E70020F8E74FF48071EBF740
S2140377108FBE08B54A024FF40071EBF775FE0020E2
S21403772008BD08B58A024FF48061EBF76DFE0020B2
S21403773008BD4FF40071EBF77BBE062300208B7168
S2140377407047B2F5805FF8B50F46064615461946EC
S2140377502ED89A422CD33F2A26D9B2FA82F4012293
S214037760C4F11F03DBB29A4092B2AA422CBFC4F103
S2140377701904C4F11A04E2B20124931DDBB29C403F
S214037780A4B2AC4212D096F8F5309BB9012096F815
S214037790243060F3C71386F824303846E8F74EF8EB
S2140377A000203762B582F8BD0022ECE70020EEE742
S2140377B02120F8E70E20F6E70846E8F75FB870B52D
S2140377C005460E46144602B313883F2B1DD9B3FA5B
S2140377D083F3C3F11901C9B2062901D8192B12D0B4
S2140377E0062928BF062101238A1DD2B293403046BC
S2140377F02380E8F74BF823882846EE616B82E8F788
S214037800CFF8002070BD0021EDE72120FAE710B580
S214037810144608460121E9F713FD2046BDE810404B
S2140378200121E9F70DBDF8B504460E46174604F0E8
S2140378302CFB3A46054631462046E9F7BFFF044689
S214037840284604F01DFB2046F8BD0220704703209F
S2140378507047E9F765B910B50023E7F7E5FB04467B
S21403786008B9EAF75FFF204610BD704770B50546B6
S2140378700E46144600F0E3F831462846FFF72FFD80
S21403788000F0DDF8230704D50B2C9CBF24F0080476
S214037890A4B221462846E6F78BFB00224FF40031BC
S2140378A02846EBF7B1FD002070BD8021EBF7C0BD85
S2140378B07FB5531C05AAADF81410029202210022CC
S2140378C0DBB2CDE900211146EBF7BCFD07B05DF84E
S2140378D004FB7FB5531C05AAADF8141002920421CD
S2140378E00222DBB2CDE9002100220121EBF7AAFD3B
S2140378F007B05DF804FB1FB5531C02910022082154
S214037900CDE900210122DBB21146EBF79BFD05B062
S2140379105DF804FB07B591F82830009391F82B30F7
S21403792091F8292091F82A10E7F72CFE03B05DF8AA
S21403793004FB10B50446E6F735FB01462046BDE8D2
S2140379401040E6F735BB002914BF212000207047FE
S21403795038B5054610460C46E7F79AFED5B1D5F876
S214037960E030BBB15B69ABB1421ED2B2FD2A13D97C
S2140379700A68013204BF6FF001020A600A68FF2832
S2140379801A6007D16268013202D16FF001026260A9
S21403799062685A60002038BD0128F2E738B505460C
S2140379A0E9F734FF04460021A878E7F7D9FE204616
S2140379B038BD2DE9F74F01251C469DF830300646A5
S2140379C001930368174603F0070306339D4005F14A
S2140379D0FF380B46A1B1416804EA080BA5EB0B0A76
S2140379E041F00059524509EB0B0114D9524618468B
S2140379F0E5F792FA49467A1B5A445044E5F78CFA5F
S214037A00019B2BB13C4448EA050804EA0804F460E9
S214037A1003B0BDE8F08F1846F0E737B500251446E7
S214037A200095FFF7C6FF204603B030BDE7F7ACBCB2
S214037A30002070470020704700207047704770474B
S214037A4030B549000446056812B102291FD9033927
S214037A50C90395B9E1B1B1FA81F3C3F12003C3F1C8
S214037A600F00012838BF012003F01F03D940A942A5
S214037A7001D901384908216030BDB5FA85F339B11B
S214037A80B1FA81F29B1A002BE9DC0F20EFE7002105
S214037A900F20F0E7012805D9023818BF4FF0FF3052
S214037AA0C0B270470120704708B5E9F793F9BDE8FF
S214037AB00840E9F7B7B938B50446FFF7F5FF0546BA
S214037AC0FFF7F2FF431BA342FAD338BD38B50D4682
S214037AD00446E9F77FF935B1844200D901392046D7
S214037AE001F0030138BD844238BF0131F7E708B51A
S214037AF00121FFF7EBFFBDE80840E9F793B90B0C4C
S214037B0023F48053B3F5284FF7B50D468FB20646D8
S214037B1099B216D04AF60103994214D04AF60203E4
S214037B20994212D0B1F5204F14BF04240324D6F88B
S214037B30E0300BB1196851B9D6F8DC3093B9286830
S214037B400EE00024F3E70124F1E70224EFE72346DF
S214037B5068463A46E9F7C2F9DDE90003002BEBD1A4
S214037B6003B0F0BD19680029E9D0234668463A46B3
S214037B70E9F7B4F9DDE90003002BE0D1F0E702F002
S214037B8003BB0204C0F3891307D56FEA83536FEA76
S214037B90935313F5007F18B206D0A3F1C8006FF411
S214037BA0FF739842B8BF184670474FF03843596979
S214037BB09A6903F500530A405A6170470E207047CE
S214037BC0EAF7A4BFEAF7A2BFEAF7A0BFEAF79EBFA9
S214037BD008B50846EBF7C0FB08BDEAF797BF0220D7
S214037BE0704702207047002070470120704700202E
S214037BF070470E20704700207047E7F70FBC084613
S214037C0011460122FFF741BB70B505460C461146E7
S214037C101A46EBF753FC06682B462046B446BDE8E7
S214037C207040604710B5EBF749FCBDE81040836829
S214037C301847FFF710BEE7F719BBFFF7A9BBE7F72F
S214037C4023B870B504460D4616464FF4881100F067
S214037C501CF8324629462046BDE87040E7F738BD93
S214037C6038B505460C4604F010F9D5F890301C409C
S214037C70D5F88C302343C5F88C3004F001F9211E67
S214037C8018BF01210020490238BD38B504460D4609
S214037C9004F0FBF8D4F890301D40D4F88C3023EA77
S214037CA00505C4F88C5004F0EBF8284638BD38B503
S214037CB004460D464FF48811FFF7E7FF2946204692
S214037CC0BDE83840E7F72CBD73B50D7806460C467D
S214037CD035B304238DF804302379304601A98DF893
S214037CE00530FFF738FB0546B8B92278A37952BBAF
S214037CF08DF80430E379304601A98DF80530FFF797
S214037D0014FB054648B923783BB161883046E6F74D
S214037D10D9FD01213046FFF7DBFC284602B070BDD3
S214037D202946FFF7D5FC29463046FFF7F2FC2946DD
S214037D303046FFF7F6FC2378002BCAD123798DF85B
S214037D4004306379C9E702228DF80420D3E7FFF7EE
S214037D50E0BCFFF7EEBC0020704710B50446EBF717
S214037D6047FC21460020ECF797FABDE810400020B8
S214037D7000F02BB970470120704708B5EDF7BAF845
S214037D8080F00100C0B208BD4FF0FF30FFF79EBB86
S214037D9070470020704710B50C4603F037FE04808A
S214037DA010BD38B50C46154603F030FE03881DB1EA
S214037DB01C43A1B2018038BD23EA040189B2F9E766
S214037DC008B503F023FE008808BD08B503F01EFEC1
S214037DD0C07808BD08B503F019FE008800F00C0053
S214037DE008BD08B503F012FE008800F00C00031F60
S214037DF05842584108BD38B5054603F007FE044609
S214037E002846FFF7EEFF30B904F1100004F01DFA20
S214037E1000F4406038BD4FF40060FBE738B5054614
S214037E2003F0F4FD04462846FFF7DBFF014648B996
S214037E3010342046042203F029FD2044BDE83840D0
S214037E4004F003BAA08838BD10B50C4603F0DEFD77
S214037E50848010BD38B5054603F0D8FD0446284691
S214037E60FFF7BFFF30B904F1100004F0EEF900F499
S214037E70404038BD4FF40060FBE738B5054603F0D5
S214037E80C5FD04462846FFF7ACFF014648B9103443
S214037E902046062203F0FAFC2044BDE8384004F0EE
S214037EA0D4B9A08838BD38B5054603F0AFFD0446FF
S214037EB02846FFF796FF014608B1201D38BD10344B
S214037EC00622204603F0E2FC2044F7E708B503F059
S214037ED09DFD007A08BD08B503F098FD90F90900EA
S214037EE008BD08B503F092FD807A08BD08B503F017
S214037EF08DFDC06808BD10B50C4603F087FD0472FF
S214037F0010BD10B50C4603F081FD447210BD10B5CC
S214037F100C4603F07BFDC46010BD2DE9F8430F4605
S214037F208046002107F110001646994603F0E2FD4D
S214037F300446D0B103F06AFD0546204603F082FDF1
S214037F40002102462846E4F757FE00232046AB707E
S214037F5049F00401FFF71FFFA5F804802EB13A4647
S214037F60314605F11000E4F7D7FF2046BDE8F88355
S214037F70F8B505460F461020002103F0BBFD044666
S214037F80B0B103F043FD0646204603F05BFD002137
S214037F9002463046E4F730FE002339462046B370E7
S214037FA0FFF7F9FE25B12A460121204603F07AFDA4
S214037FB02046F8BD08B503F029FD103008BD08B506
S214037FC003F040FD1038C0B208BD0020ECF78CB8B3
S214037FD008B5ECF7E7FA002008BD4088C0F30C00AC
S214037FE00330800840000430704770B50E460546DF
S214037FF01146304603F07EFD044635B128B103F042
S21403800005FD32462946E4F749FE204670BD008842
S214038010B0FA80F04009704738B505880022044658
S21403802004F07DF905B1258038BDF8B507460D4641
S21403803000880021164603F021FDB042044605D110
S21403804029463846BDE8F840FFF7E6BF002120463C
S21403805003F014FDB04205D02046002103F00EFDC8
S2140380600446F3E72A462046002103F01BFD32466A
S2140380702846BDE8F840002103F014BDF8B505888E
S21403808007467DB1CCB22146284603F0F7FC85426D
S214038090064609D100233B8000222146304603F0E2
S2140380A001FD35462846F8BD214603F0E7FC214688
S2140380B00246284603F0F6FCEEE72DE9F04707886C
S2140380C08246884614465FB3384603F0BBFC3D46FB
S2140380D00646E4B22146284603F0D0FC40458146D6
S2140380E016D1214603F0CAFC21460246284603F071
S2140380F0D9FC474504D1454508BF0025AAF80050DA
S21403810000222146404603F0CDFC3046BDE8F0870A
S2140381108742FAD003F096FC30444D4686B2D9E740
S2140381203E46F2E700220123C0E900237047F8B574
S21403813004460127002603F0B5FE23683BB903F087
S214038140ACFE00226368012B0ED16360F8BD1D6987
S2140381501F61266003F0A1FE012DF2D02B462D6988
S2140381601E61012DFAD1E6E719691A610B46EAE7A3
S214038170036823B94068012803D0ECF75BBF0020EF
S21403818070474FF0FF307047F8B5054603F078FFA9
S214038190012306460027A8602B7303F083FE2B6893
S2140381A002467BB11C692169A1420CBF2F6019618D
S2140381B02761104603F071FE012C08D02046636841
S2140381C09847EAE76C68012C04D103F066FE0023A7
S2140381D02B73F8BD6169711AB1F1004FF5D82169A7
S2140381E069602361E5E7022070470220704700209C
S2140381F070470144884201D10120704710F8013BC3
S2140382009342F7D00020704770B50146064692B0F9
S2140382100020EBF719FC044670B9FDF7F1FF05469D
S21403822001466A462046EBF755FF6A46294620462E
S2140382308DF80260ECF704FA204612B070BD00B564
S21403824093B0FDF7DDFF6A4601460020EBF742FFD9
S2140382509DF9020013B05DF804FB00B593B0FDF77B
S214038260CFFF6A4601460020EBF734FF9DF8000077
S21403827013B05DF804FBEBF7F1BE012070477FB542
S2140382804FF6FF7101AAEDF747F920B1BDF80C00D0
S21403829007B05DF804FB4FF6FF70F9E708B5104624
S2140382A0EEF700F9BDE80840EEF7BAB97047704735
S2140382B070477047704770477047704738B54FF63A
S2140382C0FF750D800C46F6F7B1F92080A8420CBF67
S2140382D02D20002038BD002100B593B06A4608461D
S2140382E0EBF7F8FEBDF8060013B05DF804FB0021BB
S2140382F010B592B004466A460846EBF7EBFE00213B
S2140383006A460846ADF80640ECF79AF912B010BD77
S214038310002100B593B06A460846EBF7DBFEBDF8CE
S214038320040013B05DF804FB002110B592B00446B8
S2140383306A460846EBF7CEFE00216A460846ADF8C5
S2140383400440ECF77DF912B010BD70472DE9F04FED
S21403835087B00C4691460746FFF73CFD0546661C6C
S214038360304603F072FF042D40F090803846FFF746
S21403837021FE0378092203F00303012B14BF022313
S214038380032301212046039303F080FA09220021E8
S2140383900546204603F07AFA21788DF8170001394E
S2140383A00022204689B2FFF720FE04EB0908834625
S2140383B0F0B14FF0010A2A460146CDF800A0039813
S2140383C00DF11703FBF7DDFE0228054626D15846B6
S2140383D003F038FB00222070C0B2431E00929BB20B
S2140383E052465946304604F029F8237853442370FE
S2140383F03846FFF7E5FC020424D498F801302178C8
S2140384009B071FD50139A1EB09013A464046C9B27D
S214038410F1F706F823781844207013E020B920708B
S214038420284607B0BDE8F08F032809D1404603F07D
S2140384300CFF20F4007189B2404603F008FFD7E72B
S2140384400428D5D10125002220462178FFF7CDFD4B
S21403845007460028E4D04FF00008014643460122B1
S2140384604046CDF80080FBF78CFE022819D138462B
S21403847003F0E8FAC2B2013A207093B239460122F9
S2140384803046CDF8008003F0D9FFC9E780F08005B9
S21403849020F0800081B23046C5F3C01503F0D7FE46
S2140384A0D1E70028BCD12070BAE708B50020FFF753
S2140384B064FC80F00100C0B208BD0A4608B5014658
S2140384C00020EDF777FAB0FA80F0400908BD0020E7
S2140384D0ECF7EAB900210846EBF78EBE0020FFF75B
S2140384E04ABC70B5044603F0B0FE042200210646DB
S2140384F0204603F0CBF9204403F0A7FE03220546EB
S2140385000021204603F0C2F9204403F09EFE4FF6F6
S214038510FF730540ADB29D4214D1F30712D5062270
S2140385200021204603F0B2F9204403F08EFE0446F1
S214038530EDF7B2FA844214BF02240624EDF7A6FA36
S214038540204070BD2046FBF7EDFFC400E4B2F5E71C
S21403855008B5FFF7C6FF003818BF012008BD012085
S214038560704710B50446FEF71DFB08B9FEF71CFB63
S21403857003050FD40C231B2B01D1002009E020FA9E
S21403858003F1C90703F1010206D5DBB2E31A584229
S214038590584110BD0B23F9E71346ECE710B50C461C
S2140385A0098819B90846F7F799FB2080012010BD02
S2140385B008B510461A4600F08CFABDE8084003F0EA
S2140385C0E2BD70B504460D46164692B06A46EBF712
S2140385D081FD6A46294620468DF81F60ECF730F881
S2140385E012B070BD10B50C46EDF732FE2046BDE85E
S2140385F01040EDF743BD0129F8B505460C461DD0DE
S21403860003291ED0052920D0072922D000260024BE
S21403861000270120EBF7B0FC304485421DDA032027
S214038620EBF7AAFC2044854219DA0520EBF7A4FCF5
S21403863038448542B4BF07200520F8BD6FF0040612
S214038640E5E76FF004040526E2E700266FF004076B
S214038650DFE7002405272646DBE70120EDE70320B6
S214038660EBE738B14379490023F00C0301F00C0122
S2140386700B434371704710B5044678B1417940887F
S214038680490801F006010131000AFFF7B4FF02466C
S21403869001462046FFF7E5FF104610BD0722FBE71D
S2140386A038B50D46EDF7C2FD044608B9002038BDBF
S2140386B0FFF7E1FF002DFAD1237913F00703F5D076
S2140386C0984238BF1846C0B2F1E7EDF7BDBF0022A7
S2140386D0EEF7E0B80021012208B5EEF7DBF8401A02
S2140386E018BF012008BD38B51546FFF7F0FF04464E
S2140386F0284603F087FE84B1FF2804D0626822FA76
S21403870000F3DB0701D5012038BD01238340134363
S2140387106360E3780133E370F5E72046F4E7EEF7AA
S21403872013BB10B503F072F900F11004204603F0F2
S2140387308CFD20F4007189B22046BDE8104003F09A
S21403874086BD2DE9FF411546019101218DF80D30B7
S2140387501B0A8DF80E309DF82C308DF80C008DF822
S2140387600F3028460423009103AA9DF828809DF81D
S21403877030709DF8346001F016FB044670B129464C
S214038780FFF762FBB8F1000F02D12046FFF7C9FFDF
S2140387902FB146B93146204601F0D0F800242046D2
S2140387A004B0BDE8F081002220461146EEF752FAE7
S2140387B0F4E74FF47A70EEF7A7BB08B5ECF74EFC78
S2140387C0BDE808400020EEF7A5BC00B58BB06846B0
S2140387D0EEF776FB009BBDF8060004A90693EEF7BA
S2140387E015FB0BB05DF804FB1FB504466846EEF7B1
S2140387F067FB02AB03CB2060616004B010BD1FB5FE
S214038800062304468DF80C30EEF7DEFD00238DF8C4
S2140388100D00CDE9003301210223204603AA01F00F
S214038820C2FA04B010BD38B5002208210546FFF78A
S214038830E0FC044698B9FFF74EFD22464FF6FF715B
S214038840EFF71AF82846297CEEF794FC287C6A6929
S214038850E989F0F78FFBEEF705FC204638BD0120CB
S214038860FCE770B50C4605460120EFF791FB237B2A
S2140388704BB1FFF730FD014623462A46BDE870405C
S2140388800120EFF717B84FF6FE71F5E7F8B50E4679
S2140388900746FFF78FFB054603F0D7FC00F440407E
S2140388A0B0F5404F14BF0022062202F10A03EB5C28
S2140388B00B325C0004F00E045B08144403F0380328
S2140388C038461C44FFF77BFB844208D2001BC2B227
S2140388D00F2A28BF0F2230462919E4F71DFB20462E
S2140388E0F8BDECF7BBBB40F62740F0F7C1B8FF2254
S2140388F04FF6FF71F0F7F0B907B500210DF1070049
S214038900F0F722FB9DF8070003B05DF804FB13B5F0
S214038910044601A90020F0F717FB019A01462046FA
S214038920F0F728FB204602B010BDF0B50F46002135
S21403893087B0044608461646F0F706FB01230546AD
S2140389400DF10A008DF808408DF80930FFF74CFF4B
S214038950092C1DD131460DF1120003F078FC05AB4E
S214038960002102AA9B1A2846CDE90011DBB2642136
S21403897001F019FA0546E0B1092C15D1F0F744FBCE
S214038980044688B12846F0F753FB204607B0F0BDEF
S21403899031460DF113008DF812704FF6FF7503F094
S2140389A056FC0DF11503DBE7284600F014F80446E1
S2140389B0EBE70446E9E738B504460D4603F03CFD0D
S2140389C040B1AC4206D0204603F02DFDBDE838404A
S2140389D000F0ACBF38BD10B50446FFF7EBFA023023
S2140389E003F033FC4FF6F7739842204603D9BDE8ED
S2140389F01040F0F797BCF0F7D7FCB0FA80F04009C8
S214038A0010BD012070470022F0F7C4BB70B50446C2
S214038A100088FFF7CFFA0546043003F016FC064637
S214038A20A81C03F012FC054603F025FB3046F1F7BD
S214038A30A1FE30B92846F1F79DFE10B1284603F093
S214038A40FBFCA378002023F00F03A37070BD70B562
S214038A500546FFF7AFFA0646284601F0C8F9014671
S214038A602846F7F76FFD04462846FFF7D7F94FF673
S214038A70F773984208D8337803F00303012B05D124
S214038A80A31E5842584170BD0120FCE70020FAE7B8
S214038A9041F2033330B585B00D46ADF808300446D1
S214038AA0FFF719FC8DF80A00FFF715FC0021000AF2
S214038AB08DF80B0005232046CDE9001102AA8DF898
S214038AC00C5001F070F910B12146FFF79CFF05B07A
S214038AD030BD2DE9F041044617460D46E1B13F2966
S214038AE04FF0000600D135462046FFF773F90828F5
S214038AF014D10121204602F0C1FF064602F0A2FF70
S214038B000446304602F082FF3B4601462A46E0B260
S214038B10BDE8F041FDF718BC0126E5E72046FFF760
S214038B2059F9024630B9BDE8F0414FF6FF7101200E
S214038B3003F054BB2046FFF75EF9B0F5006F0ED185
S214038B402046FFF76BF94FF6FF739842014617D09E
S214038B50002D0CBF03200520002203F03FFB29460F
S214038B602046EEF72FF968B929462046F1F7A0FD0F
S214038B7040B9324629462046BDE8F041F0F758BDD5
S214038B800120E9E7BDE8F0817047704737B54FF637
S214038B90F675FDF738FB431E9BB2AB420446F8D886
S214038BA0EDF744FB0028F4D169462046ECF760FE57
S214038BB00028EED0204600F09AFE0028E9D1204691
S214038BC0FFF788FD0028E4D12046F1F7D3FD0028FF
S214038BD0DFD1204603F030FC0028DAD12046FDF72B
S214038BE01DFB0028D5D1204603B030BD73B504461F
S214038BF00E46F1F7BFFD054688B92046F1F714FE89
S214038C0021462B460D224FF6FD70009500F0A1F885
S214038C103146204602B0BDE87040F1F7C7BD02B04A
S214038C2070BDF7B504460D461746FFF754FB0646D8
S214038C30002D3FD04FF6FB739C423BD82046F1F7FE
S214038C4099FD08B1A64235D02046F1F793FD10B141
S214038C50012003B0F0BD2046FDF7E0FAC0B1A642FE
S214038C60F6D0F4B169462046ECF702FE0246C0B9D8
S214038C7008216846FFF7BDFA98B9082269462846D0
S214038C80E4F706FB68B129462046FFF7AFFFDFE7A8
S214038C90A642E6D12846ECF759FE10B900F03DFE91
S214038CA0D6E73FB121462846EDF766FC214628461F
S214038CB0F5F7A2FC0020CCE737B5054614460C2989
S214038CC014D8DFE801F02C132C1313130713131314
S214038CD0132424006946ECF7CBFD18B90121684636
S214038CE0F5F788FD41202946F8F7A8F8D4B12046C1
S214038CF0FFF760F9023003F0A8FA4FF6F7739842CD
S214038D0010D9204603B0BDE83040F0F7C1BB40F6AB
S214038D10144040F613430B2908BF1846E3E700F058
S214038D20EDFDE3E703B030BD1FB503460846032158
S214038D308DF80D308DF80C1001230021ADF80E20B0
S214038D40CDE9003103AA042301F02DF805B05DF840
S214038D5004FB2DE9F34106460F4614461D469DF8CF
S214038D602080FFF7B8FAB04207D1002221463846E2
S214038D7002B0BDE8F041FFF79FBF3A4631462046B2
S214038D80FFF7D2FFADF8060060B10D2C05D1002227
S214038D904FF6FF71282003F021FA35B9BDF8060017
S214038DA0FFF719FE02B0BDE8F081012342462946CB
S214038DB00DF10600ECF7A6F8BDF80630002BEDD152
S214038DC0F0E7F7B50C460546FFF7F4F8611C0646D0
S214038DD02846F7F7B7FBA11C0746284600F02AFFEC
S214038DE0014604463846FDF747FA0D2F34D1204690
S214038DF0F1F7C0FC78B1301D03F027FA0446284685
S214038E00F679FFF73AF831460246204603B0BDE846
S214038E10F040FFF768BCB01C03F017FA4FF6F77381
S214038E20984202D92846F0F733FB2046F1F7FCFCBC
S214038E30FFF751FAA04205D1002003B0BDE8F04089
S214038E40FFF7A2BE6B46B068F16803C369462046C7
S214038E50F1F7ACFC03B0F0BD2A463946204603B012
S214038E60BDE8F040FFF728BF14220021E3F7C4BE95
S214038E702DE9F04F11F00F0704460E4615468FB046
S214038E805CD10120E1F736FB09A8FDF7F3FA0923C5
S214038E9009A88DF82430FDF7F1FA09A8E1F7FCFAE2
S214038EA001A909A8FDF77BFC26F00F08A84404F1E6
S214038EB0100904F10F0A454511D1236901A933446A
S214038EC0236109A8FDF750FC0020E1F713FBB6F178
S214038ED0005F28BF272738460FB0BDE8F08F05AAE6
S214038EE0234696469446186859680833ACE8030048
S214038EF04B456246F6D12B46224605F1100B53F836
S214038F00041B5B4542F8041BF9D1714609A8FDF71B
S214038F102BFC09A8E1F7C0FA224621460120E1F717
S214038F20A5FA013D631E13F8012F15F8011F5345DB
S214038F3082EA01021A70F6D15D46BCE70227CAE749
S214038F40F0B5174685B005460C4610220021684644
S214038F50E3F752FEBFB3C4B30F2C04F00F0608D9D1
S214038F6024F00F043A4621462846FFF781FF40BB0C
S214038F702744324639466846E3F7CEFF80222F69F8
S214038F8006F1100337446B44B7F5005F03F8102C63
S214038F902F61C6F110061AD3062E1FDDFB001A0E2C
S214038FA08DF80A201A0C5BBA8DF80B20ADF80C303E
S214038FB06A4610212846FFF75BFF00202B69103B0B
S214038FC02B6105B0F0BD3E46D8E72646D6E7022E0F
S214038FD004DDFB005BBAADF80E30E9E76A46102104
S214038FE02846FFF745FF2B691022A3F11004002142
S214038FF068462C61E3F700FEB7F5005F4FEAC4034B
S214039000CDD2E7E770B50E46054686B001A81446EE
S214039010FFF72AFF3246294601A8FFF791FF2246AB
S214039020054601AB05AE1C4603CCB4421060516046
S214039030234602F10802F6D1284606B070BDF1F7C2
S2140390404BBC0A460021F1F747BCF0B58BB00C4683
S21403905001A9F1F741FC054680B325220021E01C57
S214039060E3F7CAFD0123A3700E23BDF81070238017
S214039070FA0510D523464FF4877206AE23F8042B61
S2140390800DF1280C324603CA62451860596016462D
S21403909003F10803F6D13B0605D5238843F0800386
S2140390A02380069B636001AB03CB039BC4F81D00C0
S2140390B0C4F82110A361F2F7F3FD606128460BB0F4
S2140390C0F0BD30B505460C4687B001A8FDF7D2F9CA
S2140390D02868696802AB03C39DF8113043F00202A7
S2140390E08DF8112074B12288510644BF43F006035D
S2140390F08DF81130530542BF9DF8113043F0080335
S2140391008DF8113001A8FDF7B0FAB0FA80F04009E7
S21403911007B030BD2DE9F3410F460546164602F06B
S21403912091FC4FF00008C41BE4B2294623463A4696
S2140391303046CDF8008003F081F90121284602F07D
S2140391409DFC88B10121284602F098FC074602F0F0
S21403915079FC0546C3B2424630193946CDF800803D
S21403916003F06CF92544ECB2204602B0BDE8F0816A
S2140391702DE9F04F85B00C46054691461F464FF045
S214039180010ADDF838809DF83CB002F05BFC22460D
S2140391903B4629460646CDF800A0484603F04EF95E
S2140391A05146284602F06AFC3C4418B3514628460A
S2140391B002F064FCF6B2B442814610DAE7B2F31B5F
S2140391C0DBB2404622462946CDF800A003935F440F
S2140391D003F034F9039BBF1B984407F0FF0B0123EE
S2140391E000220E9349465B46404605B0BDE8F04F65
S2140391F003F024B95B4622462946CDF838A0F3E7A8
S2140392002DE9F041002686B0074608460C4615466B
S2140392109846CDE9026604968DF8146002F012FCB7
S214039220411BCBB20D2B28BF0D232A4621460096A1
S21403923002A803F003F9424602A93846F1F7A2FC56
S2140392400646294620469DF80820F7F78FF930464C
S21403925006B0BDE8F0812DE9F04F0E46CBB00121F4
S214039260054617461C4602F009FC23463A4629469D
S214039270814606A8FFF7C4FF0DF1280A00EB070B8B
S2140392805246314628465FFA8BFBFFF743FFB3454A
S21403929003D200204BB0BDE8F08FABEB06085FFAB5
S2140392A088F808F104039842F3DB331F18440423B9
S2140392B0C4B20193A31BDBB200935246434600217C
S2140392C0CDF808A006A8E1F785F80028E1D1A4EBBD
S2140392D00B040AEB0803E4B25246284631460093D1
S2140392E001944346FFF744FF39462846F7F72AF921
S2140392F0394600F0F8022846F7F738F901212846E0
S21403930002F0BCFB002818BF4D462846ADF81650A1
S21403931002F098FB011FC9B20DF1160000F04FFCD6
S2140393200120B7E72DE9D841064600F060FD411C51
S214039330044689B2304600F02DFD98B394B3214617
S2140393403046F7F7FFF800F00C03042B074629D046
S21403935000F00308B8F1020F00D11BBB384600F03B
S214039360B0FD3B060444A4B216D5611C304689B250
S21403937000F010FDB0B121463046F7F7E3F8B8F138
S214039380010F014600F003030CD0032B0AD0384626
S21403939000F0A6FD03199CB221463046BDE8D8412D
S2140393A000F0F8BC0020BDE8D881F8B5064600F00A
S2140393B0E0FC054604463046FEF7FCFD43785B07B3
S2140393C018D5AC1CA4B22146304600F0E3FCB8B175
S2140393D029463046F7F7B6F80746691C304689B281
S2140393E0F7F7B0F81FB1874201D8FF2808D104EB7E
S2140393F04704A4B221463046BDE8F84000F0CABC94
S2140394000020F8BD13B5044601A8F1F713FEBDF816
S2140394100430DA0710D49B0707D410220021204615
S21403942002B0BDE81040E3F7E7BB22462146102012
S214039430FFF7E8FD0028F0D102B010BD024608B5DC
S214039440F1F720FE510544BF0838C0B2130544BFE8
S2140394500838C0B208BDF0B5D30705460C468BB036
S2140394604AD5008800F0C3FC00230646029314B9CD
S214039470CDE9034403AC002208212046FEF7B9FEDB
S214039480A8B12888FEF796FD023002F0DEFE2146DC
S2140394900746ECF7EDF950B1002240231146384653
S2140394A000F005FA40F6094528460BB0F0BD3146F4
S2140394B02888F7F747F810F0030F0CBF012600269D
S2140394C0F1F74EFA46EA4000C0B20090002120466B
S2140394D002AB05AAF3F720F80546F1F741FA002890
S2140394E0E2D0002DE0D000212046009602AB05AA6C
S2140394F0F3F712F80546D7E740F60A45D4E7002304
S2140395001A46F2F775BF30B58BB005AD044628464C
S214039510FCF7B0FF0223284601A98DF81430FDF7A7
S2140395203EF9234601AA144603CCAC4218605960A0
S214039530224603F10803F6D10BB030BD08B500236D
S214039540024619461846F2F753FF012008BD37B501
S21403955004466846F2F7C4FF054648B1082221468A
S2140395606846E3F795FEB0FA80F0400903B030BDD5
S214039570FF2208212046FEF73CFE034628B10621BB
S2140395802846FFF7BCFF0120F0E722460146F2F724
S2140395902FFFF8E707B56846F2F7A2FF10B1684653
S2140395A0FDF76CFA00F0010003B05DF804FB012040
S2140395B0F3F76CBC704730B50124054689B003A8A1
S2140395C0FCF758FF01A88DF80C40E0F7C3FF9DF8A1
S2140395D006209DF80730AA4209D0AB4209D103A85A
S2140395E08DF80D40E0F758FF012009B030BD002488
S2140395F0F5E70020F9E700221021FEF7FABD7047D1
S2140396007FB50D4600F582300D22694600F5807061
S214039610D4F73AFF6B462A4602AE1C4603CCB44246
S21403962010605160234602F10802F6D120681060EC
S2140396302379137100236B7304B070BDF0B585B046
S2140396406A4605460B46164601F10807144618688F
S2140396505968083303C4BB422246F7D118680D2263
S21403966020601B7905F582303146237100F5807042
S214039670D4F736FF05B0F0BD38B504460D46E0F71F
S2140396805BFAA04205D920462946FFF7B9FF00201A
S21403969038BD2820FCE730B5002485B08DF800409F
S2140396A0E0F74AFAE5B2A84204D8F4F707FF002029
S2140396B005B030BD69462846FFF7C0FF0134EFE723
S2140396C038B50446002002F0ACFEFF2805460FD04E
S2140396D002F0AFFE10F0010009D0284602F0A9FE02
S2140396E0400840EAC17080F0010000F0010038BD78
S2140396F004F00100FBE70146F8B506460020F4F740
S21403970017FEFF2801D00120F8BDE0F705FA002474
S2140397100546871CE0F704FAE3B2984201D8002016
S214039720F2E735F82430B34203D117F82430002B80
S214039730E9D10134EEE738B50D460121044602F0BF
S2140397409DF930B10121204602F098F928800120C6
S21403975038BD20462C8000F020FC0130C0B2F7E76D
S2140397602DE9F04788B00746894610460DF10A01F1
S2140397701D469046FFF7DFFF4FF0000ABDF80A606C
S21403978004463046CDE905AACDF81BA002F05AF9E7
S214039790031BDBB20B2B28BF0B2322463146CDF827
S2140397A000A005A802F04AFE48F21F039D4243D0DC
S2140397B00BD885F40043012B15D923464246494668
S2140397C028460097FDF7A7F933E048F23A039D428F
S2140397D0F3D1FEF780FDB8422BD02246414605A8BA
S2140397E0FDF7CAF925E09DF8143013BBBDF81D40FC
S2140397F0DDF81500DDF8191003AB03C3204603A9F3
S214039800E0F78EFB0122204603A9FFF70AFAA742D8
S21403981006460ED0012103A8F4F7ECFF48F2010335
S2140398209D4206D12EB9334632463946204600F0CD
S21403983058FC08B0BDE8F0879DF81450002DF8D109
S2140398402F469DF815800234EAB24245F1D2D20083
S214039850D2B222440823314692B2009703A8CDE938
S214039860037702F0EBFD03A800F074F802F0DBFDCB
S21403987000F05CF80135E7E710B5002441808480EA
S2140398800480C280038110BD13B5BDF81040CDE936
S21403989000340023F5F77CFA02B010BD13B5BDF80B
S2140398A0104001900094F5F773FA02B010BD07B5A7
S2140398B000930123FFF7F2FF03B05DF804FB0123D7
S2140398C0F5F70CBB38B50546EFF79EFB0446E0F705
S2140398D03FF9A40144EA4020284038BD704770474A
S2140398E000207047FF207047002070477047002015
S2140398F070474FF6FF707047002070477047002090
S214039900704770470020704770470020704700205C
S21403991070477047704700207047704770470020B5
S21403992070474FF6FF7070471720704770477047B1
S2140399307047704770477047012070470120704793
S21403994000207047002070477047704770474FF6F7
S214039950FF7070474FF6FF70704700207047002077
S2140399607047002070477047002070472DE9F04F7E
S214039970002785B081460C467E2039469846BDF8BA
S2140399803CB09DF844A0BDF84C500192ADF80E7063
S21403999002F0B0F80646002800F0AA8002F036F877
S2140399A039467E22E3F728F9304602F02FF8009076
S2140399B0304602F02BF8B9F1FF0F0CBF274644F0F0
S2140399C003073B0A14F44062077043705FD14FF0FD
S2140399D00808C31C184642460199E3F75FF9034695
S2140399E004F44044434484B1790606D419464FEA46
S2140399F01B2201F802BB5A700B46B4F5004F56D033
S214039A00A4F5404254425441E400224618460E99B7
S214039A10E3F744F9009A03462044A0EB02085FFAF2
S214039A2088F89DB14FF47C521A53841C284601F0E3
S214039A30EDFF8346284602F005F8C5B22A46594686
S214039A402046E3F769FA60190235EDB2B9F1FF0F64
S214039A502FD05246109900F8019BE3F75DFA08F100
S214039A6001015AFA81F129443046EBF7E1F90C215A
S214039A700022FF0007F0800710463943FEF778FA06
S214039A80ADF80E00E8B9002005B0BDE8F08FB2F5DA
S214039A90006F80F803804FEA182880F8048000F1EE
S214039AA0050314BF4FF008084FF0020892E702249C
S214039AB0ABE708EB0A0129443046EBF7B9F908216E
S214039AC0D6E7304601F0A2FF0446304601F0BAFF5F
S214039AD00123024621460DF10E00EBF713FA002888
S214039AE0D1D10121BDF84820BDF80E0001F0DAFF00
S214039AF0BDF80E00C8E710B50C46098821B908461C
S214039B00F6F7ECF8208008B1012010BD0220FCE730
S214039B102DE9F04780460F460646002402F1FF393A
S214039B20BC4202D219F8015F25B9A6EB080080B241
S214039B30BDE8F0879A46A5F13102012A5AF8041BBC
S214039B4010D83246322D02F8011B06D10134A4B2D6
S214039B50A74232D30912B21C71700134534616461B
S214039B60A4B2DDE7342D0CD10334BC42DDDA0B0A94
S214039B70317073700B0C090EB370321DF170A4B202
S214039B80EBE7A5F13302062A0DD8303DADB22B190B
S214039B90BB42CADA2A463046013CE3F77FF815FA99
S214039BA084F47219EBE7A5F14102062A01D8373D82
S214039BB0ECE79D8803F1080AE9E71646B5E770B5B2
S214039BC0054600880C4601F03DFFA04228880AD2CD
S214039BD001F038FF0023221A19462846BDE87040D4
S214039BE092B2EBF78FB92146EBF722F9002070BD4E
S214039BF038B5054601F00AFF0446284601F022FF61
S214039C00002201462046BDE83840FEF7EEB9F8B517
S214039C1016460C461D46BDF8187001F0F7FE0444C0
S214039C20304601F0F3FE3A4641192046BDE8F840B7
S214039C30E3F734B870B50C46013189B20646F6F739
S214039C4081FC214605463046F6F77CFC00EB0520F2
S214039C5080B270BD1FB50123ADF80C2000930A46F1
S214039C600223014603A802F0E9FB05B05DF804FBF6
S214039C700FB437B5069D0021A8B201F03BFF04469A
S214039C8001F0C4FE2CB1002207AB0193D1B28D4282
S214039C9005D8204603B0BDE8304004B0704753F8FB
S214039CA0041B81540132F1E773B504460D46402088
S214039CB00021164601F01EFFADF8060001F0A6FED1
S214039CC0BDF8063013B9002002B070BD40213346FC
S214039CD02A462044FFF71CFF211889B20DF106001F
S214039CE0FFF76DFF0028EED1BDF80600ECE70EB4D3
S214039CF003B503AA52F8041B0192FFF7D5FF02B07F
S214039D005DF804EB03B070472DE9F7430F460121D6
S214039D108146164601F0B2FE054658B1FFF768FFC6
S214039D20308088B9284601F08DFE68B1192003B04B
S214039D30BDE8F083484601F085FEFF2FA0EB07043D
S214039D40E4B214D014B934800020F0E72A46214642
S214039D502846FEF74AF980460028E7D03B464A469F
S214039D6029460094FFF753FFA6F80080ECE701208E
S214039D70DDE708B5FEF71EF9437803F001001A077E
S214039D804CBF10300830DB0644BF0830C0B210307A
S214039D90C0B208BD10B50C4601F054FEA04234BF55
S214039DA00020012010BD7FB514460091024641F203
S214039DB0092141F609209DF820601D46002E18BF94
S214039DC00146099B0020F6F7E5FBADF80E0010B937
S214039DD0002004B070BD01232A4621460DF10E0073
S214039DE0EBF790F80028F3D1BDF80E00F1E738B58D
S214039DF00546FFF7BEFF0446284601F023FE631C14
S214039E009BB283420FD82846FEF7D4F843785B0705
S214039E1007D521462846F6F795FB013004EB4004A8
S214039E20E4B2204638BD0024FBE71FB5ADF80E00AC
S214039E3001F008FE0446BDF80E00FFF7D8FF00F158
S214039E400E03DBB2BDF80E200146E01A80B2009086
S214039E501046FFF7DCFEA4F10E0189B20DF10E00E9
S214039E60FFF7ADFE04B010BD4278034612F00800BB
S214039E7006D0D20702D403F10800704703F10900A5
S214039E80704737B505460C46FEF794F8437813F04B
S214039E90100212D09CB103F001021B074FF000031F
S214039EA02946009320464FF0080354BF1832203249
S214039EB002F0C4FA012003B030BD1046FBE720468B
S214039EC0F9E700F00303012B08D0C30606D400F01D
S214039ED00C000C2814BF0820092070470220704786
S214039EE0034611F0030005D003F00303022B14BF4F
S214039EF0022003207047F8B50C46064601F0A2FD83
S214039F00631C834202D900252846F8BD2146304605
S214039F10F6F718FB0746FFF7D4FF3B060546F3D5CF
S214039F200444304601F08EFDA4B2631C9BB2834208
S214039F30E9D821463046F6F705FB01463846FFF7D3
S214039F40CFFF2844C5B2DFE770B506460D46FFF7D8
S214039F50D2FF044610B90024204670BD2946304679
S214039F60F6F7F0FA8206F7D5304601F06BFD254486
S214039F70ADB26B1C9BB28342EDD829463046F6F74A
S214039F80E1FA00F01803082B14BF05340634E4B2D4
S214039F90830644BF0834E4B2DEE738B50546FFF768
S214039FA026FF044608B9002038BD01462846FFF7B9
S214039FB0CBFF0028F7D02044C0B2F5E72DE9F043E5
S214039FC087B005460C46FDF7F5FF804602F03DF9DF
S214039FD007462846FFF70BFF064601462846FFF7C7
S214039FE08AFF0022034600922946324602A802F060
S214039FF025FA9DF8086006F00C030C2B06F00309FF
S21403A0000BD0B9F1010F59D0F10657D49DF809309A
S21403A0100DF10A050020637107E0FF230DF1090027
S21403A020637102F012F90DF10B05208198F80130E7
S21403A030DA0704D508F1020002F007F92081B9F126
S21403A040010F5FFA89F83DD0F3063BD4284602F0A9
S21403A050FCF86080A81C02F0F8F8053515F8013CFA
S21403A060208023712B78B006A37206F0400348BF06
S21403A07043F02003390627D543F40073F80448BF9A
S21403A08043F48063390548BF43F400633206E38034
S21403A09011D56A7812F003020DD06FEA43436FEAD4
S21403A0A05343A978B8F1020FE3800B4611D1EB783E
S21403A0B041EA0321218107B0BDE8F083FF230DF1B8
S21403A0C00905A7E7FF23CCE77A0648BF43F4807366
S21403A0D0D4E7012A04BF0B029BB22381EBE7F6F712
S21403A0E00BBF0BB1F6F774BF0AB9F6F7EDBFFF2146
S21403A0F0F6F716BF431C08BF0020E4F733B800008A
S21403A100034B5868C0F30800003818BF0120704797
S21403A11000ED00E0014B1868704700BFA06D0020FB
S21403A120084B1B6F03F00703022B04D0032B05D049
S21403A130012B05D0FEE7044B18687047034BFBE77B
S21403A1400348704700800050A06D0020A86D0020D3
S21403A150002D310108B5FFF7E3FF054B1B6FC3F373
S21403A16001330133B0FBF3F0024B186008BD00BFA8
S21403A170008000509C6D00200048704700B4C40463
S21403A18000487047002D3101014B1868704700BF27
S21403A190A86D0020174A9368C3F304430C2B0AD810
S21403A1A0DFE803F00B0909090909072119091B1D33
S21403A1B01F001148704700207047936803F04073F0
S21403A1C0B3F1807F11D0B3F1007F10D0002B0B4882
S21403A1D018BF002070470A4870470A4870470A4865
S21403A1E070470A4870470A4870470A4870470A4843
S21403A1F0704700BF0040015A405DC60000093D009D
S21403A200C0EA210180BA8C010048E801005A6202C4
S21403A2100024F40080841E0040420F00014B18689F
S21403A220704700BFA46D002007B500F065FC6A46C2
S21403A23000F0C2FC18B14721034801F028FFDDE90E
S21403A240000103B05DF804FBFDCF03000229F8B557
S21403A25096BF104B00245C5C012805460E4608D0CA
S21403A260022809D008B944F002040B4B1F6837B91B
S21403A270F8BD44F00804F8E744F02004F5E77B68EB
S21403A2801A68144203D0314628465B6898473F68ED
S21403A290EDE700BF6E6A04000442002038B5104D97
S21403A2A02B78ABB10F4C23781BB100F031FA0023A7
S21403A2B02370002001F0FEFE0B4C50B100F07AFA3A
S21403A2C00023012120782B70FFF7C0FF01232370A2
S21403A2D038BD0122054B1A702278054B1A70F7E732
S21403A2E0E3620020E1620020E8620020E4620020CE
S21403A2F0E56200200E490B78FF2B01D198B1704719
S21403A3000BB990B97047002814BF0122FF221344EB
S21403A3100B7060B1074B1B78012B08D9064B1B78D3
S21403A3202BB9FFF7BBBF1A46F1E70122EFE77047E9
S21403A330E7620020E8620020E462002010B501F026
S21403A340A4FD064B04461B781BB1BDE8104001F084
S21403A35097BDFFF7A3FF2046F7E700BFE0620020A4
S21403A36002282DE9F04147D029480378FF2B41D135
S21403A370002941D11A461344DBB2037000293BD0AF
S21403A380244E3278012A37D9002B3ED001F07DFDCA
S21403A390214F04463B780BB3204D2B781BB9012283
S21403A3A02A701F4A1370DFF87C8098F8003023B1B8
S21403A3B000F0AEF9002388F80030204601F060FD77
S21403A3C0012001F077FE01F060FD2B7804461BB1F7
S21403A3D000F0F0F900232B7000233B70204601F0B9
S21403A3E04FFD01243078A04206D02146FFF72EFF0A
S21403A3F0347001E013B931B9BDE8F081002914BF08
S21403A4000122FF22B7E70122B5E70224EAE700BFED
S21403A410E7620020E8620020E3620020E06200209A
S21403A420E4620020E16200202DE9F04385B0EFF3FB
S21403A430108572B6AFF3008001F011FF002800F01C
S21403A4409280624E624F337823B10020FFF752FFAB
S21403A45000233370387878B903A900F01DFB04464F
S21403A46050B95C4B039A1B689A4200F28480012021
S21403A470FFF740FF012333703B78002B40F09980B1
S21403A480554B1B78002B00F091804FF00208534C7D
S21403A490DFF868912078404507D099F8003013B963
S21403A4A04146FFF7D3FE84F80080B8F1020F0FD1C0
S21403A4B0DFF8248198F8003053B9494B1B7823B949
S21403A4C000F020F90122474B1A70012388F8003068
S21403A4D0207800F0F7F899F8003013B1424B1B7858
S21403A4E02370AFF30080284601F0DFFDEFF31085FD
S21403A4F072B63E4B1A7852B100221A703A4B207845
S21403A5001B78984203D101212170FFF79FFE38483C
S21403A51000F082FA01F0B7FE8046002893D12E4F52
S21403A5203B789BB189F80000DFF8B89099F80030C3
S21403A5301BB100F0EDF889F80080002001F0BAFDA9
S21403A540002839D000F036F900233B70337823B166
S21403A5500020FFF7CFFE0023337000212078FFF79B
S21403A56075FE00232370AFF30080284605B0BDE8D0
S21403A570F04301F09ABD1F4BD3F8008000F048F972
S21403A580039B80449845BFF472AF00F03BF982000A
S21403A590039942F0020292B2CDE900422346164ADC
S21403A5A0A1EB0801124801F087FD65E700F09CF86F
S21403A5B06BE74FF001086AE7012000F083F82846AE
S21403A5C001F073FDEFF3108572B6B6E7E262002082
S21403A5D0E76200200C420020E3620020E8620020CD
S21403A5E0E6620020E1620020E5620020DE620020D1
S21403A5F010420020084200203DA30300E46200202E
S21403A60010B501F042FC0022054B1C781A7001F0CD
S21403A61037FC00F005FBE4B22043C0B210BD00BF18
S21403A620DF62002038B501F030FC094B05461B7885
S21403A630012B04D801F024FC0024204638BD054B2A
S21403A6401C6800F0E5F80444284601F019FCF4E71A
S21403A650E8620020084200201549164A0B6F10B521
S21403A66003F007031360144A144C9269032B02F099
S21403A6700200C2F34002227017D0D1F8203103F053
S21403A6800703022B11D0D1F8803203F001030C4AE2
S21403A690137048B143B9064BD3F8003103F00303F4
S21403A6A0591E4B424B41137010BD0123EFE700BF09
S21403A6B0008000506C42002000C00150ED62002074
S21403A6C0EE620020012805D00238012808D80020B1
S21403A6D0D1F7E4B9034A136923F00403136130BFC7
S21403A6E0704700BF00ED00E0044B054AD3F8203165
S21403A6F003F007031360F8F7EFB900BF00800050BC
S21403A700744200200122014B1A707047EC6200204D
S21403A710F8B51F4B1B78002B39D01E4C2378B3B9E2
S21403A7201D4B9A6DD10302D5DA6D92072FD49B6D1C
S21403A730DB072CD401F003FD184B194A1860136F7E
S21403A74023F0070343F003031367FFF703FD01F04A
S21403A750F6FC124B134D1B68134EC01A2B78134F7F
S21403A76056F8232046F82300111A3A681048521A5E
S21403A7700A213A600932B2FBF1F20133DBB202601E
S21403A780B3FBF1F201FB12332B7000232370F8BDE9
S21403A790EE620020EB62002000C0005064420020FE
S21403A7A000800050EA6200203C420020384200202D
S21403A7B03442002008B5F8F790F90D4A0D49136F97
S21403A7C0096823F007030B4313670B49D2F82031BC
S21403A7D0096823F007030B43C2F82031074B1B78A5
S21403A7E013B10122064B9A62BDE80840FFF7B2BCDC
S21403A7F0008000506C42002074420020EE6200206D
S21403A80000E00050014B1878704700BFEE6200204E
S21403A810054B187818B1054B186800EBD000044BAD
S21403A8201B681844704700BFEE62002034420020C5
S21403A8306842002008B50D4B1A7892B100221A70B0
S21403A8400B4A136F23F0070343F001031367D2F891
S21403A850203123F0070343F00403C2F82031FFF747
S21403A86079FC0122034B5A6708BD00BFEC62002047
S21403A8700080005000E000500D490B68A0B1002294
S21403A880A3B1834203D1836822B90B6003E01A465F
S21403A8909B68F5E7936083680BB9002070475A6995
S21403A8A041690A445A61F8E722207047022070473C
S21403A8B08042002010B501F05EFC0A4C0A4B196872
S21403A8C02368C31A09B9206010BD002BFBD04A6960
S21403A8D09A423ABF9B1A0022D21A4A6128BF002323
S21403A8E08968EFE77C4200208042002038B5154D8A
S21403A8F02B682BB35B69B3B1134A022014681C445C
S21403A90000F088FA204600F047FA00220F492B6829
S21403A9100A70012A05D823B1D88880070AD50123EF
S21403A9200B70002038BD022000F074FA022000F0FD
S21403A93093FAEAE79B68002BF3D058690244E8E7EA
S21403A9402220EFE7804200207C420020F0620020B5
S21403A950C38870B504460D463BB9FFF763FE8542D0
S21403A960064602D2F9F734FA35460E4A656113688D
S21403A9709BB91460A3600FE02D1A986819466561A9
S21403A980034618B15869A842F6D941B18C60A36052
S21403A99013B15A69521B5A6170BD0021F2E7146065
S21403A9A0F5E700BF8042002070B516469DF81420D8
S21403A9B0C0E903360271049ABDF81830026000221B
S21403A9C004460D468260C38006BB01F0D4FB2844D0
S21403A9D0A0613DB9E368656113B1204621689847D5
S21403A9E096B1354601F051FA0646FFF763FF29464E
S21403A9F02046FFF7ADFF074B1B68A34201D1FFF7C5
S21403AA0075FF304601F03CFA002070BD01F0B3FB41
S21403AA103044DDE780420020F8B50546D0B101F0AA
S21403AA2034FA0646FFF746FF0B4B28461F68FFF728
S21403AA3023FF044620B1304601F022FA2046F8BD33
S21403AA40AF42F8D1FFF752FF2228F4D1022000F0DC
S21403AA50EDF9F0E72224F1E78042002038B50C46F2
S21403AA600546A8B1A1B100230B7001F01BFA012122
S21403AA70084B1B6833B901F010FA002038BD9D421D
S21403AA8004D121702278002AF9D0F4E79B68F1E715
S21403AA902220F3E780420020F8B506460F4601F071
S21403AAA001FA00250446124B1B6823B9204601F021
S21403AAB0F4F91B2011E05A691544DA88B2420DD125
S21403AAC001F059FB0B4E3368C01AA8420AD3002381
S21403AAD020463B6001F0E1F90020F8BDFF2EEFD0E1
S21403AAE09B68E2E701F047FB33682B441B1AEFE74A
S21403AAF0804200207C42002070B501F0D3F9064660
S21403AB0001F039FB084B044601201D6801F023FBC6
S21403AB1018B101F030FB04460135304601F0BDF9AB
S21403AB202046294670BD00BF88420020014B1868A6
S21403AB30704700BF84420020F8B50C4B05461B68DF
S21403AB400E4683420FD3002440F2E7302146084BDB
S21403AB504FF47A721F680023E5FB0701E1F7E0FC78
S21403AB6030602046F8BD2120FCE700BF7842002075
S21403AB70844200200F4B10B51A689AB14FF47A71CD
S21403AB80531E1342A0FB01010ED1B2FA82F2C2F1A8
S21403AB901F04531CD243E04001FA03F3184321FA7F
S21403ABA002F20243104610BD0023E1F7B9FC024649
S21403ABB0F8E700BF8442002038B5164B144683429C
S21403ABC0154B8B4123D3154B1A6802B34FF47A7592
S21403ABD0A0FB050305FB0131531E134211D1B2FA44
S21403ABE082F3C3F11F055A1CDB4301FA02F2E84065
S21403ABF021FA03F310431843E940C4E90001002097
S21403AC0038BD0023E1F78CFCC4E90001F7E72120F7
S21403AC10F6E700BFEFA7C64B378941008442002002
S21403AC2010B501F03FF9034B1C7801F036F9E4B296
S21403AC30204610BDEF62002008B5084B1B7803F0D2
S21403AC40FF004BB101F07BFA054B1B689B69C01AEA
S21403AC5002288CBF0020012008BD00BFF062002040
S21403AC6080420020C2072DE9F843044607D5474A29
S21403AC70136801331360FFF71DFEFFF737FEA307C4
S21403AC8040F1818001F00EF94FF000080546464674
S21403AC90FFF710FE3E4F3C680CB16369A3B1002278
S21403ACA03C4B012E1A7003D118F0020F18BF1E700A
S21403ACB0FFF71CFE222802D1022000F0B7F8284630
S21403ACC0BDE8F84301F0E9B823465A693AB91A7958
S21403ACD02179914288BF1C469B68002BF5D12846F4
S21403ACE001F0DBF8D4F81080B8F1000F3FD001F084
S21403ACF042FAA269851AEB17454573F1000337DB61
S21403AD0023691344A36101232269CAB1C3B9A38B80
S21403AD10B8EB050833B1E28B13449BB2B3F57A7FE5
S21403AD201CD2E38301F0BEF8054641462046FFF7F2
S21403AD300FFEA369226928461344A36101F0ADF808
S21403AD40E36813B1204621689847B4F8068001F0FB
S21403AD50A9F801360546FFF7ADFD9CE7A3F57A7320
S21403AD60E383A36918F1FF38013BA361DAE745469D
S21403AD7001F098F881462046FFF77EFD484601F02D
S21403AD808CF80023C0E7BDE8F88300BF88420020A4
S21403AD9080420020EF62002010B5044601F075F8EB
S21403ADA04FF0B042936A1907FCD4136A116C5269C8
S21403ADB0120704D4CA1A032A01D899420ED1E21AFA
S21403ADC0022A98BFDC1CB4F1FF3F38BF013C4FF0AA
S21403ADD0B04308221C6403F580539A6101F050F8CF
S21403ADE0054A13783BB14FF0B041CB6B43F00203F7
S21403ADF0CB630023137010BD0B73002007B5044B01
S21403AE0001A9187901F0E7F8019803B05DF804FB8F
S21403AE10AC68040000F001038207034A48BF43F00E
S21403AE2008039361704700BF00100058820700F0C4
S21403AE3001030AD50121064A43F0080311704FF0B7
S21403AE40B041CA6B22F00302CA63024A9361704799
S21403AE500B73002000200058830742BF0822014BD3
S21403AE605A6170470010005873B502AB164603E9E3
S21403AE700600044600F052FF0546204600F05EFF3B
S21403AE809DF800208DB1202C33780ED8012B2ED8B8
S21403AE904FF6FF752D4803EB4313234430F8131086
S21403AEA0A94202D0013120F81310294B294E33F85A
S21403AEB0141036F81400814232D34FF6FF75A942B8
S21403AEC04FF0010502D0013123F8141004F0FD0100
S21403AED0092927D1998AB68A0A44B242B4BF9A820C
S21403AEE09E8233F81430834227D202B070BD022B01
S21403AEF0DBD14FF6FF704FF6FF75144B33F8141083
S21403AF00814218BF013104F1210018BF23F8141041
S21403AF1033F81010A9421CBF013123F81010C4E700
S21403AF200025D0E71D2CDCD1598F8E18864203DA14
S21403AF3001390A445A87D4E75887002DD5D12046CD
S21403AF4002B0BDE8704001F031B900BF545E002086
S21403AF502C5F0020D85E002038B50D46044600F06E
S21403AF60A1FF064A13889BB22DB123431380BDE885
S21403AF70384000F092BF23EA0403F7E7326100206B
S21403AF800022034B01214FF480701A70FFF7E4BFD1
S21403AF900169002008B5054B1868FCF72EFE00F083
S21403AFA00300C31E5842584108BD00BFD8590020AD
S21403AFB038B5044601F098F90C4B0546197818790C
S21403AFC081420FD0631E082B0CD8DFE803F0050D73
S21403AFD00B0D0B0D0D0D0D0000220146044B1868DA
S21403AFE0FCF709FE284638BD0022F7E73973002030
S21403AFF0D859002038B54FF0FF300C46FFF77AF8E3
S21403B0000A4B05461868FFF775F8641B241A20B226
S21403B01010F1630F06DB10F1240F05DA64308000AD
S21403B020C0B238BD0020FCE7FF20FAE7D85900205D
S21403B03008B5134B1B78062B04D040F621011148A4
S21403B04001F025F8104B1B881B0704D440F6220199
S21403B0500C4801F01CF80D4B2A201978FFF7A8FFBF
S21403B06000210820FFF778FF0222094B1A70094BCC
S21403B0701868E8F76DFABDE8084001F084B800BF29
S21403B080016900202065040032610020FE6800206C
S21403B09068730020D859002010B50E4C236823B9D6
S21403B0A040F6A3410C4800F0F2FF2068013001F09F
S21403B0B0CCF800F0070003280AD1246809220121EE
S21403B0C0204600F0E3FB205C031F5842584110BDA6
S21403B0D00020FCE7C85900202065040038B50C465C
S21403B0E040B100210420FFF737FF01F04CF8012C94
S21403B0F01DD038BD244B1B889B07F6D50129234A50
S21403B1002FD1117869B30139C9B2117011B9202052
S21403B110FFF722FF00210220FFF71EFF04221C4B2D
S21403B12000211C481A7000F05DFD01F02CF81A4C43
S21403B1302068013001F089F800F44060B0F5006F34
S21403B1401FD1246801210422204600F09FFB2044DF
S21403B15001F07BF80146BDE838400022202001F0CC
S21403B1603DB800210D4D02201170FFF7F5FE2B7838
S21403B170FF2B04D040F29961094800F088FF2C7039
S21403B180B3E74FF6FF71E6E732610020006900205F
S21403B19001690020B0700020C859002069730020A0
S21403B1A02065040038B5134C05462388580709D58F
S21403B1B0FFF7F0FE01460720FFF7FAFEFF21012006
S21403B1C0FFF78CFF238899070BD50B4B2846197876
S21403B1D08A1F51425141FFF7EBFE01210020FFF782
S21403B1E07DFF23881B0703D5BDE83840FFF720BF44
S21403B1F038BD00BF3261002001690020F7B5124C4C
S21403B200D4E9006586EA020C85EA03070CEA000C1B
S21403B2100F405CEA070E15D086EA0C067D40C4E9AB
S21403B2200065CDE900230B46084902460868FCF78B
S21403B230A6F838B14FF4FD71054803B0BDE8F040F9
S21403B24000F025BF03B0F0BDA8150020D859002094
S21403B2502065040008B50A4B1B88DB0604D440F6B9
S21403B2604701084800F013FF00211020FFF774FE83
S21403B270002000F06BFBBDE8084000F084BF00BF71
S21403B28032610020206504002DE9F04F5706804602
S21403B29014461D4691B005D5FFF77CFE01460120F6
S21403B2A0FFF786FEEE0403D500212D20FFF780FE70
S21403B2B0A00224D54046FCF74CFD0146F8B94020D1
S21403B2C0FFF74AFE40460AA9FCF720F9B8B99DF8ED
S21403B2D03030022B40F0D980BDF8280001F0A3F8E7
S21403B2E0FF2808D14046FCF70FF940B9012140205A
S21403B2F0FFF732FE03E001F09AF80028F2D1A1032B
S21403B30005D5FFF747FE01460320FFF751FEE2018E
S21403B31004F0807640F1C080854B1B889B072DD5B3
S21403B320844E3068FCF787F840BB834B834F187016
S21403B3303B78FF2B04D040F25761814800F0A7FE0C
S21403B3404FF0000900210220FFF706FE87F8009061
S21403B3507C4F3B78062B07D101210820FFF7FCFD25
S21403B36049462820FFF724FE3B78052B06D100210B
S21403B3702B20FFF71DFE3068E8F7EAF800F003FF1E
S21403B380220717D56B4F0321386805AAFCF76DF81B
S21403B390064620B940F2C961694800F078FE9DF878
S21403B3A01430072B00F0D080FFF7F4FD014604208D
S21403B3B0FFF7FEFDE10505D5FFF7ECFD014604208A
S21403B3C0FFF7F6FD14F4863F05D0FFF7E3FD0146CD
S21403B3D00220FFF7EDFDA20113D5FFF7DBFD0146C3
S21403B3E00820FFF7E5FD00210420FFF7B5FD554BC8
S21403B3F01B78012B03D14F4B1868E8F7A9F800F028
S21403B400C2FE14F0084F09D0FFF7C4FD014607201B
S21403B410FFF7CEFDFF210120FFF760FEA30009D54D
S21403B420FFF7B8FD01460620FFF7C2FDFF21012006
S21403B430FFF754FEA70705D53D4B1B881E0701D50E
S21403B440FFF7F6FD6C0603D500210A20FFF7B0FDD3
S21403B450280602D50120FCF78DFCE90540F185811D
S21403B46040460AAA05A9FCF7C4FB9DF81430222B14
S21403B47000F06D8100F28281152B40F26A8140F65E
S21403B4800A112F4800F003FE6FE1032B7FF437AF5A
S21403B4900AA800F0C4FF30E705F0020756EA0703E0
S21403B4A00DD0284B26201978A1F1060EDEF10001F7
S21403B4B041EB0E01FFF77CFD0121304611E004F05D
S21403B4C0805656EA07030FD01E4B26201978A1F1A3
S21403B4D0060CDCF1000141EB0C01FFF769FD0221CC
S21403B4E03846FFF7FBFD4BE704F0884151EA0603B5
S21403B4F009D0144B272019788F1F79427941FFF71B
S21403B50057FD0221D9E705F008030B4302D0232099
S21403B510FFF74EFD680703D500212420FFF748FDFB
S21403B520E9077FF52DAF00212520FFF741FD27E72B
S21403B53032610020D859002000690020697300207A
S21403B5402065040001690020314638680AAAFBF723
S21403B55092FF20B14FF4DA619E4800F098FDBDF8E3
S21403B5601630386802330AA9ADF82C30FBF785FF8E
S21403B57020B140F2DF61974800F089FD0023009375
S21403B58031460423386804AAFBF779FF042804D05D
S21403B59040F2E4618F4800F07AFDDFF8589299F89C
S21403B5A00030C3BB0DF1110000F04FFE00F00700A2
S21403B5B0022830D1FFF7EEFC01460920FFF7F8FC1E
S21403B5C0854B1B78062B23D1844B9DF813201B78C1
S21403B5D09A421DD19DF8353023B940F2FA617D4871
S21403B5E000F055FD0DF1110000F02FFEC0F300161C
S21403B5F031462920FFF7DCFC00210820FFF7ACFCCE
S21403B600774B1E70FFF748FD10B93868E7F7A0FFC1
S21403B61000F0B9FDCEE6BDF816000121083080B271
S21403B62000F068FA039030B9FFF7B4FC0146042033
S21403B630FFF7BEFCECE700F0E9F905AA014606466B
S21403B6403868FBF724FF99F800A0BAF1000F22D15F
S21403B65006F1010B584600F0F8FD83065AD5386804
S21403B660FCF777FB0746FFF795FC05370146F8B26C
S21403B670FFF79EFC584600F0E8FD00F0070003289D
S21403B680584F2DD001210420FFF766FC4FF0FF3002
S21403B690FBF71CFF386000225349BDF816300978C3
S21403B6A0F718F1549DF83630BB709DF83730FB70B1
S21403B6B00A9B190E3971190C7971FB71190A99F8DD
S21403B6C00030B97123B9737892B343F020037370D3
S21403B6D0002000F069F97870039800F071FA97E794
S21403B6E001210922304600F0D1F8305C01210428FC
S21403B6F0C9D1FFF731FC4FF0FF30FBF7E7FE3B4BBA
S21403B70038601B885806C6D551464020FFF724FCF0
S21403B7100122C1E7FFF73EFC01460920FFF748FC7C
S21403B7202D4B1B78012BB6D13868E7F711FFB2E72C
S21403B73023F02003CBE701227E33DBB202FA03F3C6
S21403B74013F00A1F31D113F0011F3FF498AE2720E0
S21403B7502CE0012202FA03F3254A1A402ABB13F00F
S21403B760041FF4D1DA077FF58AAEAB052FD5012186
S21403B770802011B0BDE8F04FFFF7EEBB652B1AD85B
S21403B780622B12D8452B0CD8422B0ED8352B06D855
S21403B790322B0AD8252B08D9322BD8D06FE6422B6A
S21403B7A0FBE7552B05D8522BF7D92620FFF7FAFCD3
S21403B7B0DBE7622BF1E7952B3FF661AE812BBAD818
S21403B7C0722BC4D0733B022B3FF659AEEDE711B094
S21403B7D0BDE8F08F2065040001690020FD680020A5
S21403B7E068730020C45900206A7300203261002069
S21403B7F03A00380004690020024B1878B0FA80F04B
S21403B800400970470169002008B5064B4FF0FF3129
S21403B8101868FCF714FA0028B8BF033040F3870013
S21403B82008BD00BFD859002008B5074B1868FBF7BA
S21403B8303BFD30B1054BB3FBF0F083B20BB11846BA
S21403B84008BD0120FCE700BFD859002040420F0086
S21403B85038B510200C460121FFF77EFB064B1D680A
S21403B860FFF7E2FF012200FB04F1044B2846FCF736
S21403B870CBF9002038BD00BFD859002055B20300CD
S21403B880014800F004BC00BF3A650400032A70B503
S21403B890144602D82C4B985C70BD81F0010519B98B
S21403B8A00D2A07D1FF20F7E70D2A03D100780538C4
S21403B8B0C0B2F1E7084400F0C8FCC5F1040110F477
S21403B8C040660246C9B209D1042C0846E4D0052CCA
S21403B8D016D112F0400F18BF0846DDE7C5F1060380
S21403B8E0042CD8B2D8D0B6F5006F03D1C5F108053D
S21403B8F0E8B2ECE7B6F5406FE9D1C5F10E05F7E718
S21403B90012F4404107D1062CC6D0072CC4D0082C0D
S21403B91013D10130CCE755065CBF831CD8B2062C86
S21403B920BAD0B1F5004F02D1831CD8B2EDE7B1F51A
S21403B930404FEAD100F10803F7E7130744BF053089
S21403B940C0B20C2CA8D9ADE710B10400AC2370B577
S21403B950094C054603FB00435E6D26B940F2FD31F4
S21403B960064800F094FBAC2303FB05440023636501
S21403B9703346BDE870401847DC590020776504005D
S21403B98010B40C461146AC22064B02FB0033586D2E
S21403B99020B95C655DF8044BFFF75ABF02205DF8DB
S21403B9A0044B7047DC590020AC22034B02FB0033E8
S21403B9B093F8A800704700BFDC59002028B1034B5A
S21403B9C01B68C01A4010013080B270479C5A002092
S21403B9D030B1044B00F100401B68013803EB400014
S21403B9E0704700BF9C5A0020064B1B68834206D84C
S21403B9F0054B1B68834294BF00200120704700203C
S21403BA00704700BF9C5A0020985A002010B5044681
S21403BA1008B9002010BD00F075FC20B940F2CD41F6
S21403BA20074800F034FB2046FFF7D2FF0028F0D08B
S21403BA300388DB0B14BFD0F80A000830EAE700BF20
S21403BA404E65040010B508B9002010BDFFF7C0FF0F
S21403BA50044600F04EFC20B94FF49D61064800F002
S21403BA6016FB002CF0D02388DB0B0ABF60882089E6
S21403BA70C0F30C00E9E700BF4E65040038B5FFF7D6
S21403BA80A7FF0D46044650B100F033FC20B940F240
S21403BA904151034800F0FBFA023534F8150038BD6F
S21403BAA04E65040070B5FFF793FF0C461646054631
S21403BAB0B0B100F01EFC20B940F24D510C4800F026
S21403BAC0E6FA3046FFF784FF00F013FC20B940F295
S21403BAD04E51074800F0DBFA023425F8146070BDB7
S21403BAE040F25251BDE87040014800F0D0BA00BFA2
S21403BAF04E6504002DE9F8430746884600F069FBC7
S21403BB0020B940F28E512A4800F0C1FAFC1CA40862
S21403BB10284B64000434B7F5005F1E68A4B204D350
S21403BB2040F29551224800F0B2FA00F0BBF92249E0
S21403BB3081460B687BB9214B1D68761BC6F34F06FF
S21403BB40B44227D90025484600F0A7F92846BDE8A1
S21403BB50F843FFF733BFB8F1000F11D0174A156843
S21403BB605A1BC2F34F029442ECD81448620005EB0A
S21403BB7044040460B8F1000F0FD113440B600CE0CB
S21403BB80F61AC6F34F0676B940F2A651084800F0F7
S21403BB907EFAD7E705EB44041C6000236F80AB8076
S21403BBA0EB802B80CFE7B442CCD8044A1568DCE799
S21403BBB04E650400A05A0020885A0020985A002098
S21403BBC038B5054600F06EF90446294604480022B7
S21403BBD000F0A5FB2046BDE8384000F05EB900BF84
S21403BBE03861002082684B4B2DE9F0419A420446A7
S21403BBF00E46056815D121B140F21311464800F0F0
S21403BC0046FA00F04FF923691BB92B682BB9246158
S21403BC102C60BDE8F04100F040B91A6922611C614E
S21403BC20F6E700F02DFA8046FEF76AFA20B14FF4E5
S21403BC309571394800F02BFA6FF000439E42216954
S21403BC404BD22B7B08EB0602002B4DD0AB689342FE
S21403BC504AD1531C002949D06169994242D01EB982
S21403BC60521AB2F1004F3DD9636123696E689C4254
S21403BC7003D19D21284800F00AFA2F460023B44238
S21403BC800BD0002B41D172696169891AB1F1004F5B
S21403BC9032D83269374694422CD12269BD420CBF52
S21403BCA06A603A617BB92669B44203D1B8211A485F
S21403BCB000F0EDF93B46012E05D062697169521A10
S21403BCC0B2F1004F23D99D420BBF6B681A692361FB
S21403BCD022610CBF6C601C6104E0434431B16269AD
S21403BCE09342C1D1BDE8F0811346B3E76A68226187
S21403BCF06C60B9E71646C6E7A8EB0202B2F1004F3E
S21403BD00C7D93B4637463669B9E71F46F9E7334690
S21403BD103669D0E729500200626504000823064A04
S21403BD2012F8011B814205D0013B13F0FF03F7D144
S21403BD301846704701207047C1B104000823064A1D
S21403BD4012F8011B814205D0013B13F0FF03F7D124
S21403BD501846704701207047B9B1040010B5082291
S21403BD6007490446E1F794FAB0FA80F04FF6FF73FA
S21403BD702289400940009A4208BF40F0010010BDE6
S21403BD80D2B1040030B504460D4685B002B9084A60
S21403BD901068516801AB03C301AB03CB2060204698
S21403BDA0ADF80C501B886160238105B030BD00BF21
S21403BDB022EE0300002270B50A4B1C780A4BD5B25C
S21403BDC0AC4202D800200C7008E01E88013286427E
S21403BDD005D30D701B881B1A5842584170BD123389
S21403BDE0EDE700BF7E680020D860002010B5164B34
S21403BDF0187860B1154C2368CBB14FF470720020ED
S21403BE001349FFF7BDFD2368013B236010BDFFF711
S21403BE10FBFC1049104A91F90040136884420B4C0E
S21403BE2003F1010313602368B8BF087053B90B48C6
S21403BE3000F09DFA0028E9D1BDE810400146074806
S21403BE40FFF7D0BE0822DAE751690020145B002012
S21403BE50EDBD03004C6900200C5B00207C720020C3
S21403BE60054B1B682BB9054B1868003818BF012013
S21403BE7070470120704700BF045B0020005B002072
S21403BE8010B962B6BFF36F8F7047EFF3108072B6C8
S21403BE907047302383F31188704780F31188BFF30C
S21403BEA06F8F7047EFF31180302383F31188704749
S21403BEB0002070474FF4004070474FF47A70704785
S21403BEC00122417803788A4030214B4341F2100126
S21403BED003F1A04303F570335A507047B0F5802F33
S21403BEE024D010D8B0F5003F22D006D828B3B0F53A
S21403BEF0803F14BF012048207047B0F5403F14BF71
S21403BF0001202C207047B0F5302F13D008D8B0F599
S21403BF10E02F11D0B0F5202F14BF0120102070475A
S21403BF20B0F57F0F14BF0120062070474B207047E3
S21403BF302A207047112070472120704708B570B13A
S21403BF4000F022F84FF098435A6CD202FCD5586D95
S21403BF5010F4702004D0BDE80840FFF7BFBF2120CF
S21403BF6008BD08B528B128220021E0F745FE0020C9
S21403BF7008BD2120FCE7036A042B9FBF00EB830266
S21403BF800133D16003627047036A052B14D84FF060
S21403BF909842116CC902FCD504339B0013650168F3
S21403BFA0103B11604168116050F8081F11604FF094
S21403BFB098420344984200D1704750F8041F11601A
S21403BFC0F8E7836813B9816070475B685A68012A8B
S21403BFD0FBD15960704709B100F008B822207047BA
S21403BFE0012100F046B8002100F043B870B50646BC
S21403BFF00D46FFF757FF04461D2E37D8DFE806F039
S21403C0000F18361C1E203622243636362628362AA5
S21403C0102C2E303636363634363636363632FEF74D
S21403C0207FF8002628602046FFF737FF304670BDAE
S21403C0300120CFF7CDFAF4E70320FAE70420F8E768
S21403C0400C20F6E70220F4E70620F2E70720F0E7E5
S21403C0500820EEE70520ECE70920EAE70A20E8E7F0
S21403C0600D20E6E71020E4E70B20E2E70020212678
S21403C070D8E70020704708B5FEF7D6F880B208BDAB
S21403C08008B5FEF7D1F808BD704742DE704738B5ED
S21403C09004460D4600F008F8FFF7FBFE2946204647
S21403C0A0BDE83840FFF7F1BF704710B962B6BFF37B
S21403C0B06F8F7047012070472DE9FF410D461646E6
S21403C0C01F460446A8B14FF00008C0F81C80FEF7D0
S21403C0D0A3FCBDF82C30424602939DF8283029462F
S21403C0E0CDE9007320463346FEF75EFC04B0BDE898
S21403C0F0F0812220FAE7F0B51F46002387B00D46ED
S21403C100164604468DF81730A8B1C3610DF1170122
S21403C110FEF7A4FC9DF817207AB9BDF834302946FB
S21403C12002939DF830302046CDE900733346FEF780
S21403C1303BFC07B0F0BD2220FBE70320F9E738B548
S21403C140FFF7B0FE054600F016F804462846FFF74C
S21403C150A4FE204638BD4FF0B04301285B6904D0E7
S21403C160022805D1C3F3C000704703F001007047EF
S21403C1700020704770474FF0B0439A6A1207FCD40A
S21403C180186A7047704708B5FFF7FCFF00F01DF804
S21403C19008BD10B5FFF779FE012104460846FEF7F1
S21403C1A0DFF82046BDE81040FFF76ABE10B5044628
S21403C1B000F012F82046FAF7F7FF2046F8F72CF9B6
S21403C1C0BDE81040F9F7EFBC704708B5FFF7FCFF72
S21403C1D008BD0120704770470020704730B589B00E
S21403C1E00446ADF806108DF81020FFF797FD0546B8
S21403C1F02046FFF7A3FD03469DB1BDF80600ABB985
S21403C20000F0BAF8FF2808BF00200DF10F038DF8E1
S21403C2100F001A46204604990593FEF725FE09B03B
S21403C22030BD0028F5D00DF10603F2E700F0A4F8C0
S21403C230FF2808BF0020BDF806308DF80F00ADF8C4
S21403C2401A308DF8180006ABE3E7008870470170D4
S21403C250090A41707047012070470120704738B5BE
S21403C260DFF70AFC0446D4F739FC051E18BF25463B
S21403C270D4F706FD041E18BF2C46FFF7ECFF002874
S21403C28018BF204638BD38B5FEF7BAF90446F7F7A7
S21403C290C3FA04281ED002284FF0000508BF012465
S21403C2A0F8F762F9042817D0022808BF0124F7F725
S21403C2B0F2FE042812D0022808BF0124FFF7CDFFA0
S21403C2C004280DD0022808BF0124002D18BF00241F
S21403C2D0204638BD0125E3E70125E8E70125EDE71C
S21403C2E00024F5E7FF20704708B5FFF7FBFF0020A3
S21403C2F008BD08B520B1FFF777FB00F0010008BDC5
S21403C3000120FAE708B5FFF763FBBDE80840FFF72F
S21403C310F0BF008810B1C9B2FFF7B0BB70472DE974
S21403C320F041B0F8008006460C46D5B2B8F1000FCF
S21403C33011D029464046FFF7A1FB22460746294669
S21403C3404046FFF7AFFB3A4629462046FFF7AAFBCF
S21403C3503480BDE8F0810F46F5E703461B880846A0
S21403C3608B4202D00021FFF789BB0020704700698B
S21403C370003818BF0120704700207047F8B50646FE
S21403C3800D46FFF7EBFC0328044621D02846FFF7AB
S21403C390E5FC032807461BD010F0020318D1A007BC
S21403C3A00DD5F90716D401233C43E20704D431899B
S21403C3B02A89914218BF002303F00100F8BD082222
S21403C3C029463046E0F764FFB0FA80F35B09EBE7F3
S21403C3D00020F3E71846F1E770B50D460021064640
S21403C3E0FFF797FF044630B1FFF710FB01462846D8
S21403C3F0FFF7C4FF08B1204670BD21463046FFF75D
S21403C400ACFFEFE707B50DF10701FFF7D3FC20B14B
S21403C4109DF8070003B05DF804FBFF20FAE7002051
S21403C4207047FF207047FF207047FF2070470020AB
S21403C4307047002000217047002070472DE9F8431D
S21403C44007460846154688461C469DF82090FFF783
S21403C450DDFA4619A4B19EB14046FFF7F3FA254428
S21403C46085420FDC2246B9F1000F06D13146384625
S21403C470E0F714FC0020BDE8F88339463046F7E7BA
S21403C4802120F8E71D20F6E700000000000000006A
S21403C4900000000000000000000000000000000094
S21403C4A0F8B500BFF8BC08BC9E467047F8B500BF99
S21403C4B0F8BC08BC9E4670475FF800F0216B00206E
S21403C4C05FF800F0856A002049676E6F72696E67D1
S21403C4D0204D4355206C65617665207265717565E0
S21403C4E073743A20616C7265616479206A6F696E51
S21403C4F065640D0A004D4355206C656176652072B0
S21403C500657175657374207768696C6520756E6AE6
S21403C5106F696E65643A2072657374617274696ECE
S21403C52067207374656572696E670D0A00446576E5
S21403C5306963652074797065206368616E6765203A
S21403C54064657465637465643A202564202D3E2013
S21403C55025640D0A00507265737320646574656301
S21403C5607465640D0A004D756C746920707265738A
S21403C570732064657465637465643A2025640D0AE4
S21403C5800052656C656173652064657465637465E4
S21403C590640D0A004C6F6E672070726573732064B7
S21403C5A0657465637465640D0A0072656C61795F12
S21403C5B073746172745F6C61746368696E675F70CD
S21403C5C0756C73653A20616E6F746865722070755A
S21403C5D06C7365206973206163746976650D0A0060
S21403C5E072656C61795F6F6E0D0A0072656C6179B6
S21403C5F05F6F66660D0A0072656C61795F746F67BC
S21403C600676C650D0A0057726974696E6720636FFD
S21403C6106E66696720746F206E763A2025730D0A5E
S21403C6200053697A653A2025640D0A004661696CF1
S21403C630656420746F207772697465204445564993
S21403C64043455F434F4E4649475F44415441207438
S21403C6506F204E562C207374617475733A202564CC
S21403C6602E202862797465733A202564290D0A0002
S21403C67073756363657373210D0A004661696C65A0
S21403C6806420746F2072656164204E565F4954457A
S21403C6904D5F4445564943455F434F4E4649472CF5
S21403C6A0207573696E672064656661756C742063B4
S21403C6B06F6E66696720696E73746561642C207398
S21403C6C074617475733A2025642E20286279746524
S21403C6D0733A202564290D0A005573696E67206333
S21403C6E06F6E6669673A20256420636861727320FB
S21403C6F066726F6D0D0A25730D0A00617870647893
S21403C7007167753B5453303034312D4D413B5341A3
S21403C71034753B494331693B425441303B4D3B0002
S21403C72057726974696E6720647020636F6E6669FA
S21403C7306720746F206E763A2025730D0A004661D3
S21403C740696C656420746F20777269746520445041
S21403C7505F434F4E46494720746F204E562C207336
S21403C76074617475733A2025642E20286279746583
S21403C770733A202564290D0A005573696E67206491
S21403C7807020636F6E6669673A202564206368616C
S21403C79072732066726F6D0D0A25730D0A00577249
S21403C7A06974696E672064657669636520636F6E76
S21403C7B06669672065787420746F206E763A202544
S21403C7C0730D0A004661696C656420746F20777286
S21403C7D0697465204445564943455F434F4E464971
S21403C7E0475F45585420746F204E562C207374614F
S21403C7F07475733A2025642E202862797465733A1B
S21403C800202564290D0A005573696E6720646576D2
S21403C81069636520636F6E666967206578743A207E
S21403C82025642063686172732066726F6D0D0A2536
S21403C830730D0A006465766963655F636F6E666988
S21403C840675F657874207472756E63617465643AA5
S21403C850202564206F662025642062797465732022
S21403C860646964206E6F74206669740D0A004E65F1
S21403C87074776F726B207374617475732063686169
S21403C8806E67656420746F2025640D0A004D616E23
S21403C89075666163747572657220746F6F20626962
S21403C8A0670D0A004D6F64656C20746F6F206269B4
S21403C8B0670D0A00546F6F206D616E792072656C88
S21403C8C06179732C2069676E6F72696E67202573B2
S21403C8D00D0A00496E697469616C697A696E67202E
S21403C8E05A696762656520776974682025642073D2
S21403C8F0776974636865732C2025642072656C61A0
S21403C90079732C2025642064696D6D6572732C2001
S21403C910256420636F766572207377697463686530
S21403C920732C20256420636F766572730D0A0043AB
S21403C9306F6E6669672070617273656420737563D2
S21403C9406365737366756C6C790D0A007265616452
S21403C9502076657273696F6E20666F726D206E65E2
S21403C96077206C6F636174696F6E0D0A00466169A8
S21403C9706C656420746F207772697465206C6173CC
S21403C980745365656E56657273696F6E20746F2097
S21403C9904E562C2073743A2025640D0A004F6C649F
S21403C9A02076657273696F6E3A2025640D0A00431C
S21403C9B0757272656E742076657273696F6E3A204F
S21403C9C025640D0A00524553455420414C4C210D15
S21403C9D00A0068616C5F6770696F5F63616C6C62A5
S21403C9E061636B3A2065787469206C696E652025EF
S21403C9F06C642073746174757320256C750D0A005E
S21403CA0068616C5F6770696F5F63616C6C626163BA
S21403CA106B3A206E6F206672656520455854492030
S21403CA206C696E65730D0A002F686F6D652F7275DE
S21403CA306E6E65722F776F726B2F747579612D7AB0
S21403CA4069676265652D7377697463682F74757992
S21403CA50612D7A69676265652D7377697463682FDC
S21403CA6073696C6162735F746F6F6C732F73696D38
S21403CA70706C69636974795F73646B2F2E2E2F2E27
S21403CA802E2F7372632F73696C6162732F68616CE8
S21403CA902F7A69676265652E630044726F707069EA
S21403CAA06E67206F6C64204F544120696D61676523
S21403CAB02C2063757272656E74206F666673657478
S21403CAC03A20256C750A00556E6B6E6F776E206381
S21403CAD06F76657220636F6D6D616E643A202564B0
S21403CAE00D0A00556E6B6E6F776E20636D6420259E
S21403CAF0640D0A00427574746F6E207072657373EA
S21403CB002064657465637465642C20627574206E96
S21403CB106F20627574746F6E20697320707265730C
S21403CB207365640D0A00427574746F6E206C6F6EC5
S21403CB3067207072657373206465746563746564D7
S21403CB402C20627574206E6F20627574746F6E206D
S21403CB506973206C6F6E6720707265737365640DFE
S21403CB600A004E6F20636F7665722073776974636D
S21403CB706820636F6E66696720696E204E562C20A8
S21403CB807573696E672064656661756C74730D0AE8
S21403CB900064705F617474723A2062616420656E2B
S21403CBA07472792061742025640D0A0064705F61D5
S21403CBB07474723A202564206174747269627574A1
S21403CBC065287329206D61707065640D0A004174D1
S21403CBD074726962757465206368616E6765642C38
S21403CBE02065703A2025642C20636C757374657217
S21403CBF03A2025642C20617474723A2025640D0A49
S21403CC0000506F6C6C20636F6E74726F6C3A207397
S21403CC10656E64696E6720636865636B2D696E0D68
S21403CC200A005A434C2061637469766974792C2030
S21403CC30656E746572696E67206661737420706FC3
S21403CC406C6C0D0A00506F6C6C20636F6E74726FA1
S21403CC506C3A20636865636B2D696E20726573702A
S21403CC606F6E73652C20666173743D25642C207487
S21403CC70696D656F75743D25640D0A00506F6C6CA5
S21403CC8020636F6E74726F6C3A20666173742070E3
S21403CC906F6C6C2073746F700D0A00506F6C6C2091
S21403CCA0636F6E74726F6C3A20736574206C6F6E6C
S21403CCB06720706F6C6C20696E74657276616C3D6C
S21403CCC0256C750D0A00506F6C6C20636F6E747262
S21403CCD06F6C3A207365742073686F727420706F7C
S21403CCE06C6C20696E74657276616C3D25640D0A02
S21403CCF000506F6C6C20636F6E74726F6C3A2063B7
S21403CD006865636B2D696E20696E74657276616CF7
S21403CD10207772697474656E3D256C750D0A005034
S21403CD206F6C6C20636F6E74726F6C3A20696E76EC
S21403CD30616C696420636865636B2D696E20696E38
S21403CD4074657276616C2C20726576657274696E92
S21403CD50670D0A00506F6C6C20636F6E74726F6C95
S21403CD603A206661737420706F6C6C2074696D650D
S21403CD706F7574207772697474656E3D25640D0A49
S21403CD8000506F6C6C20636F6E74726F6C3A206623
S21403CD9061737420706F6C6C2074696D656F757445
S21403CDA02C20737769746368696E6720746F206CD0
S21403CDB06F6E6720706F6C6C0D0A00556E6B6E6F2E
S21403CDC0776E204C6576656C4374726C20636F6D6A
S21403CDD06D616E643A2025640D0A00556E6B6E6FA6
S21403CDE0776E204F6E4F666620636F6D6D616E645F
S21403CDF03A2025640D0A00496E6465782061742024
S21403CE00777269746520617474723A2025640D0A1A
S21403CE10004E6F2073776974636820636F6E66696C
S21403CE206720696E204E562C207573696E672064E2
S21403CE30656661756C74730D0A00496E76616C697C
S21403CE40642072656C61795F696E64657820256419
S21403CE5020696E204E562C20726573657474696E55
S21403CE606720746F2064656661756C740D0A0043F1
S21403CE706C6F636B207365742066726F6D20636FCF
S21403CE806F7264696E61746F723A2025750D0A00BD
S21403CE905365636F6E64617279204D4355206C69E8
S21403CEA06E6B20737475636B2C207265696E697480
S21403CEB069616C6973696E6720554152540D0A00A7
S21403CEC03E2000556E6B6E6F776E206572726F72C2
S21403CED000496E70757420627566666572206973A4
S21403CEE02046554C4C004D6178696D756D206E7506
S21403CEF06D626572206F6620617267756D656E740C
S21403CF0073206578636565646564005468652061AD
S21403CF107267756D656E74206973206E6F74206614
S21403CF206F726D617474656420636F727265637487
S21403CF306C7900496E636F72726563742061726701
S21403CF40756D656E74207479706500496E636F72D3
S21403CF5072656374206E756D626572206F662061FC
S21403CF607267756D656E7473004E6F20636F6D6DBB
S21403CF70616E6420666F756E640075696E74380042
S21403CF806164646974696F6E616C002A00756E6B08
S21403CF906E6F776E0077696C6463617264006865B0
S21403CFA0786F707400737472696E676F707400754F
S21403CFB0696E7433326F70740075696E7431366FD0
S21403CFC070740075696E74386F70740068657800E5
S21403CFD0737472696E670075696E743136007569AD
S21403CFE06E743332002E2E2E200068656C70000A95
S21403CFF025730A257325730025732008002F686F91
S21403D0006D652F72756E6E65722F776F726B2F74E8
S21403D0107579612D7A69676265652D7377697463BF
S21403D020682F747579612D7A69676265652D7377E4
S21403D030697463682F73696C6162735F746F6F6C76
S21403D040732F73696D706C69636974795F73646B4E
S21403D0502F706C6174666F726D2F73657276696379
S21403D060652F6C65676163795F68616C2F737263A4
S21403D0702F626173652D7265706C6163656D656E95
S21403D080742E63002F686F6D652F72756E6E6572F2
S21403D0902F776F726B2F747579612D7A6967626566
S21403D0A0652D7377697463682F747579612D7A6952
S21403D0B0676265652D7377697463682F73696C613E
S21403D0C062735F746F6F6C732F73696D706C6963D3
S21403D0D06974795F73646B2F706C6174666F726DBD
S21403D0E02F736572766963652F746F6B656E5F6DFC
S21403D0F0616E616765722F6C65676163792F737202
S21403D100632F736C5F746F6B656E5F6D616E6167C3
S21403D11065722E63002F686F6D652F72756E6E6570
S21403D120722F776F726B2F747579612D7A696762C8
S21403D13065652D7377697463682F747579612D7AC5
S21403D14069676265652D7377697463682F73696CA5
S21403D1506162735F746F6F6C732F73696D706C6944
S21403D160636974795F73646B2F706C6174666F7236
S21403D1706D2F736572766963652F746F6B656E5F6B
S21403D1806D616E616765722F6C65676163792F7376
S21403D19072632F736C5F746F6B656E5F6D616E7514
S21403D1A0666163747572696E672E63004375727287
S21403D1B0656E7420436F6E6669673A202530780083
S21403D1C053657420434341206D6F646520746F205C
S21403D1D025643A2025307800656E61626C656400CC
S21403D1E064697361626C6564006F757428636C6947
S21403D1F0656E742900696E202873657276657229D8
S21403D200004D464720537472696E673A20257300B3
S21403D2104170704275696C646572204D46472043C1
S21403D2206F64653A20307825303458006E6F646535
S21403D230205B004164646974696F6E616C20696E7B
S21403D240746572666163657300202025643A200066
S21403D25070616765205B25645D206368616E205B93
S21403D26025645D20707772205B25645D006E6F74A5
S21403D27020616374697665006572726F7220307818
S21403D280253038580070616E4944205B307825306D
S21403D29034585D206E6F64654944205B30782530D2
S21403D2A034585D20007870616E205B3078007061C2
S21403D2B072656E744944205B3078253034585D209F
S21403D2C0706172656E7452737369205B25645D00CA
S21403D2D06E6F646554797065205B00536563757281
S21403D2E0697479206C6576656C205B253032585DF1
S21403D2F0006E6574776F726B207374617465205B60
S21403D300253032585D200042756666657220627964
S21403D3107465733A202564202F2025640045702009
S21403D320636E743A202564006570202564205B656F
S21403D3306E64706F696E742025732C20646576693D
S21403D34063652025735D20006E776B205B25645D27
S21403D3502070726F66696C65205B307825303458B0
S21403D3605D206465764964205B3078253034585DEB
S21403D37020766572205B3078253032585D00202099
S21403D3802020257320636C75737465723A20307899
S21403D3902530345820004E776B20636E743A202570
S21403D3A064006E776B202564205B25735D005072E6
S21403D3B0696D617279202870726F290020206E6F64
S21403D3C0646554797065205B3078253032585D008B
S21403D3D02020736563757269747950726F66696C21
S21403D3E065205B3078253032585D00455020256433
S21403D3F03A20257320004572726F723A2020556ECC
S21403D4006B6E6F776E20656E64706F696E742E0038
S21403D410456E61626C65206576656E742064656230
S21403D420756720696E666F20696E20436F7265208C
S21403D430434C4920636F6D706F6E656E74006F6E3C
S21403D4406C7920636F6F7264696E61746F72732098
S21403D45063616E20666F726D0A006A6F696E2030B4
S21403D46078253038580A006C656176650025732088
S21403D4703078253032580A0072656A6F696E00721A
S21403D480656A6F696E446966664465766963655462
S21403D490797065006578742E2050414E2049443AD1
S21403D4A020004E574B206F70656E3A20257520730B
S21403D4B06563004E574B20636C6F73656400666943
S21403D4C06E64206A6F696E61626C653A20307825F7
S21403D4D03032580066696E6420756E757365643AFB
S21403D4E020307825303258004368616E67696E676E
S21403D4F020746F206368616E6E656C2025643A2025
S21403D50030782530325800696E76616C6964206E17
S21403D5106574776F726B20696E6465780053686F05
S21403D52072742049443A203078253034582C2045EC
S21403D530554936343A20002C2050616E2049443A2F
S21403D5402030782530345800537461727465642033
S21403D5506D756C74692D70687920696E7465726672
S21403D560616365004661696C656420746F2025738A
S21403D57020257320307825303258005465726D6943
S21403D5806E61746564202573203078253032580028
S21403D5904B65657020616C69766520737570706F76
S21403D5A0727420656E61626C65642E006661696CD8
S21403D5B0656420746F20736574206B6565702061E5
S21403D5C06C697665206D6F64652E0073756363659D
S21403D5D0737366756C6C7920736574207468652044
S21403D5E06368696C642074696D656F7574206F7009
S21403D5F074696F6E206D61736B2E006661696C656E
S21403D6006420746F2073657420746865206368698A
S21403D6106C642074696D656F7574206F7074696FC0
S21403D6206E206D61736B2E00646973636F7665722B
S21403D630004D61746368202573792066726F6D20D0
S21403D6403078253034582C206570202564004E57DA
S21403D6504B204164647265737320726573706F6EDA
S21403D66073653A20307825303458004945454520BF
S21403D6704164647265737320726573706F6E73654D
S21403D6803A200053657276696365202573792064B2
S21403D6906F6E652E00232020747970652020206E1F
S21403D6A0776B20206C6F6320202072656D2020200E
S21403D6B0636C75732020206E6F646520202065756B
S21403D6C06900202025642020202030782530345817
S21403D6D020203078253034582020307825303458B0
S21403D6E0203078253034582000736C5F7A6967627F
S21403D6F065655F6765745F62696E64696E6720451A
S21403D70072726F723A203078253038580A002564D2
S21403D710206F662025642062696E64696E677320D5
S21403D7207573656400656E61626C6564207072690A
S21403D7306E740064697361626C6564207072696EEE
S21403D7407400616464206C696E6B206B65790045B8
S21403D75052523A2043616C63756C6174656420436E
S21403D760524320646F6573206E6F74206D6174631B
S21403D77068004552523A20496E7374616C6C2043BC
S21403D7806F6465206D75737420626520382C2031B4
S21403D790302C2031342C206F72203138206279747B
S21403D7A0657320696E206C656E6774680045525217
S21403D7B03A204145532D4D4D4F20686173682066CE
S21403D7C061696C65643A20307825303258005365B9
S21403D7D074206A6F696E696E67206C696E6B206B66
S21403D7E06579007365742062696E642025643A2047
S21403D7F030782530327800454D50545900554E49FF
S21403D8004341004D324F4E45004D554C5449003F61
S21403D8102020202000496E64657820494545452030
S21403D820416464726573732020202020202020200A
S21403D8304E574B496E6465782020496E2046432038
S21403D8402020202054544C28732920466C616720DE
S21403D8502020204B657920202020002564202020CE
S21403D86020200020202564202020202020200020A7
S21403D8702025303858202000203078253034582092
S21403D8802000496E64657820494545452041646417
S21403D89072657373202020202020202020496E20CC
S21403D8A0464320202020205479706520204175743B
S21403D8B06820204B6579002D20202020200025633A
S21403D8C02020202020256320202020200069657347
S21403D8D0005741524E494E473A202052454144494B
S21403D8E04E47204F46204B45592056414C554553ED
S21403D8F02044495341424C4544204259204D464713
S21403D90020544F4B454E004E574B204B6579002510
S21403D91073206F75742046433A2025303858002507
S21403D9207320736571206E756D3A2030782530321A
S21403D93058002573206F75742046433A20253038E7
S21403D9407800544320257320002573205461626CAD
S21403D950650025642F256420656E747269657320DF
S21403D960757365642E005472616E7369656E7420F8
S21403D9704B657900256420656E7472257320636F8A
S21403D9806E73756D696E67202564207061636B65C1
S21403D990742062756666657225732E0057494C4C73
S21403D9A00057494C4C204E4F5400547275737420E4
S21403D9B043656E74657220257320616C6C6F7720E7
S21403D9C074727573742063656E7465722072656A0B
S21403D9D06F696E73207573696E672077656C6C2D3F
S21403D9E06B6E6F776E206B65792E005365742074AB
S21403D9F0696D656F757420666F72205472757374E3
S21403DA002043656E7465722072656A6F696E732053
S21403DA107573696E672077656C6C2D6B6E6F776EAA
S21403DA20206C696E6B206B657920746F20256420EB
S21403DA307365636F6E64732E004552524F523A20DD
S21403DA40002573737461636B206D75737420626550
S21403DA5020646F776E2E0052656164696E6720419D
S21403DA606C6C6F7765640048617368696E67206FD6
S21403DA706E6C7900736C5F7A69676265655F6B6568
S21403DA80795F73657474696E67735F743A20307870
S21403DA90253034580020205065726D697373696FA2
S21403DAA06E733A202573004572726F723A20466190
S21403DAB0696C656420746F2067657420636F6E6697
S21403DAC069672C207374617475733A203078253037
S21403DAD03858004661696C65643A203078253038DA
S21403DAE058004D73673A20636C7573203078253081
S21403DAF034582C20636D64203078253032582C201F
S21403DB006C656E202564006275666665723A200051
S21403DB10454D4245525F002573534543555249547C
S21403DB20595F4C4556454C3A2025303258002573EC
S21403DB306572617365206B65792025643A203078B9
S21403DB402530385800636D64206E6F7420627569E3
S21403DB506C740073726320657020253032782C2035
S21403DB60636C757320253034780073656E64696E54
S21403DB706720746F206D756C7469636173742062BB
S21403DB80696E640025733A2065703A2025642C205C
S21403DB90636C3A203078253034582C2061747472C4
S21403DBA03A20307825303458002C207376723A2089
S21403DBB025630025733A20726561643A2030782520
S21403DBC0303278002C207376723A2025632C20643A
S21403DBD0747970653A203078253032580041726780
S21403DBE0756D656E7420617420696E6465783A207D
S21403DBF02564206973206F7574206F662072616ECA
S21403DC00676500436F6D6D616E6420616C7265615C
S21403DC106479206275696C742E202043616E6E6F82
S21403DC207420736574204D46472073706563696678
S21403DC30696320636F646520666F7220636F6D6D22
S21403DC40616E642E004D464720436F64652053651E
S21403DC507420666F72206E65787420636F6D6D61D5
S21403DC606E643A2030782530345800557365204E5C
S21403DC706578742053657175656E636520536574A6
S21403DC8020666F72206E65787420636F6D6D616EAB
S21403DC90643A203078253032580044697361626CE8
S21403DCA0652044656661756C7420526573706F6E8B
S21403DCB073652053657420666F72206E65787420D2
S21403DCC0636F6D6D616E643A20307825303258008C
S21403DCD04552523A2072656164696E6720617474B6
S21403DCE07269627574652025303278004552523A5F
S21403DCF0206174747269627574652073697A65202D
S21403DD00256420746F6F206C6172676520666F727E
S21403DD1020627566666572004572726F723A20619C
S21403DD2074747269627574652049442030782530AE
S21403DD303458207265706F727461626C6520636814
S21403DD40616E67652069732073697A65202564426E
S21403DD502C206275742025644220656E7465726596
S21403DD60640A006E6F20636D64004572726F723AC8
S21403DD7020434C492053656E64206661696C656474
S21403DD802C207374617475733A20307825303858B4
S21403DD90004572726F723A20204555493634206129
S21403DDA07267756D656E7420697320656D7074791E
S21403DDB020616E64206C6F6F6B7570206279206EC5
S21403DDC06F6465204944206661696C65642E00476C
S21403DDD0726F757000556E696361737400556E6279
S21403DDE0696E6420257320257330782530325800F9
S21403DDF0526571756573743A20005A444F207369EF
S21403DE006D706C65206465736320726571202530C0
S21403DE103278005A444F206E6F64652064657363DE
S21403DE20207265712025303278005A444F206D6188
S21403DE3074636820646573632072657120253032CD
S21403DE4058005573696E67206D79206C6F63616C3B
S21403DE5020455549363420666F72206465737420F6
S21403DE60455549363420696E2062696E64696E676B
S21403DE70005A444F2062696E642072657120253013
S21403DE80327800636C7573746572206C696D69749F
S21403DE90207265616368656400696E76616C6964A7
S21403DEA020706167653A202564206F72206368617D
S21403DEB06E6E656C3A202564004368616E67652064
S21403DEC06368616E6E656C207374617475733A2053
S21403DED0307825303278006475726174696F6E200D
S21403DEE06D75737420626520696E2072616E676556
S21403DEF02030202D203500636F756E74206D75738A
S21403DF007420626520696E2072616E676520312019
S21403DF102D2038007363616E2073746174757320EB
S21403DF20307825303258006E6574776F726B2075C3
S21403DF30706461746520736574207374617475739B
S21403DF402030782530325800416374697665204561
S21403DF50502072657175657374207374617475737C
S21403DF603A20307825303258004C514920546162AB
S21403DF706C6520726571756573743A203078253048
S21403DF8032580042696E64696E67205461626C653C
S21403DF9020726571756573743A203078253032586F
S21403DFA0004C65617665202573307825303258003D
S21403DFB0506F7765722044657363726970746F720D
S21403DFC0202573307825303258005573696E6720E4
S21403DFD06D79206C6F63616C204555493634206635
S21403DFE06F72206465737420455549363420696E14
S21403DFF020756E62696E64696E6700526F7574652C
S21403E000205461626C6520257330782530325800C1
S21403E0102F686F6D652F72756E6E65722F776F72D0
S21403E0206B2F747579612D7A69676265652D7377D1
S21403E030697463682F747579612D7A69676265659B
S21403E0402D7377697463682F73696C6162735F7489
S21403E0506F6F6C732F73696D706C69636974795F26
S21403E06073646B2F70726F746F636F6C2F7A69674C
S21403E0706265652F6170702F6672616D65776F726A
S21403E0806B2F636F6D6D6F6E2F736C5F7A6967624C
S21403E09065655F73797374656D5F636F6D6D6F6EC2
S21403E0A02E6300457874656E6465642052657365F7
S21403E0B07420696E666F3A203078253034582028ED
S21403E0C0257329002F686F6D652F72756E6E6572E6
S21403E0D02F776F726B2F747579612D7A6967626516
S21403E0E0652D7377697463682F747579612D7A6902
S21403E0F0676265652D7377697463682F73696C61EE
S21403E10062735F746F6F6C732F73696D706C696382
S21403E1106974795F73646B2F70726F746F636F6C5F
S21403E1202F7A69676265652F6170702F6672616DFD
S21403E13065776F726B2F636F6D6D6F6E2F7A69677E
S21403E1406265655F6170705F6672616D65776F7239
S21403E1506B5F736C6565702E630053746179206121
S21403E16077616B65207768656E206E6F74206A6FC3
S21403E170696E65643A20257300466F726365642092
S21403E18073746179206177616B653A2020202020C3
S21403E1902020202020257300466F7263696E672057
S21403E1A064657669636520746F2073746179206192
S21403E1B077616B6500416C6C6F77696E6720646589
S21403E1C07669636520746F20676F20746F20736CA5
S21403E1D0656570002F686F6D652F72756E6E65725C
S21403E1E02F776F726B2F747579612D7A6967626505
S21403E1F0652D7377697463682F747579612D7A69F1
S21403E200676265652D7377697463682F73696C61DC
S21403E21062735F746F6F6C732F73696D706C696371
S21403E2206974795F73646B2F70726F746F636F6C4E
S21403E2302F7A69676265652F6170702F6672616DEC
S21403E24065776F726B2F636F6D6D6F6E2F7A69676D
S21403E2506265655F737461636B5F736C6565702E6F
S21403E260630052583A205265736574546F4661636F
S21403E270746F727944656661756C747343616C6C14
S21403E2806261636B00657A737020636F756E746585
S21403E2907273206661696C656420257500657A7300
S21403E2A070205265736574205468726573686F6C6A
S21403E2B064206572726F7220257500657A7370200C
S21403E2C0536574205468726573686F6C6420657256
S21403E2D0726F72202575002575292025733A20252F
S21403E2E0750053657474696E672054687265736845
S21403E2F06F6C6420636F6D6D616E64003F3F3F001B
S21403E3004D6163205278204263617374004D6163EC
S21403E310205478204263617374004D616320527801
S21403E320205563617374004D6163205478205563F0
S21403E330617374004D616320547820556361737470
S21403E340205265747279004D6163205478205563BA
S21403E350617374204661696C0041505320527820E3
S21403E36042636173740041505320547820426361C2
S21403E37073740041505320527820556361737400C0
S21403E380415053205478205563617374205375634A
S21403E390636573730041505320547820556361734B
S21403E3A07420526574727900415053205478205576
S21403E3B063617374204661696C00526F75746520DF
S21403E3C04469736320496E69746961746564004EB9
S21403E3D065696768626F72204164646564004E65B0
S21403E3E0696768626F722052656D6F766564004E6A
S21403E3F065696768626F72205374616C65004A6F63
S21403E400696E20496E6469636174696F6E00436860
S21403E410696C64204D6F76656400415348204F76DF
S21403E4206572666C6F7700415348204672616D656E
S21403E430204572726F7200415348204F76657272A0
S21403E440756E204572726F72004E574B20464320FE
S21403E4504661696C757265004150532046432046F9
S21403E46061696C7572650041534820584F666600B3
S21403E47041505320556E617574686F72697A65648E
S21403E480204B6579004E574B204465637279707450
S21403E490204661696C75726573004150532044656C
S21403E4A06372797074204661696C75726573005087
S21403E4B061636B65742042756666657220416C6C99
S21403E4C06F63617465204661696C7572657300528B
S21403E4D0656C61796564205563617374005068796F
S21403E4E020746F204D4143207175657565206C69F6
S21403E4F06D69742072656163686564005061636B5F
S21403E50065742056616C69646174652064726F700B
S21403E51020636F756E74004E574B20726574727964
S21403E520206F766572666C6F7700434341204661C1
S21403E530696C757265730042726F616463617374AC
S21403E540207461626C652066756C6C0050544120C3
S21403E5504C6F205072692052657100505441204818
S21403E56069205072692052657100505441204C6FE7
S21403E570205072692044656E6965640050544120DA
S21403E5804869205072692044656E6965640050547A
S21403E59041204C6F20507269205478204162727477
S21403E5A00050544120486920507269205478204115
S21403E5B0627274004164647265737320436F6E669F
S21403E5C06C6963742053656E740043534C20527811
S21403E5D0207363686564756C65206661696C656441
S21403E5E0000D004465627567207072696E7420675B
S21403E5F0726F75702025730A0057726F6E672070EE
S21403E6006172616D657465720A005363686564754B
S21403E6106C65206D6F7665206E776B0025732025FD
S21403E620643A202564004D6178206D6F7665206C12
S21403E630696D69742072656163686564206E776BC3
S21403E6402025643A20256400456E64204465766977
S21403E650636520506F6C6C20496E666F726D6174D3
S21403E660696F6E00454D4245525F454E445F4445D3
S21403E670564943455F54494D454F55543A2020204B
S21403E68020202020256400506F6C6C20636F6D7013
S21403E6906C657465642063616C6C6261636B3A20BD
S21403E6A0257300202043757272656E7420506F6C5C
S21403E6B06C20496E74657276616C20287173293AF2
S21403E6C0202020256C640020204C6F6E6720506F3E
S21403E6D06C6C20496E74657276616C2028717329A0
S21403E6E03A202020202020256C6400202053686FC9
S21403E6F0727420506F6C6C20496E74657276616C10
S21403E70020287173293A2020202020256C640020BD
S21403E7102057616B652054696D656F757420287189
S21403E72073293A2020202020202020202020202566
S21403E7306C6400202057616B652054696D656F75A6
S21403E74074204269746D61736B3A20202020202068
S21403E75020202030782530385800202043757272E8
S21403E760656E7420417070205461736B733A202079
S21403E77020202020202020202020307825303858C4
S21403E78000202043757272656E7420506F6C6C2087
S21403E790436F6E74726F6C20202020202020202070
S21403E7A020257300202044656661756C7420506FC5
S21403E7B06C6C20436F6E74726F6C202020202020B8
S21403E7C020202020257300466F7263696E672064DD
S21403E7D0657669636520746F2073686F7274207042
S21403E7E06F6C6C00416C6C6F77696E67206465763E
S21403E7F069636520746F206C6F6E6720706F6C6C36
S21403E80000534C5F5A49474245455F41465F4C4F6C
S21403E8104E475F504F4C4C00534C5F5A4947424556
S21403E820455F41465F53484F52545F504F4C4C0030
S21403E830706F6C6C206E776B2025643A20307825D9
S21403E8403032580046696E6420616E642042696EF9
S21403E8506420496E69746961746F723A20436F6D00
S21403E860706C6574653A20307825303258005374DE
S21403E870617274207461726765740046696E642001
S21403E880616E642042696E64205461726765740029
S21403E89025733A2025733A203078253032580046BF
S21403E8A07261676D656E746174696F6E205258206D
S21403E8B077696E646F772073697A65207365742051
S21403E8C0746F202564002F686F6D652F72756E6EEA
S21403E8D065722F776F726B2F747579612D7A6967FE
S21403E8E06265652D7377697463682F747579612D16
S21403E8F07A69676265652D7377697463682F7369D0
S21403E9006C6162735F746F6F6C732F73696D706C79
S21403E91069636974795F73646B2F70726F746F6366
S21403E9206F6C2F7A69676265652F6170702F6672E8
S21403E930616D65776F726B2F706C7567696E2F6686
S21403E9407261676D656E746174696F6E2F6672614E
S21403E950676D656E746174696F6E2E630052583A04
S21403E9602041646447726F7570526573706F6E737F
S21403E97065203078253032582C20307825303458AE
S21403E9800052583A205669657747726F757052651C
S21403E99073706F6E7365203078253032582C2030B4
S21403E9A078253034582C20220052583A2047657474
S21403E9B047726F75704D656D6265727368697052E4
S21403E9C06573706F6E7365203078253032582C204F
S21403E9D03078253032582C00205B30782530345878
S21403E9E05D0052583A2052656D6F766547726F75B3
S21403E9F070526573706F6E736520307825303258A9
S21403EA002C203078253034580065705B253032581A
S21403EA105D2069645B253034585D00436C65617224
S21403EA20696E6720616C6C2067726F7570732E0059
S21403EA304552523A204661696C656420746F2063C0
S21403EA4072656174652062696E64696E672028303A
S21403EA50782530325829004552523A2042696E646E
S21403EA60696E67207461626C652069732066756CD5
S21403EA706C004552523A2077726974696E67206E4D
S21403EA80616D6520737570706F727420253032580F
S21403EA900052583A2041646447726F75702030788C
S21403EAA0253034582C20220075760052583A2056CA
S21403EAB069657747726F7570203078253034580053
S21403EAC075767300766965775F67726F7570004752
S21403EAD0726F7570733A206661696C656420746F33
S21403EAE02073656E6420257320726573706F6E7372
S21403EAF0653A20307825303258006765745F677250
S21403EB006F75705F6D656D6265727368697020728C
S21403EB106573706F6E73650064656661756C745FAC
S21403EB20726573706F6E73650052583A204765744A
S21403EB3047726F75704D656D626572736869702094
S21403EB403078253032582C007575620047726F7521
S21403EB5070733A206661696C656420746F20736510
S21403EB606E642025733A2030782530325800525888
S21403EB703A2052656D6F766547726F7570203078F0
S21403EB8025303458004552523A204661696C656414
S21403EB9020746F2064656C6574652062696E6469B1
S21403EBA06E672028307825303258290072656D6FDD
S21403EBB076655F67726F75700052583A2052656DBE
S21403EBC06F7665416C6C47726F7570730052583A76
S21403EBD02041646447726F757049664964656E7454
S21403EBE0696679696E67203078253034582C202280
S21403EBF000616464004368616E6E656C206E6F74BA
S21403EC002076616C69643A202564005072696D61F0
S21403EC107279002573206D61736B206E6F772030D9
S21403EC207825303858005365636F6E6461727900D7
S21403EC304D61736B206E6F742076616C69643A2045
S21403EC402564007072696D617279007365636F6E17
S21403EC50646172790025733A205365742025732006
S21403EC606D61736B20746F203078253038580053ED
S21403EC7074617475730025733A2025733A004368EC
S21403EC80616E6E656C206D61736B3A0020202020E8
S21403EC9028312920307825303858205B0020202062
S21403ECA02028322920307825303858205B005374CA
S21403ECB06174653A20307825303258202825732928
S21403ECC00043757272656E74206368616E6E656C60
S21403ECD03A20256400546F74616C20626561636F2B
S21403ECE06E733A202564004A6F696E2061747465FA
S21403ECF06D7074733A202564004E6574776F726B7B
S21403ED002073746174653A20307825303258005386
S21403ED10746F700025732053746F702E2020436C1D
S21403ED2065616E696E672075702E0042726F61644E
S21403ED3063617374696E67207065726D6974206AA7
S21403ED406F696E0054727573742063656E746572B2
S21403ED50206C696E6B206B657920757064617465D1
S21403ED60207374617475730025733A205741524EAD
S21403ED70494E473A20736C5F7A69676265655F73CD
S21403ED8065745F696E697469616C5F7365637572D8
S21403ED906974795F7374617465206661696C656410
S21403EDA02E20436F6E74696E75696E67207769747B
S21403EDB0686F757420696E7374616C6C20636F641E
S21403EDC0652E004572726F723A20696E7374616CB9
S21403EDD06C20636F64652073657475702066616963
S21403EDE06C65642E20497320616E20696E737461AE
S21403EDF06C6C20636F646520666C61736865642061
S21403EE006F6E746F20746865206465766963653F0A
S21403EE1000D0D1D2D3D4D5D6D7D8D9DADBDCDDDE51
S21403EE20DF00FFFFFFFFFFFFFFFF005A6967426532
S21403EE3065416C6C69616E636530390025733A20F1
S21403EE4069737375696E67207363616E206F6E20D6
S21403EE502573206368616E6E656C7320286D61731D
S21403EE606B203078253038582900257320697320A5
S21403EE70616C726561647920696E2070726F677267
S21403EE80657373005374617274004578616D696EBF
S21403EE90696E6720626561636F6E206F6E206368BC
S21403EEA0616E6E656C2025642077697468207061D6
S21403EEB06E496420307825303458005468697320CE
S21403EEC0626561636F6E206973206E6F7420706174
S21403EED07274206F66207468652063757272656E3F
S21403EEE074206368616E6E656C206D61736B202899
S21403EEF0307825303858292E2047657474696E6734
S21403EF00206E65787420626561636F6E2077686F24
S21403EF107365206368616E6E656C206269746D61EB
S21403EF20736B206973207365742E004572726F725B
S21403EF303A20257320636F756C64206E6F742061AE
S21403EF407474656D7074206A6F696E3A2030782524
S21403EF50303258004E6F20626561636F6E73206CAB
S21403EF60656674206F6E2063757272656E74206DAD
S21403EF7061736B2E204D6F76696E6720746F206EFB
S21403EF80657874207374617465002573206A6F69ED
S21403EF906E696E6720307825303458206F6E206394
S21403EFA068616E6E656C202564002573205374615A
S21403EFB074653A202573004572726F723A20257382
S21403EFC020636F756C64206E6F7420736574757040
S21403EFD02073656375726974793A20307825303208
S21403EFE058004572726F723A205363616E20636FE6
S21403EFF06D706C6574652068616E646C65722072F2
S21403F000657475726E656420307825303258002535
S21403F01073207363616E20636F6D706C6574652E09
S21403F02020426561636F6E732068656172643A207F
S21403F030256400257320737461636B207374617495
S21403F040757320307825303258002573206E65742A
S21403F050776F726B206A6F696E65642E0025732066
S21403F060747279696E67206E657874206E6574773E
S21403F0706F726B2E004E6F6E65005363616E205089
S21403F08072696D617279204368616E6E656C732078
S21403F090616E642075736520436F6E66696775726B
S21403F0A06564204B6579005363616E205072696D09
S21403F0B0617279204368616E6E656C7320616E645D
S21403F0C02075736520496E7374616C6C20436F649E
S21403F0D065005363616E205072696D6172792043D7
S21403F0E068616E6E656C7320616E6420557365206F
S21403F0F043656E7472616C697A6564204B6579004A
S21403F1005363616E205072696D6172792043686142
S21403F1106E6E656C7320616E64205573652044695A
S21403F120737472696275746564204B657900536302
S21403F130616E205365636F6E646172792043686104
S21403F1406E6E656C7320616E642075736520436F05
S21403F1506E66696775726564204B657900536361F3
S21403F1606E205365636F6E64617279204368616EC7
S21403F1706E656C7320616E642075736520496E73CB
S21403F18074616C6C20436F6465005363616E205337
S21403F19065636F6E64617279204368616E6E656C39
S21403F1A07320616E64205573652043656E747261C7
S21403F1B06C697A6564204B6579005363616E2053EE
S21403F1C065636F6E64617279204368616E6E656C09
S21403F1D07320616E64205573652044697374726985
S21403F1E06275746564204B6579005363616E2050C5
S21403F1F072696D617279204368616E6E656C732007
S21403F200616E642055736520416C6C204B65797381
S21403F2102028696E7374616C6C20636F64652C20A0
S21403F22063656E7472616C697A65642C20646973B5
S21403F230747269627574656429005363616E205342
S21403F24065636F6E64617279204368616E6E656C88
S21403F2507320616E642055736520416C6C204B658A
S21403F26079732028696E7374616C6C20636F6465B0
S21403F2702C2063656E7472616C697A65642C2064F5
S21403F2806973747269627574656429004F6E2F4FD3
S21403F2906666207365742076616C75653A20253042
S21403F2A032582025303258004552523A2072656152
S21403F2B064696E67206F6E2F6F666620253032583E
S21403F2C0004F6E2F6F666620616C726561647920ED
S21403F2D073657420746F206E65772076616C756530
S21403F2E000546F67676C65206F6E2F6F66662066C7
S21403F2F0726F6D202530325820746F2025303258B7
S21403F300004552523A2077726974696E67206F6EB1
S21403F3102F6F6666202530325800496E7374616C11
S21403F3206C65642054797065202842617365293AB8
S21403F3302020307825303258004361706162696C52
S21403F34069746965733A202020202020202020201D
S21403F3502030782530345800426F6F746C6F6164C8
S21403F36065722056657273696F6E3A2020202020DE
S21403F3703078253034580053656375726520426FC4
S21403F3806F746C6F61646572204B65793A20202038
S21403F39020202000426F6F746C6F6164696E672073
S21403F3A06661696C65642100446F776E6C6F616497
S21403F3B0206661696C65642E0044656C6574696ECD
S21403F3C067206661696C656420646F776E6C6F6135
S21403F3D0642C207374617475733A20307825303248
S21403F3E05800496D61676520646F6573206E6F749E
S21403F3F020636F6E7461696E20616E20557067724C
S21403F40061646520496D6167652054616720283013
S21403F4107825303458292E20536B697070696E67CF
S21403F42020757067726164652E0045786563757430
S21403F430696E6720626F6F746C6F61642063616CC2
S21403F4406C6261636B2E005374617274696E67201D
S21403F45045424C20766572696669636174696F6EAE
S21403F4600045424C206661696C6564207665726966
S21403F4706669636174696F6E2E0045424C20706145
S21403F4807373656420766572696669636174696F10
S21403F4906E2E002573696E67204F544120636C6996
S21403F4A0656E74207374617465206D616368696E3C
S21403F4B0650073746F7070004572726F723A204EF7
S21403F4C06F20696D61676520617420696E64657875
S21403F4D0202564004E6F7420737570706F727465A8
S21403F4E0642E00436C69656E7420696D61676520E0
S21403F4F0717565727920696E666F004D616E75660B
S21403F5002049443A2020202020202020203078251F
S21403F51030345800496D6167652054797065204919
S21403F520443A202020203078253034580043757222
S21403F53072656E742056657273696F6E3A2020305A
S21403F54078253038580048617264776172652056B2
S21403F550657273696F6E3A20004E4100517565728D
S21403F560792044656C6179206D733A202020202031
S21403F57020202020202020256C64005365727665A9
S21403F5807220446973636F766572792044656C6193
S21403F59079206D733A20256C6400446F776E6C6F28
S21403F5A061642044656C6179206D733A20202020C5
S21403F5B02020202020256C640052756E205570672D
S21403F5C0726164652044656C6179206D733A20200E
S21403F5D020202020256C64005665726966792044D5
S21403F5E0656C6179206D733A20202020202020202E
S21403F5F0202020256C6400446F776E6C6F61642056
S21403F6004572726F72205468726573686F6C643AE1
S21403F6102020256400557067726164652057616910
S21403F62074205468726573686F6C643A20202020D7
S21403F6302564004F544120446F776E67726164659A
S21403F640733A2044697361626C6564004F544120C9
S21403F650446F776E6772616465733A20456E6162C4
S21403F6606C656400426F6F746C6F616420737461C1
S21403F67074653A20257300496E76616C696420458B
S21403F68050202564207768656E20747279696E67EA
S21403F69020746F2073656E64204F5441206D65732C
S21403F6A0736167652E0053656E64696E67205570D7
S21403F6B0677261646520456E642072657175657353
S21403F6C0742E0025733A20696E76616C6964206334
S21403F6D06D64496420307825303258004572726F65
S21403F6E0723A20204661696C656420746F207365E6
S21403F6F06E64204F544120636F6D6D616E642030DD
S21403F70078253032582C207374617475733A203020
S21403F71078253032580053657276657220756E6BA5
S21403F7206E6F776E2C2066616C6C696E6720626103
S21403F730636B20746F20646973636F766572792ECA
S21403F740004D6178696D756D2071756572792065F8
S21403F75072726F72732068697420282564292C20BE
S21403F7607374617274696E6720736561726368206F
S21403F770666F72206E6577204F54412073657276EC
S21403F78065722E0A004170706C79696E6720757019
S21403F79067726164650025733A20696E76616C69E9
S21403F7A064206F66667365742063757272656E7423
S21403F7B054696D652830782530385829203E2075E1
S21403F7C070677261646554696D65283078253038D2
S21403F7D05829004F544120436C75737465723A2060
S21403F7E07761697420666F7220256420730052580F
S21403F7F065642074696D654F7574203078253038DC
S21403F8005820732C204D41582074696D654F7574CC
S21403F810203078253038582073004D6178696D752F
S21403F8206D207570677261646520726571756573A6
S21403F8307473206D616465202825642920776974B4
S21403F840686F757420726573706F6E736520667269
S21403F8506F6D207365727665722E005570677261E0
S21403F86064696E6720616E79776179004F54412031
S21403F8705365727669636520646973636F76657230
S21403F880792070726576656E746564202D20616ECE
S21403F8906F7468657220697320616C726561647940
S21403F8A020696E2070726F677265737300466169B4
S21403F8B06C656420746F20696E6974696174652071
S21403F8C07365727669636520646973636F766572C0
S21403F8D0792E004F54412053657276696365204440
S21403F8E06973636F7665727920696E2070726F67CD
S21403F8F07265737300436C69656E7420766572690E
S21403F9006669636174696F6E206661696C65642EEF
S21403F910005369676E617475726500437573746F1F
S21403F9206D00706173736564004641494C4544003D
S21403F9304E6F207369676E617475726520766572A3
S21403F940696669636174696F6E20737570706F7230
S21403F950742C20617373756D696E6720696D6167BA
S21403F96065206973206F6B61792E00257320766599
S21403F97072696669636174696F6E2025733A203015
S21403F9807825303258004D6178696D756D206E7537
S21403F9906D626572206F6620646F776E6C6F61644C
S21403F9A0206572726F727320726561636820282502
S21403F9B064292C2061626F7274696E672E004F543F
S21403F9C04120436C75737465723A20736574746969
S21403F9D06E672049454545206164647265737320EC
S21403F9E06F66204F544120636C75737465720050C4
S21403F9F061727469616C2066696C6520646F776EEA
S21403FA006C6F616420666F756E642C20636F6E7412
S21403FA10696E75696E672066726F6D206F666673B2
S21403FA2065742030782530385800466F756E64202C
S21403FA3066756C6C7920646F776E6C6F6164656451
S21403FA402066696C6520696E2073746F72616765E2
S21403FA50202876657273696F6E20307825303858A3
S21403FA60292E00466F756E642066696C6520696E84
S21403FA702073746F726167652077697468206469A0
S21403FA8066666572656E742076657273696F6E203E
S21403FA902830782530385829207468616E206375BD
S21403FAA07272656E742076657273696F6E20283085
S21403FAB07825303858290046696C6520696E2073AE
S21403FAC0746F726167652069732073616D65206169
S21403FAD0732063757272656E742072756E6E696ECE
S21403FAE0672076657273696F6E2028307825303804
S21403FAF05829004E6F20696D61676520666F756EC5
S21403FB006420696E2073746F726167652E004F54AC
S21403FB1041205365727669636520446973636F7623
S21403FB2065727920756E626C6F636B6564004967F6
S21403FB306E6F72696E672073657276657220667281
S21403FB406F6D206C6F6F706261636B2061646472AB
S21403FB506573730049676E6F72696E672030782528
S21403FB60303458204F54412073657276657220698D
S21403FB706E20736561726368206F6620544300537A
S21403FB80657474696E67204F5441205365727665B9
S21403FB907220746F203078253034580044656C61C9
S21403FBA079696E67202564207365636F6E647320BE
S21403FBB06265666F7265207374617274696E67201E
S21403FBC04F544120636C69656E740054696D656FAC
S21403FBD075742077616974696E6720666F72206D2D
S21403FBE06573736167652E00426164204F5441203C
S21403FBF0636F6D6D616E643A20307825303258003D
S21403FC004F544120636F6D6D616E642030782530EC
S21403FC10325820746F6F2073686F727420286C6577
S21403FC206E202564203C206D696E20256429004FD4
S21403FC30544120636F6D6D616E642066726F6D2034
S21403FC40756E7265636F676E697A65642073657235
S21403FC50766572203078253034582E20204D792052
S21403FC604F5441207365727665723A20307825309A
S21403FC70345800496D616765204E6F746966790074
S21403FC80476F7420756E65787065637465642025A8
S21403FC90732E2020537461727420646973636F76C5
S21403FCA06572792E0064656661756C74004F544105
S21403FCB03A206661696C656420746F2073656E64B0
S21403FCC020257320726573706F6E73653A203078E3
S21403FCD02530325800496D616765206E6F7469661A
S21403FCE07900476F7420756E657870656374656414
S21403FCF02025732E202049676E6F7265642E004F91
S21403FD0054413A2044656661756C7420726573705D
S21403FD106F6E736520666F7220496D616765206E2E
S21403FD206F746966792C20737461747573203078E8
S21403FD302530325800496D616765206E6F746966B9
S21403FD407920636F6D6D616E6400257320756E692F
S21403FD50636173742C207175657279696E670049E7
S21403FD606E76616C69640025732025732070617953
S21403FD706C6F616420747970652030782530325852
S21403FD800025732025733A206F7574206F662072E2
S21403FD90616E6765206A6974746572202564002540
S21403FDA0732025733A207061796C6F6164206C65EB
S21403FDB06E67746820646F65736E2774206D617454
S21403FDC0636820747970652030782530325820288F
S21403FDD02564203C20256429002573202573206490
S21403FDE0756520746F206E6F6E2D6D617463686920
S21403FDF06E67206D616E75666163747572657220D9
S21403FE0049440025732025732064756520746F208C
S21403FE106E6F6E2D6D61746368696E6720696D61C0
S21403FE20676520747970652049440025732025731F
S21403FE302064756520746F206D61746368696E67EE
S21403FE40206669726D776172652076657273696F75
S21403FE506E0025732025732C2052782764204A6968
S21403FE60747465722028307825303258292C205037
S21403FE7069636B6564204A697474657220283078F8
S21403FE802530325829005175657279206E6578746D
S21403FE9020696D61676520726573706F6E736500A8
S21403FEA025732072657475726E656420307825300C
S21403FEB032582E20204E6F206E657720696D61675D
S21403FEC06520746F20646F776E6C6F61642E0025F7
S21403FED07320746F6F2073686F72742028256420F4
S21403FEE03C202564290025733A204E657720696DEA
S21403FEF061676520697320617661696C61626C6510
S21403FF0020666F7220646F776E6C6F61642E0025B7
S21403FF1073206973206E6F74207573696E67206D26
S21403FF207920696D61676520696E666F2E0045529C
S21403FF30524F523A204E65787420496D61676520AA
S21403FF40697320746F6F2062696720746F207374FF
S21403FF506F72652028307825303858203E20307858
S21403FF6025303858290025732072657475726E65BE
S21403FF70642073616D652046696C655665727369A6
S21403FF806F6E2061732063757272656E746C792070
S21403FF90696E7374616C6C65642E004F5441204423
S21403FFA06F776E6772616465732044697361626C10
S21403FFB065643A2046696C6556657273696F6E2090
S21403FFC0626568696E642063757272656E74206913
S21403FFD06E7374616C6C6174696F6E0053746172D6
S21403FFE074696E6720646F776E6C6F61642C20563D
S21403FFF0657273696F6E2030782530385800457205
S214040000726F723A204661696C656420746F20646E
S214040010656C65746520696D6167652E004572724E
S2140400206F723A204661696C656420746F2065724D
S214040030617365206F6C642074656D7020646174F0
S214040040612E00496D61676520626C6F636B207278
S2140400506573706F6E7365004F54413A20496D6145
S2140400606765426C6F636B5265706F6E7365206371
S2140400706F6E7461696E7320696E76616C69642054
S2140400806F7220696E636F6D706C65746520646151
S2140400907461005570646174696E67204D696E20E2
S2140400A0426C6F636B20526571756573742050657E
S2140400B072696F6420746F202564206D7300446F2A
S2140400C0776E6C6F61642064656C61792062792058
S2140400D0736572766572202564206D7300446F77AD
S2140400E06E6C6F61642061626F72746564206279FD
S2140400F0207365727665722E00536572766572207B
S214040100646F65736E277420737570706F727420D5
S2140401107061676520726571756573742C206F6EE7
S2140401206C79207573696E6720626C6F636B2072DE
S2140401306571756573742E005365727665722072E8
S214040140657475726E65642027756E737570706F4E
S2140401507274656420636C757374657220636F6D66
S2140401606D616E64272E00556E6B6E6F776E20255C
S214040170732073746174757320636F6465203078BC
S21404018025303258002573206861732064617461D9
S2140401902073697A65202825642920736D616C6C48
S2140401A06572207468616E2061637475616C20707A
S2140401B061636B65742073697A6520282564292E2B
S2140401C0002573206572726F723A204578706563F5
S2140401D0746564206F6666736574203078253038DD
S2140401E0582C2062757420676F7420307825303858
S2140401F0582E202049676E6F72696E67002573203B
S214040200696E666F20646964206E6F74206D617415
S2140402106368206D79206578706563746564206909
S2140402206E666F2E202044726F7070696E672E00A3
S2140402304661696C656420746F2077726974652002
S214040240746F2073746F7261676520646576696382
S214040250652100446F776E6C6F6164005570677239
S21404026061646520656E6420726573706F6E736575
S214040270005365727665722061626F7274656420DD
S214040280757067726164652C207374617475733A53
S21404029020307825303258004572726F723A202525
S2140402A0732068616420696E76616C6964202573C6
S2140402B03A200066696C652076657273696F6E0015
S2140402C0416464696E67202564206D732E2064651E
S2140402D06C617920666F7220696D6D6564696174FE
S2140402E06520757067726164652E00436F756E7461
S2140402F0646F776E20746F20757067726164653AF8
S214040300202564206D73002053746174653A2020A0
S214040310202573002057616974696E6720666F72C2
S21404032020726573706F6E73653A20257300204ED5
S214040330657874204576656E742054696D65723AE6
S214040340202564206D73002043757272656E7420D8
S214040350446F776E6C6F6164204F66667365743A9B
S214040360203078253038582028256425252900256E
S214040370733A206661696C65642070617273696E95
S21404038067204F544120636D6420307825303258FE
S214040390004F54412044656661756C742072657321
S2140403A0706F6E736520746F20636F6D6D616E641D
S2140403B0204944203078253032582C2073746174D8
S2140403C075732030782530325800496D6167652092
S2140403D0626C6F636B2072657175657374207465E7
S2140403E07374206F6E6C7920776F726B73207768E6
S2140403F0656E20737461746520697320424F4F5490
S2140404004C4F41445F53544154455F4E4F4E450054
S21404041052616E646F6D2044656C61792062656616
S2140404206F726520737461727400446973636F76C7
S2140404306572696E67204F54412053657276657203
S21404044000476574204F54412053657276657220C8
S214040450455549004F627461696E206C696E6B2065
S2140404606B6579005175657279696E67204E65789B
S2140404707420496D61676500446F776E6C6F6164C4
S214040480696E6720496D61676500566572696679AD
S214040490696E6720496D6167650057616974696EA6
S2140404A06720666F722055706772616465206D659B
S2140404B0737361676500436F756E74646F776E203F
S2140404C0746F20557067726164650057616974695A
S2140404D06E6720746F207570677261646520766934
S2140404E061206F75742D6F662D62616E64206D6574
S2140404F06368616E69736D0025733A20256425254B
S21404050020636F6D706C65746500496D6167652066
S21404051025640020204552524F523A20436F756C92
S21404052064206E6F74206765742066756C6C206832
S21404053065616465722100202048656164657220E7
S21404054056657273696F6E3A2030782530345800D9
S2140405502020486561646572204C656E6774683A4D
S214040560202025642062797465730020204669651E
S2140405706C6420436F6E74726F6C3A20203078255A
S2140405803034580020204D616E75662049443A2068
S2140405902020202020203078253034580020204980
S2140405A06D61676520547970653A202020202030DC
S2140405B0782530345800202056657273696F6E3A79
S2140405C02020202020202020307825303858002075
S2140405D0205A69676265652056657273696F6E3A5C
S2140405E020307825303458002020486561646572D0
S2140405F020537472696E673A2020257300202049C0
S2140406006D6167652053697A653A2020202020258D
S2140406106C64206279746573002020536563757278
S21404062069747920437265643A2020307825303224
S21404063058002020557067726164652044657374A1
S2140406403A2020200020204D696E2E204857205640
S21404065065723A2020202030782530345800202037
S2140406604D61782E204857205665723A2020202067
S214040670307825303458002020546F74616C205430
S2140406806167733A20256400202020205461673A6D
S21404069020307825303458002020202020204C6537
S2140406A06E6774683A20256C64004572726F723AFD
S2140406B020436F756C64206E6F74206F627461697A
S2140406C06E2074616720696E666F2066726F6D2097
S2140406D0696D6167652E000A256420696D6167652A
S2140406E07320696E204F54412073746F726167657E
S2140406F02E00496D6167652064656C6574652573B5
S2140407002E004572726F723A2020436F756C642017
S2140407106E6F74207265616420626C6F636B3A203E
S2140407203078253032582E0A005374617274696E1C
S214040730672065726173652066726F6D206F6666EA
S2140407407365742030782530385820746F203078DC
S2140407502530385800436F756C64206E6F742073B0
S21404076074617274204552415345212028307825FF
S2140407703032582900454550524F4D20457261731A
S2140407806520636F6D706C657465002F686F6D65AA
S2140407902F72756E6E65722F776F726B2F74757904
S2140407A0612D7A69676265652D7377697463682F4E
S2140407B0747579612D7A69676265652D73776974D6
S2140407C063682F73696C6162735F746F6F6C732FE9
S2140407D073696D706C69636974795F73646B2F7089
S2140407E0726F746F636F6C2F7A69676265652F61C9
S2140407F070702F6672616D65776F726B2F706C7593
S21404080067696E2F6F74612D73746F726167652DDF
S21404081073696D706C652D656570726F6D2F6F747E
S214040820612D73746F726167652D656570726F6D87
S2140408302D706167652D65726173652E63002F6880
S2140408406F6D652F72756E6E65722F776F726B2F74
S214040850747579612D7A69676265652D7377697435
S21404086063682F747579612D7A69676265652D737F
S21404087077697463682F73696C6162735F746F6FF2
S2140408806C732F73696D706C69636974795F7364D4
S2140408906B2F70726F746F636F6C2F7A6967626503
S2140408A0652F6170702F6672616D65776F726B2F3E
S2140408B0706C7567696E2F6F74612D73746F7261D7
S2140408C067652D73696D706C652D656570726F6DE7
S2140408D02F6F74612D73746F726167652D65657013
S2140408E0726F6D2E63004F54412053696D706C65B2
S2140408F02053746F7261676520454550524F4D20F2
S2140409007761726E696E673A20636F756C64206EE9
S2140409106F742067657420736C6F7420696E666FDD
S21404092020666F7220736C6F7420256420286572AD
S214040930726F7220307825303258292E204465662E
S21404094061756C74696E6720746F20737065636973
S214040950666965642061646472657373206F666695
S214040960736574730053746F7261676520447269AB
S2140409707665723A20202020202020202020202067
S214040980204F54412053696D706C652053746F7208
S21404099061676520454550524F4D20506C75676918
S2140409A06E0052656164204D6F64696679205772E3
S2140409B069746520537570706F72743A20206E6F78
S2140409C000534F4320426F6F746C6F6164696E67A7
S2140409D020537570706F72743A20202020796573E6
S2140409E000426F6F746C6F616465722053746F722B
S2140409F061676520537570706F72743A205573651D
S214040A0020666972737420736C6F7400536C6F7411
S214040A1020746F207573653A202020202020202023
S214040A202020202020202020256400437572726533
S214040A306E7420446F776E6C6F6164204F666673C5
S214040A4065743A20202020307825303858004542F6
S214040A504C205374617274204F66667365743A2032
S214040A6020202020202020202020307825303858B0
S214040A7000454550524F4D2053746172743A2020FD
S214040A8020202020202020202020202020307825F0
S214040A9030385800454550524F4D20456E643A2034
S214040AA0202020202020202020202020202020203D
S214040AB030782530385800496D61676520496E6680
S214040AC06F2053746172743A202020202020202046
S214040AD0202020307825303858005361766520521F
S214040AE0617465202862797465732920202020208B
S214040AF0202020202020307825303858004F666685
S214040B00736574206F6620646F776E6C6F61642003
S214040B106F66667365742020203078253038580058
S214040B204F6666736574206F662045424C206F6678
S214040B30667365743A2020202020202030782530E3
S214040B403858004F6666736574206F6620696D6159
S214040B5067652073746172743A2020202020203048
S214040B60782530385800736C5F7A69676265655F0C
S214040B7061665F6F74615F73746F726167655F64EB
S214040B8072697665725F726561645F6362282920A4
S214040B906661696C65642100426164206D61676901
S214040BA063206E756D62657220696E2066696C6579
S214040BB03A20307825303258203078253032582084
S214040BC0307825303258203078253032580042614B
S214040BD0642076657273696F6E20696E2066696C30
S214040BE06520307825303458004572726F723A208A
S214040BF072656164416E6456616C696461746553C0
S214040C00746F726564496D6167652829207472691A
S214040C10656420746F2072656164206D6F72652050
S214040C2064617461207468616E20697420636F75F2
S214040C306C6420686F6C642E00736C5F7A696762FC
S214040C4065655F61665F6F74615F73746F72616719
S214040C50655F6472697665725F726561645F63621C
S214040C602829204641494C454421004C6173742090
S214040C706F666673657420646F776E6C6F61646507
S214040C80643A203078253038580053746F726167A0
S214040C9065204D6F64756C653A204F544120536946
S214040CA06D706C652053746F7261676520506C7547
S214040CB067696E00496D616765732053746F72656A
S214040CC0643A20202564206F6620310A00253032DD
S214040CD0583A006570202530325820636C757320AE
S214040CE025303458206174747220253034582073AB
S214040CF0767220256300206D666720253032580002
S214040D00207265706F7274206D696E2025303458B9
S214040D10206D61782025303458207270742D6368F5
S214040D20672025303858002072656365697665202B
S214040D3066726F6D20253034582065702025303259
S214040D40582074696D656F757420253034580063B7
S214040D506C6561720072656D6F766500636C6561C3
S214040D6072696E67206C617374207265706F72743A
S214040D702074696D65206F6620616C6C20617474E4
S214040D80726962757465730074657374696E67203E
S214040D9074696D696E67206F6620766172696F7517
S214040DA073207265706F7274696E67206F706572F7
S214040DB06174696F6E73002D2D2D2D2D2D2D2D2D07
S214040DC02D2D2D2D2D2D2D2D2D2D2D2D2D2D2D2D4A
S214040DD02D2D2D2D2D2D2D2D2D2D2D2D2D2D2D2D3A
S214040DE02D2D2D2D2D2D002D2D7461626C652072F8
S214040DF065616473202D2066756C6C207461626C6A
S214040E00652D2D00726573756C74203D2025642055
S214040E106D73002D2D696E6974202F2073636865C9
S214040E2064756C65207469636B2D2D2D002D2D6CF7
S214040E306F616420636F6E66696775726174696F4B
S214040E406E2064656661756C74732D2D002F686F53
S214040E506D652F72756E6E65722F776F726B2F7459
S214040E607579612D7A69676265652D737769746330
S214040E70682F747579612D7A69676265652D737755
S214040E80697463682F73696C6162735F746F6F6CE7
S214040E90732F73696D706C69636974795F73646BBF
S214040EA02F70726F746F636F6C2F7A6967626565F3
S214040EB02F6170702F6672616D65776F726B2F701D
S214040EC06C7567696E2F7265706F7274696E672FC2
S214040ED07265706F7274696E672E63005245414482
S214040EE05F5250545F43464700726561645F7265A3
S214040EF0706F7274696E675F636F6E66696775722A
S214040F006174696F6E005265706F7274696E673AC9
S214040F10206661696C656420746F2073656E642056
S214040F20257320726573706F6E73653A203078256A
S214040F30303258004552523A2072656164696E67D1
S214040F4020636C75737465722030782530345820AD
S214040F50617474726962757465203078253034580B
S214040F603A20307825303258004552523A2072657D
S214040F70706F7274696E67206F66204C4F4E472000
S214040F80737472696E6720617474726962757465CD
S214040F902074797065206E6F7420737570706F722C
S214040FA07465643A20636C757374657220307825B2
S214040FB030345820617474726962757465203078B0
S214040FC025303458005265706F7274696E67204518
S214040FD06E7472792046756C6C202D206372656180
S214040FE074696E67206E6577207265706F72740020
S214040FF04346475F52505400202D2064697265634F
S21404100074696F6E3A253032582C20617474723AC3
S2140410102530345800202020747970653A25303203
S214041020582C206D696E3A253034582C206D617822
S2140410303A25303458002020206368616E67653A8C
S2140410400020202074696D656F75743A2530345815
S21404105000636F6E6669677572655F7265706F723E
S21404106074696E67002054434C4B20757064617439
S2140410706520616C726561647920696E2070726F98
S2140410806772657373004D616E75616C2054434CD2
S2140410904B20757064617465206661696C65642EA6
S2140410A02573005374617274696E67207570646189
S2140410B074652074727573742063656E746572202B
S2140410C06C696E6B206B65792070726F63657373E1
S2140410D000557064617465205443204C696E6B201F
S2140410E04B657900204E6577206B657920657374AF
S2140410F061626C69736865643A00204572726F7247
S2140411003A00506172746E65723A20005A434C205D
S214041110676C6F62616C20636C75737465722063B0
S2140411206F6D6D616E647300646972656374696F74
S2140411306E00646973632D636F6D2D67656E00645E
S2140411406973632D636F6D2D7265630065787065D2
S21404115063742D7265706F72742D66726F6D2D6D6B
S2140411606500757772697465006E777269746500D8
S2140411707265706F72742D726561640073656E6457
S2140411802D6D652D612D7265706F727400437265E6
S21404119061746573206120676C6F62616C2064699A
S2140411A073636F76657220636F6D6D616E6420661F
S2140411B06F7220746865206173736F636961746508
S2140411C0642076616C7565732E00636C7573746544
S2140411D07249641F61747472696275746549641F28
S2140411E06D61784E756D626572546F5265706F727C
S2140411F0741F0043726561746573206120676C6FA9
S21404120062616C2073656E64206D65206120726572
S214041210706F727420636F6D6D616E6420666F729A
S21404122020746865206173736F63696174656420F4
S21404123076616C7565732E00636C7573746572499C
S214041240641F61747472696275746549641F6461AD
S2140412507461547970651F6D696E5265706F72742F
S21404126054696D651F6D61785265706F7274546948
S2140412706D651F7265706F727461626C6543686138
S2140412806E67651F0043726561746573206120672D
S2140412906C6F62616C2072656164207265706F7237
S2140412A074696E6720636F6D6D616E6420666F721D
S2140412B020746865206173736F6369617465642064
S2140412C0636C75737465722C2061747472696275CC
S2140412D0746520616E64207365727665722F636C24
S2140412E069656E7420646972656374696F6E2E0036
S2140412F0636C757374657249641F61747472696291
S21404130075746549641F646972656374696F6E1FDA
S21404131000476C6F62616C207265706F7274696EE0
S2140413206720636F6D6D616E6400656E64706F69CF
S2140413306E741F636C757374657249641F6174748C
S21404134072696275746549641F6D61736B1F00432F
S214041350726561746573206120676C6F62616C20CE
S2140413607265616420636F6D6D616E64206D657374
S2140413707361676520746F20726561642066726F9E
S2140413806D2074686520636C757374657220616E75
S2140413906420617474726962757465207370656321
S2140413A069666965642E00636C7573746572496456
S2140413B01F61747472696275746549641F004372B0
S2140413C06561746573206120676C6F62616C207759
S2140413D07269746520636F6D6D616E64206D6573EC
S2140413E07361676520746F20777269746520746F03
S2140413F02074686520636C757374657220616E640E
S21404140020617474726962757465207370656369AB
S2140414106669656400636C757374657249641F61FC
S214041420747472696275746549641F747970651F93
S214041430646174611F004372656174652061206590
S21404144078706563742D7265706F72742D66726F32
S2140414506D2D6D65206D657373616765207769749E
S21404146068206173736F6369617465642076616C68
S2140414707565732E00636C757374657249641F61B9
S214041480747472696275746549641F74696D656FF6
S21404149075741F0043726561746520612044697326
S2140414A0636F76657220436F6D6D616E647320475B
S2140414B0656E65726174656420636F6D6D616E64DC
S2140414C02077697468206173736F636961746564F7
S2140414D02076616C7565732E00636C757374657223
S2140414E049641F7374617274436F6D6D616E6449F1
S2140414F0641F6D6178436F6D6D616E6449641F008F
S21404150053657473207468652064697265637469CE
S2140415106F6E20666F7220676C6F62616C20636FFB
S2140415206D6D616E64732C206569746865722063E2
S2140415306C69656E7420746F2073657276657220AC
S2140415406F722073657276657220746F20636C699F
S214041550656E742E0053657473206120666C616733
S21404156020736F20746861742074686520617070DD
S2140415706C69636174696F6E206672616D65776FFE
S214041580726B2057494C4C204E4F54207265737032
S2140415906F6E6420746F20746865206E657874209E
S2140415A05A434C206D657373616765207468617473
S2140415B020636F6D657320696E206F766572207484
S2140415C06865206169722E00536574732061206615
S2140415D06C616720736F207468617420746865207A
S2140415E06170706C69636174696F6E206672616D98
S2140415F065776F726B2057494C4C20726573706F19
S2140416006E6420746F20746865206E657874205A42
S214041610434C206D6573736167652074686174203C
S214041620636F6D657320696E206F766572207468CB
S21404163065206169722E0053657473207468652092
S21404164044697361626C652044656661756C7420D8
S214041650526573706F6E7365204672616D652043C4
S2140416606F6E74726F6C2062697420746F20757369
S2140416706520666F7220746865206E6578742063D2
S2140416806F6D6D616E642069662074686520636F93
S2140416906D6D616E64206973206E6F7420616C7268
S2140416A065616479206275696C742E00646973617F
S2140416B0626C6544656661756C74526573706F6EB2
S2140416C073651F00536574732074686520666C61C7
S2140416D06720746F207573652074686520696E636F
S2140416E072656D656E7465642073657175656E6389
S2140416F065206E756D6265722066726F6D20746803
S21404170065206672616D65776F726B20666F7220F6
S214041710746865206E6578742072617720636F6DD7
S2140417206D616E642E007573654E657874536571CD
S21404173075656E63651F00436C6920636F6D6D612C
S2140417406E6420746F2063616C6C20736C5F7A69BE
S214041750676265655F61665F7365745F74696D650E
S2140417602066756E6374696F6E20646F63756D654D
S2140417706E74656420696E2061662E6800757463F5
S21404178054696D651F00536574732074686520740E
S214041790776F2062797465206D616E756661637417
S2140417A0757265722073706563696669632069641F
S2140417B0656E74696669657220746F20757365203A
S2140417C0666F7220746865206E65787420636F6D2A
S2140417D06D616E642069662074686520636F6D6D44
S2140417E0616E64206973206E6F7420616C7265612B
S2140417F06479206275696C742E006D666753706533
S214041800636966696349641F006E6F742000534CF5
S2140418105F5354415455535F4E4554574F524B5F94
S214041820555020307825303458005472757374201F
S21404183043656E746572204555492068617320259A
S214041840736368616E6765642E00534C5F5354413E
S2140418505455535F4E4554574F524B5F444F574E63
S21404186000534C5F5354415455535F4E4F545F4A94
S2140418704F494E454400534C5F5354415455535FAF
S2140418805A49474245455F4E4554574F524B5F4F62
S21404189050454E45443A2025642073656300534CF6
S2140418A05F5354415455535F5A49474245455F4E2A
S2140418B04554574F524B5F434C4F53454400257392
S2140418C03A2025730064697374726962757465647A
S2140418D00063656E7472616C697A656400466F7243
S2140418E06D002573696E67206F6E2063682025641B
S2140418F02C2070616E4964203078253034580045B9
S21404190072726F723A2044657669636520646F6507
S21404191073206E6F7420737570706F7274202573E5
S214041920206E6574776F726B20666F726D61746972
S2140419306F6E004A6F696E00496E76616C6964204A
S21404194053656375726974792050726F66696C6545
S2140419503A2030782530325800704A6F696E206617
S2140419606F72202564207365633A20307825303200
S21404197058004C696D6974696E6720647572617489
S214041980696F6E206F66207065726D6974206A6F69
S214041990696E2066726F6D20666F7265766572205A
S2140419A0283235352920746F203235340052583A9F
S2140419B0205A444F2C20636F6D6D616E642030781E
S2140419C0253034582C207374617475733A2030783B
S2140419D0253032580053696D706C650052583A20B1
S2140419E0257320446573632052657370004D6174DB
S2140419F06368002C204D6174636865733A2025641F
S214041A000044657669636520416E6E6F756E636526
S214041A103A203078253034580052583A2049454503
S214041A2045204164647265737320526573706F6EEB
S214041A3073650052583A20416374697665204550B0
S214041A4020526573706F6E73652C20436F756E74C9
S214041A503A202564004E6F6465002C204D61746343
S214041A606865733A2030782530345800737461639F
S214041A706B207665722E205B25642E25642E2564E5
S214041A8000202573206275696C642025645D005A05
S214041A90444F00534500484100436C7573746572A7
S214041AA000476C6F62616C0025737478203078256B
S214041AB03038582C200050726F66696C653A2025C1
S214041AC0732028307825303458292C20436C7573BD
S214041AD07465723A203078253034582C20256420DA
S214041AE062797465732C00205A434C202573204376
S214041AF06D642049443A202564005072652D526571
S214041B006C6561736500416C706861203100416CDE
S214041B10706861203200416C706861203300426551
S214041B20746120310042657461203200426574613C
S214041B30203300474100526573657420696E666FF2
S214041B403A203078253032582028257329006465D9
S214041B506C6574652062696E64696E673A20253028
S214041B6032582025303258000102030405060708BF
S214041B70090A0B0C00010101010101010101010127
S214041B8001005752495445204552523A20002573C5
S214041B906570202530325820636C757320253034E8
S214041BA05820617474722025303458206E6F742067
S214041BB0737570706F72746564002573696E7661F0
S214041BC06C6964206461746120747970650025739F
S214041BD061747472206E6F74207772697461626CBB
S214041BE0650057524954453A206E6F2077726974DF
S214041BF0652C206A757374206120746573740052B2
S214041C004541443A20617474726962757465207340
S214041C10697A6520746F6F206C6172676520666FE1
S214041C20722063616C6C657200636C6E7400737210
S214041C30767200525700524F00202052414D202009
S214041C400020746F6B656E200065787465726E2074
S214041C5000454E44504F494E5420253032580063B8
S214041C606C7573202F2073696465202F206174744B
S214041C7072202F206D666720202F74797065286C7B
S214041C80656E292F207277202F2073746F72616718
S214041C9065202F20646174612028726177290025ED
S214041CA0303458202F202573202F202530345820F8
S214041CB02F2000202F202530325820282530325857
S214041CC029202F202573202F202573202F20005510
S214041CD06E737570706F72746564004F5441205251
S214041CE04541443A2065703A253032582063696489
S214041CF03A253034582061747469643A253034586F
S214041D00206D736B3A25303258206D66636F6465B8
S214041D103A2530345800524541443A20636C757372
S214041D2020253034582C20617474722025303458A1
S214041D30206661696C65642025303258005245413E
S214041D40443A20636C757320253034582C20617413
S214041D50747220253034582C20646174614C656E8E
S214041D603A20253032582C204F4B0028256329254D
S214041D7030325825303258253032582530325825DE
S214041D8030325825303258253032582530325800F3
S214041D9064697361626C65002573642C2064726FD9
S214041DA07070696E67206570203078253032582050
S214041DB0636C75732030782530345820636D642046
S214041DC03078253032580047656E657261746564F4
S214041DD000526563656976656400446973636F766B
S214041DE0657220436F6D6D616E64732072657370E7
S214041DF06F6E73652028636F6D706C6574653A202A
S214041E002563292C202573204944733A2000307812
S214041E102530325820005F45585400524541445FEF
S214041E20415454520057524954453A20636C7573D2
S214041E30202530345820617474722025303458209C
S214041E40004641494C2025303258005752495445E3
S214041E503A20746F6F2073686F727400444953435A
S214041E605F4154545200257325733A20636C75738E
S214041E7020253034580053766320446973633A202F
S214041E8000257357616974696E672025642073653D
S214041E906320666F7220646973636F766572792057
S214041EA0746F20636F6D706C657465005374617431
S214041EB06520636F72726573706F6E64696E6720F7
S214041EC0746F207468652074686520726571756522
S214041ED07374206E6F7420666F756E640A002573C3
S214041EE0636F6D706C6574652E0A00257353657296
S214041EF07669636520446973636F766572792053E7
S214041F0074617465206C696D6974732072656163AD
S214041F106865640A002573496C6C6567616C2062A9
S214041F20726F616463617374206164647265737351
S214041F302C2072656D617070696E6720746F2076F0
S214041F40616C6964206F6E652E0025734661696C4A
S214041F50656420746F2073656E64206D61746368B5
S214041F6020646973636F766572793A203078253019
S214041F7032580025735374617274696E67206469FD
S214041F8073636F7665727920666F7220636C7573FF
S214041F90746572203078253034580025734661699C
S214041FA06C656420746F2073656E642073696D704D
S214041FB06C652064657363726970746F72207265F1
S214041FC071756573743A203078253032580025735D
S214041FD04661696C656420746F2073656E6420497D
S214041FE04545452061646472657373207265717536
S214041FF06573743A2030782530325800257346616C
S214042000696C656420746F2073656E64204E574B4C
S2140420102061646472657373207265717565737488
S2140420203A20307825303258004572726F723A2062
S2140420302573206261642073696D706C6520646525
S2140420407363726970746F72206C656E6774682E41
S2140420500025734D65737361676520746F6F207315
S214042060686F72740025734D6573736167652074B9
S2140420706F6F2073686F727420666F72206E756D52
S2140420802E20656E64706F696E74730025734D61DF
S214042090746368257320666F756E642066726F6D50
S2140420A0203078253034582E004572726F723A20EC
S2140420B0257320696E76616C6964206C656E67743E
S2140420C0682028256420213D2025642920666F7217
S2140420D02041637469766520456E64706F696E741A
S2140420E020726573706F6E7365002573676F742056
S2140420F061637469766520455020726573706F6EEF
S2140421007365005554432074696D653A2025642F21
S21404211025642F25642025643A25643A25642028FE
S21404212025303858290028556E6B6E6F776E2063FD
S2140421306C75732E205B3078253034585D29000D7D
S2140421400A54253038583A005258206C656E2025BB
S214042150642C20657020253032582C20636C7573EF
S214042160203078253034582000206D666749642076
S21404217025303458002046432025303258207365D5
S21404218071202530325820636D6420253032582063
S2140421907061796C6F61645B004261736963004FC0
S2140421A0766572207468652041697220426F6F7488
S2140421B06C6F6164696E67002573525820706B7487
S2140421C020746F6F2073686F72743A202564203C05
S2140421D0202564002573525820706B74206D616C42
S2140421E0666F726D65643A202564203C2025640081
S2140421F020204861766520526F7574657220537589
S21404220070706F7274002020456E64204465766991
S2140422106365204F6E6C79002020456E61626C65A4
S2140422206400202044697361626C656400457272C0
S2140422306F722072657472696576696E6720696E5E
S214042240666F20666F72206C6962726172792049CB
S21404225044202564002573206C69627261727925B6
S214042260732070726573656E74005A69676265657B
S2140422702050726F0042696E64696E67005365632E
S214042280757269747920436F72650053656375725D
S214042290697479204C696E6B204B657973004342F0
S2140422A04B45203136334B310043424B4520445393
S2140422B041205369676E004543430043424B452023
S2140422C044534120566572696679005061636B65B4
S2140422D0742056616C6964617465005A4C4C004302
S2140422E0424B45203238334B310045434320323885
S2140422F0334B310043424B4520636F7265004E43B7
S21404230050004D756C7469206E6574776F726B003F
S214042310456E68616E63656420426561636F6E2016
S2140423205265710043424B45203238334B312044CA
S214042330534120566572696679004D756C74692D33
S21404234050414E002F686F6D652F72756E6E657204
S2140423502F776F726B2F747579612D7A6967626552
S214042360652D7377697463682F747579612D7A693E
S214042370676265652D7377697463682F73696C612A
S21404238062735F746F6F6C732F73696D706C6963BF
S2140423906974795F73646B2F70726F746F636F6C9C
S2140423A02F7A69676265652F737461636B2F636F39
S2140423B06E6669672F736C5F7A69676265655F63CB
S2140423C06F6E66696775726174696F6E2E63002F2F
S2140423D0686F6D652F72756E6E65722F776F726B90
S2140423E02F747579612D7A69676265652D737769CF
S2140423F07463682F747579612D7A69676265652DD3
S2140424007377697463682F73696C6162735F746F42
S2140424106F6C732F73696D706C69636974795F731D
S214042420646B2F70726F746F636F6C2F7A69676258
S21404243065652F737461636B2F6672616D65776F64
S214042440726B2F6165732D6563622E63002F686F50
S2140424506D652F72756E6E65722F776F726B2F7443
S2140424607579612D7A69676265652D73776974631A
S214042470682F747579612D7A69676265652D73773F
S214042480697463682F73696C6162735F746F6F6CD1
S214042490732F73696D706C69636974795F73646BA9
S2140424A02F70726F746F636F6C2F7A6967626565DD
S2140424B02F737461636B2F73656375726974792FF8
S2140424C07A69676265652D73656375726974792DBB
S2140424D06D616E616765722D6E6F2D7661756C74B5
S2140424E02E63004572726F723A20204661696C65ED
S2140424F06420746F20726561642066726F6D204577
S2140425004550524F4D2061742030782534582C2085
S2140425107374617475733A20256400454550524FB0
S2140425204D20496E697469616C697A65643A202540
S2140425306300454550524F4D20427573793A202525
S21404254063005061727469616C20576F7264205323
S214042550746F7261676520436F756E743A202564E4
S21404256000416464726573733A2030782534582CBD
S214042570205061727469616C20576F72643A20301F
S21404258078255800636F6E6669726D6564006173C2
S21404259073756D6564000A454550524F4D20496E6B
S2140425A0666F004E6F7420617661696C61626C655B
S2140425B020286F6C64657220626F6F746C6F616440
S2140425C06572290050617274204465736372697081
S2140425D074696F6E3A202020202020202020202599
S2140425E073004361706162696C69746965733A204B
S2140425F02020202020202020202020202030782565
S21404260032580050616765204572617365207469AD
S2140426106D65202873293A20202020202025640078
S214042620506172742045726173652074696D65200B
S2140426302873293A20202020202025640050617227
S214042640742045726173652074696D6520286D7306
S214042650293A202020202020256400506167652028
S21404266073697A6520286279746573293A20202074
S214042670202020202020256C00506172742073696D
S2140426807A6520286279746573293A2020202020F0
S21404269020202020256C00576F72642073697A65A9
S2140426A020286279746573293A202020202020206F
S2140426B020202564202825702900454550524F4D7A
S2140426C020696E69743A2030782558002F686F6D3B
S2140426D0652F72756E6E65722F776F726B2F7475B9
S2140426E079612D7A69676265652D737769746368A5
S2140426F02F747579612D7A69676265652D737769BC
S2140427007463682F73696C6162735F746F6F6C7344
S2140427102F73696D706C69636974795F73646B2F6A
S2140427207574696C2F706C7567696E2F706C75673D
S214042730696E2D636F6D6D6F6E2F656570726F6D4C
S2140427402F656570726F6D2E6300556E61626C65E1
S21404275020746F20626F6F7420696D6167652061F5
S2140427607420736C6F7420256C640A00536C6F7449
S214042770204D616E61676572206661696C656420D0
S214042780746F20657261736520736C6F740A004DF4
S21404279061782072656164206C696D697420736564
S2140427A07420746F2025642062797465730A00416E
S2140427B0646472657373202020202020202020204B
S2140427C0446174610A00307825346C782020202017
S2140427D0202020307825780A004661696C656420DC
S2140427E0746F20726561642066726F6D20666C611A
S2140427F073680A00536C6F7420256C640A202041A9
S21404280064647265737320202020203A2030782573
S214042810346C580A20204C656E677468202020208B
S21404282020203A20307825346C582028256C6420E3
S2140428306279746573290A00202054797065202013
S2140428402020202020203A20004E6F2047424C2093
S21404285070726573656E740A005A69674265650A24
S214042860005468726561640A00436F6E6E65637433
S2140428700A00426C7565746F6F74680A00426C7562
S21404288065746F6F7468206170706C6963617469D5
S2140428906F6E0A004D43550A004F7468657220280F
S2140428A03078256C58290A00202056657273696FA3
S2140428B06E20202020203A203078256C580A0020EC
S2140428C0204361706162696C69746965733A20308B
S2140428D07825346C580A00202050726F647563742F
S2140428E020494420203A2000307825582000536C94
S2140428F06F74204D616E616765723A206661696C1B
S214042900656420746F20696E697469616C697A65A0
S21404291020626F6F746C6F616465722028657272D2
S2140429206F72203078253478290A005665727369E8
S2140429306F6E20202020203A2025640A0050617201
S2140429407420202020202020203A2025730A0043CB
S21404295061706162696C69746965733A20307825C0
S214042960780A00506172742073697A652020203AD0
S21404297020256420420A00506167652073697A65E1
S2140429802020203A20256420420A00576F726420D3
S21404299073697A652020203A20256420420A005371
S2140429A06C6F7473202020202020203A2025640A8F
S2140429B0004661696C656420746F207265616420EA
S2140429C066726F6D2073746F7261676520666C61E2
S2140429D0736820286572726F72202564290A00497C
S2140429E06E76616C696420736C6F7420256420288D
S2140429F06D617820736C6F74202564290A00466123
S214042A00696C656420746F2067657420696E666FF0
S214042A1020666F7220736C6F742025640A00536CF2
S214042A206F74204D616E616765723A20736C6F74C3
S214042A30207772697465206661696C7572652E20EC
S214042A4041646472657373206F66667365742028C8
S214042A50256429202B207772697465206C656E675F
S214042A60746820282564292067726561746572205D
S214042A707468616E20746F74616C20736C6F74205C
S214042A806C656E67746820282564290A00536C6F89
S214042A9074204D616E61676572207761726E696E2F
S214042AA0673A20736C6F74202564206C656E6774B7
S214042AB0682028256429206E6F7420616C69676E0F
S214042AC0656420746F20706167652073697A652079
S214042AD0282564292E2054686520656E74697265FD
S214042AE020736C6F742077696C6C206E6F74206230
S214042AF065206572617365642E0A00536C6F7420DA
S214042B004D616E616765723A206661696C65642022
S214042B10746F20657261736520256420627974651C
S214042B207320696E20736C6F742025642061742092
S214042B306164647265737320307825347820286560
S214042B4072726F722030782578290A004572617394
S214042B50656420256420627974657320696E207329
S214042B606C6F742025640A004661696C6564207481
S214042B706F2073657420736C6F7420746F20626F9B
S214042B806F7420286572726F722030782534782925
S214042B900A004661696C656420746F20736574204E
S214042BA06C697374206F6620736C6F747320746F13
S214042BB020626F6F7420286572726F7220307825D9
S214042BC03478290A004661696C656420746F20674E
S214042BD06574206E6577206C697374206F66207345
S214042BE06C6F747320746F20626F6F742028657224
S214042BF0726F72203078253478290A004265676936
S214042C006E6E696E6720696D6167652076657269A8
S214042C106669636174696F6E2E2E2E002E66616976
S214042C206C65642120284572726F722030782534D2
S214042C3078290A002E7061737365642120426F6FD1
S214042C4074696E6720736C6F742025640A00666E60
S214042C50692B00666E69006E616E00666E692D00F3
S214042C606C696273006273656E6400726573657482
S214042C70007261770073656E645F6D756C7469636A
S214042C806173740073656E642D7573696E672D6D5C
S214042C90756C7469636173742D62696E64696E67BA
S214042CA00074696D6573796E63006765742D70745E
S214042CB0692D726164696F2D636F6E666967006360
S214042CC06F6E6669672D6363612D6D6F646500655D
S214042CD076656E7473007365637572697479007AC9
S214042CE069676265655F7072696E7400706C75679B
S214042CF0696E006E6574006B657973006F70746935
S214042D006F6E00706C7567006368616E67656B65EF
S214042D1079006368616E67656B007A646F00707231
S214042D20696E742072656C6174656420636F6D6D82
S214042D30616E64732E0061747472005A646F20723C
S214042D40656C6174656420636F6D6D616E64732E6B
S214042D5000726F75746500706F776572006D676DCD
S214042D60742D6C7169006D676D742D62696E6400F4
S214042D706E6F64650073696D706C65006965656582
S214042D8000756E62696E64006E776B2D75706400F4
S214042D906F75742D636C2D6C69737400696E2D6386
S214042DA06C2D6C697374005A646F20696E2D636CA5
S214042DB02D6C6973742072656C6174656420636F2E
S214042DC06D6D616E64732E005A646F206F75742D7A
S214042DD0636C2D6C6973742072656C617465642011
S214042DE0636F6D6D616E64732E005A646F206E7728
S214042DF06B2D7570642072656C6174656420636FF6
S214042E006D6D616E64732E007363616E2D6368610D
S214042E106E2D6D61736B007363616E006368616E23
S214042E205067006368616E005A646F20756E62694D
S214042E306E642072656C6174656420636F6D6D6189
S214042E406E64732E00756E696361737400636861E3
S214042E506E67656B65792072656C61746564206362
S214042E606F6D6D616E64732E006C696E6B004F70CF
S214042E7074696F6E2072656C6174656420636F6D2F
S214042E806D616E64732E0072656769737465720093
S214042E906469736300696E7374616C6C2D636F642C
S214042EA0650062696E64696E672D7461626C6500A4
S214042EB07072696E742D72782D6D7367730061700D
S214042EC07372657472790041505320726574727916
S214042ED020666C616720666F72636520636F6D6D34
S214042EE0616E647300456E61626C65732F4469732A
S214042EF061626C6573207072696E74696E67206FA8
S214042F0066205278206D657373616765732E00655D
S214042F106E61626C650042696E64696E67207461F6
S214042F20626C652072656C6174656420636F6D6D98
S214042F30616E64732E005365637572697479206BD1
S214042F406579732072656C6174656420636F6D6D5A
S214042F50616E64732E0064656C657465004E6574FA
S214042F60776F726B2072656C6174656420636F6D35
S214042F706D616E64732E00666F726D0072656A6FA3
S214042F80696E2D646966662D6465766963652D745D
S214042F907970650065787470616E69640069736F32
S214042FA070656E0062726F61642D706A6F696E0080
S214042FB06368616E67652D6368616E6E656C006933
S214042FC06E6974006368616E67652D6B6565702D48
S214042FD0616C6976652D6D6F64650074696D656FE7
S214042FE075742D6F7074696F6E2D6D61736B006DE3
S214042FF0756C74692D7068792D7374617274006DC4
S214043000756C74692D7068792D73746F70006669B9
S2140430106E64006E6574776F726B2066696E6420EA
S214043020636F6D6D616E64732E006A6F696E6162A4
S2140430306C6500756E7573656400736C6F742D6DC6
S214043040616E6167657200636F756E746572730096
S214043050656E642D6465766963652D737570706F2F
S21404306072740066696E642D616E642D62696E64A6
S21404307000667261676D656E746174696F6E006771
S214043080726F7570732D736572766572006E6574F3
S214043090776F726B2D7374656572696E67006F74F3
S2140430A0612D626F6F746C6F6164006F74612D6361
S2140430B06C69656E74006F74612D73746F726167EA
S2140430C0652D636F6D6D6F6E006F74612D73746F15
S2140430D0726167652D656570726F6D0069646C65F5
S2140430E02D736C656570007570646174652D74630A
S2140430F02D6C696E6B2D6B657900757064617465F3
S2140431002D74632D6C696E6B2D6B65792072656CFE
S2140431106174656420636F6D6D616E6473007469B9
S2140431206D6572006E6F7700436F6D6D616E6473CC
S21404313020746F20636F6E74726F6C2069646C69A0
S2140431406E672F736C656570696E67206F66207492
S21404315068652064657669636500666F7263652DCD
S2140431606177616B65006177616B652D7768656E65
S2140431702D6E6F742D6A6F696E6564007265706F6C
S2140431807274696E672072656C6174656420636F1F
S2140431906D6D616E64732E00636C6561722D6C6177
S2140431A073742D7265706F72742D74696D65007416
S2140431B06573742D74696D696E67006F74612D7321
S2140431C0746F726167652D656570726F6D207265C8
S2140431D06C6174656420636F6D6D616E64732E003C
S2140431E077697065006F74612D73746F72616765BB
S2140431F02D636F6D6D6F6E2072656C6174656420EF
S214043200636F6D6D616E6473007072696E74496D80
S214043210616765730072656C6F61640073746F72C6
S2140432206167652D696E666F00646174612D7072E6
S214043230696E74006F74612D636C69656E742072B8
S214043240656C6174656420636F6D6D616E64732E66
S2140432500076657269667900626C6F636B2D7465BF
S214043260737400706167652D72657175657374009B
S214043270757067726164652D726571756573740027
S21404328064697361626C652D646F776E67726164DE
S214043290657300656E61626C652D646F776E677228
S2140432A061646573006F74612D626F6F746C6F6117
S2140432B0642072656C6174656420636F6D6D616E05
S2140432C06473006E6574776F726B2D7374656572C4
S2140432D0696E672072656C6174656420636F6D6DDA
S2140432E0616E64732E007072652D636F6E66696717
S2140432F0757265642D6B65792D736574006D6173E5
S2140433006B2072656C6174656420636F6D6D616EAD
S214043310642E0073756274726163740067726F75ED
S21404332070732D7365727665722072656C61746550
S2140433306420636F6D6D616E64732E0066726167E0
S2140433406D656E746174696F6E2072656C61746508
S2140433506420636F6D6D616E64732E007365742DE7
S21404336072782D77696E646F772D73697A6500615C
S21404337072746966696369616C2D626C6F636B2D28
S21404338064726F700046696E6420616E64206269C0
S2140433906E642072656C6174656420636F6D6D6124
S2140433A06E64732E00696E69746961746F72006569
S2140433B06E642D6465766963652D737570706F72BF
S2140433C0742072656C6174656420636F6D6D616EE4
S2140433D064732E00706F6C6C2D636F6D706C657407
S2140433E065642D63616C6C6261636B00666F726307
S2140433F0652D73686F72742D706F6C6C00656E61EA
S214043400626C655F7479706500737461636B0061E8
S2140434107070007A636C006C65676163795F6166DF
S2140434205F646562756700636F756E74657273209A
S21404343072656C6174656420636F6D6D616E647330
S2140434402E007072696E742D636F756E7465722DBE
S214043450747970650073696D706C652D7072696E31
S21404346074007072696E742D7468726573686F6C1C
S2140434706473007365742D7468726573686F6C6426
S2140434800072657365742D7468726573686F6C6416
S214043490730073656E642D7265717565737400735D
S2140434A0656375726974792072656C6174656420ED
S2140434B0636F6D6D616E6473007365742D616C6CFF
S2140434C06F772D74727573742D63656E7465722DC3
S2140434D072656A6F696E2D7573696E672D77656C94
S2140434E06C2D6B6E6F776E2D6B6579007365742D1E
S2140434F0616C6C6F772D74727573742D63656E745E
S21404350065722D72656A6F696E2D7573696E672DA7
S21404351077656C6C2D6B6E6F776E2D6B65792D747D
S214043520696D656F7574007365742D6B65792D729E
S2140435306571756573742D706F6C696379006D665B
S214043540672D746F6B656E006170730053656375E9
S21404355072697479206170732072656C6174656435
S21404356020636F6D6D616E64732E004765742F73F0
S2140435706574204D464720746F6B656E2E00656E2D
S21404358064706F696E742072656C61746564206320
S2140435906F6D6D616E64732E00656570726F6D205D
S2140435A07574696C6974792072656C6174656420DD
S2140435B0636F6D6D616E647300536C6F74204D6140
S2140435C06E616765722072656C6174656420636FF2
S2140435D06D6D616E647300626F6F742D736C6F74BF
S2140435E00065726173652D736C6F74006578742D55
S2140435F0666C6173682D696E666F00736C6F7473A6
S2140436002D696E666F005072696E74732074696DEE
S214043610652E005072696E747320617474726962E8
S2140436207574652E00436C6561727320746865203A
S2140436305A444F206C697374206F6620636C696506
S2140436406E742028696E2920636C757374657273B2
S2140436502E004164647320636C7573746572732002
S214043660746F20746865206B6E6F776E20636C6968
S214043670656E742028696E2920636C757374657290
S21404368073206F6E20746869732064657669636559
S2140436902E00436C6561727320746865205A444F2B
S2140436A0206C697374206F6620636C69656E742081
S2140436B0286F75742920636C7573746572732E0095
S2140436C04164647320636C75737465727320746FDD
S2140436D020746865206B6E6F776E20636C69656E08
S2140436E07420286F75742920636C757374657273FF
S2140436F0206F6E2074686973206465766963652E2E
S2140437000053656E647320616E2075706461746521
S214043710206368616E6E656C20726571756573747E
S2140437202E006368616E6E656C1F0053656E64736D
S21404373020616E20757064617465206368616E6EC6
S214043740656C2070616765207265712E205468650B
S21404375020737461636B2073656E6473206E776B7D
S21404376020656E68616E6365642075706461746557
S2140437702072657120666F72206E6F6E2D7A657288
S2140437806F20706167652E006368616E6E656C1FDE
S214043790706167651F00506572666F726D73206195
S2140437A06E20656E65726779207363616E2E007491
S2140437B061726765744E6F646549641F7363616EF6
S2140437C04475726174696F6E1F7363616E436F75BF
S2140437D06E741F0042726F61646361737473207445
S2140437E06865204944206F6620746865206E657796
S2140437F0206E6574776F726B206D616E616765729B
S21404380020616E6420616374697665206368616E06
S2140438106E656C732E006E776B4D676549641F6327
S21404382068616E6E656C4D61736B1F0050657266E1
S2140438306F726D7320616E20656E65726779207392
S21404384063616E206F6E20676976656E20636861BB
S2140438506E6E656C206D61736B2E007461726765A5
S214043860744E6F646549641F7363616E4475726158
S21404387074696F6E1F7363616E436F756E741F6336
S21404388068616E6E656C4D61736B1F0053656E6484
S214043890732061206E6574776F726B206164647246
S2140438A0657373207265717565737420666F722014
S2140438B074686520676976656E20494545452061CC
S2140438C06464726573732E00696565651F005265CE
S2140438D071756573747320616E2049454545206192
S2140438E0646472657373206261736564206F6E200E
S2140438F06120676976656E206E6F64652049442E84
S214043900006E6F646549641F0053656E64732061BE
S2140439102073696D706C6520646573637269707476
S2140439206F72207265717565737420666F72207489
S21404393068652073686F727420616464726573735B
S21404394020616E6420656E64706F696E7420737097
S214043950656369666965642E00646573741F7461C3
S21404396072676574456E64706F696E741F00536584
S2140439706E64732061206D6174636844657363725A
S2140439806970746F72735265717565737420746FA1
S2140439902074686520676976656E2064657374694B
S2140439A06E6174696F6E2077697468207468652028
S2140439B0676976656E2070726F66696C652E006E38
S2140439C06F646549641F70726F66696C651F005387
S2140439D0656E64732061206E6F646520646573632E
S2140439E0726970746F722072657175657374207471
S2140439F06F206120676976656E20746172676574EE
S214043A00206465766963652E007461726765741F49
S214043A100053656E64732061205A444F2042696ED9
S214043A206420636F6D6D616E6420746F2061206422
S214043A306576696365207370656369666965642085
S214043A40696E2074686520636F6D6D616E642061B5
S214043A507267756D656E74732E0044657374696E53
S214043A606174696F6E1F536F7572636520656E644B
S214043A70706F696E741F44657374696E6174696FE0
S214043A806E20656E64706F696E741F636C757374F4
S214043A90657249441F72656D6F74654555493634C1
S214043AA01F6465737445554936341F0053656E6448
S214043AB07320616E2061637469766520656E647038
S214043AC06F696E74207265717565737420746F20E7
S214043AD07468652064657669636520776974682010
S214043AE074686520676976656E2073686F727420E3
S214043AF049442E0053656E647320616E20756E62B1
S214043B00696E64207265717565737420666F7220C1
S214043B106120756E69636173742062696E64696E90
S214043B206720746F207468652074617267657420FA
S214043B306465766963652E007461726765741F73C5
S214043B406F757263652065756936341F736F757299
S214043B50636520656E64706F696E741F636C75733D
S214043B6074657249441F64657374696E6174696F21
S214043B706E45554936341F64657374696E6174699D
S214043B806F6E20656E64706F696E741F0053656E89
S214043B90647320616E20756E62696E64207265714E
S214043BA07565737420666F722061206D756C746918
S214043BB0636173742062696E64696E6720746F2033
S214043BC074686520746172676574206465766963D9
S214043BD0652E007461726765741F736F7572636512
S214043BE02065756936341F736F7572636520656E5C
S214043BF064706F696E741F636C7573746572494480
S214043C001F67726F7570416464726573731F005327
S214043C10656E64732061205A444F204D616E61675F
S214043C20656D656E74204C6561766520636F6D6D99
S214043C30616E6420746F20746865207461726765B1
S214043C4074206465766963652E00746172676574B2
S214043C501F72656D6F76654368696C6472656E1F66
S214043C6072656A6F696E1F0053656E647320612007
S214043C705A444F204D474D542D42696E64202842C5
S214043C80696E64696E67205461626C6529205265AA
S214043C90717565737420746F20746865207461721E
S214043CA0676574206465766963652E00746172675F
S214043CB065741F7374617274496E6465781F00536B
S214043CC0656E64732061205A444F204D474D542D31
S214043CD04C514920284C5149205461626C65292076
S214043CE05265717565737420746F207468652074EA
S214043CF06172676574206465766963652E00536532
S214043D006E64732061205A444F20506F776572208A
S214043D1044657363726970746F7220526571756559
S214043D20737420746F207468652074617267657498
S214043D30206465766963652E0053656E647320613E
S214043D40205A444F20726F757465207265717565CC
S214043D50737420636F6D6D616E6420746F20746875
S214043D6065207461726765742E0074617267657489
S214043D701F696E6465781F00696E6465781F6575D3
S214043D806936341F696E7374616C6C436F64651FA7
S214043D9000696E6465781F65756936341F6B6579CE
S214043DA01F005443206C696E6B206B657920726526
S214043DB0717565737420706F6C6963791F417070D8
S214043DC0206C696E6B206B657920726571756573FE
S214043DD07420706F6C6963791F00426F6F6C3A20B1
S214043DE0616C6C6F772074727573742063656E747F
S214043DF065722072656A6F696E207573696E6720D6
S214043E0077656C6C2D6B6E6F776E206B65791F0013
S214043E1070726F66696C6549641F636C757374654C
S214043E207249641F0074617267657449641F0045B3
S214043E306E61626C6573207072696E74696E672059
S214043E406F66205278206D657373616765732E0004
S214043E5053657473207468652062696E64696E675E
S214043E60207461626C6500696E6465781F636C75A6
S214043E70737465721F6C6F63616C45701F72656D39
S214043E806F746545701F65756936341F00436C652D
S214043E90617273207468652062696E64696E672057
S214043EA07461626C652E005072696E747320746857
S214043EB0652062696E64696E67207461626C652051
S214043EC0746F2074686520636F6D6D616E64206C1A
S214043ED0696E652E00436C6561727320616C6C209C
S214043EE07365637572697479206B6579732E004403
S214043EF0656C6574652074686520737065636966AF
S214043F00696564206C696E6B206B657920696E64E4
S214043F1065782E005072696E747320616C6C207321
S214043F2065637572697479206B6579732E005465C0
S214043F30726D696E6174657320746865206D756C46
S214043F4074692D50485920696E746572666163659C
S214043F50005573656420746F207374617274206DE9
S214043F60756C74692D50485920696E746572666163
S214043F706365206F74686572207468616E206E6174
S214043F807469766520616E6420666F726D2074684D
S214043F9065206E6574776F726B2E20546865207387
S214043FA07461636B20757365732073616D6520504F
S214043FB0616E4964206173206E617469766520724F
S214043FC06164696F206E6574776F726B2E00706122
S214043FD067651F6368616E6E656C1F706F776572C8
S214043FE01F6F7074696F6E734D61736B202842691E
S214043FF0742030203D20526F757465727320616C96
S2140440006C6F7765642C204269742031203D204211
S214044010726F61646361737420616C6C6F7765643E
S214044020291F00417474656D70747320746F206367
S21404403068616E676520746865206368696C6420CF
S21404404074696D656F7574206F7074696F6E206D1A
S21404405061736B20746F2066696C746572206F756B
S2140440607420756E646573697261626C652076612E
S2140440706C7565732028652E672E206E6F206D6F15
S2140440807265207468616E20332064617973292E0A
S2140440900074696D656F7574206F7074696F6E2037
S2140440A06D61736B1F005377697463686573206270
S2140440B065747765656E20646966666572656E7498
S2140440C0206B65657020616C697665206D6F64652C
S2140440D07320737570706F727465642062792061E2
S2140440E020726F757465722E004B65657020616C66
S2140440F0697665206D6F64651F005072696E74730F
S214044100207468652063757272656E74204E6F64E1
S214044110652049442C2045554936342C20616E646C
S2140441202050616E2049442E00496E697469616CA2
S214044130697A65732061206E6574776F726B3B20B5
S21404414074686973206973206120746573742063CE
S2140441506F6D6D616E64207573656420666F722082
S21404416074632D737761702D6F7574207465737422
S214044170696E672E005365747320746865206E65D7
S21404418074776F726B20696E6465782075736564E6
S21404419020627920616C6C206675747572652043A4
S2140441A04C4920636F6D6D616E64732E20204265EA
S2140441B0666F726520657865637574696E672061DD
S2140441C020434C4920636F6D6D616E642C207468C7
S2140441D065206672616D65776F726B20737769749C
S2140441E06368657320746F2074686973206E6574E1
S2140441F0776F726B2E202041667465722074686532
S21404420020636F6D6D616E642066696E69736865A0
S2140442107320657865637574696E672C20746865A9
S214044220206672616D65776F726B2073776974634D
S214044230686573206261636B20746F207468652000
S21404424070726576696F7573206E6574776F726BBE
S2140442502E202054686520434C49207573657320CE
S2140442607468652073616D65206E6574776F726B14
S21404427020696E64657820756E74696C2074686550
S2140442802064657669636520726573657473206F50
S21404429072206974206973206368616E67656420A0
S2140442A07468726F756768207468697320636F6DCD
S2140442B06D616E642E00417474656D707473207441
S2140442C06F206368616E6765206465766963652040
S2140442D06F76657220746F20612064696666657205
S2140442E0656E74206368616E6E656C2067697665BA
S2140442F06E20696E20746865206368616E6E656CF6
S21404430020617267756D656E742E0054686520634F
S21404431068616E6E656C20746F206368616E676595
S21404432020746F1F0066696E64556E7573656450FD
S214044330616E49640066696E644A6F696E61626C98
S214044340654E6574776F726B005065726D69747331
S214044350206A6F696E696E67206F6E2074686520C8
S2140443606E6574776F726B20666F72206120676962
S21404437076656E206E756D626572206F6620736555
S214044380636F6E647320414E442062726F6164638F
S214044390617374732061205A444F204D676D7420F6
S2140443A05065726D6974204A6F696E696E67207213
S2140443B065717565737420746F20616C6C20726F00
S2140443C075746572732E00412073696E676C652080
S2140443D06279746520696E6469636174696E6720C6
S2140443E0686F77206C6F6E672074686520646576E6
S2140443F06963652073686F756C64206861766520F0
S2140444007065726D6974206A6F696E696E67207470
S21404441075726E6564206F6E20666F722E20412062
S21404442076616C7565206F662030786666207475D4
S214044430726E73206F6E207065726D6974206A6F79
S214044440696E20696E646566696E6974656C792E3A
S2140444501F00436865636B73206E6574776F726BB9
S21404446020706A6F696E207374617475732E0057BA
S21404447072697465732074686520657874656E6403
S21404448065642070616E20494420666F72207468EB
S21404449065206465766963652E0065787470616E60
S2140444A069641F0052656A6F696E7320616E2065C9
S2140444B078697374696E67206E6574776F726B20A3
S2140444C0696E206120736563757265206F7220695A
S2140444D06E736563757265206D616E6E65722077A6
S2140444E0697468206120646966666572656E742006
S2140444F064657669636520747970652E00426F6F13
S2140445006C65616E206E6574776F726B206B65796F
S21404451020617661696C6162696C6974791F4368AD
S214044520616E6E656C206D61736B1F416E20656EE7
S214044530756D65726174696F6E20696E6469636116
S21404454074696E672074686520646576696365209F
S2140445507479706520746F2072656A6F696E206165
S214044560732E54686520737461636B206F6E6C7968
S214044570206163636570747320534C5F5A494742E5
S21404458045455F454E445F44455649434520616E64
S2140445906420534C5F5A49474245455F534C454552
S2140445A050595F454E445F4445564943452E1F00C7
S2140445B052654A6F696E732061206E6574776F72F8
S2140445C06B2E00426F6F6C65616E206E6574776F3C
S2140445D0726B206B657920617661696C6162696CC7
S2140445E06974791F4368616E6E656C206D61736BC8
S2140445F01F004C65617665732061206E6574776F65
S214044600726B2E005475726E73207065726D6974C9
S214044610206A6F696E696E67206F6E20666F7220FF
S21404462074686520616D6F756E74206F662074699A
S2140446306D6520696E646963617465642E0041204B
S21404464073696E676C65206279746520696E646947
S214044650636174696E6720686F77206C6F6E67207D
S214044660746865206465766963652073686F756C25
S214044670642068617665207065726D6974206A6F5F
S214044680696E696E67207475726E206F6E20666F31
S214044690722E20412076616C7565206F6620307816
S2140446A06666207475726E73207065726D69742008
S2140446B06A6F696E20696E646566696E6974656C96
S2140446C0792E1F004A6F696E732061206E657477B9
S2140446D06F726B206F6E206120676976656E20634B
S2140446E068616E6E656C2C2077697468206120673B
S2140446F06976656E20545820506F77657220616E17
S214044700642050414E2049442E0054686520636856
S214044710616E6E656C206F6E2077686963682074BE
S2140447206F206A6F696E20746865206E6574776F93
S214044730726B1F4F6E652D62797465207369676EA0
S21404474065642076616C756520696E64696361745E
S214044750696E672074686520545820506F776572B8
S21404476020746861742074686520726164696F20BF
S21404477073686F756C642062652073657420746F4B
S2140447801F5468652050414E204944206F6E2077A0
S2140447906869636820746F206A6F696E2074686540
S2140447A0206E6574776F726B1F00466F726D732090
S2140447B061206E6574776F726B206F6E2061206760
S2140447C06976656E206368616E6E656C2C20776909
S2140447D07468206120676976656E20545820506F8F
S2140447E077657220616E642050414E2049442E0045
S2140447F0546865206368616E6E656C206F6E207702
S2140448006869636820746F20666F726D20746865CB
S214044810206E6574776F726B1F4F6E652D627974A8
S21404482065207369676E65642076616C75652069BA
S2140448306E6469636174696E672074686520545891
S21404484020506F77657220746861742074686520E0
S214044850726164696F2073686F756C64206265208A
S21404486073657420746F1F5468652050414E204948
S21404487044206F6E20776869636820746F20666FC3
S214044880726D20746865206E6574776F726B1F0096
S2140448905468697320696E6974696174657320610C
S2140448A02054434C4B207570646174652070726F9D
S2140448B06365647572652E00537065636966792056
S2140448C074686520616D6F756E74206F66207469F8
S2140448D06D6520746F2077616974206166746572F3
S2140448E0206F6E652054434C4B207570646174656C
S2140448F0206F7065726174696F6E20636F6D706C83
S21404490065746573206265666F72652062656769A3
S2140449106E6E696E672061206E65772054434C4B3B
S21404492020757064617465206F7065726174696F58
S2140449306E2E0054686520616D6F756E74206F6608
S2140449402074696D65206265747765656E2073757D
S2140449506273657175656E74207472757374206302
S214044960656E746572206C696E6B206B6579207554
S21404497070646174657320696E206D696C6C69730C
S21404498065636F6E64731F00536574206F722063D3
S2140449906C6561722073746179206177616B652040
S2140449A07768656E206E6F74206A6F696E65640042
S2140449B0536574206F7220636C65617220666F7233
S2140449C06365206177616B6500446973706C617917
S2140449D02074686520736C656570207374617475E3
S2140449E07300464F522054455354494E4720505561
S2140449F052504F534553202D2067617468657220CA
S214044A0074696D696E67206D657472696373206678
S214044A106F72207265706F7274696E67207461625B
S214044A206C65206F7065726174696F6E732E0043D7
S214044A306C6561727320746865206C61737420728F
S214044A4065706F72742074696D65206F662061747A
S214044A5074726962757465732E00416464732061B0
S214044A60206E657720656E74727920746F20746882
S214044A7065207265706F7274207461626C652E00B6
S214044A80546865206C6F63616C20656E64706F6932
S214044A906E742066726F6D20776869636820746828
S214044AA06520617474726962757465206973207216
S214044AB065706F727465641F54686520636C7573E3
S214044AC07465722077686572652074686520617401
S214044AD074726962757465206973206C6F6361749F
S214044AE065641F546865204944206F6620746865B1
S214044AF020617474726962757465206265696E6794
S214044B00207265706F727465641F3020666F722041
S214044B10636C69656E742D73696465206174747260
S214044B20696275746573206F72203120666F722017
S214044B307365727665722D73696465206174747228
S214044B406962757465731F546865206D696E696D56
S214044B50756D207265706F7274696E6720696E7405
S214044B60657276616C2C206D656173757265642060
S214044B70696E207365636F6E64732E1F54686520B8
S214044B806D6178696D756D207265706F7274696E8B
S214044B906720696E74657276616C2C206D6561732E
S214044BA07572656420696E207365636F6E64732E18
S214044BB01F546865206D696E696D756D2063686144
S214044BC06E676520746F20746865206174747269FA
S214044BD06275746520746861742077696C6C2072E1
S214044BE06573756C7420696E2061207265706F72CF
S214044BF074206265696E672073656E742E1F00529A
S214044C00656D6F76657320616E20656E74727920AB
S214044C1066726F6D20746865207265706F7274209A
S214044C207461626C652E0054686520696E646578EC
S214044C30206F6620746865207265706F72742074C5
S214044C406F2062652072656D6F7665641F00436C25
S214044C506561727320616C6C20656E74726965732D
S214044C602066726F6D20746865207265706F72744A
S214044C70207461626C652E005072696E74732074C1
S214044C806865207265706F7274207461626C652E3C
S214044C9000576970657320616C6C206461746120D0
S214044CA0696E207468652073746F7261676520642A
S214044CB065766963652E005072696E74732061723E
S214044CC062697472617279206279746573206F66A2
S214044CD020746865204F544120696D616765206FB4
S214044CE06E206469736B2E0054686520696E646573
S214044CF078206F662074686520696D616765207426
S214044D006F207072696E74206974732064617461B4
S214044D101F546865206F666673657420696E746FC9
S214044D2020746865204F544120696D61676520745E
S214044D306861742077696C6C206265207072696E95
S214044D407465641F005072696E747320696E666FB2
S214044D50726D6174696F6E2061626F757420746819
S214044D60652073746F726167652064657669636530
S214044D702E0052656C6F6164207468652073746FCE
S214044D8072616765206465766963652E0044656CA8
S214044D90657465732074686520696D616765206154
S214044DA07420746865207370656369666965642039
S214044DB0696E6465782E0054686520696E6465784B
S214044DC020617420776869636820746F2062656761
S214044DD0696E2064656C6574696E67207468652006
S214044DE0696D6167651F005072696E74732074681C
S214044DF06520696D616765732E00456E61626C653A
S214044E0073204F544120646F776E677261646573D4
S214044E102E0044697361626C6573204F54412064AC
S214044E206F776E6772616465732E0053656E647384
S214044E3020616E2055706772616465456E645265C4
S214044E40717565737420746F20616E204F54412011
S214044E507365727665722E0043616E2062652075F6
S214044E6073656420746F2064796E616D6963616C28
S214044E706C79207475726E206F66662073656E6436
S214044E80696E6720706167652072657175657374F5
S214044E9073206F6E2074686520636C69656E742079
S214044EA0736964652C20696620746865207365726E
S214044EB076657220646F65736E27742073757070E0
S214044EC06F727420746869732066656174757265A0
S214044ED02E00426F6F6C65616E2076616C7565207E
S214044EE07475726E696E67206F6E20283129206F84
S214044EF072206F66662028302920746865207061E9
S214044F006765207265717565737420666C61671FCA
S214044F100053656E647320616E20696D6167652059
S214044F20626C6F636B207265717565737420666F4F
S214044F307220612066696C652074686520736572EA
S214044F407665722073686F756C64206E6F74206863
S214044F506176652E202054657374206861726E65D0
S214044F607373206F6E6C7920287465737420636184
S214044F70736520392E352E36202D204D69737369BE
S214044F806E672046696C6529005072696E747320DA
S214044F90696E666F726D6174696F6E206F6E2074D1
S214044FA068652063757272656E74207374617465C7
S214044FB0206F6620746865204F544120636C6965D1
S214044FC06E7420646F776E6C6F61642E0053746F1A
S214044FD0707320746865204F54412073746174653F
S214044FE0206D616368696E652E0053746172747314
S214044FF020746865204F544120636C69656E742084
S2140450007374617465206D616368696E652E2054DF
S2140450106865207374617465206D616368696E6584
S21404502020646973636F7665727320746865204FB5
S2140450305441207365727665722C207175657269A9
S214045040657320666F72206E657720696D6167658B
S214045050732C20646F776E6C6F616473207468655C
S21404506020696D6167657320616E64207761697479
S2140450707320666F72207468652073657276657235
S21404508020636F6D6D616E6420746F207570677237
S2140450906164652E005072696E74732074686520AE
S2140450A06D616E7566616374757265722049442C11
S2140450B020496D61676520547970652049442C2029
S2140450C0616E642056657273696F6E20696E666FD2
S2140450D0726D6174696F6E207468617420617265A4
S2140450E02075736564207768656E20612071756528
S2140450F07279206E65787420696D616765206973BE
S2140451002073656E7420746F2074686520736572EE
S2140451107665722062792074686520636C69656EB2
S214045120742E00506572666F726D73207369676EB5
S21404513061747572652076657269666963617469FF
S2140451406F6E206F6E2074686520696D61676520D8
S2140451506174207468652073706563696669656444
S21404516020696E6465782E0054686520696E6465EF
S2140451707820617420776869636820746F2062659C
S21404518067696E20766572696669636174696F6EB5
S214045190206F662074686520696D6167651F00422C
S2140451A06F6F746C6F6164732074686520696D61D9
S2140451B0676520617420746865207370656369662A
S2140451C069656420696E6465782062792063616C21
S2140451D06C696E6720746865204F544120626F6F57
S2140451E0746C6F61642063616C6C6261636B2E0027
S2140451F054686520696E64657820617420776869F0
S214045200636820746F20626567696E20626F6F74CE
S2140452106C6F6164696E672074686520696D616788
S214045220651F005072696E747320696E666F206124
S214045230626F75742074686520696E7374616C6C33
S214045240656420626F6F746C6F616465722E0053C0
S21404525075627472616374732061206368616E6E34
S214045260656C2066726F6D2065697468657220745B
S2140452706865207072696D617279206F722073653B
S214045280636F6E64617279206368616E6E656C200C
S2140452906D61736B206F6620746865206E65747725
S2140452A06F726B2D7374656572696E6720636F6DBC
S2140452B0706F6E656E742E00546865206368616E48
S2140452C06E656C206D61736B20746F2073756274E9
S2140452D07261637420746865206368616E6E656CC1
S2140452E02066726F6D1F546865206368616E6E6514
S2140452F06C20746F207375627472616374207468B2
S21404530065206D61736B2066726F6D1F0041646467
S214045310732061206368616E6E656C20746F20650F
S214045320697468657220746865207072696D61724C
S21404533079206F72207365636F6E6461727920637F
S21404534068616E6E656C206D61736B206F66207489
S2140453506865206E6574776F726B2D7374656572FD
S214045360696E6720636F6D706F6E656E742E005481
S2140453706865206368616E6E656C206D61736B2072
S214045380746F206164642061206368616E6E656C6E
S21404539020746F1F546865206368616E6E656C20A8
S2140453A0746F2061646420746F20746865206D6176
S2140453B0736B1F0053657473206569746865722087
S2140453C0746865207072696D617279206F722073DB
S2140453D065636F6E64617279206368616E6E656C76
S2140453E0206D61736B2E00546865206368616E6E71
S2140453F0656C206D61736B20746F207375627472B4
S21404540061637420746865206368616E6E656C20E1
S21404541066726F6D1F5468652076616C75652074BE
S2140454206F2073657420746865206368616E6E65AA
S2140454306C206D61736B20746F2E1F00536574733C
S21404544020746865207072652D636F6E6669677573
S214045450726564206B657920736F207468617420AC
S214045460746865206A6F696E696E6720646576691C
S21404547063652063616E20656E746572207468656A
S214045480206E6574776F726B2E0053657473207488
S214045490686520707265636F6E66696775726564A9
S2140454A0206B65791F0053746F70732074686520D1
S2140454B06E6574776F726B207374656572696E6758
S2140454C02070726F636573732E0053746172747305
S2140454D020746865206E6574776F726B20737465CC
S2140454E06572696E672070726F636573732E004110
S2140454F0206D61736B206F66206F7074696F6E73B6
S21404550020666F7220696E6469636174696E6720D1
S2140455107370656369666963206265686176696F3E
S214045520722077697468696E20746865206E657485
S214045530776F726B2D7374656572696E672070720F
S2140455406F636573732E1F00446973706C6179739F
S214045550207468652063757272656E742073746156
S214045560747573206F6620746865206E6574776F33
S214045570726B207374656572696E672070726F63F0
S2140455806573732E00436C656172732074686520BE
S21404559067726F757073207461626C65206F6E201D
S2140455A0657665727920656E64706F696E740050F6
S2140455B072696E747320696E666F726D6174696F5A
S2140455C06E2061626F75742074686520636F6E74F4
S2140455D0656E7473206F66207468652067726F75D5
S2140455E07073207461626C652E004172746966691A
S2140455F06369616C6C792064726F7073207468657B
S21404560020626C6F636B206E756D626572206465D4
S21404561066696E65642062792074686520706173BB
S21404562073656420617267756D656E74206F6E6C49
S21404563079206F6E63652C20616E64207468656ED5
S21404564020616C6C6F77732069742075706F6E20A0
S214045650612072657472792E0054686520626C6FDE
S214045660636B206E756D62657220746F2061727450
S2140456706966696369616C6C792064726F70207402
S2140456806F20666F7263652061207265747279207C
S2140456902D2073657420746F203078464620746F0E
S2140456A02064697361626C651F00536574732074AB
S2140456B0686520726563656976652077696E646FD0
S2140456C0772073697A652E2020427920646566699E
S2140456D06E6974696F6E20696E2074686520536DF8
S2140456E061727420456E657267792070726F6669A0
S2140456F06C65206974206D7573742062652073650B
S2140457007420746F20312062757420746869732065
S214045710616C6C6F777320697420746F20626520E7
S2140457206368616E6765642E00546865206D6178F1
S214045730206E756D626572206F66207468652062DF
S2140457406C6F636B7320726563656976656420624B
S21404575065666F726520616E204150532061636BED
S2140457602069732067656E6572617465641F004DF9
S214045770616B65732074686973206E6F646520734B
S21404578074617274206964656E74696679696E679B
S21404579020617320612074617267657420666F727D
S2140457A02062696E64696E67207769746820616E2A
S2140457B020696E69746961746F72206E6F64652EF9
S2140457C00054686520656E64706F696E74206F6E31
S2140457D020776869636820746F20626567696E2045
S2140457E07468652046696E64696E6720616E64201D
S2140457F042696E64696E67207461726765742070AE
S214045800726F636573731F004D616B6573207468F4
S2140458106973206E6F646520737461727420746893
S2140458206520696E69746961746F72207061727440
S214045830206F66207468652066696E64696E6720EA
S214045840616E642062696E64696E672070726F634D
S2140458506573732E0054686520656E64706F696E98
S21404586074206F6E20776869636820746F206265A1
S21404587067696E207468652046696E64696E672081
S214045880616E642042696E64696E6720696E69742D
S2140458906961746F722070726F636573731F00534F
S2140458A0657473207768657468657220746865200B
S2140458B0434C4920666F7263657320746865206480
S2140458C0657669636520746F2073686F72742070E0
S2140458D06F6C6C2E005468652076616C7565206963
S2140458E06E6469636174696E672077686574686559
S2140458F07220746865206465766963652073686FD2
S214045900756C642073686F727420706F6C6C1F0003
S2140459105365747320776865746865722074686567
S214045920206465766963657320706F6C6C20636FA2
S2140459306D706C657465642063616C6C6261636B26
S2140459402066756E6374696F6E20697320656E6178
S214045950626C65642E005468652076616C756520FB
S214045960696E6469636174696E67207768657468D4
S2140459706572207468652064657669636573207053
S2140459806F6C6C20636F6D706C6574656420636106
S2140459906C6C6261636B2066756E6374696F6E20EF
S2140459A0697320656E61626C65641F004469737078
S2140459B06C617973207468652073746174757320E0
S2140459C06F662074686520456E6420446576696356
S2140459D0657320706F6C6C696E672E00456E61622D
S2140459E06C652F64697361626C65206465627567B3
S2140459F020606C65676163792061707020667261EF
S214045A006D65776F726B206465627567602070726F
S214045A10696E7420747970652E00456E61626C65DB
S214045A202F64697361626C651F00456E61626C6504
S214045A302F64697361626C652064656275672060B3
S214045A407A636C60207072696E7420747970652E47
S214045A5000456E61626C652F64697361626C6520D3
S214045A606465627567206061707060207072696E2C
S214045A707420747970652E00456E61626C652F64BF
S214045A80697361626C652064656275672060636F24
S214045A90726560207072696E7420747970652E0069
S214045AA0456E61626C652F64697361626C6520641F
S214045AB0656275672060737461636B6020707269D9
S214045AC06E7420747970652E0053656E647320615D
S214045AD0207265717565737420666F72204F544129
S214045AE020636F756E746572732E005265736574E9
S214045AF07320616C6C207468726573686F6C647371
S214045B002076616C75657320746F2030784646463F
S214045B10462E00536574732061207468726573683A
S214045B206F6C642076616C756520666F72206120E8
S214045B30706172746963756C617220747970652023
S214045B406F6620636F756E7465722E005479706587
S214045B50206F6620636F756E7465721F5468726575
S214045B6073686F6C642056616C75651F00507269AB
S214045B706E747320746865207468726573686F6CDD
S214045B806473206F6620616C6C2074686520636F94
S214045B90756E746572732E00436C65617273206152
S214045BA06C6C20636F756E7465722076616C7565B7
S214045BB0732E005072696E747320616C6C20636F70
S214045BC0756E7465722076616C7565732E005072FE
S214045BD0696E7473207468652076616C7565206FD1
S214045BE066207468697320706172746963756C6189
S214045BF07220636F756E7465722E00546865206338
S214045C006F756E746572207479706520746F207079
S214045C1072696E741F005072696E747320616C6CC6
S214045C2020636F756E7465722076616C756573207B
S214045C30616E6420636C65617273207468656D2E92
S214045C4000536574204D464720746F6B656E2C2098
S214045C5043414E4E4F5420424520554E5345542002
S214045C60425920434C492E005072696E74204D46AA
S214045C704720746F6B656E2E005072696E742061D7
S214045C806374697665206576656E74732E00446960
S214045C907361626C652074686520656E64706F69F4
S214045CA06E7420666F72205A434C206D6573736160
S214045CB06765732E00456E64706F696E7420696E36
S214045CC06465781F00456E61626C65732074686550
S214045CD020656E64706F696E7420666F72205A4316
S214045CE04C206D657373616765732E005072696E20
S214045CF07420737461747573206F6620656E6470A7
S214045D006F696E74732E0053686F777320746865BA
S214045D102076657273696F6E206F662074686520DE
S214045D20736F6674776172652E00536574207468A9
S214045D306520636F6E6669677572656420383032F5
S214045D402E31352E3420434341206D6F646520691F
S214045D506E2074686520726164696F2E20536565D1
S214045D6020646F63756D656E746174696F6E2072FE
S214045D706567617264696E67205241494C5F4945A4
S214045D8045453830323135345F4363614D6F646561
S214045D905F742E0041205241494C5F4945454538C1
S214045DA030323135345F4363614D6F64655F742010
S214045DB076616C75651F0052657475726E7320503B
S214045DC0544920726164696F20636F6E6669672048
S214045DD0696E666F726D6174696F6E20746F20648D
S214045DE0657465726D696E652074686520504859DF
S214045DF02074797065206265696E672075736564C2
S214045E00206279205241494C2E2072657475726E58
S214045E102076616C756520697320656E756D2052F9
S214045E2041494C5F494545453830323135345F5039
S214045E307469526164696F436F6E6669675F742044
S214045E40652E6720205241494C5F49454545383008
S214045E50323135345F5054495F524144494F5F43B1
S214045E604F4E4649475F32503447485A203D20300B
S214045E7078303055205241494C5F494545453830C5
S214045E80323135345F5054495F524144494F5F4381
S214045E904F4E4649475F32503447485A5F414E5446
S214045EA0444956203D203078303155205241494CE3
S214045EB05F494545453830323135345F5054495F83
S214045EC0524144494F5F434F4E4649475F32503430
S214045ED047485A5F434F4558203D20307830325566
S214045EE0205241494C5F49454545383032313534B6
S214045EF05F5054495F524144494F5F434F4E4649B1
S214045F00475F32503447485A5F414E544449565FBF
S214045F10434F4558203D2030783033550053656E46
S214045F2064732061207265616420617474722066F3
S214045F306F72207468652074696D65206F662074BE
S214045F406865206465766963652073706563696651
S214045F506965642E20497420736574732061206615
S214045F606C616720736F207768656E20697420679C
S214045F706574732074686520726573706F6E7365DC
S214045F802069742077726974657320746865207458
S214045F90696D6520746F20697473206F776E207442
S214045FA0696D6520617474722E0049641F73726390
S214045FB0456E64706F696E741F64657374456E64B1
S214045FC0706F696E741F005768656E2073656E6423
S214045FD0696E67207573696E6720612062696E64F6
S214045FE0696E672C207370656369666965732077CC
S214045FF06865746865722061206D756C7469636188
S21404600073742062696E64696E672073686F756C5A
S2140460106420626520757365642E007573654D751E
S2140460206C74696361737442696E64696E671F0099
S21404603053656E64732061207072652D62756666A2
S21404604065726564206D756C746963617374206D24
S21404605065737361676520746F2061206769766570
S2140460606E2067726F75702049442066726F6D20CB
S2140460706120676976656E20656E64706F696E74FC
S2140460802E0067726F757049641F7372632D656E98
S21404609064706F696E741F00437265617465732063
S2140460A061206D657373616765206279207370651E
S2140460B063696679696E6720746865207261772003
S2140460C062797465732E2055736520746865207331
S2140460D0656E6420636F6D6D616E6420746F2073EB
S2140460E0656E6420746865206D65737361676520EA
S2140460F06F6E636520697420686173206265656EDF
S21404610020637265617465642E2045783A20726156
S2140461107720307830303046207B303020304120B5
S214046120303020313120323220333320343420359D
S214046130357D2073656E64732061206D65737361AD
S214046140676520746F20636C7573746572203135CF
S214046150202830783030304629206F66206C656EF3
S214046160677468203820776869636820696E636C92
S2140461707564657320746865205A434C20686561AD
S2140461806465722E00436C757374657249641F44AB
S2140461906174611F005265736574732074686520AA
S2140461A06E6F64652E005772697465732061206D86
S2140461B06573736167652E00456E64706F696E74EF
S2140461C01F436C75737465722049441F417474725E
S2140461D069627574652049441F4D61736B1F446181
S2140461E0746120747970651F4461746120627974E7
S2140461F0651F0052656164732061206D6573736169
S21404620067652E00456E64706F696E741F436C7507
S214046210737465722049441F41747472696275749C
S214046220652049441F31206966207365727665725D
S21404623020646972656374696F6E2C203020696609
S21404624020636C69656E7420646972656374696F33
S2140462506E1F0053656E64732061206D65737361F1
S21404626067652E0044657374696E6174696F6E1F8A
S214046270536F7572636520656E64706F696E741F04
S21404628044657374696E6174696F6E20656E6470BC
S2140462906F696E741F00536F7572636520656E6454
S2140462A0706F696E741F004C697374732077686925
S2140462B06368206F7074696F6E616C206C696272BB
S2140462C06172696573206F662074686520737461F3
S2140462D0636B2061726520696D706C656D656E74A4
S2140462E06564206F6E2074686973206465766963DC
S2140462F0652E005072696E747320696E666F726DD7
S2140463006174696F6E2061626F75742074686520AD
S2140463106E6574776F726B2073746174652C20637A
S2140463206C7573746572732C20616E6420656E647C
S214046330706F696E74732E006F66667365741F00E3
S2140463405072696E747320696E666F726D617469DB
S2140463506F6E20666F7220616C6C20617661696C6A
S21404636061626C6520736C6F74732E005265616491
S214046370732072617720646174612066726F6D2089
S214046380666C6173682073746F726167652E004172
S21404639064647265737320746F20726561641F4E43
S2140463A0756D626572206F662062797465732074F9
S2140463B06F20726561641F005072696E7473206684
S2140463C06C6173682073746F7261676520696E66AA
S2140463D06F726D6174696F6E2E00457261736573BA
S2140463E020746865207370656369666965642073E4
S2140463F06C6F742049442E0053746F726167652075
S214046400736C6F74206E756D6265721F00426F6FD9
S21404641074732074686520696D61676520696E20F1
S2140464207468652073706563696669656420736C57
S2140464306F742049442E00434C4920696E7374617E
S2140464406E6365206578616D706C650064756D6D4E
S214046450795F696E7374005A434C20636F6D6D6187
S2140464606E647300626173696300676C6F62616C6B
S214046470006D66672D636F6465007573652D6E65C4
S21404648078742D73657175656E636500782D646523
S2140464906661756C742D7265737000746573742D03
S2140464A0726573706F6E73652D6F6E0074657374AA
S2140464B02D726573706F6E73652D6F6666005A4332
S2140464C04C20626173696320636C75737465722013
S2140464D0636F6D6D616E6473007274666400436FFF
S2140464E06D6D616E64207468617420726573657482
S2140464F07320616C6C2061747472696275746520B3
S21404650076616C75657320746F20666163746F7250
S214046510792064656661756C742E005241494C009E
S2140465206C6F7765722D6D61632D7261696C2D38A1
S21404653030322E31352E342E63006C6962726169F6
S2140465406C2E6100756E636C61696D6564006275BE
S214046550666665722D6D616E6167656D656E742E17
S21404656063006576656E742D71756575652E6300BA
S2140465707A69676265652D75707065722D6D6163E5
S2140465802E63006E65696768626F722E63006173BE
S214046590736F63696174696F6E2E630031383231CC
S2140465A0730031343232310031323100327300310B
S2140465B03232313132003132323131003238310048
S2140465C03831310031383231310031323131313203
S2140465D031323232317300313232003132313132BB
S2140465E03231003131313100323238006D61632D81
S2140465F06D756C74692D6E6574776F726B2E63009F
S2140466006C65676163792D7061636B65742D627563
S214046610666665722E63000000000200000000003B
S21404662000000000BA0400000000020000000000A1
S21404663000000000BA040000000102030E312E31EF
S2140466402E322D62626664666332390001000002EF
S2140466500303010006000000000003000000010020
S21404666013B779FAC925DDB7ADF3CFE0F1B614B8A0
S2140466700102000000000000FFFFFFFF0100000011
S2140466800100000000000000000000000000000000
S21404669000000000000000000000000000000000F1
S2140466A000000000000000000000000000000000E1
S2140466B0033F1F00E3270300DF270300BD27030073
S2140466C08B2703001B280300ED2703008D270300F8
S2140466D02C00000002020203000000000102000079
S2140466E0000801B4886704000008015A44670400DF
S2140466F000080040006704000000000000000000DE
S2140467000000FCFEFFFF000000000000FFFF00008A
S21404671000000000FFFF000000000000FFFF000074
S2140467200000000040001806F4D200002C00B0025E
S2140467303DBE00001700F2000C7C00000C00410077
S2140467409E4200006400FCFEFFFF00000000000004
S214046750FFFF0000000000005A00F306A554FEFFE9
S2140467602100A301A1FEFFFF1100A600832700005D
S2140467700A006100DC26000006003B00F82000004A
S21404678003001500AD130000C800FCFEB4008B081F
S2140467907BC0FBFF4D00E402E756FFFF2C00A2017E
S2140467A083EBFFFF1A000301B31A00001100A300D5
S2140467B0552900000A005E005A28000006003A0028
S2140467C0212200000400180073160000811B040038
S2140467D0C3CE0300C3CE0300C3CE0300C3CE030060
S2140467E0C3CE0300C3CE0300C3CE0300C3CE030050
S2140467F0C3CE0300C3CE0300C3CE0300C3CE030040
S214046800C3CE0300C3CE0300C3CE0300C3CE03002F
S214046810C3CE0300C3CE0300C3CE0300C3CE03001F
S214046820C3CE0300C3CE0300C3CE0300C3CE03000F
S214046830C3CE0300C3CE0300C3CE0300D1CE0300F1
S214046840C3CE0300E6CE0300C3CE0300C3CE0300CC
S2140468500BCF0300C3CE0300C3CE0300C3CE030096
S214046860C3CE030033CF0300C3CE0300C3CE03005E
S214046870C3CE0300C3CE03004BCF0300C3CE030036
S21404688069CF03000B0000000B00000002000000AC
S2140468900000202000000000030000008C8C3C0058
S2140468A00000000000000000000000000000005887
S2140468B01200000000000000FFFFFFFFFFFFFFFFC5
S2140468C0FFFFFFFF554E4B00474F200042544C003D
S2140468D0474F3200474F3300474F3400474F350089
S2140468E0474F3600474F3700474F3800474F390069
S2140468F0474F4100474F4200474F4300474F44002D
S214046900474F4500474F46004A4D50004244520008
S2140469105550520042544D004D534D0046544C00C1
S214046920554E4B00474F200042544C004241440011
S21404693046544C00465243004F54410044534C00C6
S2140469404241500055504700544D450046415500BD
S214046950545A4600554E4B0050494E00454D34009F
S214046960554E4B0048562000554E4B004558500097
S2140469704C574D00554E4B005242540044534C0065
S214046980454D3400554E4B0041535400554E4B0074
S21404699056465900494E4800554E4B004C434B0052
S2140469A058544C004F424600554E4B004852440043
S2140469B04D454D0042555300555347004442470049
S2140469C0444D410056435400554E4B00555020004C
S2140469D052502000415030004150310041502000B8
S2140469E04450200044454300C4680400C8680400BA
S2140469F0206904005469040060690400686904009E
S214046A0074690400846904008C69040098690400AD
S214046A10A8690400C8690400554E4B004649420064
S214046A2042544C00455854005057520057444700AF
S214046A3020535700435253004653480042414400F3
S214046A40464C540042524F0001040103030601055C
S214046A50010501090600060B0000070B050B0000E4
S214046A6000000000000000000400E40C0A0001041A
S214046A70100100000005000200000300046D04007D
S214046A80006D0400EC6C0400E86C0400E46C040084
S214046A90E06C0400CE6C0400BE6C0400A46C04001D
S214046AA09C6C0400926C0400906C0400786C0400E7
S214046AB0756C04006D6C04005C6C04004C6C040083
S214046AC03A6C0400206C0400186C04000C6C04007F
S214046AD0086C0400046C0400F66B0400EB6B040002
S214046AE0D26B0400B96B04005D6B04005C6B04009D
S214046AF04C6B0400246B0400196B0400186B040030
S214046B00046B040000000000000000000000000009
S214046B1000000000000000000F000000000000005D
S214046B20000000000000000000000000000000005C
S214046B30000000000000000000000000000000004C
S214046B40000000000000000000000000010000003B
S214046B500000000000000000000000000F0000001D
S214046B60000000000000000000000000000000001C
S214046B70000000000000000000000000000000000C
S214046B8000000000000000000000000000000000FC
S214046B9000000000000000000000000000000000EC
S214046BA000000000000000000000000000000000DC
S214046BB000000000000000000000000000000000CC
S214046BC000000000000000000000000000000000BC
S214046BD000000000000000000000000000000000AC
S214046BE0000000000000000000000000000000009C
S214046BF0000000000000000000000000000000008C
S214046C00000000000000000000000000FFFFFFFF7F
S214046C10FFFFFFFFFFFF0000000000000000000071
S214046C20000000000000000000000000000000005B
S214046C30000000000000000000000000000000004B
S214046C40000000000000000000000000000000003B
S214046C50000000000000000000000000000000002B
S214046C6000000000000000000000000000FFFFFF1E
S214046C70FFFFFFFFFF9C0000FF0000000000000075
S214046C80000000000000000000000000800000007B
S214046C900000FFFFFFFFFFFFFFFFFFFF00000000F5
S214046CA0FFFF0000000000000000000000000000DD
S214046CB00000000000000000000000000000FFFFCD
S214046CC0FF000000000000000000000000000000BC
S214046CD000000000000000000000000000000000AB
S214046CE0000000000000000000000000000000009B
S214046CF0000000000000000000000000000000008B
S214046D0000000000FC030101010101010101010171
S214046D100101010101000000000000010020000044
S214046D2000000001010000200204110404021110F6
S214046D301A080A021801081110111A080A04020D8A
S214046D400B19195C0110280B011400000000000048
S214046D500000000000000000000101010101010024
S214046D60010101010101010000010101000100010E
S214046D700100000000000000000000000000000009
S214046D8000010000000000000000000000000000F9
S214046D9001FF010023E1010075E4010063E2010044
S214046DA063E5010062E1010079EB010064EE010095
S214046DB024E1010025E1010026E1010027E10100AC
S214046DC028E1010029E101002AE101000000010098
S214046DD080000100000101008001010000020100A2
S214046DE08002010020E2010000030100000501000A
S214046DF080050100000601002C89010080060100C0
S214046E000007010001E5010002E501000008010099
S214046E10800801000040010086321010FFFFFFFFCB
S214046E20FFFFFFFFF7D70300FDD7030003D80300D7
S214046E3009D803000FD803005677777777777777E4
S214046E4077777777777777775A6967426565416C9E
S214046E506C69616E636530395A6967426565416C71
S214046E606C69616E636530394E574B2053746565A3
S214046E7072696E67000095969595950507090D004D
S214046E8000000000000102030406000075F0030081
S214046E90100404002A0404004104040054040400FA
S214046EA064040400780404008A0404009A040400B9
S214046EB0B6040400CB0404000208010D0D01010110
S214046EC012010000FFFFFFFFFFFFFFFF00000000AE
S214046ED00000000001090501000200000000000394
S214046EE01EF1EE0BF46E04000C110400811B04006A
S214046EF0FE00000028110400547004000000000086
S214046F003211040044700400000000003F11040025
S214046F1034700400000000004C11040024700400C7
S214046F20000000006A110400107004000000000055
S214046F3062110400FC6F04000000000069110400E4
S214046F40E86F04000000000077110400D86F040006
S214046F5000000000E90F0400C46F040000000000F5
S214046F6070110400B46F0400000000007C110400DB
S214046F70A06F04000000000028D60300906F0400F1
S214046F8000000000000000000000000000000000F8
S214046F90D13F03008D110400CA110400010100FF53
S214046FA03D000100F3110400381204000101000141
S214046FB00107FF00F9FF000085120400F012040028
S214046FC0010100FF39FF0000111304002A13040016
S214046FD000010100FF000000E33F03004F1304001C
S214046FE0A71304000101FF00CB3F0300BE130400F7
S214046FF01514040001010207FF000000C53F03004A
S214047000BE1304001514040001010207FF0000006B
S214047010BF3F0300BE130400151404000101020759
S214047020FF000000EDFE0000361404007514040092
S214047030010101FF8DFE000094140400D91404001D
S214047040010000FF49FE000094140400D914040053
S214047050010000FFD1FE0000001504000613040022
S21404706000FF0000B93F030055150400214004004A
S214047070FF000000B33F0300C815040021400400CD
S214047080FF00000029FE000037160400AC160400BA
S21404709000FF000001FE0000C416040026170400CA
S2140470A000FF0000A53F0300371704007D17040007
S2140470B002FF0000C9FD000086170400FA1704004A
S2140470C001FF000000000000FA1A0400110000008E
S2140470D0061B0400120000000E1B04001300000030
S2140470E0161B0400210000001E1B040022000000E2
S2140470F0251B0400230000002C1B0400AA0000002B
S214047100331B0400FF00000000000000FFFFFFFF29
S214047110FFFFFFFF00000000000000000000010861
S2140471200109020A030B040C050D060E070F0810CE
S21404713001180119021A031B041C051D061E071F4D
S21404714008200121022203230424052506260727F6
S21404715008280129022A032B042C052D062E072FA6
S21404716008300131023203380239043A08E004E1F7
S21404717004E204E802E902EA04F008F11000000060
S2140471800000000004050000E871040002000F007F
S2140471901072040002000F003872040002000F0090
S2140471A06072040002000F008872040002000F00E0
S2140471B0B072040002000F00D872040002000F0030
S2140471C00073040002000F002873040002000F007E
S2140471D05073040002000F007873040002000F00CE
S2140471E0A073040002000F0000000000C87304002F
S2140471F0030000004000000000000000190000002A
S214047200EC73040004000F0080000000000000007F
S21404721000000000C87304000300000040000000E3
S2140472200000000019000000EC73040004000F00C6
S214047230800000000000000000000000C873040086
S21404724003000000400000000000000019000000D9
S214047250EC73040004000F0080000000000000002F
S21404726000000000C8730400030000004000000093
S2140472700000000019000000EC73040004000F0076
S214047280800000000000000000000000C873040036
S2140472900300000040000000000000001900000089
S2140472A0EC73040004000F008000000000000000DF
S2140472B000000000C8730400030000004000000043
S2140472C00000000019000000EC73040004000F0026
S2140472D0800000000000000000000000C8730400E6
S2140472E00300000040000000000000001900000039
S2140472F0EC73040004000F0080000000000000008F
S21404730000000000C87304000300000040000000F2
S2140473100000000019000000EC73040004000F00D5
S214047320800000000000000000000000C873040095
S21404733003000000400000000000000019000000E8
S214047340EC73040004000F0080000000000000003E
S21404735000000000C87304000300000040000000A2
S2140473600000000019000000EC73040004000F0085
S214047370800000000000000000000000C873040045
S2140473800300000040000000000000001900000098
S214047390EC73040004000F008000000000000000EE
S2140473A000000000C8730400030000004000000052
S2140473B00000000019000000EC73040004000F0035
S2140473C080000000000000000000200120000000F3
S2140473D0080000000400422130000000607404002D
S2140473E000FF420030000000000000000000F0082B
S2140473F040000000817404000100230440000000E3
S21404740089740400060030014000000000000000FB
S214047410FDFF2102400000000100000019000004E6
S21404742019000101190002041900030119000504DA
S214047430190006011900070404004100A5200100F4
S21404744006004100D947030019008100953D01005C
S214047450190084002148010000800000000000009C
S21404746006435553544F4D00000000000000000032
S2140474700000000000000000000000000000000003
S21404748000FFFFFFFFFFFFFFFFFFFFFFFF000401FA
S21404749004010401040104010401040104010401BB
S2140474A0040104010401FFFFFFFFFFFFFFFFFFFFCE
S2140474B0FFFFFFFFFFFFFFFFFFFFFFFFFFFF0001D0
S2140474C002030405060708090A0B1F1C1F1E1F1EBD
S2140474D01F1F1E1F1E1F07021F012F0037013F001C
S2140474E05701DF02E700FF02000000000000000072
S2140474F00000000000000000000000000000000083
S21404750000000000000000000000000099210400B4
S214047510190000009F210400FFFF00000000000087
S2140475206A22040075220400811B04007D220400E4
S2140475308B220400811B04009E220400A92204005E
S214047540B7220400BB220400CB2204007DF1030012
S214047550DB220400DF220400EA220400F4220400F2
S214047560FE22040002230400102304002423040043
S2140475703A23040000800000000000000000000021
S21404758000000000FFFFFFFFFF00000000000000F7
S214047590F9CB010000000000000000000000F03FEE
S2140475A000000000000024400000000000005940D5
S2140475B00000000000408F40000000000088C34028
S2140475C000000000006AF8400000000080842E419D
S2140475D000000000D01263410000000084D79741E9
S2140475E00000000065CDCD41F6F40300548C040081
S2140475F000000000602C0400448C0400000000001E
S214047600652C0400348C040000000000662C040082
S214047610248C04000000000077110400108C040081
S214047620000000006A110400FC8B04000000000047
S2140476306B2C0400EC8B040000000000712C04008A
S214047640DC8B040000000000752C0400CC8B0400C6
S21404765000000000842C0400BC8B04000000000022
S214047660A12C0400AC8B040000000000AA2C04002B
S2140476709C8B040000000000BF2C04008C8B0400CC
S21404768000000000B80204007C8B04000000000028
S214047690CF2C04003C8B040000000000D53004000E
S2140476A0988204000000000082200400588204002F
S2140476B000000000D62C040098810400000000009E
S2140476C0DF2C04009C80040000000000EC2C040066
S2140476D0447C040000000000082304001C7B040013
S2140476E000000000F32C04001C7B040001000000D2
S2140476F0F72C0400DC7A040000000000FC2C0400D4
S214047700A079040000000000B5CF0300A0790400AF
S21404771001000000EC2C0400447C0400000000007F
S214047720032D0400447C040001000000082D04001E
S2140477306C79040000000000122D04006C7904002B
S214047740010000001A2D04009C77040000000000CD
S2140477502DD7030068770400000000000000000036
S2140477600000000000000000787704001E2D0400CE
S214047770811B0400FE000000362D04004083040034
S21404778000000000AA31040030830400000000005A
S214047790000000000000000000000000AC770400B9
S2140477A03B2D0400811B0400FE000000512D040044
S2140477B0C084040000000000572D0400B0840400B8
S2140477C0000000005D2D0400A084040000000000FA
S2140477D0662D0400908404000000000067D40300B3
S2140477E0808404000000000071D203004884040072
S2140477F0000000007FDB0300348404000000000067
S214047800702D040024840400000000006CD70300DC
S2140478101484040000000000752D04000484040091
S214047820000000007C2D0400F48304000000000027
S21404783018E60300E483040000000000812D040021
S2140478403879040000000000882D0400E078040065
S21404785000000000902D0400AC7804000000000036
S2140478609C2D04007878040000000000000000004E
S214047870000000000000000088780400A72D040023
S214047880811B0400FE000000F1EB0300608304008B
S214047890000000004F0D04005083040000000000A8
S2140478A0000000000000000000000000BC78040097
S2140478B0C82D0400811B0400FE000000F1EB030049
S2140478C080830400000000004F0D04007083040051
S2140478D0000000000000000000000000000000009F
S2140478E0F0780400EA2D0400811B0400FE0000006A
S2140478F0082E0400D083040000000000F9320400BF
S214047900C083040000000000172E0400B0830400A7
S214047910000000001C2E0400A083040000000000E9
S214047920232E0400908304000000000000000000E2
S214047930000000000000000048790400282E04001F
S214047940811B0400FE000000B3EB03006C840400FB
S21404795000000000452E04005884040000000000C7
S2140479600000000000000000000000007C79040015
S2140479704D2E0400811B0400FE000000692E040046
S214047980008504000000000008230400F0840400BE
S21404799000000000000000000000000000000000DE
S2140479A0B07904006E2E0400811B0400FE00000063
S2140479B0872E0400B08504000000000074E803006D
S2140479C0A085040000000000902E040090850400AA
S2140479D000000000692E0400E0840400000000009B
S2140479E0952E0400D084040000000000A22E04009B
S2140479F09C7A040000000000B02E0400687A04009C
S214047A0000000000BE2E0400287A040000000000D7
S214047A10D62C04009881040000000000000000003A
S214047A200000000000000000387A0400C72E04009E
S214047A30811B0400FE000000A96404008085040085
S214047A4000000000BA640400708504000000000012
S214047A50A5FC030060850400000000000000000090
S214047A600000000000000000787A0400E52E040000
S214047A70811B0400FE0000000F2F0400D0850400C4
S214047A8000000000901D0400C085040000000000F3
S214047A90000000000000000000000000AC7A0400B3
S214047AA0162F0400811B0400FE0000002DD70300DF
S214047AB004860400000000004F0D0400F485040052
S214047AC000000000F9320400E08504000000000015
S214047AD0000000000000000000000000EC7A040033
S214047AE0362F0400811B0400FE0000002DD703007F
S214047AF03486040000000000562F04002486040088
S214047B00000000004F0D040014860400000000006E
S214047B100000000000000000000000002C7B0400B1
S214047B205D2F0400811B0400FE000000772F040074
S214047B3068870400000000003FED03005887040037
S214047B4000000000AA2F040048870400000000007C
S214047B5067D40300388704000000000078D40300CC
S214047B6028870400000000007C2F04001887040007
S214047B7000000000942F04000887040000000000A2
S214047B809D2F0400F886040000000000A42F0400C3
S214047B90E886040000000000B02F0400B886040045
S214047BA000000000F9320400A8860400000000006B
S214047BB0BF2F0400988604000000000064FD030044
S214047BC08886040000000000C42F040078860400A1
S214047BD000000000DB2F040068860400000000009C
S214047BE0EF2F04005486040000000000FF2F04005A
S214047BF044860400000000000E300400107C0400DC
S214047C00000000000000000000000000000000006B
S214047C10207C040013300400811B0400FE000000D6
S214047C202A300400D8860400000000003330040024
S214047C30C8860400000000000000000000000000E9
S214047C4000000000547C0400811B0400811B040017
S214047C50FE0000003A300400D88204000000000051
S214047C60473004001C81040000000000503004006B
S214047C705C800400000000006330040028800400D8
S214047C800000000071300400F47F040000000000CF
S214047C907F300400C07F0400000000008D30040024
S214047CA0287F0400000000009E300400007F0400CB
S214047CB000000000AB300400607E040000000000FA
S214047CC0B6300400087E040000000000C93004003A
S214047CD0E07D0400000000005B1004007C7D0400CE
S214047CE000000000DC3004003C7D040000000000BE
S214047CF0E7300400087D04000000000000000000D7
S214047D000000000000000000187D0400FA300400A3
S214047D10811B0400FE0000001E3104008887040056
S214047D2000000000243104007887040000000000EE
S214047D300000000000000000000000004C7D04006D
S214047D4028310400811B0400FE00000061ED0300DE
S214047D50B8870400000000005A310400A887040015
S214047D60000000006631040098870400000000004C
S214047D700000000000000000000000008C7D0400ED
S214047D807C310400811B0400FE0000002DD7030094
S214047D901C880400000000004F0D04000C8804003A
S214047DA000000000550D0400FC87040000000000DD
S214047DB0F1EB0300E887040000000000983104009B
S214047DC0D887040000000000AF310400C887040010
S214047DD0000000000000000000000000000000009A
S214047DE0F07D0400BB310400811B0400FE0000008B
S214047DF0E03104002C8804000000000000000000AD
S214047E000000000000000000187E0400E5310400B5
S214047E10811B0400FE000000093204007C88040074
S214047E2000000000562F04006C88040000000000C8
S214047E30153204005C880400000000001C320400B4
S214047E404C88040000000000293204003C8804002A
S214047E500000000000000000000000000000000019
S214047E60707E040034320400811B0400FE0000000F
S214047E70A23004002C8904000000000051320400E3
S214047E801C89040000000000F6F403000C890400BA
S214047E900000000024040400FC8804000000000025
S214047EA009300400EC8804000000000061ED0300C3
S214047EB0DC8804000000000058320400CC8804006B
S214047EC00000000063320400BC88040000000000C8
S214047ED070320400AC880400000000008032040005
S214047EE09C88040000000000933204008C88040080
S214047EF00000000000000000000000000000000079
S214047F00107F0400A5320400811B0400FE0000005C
S214047F10F6F403003C8904000000000000000000A2
S214047F200000000000000000387F0400C332040094
S214047F30811B0400FE00000061ED0300AC89040010
S214047F4000000000240404009C89040000000000D3
S214047F50093004008C89040000000000E6320400A6
S214047F607C89040000000000122E0400807F0400B8
S214047F7000000000000000000000000000000000F8
S214047F80907F0400FD320400811B0400FE00000004
S214047F90F93204006C89040000000000F1EB0300D1
S214047FA05C89040000000000133304004C890400BC
S214047FB000000000000000000000000000000000B8
S214047FC0D07F04001C330400811B0400FE00000064
S214047FD02DD70300CC890400000000004F0D0400D8
S214047FE0BC8904000000000000000000000000003F
S214047FF000000000048004003C330400811B0400DD
S214048000FE0000005C330400EC890400000000005D
S2140480106F330400DC890400000000000000000048
S21404802000000000000000003880040085330400CF
S214048030811B0400FE000000A53304000C8A040023
S2140480400000000074E80300FC890400000000003F
S2140480500000000000000000000000006C80040027
S214048060AF330400811B0400FE00000061ED030032
S2140480703C8A040000000000D43304002C8A040068
S21404808000000000EC3304001C8A0400000000001A
S214048090000000000000000000000000AC800400A7
S2140480A0811B0400811B0400FE000000FD33040055
S2140480B0C48004000000000000000000000000006F
S2140480C000000000D4800400811B0400811B04000F
S2140480D0FE000000093404008C8A0400000000003E
S2140480E0F92204007C8A0400000000000F34040017
S2140480F06C8A040000000000133404005C8A040048
S21404810000000000173404004C8A0400000000003D
S2140481100000000000000000000000002C810400A5
S21404812027340400811B0400FE0000002DD7030042
S2140481300C8B04000000000042340400FC8A040097
S2140481400000000055340400EC8A0400000000001F
S2140481504F0D0400DC8A04000000000062340400B2
S214048160CC8A04000000000073340400BC8A0400B7
S2140481700000000081340400AC8A04000000000003
S214048180923404009C8A04000000000000000000F2
S2140481900000000000000000A88104009F340400D2
S2140481A0811B0400FE000000B9340400308504007E
S2140481B000000000EC3404002085040000000000E9
S2140481C02735040010850400000000003E35040036
S2140481D0248204000000000048350400F0810400F6
S2140481E00000000000000000000000000000000086
S2140481F0008204004C350400811B0400FE000000CD
S214048200A96404005085040000000000BA64040059
S214048210408504000000000000000000000000008C
S21404822000000000348204006B350400811B040047
S214048230FE0000008CE803002C8B04000000000005
S214048240F93204001C8B040000000000000000004B
S2140482500000000000000000688204007E35040070
S214048260811B0400FE0000002DD703006C8B040065
S214048270000000000F2F04005C8B040000000000C8
S214048280901D04004C8B0400000000000000000059
S2140482900000000000000000A882040099350400D5
S2140482A0811B0400FE00000029320400848C0400B4
S2140482B00000000061ED0300748C04000000000060
S2140482C0F6F40300648C04000000000000000000C4
S2140482D00000000000000000E8820400B935040035
S2140482E0811B0400FE000000D7350400D48C040073
S2140482F000000000E1350400C48C04000000000007
S214048300EC350400B48C040000000000771104006F
S214048310A48C040000000000FB350400948C0400C8
S2140483200000000000000000000000000000000044
S214048330973F030006360400811B0400FF0000007C
S214048340933F030013360400811B0400FF00000063
S2140483503D05010025360400811B0400FF000000D3
S214048360D9040100523604001A3E040001FF00003E
S2140483703D05010092360400811B0400FF00000046
S214048380D9040100C03604001A3E040001FF0000B0
S21404839071050100013704002237040000FF0000C5
S2140483A0710501002B370400883704000000FF0025
S2140483B0ED05010096370400AF370400010001FF05
S2140483C059060100D4370400163804000102FF00E1
S2140483D0ED0501002C3804005B380400010001029E
S2140483E0FF000000690301008C380400C83804004C
S2140483F007FF000089030100CE3804000139040099
S21404840001FF00009D0301000939040059390400E6
S2140484100100FF00F90301006E390400BF390400AF
S2140484200101FF00CD030100CF390400093A04001E
S21404843001FF00004D040100113A04005A3A0400FA
S214048440010000010707FF0089060100AC3A04009A
S2140484500139040001FF000089070100F43A040012
S214048460383B0400010700010700FF00F53F030046
S2140484708D3B0400D33B04000107000101FF00000C
S214048480110701000F3C04004A3C0400010000FFF1
S214048490E1060100683C0400AC3C04000100FF0057
S2140484A0B1060100BF3C0400AC3C04000100FF0020
S2140484B059070100FE3C0400093A040001FF0000CD
S2140484C0C9070100393D04006A3D04000100FF00AD
S2140484D0F9F00000811B0400783D0400000707FF44
S2140484E09DF00000811B0400913D0400000707FF77
S2140484F0A9F50000811B04009D3D040007FF000051
S214048500A9F50000811B04009D3D040007FF000040
S214048510473F0300811B0400A23D04000000FF0047
S21404852085F50000811B04008B14040001FF000085
S2140485304DF50000811B0400DA3D040000FF000036
S2140485407DF00000811B0400811B0400FF00000076
S2140485507DF00000811B0400811B0400FF00000066
S2140485601D3F0300811B0400811B0400FF00000064
S2140485701D3F0300811B0400811B0400FF00000054
S2140485801D3F0300811B0400811B0400FF00000044
S2140485904DF00000811B0400103E04000101FF00A2
S2140485A039F00000811B0400253E040001FF000092
S2140485B0193F0300811B0400811B0400FF00000018
S2140485C001F00000ED2E0400811B0400FF000000F3
S2140485D001F000002F3E0400811B0400FF00000091
S2140485E081F10000503E0400673E040000010000D4
S2140485F007FF0000153F03008D3E0400811B0400A6
S214048600FF000000FDEE0000A73E0400811B0400EE
S214048610FF0000008F3F0300D53E0400811B0400CA
S214048620FF000000813F0300EF3E0400713D04009C
S21404863000FF00007DF80000143F0400811B0400C6
S214048640FF000000D1ED00002E3F0400811B040053
S214048650FF00000065ED0000513F0400CE3F04001B
S21404866000000310FF00000041EE00002340040059
S2140486709140040001FF000015EE0000A64004002F
S214048680E940040000FF000029ED0000FA40040061
S214048690811B0400FF000000133F0300294104006F
S2140486A0811B0400FF00000005ED00007541040076
S2140486B0713D040000FF0000D1EC0000B642040047
S2140486C00B43040000FF0000B5EC00002543040043
S2140486D0811B0400FF00000099EC000035430400F1
S2140486E0811B0400FF000000033F0300494304000D
S2140486F0C743040000FF000069EC00005244040075
S214048700811B0400FF00000025EC00006F440400F9
S2140487109A44040007FF0000E5EB0000A4440400AC
S214048720FD440400000500FF9DEB0000B045040076
S214048730C34504000002FF0079EB0000F245040084
S214048740811B0400FF000000033F030004460400EE
S2140487503E46040000FF00000DEB0000C446040083
S2140487600A470400000301FFFDEA0000AA470400CC
S214048770F0470400000301FF9966010090480400D6
S214048780811B0400FF0000009B4B0300B848040054
S2140487903349040002FF0000A90B010088490400C5
S2140487A02140040000FF0000750B0100B0490400DE
S2140487B02140040000FF0000250B0100C949040005
S2140487C0811B0400FF000000A5580100E2490400D4
S2140487D0811B0400FF0000007D5801002F4A04009E
S2140487E0811B0400FF000000095801005A4A0400D7
S2140487F0804A040000010100010102FFE157010064
S214048800FF4B0400274C040000FF0000C157010082
S2140488104E4C0400811B0400FF00000009570100B1
S214048820784C0400811B0400FF0000006D4A03001E
S214048830914C0400811B0400FF000000D94B01008A
S214048840B74C0400E84C04000002FF00CF480300C5
S214048850454D0400811B0400FF000000CB480300C4
S214048860724D0400811B0400FF0000008D4B0100C4
S2140488708D4D0400B74D040000FF00004D49010073
S214048880E74D0400811B0400FF000000C93401000A
S214048890FA4D0400811B0400FF000000B1340100FF
S2140488A0124E0400811B0400FF000000474803002A
S2140488B02B4E0400811B0400FF0000003348030015
S2140488C0584E0400D24E040000FF00005948010030
S2140488D0114F0400811B0400FF00000049470100FB
S2140488E0894F0400811B0400FF0000006D33010063
S2140488F0CD4F0400811B0400FF000000513301002B
S214048900EA4F0400811B0400FF000000C933010085
S21404891095500400811B0400FF000000BD330100D5
S214048920235104006851040000FF0000893301004D
S2140489309F510400F051040000FF0000B53101000F
S21404894023520400811B0400FF0000004D26010092
S2140489504F520400B85204000000FF004D260100E8
S2140489600D5304006F5304000000FF00ED260100C1
S214048970B4530400E75304000002FF00A1470300B9
S2140489803C5404008A54040007FF00002128010018
S214048990A6540400811B0400FF00000035260100D5
S2140489A0CA540400EF54040000FF000041270100ED
S2140489B048550400811B0400FF0000000520010048
S2140489C085550400811B0400FF000000CD1F010034
S2140489D0AF550400811B0400FF0000007946030025
S2140489E0EA5504005956040000FF00002919010046
S2140489F0AA5604002957040000FF00006B46030033
S214048A006F570400C157040000FF00004B460300E4
S214048A10085804005558040000FF0000F111010036
S214048A209F580400D558040003FF000029120100D3
S214048A30105904005659040003FF0000D910010021
S214048A40AC590400811B0400FF000000D745030056
S214048A50DC5904001A5A040000FF0000D145030044
S214048A602A5A04001A5A040000FF0000CB450300EB
S214048A70515A04001A5A040000FF0000C5450300BA
S214048A80785A04001A5A040000FF0000BF45030089
S214048A90A05A04001A5A040000FF00009B45030075
S214048AA0C95A0400811B0400FF000000A14503000E
S214048AB0EB5A0400811B0400FF000000290E01008D
S214048AC0135B04004C5B04000001FF00550E01001C
S214048AD06D5B0400811B0400FF0000009D4503003D
S214048AE0985B0400811B0400FF000000110E0100C7
S214048AF0B35B0400811B0400FF000000CD0D0100E1
S214048B00CE5B0400FB5B040000FF0000B50D010013
S214048B10165C0400811B0400FF000000FDF5000045
S214048B20415C0400811B0400FF000000FDF500000A
S214048B30685C0400811B0400FF000000EDEA0000EE
S214048B40795C0400811B0400FF000000B9EA000001
S214048B508E5C0400B55C040000FF0000B9EA000067
S214048B60C55C0400B55C040000FF000051EA000088
S214048B70EC5C0400811B0400FF000000FB3E0300C5
S214048B80075D0400811B0400FF000000ADE6000042
S214048B902A5D0400945D040000FF00008DE60000DA
S214048BA0B75D0400811B0400FF000000750201008D
S214048BB01D5F0400AA5F0400010000FF59010100C4
S214048BC0C75F04001B60040000FF00008D01010065
S214048BD030600400826004000100FF00F900010018
S214048BE098600400856104000107FF00FF3E03004F
S214048BF095610400811B0400FF00000059FA000080
S214048C00A6610400B8610400000101000007FF002B
S214048C1051F90000F361040004620400000101003D
S214048C20FF0000008D01010053620400646204002A
S214048C30010000FFC9F800005362040096620400B5
S214048C4000FF000039990100A7620400811B04009C
S214048C50FF000000E1E60000F3620400811B04004C
S214048C60FF000000F76B0300811B0400811B040057
S214048C70FF00000001A70100811B0400811B040003
S214048C80FF000000C5A60100811B04003863040031
S214048C9002FF000071AE010040630400811B040063
S214048CA0FF000000FDAD01006C6304008F63040048
S214048CB00200FF00796C0300B8630400811B040003
S214048CC0FF000000D9AD0100DA630400F863040075
S214048CD002FF0000B1AD01000D640400F863040057
S214048CE002FF000001000000C45100200000000044
S214048CF000000000FFFF00007B45030000000000AA
S214048D0003000000FFFF01005946030000000000B6
S214048D1004000000FFFF0100E74603000000000017
S214048D2004000000FFFF00006B4703000000000083
S214048D3006000000FFFF0000DD47030000000000FF
S214048D4019000000FFFF01007348030013340400F9
S214048D50E46F002000000000000000000000000097
S214048D600000000064640400D08D040000000000CD
S214048D706A640400E46E04000000000071640400E9
S214048D80B470040000000000AA310400A4700400BB
S214048D90000000007A6404009470040000000000E0
S214048DA08C64040084700400000000009B640400CB
S214048DB07470040000000000AC64040064700400D6
S214048DC0000000000000000000000000000000009A
S214048DD0E08D0400BE640400811B0400FE00000055
S214048DE0D9640400F88D04000000000000000000B0
S214048DF000000000000000008B700300DE64040026
S214048E00811B0400FF03010001013F040201003F2F
S214048E10040202003D040202003D040102000102B5
S214048E200003010002023D040201000202020100E6
S214048E3002020000002020202020202020202828B5
S214048E402828282020202020202020202020202001
S214048E502020202020881010101010101010101041
S214048E601010101010040404040404040404041071
S214048E7010101010101041414141414101010101FF
S214048E8001010101010101010101010101010101C9
S214048E9010101010101042424242424202020202D5
S214048EA00202020202020202020202020202020299
S214048EB01010101020000000000000000000000049
S214048EC00000000000000000000000000000000099
S214048ED00000000000000000000000000000000089
S214048EE00000000000000000000000000000000079
S214048EF00000000000000000000000000000000069
S214048F000000000000000000000000000000000058
S214048F100000000000000000000000000000000048
S214048F200000000000000000000000000000000038
S214048F30000000000000000000000000A001000087
S214048F408013002000021000605600202015002028
S214048F500000020800000000FFFFFFFFFFFFFFFF06
S214048F60FFFFFFFF000000000000000000000000FC
S214048F7000000000000000000000000020000000C8
S214048F8049DA01001000000029DB0100000000019E
S214048F90000001010001010120C001B8000000002A
S214048FA000000000FFFFFFFFFFFFFFFFFFFFFFFFC4
S214048FB0FFFFFFFFFFFFFFFFFFFFFFFFFFFFFFFFB8
S214048FC0FFFFFFFF000102020303040506080C0C62
S214048FD00C00010203040707C8C8C8C8C8C8C8C824
S214048FE0C8C8C8C8030404080808080800B801B8B4
S214048FF002B800B0D8AB0400C0AB040003040408F5
S214049000080500000000000000000000000000004A
S21404901000000000EA06000048704C0F44700E0E74
S21404902030707E1302989A173870340F34705A0FC3
S214049030307048102C7048102870D0112470E81135
S21404904020703E0F1C70901218700C1314703A0F98
S214049050B110086001D80A7104B87F78020C7E78D3
S214049060641000C6881F00A01DB8707803B018608E
S2140490700F3027B30F330111C04806987C0229B07D
S214049080086001D8087109DD047109BB1110166067
S214049090A048086004100112FF3221500860D0482E
S2140490A0086000880698381400C4441F00A000BA5C
S2140490B003DF107109DF0672029836031DB8507874
S2140490C000A04413281441158110086002D81471B6
S2140490D010880698201900C014C000B80698861B8D
S2140490E00091069892020160B83020D806711EBC22
S2140490F0637C784D5412F03240DE0472404804DB40
S21404910008720DDD0C72044BEF3014480698F20416
S21404911000C4E04000544412086201322140087C36
S214049120811140D91C72B1123032CF4A013AB1DAF9
S214049130107208D8067104D80871804C237C5670C7
S214049140684C441200C4A41E00A04414413AF324FC
S2140491500164415C412A047580B800C46040005430
S21404916081D8367140D90472237C084B0698F204E1
S21404917004BA1CB9767900C1204001B835797F213C
S2140491806121007906B906A901D806710298100271
S214049190804C307C0298640208D86A7100C154403E
S2140491A000B8141110D95E71584C441280BDA26DDB
S2140491B0FF25784C4412FC22513A2814104C00C265
S2140491C00CC101B824122814086228140862281452
S2140491D008622814304C304C00C11C4000B81411EE
S2140491E01814086100C5284001B85415FF350471E9
S2140491F010491814B04C44120862013206710298E1
S2140492000401804C08D80C7107BA24D8047106BA35
S214049210187004D80C7101BA40D80E7102BA0A70DC
S21404922005BA20D8047203BA204C4411C04C181452
S214049230086118149111383111429111186110D92E
S2140492400472EF3200C1084001B8141110311E61D7
S21404925011422814A1110861181406986C1B1814DE
S21404926000C1084001B814111861FF31181400C178
S214049270448001B814111814086118143088024880
S21404928006989403009308DB047101F800A027B045
S2140492900F3000A01088B111186180D90A7100C17E
S2140492A0884000B80811009100A000C4684000B8C7
S2140492B0441000A000C088400050041182610410CD
S2140492C082601050F07200A0541550451271069832
S2140492D002050698920407B8707802B841781EBA58
S2140492E05B7A5C7A5D7A00C220C001B824120698C4
S2140492F02A1900C5481F00A05415511400C3FF01C5
S2140493000000313D09647F3406989C0201585128B8
S2140493100475015841280E758111086102D904723A
S214049320FF0FCC7007B8727800F8EBBD00C0441F7E
S21404933000A00411113D10D91271FF33186300C147
S214049340781002B8381107B97479581000A0069836
S21404935092020D300472044809DC0472084800C105
S2140493601CC101B8141100C3D01E00A09115043509
S2140493701A7218131CBB08D804716C7B04D80471C9
S2140493806A7B1DBB2F7C5B7B1670044B18131CBBBF
S21404939008D804716F7B04D804716D7B217C0C3073
S2140493A0026006987E040698C40B00B8B1111861D2
S2140493B040D906720298580401BC00C2084001B89D
S2140493C000DC0A7124150265604A0A702C4A2415CA
S2140493D008654C4A043508D90471202400C13C1F92
S2140493E000A0141200DC327120D8067101B80C708B
S2140493F0F0DA0C720CDB087102B80698860448246E
S21404940000C3384101B834138F7B0E7102B991132F
S21404941008DB047203B928707C4914111110FD305E
S2140494200DDC1C7200C0A01E00A0041080D81071B1
S21404943000C0448001B80410E5200475804900C3C8
S214049440884000B8FFB80120114108710141181383
S2140494500824014200C1284000B8141101411C65CB
S2140494605141911520351E65514118132813481390
S21404947000C3844000B8341003D81671073005DCE6
S2140494801071B1108F780A7200C384C40350217B14
S2140494901DB8507800B800C13C1F00A014121C6010
S2140494A02150F0300152281100A04024076400C067
S2140494B0FFFF0100013C17B0022001584028067542
S2140494C018AC01EC00A0208800C020C001B804122B
S2140494D017B4211304123052F8711964402400C3DF
S2140494E05C1F00A0341014110698F60D1961009242
S2140494F011592129067600BB11590698D60D8762A4
S214049500313B0472215A412A00A000C2686000B8A8
S214049510B8B91F610D49181200A0308801B911614D
S21404952000C30000C0FF3110312800BC002D0C75AC
S214049530115418AC01EC312DF470196451134155D3
S214049540312C009300A000C3C00FFEFF50B2313A86
S214049550014250AA00A006983E07FFB0867808711C
S2140495605CB86B786E7800C2548001B800C0D81F0F
S21404957000A004100812B822217A237A52B841783F
S21404958001B80C6021A809B819604CA800C0FFD126
S214049590C1FF4FB2013A00C0002E300001424FAA6C
S2140495A024B86E78ACB9FFB004D804714CB923A9BA
S2140495B00698A80500C01390010006982E0500A082
S2140495C00698020519B81460FFB28C620F32826ADC
S2140495D0214006982E0549BC21B952B849B207DE87
S2140495E02A7105DE0871627C607C1D0C61796778DF
S2140495F064786B786278657863786078617C010C4F
S214049600010C6878020C69786C78020C00C22C8015
S21404961001B8277A287A267A6A78050C41790A0CE2
S214049620B11040D806710298BA06784A2B7A327A74
S214049630584A247A00C400011100404A00C010842D
S21404964000000812508800C584100100FBAD10BD50
S21404965001BB8A6B21B9FAA9C44A1812217A227A64
S21404966000C0341F00A00410FCA8826441103030EF
S2140496700129F9A9F8ADFBB08260FBA80330A06508
S2140496802110044820EC237A0410037A184A241183
S214049690DC4A01580029241004753150F8B11150E1
S2140496A081632A71514031400812FCB18461FCA9DF
S2140496B00F310E7117B0112817B111591028FA7608
S2140496C0C44AF9B11812217A227AA07000950812B9
S2140496D0F8A800C20C8001B8207A844A00B80812A0
S2140496E0020CA44A087A020C21B84178784A0B7A0C
S2140496F0127A00C2C81F00A0FFB008D80472184A25
S214049700241000DC0A7140A80422241041A80698FC
S2140497109C0200C2481F00A02410015100C4FF018F
S214049720000041391150081200A006983E0700BCFC
S21404973000C20C8001B8217A52B84978020C4878E5
S214049740020C49B8417852AC21AC204A087A067A11
S214049750077A49AC00A059B840785AB101D9FC72CE
S214049760427857B8407858B101D9FC72427800A0C4
S21404977000C20C8001B8217A227A21B8547852B8F3
S214049780BC4A24119979127107B915614CA96178FC
S21404979000BB03BC0C64147009B919614CA9417868
S2140497A001BB126300C4002E300000C0FFD1C1FF0D
S2140497B04FB1013941414FA9E44AC8B8081224AB55
S2140497C04CB823A80698A80500C004900100FFB171
S2140497D086790471084806982E0500C08009004062
S2140497E040A809B8FFB108D9047103B853A8B1104A
S2140497F004D80C7156BB607B57BA627A607A02D87A
S2140498000C7156BB607B59BA627A607A04B86E787B
S2140498103DB8607800C05638000000C1B08001B87A
S21404982014119979087200C0D604000000C124C03F
S21404983000B814119F79047208484CA82EB8FFB1DA
S21404984008D906714AA804704BA80FB834A800C0FB
S2140498500C5E000046B2014246AA00C12C4001B884
S214049860141108610631087100B90698501106985B
S2140498703E14B11101D90E710698921B02D90672D4
S2140498800698A00C06983814511406989204069864
S2140498902A110698641700A006984E1701D80A7174
S2140498A01CB85B7807B8757800B84CA84AA84BA8CB
S2140498B000C0F321FFFF46B1013946A904B86F780A
S2140498C000A0FABC1964415C512C00C0581F00A0CB
S2140498D00410012C0675069892040698780FB110A9
S2140498E0186005D8327140BA06980E1404B8657824
S2140498F0911004D816711CB86E7800C0684000B881
S21404990021780698781101400A721DB842780698A4
S2140499104A1402985E0B1DB8717804B86C7841B886
S214049920427863784478FFB104D906720298CA096B
S21404993000C004900100FFB18679047108480698B7
S2140499402E0500C32C1F00A000C274C000B8241447
S214049950481300BC48121C4B1C4A2414481300BC71
S2140499604812084B584A2414481301BC48124ABAF1
S214049970447A427A4BBA447A427AFFB086780472C2
S214049980617A4CBA647A657A3DBA607A4DB942B85F
S2140499903FBB5B7966796179020C6479050C63795F
S2140499A06079050C627965795A7900C2340102B887
S2140499B0241305B819603140081242B86A78020CBC
S2140499C04A78020C40BCFFB208DA06714ABA06703E
S2140499D04BBA627A657A677A667A6A79667B02989F
S2140499E0A40A00C32C1F00A000C274C000B824142C
S2140499F048131C4B1C4A241448133FBC48121C4AE8
S214049A0000BC4812084B444A2414481301BC4812AC
S214049A104ABA647A627A4BBA647A627AFFB3867B0D
S214049A200472617A4CBA647A657A3DBA607A01D96E
S214049A304E71647800C1708001B800C080000800D0
S214049A4008110698860B42B861784DB97F797E79FD
S214049A506A7868786278020C7B790F0C7A79140C31
S214049A607479417860787579050CFFB208DA067166
S214049A704AB804704BB8657801BC1664407002D9C5
S214049A803C710698860B42B84DB9687840784178A0
S214049A907F797E797B790F0C7A79140CFFB208DA19
S214049AA0087171794ABA067070794BBA7279657A18
S214049AB06A78020C4A78050C01BC1664020C4179DB
S214049AC040790C0C00C04C0102B848100698F20409
S214049AD000C4784000B8007C00C0A01E00A004119A
S214049AE080D93271911104D92C727F20212004115F
S214049AF0FD310DDD207200C0448001B80411E5215B
S214049B00147600C0244001B804118A790871207CB8
S214049B10104C207C2AB86278511400C0581F00A04C
S214049B200410012C17B001118768015841280E76DD
S214049B3005218769415C412D112D06700698920413
S214049B4042B84DBB7C7B6478020C29B86878511403
S214049B50404406750698920442B844782AB8427877
S214049B60FFB101D90C7100C1548001B8CBB80811FB
S214049B70911004D8147100C0A01E00A0041080D850
S214049B80067107B8537800F807B800C1CC1E00A0C9
S214049B9000C220C001B824122811777800F8B1104A
S214049BA09478387106989C02E4B9115911280676FF
S214049BB000B80C70A0B9115901290475A0B88260C8
S214049BC000C3C01F00A03413012B341000C3FFFFD2
S214049BD000FF42B13139114042A800A01DB091786F
S214049BE0FA7142B86478020C00BA29AA00C45480F8
S214049BF001B842B84DB900C3C04001B83413977BCE
S214049C00047240EC020C44785C7953AA0A0C2814BB
S214049C1042B84DB9FFB301DB2671244C00C3FF0FD5
S214049C20FF0138145479407841785579020C5B79F1
S214049C305A79140C5F795E794A784278347002DB7C
S214049C401471527951795079020C5B795A795F799B
S214049C505E791E7004DB1A7100C4FF07000000C39F
S214049C60342102B848133FBB467B020C5B795A7911
S214049C703DBB407B4CBB447B457B00C3301F00A0F0
S214049C803414403C207100C068C000B84810281343
S214049C901C4B1C48341448102813144B44483414E2
S214049CA0481028134AAA4BAA04B86D781DB85178F0
S214049CB05CB84B784E7800A000C074C000B804119D
S214049CC0108800B9181068480411108801B90B618F
S214049CD018102C4804111088008800C1231C0000AA
S214049CE018104AB864784BB86478260C28B000C1BB
S214049CF0FFFF0FF0113871B90B61114028A828B97D
S214049D007379747900C21010303045AA54790E0C59
S214049D1000C0E84001B8041100C23030101045AA53
S214049D200E0C0410008810880698620D00910090AE
S214049D3020888F618F600698620D0090886A2140A3
S214049D400112906A035800C13F3F00001138FFBC5F
S214049D50022441281138014245AA28B953794AB841
S214049D6044784BB8447800900091181000912C4821
S214049D70181000916848181000A091684360916913
S214049D804361115B012B112841603128315B00BA15
S214049D90302806763128204A416330280676312852
S214049DA0104A4163302806763128084A4163302831
S214049DB006763128044A4163302806763128024A5A
S214049DC0416330280476014A00A0115910D906715F
S214049DD00860086008D90471086004D90471046036
S214049DE002D90471026001D90471016000A000BAAE
S214049DF001D806710148112A1F61016001D8F67264
S214049E000138F67200A000C220C001B8241211590D
S214049E102129127300210E7100C238C001B8241221
S214049E200121212900A002B020D8147100C0B01E60
S214049E3000A0041002B9457906987613EA7003B0B8
S214049E409F78087200B806A800F806983E0700C572
S214049E50641F00A05088044D1CBC00C0B41E00A0A3
S214049E60811101D91E71407C009501150C4D508856
S214049E70044DFFBB1863315B04110698EE0D3129BF
S214049E80F8750698681A54150698921B01D9087234
S214049E900698580706700698F4071CBB547B069869
S214049EA04E1701D8067202981A0FFFB9012110380E
S214049EB0F67281129B7AF07100C2448001B82414B1
S214049EC000C0C01E00A0041001130020041040505F
S214049ED00C7200B90698280F18B90A7018B90698B3
S214049EE0280F00B900B806981E0F704A08B80698DE
S214049EF01E0F00C2284000B814B806981E0F00C2F1
S214049F00EC4001B80CB806981E0F202210B806982C
S214049F101E0F1088308806985807009300910698FC
S214049F20280F00C0C41E00A00412FFB9012121415D
S214049F301810009500F8312811280410081200A003
S214049F4004B831281128F8B1181000A00698800823
S214049F500E700698C40B0698800806987212069827
S214049F6012079112211900C02C4001B80A7809780A
S214049F7000F810B901BA0698041406982A1106982F
S214049F80641700C5641F00A081109D78FC7200F859
S214049F90911203321CB900C3A01E00A0341300C4DF
S214049FA0B04000541DB84278707903DE06714478D8
S214049FB03A707179A11020D806710298541080DB8B
S214049FC01C7102D8187205B80814A1101030024883
S214049FD0081400B808149110086008141DB86278B4
S214049FE0A11000DC0676517900BA06984E1701D8FF
S214049FF02272911120311D61911004D80E7200C195
S21404A000501F00A0141101D90A7120880698501117
S21404A010009200C1204000B801DB1871084C03DE32
S21404A0200471904C441400C3FF1F0000413BFF23FF
S21404A0303811944900C3384101B83413086380DBEF
S21404A0400C7103BA186206983C10087018620698D9
S21404A0503C100C490879097914102140081100A015
S21404A06000BD0698760210B903DC047100B901BA83
S21404A0700698041402D9067100404E7203B11861A2
S21404A0800F3106987811FFD82872811008D81871F5
S21404A09006DD0A710698760203DC0C720698BC117B
S21404A0A006984A140C7006DD10710698C2114870A2
S21404A0B020B804A806DD10720698800806981207D1
S21404A0C001F840B804A800F800C0A01E00A00413BD
S21404A0D0086301DB227191100111186111381DB952
S21404A0E010D8087144790298541002DBFA72A1134E
S21404A0F028DBF47203BD06981E11069880081DBA64
S21404A1007F7A0698F20400C5681F00A006987602B7
S21404A11000BA03DC1672044DA11002D804711C4D5B
S21404A12000C10CC101B80698AE045415212D06983A
S21404A1303E050298AA08911001550335515001199D
S21404A14000A000C14C1F00A0141001D842710148A1
S21404A1500860FE200E75811020D8087100C1501FBB
S21404A16000A0141101D9287100C02C4001B80412B3
S21404A170215108610F3118611152281000C008409F
S21404A18001B804119112215120311152211900A055
S21404A190811380DB067201B800A000C314C001B8A6
S21404A1A0341006302E726C4B34121C4B341018606C
S21404A1B002302072811080D8DE713410014A0862A1
S21404A1C00460803021508C480A717F234D2334105C
S21404A1D0013000A000BD06981E111CB847784578CB
S21404A1E0437802B8447800A0069880080698BC1104
S21404A1F000C5741F00A0541506983E050298AA08C8
S21404A200B1138F7B0A7200C384C40350017B069883
S21404A2103E1400C1384101B814118F790E7100C183
S21404A220B84000B800BA06983C1050BA06980E1407
S21404A23006987811FFD84A71911004D84872811094
S21404A24008601CD8407220D938721112FF3221518E
S21404A250347180218021111400C0D81E00A004137C
S21404A260FFBA3151113A215111531DB938107B7977
S21404A27040440E7200B900C2AC1E00A0181206704C
S21404A28004B860780698381400F800B900C2A440F0
S21404A29000541812644A0AB918121CBA507A517A31
S21404A2A01DB942795F7900A00698760207DC107221
S21404A2B0911000200A75069872120298660F069886
S21404A2C0120701B9911004D8047100B910BA06989F
S21404A2D0041400BA0040347100C0A01E00A004118B
S21404A2E0086101D9127104D9E2728110086001D89C
S21404A2F0DA711DB8647800C11CC101B80698AE04B2
S21404A30001B81160002A047600BA00C5781F00A0C0
S21404A3105415212D069872120698580700C57C1FFE
S21404A32000A000F800BC811108D9167280D92072EA
S21404A33001B910BA0698041400400E7101BC1070DE
S21404A3400698BC1106984A1420B804A800F8069883
S21404A350721281110231127100B900C21440005405
S21404A3601812244A02B918120698BC1100C5801F98
S21404A37000A054150698F01A0298AA0804110121A0
S21404A38014711CBA737A04200412281104200411D0
S21404A3900121F47200A00698F20401F806984E17FC
S21404A3A001D81671FFB9012110380E7281109B78FE
S21404A3B0087104B9677900F8911010D8287100C59F
S21404A3C01CC101B854110698EE0D00C5C81E00A0A5
S21404A3D054155129EA7507B876781DB8447801B83B
S21404A3E004A800F8B110186010D82E7100C05040B0
S21404A3F0005400C3084000B83114984C441134117A
S21404A400086101D9FA7144122810086228100862FB
S21404A410281008622810E8700298B0020698920283
S21404A420113804721E6202BB00C1D81E00A01411AB
S21404A43020390C72911210DA0672417B00A006983D
S21404A4403E1400C2A01E00A0241220DA0472617B0F
S21404A4501CBA527A00A01CBA727A811204DAFC7210
S21404A46000A01CB86B7800C0684000B82F7800A025
S21404A47006984E1701D83A7100C22C4001B8241031
S21404A4800360911120310151383111501D600812BA
S21404A4901DB9457900C2448001B8241200C0C01E0C
S21404A4A000A00410182000200410205004716579C0
S21404A4B010631EB9637900B902EC00CD114502ECB5
S21404A4C000CC01DB087100BB0298D61803B8411112
S21404A4D00731FA211C760621911210DA087102DD82
S21404A4E010721E7020B80698B20D3038147208B870
S21404A4F006987E0400C02C4000B82978207800F81E
S21404A500056020D8067102980C1602EC00CA05B83D
S21404A51023DA187104DBDA7120DAD67110DAD27213
S21404A5201EB8617800B801DA067202EC00C8911110
S21404A53010D9267100C1B81E00A014111150FF30A6
S21404A5400C720761A110115002300A7180DB0A7286
S21404A5500AB89E701DB97C791860911111402111BA
S21404A560C031114001191EB8411108D9047166782A
S21404A57020D904726578A11002D80672C0DA1E715A
S21404A5801EB8273123DD087210DB1072607825DDD3
S21404A5900A7121DD087208DB0471627803B8411180
S21404A5A007310872A1152035AA7102DD2072A111A7
S21404A5B020D9A07102D91672CCDA9872411140D90A
S21404A5C0927206B8054D5A720298AE14211140498B
S21404A5D0C0D94C71A0314115403502655141046122
S21404A5E0086308DA1E7204DA36721049A1150235B9
S21404A5F0067110DB0E7201340A7108DB22711EB874
S21404A6006778CC3211101A300ADC0872CCDE04717A
S21404A610FD3100C00D0F0C0D216001D85C7207B827
S21404A6200298D81400BA411108D90C7102EC00CA79
S21404A63005B830DAEC720734F031036101DA0471DC
S21404A640014900C0F300A3E3216001D8D27100C021
S21404A6509814406821604030014440DA0471204C6C
S21404A66004320262204A111006301F60014218317B
S21404A6701D6111420298F614204A00C005170850BE
S21404A6802160113001422088FFBB0DDA507100C1F1
S21404A690DE1B250180BC04DA107208DA0A7200C1D7
S21404A6A020841000E024A02408634143026401DAF5
S21404A6B006711E49024B00C0201F00A00863381014
S21404A6C0BC2002DA127101B91159A11380DB08719A
S21404A6D000C100FCFF0118100298621800C4A01EF6
S21404A6E000A0441080D87C710092D0DA06710DDA8E
S21404A6F00C711EBD437DEFBD0698140304620DDA8B
S21404A7008672A11105D95C7100C24040005424121F
S21404A7101424281401D9067202D9327140D91E7144
S21404A72002EC00CA211018320471FA2220D80472EE
S21404A7300822FE22087502EC00C8F87001D90E71D2
S21404A74002EC00C802D9067204DC187200C0A01E0F
S21404A75000A004101D6001D806711EB8647807B8FE
S21404A76073780298D61800C0A01E00A0041080308B
S21404A7700A7100C0C41E00A0041000A006984E175C
S21404A78001D82E71911010D828728110A0D8227288
S21404A79003B084781C7200C12C4001B814100DBAA2
S21404A7A0487A697A6B7A08111CB87B7807B875788A
S21404A7B000A0641000C6881F00A0C3B806987C02D8
S21404A7C000C4441F00A014BA281400B8011AB1101B
S21404A7D08F780A7200C084C4035001789110103038
S21404A7E0011905BA06980E1402D9067101B804A810
S21404A7F000C0A01E00A004130698641180DB067136
S21404A800029858141DBA7C7A01DB6A7100C2241FB0
S21404A81000A024111114FF3402EC00C8FF24FA76B9
S21404A82008610698C20D046111380F3004611114D2
S21404A830011141100698C20D01D8087203B8029897
S21404A840D8140C4A01DB2271241011281128041292
S21404A85002300471106200C0FFFF0000213800C2FD
S21404A860204000B8FF200812411008600698C20D68
S21404A87001D87C7120BC1033767100BB00C1201F48
S21404A88000A01415C021112C511218620F320E713B
S21404A890408851140698FA184143009451120865EA
S21404A8A01C620F320E71411151140698FA181C647A
S21404A8B041430865513B00C1DC1E00A0141111126F
S21404A8C031100F30127100BA056101D804711142BB
S21404A8D001600FD8F472311003601E30047201B8A0
S21404A8E0003A087204B80298D8140298C41600C035
S21404A8F0384101B804118F7914717F20692004113E
S21404A9000861303110DD06711DBA637A06981203A9
S21404A91000F830885088FF34087102ECFF24F87081
S21404A92002EC00CD1410595001440421FF22F272A7
S21404A9300F4C0095009300A000C1A81E00A014119F
S21404A94000A030880698421B8111086102D906725D
S21404A9500298061A1CBB557B086120D9067102981A
S21404A960F6190088A11018600698201908211415F5
S21404A970FC251EBB5C7B5D7B00C1084001B814113E
S21404A9800731FE21307608D82A725113FC2334137B
S21404A99004DB20711863FF33315B00C110C000B8BC
S21404A9A01411086180490C71FF31302954751EBB9F
S21404A9B07B7B10707B7B7C7B00DD04717D7B01BB25
S21404A9C03815EC25541300DF5471042505DF547143
S21404A9D05415211120880698EE0D009251293E75D3
S21404A9E000C1084001B8141102DB0C710731315B59
S21404A9F031292A760C7004DF0872016180D91E7230
S21404AA000698201900C010C000B80698861B069841
S21404AA1020191411FFD9607202984C1A0090009302
S21404AA2000A05415A111186110D9A672082508D8DB
S21404AA30A071082510D89A71208821110698EE0D69
S21404AA40FC255412112AF82554110C2520D8087117
S21404AA50F025541110252029047621591815009242
S21404AA600298B81907B97179811010D80A711CB800
S21404AA70447802B841781CB9747904B9677900F847
S21404AA808110A0D808711CB9497900A0086002D8C2
S21404AA90FA7106982019108806983E14106210DA87
S21404AAA0087108211415F025541100C20020FEFF79
S21404AAB0202912750698921B01D90A7206988008F6
S21404AAC00698120700941CBB41100C2006986413C9
S21404AAD041110821141006986413312844111112E8
S21404AAE00861FF31FF3201221052107218611814E7
S21404AAF004244413042438140C70186121411814D7
S21404AB0008240814029838144044147100C1AC1E7A
S21404AB1000A0141551131C630FDB0C7219650698FC
S21404AB200205411500A000C3784000B83413807BAA
S21404AB3006720698120706983E1408BB5114069827
S21404AB40B01A4415FC25541500C3784000B83413D5
S21404AB50807B047100A002983E051CB900C3A01EA9
S21404AB6000A03413086308DB1A718113A0DB067196
S21404AB70497910706979086302DB087204B9677949
S21404AB8000F800A08111086102D910711CB975790A
S21404AB90069820191411FF3100A0FFB900A0041074
S21404ABA008211411F421081100A08111106110313C
S21404ABB00E710698201908211411F821141100A00A
S21404ABC018AE040000000000F0AB04000100000012
S21404ABD00000000000F0490218AE04000000000067
S21404ABE014AC0400010000000000000000F049025C
S21404ABF038AC04004063598F404B4C000B000B00EC
S21404AC001A00FF7F7870002000000000BAB004002D
S21404AC100000000028AD04004063598F404B4C00F0
S21404AC200B000B001A00FF7F787000200000000065
S21404AC30B8B0040000000000FC1F010318B00400B4
S21404AC401CC0011000F807001CC0013014020800E4
S21404AC5050C001008741300424400601070062000A
S21404AC603870000000000000000000030068010FB8
S21404AC7040B8244058400101FC00690080400501AA
S21404AC802363E0119BC34A74F003000003800000B2
S21404AC90BE0A0000E040010133000000F040040159
S21404ACA0590B0000640483078813C83A90200A00EE
S21404ACB028410101001E00003C410B0100148C00D9
S21404ACC0141A21282E343B42495043557698BA0C20
S21404ACD028690000010000000721286414171A00E0
S21404ACE02004C869A1203A093C4201012900000059
S21404ACF0A080020170780300D5C00000A88001116E
S21404AD00F0010000A88001310542CB01AC8001119E
S21404AD10F0010000AC80013105228D00B0800101F5
S21404AD2000030002FFFFFFFFFC1F010368B00400DE
S21404AD301CC0011000F807001CC00130F502080012
S21404AD4050C001008741300C2440060107C0520061
S21404AD5000000000000000000000000300000000E7
S21404AD6000000000584001016402FF008040050115
S21404AD704B01A0089BC34A74F003000000000000C7
S21404AD8000000000E040010133000000F040040130
S21404AD9000000000640483078813C83A9C200A0055
S21404ADA028410101031000003C410B010000000093
S21404ADB0000000000000000000000000000000008A
S21404ADC00000000001000000000000000000000079
S21404ADD000000000000000003C42010100000000EA
S21404ADE0A080020170780300D5C00000A88001117D
S21404ADF0F0010000A88001310542CB01AC800111AE
S21404AE00F0010000AC80013105228D00B080010104
S21404AE1000030002FFFFFFFF0C4002000180140045
S21404AE207F400000204002000000000000000000F8
S21404AE303040070000000000000000000000000092
S21404AE40000000000000000000000000A007000052
S21404AE5050400100000000005C40020000000000BA
S21404AE6000000000A840010007000000B4400400F1
S21404AE7000400000FF4C000000410000FF4D0000B1
S21404AE8008C001000000000020C00110FF00000000
S21404AE9020C001300043000024C00400EC80B3034B
S21404AEA04375A802000000002E02000054C00300F0
S21404AEB00E2D09E654060708D1B6020064C0080041
S21404AEC00430000040201006C8F248181FE8F600B8
S21404AED0BD4B721511A3180510325476980A00005B
S21404AEE088C00100000000000800010104070000FB
S21404AEF01800010100000000200001010884000081
S21404AF001C4002011000000020F913045C400501F7
S21404AF104108000001000000B0070800A700000078
S21404AF2000000000944007010101103050707F7F3C
S21404AF300000000000000000000000000000000008
S21404AF4000000000E440010100000000EC400101A4
S21404AF507DA8D98B0041020100612000B756351246
S21404AF600C410301F95412002030042988BB400028
S21404AF702441010100000000304103016406660C10
S21404AF800C010000E853FA006841030164048307D7
S21404AF908813820000000000304203010000000015
S21404AFA00000000E00000000444201010000000002
S21404AFB010800101030000003880020111491000CE
S21404AFC00100000088800101000000009C8001014F
S21404AFD0EB400200B4800101370000018800020241
S21404AFE0000C00044C000000940001020004000061
S21404AFF0D00002020E00000090029608E40001024F
S21404B0003D094204F4000102000000001801010298
S21404B01060005102FFFFFFFF120000006666660034
S21404B02000000000CCB00400BCB004000000000027
S21404B030001A9A00005A620280841E000420FE0051
S21404B040114950020000000000000000000000004B
S21404B0500000000000000000B1841E000000000094
S21404B0600000000000000000120000006666660093
S21404B07000000000CCB00400BCB00400000C0000CB
S21404B080001A9A00005A620280841E0004200000FF
S21404B09011495002000000000000000000000000FB
S21404B0A00000000000000000B1841E000000000044
S21404B0B0000000000000000005040000E119000084
S21404B0C0E11900000000000000000000193F01061E
S21404B0D0041001000001010600102700000900000A
S21404B0E000000000000000008DE301003DE30100C5
S21404B0F049E3010039E4010045760300DF7B0300E1
S21404B100E37B0300E77B0300EB7B0300EF7B03009A
S21404B1100001030464EE01001000000024E10100B5
S21404B1201A00000079EB01001100000075E401002C
S21404B1301100000063E511000400000023E1110083
S21404B1400400000025E101000800000026E10100DB
S21404B1500A00000027E101000200000000000000D1
S21404B16000000000C5B20400BFB2040000000000E6
S21404B170C6B204007F750400000000007975040060
S21404B1807B750400000000007D7504009DB2040079
S21404B190CBB20400807504007A7504000000000039
S21404B1A07E750400B8B10400777504007875040051
S21404B1B07C75040076750400000203040508090A79
S21404B1C00B0001020304051D2000B401080202005E
S21404B1D0AA00FFFFFFFFFFFFFFFFFFFF4D990300DD
S21404B1E0A5400200216C020071090300316F0200C1
S21404B1F0B3820300B5820300B7820300B98203005A
S21404B20031D00200CDA8020011EA02001D0303009B
S21404B210415D0200AD8203006DAB0200AF82030005
S21404B22045510200B1820300AD6B0300395602009B
S21404B230234103000000000000130000000000008B
S21404B2400000000001000000F9AE02000200000049
S21404B250AB9303000300000051AE0200040000009C
S21404B2602593030005000000F1AD02000000000075
S21404B270000000000023001B2200FF000000000066
S21404B2800C090202000000001C1A0B0303FF060848
S21404B2900402020204020A0B030302030480FF02F0
S21404B2A004FF010101010800000000000000005A2C
S21404B2B06967426565416C6C69616E6365303980A7
S21004B2C0008F8E8C80808006080C1080A6
S20C04B2CC109AFB7F010000004C
S21004B2D4E0B20400906B002000020000B2
S21404B2E00000000000000000FFFF00000100000056
S21404B2F00000000000000000000000000000000045
S21404B3000000000000000000000000000000000034
S21404B3100000000000000000000000000000000024
S21404B3200000000000000000000000000000000014
S21404B3300000000000000000000000000000000004
S21404B34000000000000000000000000000000000F4
S21404B35000000000000000000000000000000000E4
S21404B36000000000000000000000000000000000D4
S21404B37000000000000000000000000000000000C4
S21404B38000000000000000000000000000000000B4
S21404B39000000000000000000000000000000000A4
S21404B3A00000000000000000000000000000000094
S21404B3B00000000000000000000000000000000084
S21404B3C00000000000000000000000000000000074
S21404B3D00000000000000000000000000000000064
S21404B3E00000000000000000000000000000000054
S21404B3F00000000000000000000000000000000044
S21404B4000000000000000000000000000000000033
S21404B4100000000000000000000000000000000023
S21404B4200000000000000000000000000000000013
S21404B4300000000000000000000000000000000003
S21404B44000000000000000000000000000000000F3
S21404B45000000000000000000000000000000000E3
S21404B46000000000000000000000000000000000D3
S21404B47000000000000000000000000000000000C3
S21404B48000000000000000000000000000000000B3
S21404B49000000000000000000000000000000000A3
S21404B4A00000000000000000000000000000000093
S21404B4B00000000000000000000000000000000083
S21404B4C0000100000000F001080000000810002041
S21404B4D001002301040000001010002006003001C3
S21404B4E00100000014100020FFFFFFFFC0EA210146
S21404B4F0C0EA21010080000000F04902B06D00207F
S21404B50000600B0000800000B43A0020C800000071
S21404B510FE00000000000000B466040018100020BE
S21404B520FFFFFFFF686A040033000000F50901000E
S21404B5303300000065450300FCE2030000E303005B
S21404B5400DE303001AE3030027E3030034E30300D8
S21404B55047E3030059E3030066E3030073E30300D1
S21404B56080E3030095E30300A8E30300BAE30300C3
S21404B570CFE30300DEE30300EFE30300FEE3030090
S21404B5800EE403001AE4030027E4030037E4030090
S21404B59049E4030058E4030067E4030070E403008E
S21404B5A085E403009AE40300AFE40300CFE4030059
S21404B5B0DDE40300FCE4030017E503002AE50300CA
S21404B5C037E503004CE503005BE503006AE503008A
S21404B5D07CE503008EE50300A1E50300B4E5030063
S21404B5E0CAE50300000000000F00000001E80300A5
S21404B5F018E80300FF000000000000000000000040
S21404B6000000000000000000000000000000000031
S21404B610000000000030E70400C8180375F00300BB
S21404B6207AF00300A7F00300D2F0030000F1030051
S21404B6302EF103005DF103008AF10300BAF1030062
S21404B640EAF103003AF20300FFFFFFFF00F80300ED
S21404B650FFFFFFFF0000040000000400005C260556
S21404B660146F002006000000EC8C040000000000AC
S21404B67001001900010000009C460020010019008A
S21404B680010000009C460020010019000100000093
S21404B6909C46002001001900010000009C46002082
S21404B6A001001900010000009C460020010019005A
S21404B6B0010000009C460020010019000100000063
S21404B6C09C46002001001900010000009C46002052
S21404B6D001001900010000009C460020010019002A
S21404B6E0010000009C460020010019000100000033
S21404B6F09C46002001001900010000009C46002022
S21404B700A84A00200000000000000000E8750400BD
S21404B710C4510020C86F0020845400204C640400E8
S21404B720060000000000000000000000000000000A
S21404B7304C8D0400648D040057640400811B0400CF
S21404B740FE000000F86F0020000000009454002063
S21404B750FC54002064550020000000000000000097
S21404B76000000000000000000000000000000000D0
S21404B77000000000000000000000000000000000C0
S21404B78000000000000000000000000000000000B0
S21404B79000000000D7710300388F0400FFFFFFFF8E
S21404B7A01B75030017750300FFFFFFFF1F750300DB
S21404B7B0FFFFFFFFB90E0200FFFFFFFFFFFFFFFFC3
S21404B7C0FFFFFFFFFFFFFFFFFFFFFFFFFFFFFFFF80
S21404B7D00000000020A107000000000089B203005A
S21404B7E00000000000000000000000000000000050
S21404B7F00000000000000000000000000000000040
S21404B800A45A0020B536020029500200811B040009
S21404B810000000000000000000000000000000001F
S21404B820A45A00204D3D020000000000811B0400C5
S21404B83000000000000000000000000000000000FF
S21404B840A45A00207547020029500200811B0400F8
S21404B85000000000000000000000000000000000DF
S21404B86044650400A45A0020CD61020000000000D4
S21404B870811B04000000000000000000000000001F
S21404B88000000000A45A0020D16A02000000000054
S21404B890811B0400000000000000000000000000FF
S21404B8A000000000A45A00202D7B020000000000C7
S21404B8B0811B0400000000000000000000000000DF
S21404B8C000000000B80B0000A45A00200D7F020000
S21404B8D000000000811B04000000000000000000BF
S21404B8E00000000000000000A45A0020ED870200BB
S21404B8F000000000811B040000000000000000009F
S21404B9000000000000000000A45A00205D89020028
S21404B91000000000811B040000000000000000007E
S21404B9200000000000000000A45A0020E78803007E
S21404B93000000000811B040000000000000000005E
S21404B9400000000000000000A45A0020A58C02009D
S21404B95000000000811B040000000000000000003E
S21404B9600000000000000000A45A002049910200D4
S21404B97000000000811B040000000000000000001E
S21404B9800000000000000000A45A0020AF95030049
S21404B99000000000811B04000000000000000000FE
S21404B9A00000000000000000A45A0020C1E90200C4
S21404B9B000000000811B04000000000000000000DE
S21404B9C00000000000000000F79A0300A45A0020BC
S21404B9D08D03030029500200811B040000000000B0
S21404B9E0000000000000000000000000A45A002030
S21404B9F0FD09030000000000811B04000000000095
S21404BA00000000000000000000000000FFFFD00758
S21404BA10B80B0000FFFFFFFFCEFAEFBEFFFFFDFFEF
S21404BA20FDFF0C002C01001E2C0140068000FFFFC9
S21404BA3004F8FFFF0C000000000000004000FDFFBB
S21404BA402C019C000000FFFFFDFFFFFFFFFF60EAE4
S21404BA508000800010C1CDAB0A013201FFFFFFFF5A
S21404BA60FFFFFFFFFFFFFFFFFFFFFFFFFFFFFFFFDD
S21404BA70FFFFFFFFFFFFFFFFFFFFFFFF01FF05FFC5
S21404BA80FFFF0101FFFF0201FFFF640250FF0F02E8
S21404BA9008031E050216010A0C05200705100101FD
S21404BAA00F080101010104FF030101FF0C01FF401F
S21404BAB05AB47F0150403000FFFFFF0B03FF050B15
S21404BAC001030105020201FFFFFFFFFFFFFFFF0165
S21404BAD00102FFFFFF010000BD4C0000954C000072
S8040093194F
