S01B00006275696C642F72656C656173652F7A69676265652E73333714
S214004000081000201D930000B1DA0000B72003005E
S214004010B7200300B9DA0000C1DA0000B7200300B9
S214004020B7200300B7200300B7200300B720030023
S214004030C5DA000064660400B7200300B72003005A
S214004040B7200300B7200300B7200300358E00001A
S214004050B7200300B7200300B7200300B7200300F3
S214004060B7200300B7200300C5DF0000B720030019
S214004070B7200300B7200300B7200300B7200300D3
S214004080B7200300B7200300B7200300B7200300C3
S214004090B7200300B7200300B7200300B7200300B3
S2140040A0B7200300E5960000C9960000B72003007D
S2140040B0B7200300B7200300B7200300AD3302008B
S2140040C0C97B0300C57B0300112B0200DF7B0300C6
S2140040D0CD7B03006D330200D17B0300A1170200E5
S2140040E0ED330200B7200300B7200300B72003001B
S2140040F0B7200300B7200300B7200300B720030053
S214004100B7200300B7200300B7200300B720030042
S214004110B7200300B7200300B7200300B720030032
S214004120B7200300B7200300B7200300B720030022
S208004130B7200300AC
S214004134F0B5114A114C124E00F00105E3695F0711
S21400414413D40DB9334213D103EA00078F4207D1C3
S2140041540B4A1A40002A14BF6FF001000020F0BD7D
S214004164013AEBD16FF00200F9E74FF0FF30F6E7C3
S2140041746FF00100F3E700BF80969800000003503C
S214004184020001000B4B70B5D96911F480310DD1D2
S21400419401244FF48072084E084DF46020462C64C7
S2140041A41A61FFF7C5FF3464EC6070BD6FF0010060
S2140041B4FBE700BF0000035000100350002003502C
S2140041C438B541F6713301220C4C0021E569E363EE
S2140041D40B4B05F48035DA600223606121202361ED
S2140041E4FFF7A6FF10B92120FFF7A2FF0122054B17
S2140041F4DA600DB10023E36338BD00BF000003504E
S214004204001003500020035070B5134C6061E3693E
S2140042145B071ED40E4656F8043B8D18A361AE42C7
S2140042240BD10423002121202361FFF781FF58B915
S214004234BDE870402120FFF77BBF08210846FFF742
S21400424477FF10B10423236170BD56F8043BA361C5
S214004254E5E74FF0FF30F7E7000003502DE9F84399
S214004264154641F67132164B8946DF69DA63012238
S214004274064603F58053DFF8508007F48037DA608B
S21400428455B9284601220F4BDA601FB10022A3F568
S2140042940053DA63BDE8F88306F5005404EA08041C
S2140042A4A41BAC4228BF2C46494622463046FFF79C
S2140042B4ABFF0028E6D12644A1442D1BE0E700BF4F
S2100042C4000003500020035000E0FFFF45
S2140042D02DE9F04F4FF0FD0BC9B09A460DF11B09C2
S2140042E09DF8503108AFCDF80C90CDF808B0019786
S2140042F0059303890446009383790E4690464188C9
S2140043008288407813F09EFD054650B10090A38841
S214004310002062883A4914F0D9F8284649B0BDE82A
S214004320F08F99F8000030F0A1FF38B12846A38836
S2140043306288344914F0CAF88D25EEE75A463946A5
S21400434099F8000030F03AFF8346002851D0529B7F
S2140043501BB1BDF84C3198424BD8002399F8009019
S2140043600793A9F14102012A5FFA8BF123D8384658
S2140043700139254ADFF898C05FFA81FE734513DBE2
S214004380059B04210792C3B907AF18221F489FED6B
S2140043901A7B02FB060420460A460830394684ED9E
S2140043A0027B18F0BBFD11E010F8011F01335140ED
S2140043B00CFB01F2E2E7059B33B123464A4638463A
S2140043C0009611F0C1FCA8E70829DED9B8F1000F65
S2140043D001D088F80090BAF1000F01D0AAF800B01A
S2140043E0529B002B99D05A46184608A918F096FDFD
S2140043F093E7012591E700BF0000000000000000E1
S214004400360F04006B0F0400C59D1C818010002031
S21400441093010001000000002DE9F04F93B0CDE9B4
S2140044200A32DDE91C530E9353EC102BCDE908013C
S214004430104619468DED060B1E9E17F0F9FF80B14B
S214004440DDE906014FF0FF32C54B18F019F840B908
S214004450DDE906014FF0FF326FF4801317F0F2FF2C
S21400446070B1DDE908019DED060B0E9B1E96CDE9A9
S2140044701C53DDE90A3213B0BDE8F04F00F088B9EE
S2140044800022DDE90601002317F0DCFF002800F01B
S2140044903381DDE906A303F1004BCBF30A5016F493
S2140044A08063A0F2FF3008BF06250F9317F0EEFCDE
S2140044B09BA3D3E9002317F053FD9BA3D3E9002366
S2140044C017F098FBCBF31304894644F07F518046DF
S2140044D00022A44B504641F4401117F089FB94A3E8
S2140044E0D3E9002317F03CFD02460B4640464946FA
S2140044F017F080FB17F0CEFF044617F0C7FC8EA31C
S214004500D3E900238046894617F02AFD0022964B01
S21400451017F070FB17F0BEFF89A3D3E90023074608
S2140045204946404617F01CFD80463846894617F037
S214004530ADFC85A3D3E9002317F012FD02460B4617
S2140045404046494617F054FB02460B46CDE90C237D
S21400455017F006FDDDE90C2380468946104619460D
S21400456017F048FB0022CDE91001804B4046494633
S21400457017F020FE00227E4B17F03CFB02460B464F
S2140045804046494617F016FE00227A4B17F032FBDB
S21400459002460B464046494617F00CFEDDE90C2362
S2140045A08046894600204FF0804117F021FB0246E6
S2140045B00B464046494617F01DFB02460B46DDE912
S2140045C0100117F0F7FD07F2FF3700226A4B17F0CD
S2140045D011FB00223B0517F0C3FC52465B468046A3
S2140045E0894617F04DFF002840F08980CDE90C89F8
S2140045F004F16303C62B8CBF0527042731051BD5A2
S21400460053A3D3E900235046594617F02FFF00283E
S2140046107FD051A3D3E900235046594617F012FF26
S214004620002876D00027A542C6BF2C1B04F1FF3514
S21400463000253C4646F480660E9B9F422CBF4FF0FA
S2140046400008A3EB070816F0020903D0002F18BFD6
S2140046504FF000083CB1DDE90C235046594617F0F0
S214004660A9FD82468B46DDE906010022002317F0ED
S214004670E9FE10B10BF100439B46DDE9080126F484
S2140046800063CDE90183DDE90A324BEC10AB0095FF
S21400469000F07EF802465FB3DDE9091316F0200F3E
S2140046A000F10105089E0CBF65204520B047DDE9F6
S2140046B008010523002205930A23002CCDE90232C7
S2140046C007F1FF374FEAD473B8BF64422A46019316
S2140046D004970A9B009432F0E5FB0246B9F1000FFE
S2140046E006D00B9BC41A0B9B1A190E9BA34245D8E7
S2140046F0104613B0BDE8F08FDDE906ABCDE600222C
S214004700404649461A4B17F055FD013CCDE90C01D1
S2140047106EE7002D90D00F9B002B8DD0013D8BE7D0
S214004720FB799F501344D33FB3C8608B288AC63F9B
S21400473061436F63A787D23F71A379094F930A40FD
S2140047401655B5BBB16B0240EF39FAFE422EE63F76
S2140047502D431CEBE2361A3F0000000080842E41F9
S214004760FFFFEF7F0000F83F0000E03F00002C4016
S21400477000002440000018400000F03F2020DDE943
S2140047800913089DA8470134ADE700BF00000000EC
S2140047902DE9F04F5BEC10AB97B0CDE90501DDE9F4
S2140047A02058CDE90723504652465B465946229F7D
S2140047B017F03EFE70B90323CDE902870193AA4B9A
S2140047C00093DDE90501DDE9072332F09DFA17B015
S2140047D0BDE8F08F4FF0FF326FF480135046594615
S2140047E017F030FE28B10423CDE9028701939F4BD2
S2140047F0E6E74FF0FF32504659469D4B17F040FE15
S21400480068B19C4A07F00403002B08BF03229A4BAA
S2140048101CBF13460422CDE902870192D0E750461A
S2140048208DA3D3E90023594617F02AFE38B98CA386
S214004830D3E900235046594617F004FE68B1DDE977
S2140048400723DDE905014BEC10ABCDE92187209568
S21400485017B0BDE8F04FFFF7DFBD0022002350463B
S214004860594617F0EFFD002800F091805B4652464F
S2140048700020002117F0BCF9012382468B460993DD
S21400488017F4806400F08580092D40F285800024AE
S21400489030210EABA5F109020134202C03F8011BD0
S2140048A0A5EB040901D09442F6D15946504617F0BC
S2140048B0F1FD724B054603EBC90393ED007B8DEDCE
S2140048C00A7B17F0E3FA02460B465046594617F0A5
S2140048D08FF9DDE90A2317F043FB02460B46CDE9C4
S2140048E00C2317F0FFFD064617F0C0FA02460B46EB
S2140048F0DDE90C0117F07CF902460B46CDE90C23E6
S21400490000225F4B17F0BCFD002848D00136304629
S21400491017F0ACFA02460B46DDE90A0117F09CFDDB
S21400492008B100260135B9F1000F45D1284617F029
S214004930ADFA02460B465046594617F059F9002282
S2140049404F4B17F07FFD10B9E90700D501350A2156
S2140049500EAB1A19202C0AD095FBF1F001FB10556E
S214004960303502F8015B013405460028F2D107F025
S2140049700302012A55D1B8F1000F52D0099A12B994
S21400498017F00C0F01D008F1FF38302240E00990F4
S21400499076E74FF0060988E7A946002485E7002257
S2140049A0DDE90C01364B17F04DFD0028BBD10EB1EA
S2140049B0F007B8D50136B6E70A210EAB1A19202C37
S2140049C00DD0B6FBF1F001FB1063092E03F13003A6
S2140049D009F1FF3904F1010402F8013B11D8302136
S2140049E0A1440EAA202CB2D04C4504F101030AD1F2
S2140049F004F158020DEB02042E2204F8202C1C466B
S214004A00A5E70646DBE7A1541C46EBE71A5501343A
S214004A10444506D2202CF9D1CDE9028701940EAB8D
S214004A20CEE6202CF8D0099B3BB12D2204F158038A
S214004A306B4403F8202C0134EEE77A0704D504F122
S214004A4058032B226B44F4E73B07E5D504F15803E3
S214004A5020226B44EDE700BF0000000065CDCD418D
S214004A600000000065CDCDC1592C04005D2C04006B
S214004A70FFFFEF7F502C0400552C040098750400AF
S214004A800000E03F0000000070B58EB02C22002130
S214004A9003A818F0B3F864234FF002320893CDE968
S214004AA005230B2301218DF834305B4B8DF8101055
S214004AB01D880D4040F0A980084636F04FFA0A22BD
S214004AC0564B574C1A704FF42873ADF812304FF00F
S214004AD0FF332360534B54491B8820460B82534BAD
S214004AE0534A1B68CD828B61524B0D621B884B82EA
S214004AF0514B1B68CB611EF0EFFC20B14FF41B71CD
S214004B004E4837F0C6FA0521206832F0BEFB20B1C9
S214004B1040F27D21494837F0BCFA206817F024F8A7
S214004B20474B2068196832F073FC0C2536F07EFE81
S214004B306843099036F07AFE68430DEB050107904E
S214004B40206818F01DFF20B140F295213B4837F051
S214004B50A0FA256820F0F8FE00220146284632F02A
S214004B60CFFC20B140F29721344837F092FA40F259
S214004B700353344D344E2B80052396F90000AB705A
S214004B807F2801D11EF09EFD3378EB7036F04EFE86
S214004B9000EB80008000A88036F048FE0023C000AE
S214004BA04FF0FF31E880AB604FF0FF3018A3D3E939
S214004BB0002336F025FB2549206832F05AFC206891
S214004BC002A933F076F820B14FF434711B4837F061
S214004BD060FA042220680DEB020132F0EEFB042896
S214004BE004D040F2D721154837F053FA01A9012026
S214004BF031F0EFFF08F0A0FF01201FF0E7F92EF0DC
S214004C0052F81FF00DFA1EF0F5FC0EB070BD00BF96
S214004C100A0020FF420300003261002001690020E4
S214004C20D8590020468F04008C7000204C8F04005A
S214004C3085AF0300448F0400488F040022650400FB
S214004C40D46D0020CC59002062730020F9AF030019
S214004C500348044B834202D0034B03B11847704706
S214004C60907300209073002000000000064B074958
S214004C70C91A891048BF0131491003D0044B0BB143
S214004C8001481847704700BF9073002090730020BB
S214004C900000000010B5064C237843B9FFF7D8FF94
S214004CA0044B13B10448AFF300800123237010BDFA
S214004CB0B015002000000000CCB2040008B5044B7C
S214004CC01BB104490448AFF30080BDE80840CDE7B7
S214004CD000000000B4150020CCB20400A3F5803A12
S214004CE0704700BF154B002B08BF114B9D46FFF7C2
S214004CF0F5FF00218B460F461148124A121A17F08C
S214004D007DFF0C4B002B00D098470B4B002B00D0A0
S214004D1098470020002104000D000B4818F0B4FA54
S214004D2017F044FF200029002CF054FD18F09AFAE2
S214004D30000008000000000000000000081000202E
S214004D400810002058690020F1D20100032837B56A
S214004D5004460D461FD1012B35D11378012B32D1D5
S214004D6001F0D6FD012804460DD18DF80000264836
S214004D7016F032FE03F09AFD234601466A460220EC
S214004D8003F0F0FD1FE0214816F026FE03B0BDE854
S214004D90304001F0E3BD202817D101F0B9FD421ED6
S214004DA05042504101236A468DF8000029462046AD
S214004DB003F0D8FD164B1A782AB901221A7003F0B0
S214004DC023FD02F049FD03B030BD25280BD101F0CC
S214004DD09FFD431E584258418DF8000001236A4645
S214004DE029462046CCE72428EDD10023CDE9003320
S214004DF003F0D4FB10B100BACDE9000008236A46E0
S214004E0029462420BCE700BFC8C40300F5C403003D
S214004E101162002007B5012120200DF1070201F0E4
S214004E20D9FB58B10223012120200DF107028DF88D
S214004E30073001F0DFFB03B05DF804FB9DF80710B8
S214004E400229F8D00222094816F0C6FD02230121E5
S214004E500DF1070220208DF8073001F0CBFB2CF077
S214004E6006FC4FF4FA6001F0FFF9E4E72DC50300F5
S214004E7008B501F0D5F900F023FB0F4B1B788BB17A
S214004E800E4803F05BFD03F0D9FC02F0D1FC0C48A1
S214004E9003F0ECFD2CF09DFC02F04CFDBDE8084054
S214004EA0FFF7B8BF03F080FC064B1B781843C0B270
S214004EB00028E5D1EEE700BF15620020842600201A
S214004EC04D4D00008962002038B502F0E3FE124B1B
S214004ED01B78BBB103F0D0FD01F01AFD012805D008
S214004EE001F016FD022801D001F038FD0B4D2B789D
S214004EF03BB901F00DFD0128044602D12CF04DFC13
S214004F002C7038BD03F050FC054B1B781843C0B21C
S214004F100028DFD1E0E700BF156200201062002005
S214004F208962002070B590F860300446114E00F19A
S214004F301C0533B1C0E907602846BDE8704001F0A3
S214004F409FBB00882CF067FBA37884F8440083425C
S214004F5008BF01232846C4E9076404BFE370237131
S214004F6001F08EFB224620880349BDE8704001F020
S214004F70CBBA00BF33130300F712030070B5C37833
S214004F8004460D461646002B34D1D1B1214816F002
S214004F9023FD0123E370E36CA6600BB1E06D984738
S214004FA0E368F61A63699E4221D2217E1A480131CF
S214004FB0C9B2217616F010FDA36D13B1217EE06D07
S214004FC09847E5702CF066FB15B3237903BBA268FF
S214004FD0238A801A83421BD801231048237116F0B7
S214004FE0FBFC236DA3B1E06DBDE8704018470123BC
S214004FF02376E6E70029E4D1094816F0EDFC636D58
S214005000E660E5702571002BDBD0E06D9847D8E7A9
S21400501070BD00BF55C5030066C5030094C50300F8
S21400502081C5030070B51E46838804460D46C180C0
S21400503002810BB1868070BD817800882CF09AF9C9
S2140050400123E370064BA680C4E903340C342046E3
S21400505001F016FB29462046BDE870402CF011BB37
S2140050607F13030010B501790446B1FA81F1008878
S21400507049092CF0F6F921796088B1FA81F14909DD
S2140050802CF0EFF9034B1A68A24204BF00221A6004
S21400509010BD00BFD015002070B543790446A3B1FB
S2140050A000880E4E04F10805336813B10C4B1B78CC
S2140050B06BB121792CF0D5F964210A4B3460A360DA
S2140050C02846BDE870402CF0DCBA4088E9E7064880
S2140050D016F082FC054B3221A360F1E7D0150020C4
S2140050E01262002065500000AAC503009950000017
S2140050F010B5044620B3134816F06EFC012194F850
S2140051003800617150B1104B1B6803B19847236B90
S214005110B3B1606B0121BDE810401847A37923B9ED
S214005120217920882CF09DF9F1E72046FFF79AFFB9
S21400513004F108002CF0AAFA2046FFF7ADFFE6E7D8
S21400514010BD00BFE0C50300CC15002010B5044616
S21400515038B3144816F040FC002194F8380061710A
S21400516050B1114B1B6803B19847236BCBB1606BF2
S2140051700021BDE810401847A3793BB92179208863
S214005180B1FA81F149092CF06CF9EEE72046FFF7F9
S21400519069FF04F108002CF079FA2046FFF77CFF3F
S2140051A0E3E710BDEBC50300CC15002010B50446A0
S2140051B068B1074816F010FC637920461BB1BDE8BD
S2140051C01040FFF7C3BFBDE81040FFF791BF10BD0A
S2140051D0F7C5030010B50E4C0E48214616F0FCFB32
S2140051E082210D4816F0F8FB82210220A21E01F053
S2140051F001FA014630B134F8022C0848BDE81040E8
S21400520016F0EABB0648BDE8104016F0E5BB00BF46
S214005210225C002006C6030021C603002CC603003D
S21400522070C6030038B5124C82212246022001F0D7
S214005230D1F9A51C014698B122880E4816F0CCFB81
S2140052402A460D4B03F1240153F8040B8B4242F817
S214005250040BF9D119889B7811809370262323803C
S21400526035F8021C054A0648BDE8384016F0B4BBBF
S214005270205C00207BC60300FBC60300225C0020E7
S214005280D9C6030010B50C4C0C48214616F0A4FBFA
S21400529082212320A21E01F0ADF9014630B134F878
S2140052A0022C0748BDE8104016F096BB0548BDE83E
S2140052B0104016F091BB00BFA05B002022C7030081
S2140052C040C7030070C6030010B5094C8221224671
S2140052D0232001F07FF910B10023A3702380054A34
S2140052E0054832F8021CBDE8104016F075BB00BF3A
S2140052F09E5B0020A05B00207BC7030010B50C4C13
S2140053000C48214616F068FB82212420A21E01F0DC
S21400531071F9014630B134F8022C0748BDE8104058
S21400532016F05ABB0548BDE8104016F055BB00BF46
S2140053301E5B0020A0C70300C6C7030070C603009C
S21400534010B5094C82212246242001F043F910B101
S2140053500023A3702380054A054832F8021CBDE8E6
S214005360104016F039BB00BF1C5B00201E5B0020FF
S21400537009C80300114B70B51C88E4B1104E35887F
S2140053807E2D19D8C5F17F05ADB2AC4205D92246AF
S214005390611B0C4816F020FB2C4633880A48224630
S2140053A018440A4917F0BAFD33881C440023A4B2F7
S2140053B034802644B37070BD0025E8E71C5B0020EF
S2140053C0205C002036C80300225C00201E5B002004
S2140053D0034B1B781BB18B4201D82CF048B97047A1
S2140053E00873002010B5044601460E4816F0F4FA7D
S2140053F0012C11D10C4B0D481A884FF6FF739A42B8
S2140054001EBF0022094B5A742CF011F802F0FAFD68
S214005410BDE8104002F06ABC0448BDE810402CF01D
S21400542008B800BF70C80300BC720020606D002082
S21400543070B500241A4D1B4E3378A3421BDC0024A3
S214005440194D1A4E3378A3421BDC0024184D194E12
S2140054503378A3421BDC01F05BFA012816481CD106
S2140054602BF0E5FF02F0CEFD02F040FCBDE87040F8
S214005470124801F06DBA2846FFF754FD0134643532
S214005480DAE728462BF0B9FF01343435DAE7284648
S2140054902BF0ECFF01343C35DAE72BF0CAFFE5E7EA
S2140054A0942600206F620020E02A00207062002010
S2140054B02C24002018620020606D0020E5530000B8
S2140054C02DE9F04F9FB0FFF7ADFEFFF7FDFEBB489E
S2140054D0BB4C30F8021B02F0C1F8FFF731FFFFF7B4
S2140054E049FFB84B09A809932BF0F4FF054617F0BF
S2140054F081FAC2B21F2A627004D9B34816F06CFA59
S21400550000F0A6FE2946A01C17F008FD09A82BF0FF
S214005510E1FF054617F06EFAC2B21F2A84F8212072
S21400552001D9AA48EAE7294604F1220017F0F6FC5A
S214005530102200210AA817F061FB102200210EA8F5
S21400554017F05CFB1022002112A817F057FB102260
S214005550002116A817F052FB102200211AA817F0F7
S2140055604DFB09A82BF0B6FF4FF000090446322584
S214005570DFF8A482CDF80C902378002B40F0C7808B
S214005580DFF898A2924A9AF800700AAC0EAE12ADF6
S21400559016A81AA99F4202F1880200F345858D4C91
S2140055A0FFF746FF23788C4F01933B78DFF8709225
S2140055B08A4E00939AF8003099F80020317888488F
S2140055C016F00AFA0020337899F800209AF80010AE
S2140055D09D180D443978DFF84CB20D442178044606
S2140055E00D445946EDB2834200F33785DFF8F88163
S2140055F0012D38BF01254246002347464FF48271ED
S2140056004FF6FF7403950398013398421370518048
S214005610948002F10C02F6DC724B73496848BB605A
S21400562001F06EFAF879BB6800EB400003EB8000EF
S21400563001F01AF8FB796D4D01336B496C48FB712C
S21400564002F0C4FF2A88A24203D06749694801F0E5
S21400565081FB4FF6FF732A886349D21A18BF0122CE
S214005660654802F083FA00255E4C3278AA4200F3C1
S214005670FD844FF000080C25604ADFF86CB199F8FD
S21400568000003178404500F3058500EB01080C2149
S214005690002701FB08B19AF800208823BA4200F3DD
S2140056A01A850C2100274FF0940A96F8008099F886
S2140056B00030494D984401FB08B12878504AB8425A
S2140056C000F3208537780C264FF000084FF0700A5C
S2140056D099F80030DFF8FC901F44074406FB07B635
S2140056E0DFF844B199F80030434500F3208503996C
S2140056F03D4801F047F8099B32491A468B4240F074
S2140057002C8540481FB0BDE8F04F16F065B9532B06
S2140057100AD163784C2B40F01381A378502B17D115
S2140057200122394B1A7013E0442B1AD16378A3F187
S2140057303002092A00F2E482601C2BF0D8FE334BBC
S214005740334A1978002385B2994202F1640204DCD8
S21400575009A82BF0BFFE04460EE722F84A5C013388
S214005760F2E7422B62D16378542B08D1A01C00F0DC
S21400577019FF1E4B188018462BF09AFDE8E7601CB0
S21400578000F010FF0646E01C2BF056FF01210246F3
S21400579030462BF00DFF64211C481D4C03785943FE
S2140057A0621866524FF4FA6111824FF448715161E3
S2140057B018490133558311650370C9E79E5B0020C5
S2140057C09C6B0020225C00208FC80300A6C8030044
S2140057D0501D002013620020146200201762002073
S2140057E0D5C8030044170020CC160020BC72002049
S2140057F09C1600204C160020D4150020701F002098
S214005800941B002031C90300126200206F62002042
S21400581094260020BF140300E02A00201562002012
S2140058201662002080210020441A00204C2B26D12E
S214005830601C00F0B7FE00223426074611462BF007
S214005840B7FEC349087806FB00F328F8037008EB98
S2140058500302E3781046693B18BF012393702BF0D0
S214005860CCFD0023BB48BA49436001230A78037481
S21400587002FB06861A4406600A70039368E7492B03
S21400588040F07C816378A3F14102032A00F2DF80B6
S214005890601C00F087FE0022114607462BF088FEAB
S2140058A03423AB4EDFF8CCA2307803FB00F22AF8A4
S2140058B002700AEB0201E2780846693A18BF012234
S2140058C08A702BF09AFDA449002308460A6D3ABB5D
S2140058D0582202FB03003423327802FB03A303653D
S2140058E09E4900230846D1F8A420FAB9A82202FB54
S2140058F003003423327802FB03A3C0F8A430039BD2
S21400590053B9944A114652F8040BA8B93422307899
S21400591000FB02A241F8232033780133337017E7E7
S2140059200133042B01F15801D0D1D9E70133042B00
S21400593001F1A801D7D1E2E70133042BE3D1EBE76D
S214005940A3F14102032A3CD8601C00F02BFE064659
S214005950E01C2BF071FE0121024630462BF028FE9B
S21400596064227F4F7F483978DFF8F0C14A438318B6
S21400597086524FF448721A825A617B4A5D839A6552
S214005980E278A824642A08BF0122784E08BF9A70DD
S21400599033785C430CEB04020CF804304FF40074CC
S2140059A05480032414719471642401FB04009060F5
S2140059B032200133DBB20131537182F8A000397016
S2140059C0ACE7542B7FF4C4AE00260DF12301A01CD7
S2140059D08DF823602BF0AEFD00283FF4B9AE9DF89D
S2140059E02320002A3FF4B4AE4FF0640E4FF6FF7744
S2140059F0DFF86CC15B489CF80010DFF860A10EFB76
S214005A0001F4031983F860204FF448720753A82462
S214005A101A825A61554F544A01FB0E009A653B782C
S214005A2001315C430AEB04020AF8043040F2012418
S214005A3090605480322003240133DBB216719471D7
S214005A40537182F8A0008CF800103B7080E6542B4F
S214005A507FF47EAE00230DF11F01A01C8DF81F30D1
S214005A602BF068FD00283FF473AE9DF81F00002859
S214005A703FF46EAEDFF800B19BF800600B2E3FF6E9
S214005A8067AE23793A4FC6EBC601312B4FEAC60202
S214005A9007EB010A785401D0342B1ED10021601D7B
S214005AA08DF823100DF12301CDE904322BF042FDD1
S214005AB000283FF44DAE049B059A312B14BF0423F7
S214005AC00123921B17447B700123BB709DF8233083
S214005AD0FB7001368BF800603AE6322B7FF438AE66
S214005AE008A9601D2BF026FD00283FF431AE0DF10D
S214005AF02101E01D2BF01EFD00283FF429AE0DF11C
S214005B00220104F109002BF015FD00283FF420AE19
S214005B100DF1230104F10B002BF00CFD00283FF4DF
S214005B2017AE02238AF8013004238AF802309DF863
S214005B3020308AF803309DF821308AF804309DF82A
S214005B4022308AF805309DF823308AF80630C0E700
S214005B5070620020606D0020701F002080210020F1
S214005B606F62002094260020D153000017620020A8
S214005B701A620020E02A002019620020522B50D121
S214005B806378542B76D100230DF12201A01C8DF8EA
S214005B9022302BF0CFFC00283FF4DAAD9DF822002F
S214005BA000283FF4D5ADB54B1F78052F03D8B44A6F
S214005BB01678052E04D92146B24815F00DFFC7E524
S214005BC03C214FF0FF3C7143DFF8C8A24AF801C001
S214005BD001EB0A0B01218BF8041000218BF838002A
S214005BE08BF806108DF82310217959B10DF1230199
S214005BF0201D2BF09FFCA14BA14A18B19DF8231045
S214005C008BF83910582179439F4844184754C6EBFF
S214005C1006110AEB810101360137E16416701F7028
S214005C2096E5502B12D16378542B40F04381002325
S214005C300DF12301A01C8DF823302BF07BFC0028EF
S214005C403FF486AD9DF82320904B6BE5572B09D18A
S214005C50601C00F0A7FC8E4EB060E01C00F0A2FCBA
S214005C60F06075E5592B78D1601C2BF040FC884B12
S214005C7018606DE5413B032B3FF66AADDFF8FCA1EB
S214005C809AF80030052B96D87D4E3378052B92D89F
S214005C90601C00F087FC0022114683462BF088FC2F
S214005CA03C2332787B4F5A4327F802B04FF0010B63
S214005CB0B91881F804B0E27872B1E01C00F072FC0A
S214005CC00022114604462BF073FC3C23327803FB7B
S214005CD002777C8087F806B058229AF800306A4827
S214005CE05A438118835430786A4CC0EB001204EB98
S214005CF08202CA640133421C32708AF8003027E5FB
S214005D004D2B7FF425ADA01C2BF0F1FB0021C0B27B
S214005D10042828BF04200B464FF0880A8C465E4CA9
S214005D205E4F2678DFF888B1F2189842D2B205DCCA
S214005D3000293FF40DAD3044207009E50AFB02FE51
S214005D4007EB0E0107F80E2081F802C0C1F854B028
S214005D5081F858C001330121E6E7582B6AD84C2B4E
S214005D6048D8432B7FF4F4AC601C00F01BFC0646BE
S214005D70E01C00F017FC00220446114630462BF0CB
S214005D8017FC0022204611462BF012FC3C203C4F0C
S214005D90404A3B7800FB03FC02EB0C0122F80C6047
S214005DA04FF0010C002681F804C08E7103EB0C0145
S214005DB0C9B248431452702402EB000E8EF80660F7
S214005DC0374E981C38703078364F4443C3EB031375
S214005DD0C1EB011102EB83038EF804C002EB8102D3
S214005DE007EB040C38550130CCF80430CCF808200A
S214005DF03070ADE44D3B0B2B3FF6AAAC01A252F837
S214005E0023F000BF495E00005157000051570000C4
S214005E10B55E000051570000515700005157000072
S214005E2051570000655E00005157000051570000B2
S214005E308B5F0000692B7FF48BAC601C2BF057FB4C
S214005E4080B22BF010FC83E4174B01201978002356
S214005E50164A994202F1A8027FF77AAC02F8A60C1D
S214005E600133F6E70DF12301601C2BF063FB0028DD
S214005E703FF46EAC9DF823906AE400BF16620020E3
S214005E8018620020B6C80300701F00206E62002053
S214005E90842600202C24002015620020501D00209F
S214005EA013620020441A0020176200208021002080
S214005EB0000164000DF12201601C2BF03BFB002862
S214005EC03FF446AC9DF822600F2E3FF641AC0334FB
S214005ED02378002B3FF43CAC4C3B671C0C2B16D8AD
S214005EE0DFE803F0173515071515152615151515D2
S214005EF0440038460DF123012BF01CFB38B19DF809
S214005F00232006F178036B4403F8502CE71C3C462C
S214005F10DEE738460DF123012BF00CFB0028F6D007
S214005F209DF8232006F178036B4403F8402CEDE738
S214005F3038460DF123012BF0FDFA0028E7D09DF836
S214005F40232006F178036B4403F8302CDEE738464E
S214005F500DF123012BF0EEFA0028D8D09DF823206F
S214005F6006F178036B4403F8202CCFE738460DF192
S214005F7023012BF0DFFA0028C9D09DF8232006F174
S214005F8078036B4403F8102CC0E7601C00F00AFB93
S214005F900746E01C00F006FB0646601D2BF04CFB97
S214005FA004460246012138462BF002FB22463046C4
S214005FB001212BF0FDFA6421DFF8C4C16C4B9CF87C
S214005FC00020DFF8C0E101FB02F41F534FF44877CE
S214005FD0181907824761C0F858E04583501CC0B2C4
S214005FE001FB00FA23F80A60942603EB0A042782D2
S214005FF06761604FC4F858E06583941C8CF80040D5
S2140060003C7802FB0132664300FB0133DFF878C1BF
S2140060100CEB060E0CF806400134CEF80420CEF841
S21400602008303C70FFF794BB14F801CB02F8809C54
S21400603002F885CC16F801CB013302F884CC15F8AB
S21400604001CB02F883CC10F801CB02F882CC11F811
S21400605001CB02F881CCFFF79DBA4F790130974209
S21400606084BF0C714C71A831FFF7BDBA3DB118F86A
S214006070052C02EB420204EB8204C8F808404146B5
S214006080584602F0A9F901350BF1A80B08F10C08E7
S214006090FFF7EBBA18EB01010AD0481E05FB00B06B
S2140060A0C07900EB400004EB800405FB01B084607F
S2140060B0104605FB0171049201F020FF31782E484E
S2140060C0414405FB017101F03BFC049A08F101080C
S2140060D05832FFF7D4BA17EB080F18BF11F8052C83
S2140060E004911CBF02EB420204EB8204234A18BF51
S2140060F08C6003FB072001F085F9049901370C3109
S214006100FFF7C9BA17EB080F18BF11F8050C049172
S2140061101EBF00EB400004EB80048C600AFB0720E7
S21400612000F0DCFF049901370C31FFF7C6BA18EB14
S214006130070F18BF16F8053C31461CBF03EB430398
S21400614004EB83040AFB08B018BFB46000F09CFEA2
S21400615008F101080C36FFF7C5BA13F8011D00292F
S2140061607FF4CAAA3B2102F8011CFFF7C5BA00BF9C
S214006170942600201462002020240020501D0020B9
S2140061806F620020D1530000941B002007B5012148
S21400619021200DF1070200F01DFA18B99DF807201E
S2140061A0024B1A7003B05DF804FB00BF08730020B2
S2140061B007B5064B8DF80700187001210DF1070290
S2140061C0212000F017FA03B05DF804FB08730020E6
S2140061D007B5022101200DF1060200F0FBF938B9DF
S2140061E0044815F0F9FBBDF8060003B05DF804FBA3
S2140061F00020FAE74EC9030007B50221ADF80600F5
S2140062000DF10602012000F0F5F9014610B1034831
S21400621015F0E2FB03B05DF804FB00BF6FC9030096
S21400622010B5FFF7D5FF04460146074815F0D4FB26
S2140062300121064815F0D0FB24B9BDE81040012026
S214006240FFF7DABF10BD00BF9FC90300B1C9030046
S21400625008B5044815F0C0FB00F0DCF92BF007FA8F
S2140062602BF002FAC7C9030038B50446084D094B9F
S21400627028462B6000F004FA002C18BF214628465A
S214006280BDE8384008BF4FF496712BF0FAB900BF4E
S214006290E42B0020671503002DE9F043384D91B03C
S2140062A008AC0746894690460FCD0FC495E80F0008
S2140062B0002684E80F0001250323324C3248CDE93E
S2140062C00366CDE905668DF80E300796029535F023
S2140062D089FE2E4835F086FE32462D4920468DF83A
S2140062E0176005F0C5FC334632462A498DF819007A
S2140062F0009020468DF82390CDF82C808DF82160F4
S21400630005F0D0FC0A9020468DF8097005F032FCA6
S214006310204608AA05A905F0EBFC02AA204603A918
S2140063202CF01DFC4FF400721B4B5A62194BE560B3
S214006330626A920510D46BB94FF40072164B11487E
S2140063405A6205F017FC114835F04FFE002011B0D8
S214006350BDE8F083013BEBE7002BEDD0094908A828
S2140063602CF030FC4FF400720B4B06485A6205F0D6
S21400637001FC064835F039FEBDF82000E7E700BF0F
S2140063801C6604000040005AC4680400C06804008C
S21400639080841E0040420F000060005A0122034B1A
S2140063A01870034B1980034B1A70704772620020F6
S2140063B0C472002071620020F8B5454B1B780BB9FB
S2140063C00020F8BD434B1B78012B03D1BDE8F840F5
S2140063D02BF0CCB8404B1C884FF6FF739C42EFD096
S2140063E03E4835F0FFFD0023260AE4B21A46214651
S2140063F0304605F07FFB012E354604F0010335D00C
S21400640015D9B51E012DDBD8002B0BBF4FF48075B8
S2140064104FF080754FF470614FF070610BBF01272D
S2140064204FF480370F204FF470202D4B11E0002BD7
S2140064300BBF4FF480754FF080754FF470614FF0CE
S21400644070610BBF01274FF480370F204FF4702088
S214006450244B1A6802401CD0BA421AD01A680A4066
S21400646032D11A6822EA01022A4316E0002B0BBF3B
S2140064704FF480754FF080754FF470614FF0706187
S2140064800BBF01274FF480370F204FF47020164BB8
S214006490DFE71A6822EA00023A431A602BF066F831
S2140064A0054600288CD0083644EA06102A46032102
S2140064B0C0B2FFF7F1FE40F6FF73684300F2FF70CC
S2140064C0B0FBF3F080B27CE795427FF479AFC8E783
S2140064D07162002072620020C4720020C46804004A
S2140064E028C3035020C3035024C3035010B5044CE4
S2140064F0237823B9034835F075FD0123237010BDBA
S21400650074620020C46804002DE9F0431F4C85B077
S214006510074688469146FFF7E9FF23781BB902F045
S21400652099FF012323707BBAADF80C30302200238C
S214006530174E02FB03F4315DA51901BB0123335549
S2140065404FF0FF3304F1100012493044AB606F8007
S214006550C5F80480C5F80C900AF00EFA04F108019C
S214006560042231440C4B009503A803F049F8A968AF
S21400657002460A4815F030FA05B0BDE8F08301334C
S214006580102BD6D1064815F027FAF5E773620020DF
S2140065900C2C002091150300A3150300D4C903009A
S2140065A002CA030080B10278A2F14103032B0BD884
S2140065B040783038C0B2082806D8054B134413F884
S2140065C0413C40EA032070474FF6FF70704700BF1B
S2140065D03C66040008B50B4642B101460448006814
S2140065E004F052F9BDE808402BF037B8022008BD89
S2140065F0CC6D002008B50B4642B101460448006841
S21400660004F0CAFABDE808402BF027B8022008BDFF
S214006610CC6D0020F0B50026124F8DB0FF230093FE
S2140066200A223346386802A92CF056F8C0B102ABED
S2140066301D4603EB800404E055F8043BB34228BF34
S2140066405E1CAC423868E9D9296804F02BFC0028A7
S214006650F2D02D28F0D00DB0BDE8F0402AF0FDBFF6
S2140066600DB0F0BDCC6D002028B1034B0360034B8A
S214006670436000238360704719000003746D002098
S214006680FF2307B50021044A009308300AF0F8F803
S21400669003B05DF804FB00BF7D1603000B460449FB
S2140066A0024608680349097808B12BF01BB8704702
S2140066B0182F002076620020F7B50C4618B1292165
S2140066C0194835F0E6FC246823685E795F88304612
S2140066D03946FFF7E3FFF0B18568E5B1A089227D72
S2140066E03946904291BF0020801AA36880B294BFBA
S2140066F003469B18E27C00903046A84701380328E2
S21400670003D8DFE800F0080F0B0D002420462FF01A
S21400671015FB204600E0812003B0F0BD8024F5E79D
S2140067209324F3E78724F1E72ACA0300F8B5154651
S2140067300D4A044610680D4A0B46117850B12246A1
S2140067402AF0D0FF034628B100210C27C678B142B4
S21400675001DB0020F8BD07FB01F45A681019125B34
S214006760AA42F7D00131F2E7182F00207662002007
S21400677008B5034B1B6803B19847002008BD00BF4F
S214006780142F00202DE9F74F04460D460026454BF2
S214006790454F1860454B197033010021F85C0136EF
S2140067A011F03EF90C2EF7D10C2D28BF0C254FF01A
S2140067B0000901953C4EDFF800A13D4DDFF8FC8056
S2140067C0019B4B4502DC03B0BDE8F08F23784FF009
S2140067D0000B337063887380A388B380A379C6F8F0
S2140067E00880B371E379C8F8005088F804304FF099
S2140067F00003A768A8F80630E3795B450ADC0121A8
S21400680016F8100B11F00CF908F1080809F1010947
S2140068100C34D5E74FF0000338886B812880FB786E
S2140068204FF0000C2B81BA78C5F804A0002A00921D
S2140068300CBF802240222A7379680AF10C02634555
S21400684013DC03EB43030AEB830ABB6843B1009AED
S2140068504FF6FF71B2FA82F2164B52092FF0FEF98C
S21400686014350BF1010B0C37C6E7B1F800E00CF15C
S214006870010C22F80CEC91F802E00C3202F816EC4F
S21400688091F804E00C3102F815EC11F809ECBEF1B1
S214006890010F14BF4FF0100E4FF0110E02F814EC5B
S2140068A0CDE700BF182F0020BC46002076620020EF
S2140068B01C350020B96600001C2F00209C370020E5
S2140068C0014B1860704700BF102F0020014B186066
S2140068D0704700BF142F002070B5128805460E467C
S2140068E0FFF724FF044670B102790499806816F019
S2140068F0D7F9064B1B680BB9002070BD31462846F9
S21400690022889847F8E78620F7E700BF102F002078
S21400691008B510F021F9022806D0012806D0044B4D
S21400692018784000C0B208BD0120FCE70220FAE754
S21400693075620020054B10B51C682CB1FFF7E8FF08
S2140069402346BDE81040184710BD00BF0C2F00209E
S214006950014B1860704700BF0C2F0020034B1A78BD
S2140069601AB901221A700CF057B9704775620020E8
S2140069700022024B1A70FFF7DDBF00BF75620020D1
S21400698037B50446002836D010F0E6F8022834D191
S21400699060892FF035FDE079237A003818BF012092
S2140069A0012B637A08BF40F008000BB140F01000DE
S2140069B063890BB140F00400257CA188A2790DB153
S2140069C0E36893B90F4B11F007FC2178084611F0E5
S2140069D07FFC2FF03EF8044611F038FC7CB100280E
S2140069E00CBF0020032003B030BDCDE90035064BB8
S2140069F011F0F2FBE9E70220F5E70120F3E7204675
S214006A00F1E700BF831B04004CEB030008B50EF053
S214006A1061FA014630B1044814F0DEFFBDE80840D4
S214006A200EF0FCBD08BD00BF9CCA0300034B044A21
S214006A305B7C012103201370FFF7DCBD606D002036
S214006A407762002038B50446FFF7F0FFB4F57F4FB5
S214006A500AD100251B4B1A8813449D70FEF7BAFB1B
S214006A602846FFF701FC06E04FF601739C4207D16B
S214006A7015482AF0C4FC2046BDE8384000F0A0BE09
S214006A804FF602739C4204D1104B1878FFF790FB28
S214006A90F1E74FF611739C4207D100250C4B1A887C
S214006AA013449D70FEF7EEFBDAE74FF616739C4232
S214006AB0E1D10025074B1A8813449D70FEF71EFC93
S214006AC0CEE700BF205C0020606D00200873002029
S214006AD09E5B00201C5B002010B5074C012122465F
S214006AE00320FFF777FD28B92378044A003B18BF38
S214006AF00123537410BD00BF77620020606D002034
S214006B00F8B5664B32251A884FF6FF739A4218BFBF
S214006B1003234FF008020C46614918BF0B70614B07
S214006B201A7030225D70DD7036259A705A71DA71EF
S214006B3034221D7139251A724FF400129D715A4D78
S214006B404264C564594D01220565594D8618856510
S214006B50584DC667C565584D584E4566584D80F821
S214006B6048208566574D80F854200567564D80F8B6
S214006B7060204567202580F8785080F8845000F122
S214006B802105C0F88850514D80F86C20C0F88C5014
S214006B90C0F8806080F89020C0F89410C0F8B83034
S214006BA04B4B4C49C0F8BC300223C0F898104A49F9
S214006BB080F8C030C0F8A4100F21484B80F8A81009
S214006BC0C0F8C430464B4749C0F8C8308223C0F8E6
S214006BD0AC10454980F8CC30C0F8B0100921434BC2
S214006BE0434DC0F8D030434B80F89C20C0F8D430DA
S214006BF0414BC0F8A000C0F8DC302B7C80F8B41005
S214006C0080F8D820002B45D00E213C4B80F8E4209D
S214006C10C0F8E03005F11103C0F8E8300C2303FBA0
S214006C200102374E01FB033356648226354F82F845
S214006C304860D764344A03445A64344A83F8486048
S214006C4000F144078E1CDA643146384600F08CFDAD
S214006C504FF0000EE279A16802EB42034FEA830C84
S214006C6021F80CE001EB8303012130440A44D8707C
S214006C705F609970E271FFF789FAFFF72DFFFFF763
S214006C8047FE012808D12B7C33B1BDE8F8401848F0
S214006C902AF0B5BB0D21C1E7F8BD00BFBC720020CD
S214006CA00973002078620020556604000100200069
S214006CB054660400020020005366040005004200EB
S214006CC00300200052660400040042000700300063
S214006CD0FDFF210012001001004042005066040033
S214006CE000FF44014066040006004200205C0020CD
S214006CF0606D002002FF20010873002001FF1001D4
S214006D0011FF44019E5B002016FF44011C5B00201F
S214006D1013B504460D482AF0D6FA6422C0F30F4392
S214006D20637083B2B3FBF2F3A078237020220121B4
S214006D302AF0FAFCA078212201212AF0F5FC044969
S214006D40201D02B0BDE810402AF09BBCBC7200209B
S214006D50E09304000B7870B583704CF61E03038036
S214006D604FF02013C362012380F8303080F83C30A7
S214006D70C3180364124B044643640223114A80F886
S214006D804830114B8263C3644063CA798D6802EB56
S214006D90420305EB830004F12C0646600B4E45F8D3
S214006DA0236000238360531CCB71094B201DC4E96C
S214006DB00134FFF765FC2046BDE87040FFF7A8BF2A
S214006DC0FDFF21002100200056660400010001039B
S214006DD0116D0000437B044A0121137000781230C5
S214006DE0C0B2FFF707BC00BF8262002038B5044679
S214006DF00078054D12302A460121C0B2FFF7EAFBA3
S214006E0008B92B78637338BD82620020024B53F8B2
S214006E1020002AF064BD00BFFC370020012908B519
S214006E2006D0022907D049B92AF050FD002008BD37
S214006E302AF04FFDFAE72AF04FFDF7E7024814F074
S214006E40CBFD0120F3E700BFC9CA030010B4054C10
S214006E50114654F820001A46BDF804305DF8044B7D
S214006E60FFF7DCBFFC370020002310B50446838103
S214006E700364A0F844304830FFF702FC014BC4E935
S214006E80123410BDC518030038B504460B781A4AEC
S214006E9043700D4642F82300FFF7E6FF2046FFF753
S214006EA0A5FF4FF4401323610123144A2375A26102
S214006EB0134A84F82030E261124A84F82C30626269
S214006EC0114A84F83830A26204F10C0222630F4A99
S214006ED004F10D036263E363EA79A86802EB4203F8
S214006EE000EB830110344C60094C40F82340094BFA
S214006EF08B60531CEB7138BDFC370020816200208C
S214006F00080020000A73002000FF300001FF100177
S214006F10020101044D6E000010B47024427B0D483F
S214006F20013A012904FB020006D0022908D059B90B
S214006F305DF8044B2AF0CABC5DF8044B2AF0C9BCC5
S214006F405DF8044B2AF0C8BC03485DF8044B14F007
S214006F5043BD00BF441A0020E5CA0300B0F85C3009
S214006F602DE9F0418B4204460E4638D0437B077C21
S214006F708BB31C4A12789A422DD370251A4A013BCD
S214006F8005FB032390F80F801B7B42462AF0B5FCD6
S214006F90B845054601D1FF281FD13A46314620465E
S214006FA094F890302AF0A9FC2F4605465522122167
S214006FB06078A4F85C602AF0B7FBFF2F03D0394650
S214006FC02046FFF7A9FFFF2D09D029462046BDE839
S214006FD0F0412AF0D2BCFF25DFE70746E6E7BDE82A
S214006FE0F08100BF13620020441A002041688268C6
S214006FF0C978D27849B112B10321FFF7AFBF837BBE
S214007000002B0CBF01210221F7E72AB1837B002B5E
S2140070100CBF02210121F0E7014814F0DDBC00BFDF
S214007020F6CA0300037BD3B14368DA7812B18268EC
S214007030D278A2B91B7933B1837B002B0CBF042115
S2140070400521FFF78BBF83681B792BB1837B002B51
S2140070500CBF05210421F4E7014814F0BDBC7047BD
S21400706028CB0300084A437B05211370837B5370AB
S214007070C37B9370037CD370037B137100780F304F
S214007080C0B2FFF7B7BA00BF8362002038B5044627
S21400709000780C4D0F302A460521C0B2FFF79AFA49
S2140070A020B1BDE83840084814F096BC2B786373CE
S2140070B06B78A373AB78E373EB7823742B79237325
S2140070C038BD00BF8362002064CB0300024B53F838
S2140070D020002AF09CBC00BF24380020F8B50446E7
S2140070E00B78424A43700D4642F82300404E2AF081
S2140070F0ACFCFFF7CBFF6268A3683E483E49D66407
S2140071001165D4655065C3E91410DE64DC654FF084
S214007110987302266361012304F10C01E16137498B
S2140071201032216204F10D01A16235492376E16235
S21400713004F10E016163334984F82430A16304F13D
S2140071400F012164304984F83030616404F1100185
S214007150E1642E4984F83C3084F84830216584F890
S2140071605460A265E879A96800EB400201EB82074B
S21400717004F1140CC7F804C04FF4817C244F41F886
S2140071802270C218D2B202EB420241F822C001EBD2
S214007190820700227A601F4A84F8703022661E4AF0
S2140071A084F88830A2661D4A1D4BE2661D4AC4F864
S2140071B08C3062671C4A8319A26704F15C02C4F82B
S2140071C08020DBB2194A03EB4303C4F8842084F81A
S2140071D0646084F87C6001EB830260345460144A77
S2140071E0033041F82320E871F8BD00BF24380020A2
S2140071F0ED6F0000D119030025700000010020018A
S21400720002001001030030010400300105002101D6
S21400721001FC01064A0021005866040051001000D7
S2140072205A6604005B660400550021006F001800D3
S214007230120001042DE9F84F06460F46904699467F
S214007240244D05F1280A55F804BBBBF1000F16D0F3
S214007250012F18D158462AF071FCB0420FD1B9F16F
S214007260000F0CD098F800300022003B18BF012316
S21400727006218BF858309BF801002AF055FA554540
S214007280E1D1BDE8F88F022FF9D158462AF0F4FB79
S214007290B042F4D100231C4606E0042B07D018F8B1
S2140072A00320013342EA04249AB29145F5D8B4F596
S2140072B07A7F4FF0FE0328BF4FF47A745C434FF496
S2140072C07A7304F5FA74B4FBF3F4002208218BF801
S2140072D05440D0E74C38002073B516463349052E87
S2140072E0BDF8182051F8204030D0072E51D0042E7B
S2140072F057D1002B57D0002A55D01D7820462A1E7D
S21400730018BF012284F8545084F858202AF016FC3E
S21400731001238DF80420194601AA01F071FB2046CE
S2140073202AF0AAFB4FF47A730446FE205D437F35AD
S21400733001A9B5FBF0F02AF098FB0A463346022175
S214007340204601F05DFB002002B070BD5BB3012A51
S21400735029D91B780125B3FA83F2520984F88420D0
S21400736094F8582084F8855013430BD120462AF011
S214007370E5FB29462B4601AA8DF8045001F040FB98
S21400738084F858504FF4967104F15C002AF079F9AD
S214007390D9E7002304F15C0084F885302AF076F9FA
S2140073A0D1E70120D0E70320CEE700BF4C3800200D
S2140073B0134B022A07B553F8200018D002D82AB972
S2140073C0002204E0402AFBD0412A16D1012280F890
S2140073D058202AF0B3FB01238DF8072019460DF13B
S2140073E0070201F00DFB002003B05DF804FB90F8E7
S2140073F05820B2FA82F25209E9E70120F4E700BF0A
S2140074004C380020F7B504460B78544A437042F8CF
S2140074102300534B0D46C0E917305C30FFF730F9B8
S21400742004F1580262614F4A4FF48013A261A21C15
S21400743022624FF40012626204F15402E2624A4A87
S214007440E360226304F15502A263484A0123E26323
S21400745004F15602626400204FF09872237423777A
S21400746084F8283084F8343084F8403084F84C307F
S21400747004F1570384F88500A2642365E979AB68B4
S21400748001EB410203EB820604F10C077760384FEC
S21400749043F82270374A04F12407B2604A1CD2B27D
S2140074A002EB420203EB82067760334F43F822700A
S2140074B0324A04F13007B2608A1CD2B202EB4202B2
S2140074C003EB820677602E4F43F82270CA1CD2B2B6
S2140074D002EB4202B06004F1480703EB82067760D5
S2140074E0284F043143F82270B060E971264801F055
S2140074F0B1FAA5798DB14FF47A72FE2094F8553022
S21400750001A953437F33B3FBF0F02AF0AEFA0A46E4
S21400751004230221284601F073FAE5798DB14FF471
S2140075207A72FE2094F8563001A953437F33B3FB9A
S214007530F0F02AF09AFA0A4604230221284601F0BF
S2140075405FFA607940B194F8573004218DF8043022
S21400755001AA012301F054FA03B0F0BD4C38002014
S214007560911A030003403001100020011100200191
S21400757006000102B173000008000101D972000084
S214007580010301020700010135720000024B53F8A7
S21400759020002AF0DCBA00BF4C380020F0B51E4CA4
S2140075A0002527780A24DFF880C0EEB2B74207D954
S2140075B005FB044E1CF80EE06E1C864507D142B94A
S2140075C0164C246834B3A446BDE8F0406047354600
S2140075D0EBE7134804FB05014C79012C0DD1CBB128
S2140075E013788B710A2303FB0500BDE8F0400D4BB2
S2140075F04288002118782AF097B8042C0AD1032B69
S21400760008D9D3788B719378CB7153780B72137833
S2140076104B72E7E7F0BD00BF896200207838002093
S214007620A25C0020CC160020985C002010B5094C07
S214007630237853B12AF02EF8074B1B68C01A40F681
S214007640B733984203D900232370002010BD0120D1
S214007650FCE700BF88620020743800202DE9F04F58
S2140076600024DFF800818946064685B088F8004089
S21400767000286ED0A346A7B2B94502D0F35D3B2BD7
S2140076804DD15F4548D998F800500B2D44D80023BB
S2140076908DF80E308DF80F30A4EB0B03DBB2052B04
S2140076A052D106EB0B0A50460DF10E012AF0A8FA4D
S2140076B0002849D09DF80E200192002A44D00DF1F2
S2140076C00F010AF103002AF09BFA00283CD00A2199
S2140076D06943214B019A58185A549DF80F2062F0BE
S2140076E0FF0242809AF80220452A24D0562A26D045
S2140076F0422A29D101224FF0100C01204FF00A0E29
S2140077000EFB05314A700022013581F804C048712D
S214007710C1F8062088F8005001371FFA87FB0134AD
S214007720A3B29945A7D298F800100C4805B0BDE85A
S214007730F04F14F051B904224FF0300CDDE702226E
S2140077404FF0230C0420D9E75946054814F044F9B5
S214007750E2E705B0BDE8F08FA25C0020AECB0300E8
S21400776093CB03008962002070B500240126124BDB
S21400777001EB41011D78114B00EB8101E0B285421F
S21400778003F10A0201F10C0101D8284670BD32F857
S214007790080C063321F80C0C12F8060C01F8096CDC
S2140077A001F80A0C12F8050C013441F8043C01F803
S2140077B0080C1346E2E700BF89620020A25C0020A6
S2140077C073B5194B00221D78184B1C46D1B28D425A
S2140077D002D8002002B070BD5E88511CB04203F192
S2140077E00A0313D10A2101FB02414B798879012B48
S2140077F00ED18DF804000A2101FB02F02118497809
S214007800205C01AA01F0FCF80120E3E70A46DDE768
S2140078104D7A8DF807008DF804500D7AC9798DF8E9
S21400782005508DF80610E6E789620020A25C00206D
S21400783008B5064B1B7843B101F012F9044B1860EB
S2140078400448BDE8084001F005B908BD896200207B
S214007850783800209D75000010B50A4B1B7883B160
S2140078600122094B1A7029F015FF084B186001F029
S2140078701DF8BDE81040002301461A46282001F0F6
S21400788071B810BD8962002088620020743800201C
S21400789070B50E461346054614460A460146244869
S2140078A014F09AF8202E3DD00BD80A2E14D80A2EA3
S2140078B012D8DFE806F01211111111112717111155
S2140078C02C0040F201339E4210D04FF601439E42F8
S2140078D012D0B6F5817F1FD070BD2046BDE870403F
S2140078E0FFF7B0B82146284600F03AFD2146284664
S2140078F0BDE87040FFF74ABE21462846BDE8704006
S214007900FFF7E4BB2146284600F0B2FAEEE7204631
S214007910BDE8704000F020BE21462846BDE8704015
S214007920FFF774BA2046BDE8704000F0EBB800BF21
S214007930D0CB03000148FEF7C3BF00BF917800001C
S2140079404FF4C01330B5036001230371074B8C68F6
S2140079508360CA7902EB420304EB8305686004483F
S21400796044F82300531CCB7130BD00BF5C66040096
S214007970040001010368064A0C2113604368536043
S21400798003891381438922205381FEF733BE00BF4B
S2140079907C38002010B50368044686B0FBB1114859
S2140079A014F01AF8A37B104A8DF804304FF4827353
S2140079B0ADF806300123CDE90223002301A8049385
S2140079C08DF81430FEF7DCFF204661892AF02BF98B
S2140079D02046FA2150F8143B594329F052FE06B0CF
S2140079E010BD00BF03CC03002000000110B5064CFC
S2140079F0236843B1054813F0EFFF2068BDE8104048
S214007A0041892AF010B910BD8838002024CC030024
S214007A1070B5364910460C68BDF81020002C5ED0B4
S214007A2003285CD8DFE800F0021E2745002B5AD05A
S214007A30022A58D91D78B3F80160291E18BF012103
S214007A4032462B4813F0C8FF2DB1314620462AF0A7
S214007A50EAF8002070BDE573FA206368584329F001
S214007A60A4FEF6E7234813F0B7FFE37B002B38D0DD
S214007A700023E373F0E7002B35D0032A33D91D68C3
S214007A801D48294613F0A8FF1C4B2A1F9A4201D90D
S214007A900220DFE723680BB19D42F9D823899D4277
S214007AA0F6D3E37B6560B3B9FA20684329F07DFE20
S214007AB011E0002BCED0012ACCD91D8810482946CB
S214007AC013F08AFF002DE3D063689D42E0D8E37B85
S214007AD02581002BE8D12046FFF74CFFB9E70120AF
S214007AE0B8E70420B6E70320B4E700BF88380020D4
S214007AF047CC03007ECC03009DCC0300FCFF6D004A
S214007B00C8CC030038B5154B1C6834B3F0B92168EF
S214007B10134813F061FF23683BB16268934204D2B6
S214007B20104813F059FF6368236004F114052846D3
S214007B3029F0ACFD236823B1FA212846594329F0E1
S214007B40A0FD2046BDE83840FFF714BF032804D147
S214007B506189054813F040FFF3E738BD88380020F8
S214007B60F3CC030021CD030056CD030070B53E4B89
S214007B700D46044609781860002A6FD101231A467C
S214007B80A1730021E1730121A1814FF46151C4E981
S214007B9000132823354E22810C2132462220638191
S214007BA0FEF718FD60B9D6E900230AB19A4207D35A
S214007BB0318999429FBFC4E900237389218163817B
S214007BC02B4B2C4AE363042384F8403084F84C3073
S214007BD0E3182365284BA2646365022304F10802B8
S214007BE0E265264A84F85830226604F10A02A26644
S214007BF0234A84F8643084F8703004F10C03E2669B
S214007C0063676464EA79A86802EB420300EB8301C9
S214007C1004F13C064E601B4E40F82360FA261A4BD1
S214007C201A488B60531CEB71FEF750FE208904F156
S214007C301405704329F0B9FD6189204629F0F3FF49
S214007C40134B2846C4E90534FEF71AFD216849B1EE
S214007C5028467143BDE8704029F013BD4FF4F07319
S214007C6002228DE770BD00BF883800207C380020D7
S214007C70000023010100230002002100030021016F
S214007C80FDFF210020000105117A0000ED790000BB
S214007C9095790000134B10B51C680CB3E37BEBB171
S214007CA029F0F8FC2369C01A002809DB0E4813F0F7
S214007CB093FE0023FA20E3736368584329F075FDAA
S214007CC0E37B5BB12489FA235C4329F079FDA0426B
S214007CD006D02046BDE8104029F067BD6468F2E78C
S214007CE010BD00BF8838002083CD030038B50024BF
S214007CF0044D55F8040B08B129F0A8FF01340A2CEE
S214007D00F7D138BD8C380020042908B50AD172B1E5
S214007D106BB113781BB929F0C4FF002008BD29F009
S214007D20B6FFFAE7034813F057FE0120F6E70320F4
S214007D30F4E700BFBDCD030010B4054C114654F85F
S214007D4020001A46BDF804305DF8044BFFF7DCBF90
S214007D508C3800200229024608B50ED004D839B95E
S214007D60104629F09EFF06E04029F9D0412907D1A8
S214007D70104629F08CFF002008BD29F09CFFFAE78A
S214007D80024813F029FE0120F6E700BFDDCD030010
S214007D9010B4054C114654F820001A46BDF80430BD
S214007DA05DF8044BFFF7D6BF8C380020C26C094B39
S214007DB052791A7082785A70C2789A70026D12B12F
S214007DC090F85420DA70007804210930014AC0B2D5
S214007DD0FEF710BC8A62002037B50D460446002820
S214007DE041D04FF60273994201D129F02FFFE36C80
S214007DF0ABB193F8382092B144F2030295421AD1FF
S214007E001A4B187858B1A37813B1012B18BF022368
S214007E108DF804300421012301AA00F0F1FDE37877
S214007E20022B02D0204629F011FF204603B0BDE801
S214007E303040FFF7BBBF44F201029542EFD193F802
S214007E4039000028EBD00A22B4F856300221B3FBE2
S214007E50F2F35BBA0022ADF806300423ADF8042036
S214007E600DEB0302D9E703B030BD00BF6E62002001
S214007E70024B53F82000FFF7AFBF00BF8C3800203E
S214007E8038B504460078084D09302A460421C0B2A9
S214007E90FEF7A0FB30B96B78A370AB78E370EB7895
S214007EA084F8543038BD00BF8A62002038B50446D6
S214007EB00078114D09302A460421C0B2FEF78AFB2D
S214007EC0C8B9A3782A78022B0CD004D863B9204608
S214007ED029F0E7FE01E0FF2B0AD02046BDE8384037
S214007EE029F0B4BE002AF2D1204629F0D0FEF4E7ED
S214007EF0002AF9D1EBE738BD8A620020F8B50446BF
S214007F000B78324A0D4642F823004370FFF7B8FF5D
S214007F10E36C2F4A5C631A632046FFF7C7FF2046D0
S214007F2029F094FE4FF4801363600123E26C237201
S214007F30511DE160274923752161A11CA161216DB6
S214007F40002941D084F8203084F82C3004F1540302
S214007F50236304232049E161E11C61621F49A16299
S214007F6092B192F839207AB11D4903EB430204EB33
S214007F7082025160022111720C2202FB034204F1BC
S214007F8056010133D160DBB20627E979A86801EB18
S214007F90410200EB820620F82270F3700123B370D2
S214007FA0104B0434B3604B1C7460DBB20E4C03EB16
S214007FB0430340F8234000EB8302002353600B4B3F
S214007FC002319360E971F8BD0223C9E78C380020BE
S214007FD0CB1C03000340300101FF300102FF1001FB
S214007FE001402101917D000008000100397D00005C
S214007FF028B1034B1B78834234BF00200120704712
S2140080001662002070B500250A4C0B4E3378AB4242
S21400801000DC70BDD4F8A42042B123791BB160798E
S214008020FFF7E6FF10B9104629F0DAF90135A83453
S214008030ECE700BF802100201762002008B54279D7
S21400804001461046FFF7D4FFB0B1CB7858210B4855
S214008050013A042B01FB02000ED8012B08D81BB9ED
S214008060BDE8084029F013BEBDE8084029F019BE57
S214008070BDE8084029F01FBE08BD00BF701F0020E5
S21400808008B5427901461046FFF7B2FFB0B1CB788B
S21400809058210B48013A042B01FB02000ED8012B95
S2140080A008D81BB9BDE8084029F0FBBDBDE808406C
S2140080B029F0EDBDBDE8084029F0FDBD08BD00BFB4
S2140080C0701F002010B586B00446FEF721FC01287C
S2140080D031D1E17804292ED8DFE801F014333503D6
S2140080E0030062791046FFF783FF60B35820174BF2
S2140080F0013A00FB0233DB6C032958791DD10038A6
S21400810018BF012063784FF480728DF804304FF466
S2140081108273ADF806300623ADF8083001238DF8DB
S2140081200B3000238DF80A0001A8CDE903238DF853
S2140081301430FEF725FC06B010BDB0FA80F04009FA
S214008140E0E70020DEE70220DCE700BF701F00202B
S21400815010B586B00446FEF7DBFB012831D1E27885
S214008160042A2ED8DFE802F01414330303006179E2
S2140081700846FFF73DFF50B35820164B013900FB69
S2140081800133DB6C032A5B791DD11A1E18BF01224E
S21400819063788DF80A208DF804304FF48273ADF8BA
S2140081A006300623ADF8083001234FF480728DF8B0
S2140081B00B30002301A8CDE903238DF81430FEF719
S2140081C0DFFB06B010BDB3FA83F25209E0E70222E5
S2140081D0DEE700BF701F002010B586B00446FEF72D
S2140081E097FB012812D16378094A8DF804304FF4C2
S2140081F08273ADF806304FF48073CDE90223002376
S21400820001A804938DF81430FEF7BAFB06B010BD33
S2140082100800070110B586B00446FEF779FB012872
S21400822020D16278104B8DF804204FF4827294F8B7
S214008230A01094F8A10059701870ADF806200493A9
S2140082404FF480720223094901A88DF81430CDE955
S2140082500212FEF795FB94F8A130013B18BF0123EC
S21400826084F8A13006B010BD8E620020080005011B
S21400827010B5837804460BB30379022B0BD14279F1
S2140082801046FFF7B5FE30B158200D4B013A00FB03
S214008290023029F010FDA379022B02D12046FFF709
S2140082A011FF2046FFF7B6FF02236078A4F86C3073
S2140082B05522BDE81040122129F036BA10BD00BF85
S2140082C0701F00204388094A082113808388538042
S2140082D083681B8A938090F8A03093718379D3715A
S2140082E000780430C0B2FEF785B900BF1A5D0020E2
S2140082F038B50D46044650B1836843B193F86030F4
S2140083002BB14FF60173994204BF00230371217805
S214008310114813F061FB4FF602739D420ED10F4BCE
S2140083201B782BB963712046BDE83840FFF7CABFFB
S21400833062790AB19342F6D20123F3E7B5F57F4F8F
S214008340F1D1204629F03DFDA378022B0CBF012277
S2140083500022A3689A70E6E7F9CD030016620020B3
S214008360024B53F82000FFF7C3BF00BFB43800200D
S21400837038B504460078144D04302A460821C0B2A9
S214008380FEF728F920B1BDE83840104813F024BBAA
S2140083902B8863806B88E978A380AA88A3681A82F2
S2140083A0AB7984F8A030EB79A371094B1B780BB935
S2140083B0637138BD09B19942FBD9064813F00CFB2E
S2140083C023780133F4E700BF1A5D002013CE0300C4
S2140083D0166200203CCE0300F8B504460B784A4AE5
S2140083E00D4642F823004370FFF7C2FFA26822B191
S2140083F092F860300BB100232371444BD465D364EC
S214008400434B02265365434BA11C13654FF44013A0
S214008410E36001236161E1623F4910322163226516
S214008420211D3E4AA1633E483E49626504F1A00212
S214008430A061E163E265E01C611D3B4A2062616465
S2140084403A483B492266A21D2374237784F82830D5
S21400845084F8343084F84030A16484F84C6084F8A2
S214008460583084F864306062A266E879AA6800EB47
S214008470400102EB810704F10C0CC7F804C04FF072
S214008480060C2C4F42F82170C118C9B201EB41010D
S21400849042F821C002EB810700217960264F84F85C
S2140084A080302767254F84F89830A767244F254BE0
S2140084B0E767254F84F8746084F88C60C4F89C30B5
S2140084C004F16C06831CC4F88470C4F890601F4FD7
S2140084D01F4EDBB203EB4303C4F89460C4F8887005
S2140084E002EB83067034746008261A4C42F8234068
S2140084F0C31CDBB203EB430302EB8304043042F8F5
S21400850023606160E871F8BDB4380020191D0300CF
S214008510631D03007182000001FF300104FF20018B
S2140085201000300102FF200105FF300100FF30017E
S21400853003FF2101070001084A0021005E660400CF
S21400854051001000606604006166040055002100BA
S2140085506F0018001200010410B508B1072811D1E9
S214008560094C236873B1094A136029F093F8022274
S214008570074B21681860074B07481A70BDE8104083
S21400858013F02ABA10BD00BFE8380020E0380020FB
S214008590DC3800209062002071CE030010B5084C35
S2140085A0206860B129F076F8064B22681B68C01A6E
S2140085B04FF47A73B0FBF3F0034B1344184410BD2A
S2140085C0E0380020DC38002080436D384FF0F1732F
S2140085D030B503600423114A037103778260104BA1
S2140085E0104A0362C260104B0122436202230274E7
S2140085F00E4A80F8283042610D4B0E4AC3628261F3
S214008600CA798C6802EB420304EB830568600A486B
S21400861044F82300531CCB7130BD00BFE83800205F
S214008620E438002001001800FDFF210090620020C1
S21400863062660400070023010A00010401292DE9EF
S214008640F0470546894616461F460AD14AB1002B12
S2140086503ED0324B324A1C7810460023D9B28C42A8
S21400866002D84FF000080CE092F8381069B3A9421F
S2140086702BD13C22317802FB030028F013FF4FF089
S214008680010800F021F990B9FEF7D0FF044670B952
S21400869029F000F8234A244912F8013B9D4219D1DB
S2140086A051F82430984215D2002341F82430B8F10E
S2140086B0000F31D11D4B1C6874B33B463246494609
S2140086C02846A446BDE8F047604701333C32C5E77C
S2140086D09846D6E70134042CDED1154B00241978D1
S2140086E0144B9A46E2B29142E1D993F8602082B1E7
S2140086F0AA420ED1642505FB04A2D36C0BB1D06D43
S214008700984705FB04A56B6D33B1E86DBDE8F047EF
S214008710184701346433E5E7BDE8F08718620020A7
S2140087202C24002091620020EC380020FC38002029
S2140087306F620020942600202DE9F341003918BF0F
S214008740012104468DF8071028F0A4FF0022144DDE
S214008750144980461346AE460E4615F8017B5FFA6E
S21400876082FCBC4219D051F8047B56F82300013233
S214008770874238BF6346042AEFD108F52F7046F8C3
S21400878023000EF803400123204619460DF1070288
S21400879000F036F902B0BDE8F0816346EDE700BFB1
S2140087A091620020EC38002010B5124B124A1C785B
S2140087B000231846D9B28C420BD8104B104A1C78AE
S2140087C00023D9B28C420CD80E4B1B781844C0B28A
S2140087D010BD92F8381009B10130C0B201333C32F6
S2140087E0E8E792F8601009B10130C0B20133643294
S2140087F0E7E700BF186200202C2400206F620020EC
S214008800942600201962002070B50024094E0A4DF7
S2140088103378E0B2834200D870BDC0EBC0002918A0
S214008820C21C8B78285C49782A4400F0E9F80134A9
S214008830EEE700BF196200201A62002008B5FFF7B5
S214008840B3FF58B1064B074A1A6000F009F9064B09
S21400885018600648BDE8084000F0FCB808BD00BF38
S214008860CC15002039870000FC3800203D8600002B
S21400887038B505460A4C10B10023237038BD23785E
S2140088800133DBB2022B2370F8D9064813F0A4F8A4
S214008890257028F007FFBDE83840034828F001BFE0
S2140088A0D662002092CE0300083900204FF6EF7300
S2140088B0044A108898428EBF0023431C9BB2138044
S2140088C0704700BF245D0020014B1878704700BF3A
S2140088D0D56200202DE9F04188B080460F46164646
S2140088E0002115220DF109001D4614F087F94FF6F8
S2140088F0EF72114B31461C8803A89442ADF8044031
S2140089008EBF00240134A4B21C8004232A468DF8AE
S21400891006308DF807808DF80870ADF80A5014F010
S214008920FDFA109BBDF83C200E9901A829F061FACB
S21400893008B0BDE8F08100BF245D002038B50446CD
S21400894018B10FC8054D85E80F00204628F0A9FE8F
S2140089500122034B00201A7038BD00BF08390020E2
S214008960D762002070B51C46244B0D461B78114676
S2140089708CB0002B3FD0202C3DD84AF65523ADF8BE
S214008980003002238DF804508DF802302B0A0025A3
S21400899022468DF8050002A88DF803308DF80740B2
S2140089A08DF8065014F0BAFA04F1080004F1090133
S2140089B02B466C462A4686B289B214F8015B013211
S2140089C092B22B449642DBB2F7D800F130020DEBA0
S2140089D0020000F8303C0022684628F066FE044696
S2140089E0B0FA80F04009FFF743FF201E18BF0120B1
S2140089F040420CB070BD4FF0FF30FAE7D76200205F
S214008A0010B5134C96B02478F4B10024ADF8164097
S214008A100DF1160402944024019406AC0094FFF76E
S214008A2059FF78B90246BDF81610204628F03DFEDC
S214008A300446B0FA80F04009FFF71AFF201E18BF60
S214008A400120404216B010BD4FF0FF30FAE700BFDD
S214008A50D7620020014B1860704700BF0439002021
S214008A60014B1868704700BF04390020014B18609E
S214008A70704700BF003900202DE9F0433E4B89B017
S214008A801B78002B75D03D4E3D4C33883F2B02D8CB
S214008A9028F009FED8B93A4F07F101083488012CAE
S214008AA067D93B78552B27D17B78AA2B24D1072C66
S214008AB05FD9FD886DBA0935ADB2402D24D931494C
S214008AC0023C2246881E14F0EBF83480E6E70023CA
S214008AD0308801AAC0F1400189B22044ADF80430C4
S214008AE028F0E7FD0028D6D1BDF804303288002BE8
S214008AF0D1D013443380C8E7621E92B24146204864
S214008B00328014F0CDF8C9E7AC4232D3294601AA28
S214008B10384629F0CCF98146641B22463846791936
S214008B2014F0BEF83480B9F1000FB7D19DF80600F6
S214008B30431F012B12D8431F58425841124B134C67
S214008B401D6820703DB1BDF80A309DF808109DF8EC
S214008B50070003AAA847002323709FE70C4B1C6856
S214008B60002C9BD0BDF80A30BDF8041003AAA0471D
S214008B7094E709B0BDE8F083D7620020225D0020AC
S214008B80956200209762002004390020D5620020FC
S214008B900039002000239B6AB3F5804F03D2196882
S214008BA0064A914203D00023037083607047012277
S214008BB002709A689B694260F7E700BF07B0CD5E17
S214008BC0024B034A1A602AF0E2BD00BF00000020F4
S214008BD002020FF073B53F4B04461A781AB1022210
S214008BE01A7002B070BDCDE900220028F9D0012627
S214008BF01E7033F059F9384D384B186017F0CEFC1C
S214008C002B785BB902F0F2F940B935480823354AAB
S214008C103549006801F038FE00B92E70334B5A68AB
S214008C20E260334A9A601A6E22605A6E6260D3F827
S214008C307021A2601B6E5C042CD52E4AD368D80720
S214008C40FCD42D4B1A68531C29D04FF48013934044
S214008C502A4A13660423294C4FF0804223664FF4B9
S214008C6080632366102323664FF40053684623660A
S214008C7001A92266636629F07EF9009B2366019BA4
S214008C8063662B78002BACD0164B1A6822665B689E
S214008C906366A6E71A4AD368D907FCD4D1E7194B0E
S214008CA01B78002BD6D1184B5A68144B12B94FF4C8
S214008CB080121A66154A526812B94FF400121A66E4
S214008CC0134B5B68002BC5D14FF480020B4B1A6622
S214008CD0C0E700BFD9620020DA62002028390020F1
S214008CE0CC6D00202C390020007108000080004464
S214008CF055CEAC0000000440986D00200090004463
S214008D0000000450D86200200080055000C00550C6
S214008D100000065038B5224D04462B78012B02D0B1
S214008D2001232B7038BD0028FCD029F049F901300A
S214008D3009D029F045F940F20113984203D0194AA8
S214008D40D368DB07FCD42268174B1A6662685A663B
S214008D50A268C3F87021E268D40744BF00229A6074
S214008D60124B1A68013213D1114A127882B911498E
S214008D704968C80748BF1A600F4A5268D10744BFFF
S214008D8001221A600D4A5268D20744BF02221A60B6
S214008D9017F00CFC0A4B186833F081F80023C0E784
S214008DA0D96200200000044000800044986D002036
S214008DB0D86200200080055000C005500000065014
S214008DC02839002070B50024A36AB3F5804F23D25B
S214008DD01A68134B9A421FD1124E337813F0FD05D2
S214008DE018D14FF480341048FFF7F4FE032004F047
S214008DF04FFC0E4B0320DC6004F02EFC0C4B1C6179
S214008E00AB6ADB69984704460748FFF783FF0CB94F
S214008E1001233370204670BD4FF48174FAE700BF1B
S214008E2007B0CD5ED86200201839002000A00044AC
S214008E300090004413B5204B1B7803B9FEE70023CF
S214008E401E4CCDE900336A4608231D49206801F010
S214008E501BFDF8B91B4AD2F84031D2F840211F2B2F
S214008E604FF0010311D9203A9340019A1A43019218
S214008E7008236A461249206801F08EFE124B134AF8
S214008E801A602AF084FC02B010BD9340009A1A4380
S214008E900092EDE72D28F1D10A4AD2F84031D2F8F7
S214008EA040211F2B4FF0010385BF203A934093408B
S214008EB0019398BF0093DBE7D9620020CC6D0020B9
S214008EC00071080000800044000000200B020FF034
S214008ED038B50025AB6A0446B3F5804F10D21B6B3D
S214008EE0B3F5804F0CD20748FFF774FEAB6A2046F6
S214008EF01B6B5B689847BDE838400248FFF70ABF1F
S214008F0038BD00BF3439002013B50024A36A019091
S214008F10B3F5804F13D21B6BB3F5804F0FD20948C1
S214008F20FFF758FEA36A01211B6B01A89B699847AF
S214008F3004460448FFF7EEFE204602B010BD4FF48C
S214008F408174F9E73439002070B50026B36A044608
S214008F50B3F5804F0D4612D21B6BB3F5804F0ED281
S214008F600848FFF737FEB36A20461B6B29469B6905
S214008F70984704460348FFF7CDFE204670BD4FF4E1
S214008F808174FAE73439002070B50026B36A0446C7
S214008F90B3F5804F0D4612D21B6BB3F5804F0ED241
S214008FA00848FFF717FEB36A20461B6B2946DB69A5
S214008FB0984704460348FFF7ADFE204670BD4FF4C1
S214008FC08174FAE734390020F8B50027BB6A0446F6
S214008FD0B3F5804F0D46164611D21B6B7BB1094880
S214008FE0FFF7F8FDBB6A20461B6B324629465B6AD4
S214008FF0984704460348FFF78DFE2046F8BD4FF419
S2140090000174FAE73439002070B50026B36A0446C6
S214009010B3F5804F0D4612D21B6BB3F5804F0ED2C0
S2140090200848FFF7D7FDB36A20461B6B29469B6AA4
S214009030984704460348FFF76DFE204670BD4FF480
S2140090400174FAE734390020F0B50027BB6A0446FD
S214009050B3F5804F0D461646ADF5337D20D21B6B1B
S214009060B3F5804F1CD21048FFF7B4FDBB6A20460C
S2140090701B6B40F2C1225B6A01A99847044630B1D7
S2140090800948FFF747FE20460DF5337DF0BD836A9D
S21400909032461B6B2946DB6A01A898470446EFE771
S2140090A04FF40174EFE700BF3439002010B50024F8
S2140090B0A36AB3F5804F10D21B6BB3F5804F0CD26A
S2140090C00748FFF787FDA36A1B6B1B6B9847044690
S2140090D00348FFF71FFE204610BD0124FBE700BF34
S2140090E034390020F0B58FB0044601A80E46154668
S2140090F0FFF7EEFE9DF80C30012B12D1B5F5402F90
S21400910027D8B4F5402F24D86319B3F5402F20D8BC
S21400911021462A46304613F001FF002420460FB0B1
S214009120F0BD0027BB6AB3F5804F15D21B6BB3F5B5
S214009130804F11D20A48FFF74DFDBB6A2A461B6BCB
S214009140314620465B6B984704460548FFF7E2FD2C
S214009150E4E740F20244E1E740F20114DEE700BF34
S21400916034390020F0B58FB0044601A80E461546E7
S214009170FFF7AEFE9DF80C30012B1FD1B5F5402F42
S21400918006D8B4F5402F03D86319B3F5402F13D98A
S21400919040F2024420460FB0F0BDE258013225D11D
S2140091A004339D42F9D82A463146204628F038FF37
S2140091B00028EDD00024EDE70023F2E70027BB6A85
S2140091C0B3F5804F15D21B6BB3F5804F11D20A480A
S2140091D0FFF700FDBB6A2A461B6B314620469B6B99
S2140091E0984704460448FFF795FDD3E740F203444A
S2140091F0D0E740F20114CDE73439002070B58EB0C8
S214009200044601A80D46FFF763FE9DF80C30012BBF
S21400921022D144EA0503C3F30C03002B33D1B5F582
S214009220402F04D940F2024420460EB070BDB4F57B
S214009230402FF7D82544B5F5402FF3D8204604F53F
S214009240005428F0E6FEAC4202D00028F6D1E9E74A
S2140092500028E7D00024E7E70026B36AB3F5804F7E
S21400926014D21B6BB3F5804F10D20A48FFF7B2FC3E
S214009270B36A29461B6B2046DB6B984704460548B5
S214009280FFF748FDD0E740F20444CDE740F2011472
S214009290CAE700BF34390020BFF34F8F0549064B9D
S2140092A0CA6802F4E0621343CB60BFF34F8F00BF7F
S2140092B0FDE700BF00ED00E00400FA0570B5D0B190
S2140092C0C9B10E4E431E013913F8014F2046325DD8
S2140092D002F00302012A11F8012F08BF04F1200052
S2140092E0B55C05F00305012D08BF2032801A01D1B8
S2140092F0002CE9D170BD0120FCE700BF358E0400CC
S2140093000348044A0449121A921028F0D5BE00BF3A
S21400931034410000D0420000F469002008B5154B27
S21400932083F30A8800F030F8FFF7EAFF124B134980
S2140093308B4212D30020124B12498B4218D3FBF7F4
S214009340D1FC186850F82240586840F82240013294
S21400935098688242F5D30C33EAE70022F8E71C68E7
S21400936044F8220001325C68A242F8D30833E4E7EE
S2140093700022F8E708000020D4B20400E0B204009F
S214009380E0B20400E0B20400124B134A70B59A60D3
S214009390D3F88820114D42F47002C3F888206FF08D
S2140093A0010205F50054226641F2FF72626602224F
S2140093B0C3F8D020BFF34F8FBFF36F8F4FF4403604
S2140093C0032004F065F90320E66004F045F92E61F9
S2140093D070BD00BF00ED00E00040000000800044CB
S2140093E0014B1860704700BFA06D0020054B186049
S2140093F0054B1B6F03F00703032B01D130F0ACBE07
S214009400704700BFA86D0020008000502DE9F04195
S21400941004464FF001080C250D4E0CB9BDE8F0814E
S21400942094FAA4F0B0FA80F00F2808FA00F2C8BF49
S214009430103824EA0204CABF05FB006205FB00627E
S214009440B4325768002FE8D09168C0B2B847E4E756
S2140094504439002008B50C4832F0C4FD192004F049
S21400946009F928B1192004F013F9192004F0F4F8CA
S2140094701A2004F0FFF828B11A2004F009F91A207F
S21400948004F0EAF8002008BDC46804002DE9F041A5
S2140094900E461746054618B30F2923D80378DBB1C6
S2140094A0013BDBB2022B19D8104AD35C6A78D34052
S2140094B0DB0717D50E4BD3F81043ACB932F0F4FCEB
S2140094C080463A462846314602F042FE404632F092
S2140094D0E6FC2046BDE8F0817F23E7E70023E5E7CA
S2140094E02224F6E72124F4E70224F2E7B466040017
S2140094F000C0035010B5044610B30378E3B1013B37
S214009500DBB2022B1AD8104AD35C6278D340DB0752
S21400951018D532F0C9FC0122617823788A403021C0
S2140095204B4341F2100103F1A04303F570335A5048
S21400953032F0B5FC002010BD7F23E6E70023E4E709
S2140095402220F8E72120F6E7B466040010B50446AA
S21400955010B30378E3B1013BDBB2022B1AD8104AF2
S214009560D35C6278D340DB0718D532F09DFC01222D
S214009570617823788A4030214B4342F2100103F190
S214009580A04303F570335A5032F089FC002010BD1A
S2140095907F23E6E70023E4E72220F8E72120F6E72A
S2140095A0B466040038B50D46044618B311B3037804
S2140095B0E3B1013BDBB2022B1AD8104AD35C6278C7
S2140095C0D340DB0718D532F06FFC302223785343A4
S2140095D003F1A04303F570335B696278D34003F070
S2140095E001032B7032F05BFC002038BD7F23E6E7DA
S2140095F00023E4E72220F8E72120F6E7B46604001B
S2140096002DE9F0410D4616469846044600284FD0F0
S21400961000294DD00178002940D04B1EDBB2022B2A
S2140096203ED8254AD25C6378DA40D20701D4FF29B7
S21400963040D1022E01D9042E3CD132F035FC2378DD
S2140096400746FF2B05D032462046296802F0C6FDA5
S21400965028602B68013309D12378FF2B06D1174BDE
S2140096606078D3F8241429F002FB286029684B1C84
S21400967018D00C23124A03FB0122069BC2F8048072
S21400968093602378FF2B04D001230E4A8B40C2F848
S2140096902434384632F003FC002007E07F22C2E77D
S2140096A00022C0E7384632F0FAFB2D20BDE8F081F4
S2140096B02220FBE72120F9E7B466040000C003502F
S2140096C04439002000D0035008B502F037FD044BA3
S2140096D000F05530C3F82004BDE80840FFF796BEFA
S2140096E000E0035008B502F029FD044B00F0AA3054
S2140096F0C3F82004BDE80840FFF788BE00E003502A
S2140097002DE9F04F144605460E469B46C36B87B0C0
S21400971001225B6902A960689847EB6B01225B69CE
S21400972003A93046984702A829F0C5F8074648B16D
S2140097300023A37563754FF0FF33A360002007B0C6
S214009740BDE8F08F03A829F0C3F80123A375237E94
S21400975004EBC303DE611F846368B3420ED120604E
S21400976003A829F0D7F84FF0FF332075A360237DB8
S214009770043B022B26D80023A375DFE723681A1ABA
S21400978053425341A37503A829F0C4F8237D8342AE
S21400979018BFA77503A829F09FF8074602A829F066
S2140097A09BF8874218BF002303A818BFA37529F0AB
S2140097B09BF8074602A829F097F887421CBF0023AB
S2140097C0A375D4E703A829F087F880B1EB6B0222D3
S2140097D030465B6904A9984704A829F08CF803462C
S2140097E0207D032839D8DFE800F03838040903A8BC
S2140097F0F3E7CC22237E04EBC3031A8401F06EFC4D
S214009800109B187003A8277E29F05AF804EBC707A8
S21400981087F82200237E03A804EBC303B3F8209046
S21400982093F8227029F058F8804603A829F05CF8CF
S2140098308246B8F1000F15D0EB6B022230465B690A
S21400984004A9984704A829F01BF86075637D6BB9D6
S2140098500023A3754FF0000838E0227E04EBC20216
S2140098601384CBE703A828F0F6FFEEE794F81680FB
S214009870B8F1000FEED0B9F1000F09D1DFB1012326
S214009880E375637E002B4FD1012F42D1677614E03B
S2140098906B6C06EB0A015A4286EA010010421CBFB6
S2140098A00022A2755A1E0A409B1A9945D0D8A37D5D
S2140098B0002BE3D1CEE7E37D43B94FF000084B46DB
S2140098C052463146284628F041FDA060A27D12B1DE
S2140098D023694B4423611A49237E097899422AD981
S2140098E001332376BBF1000F27D032B3E37D23B3D9
S2140098F0B8F1000F21D1032F1FD0A1684B1C1CD03C
S214009900109B2246009328460123FFF7F9FEA07518
S21400991013E095F8343063B9EB6A0133CFD1032FE7
S214009920CDD10123A376C8E7012FCFD0032FC4D112
S214009930F7E79846C3E70023A375A07DFFE600BFC0
S214009940D86604002DE9F04F0E46984600238BB0EB
S21400995004464FF0FF31104617468DF8133001F0DD
S214009960A7FBB6F5801F20D2314605AA04F10800F1
S21400997028F0F3FE451C014603D1237CBBB92D20FD
S21400998010E0384601F094FB0122394620460DF1DE
S214009990130328F02DFD0028EFD09DF8133088F82B
S2140099A0003000200BB0BDE8F08FB01CE5D1E56AB2
S2140099B0691C36D12046616A28F00EFC0546B31CA9
S2140099C018BF0123DFF8CC900193636A626C0293A0
S2140099D0236805A902FB053AE36B05225B6950463E
S2140099E0984705A829F002F829F025F8504629F0EE
S2140099F02DF84FF0000B824601464B1C05D0636CD9
S214009A0081EA0A025B42134211D02946204628F01A
S214009A10E3FB029BAB422CD0BBF1000F2CD10546DA
S214009A20D3E72368ED1A636CB5FBF3F5C7E7484642
S214009A3001F03EFB0DF1130349462046019A28F03B
S214009A40D7FC034690B1B21C03D0D9F80020B2422E
S214009A500CD19DF8132003930D4B88F8002049463F
S214009A601A68384613F05AFA039B9B46D9F8081032
S214009A70C3E7BBF1000F82D0B6F5801F91D2314606
S214009A8098F800307A6804F1080001F03FFA88E799
S214009A90D4660400204100202DE9F3410446174611
S214009AA098460E46184D816AE36A8B4201D04B1CDD
S214009AB002D102B0BDE8F081284601F0F9FA012291
S214009AC0294620460DF1070328F092FC38B143469C
S214009AD0294620469DF80720B8470028E9D0A968FF
S214009AE04A1C04D16968204628F003FC0146012E72
S214009AF0DAD16B6881EA0302636C5B421A4218BFD4
S214009B004FF0FF31D0E700BFF44000202DE9F04FC2
S214009B104FF0FF334FF6FF720025044600F10806AB
S214009B20C0E909238BB0C3620562056330468846E8
S214009B3028F0E4FD204628F01FFB60BB2046414687
S214009B4028F09AFB204628F017FB60BB5E200BB07F
S214009B50BDE8F08F2368E26B606C576900FB053048
S214009B60052205A9B84705A828F040FF01280746A2
S214009B700CD12946204628F050FB012F024600D182
S214009B8001322946204628F016FB03E028F058FF4D
S214009B900028EED10135E3699D42DBD3204628F04C
S214009BA0EBFA0028CAD000254FF0FF394FF6FF73B6
S214009BB0CA46A846C4E90853E36998450AD3A5EB04
S214009BC00905012D2CD84FF6FF72636A93423CD1EB
S214009BD06720BCE72368E26B606C576900FB0830BF
S214009BE0052205A9B84705A828F000FF834605A862
S214009BF028F0D3FE0746584628F01DFF68B15745A3
S214009C0038BFC4F82480B94528BFB946BD4238BF1E
S214009C103D46BA46236A0133236208F10108CBE7C2
S214009C204FF6FF7300256362E3699D42CBD2676CF3
S214009C302068E36B052207FB05005B6905A99847CA
S214009C4005A828F0AAFE0135EEE7E26B676C2068EF
S214009C50694607FB030055690522A847684628F0B1
S214009C609CFE626A2368606C4B4D00FB023028F055
S214009C70EDFE4FF0FF33A062E3622A466FF001016B
S214009C80204605ABFFF75EFE002846D1AD682946A4
S214009C902046E56228F04CFA206320B92046E16AA7
S214009CA028F027FBE0622946204628F022FB0546DE
S214009CB0A36A9D4233D1204628F00DFA002780463D
S214009CC0B946E36999453CD3B84559D92046616AF7
S214009CD028F082FA0026054604F1400AB74212D858
S214009CE0626C2368694602FB0539E36B05225B69F3
S214009CF048469847684628F050FE5346024649466E
S214009D00E06B28F0A5FE2946204628F065FA0136C5
S214009D10B0450546E2D1642019E7A56AB7E72946AB
S214009D20204628F005FA236B29460344074623639A
S214009D30204628F0DEFA0546002FB9D1C4E90B0705
S214009D40B6E7636C2568052203FB0955E36B05A996
S214009D505B692846984705A828F048FE28F06BFE61
S214009D6058B1284628F072FE0146204628F0E0F951
S214009D70636C143B984208BF013709F10109A0E75C
S214009D80304628F0BBFC002320461946034AFFF75E
S214009D9083FE0020DBE600BF4C410020DF230300EB
S214009DA02DE9F041036B9046826B07689A4288BFA4
S214009DB08363426C436A90B002FB0377C36B0E4624
S214009DC0052201A95B6904463846984701A828F091
S214009DD00DFE01280146307057D0656CE26B236893
S214009DE0606AD2F814C005FB0030052206A9E047D9
S214009DF006A828F0FBFD01284FF0000523D0D4E983
S214009E000A3201219342CDE90B458DF834800E9538
S214009E108DF83C102AD11946204628F06AFA236BA2
S214009E20626C14339B1AE06223630C9B53B99DF853
S214009E303C303BB1626A616C2368E06B01FB023127
S214009E4028F08CFD0C9DE36B05225B6901A9384662
S214009E50984701A828F0CAFD30702846236BA26BED
S214009E609A4288BFA36310B0BDE8F081237C33B963
S214009E701C490BAA04F1080001F096F8D5E7204625
S214009E80194A0BABFFF708FECFE7237C23BB22461D
S214009E90164904F1080001F087F8616A204628F0A8
S214009EA0BCF9616A421C204628F085F9054620B9AF
S214009EB0236B626C1344143B23632046A16A28F08C
S214009EC018FA2368A062C01A636CB0FBF3F06062F5
S214009ED0204628F051FAB6E700232046044AFFF74A
S214009EE0DBFDDAE745A60000C1A5000079240300E3
S214009EF01524030073B50D46D11E4A421C461B7E30
S214009F004A419A4226D129682368994222D3636837
S214009F1099421FD8114E0DF107033246FFF712FD86
S214009F20C0B972686B689A4214D19DF80730DA1E81
S214009F3053425341227E93420CD1636901336361DD
S214009F40D4E90323934205D22968A26842F8231075
S214009F5001332361012002B070BD00BF4C410020D8
S214009F602DE9F04F9B4689B09DF848309046514AFF
S214009F700193136907465B450D46C0F09580D946A8
S214009F8053680093B9F1000F7BD0FB6B01225B692D
S214009F9005A90098984705A828F09AFC454B1B6829
S214009FA0984240F0848005A828F09EFC04280646C7
S214009FB015D105A828F09FFC009B04461E44019B73
S214009FC0002B3ED1804512D91C46A8EB0008384627
S214009FD0009928F08EF9A9EB04090090D2E7FB6BF4
S214009FE002225B69009806A9984706A8E2E7A0EB5C
S214009FF008045C4528BF5C46032C4644ABEB040BC8
S21400A0001DD9FB6B294630465B69A208984724F0A9
S21400A010030304F0030A1E441D44DDF80480BAF16D
S21400A020000FD4D0FB6B012206A930465B69984727
S21400A0305246284606A912F071FF5544C7E7A246C5
S21400A040EBE7824600F0030302932B1803930644C3
S21400A050039BA6EB0A00A3EB0A05029B9A4514D1C4
S21400A060BAF1000FB3D0FB6B012206A95B699847D3
S21400A0705246284606A913F00DF90028DDD04FF009
S21400A0803609484609B0BDE8F08FFB6B012206A9E9
S21400A0905B6998470422284606A913F0FBF80028B7
S21400A0A0EDD1AAF1040AD3E74FF06309E9E74FF0D0
S21400A0B06F09E6E7784100202DE9F0410F46164685
S21400A0C09846044688B060B390F83450FDB101213C
S21400A0D028F047F800210E9BCDE90511CDE902379F
S21400A0E09DF83C30CDF804808DF81C30237C049617
S21400A0F08BB90D4901AA04F1080000F055FFDDE90F
S21400A1000553E06B002E08BF1D4628F0C3F928460D
S21400A11008B0BDE8F0812046044A01ABFFF7BCFC5E
S21400A120EDE70546F3E700BF43240300F59E000075
S21400A1307FB590F84260044601920DF10B030A4683
S21400A1403046114928F0AEF9012E0546E36B17D1CB
S21400A15032465B6903A998479DF80B10039B019A4A
S21400A16059B19BB243EA0243012228460393E36BAC
S21400A17003A99B69984704B070BD62F30F03F3E729
S21400A18001229B6901A9F5E7784100202DE9F04FEF
S21400A19099B00E460D920A69416C0B931439D31D83
S21400A1A0B3FBF1F3013302EBC302036B04469342A5
S21400A1B0C0F001820023DFF804940893E36A48465F
S21400A1C01946059300F074FFD6E9033707930B9BF7
S21400A1D0022B4DD1CC2F40F0D7810D9B3BB13146A1
S21400A1E0204628F0B5F9656C1490012044E0012063
S21400A1F0079B656C1B68149300F0010000280CBFD9
S21400A20004230823782F0E9349D8059A6B1E134013
S21400A210ED1A3B1D9D423CD2002F3DD0082D3ED866
S21400A2200023042506934FF0040A336806990B981A
S21400A230C9F80030C9F8107028F070FB4FEA9A038E
S21400A2400F93059B89F814000393002309930C933E
S21400A25004930A93616C039B4A1E1A408B1A27B319
S21400A2605544AB4223D8236B5B1A134423632FE178
S21400A270782F656CB9D8F07D0D9B002BBCD0E36BB6
S21400A28001225B69706816A9984716A828F024FB77
S21400A290B4E700250695C6E704250697C3E701231D
S21400A2A000254FF0080A0693BFE75345DBD3A3EB20
S21400A2B00A029742039BB84628BF904697425344EB
S21400A2C028D90122D9F8101089F817208F4226D1F4
S21400A2D00399C9F80410049299F817200AB399F85C
S21400A2E018100398CA1C09EBC2025060049801318A
S21400A2F0A2F80880907289F81810B8F1000F07D0FD
S21400A3000B9A022A40F08180099A72B101220992C2
S21400A3109B46ABE0049A002A18BF0322DBE7022222
S21400A320D9E7039AC9F80420E7E70C9A4244032ABF
S21400A330EED9E26B1846956914A901220993A8473D
S21400A340099B05460028E1D03D2D40F01E8104F112
S21400A350080303932368059A606CA2EB030ABAFB12
S21400A360F0FA00FB0A3028F071FBE16A80462046CE
S21400A37027F0BFFFA26A824200F00F81626CD9F814
S21400A3800830511E0B40216B2768891A0B44236343
S21400A390089BE062DF1BB7FBF2F7BA4540F0FA8095
S21400A3A0059BB3EB080A12D0E36B4FEA9A024146CC
S21400A3B09B6998478346E36A059A5344E362236B96
S21400A3C003989B1A4344236328F098F9DA462368D7
S21400A3D0616CE06B01FB073128F0ADFA204627F0F0
S21400A3E0CBFE204627F0C8FF2063BAF1000F00F02E
S21400A3F0D4803269616CD31D1439B3FBF1F3013399
S21400A40002EBC3029042A5D2BFE00D9A002A77D194
S21400A410B8F1030F4FEA98026ED9E16B18468D69C2
S21400A42007991093A847109B0546C0B918F0030576
S21400A43015D0079A28F0030B02EB0B019B444FF054
S21400A440FF3215A815922A46109312F067FDE26BAC
S21400A4505846956915A90122A8470546109B9B46B4
S21400A460079A42440792002D40F08B80049B16A862
S21400A4700193069B009399F814204346316800F038
S21400A480CDFDE36B0F9A9B69039816A99847039A2C
S21400A490051E089B18BF134608934346524620469F
S21400A4A0039927F053FF236B08F10302A3EB0A037B
S21400A4B022F003029B1AC9F808002363002D7FF4DC
S21400A4C043AF0C9BA7EB080743440C93CDF80CB0A6
S21400A4D02046039927F00DFF00250390002F7FF4F8
S21400A4E0B9AE364A3168936804F10800E3625268F0
S21400A4F00B9B00F00BFD49E09B46454607999EE7FF
S21400A5009B4606F120021092F27D7068A2B10022EE
S21400A51096F818C00A99D5B2AC4511D9109D02F12B
S21400A520010E35F832508D4228D90E9806EBC2023D
S21400A5300144D069084403E00E9A0A990A4410447C
S21400A540E26B15A9556901221193A847159A0A9B33
S21400A5501392E26B043395695846012213A90A93B5
S21400A560A847119B054603EB0802A2EB0B02042A40
S21400A5707FF679AF28B90BF1040BC5E77246491B85
S21400A580C9E7CDF820B088E770252F46384619B0C1
S21400A590BDE8F08F4FF0000A19E73269616CD31DF1
S21400A5A01439B3FBF1F3013302EBC302236B93427E
S21400A5B0BFF404AEE9E71C27E8E700BF204100200F
S21400A5C0032A2DE9F34106460D4617461C4606D1DA
S21400A5D0237A012B23D0012002B0BDE8F081DFF8FA
S21400A5E06080096842460DF10703FFF7ABF960602B
S21400A5F00028EDD19DF80720237A032AE8D0D8F862
S21400A60004106A689142E3D1012B2969D4F80CC082
S21400A61007D172690CEB0103934202D92074207CA7
S21400A620DAE708316144E1603B46012229463046BC
S21400A630FFF7ACFD60600028CAD00020CCE700BF62
S21400A6404C4100202DE9F341089C032A1746266852
S21400A65006D1237A012B24D0012002B0BDE8F08178
S21400A660DFF89080304642460DF10703FFF76AF99F
S21400A67060600028EDD12568D8F80400A96AD5F8EE
S21400A68044C04840CCF100031840227AE1D1012AA8
S21400A69009D1E268D8F8103013447269934202D99F
S21400A6A02074207CD9E72868EB6A1B1A081AB3FBCB
S21400A6B0FCF3B0FBFCF083420BD1706CF36A421ED5
S21400A6C01340326B121A13442846336327F011FEE8
S21400A6D0E862D8F81020E36808321344E3600122E9
S21400A6E03B4604492068FFF751FD60600028B0D063
S21400A6F00020B2E74C4100202DE9F0410025604BD8
S21400A7000E46D3F8008004461D6018B92125284659
S21400A710BDE8F08190F8347007B30A6803689A427F
S21400A72040F0A3804A6843689A4240F09E808A6858
S21400A73083689A4240F09980CA68C3689A4240F09B
S21400A74094800A6943699A4240F08F808A69C36B95
S21400A7509A4240F08A804B698361D8E7682239467E
S21400A760856B12F04BFAD6E90212336804F1080042
S21400A77023607368A5636360336963617369A3616B
S21400A78027F0CEFFB36904F14000E3639B68984767
S21400A79020B9676C17B16368B3FBF7F794F84330DA
S21400A7A0E761002BB2D00023656C2366002D64D0D1
S21400A7B0002F62D02368B3FBF5F205FB1233002BA3
S21400A7C055D16668B6FBF5F305FB1363002B4ED137
S21400A7D0204627F09DFCA369043303449E4248D3D9
S21400A7E040F634726369CC3B934244D8B5F5805F3B
S21400A7F043D30321204627F0B4FCD4E90001E36BE1
S21400A8001B6898470546E36B0220DB689847CDB97E
S21400A81041462046FFF77AF96428054604D14146AA
S21400A8202046FFF773F90546666C5DB9236A204635
S21400A830143E5E4327F06CFCA369043303449E4237
S21400A84038BF5A25002D0CBF0123002384F834306E
S21400A85007D1D4E900010B4A13680133136027F0CF
S21400A860F9FFE06B27F016FE51E75D254FE7592507
S21400A8704DE75A254BE75F2549E75B2547E700BFCD
S21400A880B03A0020AC3A00202DE9FF410C461646AF
S21400A8901F46054680B390F834307BB3B1F5801F71
S21400A8A02ED2DFF86080012127F05BFC214642466D
S21400A8B028460DF10F03FFF745F8044670B99DF8DA
S21400A8C00F30012B11D1D8F81030BB4212D10246FE
S21400A8D0009031462846FFF743FB0446E86B27F016
S21400A8E0D9FD204604B0BDE8F081022B14BF2D240C
S21400A8F06024F3E76324F1E72124F2E71124F0E76C
S21400A9002924EEE7784100202DE9F04385B00C4677
S21400A91017461E460546DDF8308098B390F834306A
S21400A92093B3B1F5801F31D2DFF86490012127F090
S21400A93018FC21464A4628460DF10F03FFF702F899
S21400A940044688B99DF80F30012B14D1D9F8102091
S21400A95006EB08039A4213D3009043463246394624
S21400A9602846FFF7FDFA0446E86B27F093FD2046DD
S21400A97005B0BDE8F083022B14BF2D246024F3E756
S21400A9806324F1E72124F2E71124F0E72924EEE717
S21400A9907841002073B50C461646054630B390F84D
S21400A9A034302BB3B1F5801F24D2012127F0D9FB18
S21400A9B021462846104A0DF10703FEF7C3FF04465A
S21400A9C080B99DF80730032B0CD0022B0CD12846FB
S21400A9D0094927F0BDFD3060E86B27F05BFD204697
S21400A9E002B070BD2D24F7E76124F5E72124F6E7D1
S21400A9F01124F4E72924F2E7784100202DE9F341F9
S21400AA001E4600230C4617460546336050B390F8A2
S21400AA1034304BB3B1F5801F28D2DFF854800121C3
S21400AA2027F09FFB2146424628460DF10703FEF716
S21400AA3089FF0446A0B99DF80730032B10D0022BDF
S21400AA4003BF01233B600423D8F8103018BF3860DA
S21400AA503360E86B27F01EFD204602B0BDE8F081AB
S21400AA602D24F6E72124F7E71124F5E72924F3E758
S21400AA707841002073B50446056B27F049FB636EEA
S21400AA8003449D422CBF00230123854294BF00252A
S21400AA902D1A207C84F85030656584F85800A8B1DB
S21400AAA000230C4E1A4619462046009627F014FE40
S21400AAB0002305461A4619462046009627F015FE3E
S21400AAC0E3682844984294BF0020C01AE06502B0AC
S21400AAD070BD00BFFFFF0F002DE9F3471E46436918
S21400AAE00446B342884617469DF828904ED3002564
S21400AAF08DF80750204627F00BFBD4F830A082458F
S21400AB000AD2236AB5EB430F06D2002220460DF187
S21400AB100701FFF745F9B8B39DF80730012B05D1BB
S21400AB20002220460DF10701FFF73AF9B9F1030FAD
S21400AB3006D03146204627F0DBFA256B854227D320
S21400AB40144D4FF0FF31284600F0B2FA4B46294626
S21400AB5000222046C5E90376C5F80080FFF716FBFD
S21400AB60236E054663B12046FFF784FF94F8503005
S21400AB7013B994F858301BB1236E04F1500098476F
S21400AB80284602B0BDE8F0870135B3E76225F7E74F
S21400AB901C25F5E74C4100202DE9FF410F46904665
S21400ABA01E46054698B390F8343093B3B1F5801F2F
S21400ABB031D21A4C022127F0D4FA224639462846CA
S21400ABC00DF10F03FEF7BEFE024678B101234246A2
S21400ABD00093394633462846FFF77EFF0446E86B67
S21400ABE027F058FC204604B0BDE8F0819DF80F30F1
S21400ABF0012BEBD12169B142E8D10093414633469F
S21400AC002846FFF7ADF904460028DFD1E7E7212400
S21400AC10E8E71124E6E72924E4E700BF78410020AE
S21400AC202DE9F04790F8423086B0012B0546039197
S21400AC30A1EB020740F0AA80FF2F03D81E464FF074
S21400AC40640807E00226012B14BF4FF032084FF0CD
S21400AC506408013600244FF6FF79DFF844A195F822
S21400AC604230012B14BF322364239C4202D35FFA86
S21400AC7088F40DE005AB22465146284627F046FCF0
S21400AC8095F84230012B059B34D14B452DD1E4B2CB
S21400AC9095F84230012B14BF32226422121BB242B6
S21400ACA017D3012E39D10022012B05978DF81320DA
S21400ACB027D1082205A90DF1130027F0E3FE9DF821
S21400ACC01330059A42EA032221462846FFF730FA57
S21400ACD040B10223324900932846CC23096803AAD0
S21400ACE0FFF7FAFE06B0BDE8F087DBB203B9023420
S21400ACF00134B4E7591CCAD09BB2002BF8D10134FA
S21400AD00F6E7102205A90DF1130027F0BBFE9DF80B
S21400AD101330059A42EA0342D6E7039A012B0592BE
S21400AD2023D10823202205A90DF113008DF8133036
S21400AD3027F0A8FE9DF81320120221462846FFF7AA
S21400AD40F7F995F84230611C012BC9B21AD10028D8
S21400AD50BFD12846BDF81420FFF7EAF90028B8D17D
S21400AD600234BDF81620E1B2AFE71023202205A971
S21400AD700DF113008DF8133027F084FE9DF8132094
S21400AD801204DAE70028A4D1059A9EE7B7F5803FBB
S21400AD904FF00106BFF457AF4FF032085AE700BF36
S21400ADA07841002070B586B00E4605460392A0B3E3
S21400ADB090F834309BB3B1F5801F32D2022127F0D1
S21400ADC0D0F931462846184A0DF11703FEF7BAFDAA
S21400ADD0044618B99DF81730032B0ED102233146CE
S21400ADE000932846CC2303AAFFF776FE0446E86BBA
S21400ADF027F050FB204606B070BD022B0BD10A4947
S21400AE00284627F0A5FB039902468142EFD0284644
S21400AE10FFF706FFEAE76124E9E72124EAE71124C1
S21400AE20E8E72924E6E700BF78410020F7B50C469E
S21400AE301646054668B390F8343063B3B1F5801F04
S21400AE402BD2022127F08DF921462846144A0DF10F
S21400AE500703FEF777FDC0B99DF80730032B14D023
S21400AE60022B14D10E49284627F072FB471C0246D7
S21400AE7039462846FFF7D4FE044606B13760E86B2D
S21400AE8027F008FB204603B0F0BD2D24F7E7612429
S21400AE90F5E72124F6E71124F4E72924F2E700BFBA
S21400AEA07841002030B50C46054685B028B390F8AA
S21400AEB0343023B3B1F5801F23D2022127F051F995
S21400AEC00DF10F03214628460F4AFEF73BFD0346C9
S21400AED088B99DF80F20032A0DD003222146009240
S21400AEE002462846FFF7F8FD0446E86B27F0D2FA3C
S21400AEF0204605B030BD2D24F7E72124F8E71124BD
S21400AF00F6E72924F4E700BF784100202DE9F04356
S21400AF10466886B3056898464FF0000CA946AE46CC
S21400AF2055F83C400CF1010CC4F31307013401D072
S21400AF30B94217D0B4450EF1080EF1D12F460024C1
S21400AF4003E0B44207F1080712D055F83430013454
S21400AF500133F6D1C1F3130141EA0851C7E90012E3
S21400AF60BDE8F08341EA0851CEE90012BDE8F0835F
S21400AF70B8F1030F03D101230372BDE8F083002369
S21400AF8003E0B34209F10809F5D055F83340013320
S21400AF90C4F30754032CF4D1C1F3130343EA085354
S21400AFA0C9E90032BDE8F0832DE9F0410646406865
S21400AFB082B0B8B10F4690460024336853F8345038
S21400AFC003EBC403C5F30752C5F31301013506D0DE
S21400AFD05B683046CDF80080B84718B17068013419
S21400AFE08442EAD302B0BDE8F08100BF024B196884
S21400AFF0024B1868FFF780BBAC6D0020CC6D0020BC
S21400B00008B530F044FF014B186008BDA44100208D
S21400B010014B186830F036BFA441002073B50446D3
S21400B0202248012A00EAC1119DF8185023F07C40FE
S21400B03007D9961E012E28D9073303F07F0319433C
S21400B04008E09DF81C300A43DB0603F0C0531343A8
S21400B05043F060410023C4E900108DF80730B5B115
S21400B060202221460DF1070027F00CFD1A220DF1D3
S21400B0700700211D27F006FD082063689DF80720BD
S21400B08043EA8263636002B070BD1143E2E71B22AD
S21400B0900DF10700214627F0F5FC23689DF80720F0
S21400B0A0042043EAC2632360EDE700BF80FFFF078A
S21400B0B038B5094B0D461A680021044611F09EFD6E
S21400B0C000234FF0FF322383C4E900252361A260EA
S21400B0D0E382A37638BD00BFD46604000138C0B250
S21400B0E005289ABF014B185C01207047D9660400FA
S21400B0F02DE9F0410746154600240E46596888B0EB
S21400B100490A012922464FEA510104F10104F8D800
S21400B110DC78997824031B88C90201F4006104F4E2
S21400B12080540C43C3F30A035203234492B24FF0F5
S21400B13000089C18274B6FEA0444039325F07843D5
S21400B140ED4302A90DF107001B2202938DF807803C
S21400B15027F098FC9DF80720029B02A943EAC263E9
S21400B1600DF107001B2225F07845049302958DF813
S21400B170078027F087FC9DF80720029B6FEA14449F
S21400B18043EAC26305934FF0FF330794069307A97B
S21400B190BB69012206F110009847BB6905A9044661
S21400B1A0012206F108009847BB69404518BF0446CF
S21400B1B004A90122301D98470122404518BF0446C5
S21400B1C0BB69304603A99847404508BF204608B0EB
S21400B1D0BDE8F08101009AB238B5104B0546D3F8A9
S21400B1E000310C4603F00303022B0BD0032B0DD0CB
S21400B1F0012B0FD12EF0CAFF032305B1286004B13E
S21400B200236038BD2FF00CF80723F6E730F052FE27
S21400B2100623F2E701230020EFE700BF008000507E
S21400B22038B5134B0546D3F820010C4600F007004E
S21400B23004281AD8DFE800F003090D1115000123D1
S21400B24005B1286004B1236038BD2EF065FF0423E5
S21400B250F6E72EF09BFF0323F2E72EF09DFF052373
S21400B260EEE72EF08FFF0223EAE700231846E7E713
S21400B2700080005038B5104B0546D3F840310C46D8
S21400B28003F00303022B0BD0032B0DD0012B0FD1A1
S21400B29030F012FE082305B1286004B1236038BDE3
S21400B2A02EF0BEFF0723F6E730F009FE0923F2E78B
S21400B2B001230020EFE700BF0080005038B5104B98
S21400B2C00546D3F860310C4603F00303022B0BD07F
S21400B2D0032B0DD0012B0FD130F0EEFD082305B166
S21400B2E0286004B1236038BD2EF09AFF0723F6E7E6
S21400B2F030F0E5FD0923F2E701230020EFE700BF69
S21400B3000080005041F6713210B5104C104BA04230
S21400B31094BF00240124D969DA639A6801F4803165
S21400B32022F4401242EA04529A600A4A90420A4ABA
S21400B330D2F818028CBF40F0020020F00200C2F8DB
S21400B340180209B10022DA6310BD00BF005A62027B
S21400B3500000035080F0FA0200C007502E4B9842BF
S21400B3604AD022D82D4B984240D014D82C4B984225
S21400B37039D00AD82B4B984232D02B4B98422FD03C
S21400B3802A4B98422CD000207047294B9842FAD17D
S21400B390284B186F7047284B98422AD0274B984264
S21400B3A0F1D1244BD3F880007047254B98422BD020
S21400B3B009D8244B984223D0234B9842E3D11D4B07
S21400B3C0D3F88C007047214B984221D003F57403C4
S21400B3D003F510539842D6D1164BD3F89800704711
S21400B3E0144B986D7047134B586E7047114B586F3F
S21400B3F07047104B986F70470E4BD3F88400704719
S21400B4000C4BD3F8880070470A4BD3F8900070476F
S21400B410084BD3F8940070470048E8010024F40075
S21400B420C0CF6A0080841E0000093D0040420F0025
S21400B430405DC6000080E00FC0EA210180BA8C01A2
S21400B440007E560380D54302006CDC020090D003D9
S21400B45037B50C460021114B0191D3F880310546D3
S21400B46003F00303022B0ED0032B11D0012B03D1C4
S21400B47001A8FFF7D5FE0D210DB1019B2B6004B18D
S21400B480216003B030BD2EF087FE05210190F3E762
S21400B4902EF078FE02210190EEE700BF00800050FB
S21400B4A038B5104B0546D3F840320C4603F003037C
S21400B4B0022B0BD0032B0DD0012B0FD130F0FCFC50
S21400B4C0082305B1286004B1236038BD2EF0A8FE1D
S21400B4D00723F6E730F0F3FC0923F2E700231846CB
S21400B4E0EFE700BF0080005038B5144B0546D3F890
S21400B4F000020C4600F0070004281BD8DFE800F026
S21400B50003090D111500012305B1286004B123605D
S21400B51038BD30F0D1FC0823F6E72EF081FE072375
S21400B520F2E730F0CCFC0923EEE72EF015FE0C23F4
S21400B530800AE9E700231846E6E700BF00800050CF
S21400B54038B5144B0546D3F808020C4600F0070041
S21400B55004281BD8DFE800F003090D1115000123AD
S21400B56005B1286004B1236038BD30F0A5FC08237F
S21400B570F6E72EF055FE0723F2E730F0A0FC09238D
S21400B580EEE72EF0E9FD0C23800AE9E700231846D3
S21400B590E6E700BF00800050032814D005D8012835
S21400B5A005D0022809D0002005E00F28FBD1084B63
S21400B5B0186FC0F3013001307047054BD3F8900088
S21400B5C0C0F30460F7E7024B186FC0F38020F2E781
S21400B5D0008000501FB500230193252817D8DFE808
S21400B5E000F0131A1D272C363B51565B60656A78AF
S21400B5F0161A401616561A272C27361A5127783B45
S21400B6003B3B3B2727275B602EF08CFD0190019883
S21400B61005B05DF804FB2EF09FFDF7E72EF082FDE7
S21400B62002460220FFF7B8FFB2FBF0F20192EEE707
S21400B6302EF092FD02460320F4E72EF08DFD024622
S21400B6400320FFF7A9FFB2FBF0F25208EEE7002155
S21400B65001A8FFF7FDFEDAE7002101A8FFF7E0FDED
S21400B660D5E702934FF0E0231B695B0705D52EF064
S21400B67073FD0290029B0193C9E703A902A8FFF796
S21400B680F9FDF7E7002101A8FFF7F4FDBFE7002169
S21400B69001A8FFF713FEBAE7002101A8FFF724FF71
S21400B6A0B5E7002101A8FFF74BFFB0E7002101A88E
S21400B6B0FFF792FDABE7094BD3F8803003F00303A6
S21400B6C0022BA8D0032B01D000209FE72EF064FDAC
S21400B6D09CE7002101A8FFF7E3FE98E700800050F2
S21400B6E008B50120FFF776FFBDE808400349884209
S21400B6F094BF01210221032000F002B880F0FA0274
S21400B700032810B50C4627D004D8012804D00228F8
S21400B71017D010BD0F28FCD127F0D2F927F0D8F9A2
S21400B720124A013C136F23F4405343EA0433136771
S21400B7302EF012FD0021FFF7E5FDBDE81040FFF7F3
S21400B740CFBF0A4A4C1ED2F8903023F0F85343EA93
S21400B7500463C2F89030DCE7044A4C1E136F23F4EF
S21400B760806343EA84231367D3E700BF008000505A
S21400B7701FB500230193252821D8DFE800F0132009
S21400B7802020202A2F454A4F54595E71202034200D
S21400B790204A202020202A204520712F2F2F2F20BE
S21400B7A020204F54314B1B6F03F00703013B032B44
S21400B7B005D8DFE803F00C02080A04230193019879
S21400B7C005B05DF804FB0323F8E70623F6E702233B
S21400B7D0F4E7002001A9FFF73BFEF0E7002001A9EF
S21400B7E0FFF71EFDEBE702934FF0E0231B695B07B4
S21400B7F005D52EF0B1FC0B230393039BDEE703A9CC
S21400B80002A8FFF737FDF8E7002001A9FFF732FD91
S21400B810D5E7002001A9FFF751FDD0E7002001A9D8
S21400B820FFF762FECBE7002001A9FFF789FEC6E717
S21400B830002001A9FFF7D0FCC1E70C4BD3F88030FD
S21400B84003F00303022B03D0032B05D00023B5E738
S21400B8502EF082FC0B23B1E72EF09EFC0523ADE70D
S21400B860002001A9FFF71CFEA9E700BF00800050DA
S21400B87008B50320FFF790FE034B187027F020F959
S21400B880BDE8084027F024B9DB62002010B5044666
S21400B8902EF062FC0021FFF735FD1CB1BDE810401C
S21400B8A0FFF71EBF034B0320BDE810401978FFF7D3
S21400B8B027BF00BFDB62002038B50546FFF74EFD08
S21400B8C0204B04465A68012A04D11F494A609A69E7
S21400B8D09207FCD10020FFF74BFF042803D127F086
S21400B8E0EFF827F0F5F8194A24F0407395421FD078
S21400B8F0174A95421FD0174AD16811F0060FFBD1A0
S21400B9009068936091684B4013F4F81F16D1284650
S21400B910FDF766FD0020FFF72BFF042810D12EF060
S21400B9201BFC0021FFF7EEFCBDE83840FFF7D8BE51
S21400B93043F00073DFE743F08073DCE79060E9E7ED
S21400B94038BD00BF00C0015000E0015040420F006B
S21400B95080841E000000015070B504460020FFF7EA
S21400B96007FF03287CD045F60E030221414AC2F8A1
S21400B9708030414B9962012103F580539962936DA3
S21400B980D903FCD4D4E900131B0543EA0163E17B29
S21400B99094F823500B43217B43EA0143617B43EA3F
S21400B9A00133A17B43EA811313619169D4E904034F
S21400B9B01B0643EA806301F000410B43A17EE07E54
S21400B9C00B43217E43EA0143617E43EA01239361F0
S21400B9D0E169136A002923F00D0343EA010314BF4B
S21400B9E00121002143EA800343EAC103136294F86D
S21400B9F0203094F82200916A4FEA431331D194F82C
S21400BA00216021F0330143EA06130B4343F00103A0
S21400BA1093621A49174A936D31EA0303FBD1022158
S21400BA20154B9962936D5B00FCD41369A16823F4EF
S21400BA30700343EA015313614FF000420E4B9A61C4
S21400BA4018B9022203F580539A6215B901220C4BED
S21400BA509A6294F824301BB1064B0A4AC3F8802039
S21400BA6070BD21F0330129430B4343EA4003936240
S21400BA70EFE700BF00C0005000D0005003000140B8
S21400BA8000E00050F1A7FFFF014B93F9000070475C
S21400BA90DC620020014B1880704700BFC672002091
S21400BAA00C4A10B51369044643F0040313612EF0E4
S21400BAB0C3FE27F011F8084B084AC3F8202430BF0D
S21400BAC027F00BF802F066F91CB9BDE810402EF01E
S21400BAD043BB10BD00ED00E000E003500000FFFF98
S21400BAE0034A0179D36E23F030030B43D3667047C5
S21400BAF000400050F8B504460D461F4616464AB1AB
S21400BB0001238B403021184A01FB0022F7B141F295
S21400BB101001535004EB4403072D4FF00F014FEA7A
S21400BB20031316D8A80006FA00F281400F481844FE
S21400BB3026F0D6FF4EB9012330210B4AAB4001FB5D
S21400BB40042277B141F210015350F8BD42F21001C1
S21400BB50DFE7A5F10800800006FA00F281400448FD
S21400BB60E5E742F21001EFE700C0035004C00350BF
S21400BB700CC00350012200F5805310B55A60244BC8
S21400BB80244AC36043691340FCD18361C0F89830EF
S21400BB90436913F4401FFBD14369DA052CD4836F45
S21400BBA053BB43699B0529D4D0F8883033BB0121A9
S21400BBB0C26FD0F88C2000F50052516030218360AF
S21400BBC00361C36203620167C0F8801012498842AD
S21400BBD008D142F2600411498464016543658465B6
S21400BBE0016643660C49884202D10020102B08D11A
S21400BBF00B4B5362936210BD436FCDE7D0F8843091
S21400BC00CFE703F1280441F824000133EEE700BF34
S21400BC1012000200520001000040005A00C00280DC
S21400BC208F330F80084608B569B91820FFF7D2FC95
S21400BC30B0B10C4B984206D90B4B9B68C3F302730A
S21400BC400133B0FBF3F0094B00F5742000F23F20FF
S21400BC50B0FBF3F001387F2828BF7F20C0B208BDB4
S21400BC600120F0E7005A62020040005A40420F00EE
S21400BC700B4B10B5994228BF19460C461AB9182026
S21400BC80FFF7A8FC0246631E1344B3FBF4F0A3427E
S21400BC9028BF00F1FF30032828BF0320C0B210BD24
S21400BCA0005A620210B51048104C002B08BF04461C
S21400BCB08C4228BF0C461AB91820FFF78BFC0246A8
S21400BCC09DF8083040F2FF300133B2FBF3F2631EFA
S21400BCD01A44B2FBF4F3A24228BF03F1FF339842A2
S21400BCE028BF184610BD00BF80969800404B4C00F9
S21400BCF02DE9F04F2DED068BB64D0C46164629461F
S21400BD00002285B00746FFF7B3FF94F805800122AE
S21400BD10804538BF804607F500535A6020795FFAA1
S21400BD2088F850B91820FFF755FCA842014628BFEE
S21400BD30B0FBF8F13846FFF775FF4FF00009E378DF
S21400BD4022781B01524202F0020203F03003134332
S21400BD5062780004524202F004021343A27800F410
S21400BD60FE00524202F0080213434FEA087202F045
S21400BD70E04213431843E3882289B8603B61638935
S21400BD80DFF85CA243EA02433B62574502D1B9F1B1
S21400BD90020F08D1012307F580577B6005B0BDEC84
S21400BDA0068BBDE8F08F002235788B488B49B46847
S21400BDB0954218BF01462B468948CDF80080FFF70C
S21400BDC071FF07EB09118B6CA2B223F0405323F4EA
S21400BDD0EE2323F01F0305F003041C43737882420E
S21400BDE04FEA830303F01C0344EA0304B37838BF26
S21400BDF002461B03F07803F4E0432343040404F4F0
S21400BE00E024234334794FEA091C240704F0405405
S21400BE1023438B648C6C09F1050BC4F30234013C9C
S21400BE207049042C26D8DFE804F0252503101A00F4
S21400BE30D1F88041240C2DB3C2F309020AEB0B1390
S21400BE405A6009F1010910369FE7D1F88441002DA8
S21400BE50F2D1D1F88C11A4B20914490015E0D1F83A
S21400BE608441002DE8D1D1F88C11240C091401EB83
S21400BE7041010AE0D1F88041A4B2002DDCD1DFED0B
S21400BE805A7A06E0D1F88C11091407EE901AF8EEEB
S21400BE90E77A01210CF1B44C0CF5804C2304DCF855
S21400BEA0483024F4C045C3F3820C0CF1010C01FAAF
S21400BEB00CF107EE101A4FEA854548BF45F00045DD
S21400BEC013F01C0FB8EEC79AF6EE008A454B55D114
S21400BED0D3F88C110BB208EE103AB8EEC88A38EEDA
S21400BEE0278A9FED42AAF7EE049A00285DD10392B6
S21400BEF026F070FE07EE900AF8EE677A87EE8A7AEA
S21400BF00C9EE877A27EE888A039A9FED397AC7EEBC
S21400BF10097A9FED387A67EE877AB1EE007AB5F146
S21400BF20004F48EE077A0BD09FED337A06EE104AA4
S21400BF3077EE876ABAEEE86AF0EE477A56EE267A29
S21400BF40F5EEC07AF1EE10FACBBFF1EE677A78EE36
S21400BF50E78A77EEE87AFDEEE87AC8BFFDEEE77A84
S21400BF6017EE901AB1F5003F2ADB6FEA55456FEAE7
S21400BF7045451B484FEA0B1145505DE7D3F8901135
S21400BF8069EE286A09B207EE101AB8EEC77AD3F837
S21400BF90881177EE677A0BB208EE103A87EEA67A2B
S21400BFA0B8EEC88A38EE078A9BE7D6ED037AF8EE35
S21400BFB0677A87EE8A7AC9EE877A27EE888AA4E7B8
S21400BFC011F5003FAABFC1F3110145F400350D433A
S21400BFD0CFE700BF005A6202404B4C0080969800A4
S21400BFE00040005A0080E00F0000000000007A4485
S21400BFF000008043000020440000004941F67132F2
S21400C000034BDA63012203F50053DA60704700BF82
S21400C0100000035041F671320121044BDA6303F548
S21400C0200052D1600022DA63704700BF0000035060
S21400C030044B1868421C02BF034AD2F894001860EA
S21400C040704700BFD06D002000400050CB784A7883
S21400C05010B55B010C7843EA82030A79234343EA6E
S21400C06002130C22424302F1B0421363012C02BFBA
S21400C0708A78024B43F8202010BD00BFD0800350C2
S21400C08008B54FF0B0435A6802B960B15B680BB1AF
S21400C09026F0C8FD4FF0B04130B10120074B586084
S21400C0A026F0C0FDC86008BD26F0BCFD0223CB60AC
S21400C0B026F0B8FD0122024B5A60F4E70010005843
S21400C0C0002000584FF0B0414B6810B50BB126F079
S21400C0D0A9FD01220B4BC4785A608378934043EA4B
S21400C0E0840344782343047943EA0413447943EAF7
S21400C0F0C4038B60044B5A600378C3F10203CB6021
S21400C10010BD00BF0020005800100058054B5B69AA
S21400C110C3F38512827003F03F021B0B427003705C
S21400C120704700BF00C007500120034B9B680A33CE
S21400C13003F01F03984070470080E00F034BD3F8CE
S21400C1402424D3F820041040704700BF00C00350DA
S21400C1502DE9F8431E4B0546D3F810334B1E0E2B25
S21400C1600E46174690F8009044781DD909B34FF054
S21400C17000082846D7B12FF0A5FE09EB4903072C87
S21400C1804FF00F014FEA031315D8A400114808FA20
S21400C19004F2A140184426F04DFDBEB928468FB1E2
S21400C1A0BDE8F8432FF08EBE8846E2E726F051FD44
S21400C1B0E3E78846E1E7083CA400074808FA04F2EB
S21400C1C0A140E7E7BDE8F84326F043BDBDE8F883A5
S21400C1D000C0035004C003500CC003502DE9F041CA
S21400C1E0204B1646D3F810234A1C05460C464078CA
S21400C1F004D1D3F8241426F03AFD0446002C2EDB96
S21400C200072C14DC03274FEA84082A7807FA08F775
S21400C2103946154802FA08F226F00CFD6A783946C7
S21400C22002F00302114802FA08F226F003FD012389
S21400C23016F0050F0E4A18BF0E4903FA04F30CBF9A
S21400C240C2F81034C1F8103416F0060F18BF094AA9
S21400C250C2F814340123064AA340C2F8203420460C
S21400C260BDE8F08100C0035000C4035008C403506A
S21400C27000E0035000D0035070B504462BF0D9F808
S21400C280064630B90FCC044D0FC594E80F0085E87C
S21400C2900F00304670BD00BFA841002047F6FF7370
S21400C2A09A42F0B570D0022970D8394B5B5C022BED
S21400C2B06CD8384DDE0005EBC304A77815F833308C
S21400C2C0012F394638BF0121012B16D1E078401ADC
S21400C2D00021884205D8012F2CBFC0190130C0B2FA
S21400C2E0F0BD431A6568A0EB530335F91350954229
S21400C2F0D4BF194603F1FF30EBE760680028EFD0A3
S21400C300B0F90040944204DBB0F902409442B8BF52
S21400C310144683883544FF2B19BFC8232827B0F955
S21400C3200630B0F90870A3EB04030CBF012200220C
S21400C33093FBF7F36E7813441BB29E4201DD002B8D
S21400C34001DA731E1BB24FF47A7C00EBC305EA8851
S21400C350AD685F1C14FB02521D4622EAE2723BB235
S21400C3605C329E42B2FBFCF204DD00EBC307BF88E2
S21400C3709742EAD200EBC5039888904228BF104641
S21400C380884238BF0846AAE7FF20A9E70020A7E7AB
S21400C390DF660400A84100200229F0B560D8314BC2
S21400C3A0595C02295CD8304B13F83100012816D1AD
S21400C3B003EBC1039C78D878012C214638BF0121B5
S21400C3C0904294BFC1EB0001C1EB0201001BCAB250
S21400C3D08242C8BF00225B6833F91200F0BD002A13
S21400C3E03CD003EBC1035968002939D098789042B5
S21400C3F002D3B1F90200F1E7DC78B1F9000094420B
S21400C400ECD95C788B88013CA3F1FF06734201F1FE
S21400C4100405E4B2734101F10C07DEB2B44216D84B
S21400C42005EBC3034FF47A756A43B3F902405B68C1
S21400C430D21A04EBD47302EB630292FBF4F290423E
S21400C440CCDBB1F902009042C8DC10B2C6E737F880
S21400C45033C05E1C9445E3D33346DEE70348BDE7AE
S21400C4600348BBE7DF660400A84100200CFEFFFF80
S21400C4700080FFFF08B50448FFF7FEFEBDE8084051
S21400C48001202AF0DCBF00BFE46604007FB514225A
S21400C490002101A810F0B2FB044B01A94FF0FF30B9
S21400C4A002932BF012F807B05DF804FB006A180040
S21400C4B02DE9F0418CB08846DDE912761D4604462B
S21400C4C0002847D0002945D0002F43D0002E41D069
S21400C4D013F00F033ED120482049A360002A08BF6E
S21400C4E001462362C4E90013404609A926F051FC20
S21400C4F068BB204609992FF040FD294620462FF0BC
S21400C5003CFD6946404626F0D3FC00BB6946204603
S21400C51026F0FEFC404603A926F0D5FCB8B9204616
S21400C52003A926F0F5FC06970127204645F000559E
S21400C53006A90797089526F0EBFC204609A9099658
S21400C5400A970B952FF03FFD20462FF0F9FC0CB014
S21400C550BDE8F0812120FAE7000100040001010493
S21400C5602DE9F04F97B0894690461F460546DDF800
S21400C57080A0002800F0BB80002900F0B8803AB107
S21400C580229B002B00F0B380239B002B00F0AF8093
S21400C590BAF1000F00F0AB80219B002B00F0A780C3
S21400C5A067B13C680026229B43440293464507D366
S21400C5B007B13C60002017B0BDE8F08F3C46F1E7BD
S21400C5C05CB1229B219A9B5D125D01345340239AF5
S21400C5D004F00F0493550136E8E7A8EB060BBBF111
S21400C5E00F0F58D9434B4846C5E90034AC602C625F
S21400C5F013A926F0CEFB0028DDD1284613992BF090
S21400C6000F0B2FF0BAFC594628462FF0B6FC4846CA
S21400C61004A926F04DFC0028CDD1284604A926F012
S21400C62077FC484607A926F04EFC0028C3D12846CA
S21400C63007A926F06DFC012322992F4ACDF828A0E1
S21400C6400B930C928A190D9228464BF000520AA9B9
S21400C6500E9303920F9226F05BFC28460DA926F057
S21400C66057FC239B039A9919012310911193129258
S21400C670214A284610A9CDF84CA0149315922FF005
S21400C680A2FC284613A92FF09EFC28462FF058FC43
S21400C6905E4400288FD1229B03EB060B239B1E448F
S21400C6A0029B9B4501D1464680E7ACB9219B2246BA
S21400C6B0CDE900A3494610232846FFF7F9FE0028D7
S21400C6C07FF479AF0AF1100212F8013D0133DBB2B4
S21400C6D013700BB95245F7D1219A1BF8013B125D36
S21400C6E00134534006F8013B04F00F04D8E721203C
S21400C6F061E700BF03030004100000207FB50E466C
S21400C7001D460446F0B102B9E3B901230192029333
S21400C71045F00053039300230B4AA360C4E90023AB
S21400C7202362204601A926F0F3FB314620462FF06F
S21400C73024FC204629462FF020FC20462FF000FC43
S21400C74004B070BD2120FBE700000943084B984267
S21400C75002D0084B984207D10B88B3F5105F14BF80
S21400C7606FF08500002070476FF08500704700BFAF
S21400C770004440040013C0041038102808D8064BA4
S21400C780C34013F0010F0CBF6FF086000020704707
S21400C7906FF08600704700BF010101002DE9F04FE1
S21400C7A0A7B008AFCDE90501DDE93295DDE9346AC9
S21400C7B000210792384610229846DDF8D8B010F0CF
S21400C7C01DFA102200210CA810F018FA069B2BB9AF
S21400C7D06FF08604204627B0BDE8F08F079B002B3D
S21400C7E0F6D0B9F1000F01D1002DF1D1309B13B96D
S21400C7F0319B002BECD116B9BAF1000FE8D1BBF192
S21400C800000FE5D040460599FFF7A0FF0446002834
S21400C810E0D1014628221CA810F0F0F9202221467B
S21400C82014A810F0EBF91CA82FF09DFB002840F090
S21400C830AF80DDE90612059814AB26F0B5FB04467A
S21400C8400028C7D11498FFF797FF04460028C1D1E7
S21400C85015B9CBF80000BDE7B14518D209EB0503C2
S21400C8609E4214D25545B3D82A464946304610F063
S21400C87017FA554B984526D006D3544B984524D0E6
S21400C88003F54073984520D06FF08504A2E74F4B20
S21400C89098451BD003F54073984517D04A4B9845EA
S21400C8A0F2D1554594D815F00F0291D12B46CDE91B
S21400C8B0009614A91CA8FFF7FBFD814600285CD152
S21400C8C0CBF8005086E7B146EDE7B14610220021CE
S21400C8D010A810F093F955453FF67AAF3C4B9845B3
S21400C8E0319B39D10D2B7FF473AF01238DF8403087
S21400C8F0309B0DF1410203F10C0153F8040B8B42FF
S21400C90042F8040BF9D11B78137001238DF84F30D1
S21400C91015F00F0842D025F00F034B440DF1300CF4
S21400C92003F1100E624618685968083303C273454F
S21400C9309446F7D10F2D33D825F00F0333440393D5
S21400C9400CABCDE9017310AB00934246002314A94B
S21400C9501CA8FFF705FEB0E7102B7FF439AF309B1D
S21400C96010AA03F1100E9446186859680833ACE80C
S21400C970030073456246F6D1CAE7524600213046A8
S21400C98010F03CF90023B9F1010FCBF8003002D0CB
S21400C9906FF092041EE76FF08B041BE70F2D8FD904
S21400C9A010ABCDE9029600930197002325F00F0205
S21400C9B014A91CA8FFF7D4FD81460028DDD1B8F1E4
S21400C9C0000F3FF47DAFB7E7004440040010C004FA
S21400C9D00013C0042DE9F04F8A46A1B00021DDE91E
S21400C9E02A56DDE92C790590934606A8102298462B
S21400C9F010F004F9102200210AA810F0FFF8BAF18E
S21400CA00000F05D16FF08604204621B0BDE8F08FF8
S21400CA10BBF1000FF6D00DB9002EF3D117B9B9F15E
S21400CA20000FEFD12E9B002BECD040460599FFF768
S21400CA308DFE04460028E7D10146282216A810F0ED
S21400CA40DDF8202221460EA810F0D8F816A82FF000
S21400CA508AFA002854D15A46514605980EAB26F05D
S21400CA60A3FA04460028CFD10E98FFF785FE0446A9
S21400CA700028C9D116B92E9B1860C5E7BD4216D24C
S21400CA80AB199F4213D24E45BCD83246294638468B
S21400CA9010F006F93A4B98455BD003F5407398457D
S21400CAA031D0384B984511D06FF08504ACE7344B45
S21400CAB098454FD003F54073984525D0314B98459F
S21400CAC0F2D14E4503D96FF089049DE73D46330702
S21400CAD098D133460122CDE900570EA916A8FFF7D4
S21400CAE0E7FC2E9B05461E6000288DD04A46002196
S21400CAF0384610F083F800232E9A012D13603BD0A1
S21400CB006FF0920480E73D460D3E4E45DBD801238C
S21400CB108DF828302B460DF1290205F10C0153F84B
S21400CB20040B8B4242F8040BF9D11B780D351370B9
S21400CB304FF48073ADF8363006AB01930AAB009322
S21400CB4032460023CDE902570EA916A8FFF708FDC6
S21400CB50C7E73D46103E4E45B5D82B460DF1280C8E
S21400CB6005F1100E624618685968083303C273450B
S21400CB709446F7D11035DFE76FF08B0444E700BF2B
S21400CB800010C0040044400410B54FF42F7200217A
S21400CB90044610F033F88023C4F88C30054B04F1BB
S21400CBA09C00C4F88430012384F88830BDE8104027
S21400CBB025F046BAC2CE030010B5D0F8A0400A460B
S21400CBC08CB926F007FC044610B90024204610BD98
S21400CBD02D2896BF064B074953F82010064A0748EB
S21400CBE026F03EFDF2E7D0F8A4101046A047ECE78A
S21400CBF0D0670400C5CE0300D2C90300F5CF0300FA
S21400CC00F8B590F88060044616B100263046F8BDA8
S21400CC1026F013FA0028F8D1012384F8803094F81F
S21400CC20883033B1D4F884101F4884F8886026F022
S21400CC3017FD4FF0FF37D4F8B402421C1FD0C4F8DB
S21400CC40B47210F0FF052CD0204626F0F3F92946E2
S21400CC50204600F0A7FB0028EDD0204626F0F8F985
S21400CC6094F888303BB1D4F884100F4826F0F8FCCE
S21400CC70002384F88830002384F88030C6E726F046
S21400CC80D4FC431CDDD1D4F88C30D4F89420013B7E
S21400CC909A4204DB054A0649064826F0E1FC0126CE
S21400CCA0E9E70126C7E700BF97E10300D2C9030002
S21400CCB0D3CE0300F5CF0300F8B50B780446302B2F
S21400CCC00D46164604D14B7803F0DF03582B11D0DF
S21400CCD0284F6A1E12F8011F002934D128460A225E
S21400CCE00FF07CFE202C03460D4631D1B1FA81F0C0
S21400CCF040091AE04A1C1F4912F8013F8BB9284622
S21400CD000FF078FE1C4B02382340032B12D101345F
S21400CD10A41084420AD1A87837288CBF00200120AE
S21400CD2003E0CB5C13F04400E6D1F8BDCCBF012095
S21400CD300020FAE7002CB8BF0334B0EBA40FD4BF32
S21400CD4001200020F1E77B5C13F00400C2D1ECE781
S21400CD5026B1084302D0013B61F100050122A24042
S21400CD60013A1A40002D08BF9A420CBF012000204D
S21400CD70DBE700BF358E040003000080F0B50378C3
S21400CD8001467B2B17D10646022400220B4F16F8CD
S21400CD90015F7D2D05D10B5D6BB9D24302F001001A
S21400CDA008E07B5D13F0440002D001320134EEE768
S21400CDB0202DFBD0F0BD0020FCE700BF358E040020
S21400CDC070B506460D460FF015FE0446304626F0B2
S21400CDD047FC044EAC4200D370BD304626F040FC03
S21400CDE00134F7E76FD803002DE9F84F0446022117
S21400CDF05148FFF7E5FF1E212068FFF7E1FF636853
S21400CE00586826F02DFC4D4826F02AFC67683B7BC8
S21400CE10FD2B12D8D7F808804FF0FF3640460FF0AB
S21400CE20E9FD0546DFF81091DFF870A1DFF84CB198
S21400CE300C3717F8013BFF2B01D1BDE8F88F212BEB
S21400CE4018D8212B36D8DFE803F0377274111B1D73
S21400CE501F213535353535353535232527292B2DF5
S21400CE602F3135353535353535353D33344C002D98
S21400CE702BD12EE0334C344AFE2B08BF1446F6E77F
S21400CE80324CF4E7324CF2E7324CF0E7324CEEE745
S21400CE90324CECE7324CEAE7324CE8E7324CE6E755
S21400CEA0324CE4E7324CE2E7324CE0E7324CDEE765
S21400CEB0324CDCE7234CDAE7314CD8E726F0C4FBEB
S21400CEC001362AE0002DB4D02E4C202B06F10106A8
S21400CED0AFD002214846FFF773FF1E214846FFF7F2
S21400CEE06FFF504626F0BCFB5946204610F0DCF893
S21400CEF02549002818BF2146244826F0B1FB3B7878
S21400CF00202B02D12B2026F09FFB214826F0A8FBE1
S21400CF104DB118F806301F2B05D018F806001F284C
S21400CF2001D0AE42CADB054826F09AFB81E7194CD1
S21400CF309DE7194C9BE700BF831B0400D2C9030082
S21400CF407DCF03008FCF0300B5EB0300DACF0300DD
S21400CF50E1CF0300D2CF0300CECF0300C5CF03003E
S21400CF60BBCF0300B1CF0300C6CF0300BCCF030086
S21400CF70B2CF0300A7CF0300A0CF030097CF0300D4
S21400CF807CCF030082CF03008DCF030097E1030020
S21400CF9006D30300D9CF0300E0CF03009DEC0300C7
S21400CFA02DE9F04F9BB005468B4600240092039374
S21400CFB00FF020FD249F039B04901C6028463C60D5
S21400CFC00AAA09A926F06EFB064658B90A980FF079
S21400CFD011FD3446B046039B1860D5F89C3002938A
S21400CFE0029B1BB920461BB0BDE8F08F029BD3F80E
S21400CFF00890B9F1000F6CD02E4416F8013B202B98
S21400D00011D000260C23734309EB030A59F80330AA
S21400D0100193002B58D0099B434555DB9AF808200E
S21400D0202AB1721C39E03B6801333B60E5E739689A
S21400D030D5F894200793039B521A1A601AAB03EB99
S21400D040880151F8403C0199184605930FF0ECFF13
S21400D05006900028E5D101980FF0CCFCDDE9062308
S21400D0600146DAF80400D7F800A090F80CC0BCF12E
S21400D070FE0F16D103F1FF3EC64512D0D0F8009041
S21400D080059801920FF0B6FC0AF1010A019A504485
S21400D0902B5C23B1386008F101081646B2E7013070
S21400D0A0F6E7D5F894200591A2EB0A028A4220DC26
S21400D0B058460FF09FFC059901447B290DD9584628
S21400D0C01F4A009924F0E3FF2B46049A2A44934211
S21400D0D02CD1029B1B68029382E7DDE900125846BA
S21400D0E024F0D5FF5846174A0099013424F0CFFFA4
S21400D0F097E7BCF1FE0F94D1013B434591D1D0F8A0
S21400D10000A0DFF840905AF80C2B22B9049B3B6035
S21400D110039B1A60D8E75846009924F0B8FF4A46A1
S21400D1205846009924F0B3FF0134ECE713F8011BCE
S21400D1300029CCD14FF0200103F8011CC7E700BF3F
S21400D140E7CF03006FD803002DE9F047002486B030
S21400D1501C60DDE90EA8064689468AF8004011687C
S21400D160154888F8004017461D468DF81740FCF70E
S21400D170A5F818B901242B6801332B600020D6F8D7
S21400D1809C6036B914B1012388F8003006B0BDE8BB
S21400D190F087B06868B14B460021CDE902A8CDE91A
S21400D1A000750DF1170226F0B4F89DF81730002B25
S21400D1B0E8D13668E5E700BFECCF03002DE9F0477D
S21400D1C00446ADF5447D8022002104A802AF0FF08E
S21400D1D015FD80222046009703AB04A9FFF7E0FE6A
S21400D1E001283DD104A80FF005FC03993B68461AB8
S21400D1F00B4426EAE6762344054604A83246014454
S21400D20018460FF08BFE00228255D4F89060039BE0
S21400D2103968D4F890201944B14212DCD4F894103E
S21400D220E81A0244C4F89020014404AAC4F89410F2
S21400D230D41825182B1B002B0DDC0DF5447DBDE8FE
S21400D240F087A05C26F000FAD4F89030013601335F
S21400D250C4F89030DBE714F8010B26F0F5F9E9E79F
S21400D260EBDD24AD8022002128460DF5887A0FF0EC
S21400D270C5FC0DF110094FF40072002150460FF066
S21400D280BDFC4FF001084A46002312F8016BA6B910
S21400D29004A84AF828300FF0ADFB294633469845D7
S21400D2A01CDB19F8016B0DF5887C5CF8042B8242B8
S21400D2B00CD101F8016B0133F1E7202E03F10103D5
S21400D2C004BF4AF8283008F10108DEE70DF1100E19
S21400D2D07244D25CB242E8D00022EA54D4F890609D
S21400D2E0039BB3422FDC23462C4A04A92C4826F085
S21400D2F0B7F928460FF07EFB0646039B3F68F61AF2
S21400D3001F4426EAE672E01917441D44E11904F1A9
S21400D310900399423CD904F19803984238D26A1E89
S21400D32081190B1A002B27DD12F8013F00F8013B8C
S21400D330D4F890300133C4F89030D4F894300133E8
S21400D340C4F89430EDE7D4F890300136E05C26F06F
S21400D3507BF9D4F890300133C4F89030C0E7D4F8A5
S21400D3609020013B0132C4F89020D4F8942001327A
S21400D370C4F89420002BF2DC00232E44E355731BE4
S21400D380002B7FF75AAF15F8010B26F05DF9F6E78C
S21400D39029460FF0C3FD3346ECE700BFC2CE0300BC
S21400D3A0F1CF03002DE9F843D0E9245604460F4692
S21400D3B0002294F89830012B07D10A2F07D10023BA
S21400D3C084F898300020BDE8F88300F29F801B2F79
S21400D3D001D10223F4E70D2F0DD1012384F89830F4
S21400D3E00D2026F031F90A2026F02EF90023012020
S21400D3F0C4E92433E7E74FF00008082F84F8988044
S21400D40034D1454530DDB5420FD1384626F01CF9FB
S21400D410202026F019F9013D384626F015F9013E80
S21400D42004F80580C4E92456CCE7FBDA05F1FF3999
S21400D430384626F009F904EB0903A6EB0902611940
S21400D44018460FF02DFC04F806800146013E4848B9
S21400D45026F006F935464D4501DC4D46E2E7082044
S21400D46026F0F2F8013DF6E7ACD0DBE77F2F1CD1C3
S21400D470002EA7DDB542A5DA6319691C21441846BB
S21400D480721B0FF00DFC04F806800146394826F0A2
S21400D490E7F80820013E26F0D7F8B542F9D1D4F8CF
S21400D4A09430013BC4F894308CE70A2F98D0092FAB
S21400D4B003D12046FFF782FE84E7D4F88C30013B88
S21400D4C0B3427FF77FAFB54204EB050805F10109CB
S21400D4D00CDB384688F80070D4F89430C4F8909086
S21400D4E00133C4F8943026F0AFF86BE74146721B60
S21400D4F004EB09000FF0D4FB404626F0B1F80820F4
S21400D500013E26F0A1F8B542F9DDE2E7022B06D18E
S21400D5105B2F01D1032353E784F8982049E7032BB8
S21400D5207FF450AF413F84F89820032F3FF64AAF70
S21400D530DFE807F002070A160121204626F035F834
S21400D54040E74FF0FF31F8E7B542BFF63BAF605D0E
S21400D55026F07AF8D4F890300133C4F8903031E7EA
S21400D560002D7FF72FAF013D0820C4F89050BAE792
S21400D570FACF0300F4D3030008B50248FEF79CF97F
S21400D580002008BD00B4C40430B58BB06C46174DFF
S21400D5900FCD0FC40FCD0FC495E8030084E8030039
S21400D5A0134BD3F84C2112031CD5A3F5FE431C885D
S21400D5B04FF6FF739C4208BF8C248DF81940FEF787
S21400D5C063FA204480F308008DF818000948FBF73A
S21400D5D00DFF6846FEF7C0F93220FEF75BFA002022
S21400D5E00BB030BDD3F85041E4B2E6E788680400DB
S21400D5F00080E00F00F049020028ACBF00F1604058
S21400D600064B4FEA0111C9B2ABBF00F5614000F00E
S21400D6100F0080F800131954704700BF14ED00E0A7
S21400D62008B52EF041FC0B4B1A7872B901221A701D
S21400D6302EF035FC6FF0040210460132052152B27E
S21400D640FFF7DAFF3D2AF7D108BDBDE808402EF007
S21400D65026BC00BFDD620020002807DB012341094D
S21400D660034A00F01F00834042F82130704700BF95
S21400D67000E100E0054B421153F8223000F01F0095
S21400D68023FA00F0C04300F00100704700E100E01C
S21400D690002808DB01224309034900F01F008240EE
S21400D6A0603341F82320704700E100E010B50446DF
S21400D6B02EF0EDFB024B1C602EF0E4FB002010BDAC
S21400D6C0D041002010B52EF0E2FB034B1C682EF074
S21400D6D0D9FB204610BD00BFD041002038B50C460F
S21400D6E01546014610B9FFF7EDFF01462B462246C8
S21400D6F003480EF093F90028D4BF3720002038BD29
S21400D700FB37030008B500F0E3FB18B16A210248B6
S21400D7102EF0BFFC002008BDFFCF030008B500F0C8
S21400D72049F80C4A536A43F470235362EFF30883B4
S21400D7304FF0CD31084A043B934208D200F070FA0D
S21400D740FFF7E0FFBDE808400448FEF795BD43F844
S21400D7500419F1E700ED00E008000020E46604008C
S21400D76007B5042200200DEB020129F026FE04284E
S21400D77003D0D72104482EF08CFC019800F0DCF989
S21400D78003B05DF804FB00BFFFCF0300082310B50D
S21400D7900C0A41400648C9B241F30002013B024070
S21400D7A013F0FF0382EA5101F6D184EA010010BDAE
S21400D7B02083B8ED38B5FEF73BFC044625F02CFA7E
S21400D7C0E3072AD401221046114600FA01F323404B
S21400D7D002F1010223D01D4B33F811301C48062BF2
S21400D7E0028844881B4920D14FF20F039C4219D16E
S21400D7F0B2F5406F28BF4FF4C0624CF23C330A804B
S21400D800438040F201730A889A4201BF124B134AC2
S21400D810D2E90001C3E9000115E00021DBE7102A88
S21400D820D2D1DBE74FF4C062E7E740F20725AB4210
S21400D8300AD14FF20F05AC4206D19A4204D14CF2FF
S21400D8403C320B80428038BD0B80DAE74C6A04001D
S21400D850F0690020265D0020D4410020E869002001
S21400D860014B1888704700BF265D0020014B1888C2
S21400D870000A7047265D0020044B05481B881A0ADC
S21400D880B3F5406F38BF00EB82007047265D00207E
S21400D8901C6A0400044B1888044B020A53F8223012
S21400D8A0C0B203EB80007047265D0020EC690400E0
S21400D8B010B504462EF0EFFA4FF20F02044B1C8010
S21400D8C05A80BFF35F8FBDE8104025F060BF00BFF1
S21400D8D0F06900206D4A2DE9F0416D4B55686D4C9E
S21400D8E05D65516A99656C49D1F80002D865D1F832
S21400D8F00412586B1966916A10F0040F5966D16AC3
S21400D9004FF000009966116BD966516B1967D26BA0
S21400D910D8645A67D3E90E1218BF11465F4A91427F
S21400D9201A655DD301F12000A04259D88869C5F375
S21400D93008051864CE69062D5E6455D1584DA84278
S21400D94052D3584DA8424FD205884DF642608542C4
S21400D9504AD11868C3F890005868C3F8940040F29B
S21400D9600170A242154604D22E680432B6F1CD3FAD
S21400D970F7D00022C3E91E22C3E92022C3E92222EF
S21400D980641BDFF81CC1434DDFF818E19C648D4230
S21400D9902DD8D3E91EC7D3E92065D3E922414FF03D
S21400D9A0000E013AD2B2FF2A3CD1BEF1000F05D0DC
S21400D9B0C3E91EC7C3E92065C3E92241B3F8543062
S21400D9C0C3F308030C2B3BD8022B54D9DA1E092AC2
S21400D9D051D8DFE802F03157404350505050504D78
S21400D9E00021C3E910112D494FF42060B9E755F81E
S21400D9F0044D6445CBD37445C9D2E607C7D5002687
S21400DA00294F57F8048FA045C1D00136062EF8D10D
S21400DA1032B1013AD2B202F11E0643F82640B6E70A
S21400DA200522F8E7E0464FF0010EBC4637462E4684
S21400DA3025460C464146B4E740F60120BDE8F08195
S21400DA403B2B18D1194B9B6913F0020F40F202537F
S21400DA5018BF1846F2E740F60320EFE740F6042228
S21400DA6040F20173B0F5206F0CBF10461846E5E78C
S21400DA7040F60520E2E740F60722013B4B2B98BF15
S21400DA801046DBE740F60220D8E700BF00ED00E0D6
S21400DA90586900200810002000E100E0080000207F
S21400DAA0D0420000A0C40300CC6900200080015AC8
S21400DAB000F00CB800F00AB800F008B800F006B89D
S21400DAC000F004B800F002B800F000B872B61EF01D
S21400DAD0080F09D01EF0040F0DD0DFF850E0AEE8B6
S21400DAE0FF1F6FF002000CE0DFF840E0AEE8FF1F1B
S21400DAF06FF00E0005E0DFF834E0AEE8FF1F6FF0D1
S21400DB0006006946EFF309828EE807008646084855
S21400DB10084C854501D3A54501D384F30888FFF753
S21400DB20D9FE84F30888FFF7C3FE0000586900207A
S21400DB3048000020081000204BF6EF6283B2002B4E
S21400DB4008BF1346044A000C13804FF6CE2308BFC6
S21400DB501846024B18807047CA720020C872002010
S21400DB600B4BB3F900201888002AB8BF80F062007B
S21400DB7042001A80074AB2F9001013880029BCBF79
S21400DB8083F4805383F00B0359001180584070478C
S21400DB90CA720020C872002007B5684600F01AF85E
S21400DBA0DDE900010022034B03B05DF804EB26F02C
S21400DBB0EAB800BFDC41002007B5009313460A46CA
S21400DBC00146034825F093FE03B05DF804FB00BF52
S21400DBD0DC4100200249034A0160521A4260704745
S21400DBE0907300200000012000487047DC410020B0
S21400DBF038B5416004462EF04AF9054621460448E9
S21400DC0024F021FA2846BDE838402EF03BB900BF84
S21400DC1004420020014824F013BA00BF044200204A
S21400DC200222014B1A6770470040005070B52EF074
S21400DC302EF9174E054617482EF0D4F93378CBB98F
S21400DC4000F046F9044620B128462EF01BF920467F
S21400DC5070BDFFF7DFFF2EF08FFA0F4B1C602CF025
S21400DC6067FF0E4B0E4A1860536F43F0010353676D
S21400DC7026F0A5F800F028F826F0B8F8094B00249E
S21400DC8018600123284633702EF0FCF8DFE700BF4B
S21400DC90E9620020C46804000842002030420020E8
S21400DCA0004000500C420020054B1B685843054BB3
S21400DCB000F5742000F23F20B0FBF3F0704700BF81
S21400DCC03042002040420F00294B2A4AD3F8003148
S21400DCD070B503F0030313602CF0C0FC4FF4C8705B
S21400DCE0FFF7E2FF0022244B24491860244C0B68FF
S21400DCF00132D2B20A2A44F8040BF9D1034400EBED
S21400DD00C00003440B601F4B1F4D1B7813B3184B0A
S21400DD10D3F8003103F00303022B22D0032B23D0C9
S21400DD20012B17D12CF032FA024698B1174B184E39
S21400DD30DC6800231946C4F30B04013404EB8404A6
S21400DD400138E4FB06010EF0EDFBFFF7ADFF2B6894
S21400DD5003442B601F20FFF7A7FF2B6803442B60AC
S21400DD6070BD2CF05DFADFE72EF0A4F8DCE700BF0C
S21400DD7000800050704200203442002038420020CC
S21400DD803C420020ED6200206842002000C00150A6
S21400DD9040420F000122154B10B55A67144B154C24
S21400DDA01B7813B302202EF0D8F9F0B12CF046FF02
S21400DDB0D8B1A36DD90302D5E36D9A0715D40D4BE0
S21400DDC09B6DDB0711D401220B4B1A702EF0B9F9AC
S21400DDD0BDE81040094B0A4A1860136F23F007038A
S21400DDE043F0030313672CF0B7B910BD00D0005002
S21400DDF0EE62002000C00050EB620020644200206B
S21400DE00008000500122014B1A707047EE6200201D
S21400DE1007B5FFF7C1FE01A8FEF778F99DF80530B3
S21400DE20012B25D1234B9A6DD20311D45A6B6FF375
S21400DE30162242F4BC1242F4A0625A631A6B22F411
S21400DE40704242F440421A631A6B42F4E0621A636C
S21400DE509DF8043063B94FF000531B68164B1B68DF
S21400DE60164B1B68164B1B68164B1B68164B1B681D
S21400DE70164AD2F8803043F00303C2F8803025F00B
S21400DE80BDFFFFF7CDFBFFF777FBFFF77DFB0DF040
S21400DE900FFEFFF7CBFE00F01BF825F0B0FFFFF7F4
S21400DEA03DFC25F0BBFF29F0B8F803B05DF804EBA5
S21400DEB025F0A6BF00C000500040002000800020D3
S21400DEC000C000200000012000400120008000501B
S21400DED070B52DF0E9FF144E05463478FCB9134BA7
S21400DEE01C60134B1C60134B1C6000F031F80120C3
S21400DEF02CF092FF2CF084FF0F4B0246186020B9DE
S21400DF0028462DF0CCFF232070BD234640F2E73193
S21400DF100A480EF007FB0A4B1860012333702846A8
S21400DF202DF0BDFF0020EFE7F162002080420020C8
S21400DF307C420020884200208442002018FCFFFF1C
S21400DF4078420020014B1868704700BF78420020D6
S21400DF501FB50024184B18689A880290D3F806005C
S21400DF609B7A00901548ADF80C208DF804302EF002
S21400DF7039F802A88DF808408DF80C40FEF7A2F894
S21400DF80694601208DF80040FEF760F81F220C4B12
S21400DF909A615A614FF0B042936A13F00803FBD1BE
S21400DFA013620120FEF76CF80A20FFF771FB0A20C7
S21400DFB0FFF752FB04B010BD756A0400BC6804008D
S21400DFC00020005810B52DF06FFF4FF0B043044608
S21400DFD05B691A07074A03F0010003F00D0348BF08
S21400DFE040F0020053612CF03FFE2046BDE8104092
S21400DFF02DF055BF0020005821282DE9F341054695
S21400E00004D82C46204602B0BDE8F08100240B4E12
S21400E0100B4FDFF830800023CDF800801A461946F3
S21400E020386824F059FB8442EBD2222CE9D056F80B
S21400E030043BAB42E6D00134EDE700BF946D04002C
S21400E040CC6D0020FFFF0F002DE9F04F644E654DAC
S21400E05089B025F02FFF31682868FCF74DFB044691
S21400E060002827D033680024D3E900019A69126893
S21400E0709047336804A89B699B68984733680220DA
S21400E0809B69DB689847326805985368E7B2B3FB2C
S21400E090F0F3BB42916904F101044ED8CB6800202E
S21400E0A0984733689B695B68984731682868FCF72F
S21400E0B023FB04460027DFF844A1DFF84481DFF89D
S21400E0C04491F4B9484B2868DB5D002B00F0838050
S21400E0D0D8F8006002AB314603AAFCF78FFC2D2867
S21400E0E007D070B9039B012B0BD031462868FCF78C
S21400E0F0D9FEDAF8003031461A682868FCF752FE76
S21400E10004460137222F0AF1040A08F1040809F12F
S21400E1100109D6D1B4FA84F3344A5B0913702B682C
S21400E1201B7C33B125F092FE18B1DB2130482DF070
S21400E130B0FF204609B0BDE8F08F12680B6907FBF8
S21400E140002098479FE7D8F8003003AA194402AB8E
S21400E1500191FCF753FC2D28034601992BD0286823
S21400E16013B30BF1010B5FFA8BF18E422868EAD8E5
S21400E170204BDB5D002BC4D0F3B27E2B2868C0D8C2
S21400E180D8F8003003AA06EB030B594602ABFCF79F
S21400E19035FC2D28B5D059462868FCF783FE013695
S21400E1A004460028E8D0ACE7039B7BB999F800202A
S21400E1B0029B9A42D5D099F80030DAF800202868F9
S21400E1C0FCF7EAFC0028CCD00446D1E70191FCF726
S21400E1D069FE0199EFE7084BA346DE5DC3E700BF83
S21400E1E0AC6D0020CC6D0020706D0400F362002042
S21400E1F086D003004E6D04000A6D0400806A040099
S21400E200946D04002C6D0400F8B51F46214B04469F
S21400E2101B780D46164623B100F47E23B3F50E2F69
S21400E2202BD02046FFF7E8FE2128044614D81A4BC8
S21400E23053F82010194B1B78ABB1194B212C1868DA
S21400E2401DD8184B1B5DD3B13268FCF7ABFD0446F6
S21400E25050B125F0FAFD07E0FF2807D93A463146C7
S21400E26080B225F006FB00242046F8BD4FF4A971C5
S21400E2700D482DF00EFF0021DCE70146DAE77F2D82
S21400E28008BF00253B46324651FA85F1FCF784FC70
S21400E290DDE700BFF2620020946D0400F362002008
S21400E2A0CC6D0020706D040086D0030030B5134698
S21400E2B000F07E62B2F17E6F8BB00DD10A46C0F3DD
S21400E2C00B016846FEF71AFA20B140F2931109488E
S21400E2D02DF0DFFE0BB030BD5A0825F0B9FD002842
S21400E2E0F8D04FF49C7103480BB0BDE830402DF0D9
S21400E2F0D0BE00BF17D103002DE9F743C707054678
S21400E3000E46144604D540F2E31149482DF0C1FEEE
S21400E310E10704D54FF4F27145482DF0BAFE454B9F
S21400E32093F80080B8F1000F20D043F260239D429E
S21400E33008D12246314640480EF0F0FD002003B0DA
S21400E340BDE8F083C5F30B0705F44055B5F5805FCF
S21400E35014BF4FF40F204FF40E20234632467F2181
S21400E360384303B0BDE8F043FFF74EBF05F47043F3
S21400E370B3F5805F3FD1C5F30B05304A05F17E65E6
S21400E380631E2B44934230D82F46DFF8A49007EB49
S21400E3900408474542D1AA070ED04FF6FF7336F859
S21400E3A0022BA81E43EA024304220DEB020101934E
S21400E3B0FFF77CFF0235023CA3070ED0023C24F098
S21400E3C00103F35A04226FEA03436FEA13430DEB8B
S21400E3D0020128190193FFF769FF002CAED02246F0
S21400E3E031462846FFF762FFA8E740F2FD111048C5
S21400E3F02DF04FFEC8E705F46043B3F5005F04D187
S21400E400C5F30B0505F53E25BEE740F20521084895
S21400E4102DF03FFE6FF00F074546B6E717F8013BB5
S21400E420FF2BB6D04FF4047148462DF032FEB0E70D
S21400E43017D10300F2620020CC720020FF03E00F29
S21400E44010B500F077F825F04FFD044618B100F03F
S21400E45079F8204610BD00F07BF804460028F6D177
S21400E4600122014B1A70F2E7F4620020054B1B787C
S21400E47033B1054BC0F3130100221868FCF7D6BC75
S21400E48011207047F4620020CC6D0020144B2DE95B
S21400E490F0411B7805460E461746FBB125F00BFDEE
S21400E4A0012805D9841EE4B2012C09D9212412E0E2
S21400E4B03B4631462846BDE8F041002200F052B8FF
S21400E4C000F038F83B4600223146284600F076F841
S21400E4D0044600F037F82046BDE8F0811124FAE73C
S21400E4E0F4620020124B70B51B7804460D461646A3
S21400E4F0E3B125F0E0FC012805D9831EDBB2012B31
S21400E50008D9212410E0324629462046BDE870404E
S21400E51000F040B800F00EF820463246294625F0B6
S21400E520E5FC044600F00EF8204670BD1124FBE71B
S21400E530F462002008B52DF0AAFC014B186008BD57
S21400E5408C420020014B18682DF09CBC8C420020A9
S21400E550024B1968024B1868FCF7CEB8AC6D002069
S21400E560CC6D002037B505460C46C0F313010848AD
S21400E570ED02006805D5224603B0BDE83040FCF742
S21400E58009BA009313462246FCF7BEF903B030BD25
S21400E590CC6D002030B405461346074A0C46C0F33F
S21400E5A013011068EA0203D5226830BCFCF7FABBF8
S21400E5B0224630BCFCF7F0BACC6D0020F7B5054615
S21400E5C00F4614461E461BB92125284603B0F0BD4B
S21400E5D00029F9D025F06FFC4BF23462ABB29342BF
S21400E5E020D14FF0FF3322466946CDE90033254857
S21400E5F03346FFF7E3FF08220546234968460EF038
S21400E60049FE38B933462246694641F2F010FFF714
S21400E610D5FF0546002DD8D13246694638460EF05D
S21400E6207DFCD2E741F2F01293420FD1174B31191D
S21400E63008299A6CDB6CC7D8CDE9002332460DEB6F
S21400E640040138460EF06AFC0025BEE702280BD10E
S21400E650C5F30C4332199342B6D3C5F30B0104F14C
S21400E6607E6432462144ECE7032809D1C5F30C4307
S21400E67032199342A8D3C5F30B0104F53E24F0E704
S21400E6800125A2E7021008C0206E04000080E00FFB
S21400E69010B527F08BFE28F022FFBDE81040034699
S21400E6A001210220014A02F00BBC00BFAED10300DC
S21400E6B013B5D0E9023253F822301C78204627F0F2
S21400E6C087FE2346009001210220024A02F0F8FB52
S21400E6D002B010BDC2D10300014B187827F060BA13
S21400E6E0F5620020FF232DE9F04F8FB011220021A4
S21400E6F008A88DF813300EF081FA08A826F010FC52
S21400E70001210220B04A08AB02F0DAFB41F24903CD
S21400E710AE4A0121022002F0D3FB06A826F02FFD08
S21400E72008A90DF1130026F035FD02200021A84AA5
S21400E73002F0C6FB002027F064FA10B106A809F024
S21400E74047FE9DF92A3001210220A24A00939DF837
S21400E7502B3002F0B5FB27F025FE831EDBB2FC2B28
S21400E760054631D8012102209B4A02F0A9FB01246C
S21400E7709A4E9B4FDFF8D082234632460021022075
S21400E78002F09EFB05A9E0B227F00EFE034650B14C
S21400E790A0F11602012A40F2AA8042460121022078
S21400E7A002F08EFB0CE09DF914303A4601939DF87A
S21400E7B016300121009302209DF8153002F080FBF0
S21400E7C00134E3B29D42D7D8BDF8284008F0ECF9F2
S21400E7D023460021834A0090022002F071FB0220AB
S21400E7E00021814A02F06CFB002027F00AFA10B1E3
S21400E7F008A809F0EDFD01217C4A022002F060FB2A
S21400E80027F02CFD044627F027FD23460121784AF1
S21400E8100090022002F054FB08F09EFE0021022029
S21400E820744A02F04DFB9DF81330FF2B65D0002193
S21400E8300220714A02F044FB01216C4A022002F0D9
S21400E8403FFB26F0ACFC012103466C4A022002F096
S21400E85037FB08F081F900210346694A022002F0DE
S21400E8602FFB26F0A2FC044626F0A1FC234601213D
S21400E870644A0090022002F023FB2DF017FC08F0FB
S21400E88013FF01210346604A022002F019FB00250F
S21400E890DFF8B88108F008FFECB2A04233D82DF0BC
S21400E8A005FC0123594A1946022002F009FB002004
S21400E8B027F076F9564B574C00930121002302208F
S21400E8C0554A02F0FDFA236863B1012102201B7845
S21400E8D0524A02F0F5FA2368012102205B78504A7A
S21400E8E002F0EEFA27F061F90FB0BDE8F08F0121D3
S21400E8F002204C4A02F0E4FA62E7002102204A4A6B
S21400E90002F0DEFA98E7494B204603EB0416D6F8E9
S21400E910089008F083FF8246204608F0CBFE444F5E
S21400E92000280CBFC346BB46204608F077FF0AF017
S21400E93031FD002808BF4746534600210220CDE996
S21400E94000B73C4A02F0BCFAB37901210293B388BF
S21400E950022001937388384A0093337B02F0B0FAA2
S21400E9600026DFF8ECB099F80430F4B2A34203D8DE
S21400E9702DF09CFB01358DE714235C43D9F800701D
S21400E98002203A5B07EB040A9AF90C3000922B4AF5
S21400E990002132EA230228BF5A461346284A02F0CC
S21400E9A08FFA002027F02DF938B150463C5B26F050
S21400E9B065FC014620460AF03BFD01210220214A63
S21400E9C002F07EFA0136CEE703D2030012D203002D
S21400E9D02ED203005AD2030035D203004BD20300D6
S21400E9E052D2030087D20300A7D20300F1D203005D
S21400E9F0B0D20300D2D2030034F30300DDD203000A
S21400EA00F3D2030009D303001FD3030098D30300F7
S21400EA10B0D3030088470020A4D30300BED303006E
S21400EA20D2D303006FD203008FCF0300BC46002072
S21400EA30DAD103002AD303004AD30300F7D1030038
S21400EA4080D30300831B04007AD20300E2D10300C4
S21400EA50EBD103002DE9F7430025134EDFF858806D
S21400EA6008F022FEECB2A04202D803B0BDE8F08364
S21400EA702701204616F8079008F01CFE0B4A4B4666
S21400EA80002808BF4246002102200092084A02F0F1
S21400EA9017FAF05D26F08FFB01210220054A02F0EE
S21400EAA00FFA0135DCE700BFBC4600201C2204003C
S21400EAB0EDD30300831B04002622040008B58368F8
S21400EAC05A681178C26853F82230A1F165025142A3
S21400EAD05141187808F0A4FF30B9BDE8084001217C
S21400EAE00220024A02F0ECB908BD00BFF8D30300CA
S21400EAF000210220014A02F0E3B900BF12D403004D
S21400EB0000210220014A02F0DBB900BF40D4030016
S21400EB1010B5044686B01822002168460EF06EF83E
S21400EB20684626F0BDFFD4E9022052F8203002EBFA
S21400EB3080021B788DF80B30516891F900108DF823
S21400EB400A1091680988ADF808106168091A032947
S21400EB5007DDD26803F01F03127843EA42138DF8EC
S21400EB600B30684608F0CEF800210346024A022021
S21400EB7002F0A6F906B010BD5CD4030007B500206D
S21400EB8027F0D4FB00210090034B0220034A02F03A
S21400EB9097F903B05DF804FB69D403006FD4030053
S21400EBA013B5D0E9023253F8221003EB82035B68F8
S21400EBB0087819680023094CA222994208BF21460A
S21400EBC0C01A18BF012027F0A5FB01210090044BB6
S21400EBD00420044A02F074F902B010BD00F8FF07E2
S21400EBE07AD4030088D5030013B5D0E9023203EBCC
S21400EBF0820153F82230D1E901141878FF22003838
S21400EC0018BF01202378096827F084FB01210090B3
S21400EC10034B0420034A02F053F902B010BD00BFB4
S21400EC2081D4030088D5030008B5002101230C4ACF
S21400EC3027F0F5F90A4826F055FF0020094909F0A3
S21400EC405FFC002026F0DDFF10B1054809F0C0FB90
S21400EC50BDE8084001210420034A02F031B900BF94
S21400EC602768002096D40300831B040010B526F006
S21400EC70A0FA034630B1BDE8104001210420054A41
S21400EC8002F01EB90121BDE810400420024A02F03D
S21400EC9017B900BFA4D40300B5D4030010B526F0FE
S21400ECA023FFBDE81040034601210220014A02F07E
S21400ECB007B900BFC0D4030010B526F0E7FEBDE8D4
S21400ECC01040034601210220014A02F0F9B800BFB5
S21400ECD0D6D4030037B5D0E90232012453F82230E7
S21400ECE04FF6FF701D78FE2204FA05F1002327F088
S21400ECF07DFB2B46009021460420024A02F0E0F8F5
S21400ED0003B030BDEAD40300D0E9023253F8223013
S21400ED101B7823B101210220024A02F0D1B8024A30
S21400ED201370704709D50300F562002007B56846E2
S21400ED3026F025FA07F038FF01210346084A02208C
S21400ED4002F0BEF8684609F043FB08F0A1F901217D
S21400ED500346044A022002F0B3F803B05DF804FB51
S21400ED601FD5030039D5030037B5D0E90245406802
S21400ED7054F82530401B0328D8BF002004EB850438
S21400ED80C8BFE06819786368C8BF00781A78A368B7
S21400ED9093F900300090012027F0ACFA38B9012131
S21400EDA00220084A03B0BDE8304002F089B8064B9E
S21400EDB00190009301210220044B054A02F080F8DE
S21400EDC003B030BD4AD5030052D503002604040024
S21400EDD066D5030007B5012027F094FA48B90090DD
S21400EDE001210220084B094A02F06AF803B05DF8D8
S21400EDF004FB054B0190009301210220044B054AB9
S21400EE0002F05EF8F2E700BF52D503007DD503009E
S21400EE100B30040066D5030008B5D0E9023253F87B
S21400EE202230187827F020FA30B9044A0121BDE8CC
S21400EE300840042002F044B8014AF7E792D50300E0
S21400EE40AED5030008B5D0E9023253F82230188850
S21400EE5027F008FA30B9044A0121BDE8084004202A
S21400EE6002F02EB8014AF7E7CDD50300FDD5030022
S21400EE7073B50378044613F0050F0ED04588062DAB
S21400EE8017D1836801215B68174A1B780193838832
S21400EE9004200093154B02F013F82378012B20D0A2
S21400EEA001210420114B124A02B0BDE8704002F066
S21400EEB007B835B98388012104200E4A02F000F80D
S21400EEC0EBE7012DE9D186680B49002009F018FB15
S21400EED0304609F07DFA29460420084A01F0F0FF82
S21400EEE0DBE702B070BD00BF33D603002AD60300AE
S21400EEF085D6030050D603006DD60300831B04009E
S21400EF002DE9F04F00268FB0364D09AC0FCD0FC45B
S21400EF102B6801210220344A236001F0D1FF3446D9
S21400EF20DFF8DC9026F03FF9F5B2A8420BD826F0C1
S21400EF303AF923460090012102202C4A01F0C0FF36
S21400EF400FB0BDE8F08F284605A927F077F90346ED
S21400EF50002841D19DF81430032B39D904238DF8AD
S21400EF6014302B4600210220214A01F0A9FF9DF80B
S21400EF7014300EAA02EB830300214A4653F8143CD1
S21400EF80022001F09DFF28469DF821A09DF815B0AF
S21400EF909DF81870BDF8168027F052F95346CDE953
S21400EFA0028000210220CDE900B7124A01F088FF56
S21400EFB001340020E4B226F024FE18B10DF1190049
S21400EFC009F006FA002102200B4A01F079FF01E061
S21400EFD0002BC6D10136A5E700210220074A01F022
S21400EFE06FFFF7E7286E040097D6030010D70300DC
S21400EFF04DD20300C4D60300D2C90300EBD60300EB
S21400F00097E10300C3688268013BDBB252F8233005
S21400F01002201B78652B14BF00220121044B1BBF66
S21400F02001211A70034A044A08BF197001F048BF4C
S21400F0303373002027D7030035D70300D0E9023208
S21400F04053F822301A88014B1A807047CE7200207F
S21400F05007B5D0E9023103EB810253F8213052683C
S21400F0601988054B0548128800930088012309F08B
S21400F070A3FE03B05DF804FB71EE0000CE72002024
S21400F080C3688268013BDBB252F823305B78A3F199
S21400F090660253425341014A13707047367300208C
S21400F0A030B5D0E9023253F8223089B01D780123FA
S21400F0B002AA1946044626F0B2FF01230093102345
S21400F0C002210DEB0302204626F08AFF284604AAFA
S21400F0D002A927F0A5F90446002026F092FD18B1F3
S21400F0E02146044807F0F0FD0020034909F0EEF938
S21400F0F009B030BD44D70300831B0400002330B59D
S21400F1008FB00221009309AA1223054626F068FF55
S21400F11005AA014609A807F0B5FB044698B12328BE
S21400F12005D1134A0121042001F0CAFE09E0212876
S21400F13001D1104AF6E70346012104200E4A01F0E9
S21400F140BFFE0FB030BD01232846194603AA26F09D
S21400F15066FF05A903A827F065F90546204626F0B0
S21400F16050FD18B12946054807F0AEFD044AD9E718
S21400F17051D7030074D70300AFD70300D0D70300DE
S21400F180831B0400F0B5D0E9023253F8221003EBDB
S21400F19082039B6805461F7887B038460E7826F0AF
S21400F1A010FD044608BBD5E9022101238DF808307E
S21400F1B0194452F8210002EB810200888DF809708C
S21400F1C09268ADF80A00127804218DF80C202846C3
S21400F1D00DF10D0226F023FF304602A98DF81540EA
S21400F1E027F030F8044626F0E0FC334601210420E0
S21400F1F0024A009401F064FE07B0F0BDE5D70300B4
S21400F2002DE9F04101218EB00220274A01F058FE78
S21400F210002005AB01AA09A927F0FCF80025044642
S21400F220224E234FDFF898801CB128460EB0BDE86A
S21400F230F08102202B463246214601F041FE204650
S21400F24026F0DFFC10B10AA809F0C2F83A46002101
S21400F25002209DF8303001F033FE424600210220A5
S21400F260079B01F02DFE00210220BDF82030114A38
S21400F27001F026FEBDF8143000210F4A022001F0EE
S21400F2801FFE013501A826F0B7FCEDB201210220D1
S21400F2900A4A01F015FE284605AB01AA09A927F07F
S21400F2A0B9F80446C0E700BF17D803005DD80300CE
S21400F2B065D8030053F303007AD80300831B0400C9
S21400F2C071D803002DE9F047064698B0C0B925F07E
S21400F2D068FF074600250EA827F0A6F801210220A1
S21400F2E0384A01F0EDFD2C46DFF8E080DFF8E090CC
S21400F2F0DFF8E0A0BC4205D3284618B0BDE8F0878A
S21400F3000127E7E713A827F08FF8002E4CD002233A
S21400F31006A913A88DF84C30FE2427F077F80028AD
S21400F3203FD102A913A827F077F89DF8593043F08B
S21400F33001038DF85930002E3DD123463146022078
S21400F340214A01F0BDFD9DF859300AA943F001039A
S21400F35013A88DF8593027F05FF8002026F051FCEE
S21400F36010B114A809F034F80C9B42460021022084
S21400F37001F0A6FDBDF82820002112F4007F0CBF86
S21400F3804C23412312F0100F0CBF6E22792202206C
S21400F39000924A4601F094FD06A826F02DFC0135A1
S21400F3A0EDB20134E4B2A5E720460AAB06AA13A9DB
S21400F3B027F02EF8B3E752460021022001F080FD28
S21400F3C0C1E700BF84D803005DD8030071D80300EE
S21400F3D0C0D80300B9D8030030B5012499B00EA8F0
S21400F3E027F022F813A88DF8384026F0BBFFC0B9E6
S21400F3F0BDF84C1011EA040513D121460220444AF8
S21400F40001F05EFD29460220424A01F059FD2146E0
S21400F41002203F4A01F054FD214602203C4A01F0FA
S21400F4204FFD06A90EA826F0F1FF20B11022FF21FD
S21400F43006A80DF0E3FB04A826F0F0FF059B0121CB
S21400F4400220354A0093354B01F03AFD9DF8123004
S21400F45001210220324A0093304B01F031FD002199
S21400F4602E4B304A022001F02BFD06A826F0C4FBE6
S21400F47013A826F0D9FF02230AA913A88DF84C304A
S21400F48026F0CAFF00283FD10B9B009301210220E3
S21400F490254B264A01F014FD0121234B244A022065
S21400F4A001F00EFD0120FFF70DFF01211E4B214A42
S21400F4B0022001F005FD0020FFF704FF044625F0BA
S21400F4C070FE23460090012102201B4A01F0F8FC42
S21400F4D001211A4B174A022001F0F2FCFFF790FEBA
S21400F4E01749022803461748174A28BF0A460849FC
S21400F4F028BF01460092CDE9013102200121134ABE
S21400F50001F0DEFC19B030BD4FF0FF33BDE700BFA1
S21400F510831B0400D3D8030011D9030009D90300C4
S21400F52021D90300B0020400DD10040034D9030022
S21400F53044D903004BD9030054D9030068D903000B
S21400F540CFD803001AF803006CF8030076D903003E
S21400F55010B5D0E9023253F822301C78201E18BFAE
S21400F560012026F0EBFE054A054B0020002C18BFB4
S21400F5701A46BDE81040034908F0A8BFA3D9030007
S21400F5809ED90300ACD90300D0E9023210B553F877
S21400F59022301C88204626F0D3FE2246BDE81040C6
S21400F5A00020014908F092BFEDD9030037B50446A4
S21400F5B007F0D2FA014638B100200D4A0D4903B0D3
S21400F5C0BDE8304008F082BFE368A268013BDBB2CA
S21400F5D052F8233008481D780123084A00936C2D02
S21400F5E008BF02461023204626F0FAFC03B030BDC2
S21400F5F03BDA030043DA03001C7300200C73002080
S21400F60013B583689A681278672A22D101A826F073
S21400F610A9FE0446A8B9BDF80420174908F056FF0D
S21400F620BDF80430DA070AD413F0020F134B144A5D
S21400F63018BF1A461349002008F048FF19E0124A7E
S21400F640F8E702461149002008F040FF224610491C
S21400F650F1E7C26801A953F8220003EB82035B6856
S21400F66000681B68ADF8043026F082FE04460028C9
S21400F670ECD102B010BD00BF76DA030069DA0300F1
S21400F6800D04040097DA030059DA0300A9DA030030
S21400F690D5DA0300034A04491388C854013313809B
S21400F6A0704700BF365D0020FB62002073B5154D25
S21400F6B001242B78144E13F0040F0CBF02230423EE
S21400F6C0124A21461470328802200192EB5C104ADE
S21400F6D00093104B5B8801F0F3FB002102200E4ADA
S21400F6E001F0EEFB0D4B294600933288234602209C
S21400F6F001F02CFC21460220094A02B0BDE8704009
S21400F70001F0DEBBFB620020365D0020FA620020BE
S21400F710E4DA0300285D002009DB03002BDB03008E
S21400F720831B040070B516464FF48A52114B124DD7
S21400F730DA805980114B1B881A1E18BF012240EA36
S21400F74082000F4A1278003A18BF012240EA0210DF
S21400F750287063B103246B701B0AAB7009F088FE37
S21400F760631C2855EE54074B02341C8070BD0124E0
S21400F770F4E700BF285D0020FB620020345D002017
S21400F780F9620020365D002038B5D1E902320C4619
S21400F790054653F82230024619880C4B1878FFF7B6
S21400F7A0C1FFE368A268013352F82330188824F0BA
S21400F7B0DFFB4DB1E368A268023352F823301878B5
S21400F7C0BDE83840FFF766BF38BD00BFF6620020D0
S21400F7D0F0B50546EB68AA68023352F823300846AF
S21400F7E01C78294685B0FFF7CFFF204625F032FD6E
S21400F7F0204E214F78B3204625F038FD0321441CC7
S21400F80003AA284623F01BFC3288E4B2C2F1FF03A9
S21400F81003991B1B9BB28B4222443CBFC2F1FF03E1
S21400F82003930123032100933A449DF80C302846A5
S21400F83026F0D6FB039A022C338804BF0F48110A21
S21400F840FA5408BFC15413441C44348005B0BDE8C4
S21400F850F040FFF72BBF204607F086FE01233288D4
S21400F86004460093032103463A44284626F0B8FB94
S21400F8703388E9E7365D0020FB620020FC6200204A
S21400F880052307B5012100930220044B044A01F02A
S21400F89017FB03B05DF804EBFFF79EBD12DB030019
S21400F8A019DB030013B5044626F058FD38B1CDE940
S21400F8B0004001210220034B034A01F001FB02B085
S21400F8C010BD00BF3BDA030030DB0300194B37B531
S21400F8D01B783BB901210220174A03B0BDE830402F
S21400F8E001F0EEBAD0E90232144C53F8223001216E
S21400F8F01D78638802200093114A2B4601F0E0FA37
S21400F900104B25711B78104D63B1012102200F4A60
S21400F91001F0D6FA20460E4A298803B0BDE83040EA
S21400F92025F039BA20460A4A298803B0BDE8304097
S21400F93025F0F3BAFA62002047DB0300285D0020BA
S21400F94055DB0300F7620020365D00206CDB030009
S21400F950FB6200202DE9F041D0E9023253F8221074
S21400F96003EB82035A680C7817889A68DB68B2F84B
S21400F9700080C6B01D780021304B0220304A00942B
S21400F980CDE9017801F09CFA002D0CBF6E23792397
S21400F990012102202B4A01F093FAFF23002D0DF1DE
S21400F9A0170606AD019320460CBF8023402342462F
S21400F9B039460296009525F093FF0446002835D177
S21400F9C0307825F04DFC0746B0B1284626F0D8F82A
S21400F9D01D4BFD28A8BFFD200093234682B20DF1E3
S21400F9E01901022001F0B2FA01210220174A01F0A3
S21400F9F067FA46B0BDE8F081307825F037FC60B194
S21400FA00284626F0C2F8FD28A8BFFD200E4B82B27D
S21400FA1000930DF11A013B46E3E7307807F0A4FDAA
S21400FA200B4B0246009329460123DAE7009001219A
S21400FA300220084B084A01F043FADAE7791104007D
S21400FA4086DB0300ABDB030031250400831B0400C8
S21400FA502BDB030033E40300B5DB0300D0E90232FE
S21400FA6053F8221003EB82032DE9F04F5A680F7803
S21400FA70B2F800809A68C7B0B2F80090DA681B69DE
S21400FA8092F800A01E7800212F4B304A0446CDE99C
S21400FA9001890220009701F013FABAF1000F0CBF9B
S21400FAA06E23792301210220294A009606AD01F033
S21400FAB007FAFF22002128460DF0A0F8304625F070
S21400FAC0CFFB834608B30023052100932046FD2381
S21400FAD00DF1190226F084FA2870BAF1000F0CBF57
S21400FAE0802340234A4641463846CDE9005625F055
S21400FAF0C2FE0146144807F0E7F801210220154A25
S21400FB0001F0DEF947B0BDE8F08F304625F0AEFBD9
S21400FB1060B1FD2305212046CDF800B00DF11A0294
S21400FB2026F05EFA85F801B02870D6E705903046D4
S21400FB3007F01AFD059A0346009205212A4620463C
S21400FB4026F04EFAC9E700BF6C11040086DB0300FE
S21400FB50C6DB0300831B04002DE9FF471C465B68D9
S21400FB60E5685B1B00255FFA83F803952E46FFF7D2
S21400FB70D9FDEBB298450BD90C9B9B5D282B39D849
S21400FB80202B00F2CB800136F6B2002B40F0C98065
S21400FB90FFF78CFD04B0BDE8F087132A2FD801A12B
S21400FBA051F822F06BFC00007DFC00008FFC00008A
S21400FBB0C3FC000091FB000091FB000091FB0000DD
S21400FBC091FB0000FFFB0000FFFB0000FFFB0000B6
S21400FBD0FFFB0000FFFB0000FFFB0000FFFB000038
S21400FBE0FFFB0000FFFB0000FFFB00000FFC000017
S21400FBF0E9FC0000A3F13102D1B21329CDD90136B8
S21400FC00F6B2A3F14102032AC2D8422B6CD06C4F45
S21400FC1000213A88DFF8B0A1C2F1FE039BB2FF2BA9
S21400FC2028BFFF2301320091DBB22046524469B25E
S21400FC3026F0B2F93B880AF80300013318443880EE
S21400FC4011E04FF00409E368A2682B4452F8233011
S21400FC501F68F8B209F1FF39FFF71CFD19F0FF091C
S21400FC604FEA1727F5D1013583E7E368A2682B44EE
S21400FC7052F823301878FFF70DFDF4E7E368A26822
S21400FC802B4452F82330188824F072F9EBE7E36827
S21400FC90A2682B4452F823301F68B7F1807F09D240
S21400FCA0F8B2FFF7F7FCC7F30720FFF7F3FCC7F33C
S21400FCB00740E0E72B4601210820424A01F000F900
S21400FCC066E74FF00409E368A2682B4452F8233035
S21400FCD01F68F8B209F1FF39FFF7DCFC19F0FF09DD
S21400FCE04FEA1727F5D1BEE7294603AA204623F098
S21400FCF0A6F90021324F344A3B88DDF80C9002EB1F
S21400FD00030CCAB2914501F1010102D84B443B8075
S21400FD10A9E710F802A00CF802A0F2E7242B3FF6A1
S21400FD2070AF013B232B3FF633AF01A252F823F00E
S21400FD306BFC00007DFC00008FFC000043FC000014
S21400FD4091FB000091FB000091FB000091FB00007E
S21400FD5091FB000091FB000091FB000091FB00006E
S21400FD6091FB000091FB000091FB000091FB00005E
S21400FD706BFC00007DFC00008FFC0000C3FC000054
S21400FD8091FB000091FB000091FB000091FB00003E
S21400FD9091FB000091FB000091FB000091FB00002E
S21400FDA091FB000091FB000091FB000091FB00001E
S21400FDB06BFC00007DFC00008FFC000043FC000094
S21400FDC0365D0020DFDB0300FB620020094B1B785A
S21400FDD023B101210820084A01F072B8D0E90232A6
S21400FDE053F82230054A1B88012113800820044A54
S21400FDF001F066B8FA62002005DC0300345D0020DE
S21400FE0047DC0300D0E9023253F82230054A1B785B
S21400FE100121003B18BF012308201370024A01F09D
S21400FE204FB800BFF86200206DDC0300D0E9023254
S21400FE3053F82230034A1B78012113700820024A27
S21400FE4001F03EB8F96200209CDC030010B5D0E952
S21400FE500232044653F82230132219880B4B1878C6
S21400FE60FFF760FCE368A268013352F82330187885
S21400FE70FFF710FCE368A268023352F823301878C4
S21400FE80FFF708FCBDE81040FFF710BCF662002044
S21400FE9010B5D0E90232044653F8223011221988F0
S21400FEA00B4B1878FFF73EFCE368A268013352F864
S21400FEB023301878FFF7EEFBE368A268023352F8A7
S21400FEC023301878FFF7E6FBBDE81040FFF7EEBBDF
S21400FED0F6620020D0E9023253F82230034A1B783B
S21400FEE0003B18BF0123DB0013707047F66200204A
S21400FEF010B5D0E9023253F82230044619880E4B6A
S21400FF0006221878FFF70EFC0120FFF7C3FBE36814
S21400FF10A268034452F82330188824F029F8E368CE
S21400FF20A268023352F82330188824F021F8BDE87E
S21400FF301040FFF7BBBB00BFF66200202DE9F04380
S21400FF40D0E902324FF0FD09013253F8221003EBDC
S21400FF5082035A68C7B017889A68B1F80080147888
S21400FF6053F8043C002C0DF1170506AE18783A46F7
S21400FF7014BF4023802341460295CDF80490009696
S21400FF8025F0AEFC034638B1184A0121082000F0DF
S21400FF9097FF47B0BDE8F083201E18BF01200A2255
S21400FFA04146C000FFF7BEFB384623F0E1FF287845
S21400FFB0FFF770FB4A463146287825F0FFF80446DE
S21400FFC028B10B4F3D88C5F1FF03984202DD23465A
S21400FFD0084ADAE7024608483146284425440CF029
S21400FFE09DFF3D80FFF762FBD3E700BFD2DC030036
S21400FFF0365D0020EEDC0300FB62002010B5D0E981
S2140100000232044653F82230082219880B4B18781E
S214010010FFF788FBE368A268023352F823301878AA
S214010020FFF738FBE368A268013352F823301888DB
S21401003023F09EFFBDE81040FFF738BBF6620020B4
S21401004073B5D0E902320546023253F8221003EBAB
S214010050820353F8042C53F8083C0C781988234B78
S214010060168818780622FFF75DFB0020FFF712FBC3
S214010070304623F07DFF2046FFF70CFBEB68AA68AD
S214010080033352F82330188823F072FFEB68AA680E
S214010090043352F82330188823F06AFF204609F00B
S2140100A0E7FBE8B9204607F05FFA05210446019010
S2140100B001AA284622F0C3FF019B01469C4206D0B6
S2140100C0224631460A480BF087FC02B070BD094D46
S2140100D009482E882246304434440CF0E1FD2C8039
S2140100E002B0BDE87040FFF7E1BA00BFF66200203B
S2140100F01ADD0300365D0020FB62002073B5D0E9EF
S21401010002324FF48A5153F82230104D1A88104BA0
S214010110D9805A8000232A4600930121FF2325F027
S2140101205FFF2B78044613F0040F0A4B08BF012625
S2140101301B7818BF032613B109F09AF9A855064B88
S2140101401C8002B0BDE87040FFF7B0BAFB62002029
S214010150285D0020F8620020365D0020D0E90232DA
S21401016053F82230034A1B78003B18BF0123137053
S214010170704700BFF762002010B50C4608B908F0BA
S21401018003F9024B18715C7110BD00BF285D002099
S21401019002462DE9F341D0E90253526855F823107F
S2140101A0D21A0C8805EB8301013BDBB255F823809C
S2140101B0294D022A4868C8BF8A682B78D8BFFF2114
S2140101C00078C8BF11783BB901210220234A02B04A
S2140101D0BDE8F04100F074BEFFF7CEFF06F0E4FC88
S2140101E01F4F204E3B880146224600931E48334649
S2140101F025F063FC0246C8B998F804103B885F29CD
S21401020017D1CDE900364FF6FF712046164B24F084
S214010210B6FD28B1034601210220144A00F050FE23
S2140102200023134A2B701380124A137002B0BDE8E4
S214010230F0814FF6FB718C4208D9CDE90036214694
S214010240094B4FF6FF7024F0F8FDE2E72146064A17
S214010250009624F024FEDCE7FA62002065DD030048
S214010260365D0020FB620020285D00206CDD030067
S214010270345D0020F9620020002210B50A210446F0
S2140102801046FFF74FFA002023F072FE0122044BBE
S2140102901A70FFF70BFA2046BDE81040FFF778BF4B
S2140102A02468002038B51C4615460123224625F051
S2140102B0B6FE60B92146284626F07AF8044620B1F3
S2140102C001210420034A00F0FBFD204638BD00242E
S2140102D0FBE700BF93DD03002DE9F0430C4615460E
S2140102E01F46D0E9022352F8231002EB83029368DB
S2140102F00E8893F80080D3688BB0B3F8009032462E
S214010300012106ABFFF7CEFFF0B90DF1200CF4B1D9
S21401031001232A884021CDE902C2CDE90471CDE945
S21401032000932221434606AA304625F0AFFE0B4B2A
S2140103300B4A00930B4B0190002C08BF134601217A
S2140103400420094A00F0BCFD0BB0BDE8F08362460C
S21401035028686968032303C22246DBE7F2DD03004F
S214010360D7DD0300D1DD0300DFDD030007B5012380
S2140103706A46002125F053FE6846034908F0C8FD89
S21401038003B05DF804FB00BF71EE0000D0E9023255
S21401039053F822300149188808F08CBD71EE000030
S2140103A010B5D0E9023203EB8201496853F82230D6
S2140103B009784FF48A52188825F058FEBDE8104097
S2140103C0034601210420014A00F07ABDFCDD03004A
S2140103D0D0E9023253F8223002214FF48A5210B586
S2140103E0188825F035FEBDE810400346012104209B
S2140103F0014A00F065BD00BF15DE03001FB5D0E958
S214010400023203EB820153F82230496818884FF410
S2140104108A5309880293094B094A0193094B1B78B1
S21401042000931278084B25F089FE0121034604202B
S214010430064A05B05DF804EB00F042BD385D0020C9
S214010440FB630020FA630020425D00202CDE0300DF
S2140104502DE9F043D0E9023253F8221003EB820370
S2140104605A680E8817789A68DB688BB092F8009005
S214010470B3F800803246042106AB0446FFF712FFAC
S21401048028BB08AD01232A460521204625F0C7FDD5
S21401049038B9042001210F4A00F012FD284624F045
S2140104A06EFE4FF48A53CDE904930023CDE902533F
S2140104B003232121CDE9008306AA3B46304625F0D9
S2140104C0E5FD01210346044A042000F0F9FC0BB0C7
S2140104D0BDE8F08344DE030073DE030038B5D0E9DF
S2140104E0024303F18043023B02220F4954F82300E2
S2140104F09D000CF0CFFE60B90C4B0D491A78042A0A
S2140105000BD82C44A068008821F8120001321A701A
S21401051038BD084B08491A78F1E70121BDE8384093
S2140105200420064A00F0CCBCA1090400FB630020AD
S214010530425D0020FA630020385D002085DE03005E
S21401054008B5C368806803F18043023B022206496E
S21401055050F823000CF09EFE10B9044B187008BD2D
S2140105600022034B1A70FAE7A1090400FB6300207E
S214010570FA63002037B5D0E9023153F821208C0008
S21401058015784268521A012AC5BF1B195B686C09A7
S2140105901C78DCBF44F0180405F01F0529462046E8
S2140105A025F090FC034640B12346012104200E4A63
S2140105B0009500F085FC03B030BD0121A94074B957
S2140105C02346FE224FF6FF7025F010FF0121034659
S2140105D00420064A03B0BDE8304000F071BCFE229C
S2140105E041EAC461EEE700BF9BDE0300BBDE030009
S2140105F070B5D0E9021551F8253001EB85010446A6
S21401060018884B681A788B68052A1B8802D85E1EE4
S214010610072E0BD9012104200C4A00F051FCBDE83D
S2140106207040012104200A4A00F04ABC6468641B39
S214010630032CCABFC9680749096825F0D7FEBDE87B
S214010640704002460449002007F05ABFD9DE030075
S214010650F9DE030000F8FF0716DF030008B5D0E94E
S214010660023253F8220003EB82035968FF22038803
S21401067009684FF6FF7025F0B9FEBDE8084002464E
S2140106800149002007F03CBF29DF030008B5D0E987
S214010690023253F8223005214022188825F0D8FC72
S2140106A0BDE8084002460249002007F029BF00BF06
S2140106B04ADF030008B5D0E9023203EB820148683D
S2140106C053F82210027840230988312025F013FDC3
S2140106D0BDE8084002460249002007F011BF00BFEE
S2140106E06BDF030008B5D0E9023203EB82014868EC
S2140106F053F82210027840230988332025F0FBFCAA
S214010700BDE8084002460249002007F0F9BE00BFD6
S21401071085DF03001FB5D0E9023253F8221003EB40
S21401072082039B6808881A780023D21A18BF012210
S214010730CDE9023302A94023D20125F0EBFC0121C9
S2140107400090044B0420044A00F0BAFB05B05DF8A3
S21401075004FB00BFF2DD0300A3DF030007B5D0E909
S214010760023253F8223003214022188825F070FC0B
S21401077001210090034B0420034A00F0A1FB03B0C3
S2140107805DF804FBF2DD0300B2DF030037B5C36892
S2140107908268053352F8233004211D786A46012306
S2140107A0044625F03CFC38B904200121064A00F035
S2140107B087FB684624F0E3FC2B466A460021204668
S2140107C0FFF78AFD03B030BDCCDF030007B5D0E9E3
S2140107D0023203EB8201486853F822100278402364
S2140107E00988322025F087FC01210090034B042064
S2140107F0034A00F065FB03B05DF804FBF2DD03007D
S214010800FDDF030070B585690446EA0705F00206B8
S21401081005D476B1C5F3072025F0D3F909E01EB15A
S214010820B2210F482BF035FCA069C0F3810025F0FA
S214010830B7F9E3691BB9BA2109482BF02AFC20460F
S21401084014F00EFCE3693EB1607E9847AB0706D014
S214010850BDE8704025F0A9B920469847F6E770BD77
S21401086012E0030008B514F0EFFE28B1BDE8084019
S214010870472102482BF00DBC08BD00BF12E0030063
S2140108802DE9F041FF2B04460F4690461D469DF884
S214010890186005D0FF2E03D0D52111482BF0F9FBA7
S2140108A00023FF2D18BFAD000E4A1CBF45F0010501
S2140108B0EDB222600C4AC4E9063818BFA561FF2EC6
S2140108C0C4E901232361E76007D0A36943F002036B
S2140108D023F47F4343EA0623A361BDE8F08100BF0A
S2140108E012E003009042002005080100002310B525
S2140108F0054C03610460054CC261C0E90143012354
S214010900C160836110BD00BF904200200508010050
S21401091070B58669044606F00303032B0D4603D122
S214010920FC2114482BF0B5FBFF2D16D0B20704D4DA
S21401093040F201110F482BF0ACFB284624F0DFFDF6
S214010940FF28054604D14FF482710A482BF0A1FB1B
S2140109502DB204EB4514204670BDF307FBD5A36901
S21401096013F00C0FF7D040F20B1102482BF091FB5D
S214010970F1E700BF12E003000023054AC0E9063193
S21401098003610260C360034A034B426083607047A1
S21401099090420020050801002D500200014827F072
S2140109A0E9BB00BF90420020014827F0EFBB00BF23
S2140109B09042002013B50E4827F0B6FB23F05BFBF0
S2140109C026F07FFB26F0A1FB26F0ABFBFCF748FFE9
S2140109D00446FCF75FFF2346009001210420054AE8
S2140109E000F06EFA02B0BDE81040FCF73FBF00BF52
S2140109F090420020A5E00300022808B503D12BF0A1
S214010A0041FB014B186008BDC042002008B50DF03F
S214010A105BF90122044B1A702BF0BDFBBDE80840C0
S214010A2002490348FDF7E4B8FD630020D86D0020B5
S214010A30C4420020014B1870704700BFFC630020C1
S214010A40024B187808B106F093B870472C73002053
S214010A5008B5074B1B780BB1002008BDFFF7F0FF68
S214010A600028F9D106F05EFC023818BF0120F4E731
S214010A70FC63002070B5FFF7EBFF174D20B1FFF7C1
S214010A808DFF0428044613D82B781BB92BF083FB63
S214010A9001232B7023F0FDFA0446D8B12B781BB93D
S214010AA0F7210E482BF0F5FABDE87040FFF776BF48
S214010AB023F0F1FA0028E7D02B785BB12BF0E7F9A9
S214010AC006460021012029F04DFC30462BF0DAF9CC
S214010AD000232B70204670BDFD630020C6E0030096
S214010AE01FB5FFF7C7FF0446FDF72CFAA04228BF43
S214010AF0204688B103A92AF021F8034638B9CDE982
S214010B000000064A039906482BF0D8FA18B18E2140
S214010B1004482BF0BEFA012004B010BD914003003A
S214010B20A0420020C6E003000D4B70B51B780D4DAA
S214010B300D4C0121002B0CBF2B46234602200B4AED
S214010B4000F0BEF90A4B01211B780220002B0CBFD6
S214010B502B462346BDE87040064A00F0B1B900BFF7
S214010B602C730020C0090400DF0904005CE10300C7
S214010B70FC6300207BE1030010B5D0E9023253F894
S214010B80223002201B780121002B15BF01240024EE
S214010B90044A054A00F094F92046BDE81040FFF7E4
S214010BA049BF00BF9AE10300B7E10300D0E9023272
S214010BB053F82230034A1B78003B18BF01231370F9
S214010BC0704700BF2C73002038B50125084B1D70F7
S214010BD02BF05DF904462946284629F0C3FB20463A
S214010BE02BF050F9BDE8384002490348FDF700B83C
S214010BF0FE630020E06D0020EC42002070B514F08A
S214010C00A9FD10F0070F1D4D11D02B785BB90126F9
S214010C102E702BF03CF904463146304629F0A2FBF3
S214010C2020462BF02FF9BDE8704014F063BB25F089
S214010C30C1FB022803D1124B1B78032BE5D914F014
S214010C4089FD18B90E4B1B78032B14D814F052FBF0
S214010C5004460028D9D02B785BB100262E702BF0E5
S214010C6016F905463146012029F07CFB28462BF073
S214010C7009F9204670BD4FF0FF34ECE7FE63002013
S214010C80856800201FB5FFF7B9FF0446FDF75AF93E
S214010C90A04228BF204688B103A929F04FFF03468A
S214010CA038B9CDE90000064A039906482BF006FA42
S214010CB018B18C2104482BF0ECF9012004B010BDCA
S214010CC06B450300CC420020D6E1030010B5094C69
S214010CD00949002007F0FAFB23681B68587924F0BD
S214010CE044FC23681B68587923F048FC05F066F934
S214010CF0002010BD4C48002064E2030008B525F032
S214010D0049FB024628B1BDE808400020014907F02A
S214010D10DDBB08BD87E2030008B525F051FB02469E
S214010D2028B1BDE808400020044907F0CFBB542293
S214010D30BDE80840FF2102480BF060BF9FE20300B8
S214010D404C5D002038B504460D4625F03DFB0246B5
S214010D5028B1BDE838400020034907F0B7BB034B74
S214010D6023F8145038BD00BFBDE203004C5D0020DF
S214010D702DE9F34100240C4E0C4DDFF838800C4F62
S214010D8056F8043B0BB9D8F8003035F8022B394633
S214010D90009200202246013407F098FB2A2CEFD15E
S214010DA002B0BDE8F08100BFEC6D0020A05D002020
S214010DB0D9E20300E86D002008B52A21034825F092
S214010DC0FBFABDE80840FFF7D3BF00BFA05D0020D7
S214010DD007B5D0E9023253F822301A78292A0DD8FD
S214010DE0084B53F822300BB9074B1B680749002004
S214010DF031F812100091064907F068FB03B05DF860
S214010E0004FB00BFEC6D0020E86D0020A05D002013
S214010E10D9E2030008B52A21034825F0CFFABDE838
S214010E200840FFF7A5BF00BFA05D002038B5D0E998
S214010E30023253F8221003EB82035B680C781D889C
S214010E400020044907F042FB29462046BDE8384009
S214010E50FFF778BFE4E203002DE9F34100240C4ECE
S214010E600C4DDFF838800C4F56F8043B0BB9D8F818
S214010E70003035F8022B3946009200202246013414
S214010E8007F024FB2A2CEFD102B0BDE8F08100BFA9
S214010E90EC6D00204C5D0020D9E20300E86D0020D7
S214010EA010B5024623F080FB20B9044C236811B12B
S214010EB01343236010BD23EA0203FAE7986E00206D
S214010EC00CB413B502460C4623F06EFB60B9094B11
S214010ED01B681A4208D005A9049801910AF090FDF2
S214010EE014B1054826F079F802B0BDE8104002B00A
S214010EF0704700BF986E0020E3E50300034610B577
S214010F00D3E9023253F8223008461C78211E18BF56
S214010F100121FFF7C5FF014648B9084A084B0220E0
S214010F20002C08BF1346074AFFF7CAFF10BD002171
S214010F300220054AFFF7C4FFF8E700BFE2D103002D
S214010F40DAD10300E5E50300FBE503002DE9F041F6
S214010F5005461F460C46DFF82C808E18B44201D198
S214010F60BDE8F0810021284614F8013B069AFFF7F8
S214010F70A7FF002FF2D0424600212846FFF7A0FF28
S214010F80ECE700BF6FD803000021024A0248FFF7D2
S214010F90ADBC00BF1D100100F4420020FF21014836
S214010FA023F05BB8F44200200022034BFF210348E4
S214010FB01A7023F04BB800BFFF630020F4420020F4
S214010FC013B5114C2378032B13D8009300230F4A33
S214010FD018460F4907F07AFA237842F21072002B6E
S214010FE008BF0022FF210B4802B0BDE8104023F0E5
S214010FF01CB800220849104607F068FA02B0BDE89E
S2140110001040FFF7D1BF00BFFF6300200CE60300CE
S2140110101EE60300F442002028E60300F0B52B4D3F
S2140110208FB02B7823B309A825F0FEF9022309A86F
S2140110308DF8243025F0E6F901AA06469446244B9D
S21401104003F11007144618685968083303C4BB42F5
S2140110502246F7D105AA17461E4B03F1100E144679
S21401106018685968083303C473452246F7D1E6B1B8
S214011070012409A825F074F928B9BDF8243013F025
S214011080020F18BF01242B781349002B4FF00003E1
S2140110904FF0A00208BF1946204625F03BF990B94B
S2140110A02B7801332B700FB0F0BD614609A825F0EF
S2140110B0ABF90028DCD1394609A825F0A5F9044684
S2140110C00028D6D0D4E7FFF77BFFECE7FF630020CC
S2140110D03C6E04004C6E040000F8FF0710B50020BB
S2140110E0324907F0F3F908220020314907F0EEF9FA
S2140110F0304B314A1978314B0020002918BF1A4667
S2140111002F4C304907F0E2F9002024F049FD23680E
S214011110002B47D01B78022B44D900222A4B1046BD
S2140111202A4907F0D3F923F086FA29490246002016
S21401113007F0CCF900F0D0F826490246002007F067
S214011140C5F923681B78032B2CD900F0D5F8224962
S2140111500246002007F0BAF900F0DEF81F49024601
S214011160002007F0B3F900F0DFF81D490246002021
S21401117007F0ACF900F0A4F81A490246002007F07F
S214011180A5F900F0D7F8184C184954F8202000208B
S21401119007F09CF900F024F9154954F820200020A6
S2140111A007F094F9BDE8104024F0FFBC4AE60300BE
S2140111B066E6030000640020C0090400DF0904009D
S2140111C08847002089E60300B0D30300A4D30300B8
S2140111D0A5E60300C9E60300EDE6030011E70300F8
S2140111E035E703005CE703009C6E002083E70300FD
S2140111F0A6E7030008B5D0E9023253F82230187882
S21401120040B10020074907F061F9BDE80840802099
S21401121000F034B8044907F059F9BDE808408020C9
S21401122000F046B8C9E70300E6E70300D0E902325A
S21401123053F82230034A1B78003B18BF0123137072
S214011240704700BF0064002018220021094BC3E943
S21401125000121A7B0AB9084A9A601A7C12B94FF42E
S2140112607A72DA8140F6B8325A8200229A829A75E8
S214011270704700BF14430020E09304000A4B10B5EA
S2140112801B687BB11B78032B02D8B0F5007F09D110
S214011290064C2368034323606368184202D02AF091
S2140112A0ECFEA08210BD00BF88470020144300203A
S2140112B0024A136823EA00031360704714430020B0
S2140112C0014B1868704700BF14430020014B986813
S2140112D0704700BF14430020024B9868FA23B0FB06
S2140112E0F3F07047144300200122024B98601A73F2
S2140112F0704700BF14430020024BD889FA23B0FB85
S214011300F3F07047144300200122024BD8811A746F
S214011310704700BF14430020024B588AFA23B0FBE3
S214011320F3F0704714430020014B5868704700BF24
S214011330144300202DE9F84300244FF00C08104B0D
S214011340104F9D7D104E3988E3B28B4202D328465A
S214011350BDE8F88308FB03F3F05C06EB030924F011
S21401136026FC50B9FF21D9F8080022F076FE20B1FC
S21401137099F805309D4238BF1D460134E3E700BFAA
S21401138014430020D2720020206F0020124B10B5AB
S2140113901B68124CEBB11B78032B02D823689B0504
S2140113A017D52AF06AFEA38AC01A638A80B28342DE
S2140113B03EBFD4E900329343236024F075FF08B1A1
S2140113C0E08910BD2368002BFAD1FFF7B3FF01288F
S2140113D0F6D0A068F5E700BF884700201443002038
S2140113E0014B987D704700BF1443002038B5044672
S2140113F00D462AF0F3FE244B1B7813B1204623F04A
S21401140015F9402C27D006D884B13F2C18D0BDE85A
S214011410384024F0CABB4C3C0C2CF8D81B4B23415B
S214011420DB07F4D40220FFF743FFF0E74FF4007028
S214011430FFF73EFF0220FFF721FF154B1C71E6E781
S2140114404FF40070FFF734FF0220FFF731FF002250
S2140114500F4B1A71DBE724F02BFB0028D7D10C4C7D
S2140114600220237901332371FFF722FF4FF4007026
S214011470FFF704FF2379AB42C9D323F0D8F800283D
S214011480C5D123F0ADF8C2E700640020FEEEFFFFF1
S2140114902C43002010B505F05FFB02280AD124F08A
S2140114A0DFFE034630B1BDE8104000220249104677
S2140114B007F00CB810BD00BF32E803000021024A55
S2140114C00248FFF713BA00BF951401003443002009
S2140114D038B5002024F064FB124B1B6893B11B78CF
S2140114E0022B0FD905F038FB022816D10E4C2568C1
S2140114F0FFF74CFFA842206008D0FF2122680B4866
S21401150022F093FDBDE8384024F04FBBFF21074889
S21401151022F0A3FD0028F5D1EFE7FF21034822F0D2
S21401152095FDEFE7884700202C4300203443002038
S21401153002460249002006F0C9BF00BF46E8030084
S21401154010B5234C2348FF2122F080FD2078022885
S2140115501ED003282ED0012804D02120BDE810403B
S214011560FFF7E6BF1C4B19780029F7D002231B4A68
S21401157023701378052B0EBF00230133DBB299428B
S214011580137003D1052313700020E7E7052BFBD06A
S214011590124B1B78052B02D103232370DDE7104A7B
S2140115A0104932F8230007F085FC03232370002836
S2140115B0D4D110BD094B0C4A1878094B03EB8001B6
S2140115C0897833F8200007F045FC0123EEE700BFD9
S2140115D001640020544300200A6400202E7300207A
S2140115E0F45D0020C9170100751701002DE9F04FC1
S2140115F00D46144695B00490112200210FA8994675
S214011600DFF86C810BF0FAFA04EB45030393D9F883
S21401161000301C2B02D0039B9C4202D115B0BDE8C2
S214011620F08F0123DFF844A18DF81C3023884C4A43
S214011630ADF81E309AF800304A4D08EB83039B78CC
S21401164028788DF8203013688DF81D00CDF82130EC
S2140116505368CDF8253024F0AAFA049B8DF82900AA
S21401166021882878002B4AD123F070FF002844D027
S2140116709AF800300FAA38F8230007A922F0E5FFF0
S21401168000283AD023F08FFD4FF0000B07460646A0
S2140116901C255FFA8BF2974234D8B7422BD99DF8B6
S2140116A01C30032B1AD10FAB0193BDF82130002259
S2140116B00421009301202C4B06F08EFD9AF8003091
S2140116C008EB83039978274B187806F001FE9AF801
S2140116D00030002038F8231024F0BEF95DB107A9C8
S2140116E0304624F0AFFD214B05461B78304638F8CE
S2140116F0231024F0A9FDC9F80050023487E723F02F
S2140117001CFFB3E710460BA9059224F097FD30B9EC
S2140117109DF82C1031B9059AB74208BF16460BF151
S214011720010BB6E7BDF82E00BDF81E209042F6D19B
S2140117309DF830009DF820209042F0D19DF81C20A5
S2140117408A42ECD1032A14BF082202220DF121019C
S2140117500DF131000BF09EFD002808BF0025DEE7E5
S214011760026400202D730020C3EA03002E730020BC
S214011770F45D002013B503460020114A9C681278D8
S2140117800190052A03D01B78032B00D12CB9012028
S21401179002B0BDE81040FFF7CBBE6268217801AB0E
S2140117A0FFF724FF217A0120E26801ABFFF71EFF55
S2140117B0FF21044802B0BDE8104022F03FBC00BF44
S2140117C02E73002054430020094B1B78052B02D0B2
S2140117D00378032B02D00120FFF7AABE8168054AD1
S2140117E00B68054813604B68FF21536022F026BC46
S2140117F02E730020026400205443002038B50024D4
S214011800114B124D1870124BFF211C702C7006F0F4
S2140118105FFD0122032110460E4B06F0DDFC4FF65C
S214011820FF712246084624F01AF9044648B940F6E4
S214011830B832FF21084822F0F8FB01232B7020461E
S21401184038BDFFF775FEFAE72D730020016400200E
S2140118500A640020831B040054430020144BF0B597
S2140118601A68144913680978587988420BD11249C5
S214011870D78808460022114D1E792B78D4B2A34290
S21401188003D8052C0AD10020F0BD0C88BC4202D139
S2140118908C78B442F7D001320431EFE7A342F2D19B
S2140118A020F82270013300EB820086702B70EAE785
S2140118B04C4800202D730020F45D00200A640020AF
S2140118C0FF2307B50021044A04480093FEF7D8FF1A
S2140118D003B05DF804FB00BF41150100544300202E
S2140118E01FB5B42303210446ADF80E3023F025FEC0
S2140118F098B1212320460093002203210DF10E0307
S21401190023F0CAFF04460020054B064A0649009408
S21401191006F0DCFD204604B010BD8624F3E700BFC8
S21401192070E803007DE8030092E80300D0E9023284
S21401193053F82230034A1B78012113700220024A11
S214011940FFF7BEBA46730020A1E803000122014B4F
S2140119501A707047467300200A4B90F805111B78E1
S21401196090F8082119448A42BCBFB2FBF3F103FB8D
S21401197011234FF0FF32B8BFDBB202FA03F380F84F
S2140119800A317047467300202DE9FF410446057F62
S214011990867EDFF870806E43237F98F8002013441C
S2140119A09D4212DB607F60B9238B029363690193CA
S2140119B0237C00936288A31D217805F095FDFF2303
S2140119C02370002004B0BDE8F081E37EAB42E9D984
S2140119D0A77E228BF1199142A4BF921BD7B205EBC9
S2140119E00323E3813A4633462946204622F047FE42
S2140119F00028E7D1637F3744013301356377BEB2F0
S214011A00EDB2C9E74673002037B5054624F048FC19
S214011A100D4B04461B6869461B78032B82BF0B4B94
S214011A201B881B18284688BF9CB224F0C1FC38B915
S214011A30684624F037FC18B9044B1B8823449CB233
S214011A40204603B030BD00BF88470020D672002074
S214011A50084B1B78FF2B0BD1074B1B78FF2B07D1AD
S214011A60064B1B78022B03D04FF48070FFF720BC87
S214011A70704700BFA46E0020A444002074430020D9
S214011A8010B50446FF2122F0E1FA054B9C4202BF45
S214011A900023A4F588742370BDE81040FFF7D8BF73
S214011AA0844400202DE9F0479A462A4B81461B784C
S214011AB088461646BDF82050002B49D0FF2D3ED94A
S214011AC038252846BDE8F087234B0C223146A01D59
S214011AD0636184F80090A4F802800BF0E1F8A28913
S214011AE0414642F4004242F040022046A28122F0E2
S214011AF0D8FD2A46514660690BF0D2F84146484661
S214011B00A21D258324F020F9A0760028D8D005440C
S214011B10013DB5FBF0F0FF28D2DC0023E07620463D
S214011B20A383FFF731FF054680B923794FF4807010
S214011B30B372FFF7A3FB227C099B1A80C1E7074C0F
S214011B402778FF2FC0D040F60345BAE72770F2E7A3
S214011B500225B6E7467300200C640020A44400204A
S214011B60B0F9063010B5002B25DA144C2278237C08
S214011B70FF2A02D0827A9A4207D0114C2378FF2B93
S214011B8017D0827A237C9A4213D169B9637F013BCD
S214011B90DBB263775BB90B4A237F12782046134486
S214011BA02377FFF7F1FE0146204622F089FDFFF775
S214011BB04FFF012010BD0020FCE700BFA444002019
S214011BC0A46E0020467300202DE9F04F9A46B1F925
S214011BD0063091B0002B0D461746DDF8688004905C
S214011BE080F22981B8F80030FF2B04D94FF4B87180
S214011BF0A6482AF04EFAA64B00241A7893F8040158
S214011C00B3F80211002A40F0A5802E7AA14A127874
S214011C10B24240F2AF800222A3F802711A70AA7A89
S214011C20FF2483F804210022A3F8084183F8052144
S214011C30A3F80621B8F80020954883F80C21FFF791
S214011C408BFE3846FFF7E0FE214600EB4002924845
S214011C5022F0EBF94FF48070FFF710FB8C4C94F8F0
S214011C600A91B9F1FF0F20D18A4A94F8053112780A
S214011C701344B34219DC94F80C1184F80531B4F816
S214011C800631204601FB0233A4F80631FFF764FE55
S214011C900122824B38461A70FFF7B6FE494600EB22
S214011CA0400204F5887022F0C0F994F80531B34279
S214011CB060D8DFF8E0B19BF800C00CEB0302964257
S214011CC058DA764994F808210878013A002853D062
S214011CD0964205DAB8F8002084F80C2100220A7032
S214011CE0B6FBFCF901220CFB196994F80A015FFAAC
S214011CF089F902FA09F2D1B2024076B92889000AB6
S214011D00844584F8080108D92046CDE906210593C3
S214011D10FFF722FEDDE90621059B94F80A0101433F
S214011D2084F80A1182B994F80921B4F806C101327F
S214011D3084F80921B8F80020DAF800100CEB02004C
S214011D40FF2826DD0323237094F80831013B9E42C9
S214011D5030D138E0AE7A864202D18F4200D11C469D
S214011D602E7A002C7FF47BAF002A3FF44FAF012A76
S214011D703FF44CAF01205FE09642B1DA94F80C11C3
S214011D8098F800209142ABD004F58870FFF778FEF2
S214011D90F0E794F80CE1F31A0EFB03C3A01C10FA4B
S214011DA083F005920AF07CFF94F80831059A013B0E
S214011DB09E4244D0012394F80A2103FA09F3013B19
S214011DC01343FF2B04D122462946384622F06AFCEB
S214011DD094F8083194F809219A42CBD19BF8003047
S214011DE0B2FBF3F103FB112212F0FF0218BF1346F8
S214011DF02278022A26D1264A023410785178012800
S214011E0004BF01315170012224F8022CEA88B4F88B
S214011E10041122F04002EA8094F809210A44591E6E
S214011E2094F80A3113FB01F31344A8F80030CAF8FA
S214011E300040FFF70DFE002011B0BDE8F08F84F8DA
S214011E400B21C0E76979002994D0032A92D1B4F80E
S214011E50062194F80B1108AE11445A1E94F80C3161
S214011E60284613FB02F30B4400219BB2A21CA8F8E0
S214011E700030CAF80020CDE900710296049907F0F7
S214011E8005FD8921304623F05CFF7DE7C8E80300A5
S214011E907443002046730020844400200B64002015
S214011EA013B5044618B101280BD002B010BDFF23AC
S214011EB001460093064A0748FEF7E2FC064B1C70F3
S214011EC0F3E7FFF743FDFF22044B1A70EDE700BF6F
S214011ED0811A01008444002074430020A444002099
S214011EE013B501A909F04AFE044648B9BDF8063003
S214011EF09DF80420034906F0E9FA204602B010BD19
S214011F008120FBE75FE9030013B5694609F042FE4D
S214011F10044688B9BDF802309DF80020074906F04E
S214011F20EFFA2046019906F043FA2046044906F0E6
S214011F30CDFA204602B010BD8120FBE783E90300FD
S214011F40A9E9030037B5694609F048FE044618BBFF
S214011F509DF801309DF80020104906F0D1FA104D89
S214011F609DF80120E3B29A4206D800200D4906F0FA
S214011F70ADFA002003B030BD0198630003F4FF738F
S214011F8002220021184423F0F5FD294602460020CE
S214011F9006F0B6FA0134E3E78120EBE7ABE903008C
S214011FA0DAE90300831B040013B501A909F0ECFD6F
S214011FB0044648B9BDF806309DF80420034906F0EA
S214011FC085FA204602B010BD8120FBE7E4E9030054
S214011FD030B500240B4D85B06946E0B224F02EF9E9
S214011FE050B99DF80030032B06D12946BDF80530BF
S214011FF09DF8012006F06AFA0134202CECD105B0D8
S21401200030BD00BF0BEA030008B50020034906F007
S2140120105DFABDE80840FF2000F0DEBA1DEA0300C5
S2140120202DE9F04F85B006460D46174622F088FB8F
S214012030044640B130463A46294622F06BFB002062
S21401204005B0BDE8F08F4FF003094FEA15285FFA97
S21401205084FA6946504624F0F1F8B8B99DF800B004
S214012060BBF1000F12D1694650468DF800908DF8ED
S21401207005508DF806808DF8016024F0E3F80246DD
S2140120800028D7D05846064906F020FA0134202CFD
S214012090DDD10020034906F019FA8920D0E700BFF8
S2140120A032EA030059EA03001FB5002304468DF8FF
S2140120B00F3022F030FB28B19DF80F3063F07F031C
S2140120C08DF80F30182301930DF10F0300220093B2
S2140120D004214023204623F0CEFB024618B10020FF
S2140120E0024906F0F3F904B010BD00BF74EA03001C
S2140120F01FB502A909F060FD044688BBBDF808209B
S214012100184906F0FDF92046039906F051F92046D4
S214012110154906F0DBF94FF6F672BDF80810134CB8
S2140121204B1E9BB2934219D82368039A1B685879B1
S214012130FFF776FF23681B79012B0BD8BDF8083013
S2140121400022CDE900030421094B092006F044F8DA
S21401215023F0F1FD6FF0FF0004B010BD8720E9E722
S2140121608120F9E793EA0300A9E903004C4800201F
S214012170AAEA030070B504468AB005AD1122002113
S21401218028460AF03BFD204604A909F009FD04464D
S21401219000283AD11E4EBDF810201E4906F096F9C9
S2140121A032681379012B28D84FF6F670BDF8101057
S2140121B04B1E9BB2834224D81368587922F0C0FA8A
S2140121C008B333682A461B68BDF81010587922F008
S2140121D0A0FABDF8103001220421CDE90043092000
S2140121E00D4B029505F0F8FF23F0A5FD034620B13F
S2140121F000200A4A0A4906F069F96FF0FF000AB0A2
S21401220070BD8724E5E78B24E3E78120F7E700BF6D
S2140122104C480020ADEA0300C2EA0300C6EA030008
S214012220D1EA03002DE9F0479AB004A909F0D0FCE1
S2140122300446002840F0B5809DF810205B4906F062
S2140122405FF925465A4E9DF81020EBB29A4254D8B3
S2140122500020584906F03AF99DF81050002D40F03C
S21401226099802C462E46544F06A9F0B223F0E6FF7D
S214012270C8B99DF81830032B15D13B689DF8192075
S2140122801B685B799A420ED19DF81D2005F1680303
S2140122906B4403F8402C9DF81E200235013403F8E8
S2140122A03F2CEDB2E4B20136202EDDD19DF8103080
S2140122B00BB1002C77D00AABCDE90143FF230222F4
S2140122C00421009309203D4B039505F085FF23F07B
S2140122D032FD034660B19DF81020002A5FD0384ACF
S2140122E03849002C08BF0A460020374906F0EEF8A8
S2140122F06FF0FF001AB0BDE8F08705986B0003F495
S214012300FF7302220021184423F034FC31460246B2
S214012310002006F0F5F8013595E70598730003F4FB
S214012320FF7302220021184423F024FC0027804674
S2140123305FFA80FA06A9F8B223F080FF00BB9DF889
S2140123401830032B1CD1D9F800309DF819201B68D2
S2140123505B799A4214D19DF81D30534510D19DF8F2
S2140123601E30C8F307229A420AD105F168036B446E
S2140123700235013403F840AC03F83F2CEDB2E4B269
S2140123800137202FD6D101369DF81020F3B29A429C
S214012390C3D88BE70025DFF820902E46F4E7084ADD
S2140123A0A2E78120A6E78B20A4E700BF2BEB030062
S2140123B0DAE90300831B04004C4800204AEB0300C3
S2140123C0FCEA03001AEB03004EEB03002DE9F04391
S2140123D089B002A909F0EAFB0446002867D1BDF8D6
S2140123E00820344906F072F84FF6F672BDF8085028
S2140123F0DFF8D4906B1E9BB2934254D8D9F80030C4
S21401240029461B685F79384622F09AF900284CD095
S21401241026465FFA86F8404603A923F00FFF28B93F
S2140124202946384603AA22F078F920B90136202E2B
S214012430EFD14FF0FF08404623F0FEFE014658BBA1
S214012440112203A80AF0DAFB2946384603AA22F02D
S21401245061F9D9F800301A79012A18D81B68BDF835
S2140124600810587923F047FBBDF8083003220421F1
S214012470CDE900430920104B05F0AEFE23F05BFCCE
S214012480034620B100200D4A0D4906F01FF86FF0F3
S214012490FF0009B0BDE8F08302460A49002006F0B5
S2140124A015F80124D5E78724D3E78B24D1E78120CB
S2140124B0EFE700BF70EB0300AAEA0300AEEB0300F0
S2140124C0D1EA030087EB03004C4800202DE9F043D6
S2140124D0DFF894800020D8F8003021491B688BB0C3
S2140124E05E79002505F0F2FF01275FFA85F9484677
S2140124F001A923F0A3FE044690B99DF80430032BEE
S2140125000ED19DF80530B3420AD1484623F094FE19
S2140125100146A0B102461349204605F0D7FF2746DB
S2140125200135202DE1D1D8F8003000211B685879FB
S21401253023F0E1FA87F001000BB0BDE8F083112229
S21401254005A80AF05BFBBDF809403046214605AAFE
S21401255022F0E0F82146304623F0CDFAE0E700BF4E
S214012560BBEB030087EB03004C48002037B56946F8
S21401257009F028FB044638BBBDF80020134905F0D6
S214012580BFFF134D2046019905F012FF2046114961
S21401259005F09CFF2B681B68587923F0BBFB70B1D4
S2140125A04FF6F672BDF800104B1E9BB2934209D847
S2140125B02B68019A1B685879FFF732FD04462046BE
S2140125C003B030BD8724FAE78120F9E7CFEB03009B
S2140125D04C480020A9E903007FB505460024E6B271
S2140125E06946304623F02AFEA8B99DF80030032B31
S2140125F011D19DF80130AB4204D0FF2D0BD19DF8CF
S2140126000D3043B9304623F017FE024618B10020BC
S214012610034905F05BFF0134202CE0D104B070BD06
S21401262087EB0300034B1B681878012808BF0220BC
S214012630704700BF88470020D0E9023253F82230A5
S2140126401A78024B1A7000F0E7BA00BF0B6500203B
S21401265070B5D0E902456B1EDBB254F823000322A5
S2140126601B490AF017FE54F8253004EB8504197847
S21401267063681A78A2F10B030F2B05D915490020C0
S214012680BDE8704005F022BF01290FD1124C9140E0
S214012690236840B90B43114A23600020BDE870400F
S2140126A00F4905F013BF23EA0103F4E702290CD111
S2140126B001230C4903FA02F20B6818B913430A4ABC
S2140126C00B60EAE723EA0203F9E70A460749D6E779
S2140126D0F3EB0300F7EB0300C86E00200DEC0300DC
S2140126E015EC0300C46E002028EC030032EC030056
S2140126F007B5D0E9023103EB810253F821300B49CB
S2140127001B785268012B0A4B08BF0B4612684FF024
S21401271000001A600092074A074B084918BF134683
S214012720074A05F0D3FE03B05DF804FBC86E00202F
S214012730C46E00204DEC030045EC030057EC03008B
S2140127406C6E040038B5254A254B264C00202649D8
S21401275005F0BCFE0020254905F0B8FE2268244994
S214012760002005F0CDFE2068224C234D05F088FEA2
S2140127702146002005F0AAFE2A682049002005F01F
S214012780BFFE286805F07CFE2146002005F09EFE6F
S2140127901B4B1C491A781C4B002053F8223005F0BD
S2140127A095FE00F00DF919490246002005F08EFE4F
S2140127B0174B00201A78174905F088FE164B174963
S2140127C01A78002005F082FE04F0C6F9BDE838400C
S2140127D002461349002005F079BE00BF6C6E040066
S2140127E071EC0300C86E002078EC030080EC030057
S2140127F08EEC0300F1D20300C46E00209FEC0300B0
S21401280039650020B0EC0300CC6E0020C3EC030059
S2140128101E650020D7EC03001D650020E9EC0300CF
S214012820FBEC030007B500F071F8054B0090054A74
S2140128300020054905F04AFE03B05DF804FB00BF21
S21401284011ED03006C6E040092E80300F8B504462F
S2140128500B4F0C4E0C4D00200C4A0D4905F036FE70
S21401286020463B7829783278F4F782F800233B70CB
S21401287033702B70FF21BDE8F840064821F0E6BB17
S214012880396500201D6500201E6500206C6E040061
S21401289016ED0300C444002037B51248FF2121F08D
S2140128A0D5FB114B187810F0100505D0002003B0A9
S2140128B0BDE8304003F01CBF0121B42004F0C6FA85
S2140128C004460A4B0A4A0B490090284605F0FEFDCD
S2140128D02046FFF7BBFF4FF4806003B0BDE83040F1
S2140128E0FEF7E6BCC4440020396500202DED030048
S2140128F06C6E040092E803000021024A0248FDF7CC
S214012900F5BF00BF99280100C444002008B5054B57
S2140129101B7823B11720FFF799FF002008BD02207E
S214012920FCE700BF3965002010B550B1054B00F13A
S214012930100250F8044B904243F8044BF9D1024B75
S214012940197010BD1F6500202F65002037B5174D83
S21401295004462B78DB0626D50090154B0020154A39
S214012960154905F0B3FD1E2C0BD0652C09D0032CA0
S21401297019D0002023F0DAFC40F61C40FFF766FF72
S2140129800DE023F0FBFC4FF4FA63B0FBF3F202FB1D
S2140129901300C218FF21094892B221F046FB2B789A
S2140129A023F010032B7003B030BD00BF3965002043
S2140129B046ED03006C6E040092E80300C444002058
S2140129C0014B1879704700BF085E002070B54C4E69
S2140129D08EB0337803F0FB02A3F10905022AEDB2AB
S2140129E058D0042B41F6041257D0A3F108014B42EC
S2140129F04B415B0013434348ADF80C3021F0D0FE49
S214012A0048B9414B3F4A03F1100153F8040B8B427E
S214012A1042F8040BF9D13D4B1B78002B3FD03C4BC1
S214012A200DF10E0203F1100153F8040B8B4242F82C
S214012A30040BF9D103A823F099FC2328044610D1EE
S214012A40012D49D80020334A334905F03FFDBDF832
S214012A500C3003A823F40053ADF80C3023F086FCA9
S214012A600446002C41D14FF40C7023F07DFC044643
S214012A7000283AD103F0FAFE012D36D8274A01ABD9
S214012A801068516803C3264901A823F0CBFC78B32C
S214012A9019242AE043F60412A7E70223AAE73378AB
S214012AA0042B0DD0082B0BD01E4B0DF10E0203F19B
S214012AB0100153F8040B8B4242F8040BF9D1B9E725
S214012AC0104A0DF10E0302F1100152F8040B8A426E
S214012AD043F8040BF9D1ADE7337803F0FB03022B7F
S214012AE003D10020104905F0F1FC20460EB070BD60
S214012AF0044901A823F096FC04460028C8D1F4E74F
S214012B00396500200D65002013EE03002F650020B7
S214012B101F6500206C6E04006AED030024EE0300BE
S214012B205C6E04002DEE0300C5ED030070B50026B3
S214012B3086B00446252023F0FFFB16220021164806
S214012B400AF05CF8154B1E60154B1878FFF76AFD06
S214012B50022814BF0123042303208DF8083023F034
S214012B6039FC04238DF810300E4B02A8059303940C
S214012B7003F030FD05460C4B0C4A19680C4B3046E9
S214012B80A14208BF134600940A4A0B4905F09EFC71
S214012B90284606B070BD00BF085E0020E444002051
S214012BA0396500208D2E0100C86E002045EC03001B
S214012BB04DEC03006C6E04003EEE030008B5134AAC
S214012BC01378042B09BF124B01331B78C3F106039C
S214012BD0DBB2137003F0FD02092A04D11720FFF7B8
S214012BE035FE172008BD0A4A1278002A14BF0522AE
S214012BF006229A4207D1074B18680028EED0FFF745
S214012C0095FF4D20EEE70020ECE700BF3965002078
S214012C102F650020C46E002073B51E4C1E4E23681F
S214012C203268134334D01D4B1B6853B31C4D2B78AD
S214012C303BBB03F091FFF8B94FF48060FEF71EFB33
S214012C40184B24681B7894B1C3F102032B7003F070
S214012C5047FD2046FFF76AFF04460020124B134A41
S214012C601349009405F032FC204602B070BDC3F152
S214012C70060334682B70EAE70121B42004F0E6F875
S214012C80EAE70020094A0B4905F020FC0224E4E7A4
S214012C900224E9E7C86E0020C46E002088470020A1
S214012CA0396500202F65002086EE03006C6E040057
S214012CB092E803006CEE03002DE9F347384D394ED8
S214012CC000202A792B88384905F000FC32682879DB
S214012CD022FA00F010F0010002D1344905F0F6FBAB
S214012CE0334F3C783CB10822324933480AF0D2FAD5
S214012CF0041E18BF0124DFF8DC80DFF8A490DFF89B
S214012D00B4A014E098F8000049460130C0B288F833
S214012D10000023F003FB002835D13C783CB10822A3
S214012D20514625480AF0B6FA041E18BF01242A792E
S214012D303368D340DB07E5D5002CE3D100922B881E
S214012D401E4A1F49204605F0C1FB1E4B1878FFF7A7
S214012D5069FC01230322124923F0E6FA1A4A0546C2
S214012D6013780133137010B902B0BDE8F08720461E
S214012D702B46124A154905F0A9FB284602B0BDE8C4
S214012D80F047FFF763BD0020114905F09FFBFFF7F1
S214012D9015FF0028E8D102B0BDE8F04700F01CB8E6
S214012DA0085E0020E44400208CEE0300BDEE030024
S214012DB03865002030650020165E00206C6E040029
S214012DC08CEF0300396500201D6500202DEF030000
S214012DD056EF03000C6500202DE9F041214C224DF1
S214012DE02378002055F82330204A214905F06EFB50
S214012DF0FFF7ECFD03461D4E1E4FDFF874802BB91E
S214012E002378042B15D8B3B91B4B15E03246394647
S214012E10002005F05BFBFFF7D1FE00BB23783246AE
S214012E2055F82330414605F051FBFFF7CFFD034629
S214012E30E5E7092BE8D1114B00201B68104A114920
S214012E401360114B187023F069FA20B1BDE8F04108
S214012E500120FFF7FBBCBDE8F041FFF72DBFBDE841
S214012E60F08100BF39650020CC6E00206C6E040036
S214012E70ACEF0300B9EF0300C46E0020C86E00205B
S214012E80E4440020085E00200C65002070B51C4C50
S214012E9023789BB3838913F4407F2FD0056835B11F
S214012EA02A46BDE870400020164905F00FBB23F006
S214012EB033FA154E03463070144A2846144905F075
S214012EC005FB33781BB1BDE87040FFF785BF23785B
S214012ED0082B0CD8042B0CD80E4B1B78C3F1060319
S214012EE023700D4BBDE870401868FFF71FBE0A2B14
S214012EF0F2D1BDE870401820FFF7A8BC70BD00BF36
S214012F0039650020E4EF03001E6500206C6E0400A6
S214012F1011F003002F650020C46E002030B5464D29
S214012F2003460446454A0020454987B005F0CEFAD7
S214012F302B782BBB01A823F077FA022301A88DF882
S214012F40043023F05FFAB0B93E4901A823F05CFAD9
S214012F5088B1152C0FD123F011FA47F23153B0FB8B
S214012F60F3F202FB130000F51C50103080B203F0A0
S214012F70BFFB07B030BD162CFBD103F0F3FBF8E71F
S214012F80152C2AD100202D4A2F4905F09FFA2B78BF
S214012F90042B11D0082B0FD02C4B1B78DA070BD43F
S214012FA001A823F0DDF918B9BDF804309B0703D456
S214012FB02B7843F010032B7023F0E0F94FF4FA63FB
S214012FC0B0FBF3F2FF2102FB1300C218204892B2B5
S214012FD007B0BDE8304021F028B823F001FA0446D6
S214012FE00028C6D12B78013B092B1ED8134A194954
S214012FF005F06CFA184A194913780133D8B21070E3
S21401300023F08CF960B12046154905F05FFAFFF709
S214013010D5FD0028ADD107B0BDE83040FFF7DCBED6
S21401302007B0BDE83040FFF747BE40F61C4007B08A
S214013030BDE83040FFF70ABC396500206C6E04001D
S21401304035F003005C6E04004CF003000B650020B5
S214013050C44400205FF003000C650020085E0020D9
S21401306056EF03002DE9F0410B4686B004460E46A6
S21401307017463A490246002005F028FA4FF00008A4
S2140130800123CDE901380DF1160300934246402392
S2140130900621204622F024FC054640B1024630496E
S2140130A0404605F013FA284606B0BDE8F0819DF8C3
S2140130B016202AB936B900202A4905F007FAF2E7A0
S2140130C0012EF8D082F00103002027498DF8173031
S2140130D005F0FCF99DF817300DF1170633B31023F0
S2140130E00022CDE9006306214023204622F0C3FBDF
S2140130F0064630B1324600201C4905F0E7F9354650
S214013100D1E74FB90821204622F017FA20B1204610
S2140131109DF8171022F0F0FC0521204622F00DFA4A
S2140131200028C0D0204622F0E4FCBCE74FB90821B5
S214013130204622F002FA20B120469DF8171022F010
S214013140DBFC10230022CDE9006306214023204644
S21401315022F091FB06460028DED0CBE78EF2030074
S214013160AAF20300C3F20300E3F2030003F3030031
S214013170002208B5034B11461B681B685879FFF7F8
S21401318071FF08BD4C48002008B5044B00221B689F
S21401319001211B685879FFF765FF08BD4C480020E0
S2140131A008B5044B00221B6802211B685879FFF7FB
S2140131B059FF08BD4C48002010B50123002488B0F3
S2140131C001A88DF80430CDE90244F5F7E3FC20466A
S2140131D09DF80420124905F079F92046039A114911
S2140131E005F074F92046029A0F4905F06FF910228E
S2140131F00E4B0DEB0201188840F0604040F4801041
S214013200FBF744F920460A4905F07AF904A822F0AA
S214013210F3FC2046074905F059F908B010BD00BF78
S2140132201CF303003BF303005AF303001C6E040077
S21401323079F30300831B040008B521F0E2FA0020AD
S214013240024905F043F9012008BD00BF96F30300CB
S2140132500023054A8360C360044BC0E9002311B113
S2140132604FF6FF730B807047491042AA26300211B1
S21401327010B5044660B10020064905F027F9052C73
S21401328006D002F0CBF904490246002005F01EF9EB
S214013290012010BDAAF30300BBF3030037B50021DC
S2140132A06A4601AB054621F06DFB044668B1002273
S2140132B00F49104605F00AF902F0B0F90D49024629
S2140132C0002005F003F903B030BD0B4905F0FEF808
S2140132D0012020F0ACFA01F099FF431C02D007F060
S2140132E09DFFF0E721462846FFF7A6FFEBE700BF64
S2140132F0E4F30300BBF303002CF4030038B50546E2
S21401330001F084FF044622F0C0FB4DB100200E49B7
S21401331005F0DCF8631C14BF2046002007F040FFD0
S21401332021F07DFA0228044605D0012805D10020A7
S214013330064905F0CBF8204638BD0020044905F0C3
S214013340C5F80024F7E700BF49F4030063F403005F
S2140133507CF4030008B50020034A044905F0B6F8DA
S214013360BDE8084000F050BD2604040095F40300B3
S21401337008B50020034A044905F0A8F8BDE808404E
S21401338001F0CAB9B4F4030095F403001FB5D0E9FF
S214013390023253F8223068461C78214601F0D0FBF1
S2140133A0684601F073FC28B92246044905F08EF8F8
S2140133B004B010BD6846FFF771FFF9E7BAF40300E1
S2140133C00020014905F082B8D6F403007FB50DF15F
S2140133D0060102A8FFF73CFF0020264905F076F813
S2140133E00020BDF80820244905F070F80020BDF83B
S2140133F00A20224905F06AF8039A0020204905F0C0
S21401340065F800201F4905F07BF84FF6FF73BDF8FD
S21401341006209A4229D000201B4905F057F80020C3
S2140134201A4A1B4905F052F800201A4A1A4905F0B3
S2140134304DF800221949104605F048F80020154AB3
S214013440174905F043F80A220020164905F03EF810
S2140134500A220020144905F039F80A2200201349EF
S21401346005F034F807B05DF804FB0020104905F0BC
S2140134702DF8D4E7E5F40300FDF4030016F5030088
S2140134802FF5030048F5030053F30300E09304000F
S2140134905EF50300C02709007DF503009CF50300D7
S2140134A0BBF50300DAF50300F9F5030017F6030090
S2140134B05BF5030008B50020034905F007F8BDE8F1
S2140134C00840012001F0FAB935F6030008B50020DE
S2140134D0034904F0FBFFBDE80840002001F0EEB907
S2140134E04EF6030030B5104B104D1B5C85B08DF8C1
S2140134F00F302B780446834206D00D4B0D4953F806
S2140135002020002004F0E2FF30232C700A480193AB
S2140135100DF10F030093062280231921007822F073
S214013520AAF905B030BD00BF836E040041650020D6
S214013530906E040066F60300307300201FB5232347
S21401354003900193064803AB0093012280231921BF
S214013550007822F090F9039805B05DF804FB00BFEF
S2140135603073002073B5164D04462B78154ECBB13B
S21401357021F076F9012815D0346040F6B244124B9A
S2140135801B78072B17D02D78C5B921F069F9031ED2
S21401359018BF01230D48009522461921007821F015
S2140135A0EEFC03E000233360002CE8D1201E18BF98
S2140135B0012002B070BD02250123EBE70025FBE7E1
S2140135C03E650020E844002041650020307300205D
S2140135D008B50448FFF7C6FFBDE808400220FFF71C
S2140135E081BF00BFC027090010B5064C208822F015
S2140135F084FA608822F081FA6068BDE8104022F003
S2140136008BBA00BFEC4400207FB523238DF813301E
S2140136100DF11303029304230648019305AB0093AF
S214013620012280231921007822F05AF9059807B063
S2140136305DF804FB307300202DE9F047DFF84C916C
S214013640044699F8000090460F4621F058FF0B28D3
S21401365099F8002005D9BDE8F04700203F4904F05D
S21401366035BF00263E4B3F4D1E803F4BDFF820A165
S21401367003EB00135B8801202B802A7104F04EFEB9
S21401368005F0F6FE04F04AFE204604F047FE01234C
S214013690042C8AF800300BD8022C45D89C4216D050
S2140136A02346BDE8F0470020304A314904F00EBFFA
S2140136B0062CF5D130462F4904F008FF384604F0B1
S2140136C02DFEFFF791FF97B18AF800600FE04FF6E5
S2140136D0FF76294F3888801B18BF012004F01EFE94
S2140136E0FFF782FF3888B04201D022F006FA19238C
S2140136F06B8099F8003000202B71204B1B786B7182
S214013700EB8843F04003EB801D4B198822F0A4F9A7
S214013710034620B1224600201A4904F0D7FE40464F
S214013720BDE8F047FFF71EBF304604F0F7FDFFF790
S2140137305BFFFFF769FF22F0EFF9134B1B78002BB5
S2140137400CBF3F20202004F0E9FD042CCFD14FF41C
S214013750806022F0D2F93220C7E700BF79F6030075
S2140137602C5E0020305E0020BC46002033E40300BF
S214013770C5F60300A8F60300205E00202F73002084
S214013780D0720020DEF603003D6500203073002075
S2140137903E65002038B5044605200D46FFF7A2FE1B
S2140137A0184B1A884FF6FD739A4207D10020164926
S2140137B004F08CFEBDE83840FFF70ABF65B1134A36
S2140137C013780133DBB2092B137014D90A220020B7
S2140137D00F4904F07BFEEDE7012C0ED10B4B1D705B
S2140137E00C490D48FFF734FDBDE8384000210120A3
S2140137F00A4AFFF721BF012CF2D0BDE8384007483E
S214013800FFF7B0BED072002018F703004065002015
S21401381043F70300205E0020EC440020E093040000
S21401382008B50649002004F051FE0548FFF736FDAD
S214013830BDE8084000210846FFF7ACBF87F7030044
S214013840EC440020814237B50346154608D20020D5
S21401385000910F4A0F4904F039FE002003B030BD35
S2140138600C1A224600200C4904F030FE40F6BB53E9
S21401387022460020094904F029FE4FF47A735C437E
S214013880074B01209C4294BF2C602B60E6E700BFEB
S21401389033E4030098F70300D5F70300F0F70300BD
S2140138A080EE360010B504460820FFF71BFE0D4BD0
S2140138B03CB91C700021BDE8104006200A4AFFF7FB
S2140138C0BBBE1B78092BF5D90A220020074904F054
S2140138D0FDFD0020064904F0F9FDBDE81040FFF7A4
S2140138E09FBF00BF40650020C02709001CF80300E9
S2140138F05DF8030073B51F4D2C7834B100201E49C6
S21401390002B0BDE8704004F0E1BD0220FFF7EAFD19
S214013910FF221A4E1A4B30781A7021F0F0FD0B2850
S21401392007D920463278174902B0BDE8704004F046
S214013930CDBD154B1549009301EB0011012319224A
S2140139404FF6FD70498805F037FA70B120461049E8
S21401395004F0BCFD00220F4B0F481C700F4B1A7071
S21401396002B0BDE87040FFF7FDBD01240C492C7084
S214013970EEE700BF3F6500206EF8030030730020BD
S2140139802F73002079F60300853C0100BC46002019
S214013990AFF803003E650020C027090040650020FF
S2140139A0D5F8030038B5144D04462B78052B21D9DC
S2140139B01249FFF75DFC24B918B9114904F086FDD8
S2140139C00424104B195D21B9BDE838400846FFF7BD
S2140139D069BF032C06D02B78052B03D006200A4A94
S2140139E0FFF72AFE0021094B08461970BDE838404A
S2140139F0FFF7D0BE38BD00BF41650020EC44002073
S214013A00F7F80300796E0400C02709003E65002020
S214013A1030B5044689B00720FFF764FD052C0AD1AE
S214013A2000222A4B03A91A7002A804AA01F0FEFD7F
S214013A3030B1022045E09CB90122244B1A700224C1
S214013A40224D287878B1421E504221495041FFF755
S214013A5055FC022304462B70022C0ED10A200FE0DF
S214013A60022CE6D1EBE7631F5A424FF005001849D6
S214013A705A4120F0FCFE0446EEE7032C04D1002058
S214013A80FFF770FD09B030BD062C06D100201149A4
S214013A9004F01CFD01232B70E0E70F4A0F4B28783A
S214013AA0002C18BF13460E490E4A0094002808BF82
S214013AB00A4600200C4904F009FD201E18BF01200B
S214013AC0400009B0BDE83040FFF76CBF3C65002000
S214013AD0EC44002032F903002BF9030024F903001B
S214013AE013F903001DF903006DF9030013B51F4C0C
S214013AF00620FFF7F7FC2278092A09D900201C497D
S214013B0004F0E4FC042002B0BDE81040FFF74ABF11
S214013B10184B1B782BB300201FF0ADFE20F0A0FE43
S214013B2068B9FFF771FD144B196820F090FE024644
S214013B300420002102B0BDE81040FFF77DBD01A8BA
S214013B4020F08CFEFF2809D14FF4FA602378013368
S214013B50237002B0BDE81040FFF704BD0198FFF7DF
S214013B60EDFC4FF4FA620320E3E700BF4065002056
S214013B7088F903003D650020FC440020F023F0B5E1
S214013B8089B0CDE90003344880230022192100784A
S214013B90324E334F21F06FFE0020324904F096FC7E
S214013BA03246394603A801F041FD032804462E4D4E
S214013BB01CD10626039A2D49002004F087FC0398A1
S214013BC0FFF7BCFC0020396800F0ACFE2E7001F057
S214013BD09FF900220446264B30461A70FFF782FCF6
S214013BE084BB09B0BDE8F040FFF780BF28BB726810
S214013BF0204904F06BFC214604A8FFF729FB059B2E
S214013C00726893420BD020461B4904F05FFC0723E1
S214013C1005202B7009B0BDE8F040FFF7F9BE1A4643
S214013C202046164904F052FC0523002101202B7082
S214013C3009B0BDE8F040FFF7ADBD0020104904F023
S214013C4045FCF1E7042C05D0042009B0BDE8F0409E
S214013C50FFF7A8BE09B0F0BD30730020EC44002089
S214013C60FC440020C0F9030041650020F1F903007F
S214013C70406500202CFA030065FA0300B9FA030038
S214013C80F5FA0300F7B50446876800202378364D19
S214013C90012B287004D0354B3549187004F016FCFA
S214013CA026785EBB334B1B78FF2B04D103B0BDE8EF
S214013CB0F040FFF78DBC304B1B78032B11D82F4CEF
S214013CC00320FFF70FFC6946208822F071FB0028CD
S214013CD043D02B49208805F0EDF820B12E70FFF770
S214013CE077FC03B0F0BD0124204B26491C7004F07C
S214013CF0EDFB0320FFF7F6FB2C70F2E7012E25D132
S214013D003B78002BEDD01B4D2B78FF2BE9D1A688F5
S214013D1002F04AFF864206D100201B4903B0BDE8E7
S214013D20F04004F0D3BB194BA2881B783BB132B1EB
S214013D301749002003B0BDE8F04004F0C7BB7B681C
S214013D4014491B782B700D4B1A80F2E7032E08D10D
S214013D5008226846A16808F0A3FF6846FFF70EFF31
S214013D60BFE700232B70A1E73E6500203F650020DA
S214013D7010FB03002F73002041650020D072002045
S214013D80853C0100D5F8030030FB03003B650020AD
S214013D9056FB030081FB03007FB5094B1A78FF2A07
S214013DA00AD1187001F088FB0022064B0DF10601BE
S214013DB002A81A80FFF74CFA07B05DF804FB00BFB3
S214013DC0307300201E5E0020152838B517D10C4B25
S214013DD01D78A5B922F0D2FAC4B2012C38BF01244D
S214013DE00120FFF77FFB28462246064904F06EFBBA
S214013DF04FF47A706043BDE83840FFF7B3BB38BD77
S214013E00416500209EFB0300034B1B78022B01D863
S214013E10FFF770BD704700BF4165002070B5284CA4
S214013E2020F019FD2578274EBDB10020264904F063
S214013E304DFB264A13780133137000232370337821
S214013E40062B0AD1BDE87040214B1868B0F5FA6F11
S214013E5038BF4FF4FA60FFF785BB3378013B082B78
S214013E602CD8DFE803F005090D2B13191D222700B6
S214013E70BDE87040FFF7C8BFBDE87040FFF73ABD28
S214013E8000232370BDE87040FFF7A2BB2946BDE8BA
S214013E9070400120FFF77EBCBDE87040FFF726BEEC
S214013EA00220BDE87040FFF7B3BD0120BDE87040B9
S214013EB0FFF7F8BCBDE87040FFF7B2BC70BD00BFAD
S214013EC03E65002041650020CDFB030040650020D3
S214013ED0E844002010B90520FFF764BD034B1B78AA
S214013EE0062B01D1FFF79ABF704700BF416500203E
S214013EF02DE9F0478E68054633189A780C46092A4C
S214013F008EB008D90020A34904F0E0FA85242046A3
S214013F100EB0BDE8F08750B98B899F49895C8B420A
S214013F2005D200919D4904F0D1FA8024EFE79C4B1D
S214013F30E7881B889F4236D09A490978012932D9E9
S214013F4032B13A460020984904F0C0FA7E24DEE7F2
S214013F50964B1A70934B26791B78052B03D0012BB1
S214013F603AD8FFF751FF5EB93146204621F0E9FE07
S214013F700346002851D030468D4A8E4904F0A6FAF1
S214013F80D4F80880A48998F8037098F80450002E95
S214013F904CD13046884A894904F098FA002101201C
S214013FA0FFF7F8FB4FE00021804B1970072A00F25B
S214013FB08A8301A353F822F0553F01000341010013
S214013FC0034101001543010015430100154301009B
S214013FD0AB450100AB450100022B17D102F0E4FD11
S214013FE08742B3D00020764A764904F06FFAFFF78D
S214013FF081FC46BB3146204621F0A3FE034610B3A2
S2140140006B4A6C49002004F061FA1CE06E4A0020FD
S2140140106E4904F05BFA012479E7A3681B78DA0697
S214014020AED432466A4904F051FAA9E700210AA83B
S214014030FFF70EF9032F08D95F4B664A66490097CA
S214014040002004F043FA002461E76B1E632B04D9B9
S214014050594B604A61490095F2E7614BE4B2DB5D7A
S2140140609C4209D0CDE901430020534B594A5D4992
S214014070009704F02BFAE6E757B3A4B222460521CF
S214014080404621F077FDBDF82830834203D04A4BE5
S214014090554A5649B6E7012F1AD02246072140460F
S2140140A021F068FDBDF82A30834203D0424B4E4AC8
S2140140B04F49A7E7032F0BD122460921404621F09D
S2140140C056FD0B9B984203D13B4B474A494999E71A
S2140140D0642D3FF463AF22F051F96423C0B2B0FB04
S2140140E0F3F203FB12030133DBB29D42BFF456AF7A
S2140140F0CDE900530020304B3B4A3F4904F0E6F936
S214014100A1E7284B1B78052B01D03C4A7FE7EB1C27
S214014110DBB2277BF45C44B123460020374A38499A
S21401412004F0D4F900210C460BE00F2F0DD8102314
S214014130204634490093314A3B4604F0C7F98024AF
S21401414001210020FFF726FBE1E60435EDB220460B
S2140141502A4A2D4904F0BAF97A1B7119D2B206A877
S21401416020F08CFB05443A46E9B2304621F0FFFCCC
S214014170264D069A2B68264F9A42386001D10028B0
S2140141804AD1244900201D4A04F0A0F985240121C2
S214014190D7E700BFEAFB0300BC6E040002FC030085
S2140141A0D07200204165002031FC03003E650020EE
S2140141B0A7FC0300AFFC030037FD03004CFD030022
S2140141C075FC030082FC0300D7FC0300E4FC03003B
S2140141D001FD030061FD030069FD030083FD03008B
S2140141E07F6E0400A1FD0300F6010400DBFD030061
S2140141F005FE03002DFE030054FE030088FE0300A7
S214014200A2FE0300D1FE0300E8FE0300EC440020FA
S214014210FC44002011FF030000F08EFF3E68B04210
S2140142200AD200F089FF9D4903463246204604F033
S2140142304DF98924012184E7079A6B689A4205D1D2
S2140142402046974A974904F041F96BE79649097861
S21401425059B19A4209D22046944904F037F9962179
S2140142600620934AFFF7E8F95CE7924A924905A8C7
S21401427001F0DCF9079E48B96A68964206D88F496C
S21401428004F024F90520FFF7C3FB40E63246002080
S2140142908B4904F01BF939680027002000F042FB27
S2140142A000206E60FFF74AF9864B06201F80FFF755
S2140142B019F9854B1F7001F0B1F90646F8B94FF6AA
S2140142C0FF73824A0AA81188994214BF13463B46D7
S2140142D06A88298801F012F90AA800F0D7FC58B1BB
S2140142E00AA801F0DDF938B13046794904F0EEF854
S2140142F00420FFF757FB0AE6FFF7F8FB07E604285A
S21401430005D1744B1921187820F050FEFFE5384688
S2140143107149EBE7714B1B78062B01D0704A76E6A4
S214014320DFF8A0A1EB1C94F80C90BAF80080DBB281
S2140143302EB930466B4904F0C9F88724E7E5F75CE7
S2140143402C1D972FE4B22FD025D8812F71D0952F11
S21401435067D017BBB9F1100F7FF6E7AD31194A46A2
S2140143600AA820F08BFA0444E4B221464A463046B5
S21401437021F0FDFB231DDBB2053416F803A0E4B2E1
S214014380A9EB04035345054666DA009338465346BF
S214014390534A5549C7E5982F43D03B460020504A1B
S2140143A0524904F093F8C8E7B9F10A0F7FF6BDAD9C
S2140143B01FFA89F721463A46304621F0D8FB05F127
S2140143C0080104463A46C9B2304621F0D0FB0AAA93
S2140143D001462046FFF736FA08B9454B0A93B9F16C
S2140143E00C0F12D905F10C013A46C9B23046DDF878
S2140143F0288021F0BFFB044602463E49002004F017
S21401440065F8AAF8004044440A940A9C3A492246B0
S214014410002004F05BF82046FFF7A4F820F026FA07
S21401442011E63649002004F051F80320FFF7BAFAE6
S21401443009E6334C23786BB120F00BFA50B100201B
S214014440304904F043F80023237020F00FFAFFF7F9
S2140144504DFBF8E52C49E5E7DFF8A49099F8003024
S21401446043B9FFF7D1F88542034607D01C4A2749CE
S2140144700095E5E520F0F4F90128F2D110220D4867
S2140144800AA908F007FF10B9BAF13F0F42D9144A3A
S2140144901F49002004F01AF84FE700BF30FF030061
S2140144A088FE030068FF03003A6500209DFF0300B5
S2140144B0C0270900EC440020FC4400202CFA03002D
S2140144C0DEFF03001E5E002040650020205E002007
S2140144D000000400307300201F0004004165002026
S2140144E0450004005A000400870104006901040025
S2140144F0E093040095000400C0000400DF000400FF
S2140145003D650020FB0004003A010400C3010400DD
S214014510FF0104006D4B187099F800304BB120F084
S21401452098F930B1284620F097F9042807463FF459
S2140145308AAD51462846321920F0D1FA28B100201A
S214014540634903F0C3FF042070E799F8003055442F
S21401455063B120F07EF948B1FF2FF4D0012F3FF46C
S21401456072AD032F16D120F07FF905462846FEF7D7
S214014570E5FF044602460521564820F0A6F9564BAB
S2140145801B689C420AD3204620F0A4FA0520FFF7B8
S2140145903FFA58E520F066F98046E7E74046FEF721
S2140145A0E1FF00287FF44FAD51E74C4B1B7803F039
S2140145B0FD03082B01D04A4A29E5A48935B1F278D2
S2140145C022B10020474903F081FF2EE7E4B22246DC
S2140145D0F11C0AA820F052F9434BBDF8282019888F
S2140145E0054691420DD04FF6FF718A4209D03C4AEA
S2140145F000203E4B3E4903F083FFBDF828203D498D
S21401460047E7BDF82A20598891420CD04FF6FF7132
S2140146108A4208D0324A0020374B354903F070FFF2
S214014620BDF82A20EBE70B9A5B689A420AD0013262
S21401463008D02B4A2E490020304B03F061FF0B9A1D
S2140146402F4926E7A4B2E91C2246C9B2304621F01A
S2140146508EFAE91DC9B207462246304621F087FA8E
S214014660431C014606D10820FEF73CFF2548FEF70D
S21401467079FFE8E4384606AAFFF7E4F8A8B9214B23
S2140146800693214B00221978204B187820F0D2F897
S214014690069C2046FEF766FF224600201C4903F0D2
S2140146A015FF0920FEF71EFFCDE440F6B733069A44
S2140146B09A42E6D840F6B8320020164903F006FFC3
S2140146C040F6B833DCE7812421E400BF40650020D2
S2140146D03202040055020400FC440020416500201B
S2140146E05E02040073020400EC440020F5FD0300A2
S2140146F09A02040053F303001FFE0300B5020400F0
S214014700B20A040080EE36002F73002030730020BA
S214014710ED020400C202040008B50420FFF742F9C6
S2140147200020FEF7DFFE0023054A19211370054A13
S2140147301370054B1878BDE8084020F037BC00BF61
S2140147403E6500203F6500203073002010B5164BF3
S214014750164C1A78164B002053F82220154903F000
S214014760B5FE2178144B154A0020002918BF1A46B9
S214014770134903F0ABFE23782BB1124B00201A68C5
S214014780114903F0A3FEFEF73FFF0446FEF73CFF88
S2140147900E4B196820F08CF82246BDE810400346FF
S2140147A00B49002003F092BE416500203E650020C3
S2140147B0906E040009030400DF090400C009040028
S2140147C016030400E844002030030400FC440020E3
S2140147D04903040038B5014604460020FFF788FB6C
S2140147E0054698B1E37C00200A4A0B4903F06EFEA9
S2140147F02379042B0AD02946204621F0A2FA034643
S21401480020B10020054A064903F060FE6FF0FF0064
S21401481038BD00BF33E4030071030400A7FC0300A6
S214014820AFFC030010B51346094A127882420DD137
S21401483063B1084A002014680A46074903F046FE99
S2140148402146BDE810400120FFF752BB10BD00BF56
S214014850307300204C4800209303040010B50D4B24
S2140148601C782CB1BDE8104000200B4903F02EBE89
S2140148706420FEF763FE4FF6F0716FF00F02074BF0
S2140148800320C3E9001222462146BDE81040FEF788
S214014890D3BE00BF41650020CC030400EC440020D9
S2140148A0014B1870704700BF3D65002000210620AF
S2140148B0014AFEF7C1BE00BFC0270900014B1870B0
S2140148C0704700BF3A650020114B2DE9F0410746BD
S2140148D00D4618680F49101A09681FF0E9FFDFF83E
S2140148E040800D4E98F800400346FF2C307004D0EF
S2140148F0A8420AD32C44A04207DB3A4600200749C7
S21401490003F0E4FD337888F800303078BDE8F081B4
S214014910044500200045002042650020FA040400FA
S2140149203173002050EA010208D0FF22054B091A14
S2140149301A70054B1860054B1960704711461046F2
S214014940FFF7C2BF31730020044500200045002058
S2140149502DE9F04FAFB006AD284600F0FDFD00266C
S214014960624FDFF8D091284600F090F9044648B926
S21401497000F0BEFD5E490246204603F0A7FD2FB0BB
S214014980BDE8F08F39460020F2B203F09FFD2846BD
S21401499016A900F0FFFD044620B15649002003F099
S2140149A095FD8FE0BDF85820534903F08FFD494629
S2140149B02046BDF85A2003F089FD2046BDF85C204C
S2140149C04E4903F083FD2046BDF85E204C4903F0B6
S2140149D07DFD2046BDF860204A4903F077FD20465C
S2140149E0199A494903F072FD2046BDF868204749E7
S2140149F003F06CFD204646490DF16A0203F066FDA0
S214014A0044492046239A03F061FDBDF85C30D9077E
S214014A1005D520469DF890203F4903F057FDBDF887
S214014A205C309A0714D500203C4903F069FDBDF8B7
S214014A305830B3F5807F4FD1002021F0E2F818B14D
S214014A400DF1910003F0C4FC0020354903F03EFD52
S214014A50BDF85C305B070BD50020BDF8B2203149AC
S214014A6003F034FD0020BDF8B4202F4903F02EFDDD
S214014A70062228460DF116030AA91FF048FF044630
S214014A8090BBBDF81620294903F020FDDFF8A8A049
S214014A90DFF8A8B00DF12808BDF81610A2B29142B1
S214014AA010D9B8F800205146002003F00FFD01345C
S214014AB0D8F804205946002003F008FD062C08F11A
S214014AC00808E9D16C46204600F05AFD94E80F002C
S214014AD0013685E80F0046E70123202200200DF16C
S214014AE0910103F057FCAFE7114957E70C050400A5
S214014AF0D906040015050400390504006D050400F7
S214014B00860504009F050400B8050400D1050400CD
S214014B10EA050400FF0504001B0604003406040031
S214014B20831B04004706040060060400790604009F
S214014B30AC060400520504008A0604009A06040026
S214014B402DE9F04188B004AD044628468846002782
S214014B5000F002FD6E46474507D195E80F0084E850
S214014B600F00204608B0BDE8F081304600F008FD91
S214014B7096E80F0085E80F00284600F087F8013711
S214014B800028E8D1014B0FCBE9E700BF1071040004
S214014B901FB5D0E9023253F8223068461978FFF77C
S214014BA0CFFF684600F07CFD48B1042809D1074ACA
S214014BB00020074903F08AFC05B05DF804FB054AAE
S214014BC0F6E70020044903F081FCF5E77B100400BA
S214014BD0F40604002B0A04000000040010B5D0E916
S214014BE0023203EB8201496853F8223098B00C6810
S214014BF004A81978FFF7A4FF03AB402200932146CF
S214014C0008AB04A800F0E2FC024628B100200E49D9
S214014C1003F05CFC18B010BD039808A900F0070467
S214014C200122C0F3C70003F0FBFB039908A8091B88
S214014C300144064801232246008803F0ABFB0448E2
S214014C4003F0E4FBE6E700BF040704003C5E002037
S214014C50831B0400F0B504460D460B4BEF880FCBC3
S214014C6084E80F00AB882E899B0741BFD5F8390031
S214014C70D5F83D1004F1080303C3EA6820462780EF
S214014C8066806260F0BD00BFC86E0400102208B5E1
S214014C90034908F0FFFA003818BF012008BD00BF1D
S214014CA01071040008B521F0C7FFC288FF219208E1
S214014CB0012A38BF012202481FF0B7F9012008BDBA
S214014CC01445002038B5134690B10120274A1070CC
S214014CD0274A00201160274A13600A46264903F036
S214014CE0F5FB02F043FB254B1870022002F044FB53
S214014CF021F0BDFFE8B91D4D1D4C2B782BB921F0D5
S214014D009BFF2268C368134423601A4B24681B6800
S214014D109C4229D221F090FFC168204606F022F875
S214014D20002402462C7050B921F0A1FFFFF7BAFF0C
S214014D3003E0FFF7B7FF0028DDD0012038BD20468D
S214014D400F4903F0C3FB0D4B187802F015FB00204A
S214014D500C4903F0BBFB00F091F908B900F0AEF97D
S214014D602046FFF7B7F8E8E70124ECE744650020A2
S214014D700C450020084500202B0704004365002051
S214014D80570704007707040038B500F04BFA0446CD
S214014D9000F042FA241A21F04FFF054618B9B12156
S214014DA01B4827F076F9AB8803F00303032B03D0E7
S214014DB0B221174827F06DF900F02EFA05461FF0CC
S214014DC019FE01238340013B2B4203D0B421104836
S214014DD027F05FF91FF00EFE01238340013B2342BB
S214014DE003D0B5210A4827F054F905F091FD054690
S214014DF01FF000FE4FF48063B3FBF5F3C440A342FB
S214014E0005D2BDE83840BA21014827F042B938BD7D
S214014E108D070400FF2108B504481FF017F9BDE807
S214014E200840002211461046FFF74CBF14450020EB
S214014E30F7B504460E4600F089F8054621F0FCFE5B
S214014E40C3682B449C4220D31FF0D4FD2C44C4409D
S214014E50013C114F3B68DEB1A34219D10134002356
S214014E60ADF8043000F0E4F9054605F051FD1035C3
S214014E7004FB005405F04CFD01A90246204605F04E
S214014E8099FD1FF0C7FD386004E04FF0FF34E0E7FE
S214014E90A342E4DB03B0F0BDF86E00204FF0FF3212
S214014EA00A4B10B51A600022094B1A7000F0B4F9CB
S214014EB0044600F0B7F9214602460120FFF702FF3B
S214014EC000280CBF0120042010BD00BFF86E002092
S214014ED04565002038B500F0D1F808B9002038BD86
S214014EE0094D0A4C2B7823B91FF094FD012320604D
S214014EF02B7024681FF07EFD01348440EED000F054
S214014F0025F82044EBE700BF45650020F86E002039
S214014F1070B50D4C2368002B01DA012070BD00F03E
S214014F207BF9054621F088FE2468C6681FF062FDFD
S214014F30013404FA00F1294401208A19FFF7C2FE60
S214014F400028EAD00420E9E7F86E0020024B186832
S214014F500C301FF08FBD00BFFC6E0020FF2307B58D
S214014F600021044A04480093FBF78AFC03B05DF86D
S214014F7004FB00BF154E0100144500200E4B70B512
S214014F801C680546036804F582641C440E46FFF758
S214014F90DDFF2B68834208D232681A44824208D960
S214014FA0C31A012033602C6070BD044A1268134492
S214014FB01C1A0020F7E700BFFC6E002010450020F9
S214014FC02DE9F04FB3F5803F87B00F469846019024
S214014FD003D3002007B0BDE8F08F03A904A8CDE9EC
S214014FE00332FFF7CBFF0024824600F10109DFF808
S214014FF088B05FFA89F9019BDDE90356AAB27BB155
S2140150003046109921F01FFE0028E2D1B9F1020FB7
S2140150102BD1DBF800300493019B03BB2F4421E026
S2140150203946304605F0C6FC0028D2D1BAF1000F49
S214015030ECD0002CEDD105F06BFC2E44B6FBF0F362
S21401504003FB10600028E4D005F062FC05A90246C7
S2140150503046059405F0AEFC0028DAD0B9E7109B7F
S2140150602B441093A8EB05050395631C4B454FF0A5
S2140150700104C0D32046ADE7104500207FB56B463E
S2140150800C4A1068516803C390680C2218600A4BDA
S2140150900DEB0201186821F0D6FD0C2268460DEBD7
S2140150A0020108F0F7F8B0FA80F0400907B05DF8A1
S2140150B004FB00BFD86E0400FC6E00201FB5084A32
S2140150C001AB1068516803C3906801A91860054BCD
S2140150D00C22186805F06EFC05B05DF804FB00BFF5
S2140150E0D86E0400FC6E0020F7B5044615460E4641
S2140150F081B9072A03D80024204603B0F0BD0D4B22
S21401510080791968E379063000EB03200C3180B210
S2140151101FF0BAFC002721462B4632463846009738
S214015120FFF74EFF04460028E5D039467019FFF711
S2140151307FFEE1E7FC6E0020024B1868A0F50060D8
S214015140704700BF086F002010B58AB0684606F0A9
S21401515015F810F0FF0027D1009BFBB1174C01A9F1
S214015160206005F083FF10F0FF001DD12268009B30
S2140151709A4204D34FF4DD71114826F08AFF019B51
S214015180104A11491360029A13440B600F49A3F5A4
S21401519000630A600E4A1360009B63B940F2CF11A8
S2140151A0074826F076FF06E0044A03461268002008
S2140151B0084903F08BF90AB010BD00BF006F00204C
S2140151C04008040010450020046F0020086F0020EE
S2140151D0FC6E0020E808040008B5FFF7B5FF21F0D3
S2140151E02BFD50B121F028FD064B02691B689A423F
S2140151F003D2B321044826F04CFFFFF7C5FD01207A
S21401520008BD00BF086F002040080400014B186865
S214015210704700BF006F0020014B1868704700BF41
S21401522010450020014B1868704700BF046F00202E
S214015230014B1868704700BFFC6E002010B5FFF7E1
S21401524049FE04462849002003F040F9002027497A
S21401525003F03CF90020264903F038F900202549DF
S21401526003F034F9244B00201A68244903F02EF980
S21401527022462349002003F029F9FFF767FE21495A
S2140152800246002003F022F91F4B00201A681F492E
S21401529003F01CF91E4B1F4C1A6800201E4903F030
S2140152A015F9226800201D4903F010F94FF48062B9
S2140152B000201B4903F00AF9226800201949103220
S2140152C003F004F92268002017490C3203F0FEF8B7
S2140152D022680020154902F5826203F0F7F8BDE85E
S2140152E0104005F049BA00BF67090400A40904008C
S2140152F0C3090400E3090400006F00200E0A04003D
S2140153002D0A0400500A040010450020730A040008
S214015310046F0020FC6E0020960A0400B90A0400FF
S214015320DC0A0400FF0A0400220B0400450B0400FB
S2140153302DE9F04194B004460D460020482102AA0A
S2140153401FF0B3FB18B9534903F0C0F819E0602207
S2140153500021204607F052FC04224F4902A807F01C
S21401536099FF90B16DB19DF80B30002001939DF827
S2140153700A309DF80820009348499DF8093003F04B
S214015380A5F8012014B0BDE8F081BDF80C20B2F5F7
S214015390807F228003D0424903F098F8F1E7BDF8F8
S2140153A01420BDF80E102281DDF816206180E2601F
S2140153B00499BDF81A206160228284F8320007AD94
S2140153C004F112020FAE2B4603CBB34210605160BC
S2140153D01D4602F10802F6D10F9B324A6363136041
S2140153E0314B10221846002107F008FCE288A388FA
S2140153F0028022894280E26842600BB90020C1E740
S21401540000263546A388D90709D536B105F15002DD
S2140154106A4412F8482C84F838200135EDB29A0710
S21401542014D520881FF057FA07466EB102AB03EB7E
S21401543005080246414604F1390007F06FFD3A4679
S21401544041461A4807F06AFD2F44FDB2A3885B0760
S2140154500DD556B105F150036B4433F8482C33F89B
S214015460463CA4F85A20A4F85C300435EDB2002E70
S214015470C4D1482D02D930460D4965E72946382062
S21401548002AA1FF012FB08B90A495DE73825012672
S214015490B8E700BF680B0400E46E04009A0B040032
S2140154A0D00B04003445002038450020404500203C
S2140154B0EB0B04003B0C040030B50B4C99B025787F
S2140154C06DB9FFF789FE68B129466846FFF730FFD8
S2140154D0B0FA80F0054B40091870012323700020B4
S2140154E019B030BD0120FBE7466500204765002066
S2140154F0014B1878704700BF4765002070B51E46FF
S214015500134B044618881D46884298B002D15B8822
S214015510934206D00F4B0FCB84E80F00204618B0FD
S21401552070BD96B100216846FFF702FF0028F1D151
S214015530BDF804305B0708D53388BDF85A209A4277
S214015540E8D8BDF85C209A42E4D395E80F00E3E77B
S2140155503845002010710400064B10B51B78044630
S2140155602BB9054B0FCB84E80F00204610BD034B2B
S214015570F8E700BF47650020107104003845002099
S21401558010B50446024B0FCB84E80F00204610BD31
S214015590107104000B4B10B51B78044608467BB10E
S2140155A00021FFF7C5FE48B910222146064807F03C
S2140155B071FE003818BF0120C0B210BD0120FBE704
S2140155C00120FAE747650020384500202DE9F04123
S2140155D00E4690460E4910221F4607F05BFE044613
S2140155E070B90C4B3A461D683046AD1B454528BF81
S2140155F0454629461FF059FA28B9074902F066FFC1
S2140156000120BDE8F081069B20461D60F9E700BF3A
S21401561038450020344500203B0C04000022024B94
S2140156201A70FFF73BBC00BF476500202DE9F0412B
S2140156309CB00F4616468046FFF74CFC05460246D0
S2140156401549002002F042FF382D20D9012104A877
S214015650FFF76EFE0446D0B9119B04A93B606F4666
S2140156603846FFF7F7FA97E80F0086E80F00119B18
S214015670AB4297BF01210324084AC8F8003094BF03
S2140156801170C8F8005020461CB0BDE8F081002219
S214015690024B01241A70F6E76D0C040047650020E2
S2140156A070B5084D00262B7853B1FFF7F7FB04467B
S2140156B01022002104482E7007F0A0FA204670BD83
S2140156C03446F5E7476500203845002008B5002038
S2140156D0064902F0FBFE064B00201A78054902F047
S2140156E0F5FEBDE80840FFF7A9BD00BF8C0C04001D
S2140156F047650020B60C040003460120024AC3E9B0
S214015700032000221A7070470100FEFF2DE9F041C8
S2140157100024264E264FDFF8A88088B000F0D4F982
S214015720A5B2854202D308B0BDE8F081284603A998
S2140157301FF0F1F9A2B23146002002F0E1FE9DF819
S2140157400D2012B39DF81210BDF81030402914BF79
S2140157506E2179210020CDE900313946BDF80E30A1
S21401576002F0CEFEBDF814201AB10020114902F055
S214015770C7FE9DF80C00BDF8182070B9079B0E49AE
S2140157800093BDF81A3002F0BBFE00200B4902F070
S2140157909DFE013426F08AFCC0E7BDF81C30414668
S2140157A0009300209DF81A30EDE700BFCF0C0400EF
S2140157B0D50C0400F80C0400020D0400831B040041
S2140157C0290D040010B500F0ABFABDE81040034601
S2140157D0024A0020024902F079BE00BF510D0400C2
S2140157E088D50300D0E9023253F8223010B5188864
S2140157F000F086FABDE810400346024A002002493E
S21401580002F064BE570D040088D5030010B5D0E938
S2140158100232002486B08DF8044053F8221003EBC0
S2140158208203097801A88DF805105A681288ADF828
S21401583006209A681288ADF80820DA681278ADF862
S2140158400C40A24214BF402280228DF80A201A6919
S2140158501288ADF810205A699B691288ADF812209B
S2140158601B68059300F0D0FB034A03460349204614
S21401587002F02CFE06B010BDF3EB030088D5030042
S21401588038B50024064D26F0FDFB45F82400063405
S214015890C02CF8D10020BDE83840024902F016BEFF
S2140158A0801000205E0D040030B5002087B020492E
S2140158B002F00CFE00201F4902F008FE00201E49DF
S2140158C002F004FE26F0DEFB00240546A0B201A984
S2140158D001341FF020F9202CF8D126F0D3FB17490C
S2140158E0421B002002F0F2FD1549002002F0EEFDF9
S2140158F026F0C8FB0446012000F09EF826F0C2FB05
S2140159000E49021B002002F0E1FD0E49002002F0C4
S214015910DDFD26F0B7FB04461FF0EEF826F0B2FBDD
S214015920021B0020054907B0BDE8304002F0CEBD9D
S2140159308A0D0400B90D0400E90D0400060E0400EA
S214015940150E04002F0E040010B50C4603F022FDC0
S21401595008B9032C12D101F0FFF804280ED001F08B
S214015960FBF805280AD0064802F060FC1C2801D185
S21401597020F06FF8BDE8104002F068BC10BD00BF13
S214015980034B03002DE9F04F00274FF0FF36DFF8F9
S214015990A4B0264C87B0BBF80030B8B2834209D811
S2140159A0731C3BD03246FF21214807B0BDE8F04FBB
S2140159B01EF03BBB01A91FF0AEF89DF8050001F0F3
S2140159C001FFF8B19DF80480B8F1000F1AD1BDF8B7
S2140159D010A0BDF8129026F055FB18210246BBB266
S2140159E04B43E018E158007C4FF47A73A2EB010CAC
S2140159F050B103FB0AF363450ED30B44981A864253
S214015A0028BF06460137C6E74D466B43FAD06345C5
S214015A10F5D31944881AF2E74046F0E7FF21044817
S214015A2007B0BDE8F04F1EF011BB00BF801000208C
S214015A3048450020225E00202DE9F041014688B04D
S214015A4058B1022810D01FF080F878B3D221194837
S214015A5008B0BDE8F04126F01CBBFF23164A1748E4
S214015A600093FAF70DFFEEE700244FF001082746F2
S214015A70134EA5B2284603A98DF80D701FF04BF8FA
S214015A809DF80D0068B101F09DFE20B19DF80C3027
S214015A900BB986F810800134202C06F11806E8D1DF
S214015AA02546084B1D80FFF76DFFCCE708B0BDE823
S214015AB0F08100BF4F0E0400ED5D01004845002057
S214015AC080100020225E0020014B1888704700BF1E
S214015AD0225E00202DE9F04F634A077D89B0044617
S214015AE06249002002F00CFD002020F08AF820B167
S214015AF02368218A588803F09BFC00205C4902F049
S214015B00E5FC637DDFF87491002B236808BF08204D
S214015B105988574B18BF00200093228A4FF009037B
S214015B2014BF4FF080084FF0400802F02FFBA28907
S214015B30BB1C93420CDB20F0FEF8034620B100208C
S214015B404C4A4D4902F0C2FC012009B0BDE8F08F75
S214015B50A068791C89B2C55D20F00CF80337012DC9
S214015B600646BFB213D82368324659885879238A25
S214015B70009343461FF048FC824600283ED186200B
S214015B8002F0CCFB284602F0C9FB304668E08520CF
S214015B90F6E703A91EF0BFFF9DF80C30AB4223D1F8
S214015BA023689DF80D105A7991421DD1BDF80E104B
S214015BB05A88914218D1BDF81020B24214D19DF8EE
S214015BC01220424510D1BDF81410228A91420BD101
S214015BD0002D38D0BDF81810E288914204D19DF806
S214015BE01A201B799A422ED00BF1010BB9F800301E
S214015BF05FFA8BF08342CCD88B20C1E74FF0000BC5
S214015C00F4E79AF8020002F089FBBDF818001FF0CD
S214015C1074FFBDF81A001FF070FF9AF8020003F037
S214015C2027FE002883D19AF8020001F09DFC054664
S214015C30079E002D3FF47BAFF0B2013D02F06EFBF4
S214015C40360AEDB2F5E7002002F068FB284602F0BE
S214015C5065FB30461FF051FF012DD2D1BDF81C0067
S214015C601FF04BFF63E700BFDE0E0400B002040026
S214015C70831B0400EB0E0400080F0400225E0020C4
S214015C802DE9F04391B0694680461EF044FF00239B
S214015C90194F8DF801303888431E98B280453880F8
S214015CA009D1694640461EF03EFF68461EF022FFB7
S214015CB011B0BDE8F0834FF0180905A91EF02BFFBF
S214015CC00E4C3E880AAD09FB06460FCE0FC596E878
S214015CD0030009FB084485E803000AAE404605A90F
S214015CE01EF021FF0FCE0FC495E8030084E80300E1
S214015CF069463888D7E700BF225E00208010002062
S214015D0008B5064B1B88834205D9FFF7B9FFFFF795
S214015D1039FE002008BD2720FCE700BF225E0020D8
S214015D2038B5074D2C882CB9FF2106481EF08EF990
S214015D30204638BD601E80B2FFF7A2FFF2E700BF23
S214015D40225E0020484500202DE9F3479A46182395
S214015D509DF82890244FCDE9001203FB09731446E1
S214015D60D3E9022320F0C6F8064620460D4603F086
S214015D707FFD04F0FD03382B80460FD10094324698
S214015D802B460021DAF810001EF0F0FEB8F1010FE4
S214015D901BD135431ED102B0BDE8F087392CDAF8A5
S214015DA010300BD107EE906A07EE103AF4EEC77A80
S214015DB0F1EE10FAACBF01200020E7E79E4275F134
S214015DC000032CBF01200020E0E7B8F1000FE2D16C
S214015DD00028E0D0182303FB097701233B7402B0A7
S214015DE0BDE8F047FFF7CEBD801000202DE9F04F4B
S214015DF000252E46A846AA462C46DFF8BC91D1B00F
S214015E00694BA8B21B88834209D81CB161882079E6
S214015E10FFF79AFDFFF7B6FD51B0BDE8F08F0BA96D
S214015E201EF079FE26F02EF91823AFB27B4309EB5C
S214015E30030B59F8033005909DF82D00049301F0EB
S214015E40C1FC002800F0AE809DF82C10002940F01F
S214015E50A980DDE90432D01A4FF47A72BDF83830E1
S214015E605343834200F29E809BF8103043B9BDF83D
S214015E703A30002B00F096805343834200F2928022
S214015E80FD230022CDE9013210AB00930DF119027A
S214015E900DF11A03E9B20BA8EEF71AFA002877D12A
S214015EA0BDF81A30DA1C0493D2B214B33F4B9DF8F6
S214015EB02D101B8813442279914214D1BDF82E105F
S214015EC0628891420FD19DF83220B8EBD21F0AD1D9
S214015ED0BDF83420524506D1B3424DDD0020344989
S214015EE002F0F4FA01E0B342F8DC61882079FFF7AA
S214015EF02BFD02F0E7F904469DF932002D4BC04315
S214015F00C00F0093BDF834200A23BDF82E10C00040
S214015F109DF8328002F03AF99DF82D304FF0000BD3
S214015F2023714FF48A53FF26BDF834A04FEAD818E0
S214015F30E38007A95FFA8BF020F080F9C0B2B0B910
S214015F409DF81D109DF82D20914210D1BDF81E1010
S214015F50BDF82E2091420AD122469DF829109DF8BF
S214015F601C001FF0F1FEB04228BF3046C6B20BF14E
S214015F70010BBBF1200FDCD1BDF830001FF0BDFDD9
S214015F809DF8190002F0CAF9049910A802F0DAF98E
S214015F90182300225F4309EB07031A7426F072F8F0
S214015FA049F8070001352BE7225E00202C5E002011
S214015FB0C70F0400831B04008010002070B5002466
S214015FC00126104D8AB02B88A0B2834204D80AB0AD
S214015FD0BDE87040FFF7D6BC05A91EF09CFD9DF8F4
S214015FE0150001F0EFFB50B19DF814303BB91A468D
S214015FF0CDE901360093E1B205A8EEF769F901345F
S214016000E1E700BF225E00202DE9F0430389DFF8B7
S21401601058818BB0B8F80090009304468379828843
S214016020418840781FF0F0F9002800F09580E78954
S21401603027B1A389BB4200F291800027B8F800304F
S214016040BDB2AB4214D84D4601264FF6FF73E28926
S2140160509A4226D146B9B8F80030AB4202D9284652
S214016060FFF70EFEFFF78EFC00200BB0BDE8F083B5
S214016070284605A91EF04FFD9DF814307BB922680D
S214016080059B5340FF2B0AD86368069E5E4036F098
S2140160907F4604D1BDF81C2023899A42D5D001370A
S2140160A0CCE7E2689A422BD0002E53D1D4E90323E1
S2140160B0CDE9082305A81EF01DFD0028D5D1B8F8A6
S2140160C00030AB4204BF6B1CA8F8003025F0DAFFA5
S2140160D018236B43234AE9B2D050D418002305A8ED
S2140160E01A46CDE901330093EEF7F2F818B1002213
S2140160F00023C4E90223284605A91EF014FDB1E7D2
S214016100234605AA04F1100C174618685968083387
S21401611003C763453A46F7D11868386005A81EF0EC
S214016120ECFC0028C0D01F2D1AD800238DF814309F
S21401613063788DF815306388ADF81630A388ADF80E
S2140161401830A3798DF81A302389ADF81C30002851
S214016150B0D1ABE70020E6E7862086E7872084E714
S214016160892082E780100020225E00202DE9F04F72
S214016170B04A90F814908DB00446AF49002002F062
S214016180BFF900201FF03DFD20B12368218A588801
S21401619003F04EF90020A94902F098F9637DDFF873
S2140161A0B8A2002B14BF802340230293236808BFA4
S2140161B008205988A14B18BF00200093228A072384
S2140161C001F0E4FF00230393A28909F10305954238
S2140161D011DB039B13B9184602F0A0F81FF0ABFDC4
S2140161E0034620B10020964A964902F06FF9012035
S2140161F00DB0BDE8F08FA06809F1010189B210F871
S21401620009601FF0B7FC3246804603468E490020DF
S214016210ADB202F05BF98EB1012E00F08A808527BF
S214016220384602F07BF8304602F078F840461FF018
S21401623064FC852FD2D00123039376E0A06809F190
S2140162400401A28989B2475D1FF094FC09F1060199
S214016250A289049089B2A0681FF08CFC3A4605908A
S2140162600090049B3046794902F030F909F108099B
S21401627038461FFA89F503F0FBFA002857D138464D
S21401628001F072F9294603468146A289A0681FF0EB
S21401629062FC6F498346304602F032F9A1684A46ED
S2140162A029443346304602F075F83046634902F019
S2140162B00DF9A9441FFA89F5236842465988587989
S2140162C0238A0093029B1FF09FF818B18378BB4284
S2140162D040F0AC80483FFFB2092F05D840F2113399
S2140162E0FB40DB0700F1A48000238DF81C302368F7
S2140162F007A85A798DF81D205B88ADF82080ADF887
S2140163001E30029BCDF82CB08DF82230238AADF8D2
S2140163102430049BADF82830059BADF82A30FFF7F2
S21401632073FE074600287FF47BAFA9464CE7B346C9
S214016330C2E72946A289A0681FF01CFC4FF0000B9B
S214016340024607464349002002F0C0F809F1050954
S214016350BAF800301FFA89F5BAF800201FFA8BF94F
S2140163604A4503D81F2B31D9892759E7484607A93B
S21401637004931EF0D0FB9DF81C20049B012A22D119
S21401638022689DF81D00517988421CD1BDF81E0077
S2140163905188884217D1BDF82010414513D19DF888
S2140163A02210029881420ED1BDF82400218A88422B
S2140163B009D1BDF82800E188884204D19DF82A1049
S2140163C0127991421BD00BF1010BC5E701229946C8
S2140163D08DF81C20226851798DF81D105188ADF872
S2140163E02080ADF81E1002998DF82210218AADF892
S2140163F02410E188ADF8281012798DF82A2007A814
S214016400ADF82C701EF076FB074600287FF408AF27
S214016410BAF800304846994508BF09F1010307A9B3
S21401642008BFAAF800301EF07EFB7EE78D27F7E650
S2140164308C27F5E6F20F0400B0020400831B04006B
S21401644053100400080F0400FA0F0400171004008C
S2140164503810040043100400225E00202DE9F04F9E
S214016460074688469146002589B09A46BDF848B049
S2140164709DF84C60149C224B1A88A8B2824235D9EA
S21401648003A91EF048FB9DF80C201D4BB2BB9DF8DE
S2140164900D10B94232D1BDF80E1041452ED1BDF8CE
S2140164A0101049452AD19DF81210514526D1BDF844
S2140164B01410594522D13046029201F055F8A6F142
S2140164C04103012B01460AD820461FF059FB0D4B0C
S2140164D00D4A204484420CD10421029302ACEDB251
S2140164E032462046009503ABFFF72EFC09B0BDE807
S2140164F0F08F14F8011F4B405343EBE70135BBE720
S214016500225E0020C59D1C81930100011FB50F4C22
S2140165102478C4B142EA03229DF818308DF805109C
S21401652042EA43220A4BADF80C201A78094B8DF843
S2140165300610079903EB021300908DF80400DB6840
S21401654068460291984704B010BD00BF4865002018
S2140165504A6500206845002073B51A4DFF211A4888
S2140165601DF074FD2B7853B3184C194E237818017F
S21401657006EB03131A7A5968305C1FF0E3FE4D28C8
S2140165801DD0E0B1012300212278CDE900311201AE
S214016590B25CC0B2FFF7BAFF0A2223780A48013379
S2140165A0DBB2B3FBF2F102FB1133FF2123702B7830
S2140165B0013B2B7002B0BDE870401DF03FBD02B03C
S2140165C070BD00BF48650020084600204A650020CF
S2140165D068450020F8B5104F3E780A2E1AD00FC82D
S2140165E0DFF840C00D4D9CF80040013605EB041560
S2140165F085E80F000A230134E4B2B4FBF3F203FB8F
S21401660012440748FF218CF800403E701DF016FD2D
S2140166100020F8BD0120FCE7486500206845002001
S21401662008460020496500200021024A0248FAF780
S2140166305DB900BF5965010008460020002337B543
S2140166400C46124D12492A78CDE9003312018A5CB4
S21401665001230146E0B2FFF759FFA4B90D490A78B4
S2140166608AB10A202B78013A0133DBB2B3FBF0F48E
S2140166700A70FF2100FB143307482B7003B0BDE8F6
S21401668030401DF0DBBC03B030BD00BF4A650020C2
S21401669068450020486500200846002008B500F03F
S2140166A0BDF850B1054B064A0649052808BF1A46EB
S2140166B0BDE80840002001F009BF08BD67100400CE
S2140166C0831B04008810040008B503201FF054FE45
S2140166D010B90122014B1A7008BD00BF4B6500209E
S2140166E00022024B18781A70704700BF4B650020D5
S2140166F00246FF2101481DF098BC00BF2846002035
S214016700114B37B51D78C5B9FF2110481DF09EFC09
S214016710FFF7DAFF044600900D4B28460D4A0E4956
S21401672001F0D4FE4CB10D4B1B78DB0605D528468F
S2140167301FF0FCFD20461EF04EF8094B186803B00A
S214016740BDE83040FFF7D4BF4B6500202846002047
S214016750A5100400D310040092E803003965002058
S2140167600C6F0020FF2101481DF070BC2846002058
S21401677070B51A4E054633780C466BB30020184A9E
S214016780184901F0BDFE032C01D0652C20D1164915
S214016790002001F0B5FE22460020144901F096FEC5
S2140167A00020134901F0ACFE0123294608220020EF
S2140167B001F0F0FD00200F4901F088FE032C88BF90
S2140167C00023204688BF3370BDE87040FCF7BEB892
S2140167D0012CE0D00849DBE770BD00BF4B65002007
S2140167E0D31004007CEC0300E610040033F303002E
S2140167F004110400831B0400FC100400014B186004
S214016800704700BF0C6F00200021024A0248FAF7C9
S2140168106DB800BF0167010028460020054B10B582
S2140168201C782CB90448FF211DF008FC204610BD39
S2140168300520FCE74B65002028460020F8B500241B
S214016840074B084E1D68084FE3B29D4204F1010450
S21401685000D8F8BD394656F823001CF0AEFDF3E724
S214016860E48C0400E88C0400D86F002010B5044CBA
S21401687023780BB11FF070FD0123237010BD00BFFC
S214016880327300202DE9F743254B0D461646044684
S214016890019350B14AB1042301AA12F8011BA9427F
S2140168A035D0013B13F0FF03F7D1212003B0BDE83B
S2140168B0F08317F8010F90FAA0F0000E1CF0B9FF54
S2140168C0014608EB07039945F3DCCAB2C1F30F236F
S2140168D092FAA2F293FAA3F3120E1B0E03EB022313
S2140168E0DB43621912F8020C99B2DBB298420CD162
S2140168F012F8013CB3EB112F07D132462146284648
S21401690003B0BDE8F0431FF08FBC2320CEE74FF65F
S214016910FF71671EA5F10209C4F10108D1E700BFA6
S214016920080A0E12014B1870704700BF4C65002014
S214016930024B1A6818608260704700BF106F002013
S214016940024B186800B14068704700BF106F002006
S21401695070B5044600250A4B1B687BB100211E88D2
S21401696007E05A6802EB0110013145B9021B554296
S21401697055418AB29642F4D89B68EEE7184670BD38
S214016980106F00202DE9F04F1E46002393B0022E13
S214016990074688461446DDF870909DF874A0ADF859
S2140169A01A3040F2C08099F800305A0729D5042ED3
S2140169B040F2B98099F804B000255F4B33F83520D2
S2140169C0002A00F0B68001350A2DF7D1209B002B56
S2140169D040F0AD80FF250023207908AA0DF11901AA
S2140169E08DF819301FF05AF870B1BDF82C309DF8AB
S2140169F0190023801FF0D4F80790C0B113B0BDE88A
S214016A00F08F99F802B0D7E720791EF078FD0B28B1
S214016A10059000F28A8020791FF0D3F807900028AD
S214016A20ECD1464A059B02EB03135B8823804FF6A5
S214016A30FF73002F08BF434662880021CDE900237B
S214016A4058465246238802F0FDFD18B1E38843F00C
S214016A502003E380209B07A90DA8CDE90D34CDF8CE
S214016A603C90ADF84080ADF842608DF844708DF8EA
S214016A7045A01FF026F808B10798BFE7484602F080
S214016A8025FDA01D02F010FD2246414638461FF0A6
S214016A905BF9B04227D3E3882246C3F30E03E380B3
S214016AA09DF87C3041460393BDF878303846029312
S214016AB00DF11A03CDE90093F3B21EF093FA209B71
S214016AC0079003B3F8B9BDF81A2042B1092D06D8CC
S214016AD01B4B03EBC5018A80209A43F83520112011
S214016AE0FAF7CCFB1CE0BAF1000F0AD10DF11A033C
S214016AF0CDE9006322464B4641463846FAF7D2FFB7
S214016B00DDE73820DBE7052807D1E388DB0607D574
S214016B10002301200793FFF705FF079B002BDED01C
S214016B201FF043F8A8E7012068E7212066E71C204C
S214016B3064E7EDB24FE700BF50460020BC46002098
S214016B404C4600204FF6FF72024B1A805A809A80FC
S214016B50704700BF245E002010B5044C2379FF2B3C
S214016B6002D11FF027FC2071207910BD245E002081
S214016B7010B50C4C2379FF2B08D100201FF010F81C
S214016B8020B91FF017FC20711FF00FF8207902289A
S214016B9005D00438012894BF0020012010BD002034
S214016BA0FCE700BF245E00204FF6FF7310B5044CCF
S214016BB022889A4202D11FF0F3FB2080208810BD64
S214016BC0245E002010B5FFF7BDFF40F61D43984236
S214016BD0044607D8B0F5416F05D2182826D81528DF
S214016BE048D829D010BDA0F541630D2BFAD801A2D3
S214016BF052F823F0396C0100396C0100E56B010095
S214016C00E56B0100E56B0100E56B0100E56B01003A
S214016C10E56B0100896C01009B6C0100356C01007D
S214016C20356C0100356C0100356C010040F60643F9
S214016C309842D7D11C4920E0FFF7B6FF1B49024610
S214016C40002001F043FC152C05D11FF093FBBDE895
S214016C5010401EF03FBF164B164A1749B4F5416F58
S214016C6008BF1A46002001F031FC1EF032FF1EF06C
S214016C7031FFECE71628DDD11049002001F026FC93
S214016C80BDE810401FF048B81EF093FABDE810406A
S214016C9002460B49002001F019BC0020BDE8104057
S214016CA0084901F013BC00BF631804001018040063
S214016CB0831B04000B1804002C1804004C18040055
S214016CC078180400A018040007B5094A034610887E
S214016CD031B9084A084903B05DF804EB01F010BC6D
S214016CE00091064A064901F00BFC03B05DF804FB6F
S214016CF03C5E00208FE30300C018040033E4030069
S214016D0092E803000D4B37B51B68044693B11D7816
S214016D100389012D08BF02250093C37A084A002083
S214016D20084901F0D3FB2146284603B0BDE83040B0
S214016D301FF0F8BA022003B030BD00BF884700201C
S214016D4035190400E4180400002010B51EF028FFD1
S214016D500D4B1B6863B15A78052A03D862B1052426
S214016D6002220AE0FF2AFAD00020084901F0AEFB11
S214016D70BDE810401EF019BF144610461FF02EFB4A
S214016D8020461FF029FBF3E7884700203A19040044
S214016D9013B5134C00201EF003FFFFF7D3FE236844
S214016DA09BB101A81EF0F8F978B923681A789DF806
S214016DB004309A4209D0D91E032906D9D11E0129C9
S214016DC003D9012A07D1022B05D1032301A8ADF867
S214016DD004301FF0ADFA02B0BDE810401EF0E5BE6B
S214016DE08847002000231946034A01330A2B918065
S214016DF042F8081BF9D170474C4600207FB50E4675
S214016E0005461FF097FA2A46044603460D49002018
S214016E1001F05CFB96B10C4B36211A889B78ADF8D5
S214016E200C208DF80E300323002200934FF6FC70E1
S214016E3003AB8DF80D501FF0D1F90446204604B07F
S214016E4070BD00BF5B19040020710400FF2810B557
S214016E500C4604D10020044901F038FBFE202146EF
S214016E60BDE81040FFF7CABF74190400F8B51E4606
S214016E700B8807460C461546002B64D14A88B1F9A3
S214016E80021000200029B8BF6B78304901F01EFBC4
S214016E906288132A1DD002F5FF437F339BB2052B70
S214016EA023D8A2F50042013A052A1ED8DFE802F0EF
S214016EB0193F1D033C09264A2649002001F006FB1E
S214016EC013E0254A2349002001F01AFB2A792349B9
S214016ED0F3E7022E94BF4FF6FF72B5F80120204962
S214016EE0EBE700201F4901F0F1FA33462A46214616
S214016EF0384620F069F970B933462A4621463846A5
S214016F0020F064F948F2210362889A4203D1384698
S214016F1069781EF0CCFD6388B3F5004F02D90820CE
S214016F20FAF7C6F90120F8BD2A790F49C5E70F4AD5
S214016F300849002001F0E4FA032E94BF4FF6FF72D1
S214016F406A880B49B9E70020EDE700BFAF190400D6
S214016F50D7190400DE190400EF190400F51904001E
S214016F60031A04001B1A0400351A0400571A0400F9
S214016F705C1A04002DE9F04116888AB0DFF88C808F
S214016F80ADF80E300DF10E03C8F80020154600933B
S214016F90324610AB07460C46FAF716FE90BB109B1E
S214016FA08DF824000693BDF80E3004A8ADF81C3009
S214016FB0AB898DF81070ADF820306B890594ADF86B
S214016FC01E60ADF822301EF07AFDD8B92146304653
S214016FD0BDF80E30109A01F0C9FF98B92146304627
S214016FE0BDF80E30109AFFF741FF58B9CDE90060A1
S214016FF039462046BDF80E30109A02F049FB08B912
S214017000C8F800000AB0BDE8F08100BF484600207D
S214017010F0B585B004AB03E9030000231C469DF8D8
S2140170200D609DF80E70154AD9B202EBC100456895
S214017030EDB99DF80C30284600939DF80A209DF87E
S2140170400B300F4901F05CFA26B1324628460D494D
S21401705001F056FA0C4A0020002C18BF2246BDF853
S21401706008300A4905B0BDE8F04001F02FBA12F821
S21401707031100133B94208BF2C46D5E7C870040069
S2140170806E1A04007F1A0400FEE20300831A04004D
S2140170904FF6FF7310B5084C88B062889A4207D144
S2140170A002A90DF107001EF075F8BDF810306380D7
S2140170B0608808B010BD00BF245E00202DE9F04FA7
S2140170C085B0894692461C460746BDF83850BDF83D
S2140170D03C80109E002833D00346464A002046498D
S2140170E001F00EFA2388002B76D040F20912934263
S2140170F074D0424A4249B3F5827F08BF0A46CDF8AA
S21401710004806188002000913E4901F0F9F9238846
S21401711093B1B8F1020F0FD933783B4913F0010F41
S2140171203A4A18BF0A4659074FF000004CBF337958
S214017130B378374901F0E4F90020364901F0C6F981
S2140171400023354931F83320AA4249D1334A52F84F
S21401715033B0002331F83300DA00A84246D10020CC
S2140171602E490A44908041F8330047B9238833B941
S214017170B4F90230002B02DB0820FAF77FF8012071
S214017180FAF796F89EB13578EB0710D515F004009E
S21401719004D04246012130461EF0ECFCCDE90170D8
S2140171A0434622465146484600961EF005FABBF174
S2140171B0000F06D04346224651464846CDE90067B1
S2140171C0D8474346224651464846CDE900671DF05A
S2140171D0B9FE05B0BDE8F08F114A90E7114A8EE777
S2140171E001330A2BAED14FF0000BB2E701330A2B65
S2140171F0B0D1BAE73BDA0300AA1A0400FFE20300A3
S214017200981A0400B81A04009B1A0400A31A040072
S214017210E91A0400831B0400504600204C46002057
S214017220911A0400951A04000D4BF0B54FF00C0CA2
S2140172301F88054600230B4EDCB2BC4201D300205A
S214017240F0BD0CFB04F43019345DAC4205D1448822
S2140172508C4202D104799442F2D00133ECE700BFAC
S214017260D2720020206F002073B501262B4D2C4CC6
S2140172702A462046FF2300210096F9F701FB2A46FD
S2140172802046FF2300210096F9F7FAFA2A462046FF
S214017290FF2300210096F9F7F3FA2A462046FF233A
S2140172A000210096F9F7ECFA2A462046FF23002132
S2140172B00096F9F7E5FA2A462046FF2300210096B4
S2140172C0F9F7DEFA2A462046FF2300210096F9F751
S2140172D0D7FA2A462046FF2300210096F9F7D0FA6E
S2140172E02A462046FF2300210096F9F7C9FA2A46C6
S2140172F02046FF2300210096F9F7C2FA2A462046C7
S214017300FF2300210096F9F7BBFAFF232A46002146
S21401731020460096F9F7B4FA02B070BD7348030030
S2140173209C4600202DE9F84300244FF00C090C4B35
S2140173300C4F1E78DFF830803A88E5B2954202D3CA
S2140173403046BDE8F88309FB0585FF21A8681CF0D7
S2140173508BFE18B9AB799E4238BF1E460134EBE767
S2140173604D650020D2720020206F0020014B187856
S214017370704700BF4D650020014B1870704700BF75
S2140173804D650020F8B506460C461EF085FB054601
S214017390C8B930461EF0B3F80B2815D80B4B03EBD3
S2140173A000131F7B87B95A88012122809A883046AC
S2140173B062809B79237100F037FA39466071304656
S2140173C000F032FAA07101252846F8BDBC4600201F
S2140173D070B504460E4615461EF091F80B2802D9E4
S2140173E04FF6FF7070BD094B03EB00131A7B002AA2
S2140173F0F6D146B901222946204600F03DFA00287A
S214017400EED00088EEE7012EEAD1F4E7BC46002074
S214017410FF2313B50DF1070104468DF807301EF062
S21401742039FB18B19DF8070002B010BD074B03EBFE
S21401743004131B7B0BB1FF20F6E7204600F03AF958
S2140174400028F8D0204600F0E9F9EDE7BC46002018
S21401745013B5F6F70BFA0446F6F70EFA224603467C
S2140174601249002001F032F800F084FFFFF7BAFC61
S21401747000F0A6F80221084602F046FDFFF764FC7C
S21401748041F249001EF0BCFF4FF0FF130093FF23AB
S21401749068468DF804301EF099FF4FF400401EF048
S2140174A077FF00201EF094FF02B010BD381B0400C9
S2140174B038B505461EF010FB90B928461EF0BCFEF6
S2140174C0044628B140F60443984214BF88248D240C
S2140174D023462A460020034900F0F8FF204638BD1F
S2140174E08D24FBE7501B04002DE9FF4705460E4699
S2140174F017469846BDF83090DDF834A0BDF8384000
S214017500CDF80090CDE9014AE4B2FFF7D7FD434636
S2140175103A4631462846CDE90094CDF808A01FF03A
S2140175201CFEFF21034B044A044804B0BDE8F047A3
S21401753000F01ABE305E00202C5E00202567002079
S214017540044B01461888102240F0404040F4801059
S214017550F6F79CBF1E6E0400024B18685968FFF7C9
S21401756057BD00BFCAB104000123064AD15C81425F
S21401757002D1054AD05C704702335F2BF6D100205A
S214017580704700BF227104002371040070B5002209
S2140175900446094B1D78094BD0B2854201D8FF201D
S2140175A070BD1E78A64204D10029F9D05E7BF6078D
S2140175B0F6D401321033EFE74E650020BC460020BA
S2140175C02DE9F04198B06B46304A1068516803C304
S2140175D090680CAA18602E4B14469C4603F11806B8
S2140175E0154618685968083303C5B3422A46F7D1C9
S2140175F012AA1746274B03F118061546186859684C
S214017600083303C5B3422A46F7D1234A03AB1068B1
S21401761051684FF0010E03C3906871681860DCF87A
S2140176203000002206AB03C30C21EC46B068CDE95E
S21401763009221860194BDFF86C801970184B0DEB96
S21401764001060B9206AD09A91CF8010B0132187050
S21401765034F8020B0C2A588037F8020B83F80DE039
S214017660988016F8010B03F1100303F80A0C15F8BD
S214017670010B08EBC00043F8080C11F8010B03F8E6
S214017680040CE1D118B0BDE8F08100BF6A1B04000C
S21401769092740400AA740400771B04004E6500204F
S2140176A0BC4600208C710400014B1878704700BF5F
S2140176B04E650020034B03EB0013587B00F00100DE
S2140176C0704700BFBC460020F0B504460846D9B155
S2140176D000220E4B11461F780D4B1D46D6B2B742FF
S2140176E001D8002010E01E78A64206D09E68F688D3
S2140176F0314489B201321033F0E75E7BF607F9D5E3
S21401770005EB02150180A868F0BD00BF4E6500209C
S214017710BC4600202DE9F347894690461D4607469C
S21401772018B9002002B0BDE8F0870029F9D0002A78
S214017730F7D0002BF5D0002400780DF10601ADF846
S2140177400640FFF7C1FF0028EBD039460DF10602CF
S214017750BDF806601DF0C8FD07460028E1D00DF112
S2140177600602BDF806A01DF0E6FD0028D9D0C9F82E
S2140177700070C8F80000037913F0200219D1DB0667
S21401778014D4BDF806300C4A564413FA86F612FA9B
S21401779086F20BE01A790C33920642BF13F8092CD5
S2140177A0891889B29842F5D8044A0A4401202A6009
S2140177B0B8E72146024BF5E7716600204F650020C9
S2140177C0CC73040008B50021FFF7E0FEFF2817BFC1
S2140177D0044B084603EB0013587B18BF00F001006A
S2140177E008BD00BFBC4600202DE9F0410D461646F7
S2140177F01F461DF084FE0B280AD8074C3B4604EBB7
S214017800001032462946BDE8F04180681DF044BEAE
S2140178100020BDE8F08100BFBC460020014B0001FE
S214017820185C7047BC46002070B50C461DF067FE1C
S2140178300B281BD80F4B03EB00139A68C2B1002329
S214017840142618461579D9B28D4200D870BD116834
S21401785006FB0311097B34B911F0800F1CBF013000
S214017860C0B20133EFE711F0400FF7E70020EDE774
S2140178701046EBE7BC460020F8B50D4616461DF04F
S2140178803EFE0B280BD80F4B4FF0140C03EB0013E6
S2140178909A6800231C461779D9B28F4201D8002076
S2140178A0F8BD10680CFB0300017B46B911F0800F90
S2140178B003D0AC42F4D00134E4B20133ECE711F06A
S2140178C0400FF5E7BC4600202DE9F04F06460024A0
S2140178D03A4B87B01B783A4F0093009B9C4207D2E5
S2140178E0FF2E08D030461DF00AFE0B28044606D9A6
S2140178F007B0BDE8F08F07EB04131B7B2BBB2301FE
S2140179004FF00008019307EB041A14E014221B68D9
S21401791002FB05352B89B3F5967F01D924F0C6FB0A
S2140179204FF000094FF00C0B29891FFA89F291429A
S2140179300ED808F10108019B5FFA88F5FB189B68D1
S2140179401A79AA42E2D8FF2ED2D10134E4B2C4E7B2
S2140179501FFA89F00BFB00F06B6819180A7912F010
S214017960100F23D19AF800E012F0400F8DF80CE0CA
S214017970B5F800E0185AADF80EE00CBF4FF0400E17
S2140179804FF0800EADF8120028468DF810E01DF07D
S21401799077FC5307ADF81400C8780AD50228896821
S2140179A000D90968002203A81DF046FD09F1010966
S2140179B0BAE702288CBF89680831F3E74E650020D4
S2140179C0BC460020052370B5094A06881488B442CF
S2140179D008D19578047B2C403F2C03D90D4201D069
S2140179E0506870BD013B02F10802EFD11846F8E776
S2140179F03C74040070B50024074D084E2B78E0B2A5
S214017A00834200D870BD06EB0010437BDB0701D52F
S214017A101DF054FE0134F1E74E650020BC460020FF
S214017A20F8B50C4600210546FFF7B0FDFF2829D022
S214017A30154A060102EB00135B7B03F001016CB1F2
S214017A4043F001031644A142737305D0C4B100B2DA
S214017A5002EB00101DF032FE0120F8BD2346F1E7CF
S214017A607B4311682846CA18127BC95AD2091DF0F1
S214017A7091FA0134B268E3B211799942F0D8EBE792
S214017A801427F7E70846E8E7BC460020F0B5944619
S214017A90497D20B339B3012918BF042100254FF6CB
S214017AA0FF702F462A46144E3488644511D196F845
S214017AB003E01EEA010F0CD0B4789C4209D30AB148
S214017AC0BC4206D81EF0100F03D08AB1BC420CD3BC
S214017AD070B90135072D06F10406E5D1F0BD002980
S214017AE008BF0821D8E70221D8E727460020F0E79B
S214017AF027460122FAE700BF207404002DE9F04F63
S214017B000A9FBDF824E09DF82C809DF830904C7DAE
S214017B1078B394B3012C18BF04240025194800F14A
S214017B201C0C068896421ED190F803B01BEA040F7F
S214017B3019D08678464516D31BF0100F91F80FA082
S214017B4004D0BAF1000F0ED0B1F810A0BAF1000FB0
S214017B5009D1A94513D0AE4511D95E553E880135E8
S214017B6001363E80ADB204306045DAD10120BDE871
S214017B70F08F002C08BF0824CDE70224CDE70020B3
S214017B80F5E700BF207404002DE9F04F0024B1F59D
S214017B907C4F0E4638BF4FF0010BA246A1464FF66A
S214017BA0FF781F4628BF274B85B028BFB3F800B023
S214017BB0009001925C4503D3404605B0BDE8F08FC6
S214017BC0B6F57C4F0CD3204B3A4603EB8403314683
S214017BD05B880098FFF708FE054680B300232AE07D
S214017BE03A46314600981DF0BAFCF5E70C229CB2E5
S214017BF054436A680199105B02EB040C884219D35E
S214017C00B9F1000F01D0504514D861462846CDE998
S214017C1002321DF035FB029B60B1039A125BB9F18B
S214017C20000F03D0524501D3804503D992468046C2
S214017C304FF0010901332A899CB2A242D6D80134F9
S214017C40A4B2B7E782710400847104002DE9F04FF5
S214017C5091461A4600238BB08DF82020BDF850209F
S214017C608DF81C00ADF81E10ADF8242005460F4611
S214017C701A4604A907A8159C9DF858609DF85CA0B3
S214017C809DF860B09DF864800493ADF822901DF0D5
S214017C907FFB049850B92B46CDE90079644A6549C3
S214017CA000F014FC86200BB0BDE8F08FBAF1000F8F
S214017CB014D18378B34206D050465D4A5E4900F03F
S214017CC005FC8D20EFE7037913F0010306D1184672
S214017CD0574A5A4900F0FAFB8820E4E703795B0724
S214017CE02CD583685A689B680592069380781EF0A7
S214017CF0E3F8049B0546DF782146022F03463A4601
S214017D0010D805A81EF094F881462B463A4621461F
S214017D1006A81EF08DF8B9F1010F01D001300DD182
S214017D208720C0E705981EF083F80128F8D02B4677
S214017D303A46214606981EF07BF8EFE7BBF1000FA6
S214017D406FD1049F4FF6FF722146B8781DF036FAC0
S214017D5000286BD0BDF82430C5B20093CDE902549B
S214017D609DF82030BDF82220BDF81E109DF81C009D
S214017D7001961DF0A0FE002895D1BDF82430CDE96E
S214017D8002540093BDF822209DF82030BDF81E1045
S214017D909DF81C0001961DF06BFC002883D121463E
S214017DA09DF8682007A81DF047FB00287FF47BAFED
S214017DB0B8F1000F07D03B462046BDF81E209DF8BF
S214017DC01C101DF0DCFBBDF82430BDF82220BDF8E8
S214017DD01E109DF81C000093CDE901649DF820302B
S214017DE0FEF73CFBBDF82430BDF82220BDF81E107E
S214017DF09DF81C000093CDE902549DF820300196B1
S214017E001DF058FEBDF82430BDF822200093BDF8C1
S214017E101E109DF820309DF81C001DF001FC00206E
S214017E2041E70020064900F051FBF8E701203AE758
S214017E30841B0400901B0400BC1B0400D01B040020
S214017E40E41B04007FB500258DF80830BDF820300E
S214017E508DF80400ADF80610ADF80A20ADF80C3028
S214017E606946BDF82830099A01A80B9E00951DF0B9
S214017E708FFA044630B916B1009B9B7833702046C2
S214017E8004B070BD8928FAD12846024900F01EFBCD
S214017E90F5E700BF011C04002DE9F04F4FF0000A82
S214017EA0C7B0FFF701FC5FFA8AF6B04202D847B0C6
S214017EB0BDE8F08F5B4B36019A5D00205A4900F011
S214017EC005FB0020594900F001FB00230593554BA3
S214017ED09DF8144033449B681A79A24202D80AF1ED
S214017EE0010ADEE714224FF000091B6802FB043486
S214017EF022891FFA89F39A4202D8059B0133E5E7E6
S214017F000C231FFA89F803FB08F8D4F804B024F010
S214017F10CDF80BEB08052B79454913F0400F3BF8DC
S214017F20083022884FF000000093424B18BF0B46E2
S214017F30414900F0E5FA294620461DF0A1F9074619
S214017F4000283CD13D4900F0DBFA2979DFF814C15D
S214017F5011F0010F3A4818BF604611F0020FAA78D7
S214017F60EB7832D1DFF800C111F0100F354918BF98
S214017F706146CDE900010020334900F0C1FA2B79B2
S214017F803BF8082013F0400F4FF0000B4FF0FD03B5
S214017F900DF118082188CDE9023BCDE9007821488A
S214017FA00CBF40238023805DFFF74CFF86280ED14F
S214017FB02649002000F08AFA09F1010998E70246ED
S214017FC02349002000F09CFABFE72249D1E7A878B0
S214017FD01DF046F9D8B140461DF0D2FD421C92B2C2
S214017FE001234146002000F0D5F93946208801F0EA
S214017FF001FA4FF6FF73984207D0174B174903EB68
S214018000C0035A68002000F061FA1549D1E7A87844
S2140180101DF02CF920B140461DF0B7FD821CDEE7AD
S214018020EA78DDE7BC460020531C0400611C04000E
S2140180302B1C0400301C0400A11C0400E40D0400E9
S214018040381C04003B1C0400B51C0400D11C0400B1
S21401805072210400431C04000C750400BEEC0300EE
S214018060831B0400351C04004B1C04002DE9F04F53
S214018070C7B0BDF844A10646BAF1040F0D46144632
S2140180801F46BDF840B163D9CDE9013B00920B46CE
S21401809002463049002000F019FAFD230DF11709B8
S2140180A00DF118083046029322463B462946CDE993
S2140180B000B8CDF80C90FFF7C5FE0646B8B9FD220C
S2140180C0414699F800001DF079F80746C0B1AAF1BB
S2140180D00403834238BF892620461DF00EFD8EB16B
S2140180E0304600F01BF9304647B0BDE8F08F0090EF
S2140180F023462A460020184900F0E8F90027EBE756
S2140181008926E9E7DFF85CA0BA1CBAF80030C3F1AB
S214018110FF039A4219DA304600F000F999F8000098
S21401812000F0FCF8BAF800900C483A46414648443C
S214018130B94404F0F3FEAAF8009023462A463046D6
S2140181400749009700F0C2F9CDE7892000F0E6F86C
S2140181508926C8E7DD1C0400181D040025670020D9
S2140181603F1D04002C5E002010B5044C206004481E
S214018170018004490A60044A136010BD8447002048
S2140181802A5E0020804700207C47002030B587B05B
S2140181900AAC0D4654F8041B0093CDE901141346AE
S2140181A00949024609480988006805941DF0A7FB9D
S2140181B04FF48A52064B1B681880064B1B685D807D
S2140181C0DA8007B030BD00BF2A5E00208447002059
S2140181D0804700207C47002008B410B587B009AB63
S2140181E00C4653F8041B0092CDE9011302460B49D5
S2140181F00B4805930988002300681DF080FB4FF4A7
S2140182008A52084B1B681880074B1B685C80DA8013
S21401821007B0BDE8104001B0704700BF2A5E0020DD
S21401822084470020804700207C470020044A0346FC
S21401823011680448044A0988126800681CF038BEB0
S214018240804700207C47002084470020044B054AD5
S2140182501B6812681988044B18681CF09CBD00BF87
S21401826080470020844700207C47002007B5074B45
S2140182701B681B880192064A12680092054A12681A
S2140182801CF0EAFD03B05DF804FB00BF8047002048
S214018290844700207C4700201FB51446064A126812
S2140182A01288CDE901430091044B05491B68096812
S2140182B01CF0AEFD04B010BD8047002084470020AE
S2140182C07C470020014B1868704700BF7C470020A0
S2140182D0024B1B6818715971704700BF7C4700201C
S2140182E010B50024084B1C70FEF75EFC074BFF22FE
S2140182F018802146064804F081FC064B1C80064B7C
S2140183001C605C609C6010BD2F6800202E5E002003
S214018310256700202C5E0020305E002007490B8870
S214018320FE2B9FBF064AD054581C80B29DBF0880C2
S21401833000F1FF3080180020704700BF2C5E00203F
S21401834025670020F8B5094F0D463B885C18FE2CC2
S2140183500ADC074E0A46A4B20146F01804F0A0FC57
S2140183603C80641BA019F8BD0020FCE72C5E0020B1
S21401837025670020024B034A00201A60704700BFA1
S2140183808847002088710400014B1878704700BFA9
S214018390BC46002030B4044D044C002B0CBF2B46C9
S2140183A0234630BC1DF015BC2BDB0300121E040057
S2140183B070B5054608460C461DF0E2FB611C0246F8
S2140183C0024B2846BDE870401DF003BC3125040071
S2140183D000B5037889B0069343783E2205938378E7
S2140183E008490493C378039303790293437901936D
S2140183F083790093C3790448008800F081F809B0B6
S2140184005DF804FB6D1D04003C5E0020024B024635
S2140184100249188800F05AB83C5E002097E1030034
S2140184202DE9F04705460E4617460024DFF844803E
S214018430DFF844A0DFF84490AC4201D1BDE8F087F4
S214018440B8F8000006EBC401534608221DF0C1FB34
S2140184500134B8F800003FB9044AA54208BF4A46AD
S214018460034900F04DF8E7E74A46F9E7831B0400A5
S21401847096E103003C5E0020121E0400D1C90300F1
S2140184802DE9F0410E4E044630881DF0BAFBA8B126
S21401849000250C4FDFF83080E3070AD518B94146AE
S2140184A0308800F02DF830882A46394600F028F842
S2140184B0002001351B2D4FEA5404EDD1BDE8F081B3
S2140184C03C5E00202A0A0400B51A04000EB417B553
S2140184D005A9044651F8040B019103F091FA012114
S2140184E00220054AF8F7ECFC044B1C8003B0BDE8FB
S2140184F0104003B0704700BF831B04003C5E0020A1
S2140185000EB417B505A9044651F8040B019103F002
S21401851077FA034B1C8003B0BDE8104003B07047E8
S2140185203C5E002013B503680446587900F032FF1C
S21401853090B923685A88032A0ED0E17C5B79CDE98D
S21401854000211649164AFFF7C1FF012120461DF0FA
S214018550F8FB012002B010BD637D012B0AD0637DBC
S21401856033B92368228A598858791CF0D4FF48B950
S214018570C3200AE02368228A598858791CF0D4FF60
S2140185800028ECD020461DF03EFB064B1B78002B46
S214018590DFD110F5807FDCD0C1B2D7E79A1D040089
S2140185A0921D040026680020002970B50F491D465B
S2140185B00F4B14460CBF6E227922002808BF0B46CB
S2140185C000200C49FFF79CFF0B4E2544AC4205D119
S2140185D0BDE8704000200949FFF778BF314600200A
S2140185E014F8012BFFF78CFFF0E700BFD31D040042
S2140185F0C91D0400DC1D0400101E040067010400F0
S2140186002DE9F04FC27C8BB00592427D0368002AAB
S21401861014BF80224022077D0446856886895879E2
S214018620B846B3F80290069200F0B4FEA0B9059BD6
S214018630052B05D86FF02D03059A1341DB070BD5E3
S214018640B9F1030F08D0AB490020FFF73FFF012126
S21401865020461DF076FB76E0E37B1BB1228A002ADA
S21401866000F0B781607D0022B0FA80F05B4203F033
S2140186700403DFF88CB2400943EAC000ABF80020DF
S214018680FFF74CFEE37B1BB3208A1DF036FA8246C9
S214018690A07CFFF743FE059A162A00F29A81DFE8CE
S2140186A012F019009E016C005600D2016C00920176
S2140186B0D9019A01E001E701EE01390102029801B0
S2140186C0980198011402580214027002390102023C
S2140186D09A46DDE700204B46874A8849FFF7F6FEB3
S2140186E00120FFF71BFE08F10207B74229D84146D1
S2140186F0324628461DF03EFA80462368424658799F
S214018700BBF800304946C3F1FF039BB20193238AAD
S2140187100093069B1EF05BFD10B11FFA87F8E2E797
S214018720236842465879BBF800304946C3F1FF0337
S2140187309BB20193238A0093069BFFF797FC892837
S214018740EBD11DF0F8FA01200BB0BDE8F08F4FF029
S214018750000B0420FFF7E2FDF31E0893089B9845E3
S21401876052D3BBF1000FECD1E37B94F81480002BBD
S2140187700CBF02220422624B1A804FF0000B042029
S214018780FFF7CCFD5F4608F1030A564540F29D808F
S2140187903246414628461DF0EDF905EB08039B7865
S2140187A0F21EAA44A2EB080207905146184692B25E
S2140187B009931CF003FD0890002879D02268099BD4
S2140187C05079CDE901A3238A49460093DDE90632B3
S2140187D01DF023F882464A460020079B4949FFF7C9
S2140187E08FFEBAF1000F55D10BF1010350464649F1
S2140187F05FFA83FBFFF76AFE089B08F1030813FA8A
S21401880088F81FFA88F8BEE73246414628461DF02A
S214018810B1F905EB08039F78089B08F10301A3EB68
S21401882008022944824692B2384609911CF0C6FCD9
S214018830079068B323680999587902970191238AAA
S214018840524600934946069B1DF037F80746B8B1D5
S2140188500BF1010338465FFA83FBFFF75FFD5046D5
S2140188601DF04BF953464A4600202649FFF72EFED7
S2140188703A4600202549FFF729FE802F3FF471AFC5
S214018880079B08F1030813FA88F81FFA88F865E7CA
S2140188908027DDE75046FFF741FD07981DF02DF9CB
S2140188A00137524600201949FFB2FFF70FFEA3E732
S2140188B08720FFF733FD07981DF01FF90137872240
S2140188C012490898FFB2FFF701FE059B052B3FF4FE
S2140188D03AAF002F7FF435AFBBF1000F05D10C493D
S2140188E05846FFF7F3FD8021B2E63846FFF716FD3E
S2140188F027E700BFE2D103001D1E04006A1E040024
S2140189002C5E0020271E04006A1D0400431E04007E
S2140189104D1E04000599A84AA84B0020152918BF2A
S2140189201346CDF80090A64AA649FFF7CFFD059B52
S2140189300C2B14BF16200D20FFF7F0FC32462846FC
S21401894039461DF017F9059B3D440C2B0646AD78BC
S21401895035D1192D28BF1925E37BB3B14FF6FF7327
S214018960278A9F4211D1206832464946069B4079A4
S214018970FFF70AF9B84208D0BAF1000F05D02082F5
S2140189808AF80000000A8AF801000020BBF800708F
S214018990FFF7C4FC236832465879059B4946A3F184
S2140189A0150CDCF1000343EB0C03CDE90153238ADC
S2140189B00093069B1CF0A5FE834BD855C1E6132DEC
S2140189C028BF1325C8E72046FDF7D0FB00287FF413
S2140189D0BAAE81213CE62046FDF77CF8F6E7B9F110
S2140189E00A0F05EB0708A6EB070A21D1DFF8DCB171
S2140189F09BF80030E3B1E37BD3B9BAF1080F17D186
S214018A003246394628461DF0B5F888B998F802303E
S214018A1073B998F80320E22A0AD13246391D28464E
S214018A2005931DF0A4F81DF071F9059B8BF8003035
S214018A30414648461FFA8AF21EF0CBFB00287FF417
S214018A4082AE002104E6F21B484692B2E9191DF0F7
S214018A504EF8F3E7F21B484692B2E9191DF00BF8FF
S214018A60ECE7F21B484692B2E9191DF030F8E5E74B
S214018A70F21B484692B2E9191EF0ADFBDEE7236809
S214018A80EE5D5879238A0137ED5D0193069B3246E8
S214018A90494600932B461CF073FD2A46314648464C
S214018AA01CF0EBFF4FE605987A1CE95DB31AA0F1BE
S214018AB01606704270410039009018BF01214846E1
S214018AC09BB22A441CF0DBFFB8E7059BEE5D112B39
S214018AD03D446F7838D11220FFF720FC0025E37B58
S214018AE0B3B14FF6FF73B4F81080984510D13346F2
S214018AF04A4621462846FEF7C9FF404508D0BAF146
S214018B00000F05D020828AF80000000A8AF80100CA
S214018B10BBF80080DFF8B0A0C8F1FE0292B208F1FF
S214018B200103009253444A4621462846CDE902678E
S214018B30CDF804B0FEF7E2FFBBF800300AF80800F3
S214018B400133ABF80030FCE51420FFF7E7FB012505
S214018B50C5E77B1C9E422CD3EF5D1D44003F18BF2A
S214018B600127F31A9EB233462A4639460020FFF7FC
S214018B701BFD00962B463A464846218A1CF083FF89
S214018B805CE77B1C9E4214D3EF5DF61A003F18BFCC
S214018B9001271D44B6B233462A4639460120FFF75F
S214018BA003FD00962B463A464846218A1CF069FF8B
S214018BB044E70020C8E500BF831B0400181E04001C
S214018BC05E1E0400681E040025670020246800203D
S214018BD038B54FF6FB750446A9424FF001019DF8E2
S214018BE0100098BF43F40043217023816260A07295
S214018BF002230020084A0949FFF768FCE07A084B7F
S214018C0040F6CA0203EB4010FF211BF00EFABDE846
S214018C1038400420F8F732BB781E0400831E040097
S214018C20CC47002030B5054685B028B91D4905B0AA
S214018C30BDE83040FFF74ABC0024007B1CF0B0FFC3
S214018C402046194A19492C70FFF740FC184BE87A60
S214018C50FF2103EB40101BF0F9F92046154B0201EA
S214018C609A5C22B901300428F9D1F8F721FB69682A
S214018C7099B1B5F908302A899B1303F002038DF8E0
S214018C800430C2F30E03ADF806304FF6FF73ADF8AD
S214018C900830002301A80393884705B0BDE830409B
S214018CA01CF083BFAE1E0400781E0400E01E040004
S214018CB0CC4700208C4700200948037873B9194631
S214018CC0084AD3720133042B11731170516011815C
S214018CD0917202F11002F4D101230370704700BFB4
S214018CE0256800208C47002008B5FFF7E5FF002324
S214018CF005491A018A5C01EB03101AB10133042BF2
S214018D00F7D1002008BD00BF8C47002070B50D4686
S214018D100646FFF7D1FF0023094800EB0514A17AA8
S214018D20B14205D1217819B12B4400EB031070BD77
S214018D300133042B04F11004F1D10020F7E700BF42
S214018D408C47002010B50446FFF7B6FF0E4B9C4239
S214018D5012D003F12002944210D003F14002944253
S214018D600ED060339C420DD10323084800EB03105C
S214018D70BDE81040FFF756BF0023F6E70123F4E7EE
S214018D800223F2E70020F3E7CC4700208C470020BF
S214018D9070B50024064D074E2846324600210134A0
S214018DA0F7F7A4FD042C05F12005F5D170BD00BF31
S214018DB0CC470020458D01002DE9F34105460C46C0
S214018DC017469846FFF790FF064640B91C4A1D49CC
S214018DD0FFF77CFB0224204602B0BDE8F0814FF687
S214018DE0FB739D420AD94FF6FD739D4204D00020C5
S214018DF0134A1549FFF76AFB4FF6FD7543462146B0
S214018E003A4628461CF06AFF044600F02FFE8046CC
S214018E1034B1234600200A4A0C49FFF757FBDAE72C
S214018E203B462046064A0A49FFF750FB06232946D9
S214018E303046089ACDF80080FFF7CAFECBE700BFA0
S214018E40781E0400ED1E0400171F04004C1F0400CA
S214018E50751F0400F7B506460C461746FFF744FF94
S214018E60054638B9104A1149FFF730FB022420465F
S214018E7003B0F0BD21464FF48A5230461DF0F6F895
S214018E80044600F0F3FD34B123460020064A0849A3
S214018E90FFF71CFBEBE7009004233A4631462846D1
S214018EA0FFF796FEE3E700BF781E0400ED1E040000
S214018EB09D1F0400F7B506460F46FFF715FF05464A
S214018EC038B9104A1049FFF701FB0224204603B0C7
S214018ED0F0BD00224023114630461DF08BFA0446B1
S214018EE01DF086FA34B123460020064A0749FFF7EB
S214018EF0EDFAEBE7009001233A4631462846FFF7A4
S214018F0067FEE3E7781E0400ED1E0400D01F040090
S214018F1073B504460E46FFF7E7FE054638B9104A14
S214018F201049FFF7D3FA0224204602B070BD002292
S214018F30204611461DF060FA04461DF059FA34B178
S214018F4023460020064A0849FFF7C0FAECE70090DE
S214018F50234632464FF6FC712846FFF739FEE3E713
S214018F60781E0400ED1E0400FE1F04002DE9F041EA
S214018F708846107800219EB014461D46FFF7C6FEAF
S214018F800646002800F0FD800778002F7BD0B8F851
S214018F900010002940F0F5800389B8F8022043F458
S214018FA00040824240F0ED80617800296BD1A2F545
S214018FB00042062A00F2E580DFE812F0A100A100D7
S214018FC0E300E3000700B8006900E3880D3DADF853
S214018FD02430238915F00105ADF8263063798DF824
S214018FE02830E37A03F1060214F812208DF81430C3
S214018FF08DF81C2042D10BA98E46069104F10C0077
S2140190005FFA85FC9C4500F1020009D210F8018C3C
S21401901010F802CC01350CEB082C2EF802CBEFE74A
S21401902001EB43011A440891D2B2590001F10D0037
S2140190309A42C0B20BD025186D78205C783169440D
S21401904000EB0520013321F84C0CDBB2EDE7B6F955
S21401905008203389002AACBF01220322C3F30E0382
S2140190608DF808206288ADF80A3005ABADF80C2003
S214019070049302A930461CF01CFE04E0424A434910
S2140190800020FFF723FA38461EB0BDE8F081042D14
S21401909002D83D4A3E49F3E72379053DADB29D42EC
S2140190A0B4F8028002D0384A3A49E9E73A4A3B4BDB
S2140190B00020002D08BF13463949334ACDF80080F9
S2140190C0FFF704FA05348DF81450B6F90830069403
S2140190D085B1002BACBF012303238DF82C303389D7
S2140190E0ADF83080C3F30E03ADF82E3005AB0D930B
S2140190F00BA9BFE7002BACBF06230523EDE70B2D1D
S214019100C7D9D4F80200D4F8061013F4004F05AA04
S21401911003C20CBF042203228DF82C206289C3F3FC
S2140191200E03ADF83020ADF82E30DFE7042DB0D9B0
S2140191306388ADF8303023790533DBB29D4206D023
S2140191400020114A17490095FFF7C0F99BE70E4A20
S21401915000201549FFF7BAF9B6F908203389002A25
S214019160ACBF01220322C3F30E03ADF82E3005ABCC
S2140191700D93631D069323798DF82C208DF81430FA
S214019180B6E700277FE700BF781E04002B20040007
S2140191905320040067200400A7D90300831B0400A2
S2140191A08E200400AB200400EC200400304BF0B508
S2140191B0B0FBF3F24FF4616503FB1200B0FBF5F36D
S2140191C0DCB205FB13033C25B3FBF5F3DBB2A0EBE6
S2140191D004104B71C3EB0313A0EB83004FF4FA6347
S2140191E00B8040F201134B8001230C711F460024B3
S2140191F06425204E8871944200D1F0BD91F802C0DA
S21401920013B1BCF1020F2BD006EB0C0010F801ECE9
S214019210C87870450BBF012001300CF1010CC0B2BB
S21401922008BF81F802C0C87088780D2816D10B884F
S2140192308F7001339BB298070B8014D1B3FBF5F006
S21401924005FB103080B280B94FF4C870B3FBF0FC58
S21401925000FB1C339BB2B3FA83F35B090134CAE704
S2140192604FF01D0ED4E70023F8E70123F6E700BF11
S21401927080510100CE74040010B5044688B006A9DA
S214019280FFF794FF9DF81E300A4803939DF81D30A2
S214019290049402939DF81C309DF81A200193BDF8A2
S2140192A018300549009300889DF81B30FFF70EF92A
S2140192B008B010BD3C5E002005210400026808B518
S2140192C01188154B19805188598051791971117976
S2140192D059714FF48A51D980D28812F0200F0CBFF1
S2140192E00A464FF48B528169DA800C4A137831B9F9
S2140192F0C0880B4923F002030880137008BD43F0B1
S21401930002031370074B15221846013103F0C8FCFF
S214019310002200F8012CF1E7305E00202F680020C3
S2140193202E5E00203F5E002010B5184C2368587949
S2140193301CF0E5F80B2822D8154B03EB0010027B36
S214019340237F9A421BD12368428819888A4205D016
S2140193504FF6FF70814212D1120410D42279023ADC
S214019360012A06D9A37B63B9BDE810400748FFF779
S21401937047B9198958791BF0F8F90028F2D100206D
S21401938010BD0248BDE81040FFF7CCB85048002099
S214019390BC46002008B51CF0B2F80B2896BF024B5D
S2140193A00020185C08BD00BF3468002008B5002006
S2140193B01CF0F6FBFF201CF0D5F81CF0F6FB1CF0A9
S2140193C09DFAFEF771F901210246064803F016FCE4
S2140193D0054BFF21054A0648FEF7C6FEBDE80840D4
S2140193E0FEF708BB34680020305E00202C5E0020AB
S2140193F025670020F0B5002204464FF6FF750B4F97
S21401940090B237F830600346AE4201D12846F0BD2F
S214019410A64209D1B4F57C4FF9D307EBC3035B88A9
S2140194208B42F4D00029F2D00132E9E70C75040032
S21401943010B50446FFF7DEFF094A034610884FF6CB
S214019440FF72934214BF074A2246BDE8104017BF79
S21401945002EBC30304495A680449FFF751B800BF39
S2140194603C5E00200C75040028210400BEEC0300BD
S214019470034B18780130C0B2187000F07F007047B7
S21401948034730020044A137818B143F001031370B3
S214019490704703F0FE03FAE72F680020014B1870AF
S2140194A0704700BF3268002038B1074B1B78012B8C
S2140194B004D1038843F0400303807047022BFCD19C
S2140194C0038823F04003F7E73268002068B1074AB3
S2140194D01378012B07D1064B1B781370037843F0E2
S2140194E01003037001E0022BF8D0704731680020AA
S2140194F0306800207FB50121264B274E197033783E
S2140195000246D90744D42549096881B10868C1884B
S2140195108D0641BF224CE18841F02001E180C188DF
S2140195204C0641BF1E48C18841F04001C1801D4D17
S2140195301D492878097840074CBFE97069701B49B6
S21401954013F00204098809D0164A19481CF0ABFA30
S214019550337823F00203337004B070BD154B1888BE
S2140195604FF6FB73984208D80B46CDE900520146E8
S2140195700B4A20461BF070FCEEE74FF6FF73CDE971
S214019580014200930A46074B05491BF041FCE3E7FD
S2140195900020E1E7266800202F6800204C480020C4
S2140195A0305E002025670020357300202C5E0020E9
S2140195B03E5E00202E5E002070B503790446012B26
S2140195C00D46164631D883681B78DB0600D561B395
S2140195D0A37B13B9E37C0B2B27D00022144B1A80F4
S2140195E0637DB3FA83F35B09D800E37BABB9FEF77F
S2140195F095FEA07CFEF792FE0B20FEF78FFEE07C28
S214019600FEF78CFE2846FEF789FE2046FFF756FE3B
S2140196103046BDE87040FFF76DBF40F00400FEF72E
S2140196207DFE208A1CF069FAE3E7002070BD00BFCA
S2140196302C5E0020024B0A4601461868FFF7BCBFA5
S2140196404C480020F0B4054618460F4B0C461B78D4
S214019650BDF81010012B0D4E01D0377827B100232D
S21401966033700020F0BC70470CB9002AF9D143B121
S2140196704FF65743994204D02B462246F0BC1CF0C5
S214019680F8B90120EEE700BF3673002033680020EA
S2140196902DE9F04F684C4FF0000A25468446964661
S2140196A098460F46654B664E83F800A00FCE0FC551
S2140196B096E80F0085B085E80F00DDF83C90BDF810
S2140196C0383072460093394643466046CDE90194E8
S2140196D000F0DCF8DFF89081064670B90025FEF749
S2140196E0FFFD16220021574803F088FA002328467A
S2140196F0C8F8003005B0BDE8F08F534BA27CC8F81F
S21401970000401A70514B1B78002B36D01CF000FB22
S2140197104F4902465046FEF7F3FE226850465379FB
S21401972052884C490092A289FEF7EAFE50461CF088
S21401973068FA20B12368218A5888FFF779FEE37B0F
S21401974023B10020228A4449FEF7DAFEA3680020EE
S2140197501A78E37C41490093A37CFEF7D1FE207D75
S214019760A289A168121A01440123002092B2FEF7D1
S21401977011FE00203A49FEF7A9FE2F48FFF79EFD8D
S2140197802D481DF01FFD054630BBB9F1000F25D150
S2140197902168E0880B8801904988BA1E032A009147
S2140197A08CBF002201220121E07CFFF74BFF38B974
S2140197B023685B79FF2B3AD0FFF7B6FD05468EE7A7
S2140197C02368DB889A06F3D40121264C1A482170B7
S2140197D01CF0B7FA84F80090354680E7B9F81430E3
S2140197E09B07E5D47AE75846FEF718F882465846AE
S2140197F0FDF760FF88B123685046228A59881BF01E
S21401980081FE50B13846FFF759FD236889F804A058
S21401981083F805A0FFF788FD00B9284605460136FE
S214019820FDF742FF5FFA86FB5845DCD857E700266E
S214019830014FDFF83890F3E75048002026680020F3
S214019840EC7404003E5E0020357300203373002064
S214019850412104004A2104006B2104007721040001
S214019860F1D20300336800204C480020305E00200F
S2140198700023054AD15C814202D31A4450787047CE
S2140198800233DBB2F6E700BFDA74040073B515469F
S2140198902E781A4616F0040F0CBF032605269E42A4
S2140198A0089C08D9224A234900960020FEF70EFE9E
S2140198B0002002B070BDBDF8183021712060E38031
S2140198C0A560A2812B7803F00103A3732B7803F024
S2140198D00403002B14BF01210021E1732978C1F391
S2140198E0C00161754FF00101217518D028461CF0A2
S2140198F041F9237D208202332375227D531CDBB27E
S2140199002375A95C0232D2B2A1742275EB5CE374B2
S214019910A3899A4205D900920749054AC5E72382D9
S214019920EBE7079B0120A36100232377C1E700BF74
S2140199303BDA0300BA210400D62104002DE9F743DF
S2140199400024204FDFF89C80DFF89C90E0B21CF0EA
S2140199508DFCFF2805460FD12346012102201A4A15
S214019960F7F7AEFA194B0134187819F060FF152C89
S214019970ECD103B0BDE8F08346B238EA260328BF2F
S2140199804B4601210093022057F82430104AF7F77E
S21401999097FA002EE6DA0923E340DB070AD50D4ADB
S2140199A00D4B15F0010F18BF1A4601210220F7F7DB
S2140199B087FAD7E70A2CD5D1084A094B15F0010FCB
S2140199C0F1E700BF247504002F220400377300203E
S2140199D05722040008220400F22104002422040075
S2140199E01A220400A7D90300831B040008B55422D9
S2140199F00021024803F002F9002008BD2C5F002078
S214019A0008B55422FF21024803F0F8F8002008BDEB
S214019A10D85E0020024B23F810100020704700BFCC
S214019A20D85E0020002310B4074ADCB2A14203D856
S214019A305DF8044BFFF7DABF2A2BF9D032F8024B58
S214019A4020F813400133F0E72C5F0020002310B507
S214019A50054A994201DD2A2B00D110BD32F8024B8E
S214019A6020F813400133F4E72C5F0020024B1878EE
S214019A7000F07F00704700BF40680020034B187855
S214019A800130C0B2187000F07F00704740680020B7
S214019A9030B51C4600238BB0ADF82220021D92B2D1
S214019AA0012A0E9DADF82030ADF81E10ADF81C3021
S214019AB003D94FF6FF7290420FD10022CDE903522F
S214019AC0CDE90124094B01461B784FF6FF70009340
S214019AD007AB1CF0EBFB0BB030BD0146CDE90153E3
S214019AE01846009407AA1CF0FDFBF4E73873002023
S214019AF038B505464FF480500C4603F085FA4FF40E
S214019B0080532860236030B940F2A511BDE8384083
S214019B10014822F0BEBA38BD46230400004870470B
S214019B20EA600020014B1878704700BF517300208F
S214019B30014B1888704700BFDA720020014B187875
S214019B40704700BF4A730020014B1878704700BF6A
S214019B5044680020014B1878704700BF4573002009
S214019B60014B1870704700BF47680020014B187002
S214019B70704700BF46680020014B1888704700BF39
S214019B80D87200202DE9F74F4FF00008394B3A4FB5
S214019B9093F80090394B3A4E3A4D3B4C3B483C4982
S214019BA0DFF8F4C0DFF8FCE0DFF810A1DFF810B151
S214019BB00193019B2037203301935FFA88F399457F
S214019BC006F1200605F1200504F1200400F120002D
S214019BD001F120010FD8002211462E4B2E4D1C7884
S214019BE02E4E2F4B2F4FD0B2844203F1200338D88C
S214019BF003B0BDE8F08F2C4B2C4A47F81C3C0023E1
S214019C0046E907232A4A47E9063E45E90723294A42
S214019C1046E905E344E90723274A45E905E340E920
S214019C200723019A44E905E340E905E341E908CA47
S214019C3041E9063E47F820CC47F8103C46F820CCD0
S214019C4045F820CC44F820CC40F820CC41F8103C14
S214019C5008F1010842E908CB42E9063E42F8103C09
S214019C60A7E743E9085643E9061743F8101C0132F3
S214019C70B9E700BF55730020284C0020284B002070
S214019C80084C0020E84B0020884B0020684B002041
S214019C90484B00204F730020A45A002099C70200A9
S214019CA0A84B0020831B0400E7880300BF8703003E
S214019CB0D58F020075A9020027620300490D030033
S214019CC0D97E0200002208B5074B1A605A601CF0C4
S214019CD09CFA064B18701CF098FA054B1870054B49
S214019CE01A78054B1A7008BD465A00208268002073
S214019CF0816800204373002080680020002100B5A1
S214019D0093B008466A460AF0E7F90146C8B90E4B11
S214019D100E4A09930E4B0D920A930E4A0E4B0E9263
S214019D200B930E4A0E4BCDE90F230C930D4B6A464F
S214019D3011930AF087FC003818BF012013B05DF8B4
S214019D4004FB0120FAE700BF51830300718B020078
S214019D505585030031600200556203009D9A02009A
S214019D60B5850300A1870200084B1878112806D88C
S214019D70012809D9064BC34003F001007047A0F142
S214019D8043035842584170470020704784680020BA
S214019D903400020008B5064B1B78013B022B05D8A0
S214019DA00020FFF7E1FF0138C0B208BDFF20FCE745
S214019DB085680020044B00F1100250F8041B904205
S214019DC043F8041BF9D1704786680020044B03F161
S214019DD0100253F8041B934240F8041BF9D1704754
S214019DE08668002030B5002491B0114B0546214607
S214019DF014220BA8CDE9094302F000FF102209AB9B
S214019E00CDE900440693CDE90452CDE90252094B4F
S214019E1009490AA819F00AF904460AA81CF06FFFB6
S214019E201CB1A021054822F034F911B030BD00BFA5
S214019E30002480000044400486680020D1230400EA
S214019E4070B5002490B0154B05460E4614222146E7
S214019E500BA8CDE9094302F0D1FE102209ABCDE9EA
S214019E60004406933146CDE90452CDE902520C4B2B
S214019E700AA819F0DBF804460AA81CF040FF1CB13A
S214019E80BA21084822F005F9099B102B03D0BB2103
S214019E90044822F0FEF810B070BD00BF0024800018
S214019EA000444004D123040030B50D4600218FB094
S214019EB0124B0446142209A8CDE9071302F09EFEB0
S214019EC0102207ABCDE90242CDE9004204932946B0
S214019ED00B4B08A819F0ACF8044608A81CF00FFFB5
S214019EE01CB1D121074822F0D4F8079B102B03D0D0
S214019EF0D221044822F0CDF80FB030BD00248000F6
S214019F0000444004D12304000022034B1870034B85
S214019F101970034B1A7070479768002098680020E4
S214019F20966800202DE9F04FDFF89080064698F8F5
S214019F3000300D4685B0002B3AD04FF6FB739842A1
S214019F4036D84FF0000B1C4FDFF874A03C7898F819
S214019F5000305FFA8BF94B459AF8000011D9484456
S214019F6002AA0DF10601C0B214F00CFB0822294624
S214019F700DEB020003F08EF90BF1010B0028E6D180
S214019F804C463B78A34208D198F80020631CDBB20C
S214019F909A423B7004BF00233B70324629469AF82A
S214019FA000301C44E0B205B0BDE8F04F14F0D8BB59
S214019FB005B0BDE8F08F00BF9668002098680020C5
S214019FC0976800202DE9F74F06460D4614461F46B2
S214019FD04FF0010BDFF8789003F10C0A15B903B0C6
S214019FE0BDE8F08F102DA84628BF4FF010083A465E
S214019FF0164B5FFA88F152F8040B524543F8040BEE
S21401A000F9D101919AF8002011481A70002389F8B5
S21401A0100F4089F800B089F80E30FFF7E3FE3246AC
S21401A02001340B480199E4B212F801CB10F8013B58
S21401A03083EA0C0302F8013C931BDBB28B42F3D399
S21401A040A5EB080816461FFA88F5C7E79A680020A8
S21401A050996800202DE9F04F9046914685B0009012
S21401A060981A029383B20193009B0F46354903F178
S21401A0700C0453F8045BA34241F8045BF9D11B7846
S21401A080314E0B7049233370019BF0731B0A304627
S21401A090B373FFF7A7FE0221BB460D46737888EA25
S21401A0A0030373704FF0000A1DE0C5F11004A9EB1D
S21401A0B00A039BB2A4B29C4228BF1C4600231FFA87
S21401A0C083FCE8186445C0B21FD82544EDB2A3440A
S21401A0D0102D54441FFA84FA05D100253046039109
S21401A0E0FFF780FE0399D145DFD807EB080B25B1B2
S21401A0F015480391FFF776FE039901294FF00005F5
S21401A1000DD00121DDF80490CCE71BF803C016F84A
S21401A11000E001338CEA0E0C06F800C0CFE7029B84
S21401A12009491F44094B38461C78224602F0F6FEC0
S21401A1302A4621463846009B05B0BDE8F04FFFF79A
S21401A14041BF00BF9A68002099680020567300201E
S21401A15030B540780C4601284FF0110387B001F165
S21401A160100516D1144A01A90AF0F4FF234601ACE2
S21401A170224618685968083303C2AB421446F7D121
S21401A18011230D4A002001A90AF0E4FF002007B0C0
S21401A19030BD0120094A01A90AF0DCFF234601ACC3
S21401A1A0224618685968083303C2AB421446F7D1F1
S21401A1B01123024AE6E700BF75E4010079EB0100CE
S21401A1C030B50C46407887B001284FF011030DBF1B
S21401A1D00B4A0C4A012001A918BF01A90AF0BAFFCF
S21401A1E0234601AA05AD144603CCAC42186059605B
S21401A1F0224603F10803F6D1002007B030BD00BFA8
S21401A20075E4010079EB010010B50C4688B01A23FD
S21401A2100C4A01A901200AF09DFF21460DF10E030B
S21401A22004F1100251F8040B914243F8040BF9D1E2
S21401A2301A230020034A01A90AF08CFF002008B067
S21401A24010BD00BF24E10100F0B58BB004460D46F9
S21401A2501EF043F8A8B101A812F044F988B1667B54
S21401A260271D16F0020F05D00822384601A903F073
S21401A27011F8D0B901AB46F0020603CB60607960F5
S21401A28066731A230A4A03A901200AF063FF2946C6
S21401A2900DF116030DF1260253F8040B934241F813
S21401A2A0040BF9D100200BB0F0BD2D20FBE700BF59
S21401A2B024E10100F0B50546071D00220C4638468C
S21401A2C0082193B01DF097FF6A7B0646D0070BD591
S21401A2D0687808A91CF044FCDDF83D306B60DDF8B9
S21401A2E041307B6080B10BE0910709D5D200012196
S21401A2F0384602F080021CF03EFCFF28687002D14E
S21401A3002D2013B0F0BDD6B1687801A91CF0C5FBAD
S21401A3109DF81C305B0604D54FF4C6710A4821F03F
S21401A320B8FE234603AD07AC2A4603CAA24218600C
S21401A3305960154603F10803F6D10020E1E708A9A4
S21401A3401CF00EFCCEE700BF4F2404002DE9F041BF
S21401A35006468AB01F480F4615460024FFF736FD0D
S21401A360002C01A914BF4FF05C0C4FF0360C1023E3
S21401A3708846184A12F8010B013B8CEA000013F0DC
S21401A380FF0301F8010BF5D105A81EF06FFD42464B
S21401A390102105A81EF06EFDC4B93946324605A83F
S21401A3A01EF0D0FD2A460DF1140C0DF1240E634665
S21401A3B003CB7345106051609C4602F10802F6D14A
S21401A3C014B10AB0BDE8F0810124C9E72A4610217C
S21401A3D0E5E700BFC96800202DE9F04791460D4624
S21401A3E0C0B09DF82041DDF828811E46DFF87CA02C
S21401A3F09DF8243107462246494640468AF80030F1
S21401A40002F08CFD9DB12346324641463846FFF7A1
S21401A41021FEB44207D9A11B3B46012289B208EBB3
S21401A4200600FFF7CFFD002040B0BDE8F087A11B76
S21401A4303B46012289B208EB0600FFF7C3FD224620
S21401A4404146684602F06AFD32466946384623466A
S21401A450FFF700FE9AF800200DEB040109EB04005B
S21401A46002F018FF0028DED02C20DDE7567300200E
S21401A47038B50346104601F1100451F8045BA142B9
S21401A48042F8045BF9D104491BB1FFF7D9FC00205F
S21401A49038BDFFF709FDFAE7C968002030B5054663
S21401A4A089B069461CF07DF96B8804ACABB12246D5
S21401A4B0294668461CF015F90E4A08AD234603CB1B
S21401A4C0AB42106051601C4602F10802F6D1094801
S21401A4D0FFF770FC002009B030BD6B46054D1A46EB
S21401A4E003CAA24228606960134605F10805F6D141
S21401A4F0EDE700BFC968002050B10B4B0B4A03F1D2
S21401A500100153F8040B8B4242F8040BF9D1704743
S21401A510064B054A03F1100153F8040B8B4242F82F
S21401A520040BF9D1704700BFC9680020A968002054
S21401A53008B51022024802F0B3FB002008BD00BF98
S21401A540B968002008B508461022024902F0A8FBA7
S21401A550002008BDB968002010B5044686B001A9E0
S21401A560114A112301200AF0F5FD9DF8143001A8C7
S21401A570E3701FF042F880F001000C4A01A96070F8
S21401A580112301200AF0E6FD9DF8143001A8A370FE
S21401A5901FF033F880F00100207010F03DFB606082
S21401A5A0002006B010BD00BF75E4010079EB010084
S21401A5B010B5044686B01123134A012001A90AF0FA
S21401A5C0C9FDA3789DF814209A4207D08DF814305F
S21401A5D0002011230C4A01A90AF0BCFD11230B4AE5
S21401A5E0012001A90AF0B6FDE3789DF814209A42ED
S21401A5F007D08DF8143000201123044A01A90AF06F
S21401A600A9FD06B010BD00BF79EB010075E401009D
S21401A6102DE9F04186B0064603A80C4612F000FF6D
S21401A620054600284AD1BDF80C30980646D51022BA
S21401A6302946204602F0E2FA01A811F053FFC0B104
S21401A640777B06F1040817F0020F06D00822404671
S21401A65001A902F01FFE00282ED101AB47F0020728
S21401A66003CB7060C8F804107773238843F008039F
S21401A6702380238843F00203238011F00DFB6060E2
S21401A6801DF02BFE30B10E4B1B68A360238843F0F0
S21401A690040323800B4B1A68D1035EBF238843F063
S21401A6A010032380130203D5238843F40063238019
S21401A6B0284606B0BDE8F0812D25F9E72425F7E701
S21401A6C0584C00205C4C002010B5D0E9023253F8FB
S21401A6D0223090B01C684022694620461CF0B3FA2E
S21401A6E0034630B1224600200549FDF7EFFE10B0C3
S21401A6F010BD012269460820FDF792FEF7E700BF6C
S21401A700E524040070B500F0B1F800280CBF6E22F5
S21401A710792200201349FDF7D9FE00F0A7F8F0B121
S21401A7201CF0A5FA00280CBF6E22792200200E49E3
S21401A730FDF7CCFE082200200C49FDF7C7FE0025D8
S21401A7400B4C0C4E234654F8042C3146002003359E
S21401A750FDF7BCFE182D04F10C04F3D170BD3F22A9
S21401A760E4E700BF1D250400342504004425040049
S21401A770804D00206325040070B51CF05DFA044688
S21401A78021490020FDF7A2FE2CB92046BDE8704005
S21401A7901E49FDF79BBE00F0BBF805461C4B6269DF
S21401A7A00020002A08BF1A461A492668FDF78EFEC1
S21401A7B0A28800201849FDF789FE1849E288002082
S21401A7C0FDF784FEA388228913F010001ABF00202B
S21401A7D013491449FDF77AFEE26800201249FDF795
S21401A7E075FE226900201149FDF770FE104A114BD3
S21401A7F00020B6F5817F38BF13460F492A46BDE8CB
S21401A8007040FDF763BE00BF98250400A52504002F
S21401A8105BF50300C6250400E425040005260400B4
S21401A820222604003F2604005D2604007B26040041
S21401A83090250400862504009926040038B50146B3
S21401A84000230C25084A05FB03F4A018145901340B
S21401A85004D10C2202F024FA002038BD0133082B63
S21401A860F1D10120F9E700BF7C4D0020034B187899
S21401A870012894BF00200120704700BFDB6800203C
S21401A88038B50446044D2878A04203D021461CF072
S21401A890B3F92C7038BD00BFDB68002000B58FB05F
S21401A8A03422002101A802F0A9F901A8EEF710FB55
S21401A8B00598D0B182680E4BB2F5803F34BF92B294
S21401A8C0C2F38F2241881A81028828BF41F0100105
S21401A8D01A6042689980DA80C268DA6002691A6191
S21401A8E042695A61027E18461A760FB05DF804FB7B
S21401A8F0004D0020054B1B7820B1012B04D8022007
S21401A900FFF7BEBF012BFBD8704700BFDB680020F6
S21401A91010B5084C237853B91CF08EF90123237027
S21401A92028B10368B3F5817F24BF037E23702078A6
S21401A93010BD00BFDA68002070B5184B1B78012BDC
S21401A9402BD81CF05CF9164D024616490020FDF77F
S21401A950BDFD0120FFF7CEFF2E78FF2E1DD1FFF79C
S21401A9609DFFC8B1848860223146C4F340040E4876
S21401A9702C7002F043F9602231460C4802F03EF991
S21401A9805CB1FFF7C5FF042807D9BDE8704040F267
S21401A9902B11074821F07DBB287070BDDB680020B5
S21401A9A057730020BC2604007C4D00201C4D00205F
S21401A9B0CE2604002DE9F04FDFF884928DB003AB6C
S21401A9C007468846144699E8070083E80700FFF71C
S21401A9D0B3FFFFF79DFF944B06461D784B46012DAE
S21401A9E040F07081012840F27281B7FBF0F200FB63
S21401A9F01272002A00F06B818C4900228B46D1F836
S21401AA0000C0BCF1FF3F04D0087A6044874200F0E2
S21401AA1019810132082A01F10C01F0D193E80700EF
S21401AA2006AE0DF1240A86E807008AE80700FFF75C
S21401AA306FFFB7FBF0FB00FB1B7BA0EB0B094A4645
S21401AA40414606460AA809978DF82C9002F066FA48
S21401AA5000224FF00C0E764902E00132082A0ED091
S21401AA600EFB02F000EB010C08580130F5D19AE814
S21401AA7007008CE807006F490A7801320A70A14581
S21401AA8004DD4FF4E2716C4821F003FBA41B5C4427
S21401AA904F44A1B217FA84F4B4FBF6F206FB124255
S21401AAA0C8448E1A91B1A41A08EB060107A88DF8BE
S21401AAB02020069402F032FA06A8FFF7BFFEFF2810
S21401AAC004D140F2D9115C4821F0E3FAB6B2B6B12E
S21401AAD00320FFF7D5FE802E0AD832464146574856
S21401AAE002F01CFA3246384654491CF090F80546E6
S21401AAF00220FFF7C5FE28460DB0BDE8F08F002501
S21401AB00F9E74FF40E714C4821F0C3FA464B1B7817
S21401AB10012B00F0E380002C36D00320FFF7B0FEB7
S21401AB20802C2FD822464146444802F0F7F92246A7
S21401AB30384642491CF06BF805460220FFF7A0FE96
S21401AB40DFF8F09099F8003093B1039CFFF7E0FE30
S21401AB50374B002798461A68511C04D0197A411AB7
S21401AB60521A944224D00137082F03F10C03F2D174
S21401AB70002DC0D1039B0133C1D003A8FFF75EFEB1
S21401AB800546B8E70125D8E72546D9E740F26D2105
S21401AB90294821F07EFA012524E0012D30D0802EAF
S21401ABA02FD83246254903981CF031F8054628E08F
S21401ABB0002DA0D10C247C4308EB04039DF814A0BF
S21401ABC093F808B00AEB0B03802BDFDC1B4B5246D5
S21401ABD004A9184602F0A2F9211D5A4641445044E0
S21401ABE002F09CF90C2303FB07839DF814201B7AC3
S21401ABF013449E42D1D040F273210F4821F049FA06
S21401AC0001250220FFF73CFE99F8003013B1013B05
S21401AC1089F800304FF0FF3308EB040248F804309F
S21401AC20C2E9013367E700BF577300207C4D00205F
S21401AC301C4D0020D9680020CE260400804C002040
S21401AC40887504004FF00C0A0AFB02B3187AA6EBCB
S21401AC5000095FFA89F9A14501D35FFA84F90AFB75
S21401AC6002FA0AF1040528444A464146584402F0CD
S21401AC7055F90BEB0A031A7AA4EB09044A44D2B23B
S21401AC80B242A4B21A7219D103200193FFF7F8FD5C
S21401AC9032460BEB05015BF80A001BF0B8FF0546D0
S21401ACA00220FFF7EDFD4FF0FF32019B4BF80A2023
S21401ACB0C3E90122002D7FF41EAFC844002C3FF4E7
S21401ACC01EAF4F44104B1B78012B7FF424AFB7FB0C
S21401ACD0F6F306FB1373002B7FF413AFE319B3FBF4
S21401ACE0F6F506FB1535002D3FF415AF641B5B1B0F
S21401ACF008EB04012A4604A80393A4B202F00EF955
S21401AD008DF8145007E700BF5773002070B5134B3A
S21401AD101B78012B0CD1FFF70FFE0026104D55F8BE
S21401AD20043C013306D10336182E05F10C05F6D185
S21401AD30002411E00320FFF7A3FD55F8044CFFF7AC
S21401AD40E7FD2946024620461BF061FF0446022025
S21401AD50FFF796FD002CE6D0204670BD5773002005
S21401AD60804D002070B505460C46FFF7E5FD052031
S21401AD70FFF786FD214628461BF057FF06460220B0
S21401AD80FFF77EFD00220A4B2C441968481C08D0A8
S21401AD90A94206D3A1423EBF4FF0FF31C3E90011DD
S21401ADA099600332182A03F10C03EED1304670BDC8
S21401ADB07C4D0020D0E9023253F8223010B51C68D1
S21401ADC0204600F095FA28B12146BDE81040024819
S21401ADD000F002BE10BD00BF4C27040008B5D0E944
S21401ADE0023253F82230186800F06CF920B1BDE841
S21401ADF00840024800F0F0BD08BD00BF6E27040001
S21401AE002DE9F041D0E9023253F8221003EB820318
S21401AE105B680F681D789AB0642D04D964211148C7
S21401AE2000F0DAFD64252A46384601A900F002F949
S21401AE30044698B90C4800F0CFFDDFF8348001AE27
S21401AE40013DA54202DC1AB0BDE8F0813919404641
S21401AE5016F8012B00F0C0FD0134F2E7034800F0BC
S21401AE60BBFDF0E791270400B1270400DB270400AF
S21401AE70C82704002DE9F04700252D4FDFF8E080B4
S21401AE80DFF8E0908CB0284603A900F0EFF810B187
S21401AE900CB0BDE8F087049B2946039A0093384618
S21401AEA000F09AFD404600F097FD059910290CD850
S21401AEB010290CD8DFE801F00F14320B340B0B0B02
S21401AEC0360B0B0B0B0B0B0B3A0020292CD0194819
S21401AED000F082FD07E0184800F07EFD0135D2E75C
S21401AEE0164800F079FD0699484600F075FD079969
S21401AEF0134800F071FD134800F06EFD1024DFF8D2
S21401AF0068A00DF11F06504616F8011F013C00F01F
S21401AF1063FD14F0FF04F6D10B48DDE70B48E0E7CC
S21401AF200B48DEE70B48DCE70B48DAE70B48D8E7C7
S21401AF30F62704009B2804004B2804005B28040025
S21401AF40C1280400D9280400D2C9030063280400DC
S21401AF506B280400742804007F2804009628040047
S21401AF603A280400AA280400EA28040010B50B4C6D
S21401AF708EB023785BB9EDF725FF014650B9012362
S21401AF8001A82370EDF7A4FF054B049A1A602078F8
S21401AF900EB010BD034800F01FFDF8E7DC68002086
S21401AFA0C0500020F028040000B58FB0FFF7DEFF88
S21401AFB0002829D001A8EDF78BFF059B14481988B6
S21401AFC000F00AFD059B13485969134B002908BF79
S21401AFD0194600F001FD059B1048598800F0FCFC5D
S21401AFE0059B0F48196900F0F7FC059B0D48D968C9
S21401AFF000F0F2FC059B0C48197E00F0EDFC0B4BB3
S21401B0000B48196800F0E8FC0FB05DF804FB00BFC0
S21401B0102D2904003F2904005BF503005129040093
S21401B02065290400792904008D290400C0500020F8
S21401B030A129040070B5064615460C4679B172B1D1
S21401B040FFF794FF68B121462A463046EEF74AF8E4
S21401B050014618B1044800F0BFFC012070BD212054
S21401B060FCE71120FAE700BFB329040037B505460F
S21401B0700C46FFF77BFFE0B1114B1B68AB421AD9B8
S21401B080CCB100212422204601F0B8FD21462846F5
S21401B09016F088FF88B9284601AA04F10801EDF7E1
S21401B0A0D3FF20B140F20643C01A18BF012003B0F7
S21401B0B030BD1120FBE72120F9E70120F7E700BFAB
S21401B0C0C0500020F0B593B00546FFF74FFF0028AB
S21401B0D045D0254B1A68AA4207D829462348013A83
S21401B0E000F07AFC212013B0F0BD05A8EDF7F0FEC4
S21401B0F0284603A916F056FF98BB049A22F4FF5778
S21401B100C2F30C0327F01F072BB14FF40053294657
S21401B110174800F061FC039E7FB120F0C7FF304660
S21401B1204FF40051EEF76AF83346044606F500562A
S21401B13050B9039BF31ABB42EFD32A4639460D4852
S21401B14000F04AFC002406E000902A464FF4005125
S21401B150094800F041FC201E18BF0120C3E711205A
S21401B160C1E70120BFE700BFC0500020E12904006D
S21401B1708F2A04004E2B0400FD2A040010B5044655
S21401B18038B1FFF7F3FE30B10020044B1B68236093
S21401B19010BD2120FCE71120FAE700BFC0500020B7
S21401B1A010B50446FFF7E2FEB0B10C4B1A68A24296
S21401B1B006D821460A48013A00F00EFC212010BDAF
S21401B1C020F074FF40F2C12220460649EDF7FCFE4E
S21401B1D0003818BF0120F2E71120F0E7C050002028
S21401B1E0E1290400FC4D002010B50446FFF7BEFE21
S21401B1F070B121460848EDF707FF40F20323984255
S21401B20008D040F2012398420CBF0520012010BD52
S21401B2101120FCE70020FAE7FC4D00202DE9F04163
S21401B2202D4D04462F68FFF7A1FE002851D029684E
S21401B230A14207D84A1E2948214600F0CDFB21200D
S21401B240BDE8F0812648EDF79FFEDFF894800246C0
S21401B250B0B943462E68964222D1BE4214BF3A4642
S21401B26006F1FF3212BB31461D48C8F80040EDF723
S21401B2706BFE014600B31B4800F0AEFB0120DFE782
S21401B2802046EDF741FE044638B10146164800F067
S21401B290A3FB201E18BF0120D2E7EDF791FCF8E7CB
S21401B2A053F8041B8C42DDD00132D4E70C499200DE
S21401B2B0081D01F0F5FCD6E729680948EDF764FE9C
S21401B2C0044610B101460948D6E7EDF779FC204659
S21401B2D0B6E71120B4E700BFC0500020E129040002
S21401B2E0DC4D0020942B04006A2B0400C72B0400BD
S21401B2F0F8B50446FFF73AFE002845D0234B1A68F6
S21401B300A24207D821462248013A00F065FB2124D3
S21401B3102046F8BD1F4800F05FFB20F0C7FE40F254
S21401B320C1221D492046EDF74FFE40F20327054690
S21401B33020F0BCFE184E65B140F203239D421AD0A0
S21401B3402946164800F048FB0124154800F044FB46
S21401B350DEE720F0ABFE29463046EDF755FEB84253
S21401B36009D040F20123984203D10E4800F034FB85
S21401B370E1E70546DFE721460B4800F02DFB2046B6
S21401B380FFF74CFF0446E0E71124C1E7C050002058
S21401B390E1290400FE2B0400FC4D00201E2C0400B5
S21401B3A0D2C9030067010400362C040010B50A4612
S21401B3B0044619B1024B00211B68984710BD00BF17
S21401B3C09475040010B5114C2378580744BF23F038
S21401B3D0040323702378990705D500F05DF82378D8
S21401B3E023F00203237063781BB10023084A6360CD
S21401B3F053600023082106486370FFF7D7FF2378C0
S21401B400DA0744BF23F00103237010BDC4500020A7
S21401B410C850002038B51A4C62782378022A01D128
S21401B420072B11D0DD0712D52378980707D400F033
S21401B4302BF82378054643F00203237080B962781F
S21401B440237882B15A0716D50025284638BD17F04D
S21401B4506BFD2378054643F0010323700028E3D0F3
S21401B460FFF7B0FFF1E7D907ECD5064962604A60FD
S21401B47002226270E6E743F004032370E4E700BFAC
S21401B480C4500020C85000200122024B002083F83F
S21401B490F0207047D05000202DE9F0410A4C0025DD
S21401B4A026464FF0010803272046C4F81C8027765D
S21401B4B001351BF007FC062D04F12804F4D1002306
S21401B4C086F8F030BDE8F081D05000202DE9F04F2D
S21401B4D0984691B00B1E0A93B44B914614BF83460F
S21401B4E09B4600251A9E98F8000070B94D4538BF56
S21401B4F02A464B464FF000000A9928BF09F1FF3251
S21401B500D847284611B0BDE8F08F252808F1010874
S21401B51006D02A464B460A996C1CD8472546E2E7D0
S21401B5200023414611F8012B2B2A16D00AD8202ACF
S21401B53016D0232A17D0A2F13000092834D80027C4
S21401B5400A2418E02D2A05D0302AF4D143F001034D
S21401B5508846E6E743F00203FAE743F00403F7E719
S21401B56043F00803F4E743F01003F1E7884604FBD1
S21401B5700722A2F13007414611F8012BA2F1300053
S21401B5800928F3D998F800202E2A52D198F80110EC
S21401B59008F10102A1F13000092843F480633ED886
S21401B5A000244FF00A0E11E02A2A08D156F8047B2F
S21401B5B08846002FBCBF43F002037F42E2E7002724
S21401B5C0E0E702460EFB0411A1F13004104610F824
S21401B5D0011BA1F1300CBCF1090FF2D9904642468D
S21401B5E012F8011B6C292DD025D8682933D06A2979
S21401B5F03BD04246904618F8010B672860D857287A
S21401B60036D8452808D084D9462800F0188147281E
S21401B6107FF47FAF43F4006343F0200327E12A2938
S21401B62006D156F8044B08F1020824EAE474D6E77A
S21401B63090460024D3E7742901D07A29D9D143F45E
S21401B6408073D7E798F801106C29F8D143F440735A
S21401B65008F10202CEE798F80110682902D043F0FB
S21401B6608003C7E743F0C003F2E743F40073C1E782
S21401B670A0F158020F2A3FF64CAF01A151F822F073
S21401B68021B7010013B5010013B5010013B5010080
S21401B69013B5010013B5010013B5010013B5010080
S21401B6A013B5010013B5010021B701008DB80100E3
S21401B6B021B7010063B8010043B8010063B8010077
S21401B6C0A0F16901C9B20F293FF623AF012249F261
S21401B6D0410C8A4012EA0C0218D10A2900F01581A1
S21401B6E007297FF416AF43F0210305930823CDE91C
S21401B6F003431023CDE9012356F8043B2A46009361
S21401B70058464B460A991BF0CDFBA8E06F2800F07F
S21401B7105E8110D9782808D1102223F00C0310E09E
S21401B720582839D0622800F054810A2223F01003E9
S21401B730642806D0F1E769284FF00A0223F01003C7
S21401B740F6D1590548BF23F00103692803F40071B7
S21401B75001D0642840D111B3073626F00706B24659
S21401B76070685AF8081BCDE9077300230593C30FC9
S21401B7700028029306940B46049202DA4B4260EBD1
S21401B7804000CDE900304B462A4658460A991BF040
S21401B790CBFB05465646A6E643F02003BCE7D90593
S21401B7A006F1040A04D5316805E000BF076D030001
S21401B7B058060CD53178CDE90224CDE90473002969
S21401B7C04FEAD1730193B8BF4942009120E01906B0
S21401B7D0E9D5B6F90010EEE779B1CDE90773002394
S21401B7E0CDE9042306F1070A2AF0070A0694029314
S21401B7F0FAE80223CDE90023C5E7D80506F1040AD5
S21401B8000DD5CDE90473CDE9022401913368009387
S21401B8104B462A4658460A991BF044FBB9E7590697
S21401B82007D53178CDE904730023CDE902240193CD
S21401B830CBE7316813F0800F18BF89B2F2E743F007
S21401B8402003CDE90173073626F007060094B6EC0F
S21401B850020B4B462A4658460A99E8F799FF0546D1
S21401B86041E600F0DF00472801D143F40063CDE94B
S21401B8700173073626F007060094B6EC020B4B461A
S21401B8802A4658460A99E8F7C7FDE8E713F0020486
S21401B89026D04FF0010A6B1C0B932A464B460A9999
S21401B8A016F8040BD84774B354460B9A21E04B465E
S21401B8B020200A99D8470AEB05020AF1010A5745E2
S21401B8C0F5D83A1E18BF0122002A07F1FF3308BF38
S21401B8D0002307F1010A1D4408BF4FF0020ADAE708
S21401B8E0A246E8E7551C4B4620200A99D8472A4627
S21401B8F00134BC42F6D3A7EB0A03574538BF0023F1
S21401B9000B9A1A440B920B9DEDE53246002C52F829
S21401B910046B14BF21464FF0FF310B92324631447F
S21401B920107808B1914211D1A2EB060A13F4806295
S21401B9300C9202D0A24528BFA24613F002030D9333
S21401B9401BD1AAEB05032A460F9308E00132E7E76D
S21401B950531C0E9320204B460A99D8470E9A0F9BEC
S21401B960D318BB42F4D3A7EB0A03574538BF0023CD
S21401B9700AF101021D4403EB020AAB1B0E9304E01D
S21401B9801C464B462A460A99D8470E9BF51816F8C8
S21401B990010B28B10C9B002BF3D0631E002CEFD1BA
S21401B9A00D9B93B12A46AAEB050405E0561C4B46AF
S21401B9B020200A99D84732461319BB42F6D3A7EB83
S21401B9C00A03574538BF00231D440B9E8BE508220A
S21401B9D0A3E60222A1E600BF0FB41FB506AA52F8DD
S21401B9E0043B02A90392009204484FF0FF32FFF78E
S21401B9F06DFD05B05DF804EB04B07047C96F030038
S21401BA001FB5034600914FF0FF3203A90248FFF726
S21401BA105DFD05B05DF804FBC96F03001FB5CDE9F8
S21401BA200201009302A9134603484FF0FF32FFF7C5
S21401BA304DFD05B05DF804FBD16F03001FB5094B42
S21401BA40094A1868094B01A91860094B1360094A8D
S21401BA500192094A1268CDE9022317F00CFB05B0E2
S21401BA605DF804FBC06F0020C8410020CC410020D7
S21401BA70B46F00203964040080540020014B18681C
S21401BA8017F00DBBC06F002038B5F1F71BFE04465A
S21401BA90064D2B68D3F8B002F1F708FE286817F0B8
S21401BAA011FB2046BDE83840F1F700BEC06F00200C
S21401BAB010B51F4CEFF7DCFE236F012023F00703C0
S21401BAC043F002032367EFF7E1FED4F820310020AC
S21401BAD023F0070343F00103C4F82031D4F84031C2
S21401BAE023F0030343F00103C4F84031D4F8603176
S21401BAF023F0030343F00103C4F86031D4F8403265
S21401BB0023F0030343F00103C4F84032D4F80032B3
S21401BB1023F0070343F00103C4F80032D4F80832D7
S21401BB2023F0070343F00103C4F8083210BD00BF39
S21401BB3000800050064B1B681A7A022A01D81AB9EF
S21401BB407047032A00D070471B68024A136070478B
S21401BB50C46F0020805400200022024B5A60DA6035
S21401BB601A6070478454002008B501F037FF0022A0
S21401BB70014B1A7008BD00BFDD6800200A46014966
S21401BB801BF090BA2D8E04000A4601491BF08ABAB2
S21401BB90288E04000A4601491BF084BA218E04004F
S21401BBA00A4601491BF07EBA1E8E04000A46014968
S21401BBB01BF078BA1B8E04000A4601491BF072BAC4
S21401BBC0168E04000A4601491BF06CBA118E040059
S21401BBD00A4601491BF066BA0C8E04000A46014962
S21401BBE01BF060BA058E040081F0004102E000BF40
S21401BBF083F0004330B54FEA41044FEA430594EA27
S21401BC00050F08BF90EA020F1FBF54EA000C55EA61
S21401BC10020C7FEA645C7FEA655C00F0E2804FEA32
S21401BC205454D4EB5555B8BF6D420CDD2C4480EA14
S21401BC30020281EA030382EA000083EA010180EA44
S21401BC40020281EA0303362D88BF30BD11F0004F92
S21401BC504FEA01314FF4801C4CEA113102D04042C8
S21401BC6061EB410113F0004F4FEA03334CEA133303
S21401BC7002D0524263EB430394EA050F00F0A7801B
S21401BC80A4F10104D5F1200E0DDB02FA0EFC22FA16
S21401BC9005F2801841F1000103FA0EF2801843FA0A
S21401BCA005F359410EE0A5F120050EF1200E012AFB
S21401BCB003FA0EFC28BF4CF0020C43FA05F3C01839
S21401BCC051EBE37101F0004507D54FF0000EDCF1B2
S21401BCD0000C7EEB00006EEB0101B1F5801F1BD35B
S21401BCE0B1F5001F0CD349085FEA30004FEA3C0C5F
S21401BCF004F101044FEA445212F5800F80F09A8055
S21401BD00BCF1004F08BF5FEA500C50F1000041EB58
S21401BD10045141EA050130BD5FEA4C0C404141EB5C
S21401BD200101013C28BFB1F5801FE9D291F0000F57
S21401BD3004BF01460020B1FA81F308BF2033A3F106
S21401BD400B03B3F120020CDA0C3208DD02F1140CFD
S21401BD50C2F10C0201FA0CF021FA02F10CE002F138
S21401BD601402D8BFC2F1200C01FA02F120FA0CFC31
S21401BD70DCBF41EA0C019040E41AA2BF01EB04517A
S21401BD80294330BD6FEA04041F3C1CDA0C340EDC78
S21401BD9004F11404C4F1200220FA04F001FA02F3BB
S21401BDA040EA030021FA04F345EA030130BDC4F179
S21401BDB00C04C4F1200220FA02F001FA04F340EA6E
S21401BDC00300294630BD21FA04F0294630BD94F01F
S21401BDD0000F83F4801306BF81F480110134013D06
S21401BDE04EE77FEA645C18BF7FEA655C29D094EA77
S21401BDF0050F08BF90EA020F05D054EA000C04BFF5
S21401BE001946104630BD91EA030F1EBF00210020DF
S21401BE1030BD5FEA545C05D14000494128BF41F07E
S21401BE20004130BD14F580043CBF01F5801130BDE2
S21401BE3001F0004545F0FE4141F470014FF000006D
S21401BE4030BD7FEA645C1ABF194610467FEA655C1E
S21401BE501CBF0B46024650EA013406BF52EA0335C0
S21401BE6091EA030F41F4002130BD00BF90F0000FAE
S21401BE7004BF0021704730B54FF4806404F13204EA
S21401BE804FF000054FF0000150E700BF90F0000FA3
S21401BE9004BF0021704730B54FF4806404F13204CA
S21401BEA010F0004548BF40424FF000013EE700BF9A
S21401BEB042004FEAE2014FEA31014FEA02701FBF2A
S21401BEC012F07F4393F07F4F81F06051704732F05C
S21401BED07F4208BF704793F07F4F04BF41F40021B3
S21401BEE0704730B54FF4607401F0004521F0004111
S21401BEF01CE700BF50EA010208BF704730B54FF09B
S21401BF0000050AE050EA010208BF704730B511F09B
S21401BF10004502D5404261EB41014FF4806404F1D3
S21401BF2032045FEA915C3FF4D8AE4FF003025FEA59
S21401BF30DC0C18BF03325FEADC0C18BF033202EBDD
S21401BF40DC02C2F1200300FA03FC20FA02F001FA37
S21401BF5003FE40EA0E0021FA02F11444BDE600BFDA
S21401BF6070B54FF0FF0C4CF4E06C1CEA11541DBF89
S21401BF701CEA135594EA0C0F95EA0C0F00F0DEF854
S21401BF802C4481EA030621EA4C5123EA4C5350EA39
S21401BF90013518BF52EA033541F4801143F480138A
S21401BFA038D0A0FB02CE4FF00005E1FB02E506F01B
S21401BFB00042E0FB03E54FF00006E1FB03569CF070
S21401BFC0000F18BF4EF0010EA4F1FF04B6F5007F76
S21401BFD064F5407404D25FEA4E0E6D4146EB0606E8
S21401BFE042EAC62141EA55514FEAC52040EA5E5071
S21401BFF04FEACE2EB4F1FD0C88BFBCF5E06F1ED81B
S21401C000BEF1004F08BF5FEA500E50F1000041EB51
S21401C010045170BD06F0004646EA010140EA0200FE
S21401C02081EA0301B4EB5C04C2BFD4EB0C0541EA20
S21401C030045170BD41F480114FF0000E013C00F335
S21401C040AB8014F1360FDEBF002001F0004170BD59
S21401C050C4F10004203C35DA0C341BDC04F1140472
S21401C060C4F1200500FA05F320FA04F001FA05F2FE
S21401C07040EA020001F0004221F0004110EBD370CB
S21401C08021FA04F642EB06015EEA430E08BF20EAF7
S21401C090D37070BDC4F10C04C4F1200500FA04F39A
S21401C0A020FA05F001FA04F240EA020001F000412C
S21401C0B010EBD37041F100015EEA430E08BF20EA9F
S21401C0C0D37070BDC4F1200500FA05F24EEA020EE7
S21401C0D020FA04F301FA05F243EA020321FA04F016
S21401C0E001F0004121FA04F220EA020000EBD370CD
S21401C0F05EEA430E08BF20EAD37070BD94F0000FCD
S21401C1000FD101F00046400041EB010111F4801F00
S21401C11008BF013CF7D041EA060195F0000F18BFB1
S21401C120704703F00046520043EB030313F4801FED
S21401C13008BF013DF7D043EA0603704794EA0C0FA7
S21401C1400CEA135518BF95EA0C0F0CD050EA4106BD
S21401C15018BF52EA4306D1D181EA030101F000413A
S21401C1604FF0000070BD50EA410606BF1046194662
S21401C17052EA430619D094EA0C0F02D150EA01366E
S21401C18013D195EA0C0F05D152EA03361CBF1046AF
S21401C19019460AD181EA030101F0004141F0FE414E
S21401C1A041F470014FF0000070BD41F0FE4141F4D2
S21401C1B0780170BD70B54FF0FF0C4CF4E06C1CEAD2
S21401C1C011541DBF1CEA135594EA0C0F95EA0C0F87
S21401C1D000F0A7F8A4EB050481EA030E52EA033542
S21401C1E04FEA013100F088804FEA03334FF0805563
S21401C1F045EA131343EA12634FEA022245EA111590
S21401C20045EA10654FEA00260EF000419D4208BF40
S21401C210964244F1FD0404F5407402D25B084FEAED
S21401C2203202B61A65EB03055B084FEA32024FF499
S21401C23080104FF4002CB6EB020E75EB030E22BFF6
S21401C240B61A754640EA0C005B084FEA3202B6EBB6
S21401C250020E75EB030E22BFB61A754640EA5C0065
S21401C2605B084FEA3202B6EB020E75EB030E22BFF5
S21401C270B61A754640EA9C005B084FEA3202B6EBF6
S21401C280020E75EB030E22BFB61A754640EADC00B5
S21401C29055EA060E18D04FEA051545EA16754FEA17
S21401C2A006164FEAC30343EA52734FEAC2025FEA35
S21401C2B01C1CC0D111F4801F0BD141EA00014FF0C4
S21401C2C000004FF0004CB6E711F4801F04BF014395
S21401C2D00020B4F1FD0C88BFBCF5E06F3FF6AFAEB1
S21401C2E0B5EB030C04BFB6EB020C5FEA500C50F141
S21401C2F0000041EB045170BD0EF0004E4EEA1131C4
S21401C30014EB5C04C2BFD4EB0C0541EA045170BDCA
S21401C31041F480114FF0000E013C90E645EA060E0E
S21401C3208DE60CEA135594EA0C0F08BF95EA0C0F3C
S21401C3303FF43BAF94EA0C0F0AD150EA01347FF484
S21401C34034AF95EA0C0F7FF425AF104619462CE75B
S21401C35095EA0C0F06D152EA03353FF4FDAE1046BE
S21401C360194622E750EA410618BF52EA43067FF40F
S21401C370C5AE50EA41047FF40DAF52EA43057FF49F
S21401C380EBAE12E74FF0FF3C06E000BF4FF0010CAA
S21401C39002E000BF4FF0010C4DF804CD4FEA410C0E
S21401C3A07FEA6C5C4FEA430C18BF7FEA6C5C1BD0DB
S21401C3B001B050EA410C0CBF52EA430C91EA030F5C
S21401C3C002BF90EA020F0020704710F1000F91EAB9
S21401C3D0030F58BF994208BF90422CBFD8176FEA87
S21401C3E0E37040F0010070474FEA410C7FEA6C5C55
S21401C3F002D150EA013C07D14FEA430C7FEA6C5C5C
S21401C400D6D152EA033CD3D05DF8040B704700BF87
S21401C4108446104662468C461946634600E000BFD5
S21401C42001B5FFF7B7FF002848BF10F1000F01BDA7
S21401C4304DF808EDFFF7F4FF0CBF012000205DF872
S21401C44008FB00BF4DF808EDFFF7EAFF34BF0120F7
S21401C45000205DF808FB00BF4DF808EDFFF7E0FF90
S21401C46094BF012000205DF808FB00BF4DF808EDE1
S21401C470FFF7CEFF94BF012000205DF808FB00BF48
S21401C4804DF808EDFFF7C4FF34BF012000205DF82A
S21401C49008FB00BF4FEA410212F5001215D211D572
S21401C4A06FF47873B3EB625212D94FEAC12343F0AB
S21401C4B0004343EA505311F0004F23FA02F018BF2D
S21401C4C0404270474FF00000704750EA013005D1F6
S21401C4D011F0004008BF6FF0004070474FF00000B9
S21401C4E0704700BF4A0011D212F5001211D20DD5C5
S21401C4F06FF47873B3EB62520ED44FEAC12343F064
S21401C500004343EA505323FA02F070474FF000000D
S21401C510704750EA013002D14FF0FF3070474FF0BC
S21401C5200000704753B94AB9002908BF00281CBF4C
S21401C5304FF0FF314FF0FF3000F08CB9ADF1080C31
S21401C5406DE904CE00F006F8DDF804E0DDE902232B
S21401C55004B070472DE9F04F099D0E4604460F467C
S21401C560002B47D18A429446B2FA82F35AD943B194
S21401C57002FA03FCC3F120029F409C4020FA02F21B
S21401C58017434FEA1C461FFA8CFE220CB7FBF6F146
S21401C59006FB117701FB0EF042EA0742904208D9EA
S21401C5A01CEB020201F1FF3702D2904200F23C81FD
S21401C5B03946121AA4B2B2FBF6F006FB102200FBB3
S21401C5C00EFE44EA0244A64508D91CEB040400F119
S21401C5D0FF3202D2A64500F22A81104640EA014007
S21401C5E0A4EB0E0400211DB1DC400023C5E9004385
S21401C5F0BDE8F08F8B4205D90DB1C5E900010021D8
S21401C6000846F5E7B3FA83F100294FD1B342C0F0EB
S21401C6100281824240F2FF800846002DE8D0C5E93B
S21401C6200047E5E7002B40F0AF808A1A4FEA1C4E20
S21401C6301FFA8CF70121B2FBFEF60EFB1620220C28
S21401C64042EA004207FB06F090420FD91CEB0202B9
S21401C65006F1FF382CBF4FF001094FF00009904258
S21401C66003D9B9F1000F00F0DC804646121AA4B2D5
S21401C670B2FBFEF00EFB102200FB07F744EA024471
S21401C680A7420FD91CEB040400F1FF322CBF4FF078
S21401C690010E4FF0000EA74203D9BEF1000F00F0C5
S21401C6A0C9801046E41B40EA06409CE7C1F120041D
S21401C6B08B4006FA01FC00FA01FE22FA04F7E64076
S21401C6C08A401F4320FA04F34FEA174843EA0C0353
S21401C6D01FFA87FC4FEA1349B6FBF8F008FB106611
S21401C6E049EA064600FB0CF9B1450ED9BE1900F120
S21401C6F0FF3A2CBF4FF0010B4FF0000BB14503D9A9
S21401C700BBF1000F00F0A2805046A6EB09061FFA07
S21401C71083F9B6FBF8F308FB136603FB0CFC49EA46
S21401C7200646B4450ED9BE1903F1FF382CBF4FF0AB
S21401C73001094FF00009B44503D9B9F1000F00F023
S21401C7408280434643EA0040A6EB0C06A0FB028C1F
S21401C75066454346E14602D307D1C64505D2B8EB46
S21401C76002036CEB070C0138E1465DB1BEEB030238
S21401C77066EB090606FA04F422FA01F3CE401C43DE
S21401C780C5E90046002133E702FA03FCC3F12002A3
S21401C79099409C40D6404FEA1C4E20FA02F21FFAFE
S21401C7A08CF7B6FBFEF00A430EFB1066110C41EA4D
S21401C7B0064100FB07F68E420ED91CEB010100F183
S21401C7C0FF382CBF4FF001094FF000098E4202D905
S21401C7D0B9F1000F34D04046891B92B2B1FBFEF688
S21401C7E00EFB161142EA014206FB07F191420ED9F1
S21401C7F01CEB020206F1FF382CBF4FF001094FF087
S21401C8000009914202D9B9F1000F16D04646521AD4
S21401C81046EA00410FE7841A66EB03020120174639
S21401C820FBE6023E624421E702396244C1E6644403
S21401C8300238D3E66444023834E7023E6244E6E74F
S21401C84002386144C8E7023B3E447BE702383E4477
S21401C8505BE700BF704700BF2DE9F04F924685B0F9
S21401C86089461E460D46554A0390294615F8014B42
S21401C870135D13F00803F8D12D2C7CD02B2C4ED051
S21401C8804FF0FF3102936FF00043CDE9001336F00D
S21401C890100851D037464FEAE6783A464346DDE976
S21401C8A00001FFF73FFE002383468E4618461946D1
S21401C8B0A44613E0ACF13704A6421FDD002B09DBCA
S21401C8C083457EEB010305D38E4508BF83453BD1E7
S21401C8D0A24239DA4FF0FF3315F801CBACF1300440
S21401C8E0092CE9D9ACF14104192CE3D9ACF1610466
S21401C8F0192C03D8ACF15704A642DFDC5A1C2FD002
S21401C900029A12B1404261EB4101BAF1000F03D025
S21401C910002B48D1CAF8009005B0BDE8F08F4FF063
S21401C920FF30029336F010086FF000432C7801F1C7
S21401C9300205CDE90003ADD1302C25D0002E3AD129
S21401C9400A27B0463E46A8E700FB08F307FB01337B
S21401C950A0FB07010B44201843EBE4710123BBE75E
S21401C9602223039A1360BAF1000F17D005F1FF399D
S21401C970DDE90001CEE74FF00047009301232C7854
S21401C9808D1CCDE9017382E72B7803F0DF03582B6A
S21401C9900CD086B90827B0463E467EE7DDE90001A1
S21401C9A005B0BDE8F08FCDE90001DFE710276C7810
S21401C9B002353E4671E710273E466EE7358E040087
S21401C9C04AE700BF10B4044C13460A4601462068E5
S21401C9D05DF8044B40E700BFF46F002010B4044C30
S21401C9E013460A46014620685DF8044B34E700BF4B
S21401C9F0F46F002020F0030110F00300C0F10000E6
S21401CA0051F8043B00F1040C4FEACC0C6FF0000225
S21401CA101CBF22FA0CF213434FF0010C4CEA0C2C0B
S21401CA204CEA0C4CA3EB0C0222EA030212EACC12EB
S21401CA3004BF51F8043B0430F4D0C2F1000102EA0D
S21401CA400102B2FA82F2C2F11F0200EBD200704775
S21401CA502DE9F04780460C464548264614F801EB7A
S21401CA6010F80EC01CF0080CF7D1BEF12D0F5BD0EC
S21401CA70BEF12B0F3AD0654633F010003ED04FF092
S21401CA80FF379A46B7FBF3F703FB07F96FEA090985
S21401CA90002630460EE0AEF1370C63451DDD002E54
S21401CAA004DBB84202D833D1CC4531DD4FF0FF3636
S21401CAB014F801EBAEF1300CBCF1090FEDD9AEF173
S21401CAC0410CBCF1190FE6D9AEF1610CBCF1190F9E
S21401CAD003D8AEF1570C6345E1DC731C1CD005B1DD
S21401CAE040420AB1F6B91160BDE8F08733F0100094
S21401CAF094F800E0654606F10204C0D1BEF1300F9D
S21401CB0017D06BBB0A234FF005091A4F9A46BFE7A9
S21401CB1000FB0AC00126CBE722233046C8F80030C6
S21401CB20002AE1D0611EDEE794F800E00125B41C7E
S21401CB30A2E7207800F0DF00582807D083B9082341
S21401CB404FF007096FF060479A46A1E7102394F863
S21401CB5001E04FF00F0902346FF070479A4697E7ED
S21401CB6010234FF00F096FF070479A4690E700BF09
S21401CB70358E0400999999196AE700BF10B4044CE0
S21401CB8013460A46014620685DF8044B60E700BF7D
S21401CB90F46F002010B4044C13460A460146206880
S21401CBA05DF8044B54E700BFF46F00200F4B70B5DF
S21401CBB00F4DAB42A3EB050607D0B6100024013497
S21401CBC055F8043B9847A642F9D80A4D1FF068FC71
S21401CBD0094B5E1BAB424FEAA60606D00024013481
S21401CBE055F8043B9847A642F9D870BD88730020D3
S21401CBF088730020887300208C73002070B5860728
S21401CC0047D0541E002A3ED0CAB2034601E0013C7A
S21401CC1039D303F8012B9D07F9D1032C2CD9CDB2BA
S21401CC200F2C05EB052505EB054535D9A4F1100CB0
S21401CC3003F1100E1A462CF00F064FEA1C1CB644E0
S21401CC40C2E90055C2E9025510327245F8D10CF11D
S21401CC50010214F00C0F04F00F0C03EB021213D0B8
S21401CC60ACF1040323F003030433134442F8045BDA
S21401CC709342FBD10CF003042CB1C9B21C4403F857
S21401CC80011BA342FBD170BD64461346002CF4D1B0
S21401CC90F9E703461446C0E71A46A446E0E700BF94
S21401CCA088420ED98B1883420BD900EB020C002A5E
S21401CCB06ED0624613F801CD994202F801CDF9D142
S21401CCC070470F2A0FD8034602F1FF3C002A5FD0B7
S21401CCD00CF1010C013B8C4411F8012B614503F862
S21401CCE0012FF9D1704740EA01039B0751D1A2F108
S21401CCF0100301F1200C70B523F00F0501F1100EA1
S21401CD0000F110041B09AC445EF8105C0EF1100E25
S21401CD10103444F8205C5EF81C5C44F81C5C5EF839
S21401CD20185C44F8185C5EF8145CE64544F8145C3C
S21401CD30EAD1013312F00C0F02F00F0C01EB0311D4
S21401CD4000EB031329D0ACF1040C1C1F8E462CF00B
S21401CD5003064FEA9C0C1E445EF8045B44F8045F2D
S21401CD60B442F9D10CF1010402F0030203EB84038F
S21401CD7001EB840102F1FF3C4AB10CF1010C013BCD
S21401CD808C4411F8012B614503F8012FF9D170BDD0
S21401CD90704702F1FF3C03469AE76246EAE700BFA6
S21401CDA02DE9F04F82468E463F4875461EF801BB78
S21401CDB010F80B4014F00804F7D1BBF12D0F5BD02F
S21401CDC0BBF12B0F6FF0004904BF9EF800B005F1D0
S21401CDD0020E33F0100010D1BBF1300F04D0002B3F
S21401CDE05ED10A231F4609E09EF8000000F0DF002E
S21401CDF058284ED0002B53D108231F460025B9FBD7
S21401CE00F7F6284607FB16980EE0ABF1370C63459C
S21401CE101DDD002D04DB864202D321D1E0451FDA59
S21401CE204FF0FF351EF801BBABF1300CBCF1090F1A
S21401CE30EDD9ABF1410CBCF1190FE6D9ABF1610CA0
S21401CE40BCF1190F03D8ABF1570C6345E1DC6B1C41
S21401CE500AD004B140420AB1CDB91160BDE8F08FE5
S21401CE6007FB00C00125DDE72223CAF800305AB1CE
S21401CE700EF1FF314846F0E79EF800B04FF000494A
S21401CE8005F1020E0124A4E74846BDE8F08F81466D
S21401CE90EEE710239EF801B00EF1020E1F46ADE735
S21401CEA010231F46AAE700BF358E0400242B02D8A4
S21401CEB0012B00D074E710B500F02EFA162303609C
S21401CEC0002010BD10B5242A084C1346246807D844
S21401CED0012A05D00A4601462046BDE810405FE714
S21401CEE000F01AFA16230360002010BDF46F00202C
S21401CEF010B5242A084C1346246807D8012A05D001
S21401CF000A4601462046BDE8104049E700F004FA0B
S21401CF1016230360002010BDF46F0020844641EA0A
S21401CF20000313F0030349D1403A23D30B6803608F
S21401CF304B6843608B688360CB68C3600B69036191
S21401CF404B6943618B698361CB69C3610B6A036279
S21401CF504B6A43628B6A8362CB6AC3620B6B036361
S21401CF604B6B43638B6B8363CB6BC3634030403146
S21401CF70403ADBD230320BD30B6803604B68436018
S21401CF808B688360CB68C36010301031103AF3D2DF
S21401CF900C3205D351F8043B40F8043B043AF9D26D
S21401CFA0043208D0D2071CBF11F8013B00F8013B40
S21401CFB001D30B8803806046704700BF082A13D34D
S21401CFC08B07B1D010F00303AED0C3F10403D21A1D
S21401CFD0DB071CBF11F8013B00F8013BA4D331F875
S21401CFE0023B20F8023B9FE7043AD9D3013A11F8F5
S21401CFF0013B00F8013BF9D20B7803704B78437084
S21401D0008B78837060467047024B0146186816F0AD
S21401D01018BE00BFF46F0020024B0146186816F0D8
S21401D02013BE00BFF46F0020CAB384460B4630B56A
S21401D03004460843800719D09CF800000C78A042EB
S21401D04012D150B3012A28D0E64603E01CEB030FA9
S21401D05023D010B31EF8010F11F8014FA2EB0E03F7
S21401D060A04203F1FF33F1D0001B30BD032A07D8DD
S21401D070E2E7043A11D01EF0803F0ED1032A10D900
S21401D0802068194653F8045BA446A0F1013E043417
S21401D090A8422EEA000EECD0CEE7002030BD1046A6
S21401D0A07047A4461946C7E780EA010C1CF0030F37
S21401D0B037D110F0030C20F0030021F0030150F8E3
S21401D0C0042B08BF51F8043B0ED08CF0030C6FF014
S21401D0D07F434FEACC0C23FA0CFC51F8043B42EA9E
S21401D0E00C0243EA0C0300BFA2F1013C9A4201BFC5
S21401D0F02CEA020C1CF0803F50F8042B51F8043B3C
S21401D100F2D04FEA02604FEA1222012828BFB0EBA4
S21401D110036F08BF1B0AF4D003F0FF03000EC01A0A
S21401D120704710F0030F0AD010F8012B11F8013BDD
S21401D130012A28BF9A42F4D0A2EB030070474DF8AB
S21401D140045D50F8042B01F0030521F0030151F8AA
S21401D150043B022D26D04DD822F07F45B5EB132F88
S21401D160A2F1013C2CEA020C0DD11CF0803C08BF58
S21401D17051F8043B0AD185EA0205B5EB036F0CD1E1
S21401D18050F8042BE8E74FEA13235BE03CF07F4CB2
S21401D19054D10B784FEA126554E04FEA126503F05A
S21401D1A0FF034FE04FEA0245A2F1013C4FEA154565
S21401D1B02CEA020CB5EB134F18D11CF0803C08BFCB
S21401D1C051F8043B07D185EA0205B5EB034F09D1B7
S21401D1D050F8042BE6E75FEA0C4C2FD10B884FEA98
S21401D1E012452FE04FEA03434FEA12454FEA134335
S21401D1F028E000BF02F0FF05B5EB136FA2F1013C7A
S21401D2002CEA020C0DD11CF0803C08BF51F8043BFF
S21401D2100AD185EA0205B5EB032F0AD150F8042B93
S21401D220E8E74FEA13630DE012F0FF0F06D051F85E
S21401D230043B4FEA122523F07F4303E04FF0000042
S21401D24020BC704705F0FF0203F0FF00012828BF4D
S21401D250904204BF2D0A1B0AF4D0A2EB000020BCAA
S21401D260704700BF08B5064B044613B1002100F015
S21401D270AFF8044B1B6803B19847204614F01AFF19
S21401D280D1D30100CC550020002301461A4618468A
S21401D29000F048B8032A30B415D941EA00048446A0
S21401D2A00B46A40704D0541E0FE0043A032A08D9FB
S21401D2B01946604653F8044B5CF8045BA542F4D06B
S21401D2C0F1E760461946541E7AB1431E0139021928
S21401D2D001E09A4209D013F8010F11F801CF604519
S21401D2E0F7D0A0EB0C0030BC7047002030BC704774
S21401D2F038B5074D074C2C1BA41005D0013C55F83A
S21401D300043D9847002CF9D1BDE838401FF0CEB84F
S21401D310907300208C730020014B1868704700BF83
S21401D320F46F0020F0B5264C83B006460F462568FC
S21401D33005B36C681F2C3FDCA6B1D5F8880048B34E
S21401D340D0F800114FF0010C40F82420022E00EB1B
S21401D35084020CFA04FC4CEA0101C0F80011C2F880
S21401D360803010D0631C002002346B6045F82470B6
S21401D37003B0F0BD13491448216010B10068C1F82C
S21401D3808800104DD5E7D0F8043143EA0C03C0F805
S21401D3900431E7E70D49CDE9002369B14FF4847004
S21401D3A0FFF732FE40B100216C68C0E94011DDE9AB
S21401D3B00023C5F88800C5E74FF0FF30D8E700BF67
S21401D3C05C560020D05500200000000009D0010066
S21401D3D02DE9F04FDFF8B49083B0D9F8006096B32A
S21401D3E0884601907568D6F888706C1E2BD4013576
S21401D3F007F1800B06EB8505B8F1000F26D173689F
S21401D4002A68013BA3423BD000232B60BAB1D6F871
S21401D41004A05FB30123D7F80011A3400B4225D027
S21401D420D7F8040157F8241003422BD101989047EE
S21401D4307368D9F8002053451ED1B2421CD1013C75
S21401D440043D631CD8D103B0BDE8F08F4FB15BF843
S21401D45024304345D3D0013C043D621CF3D0002F59
S21401D460F5D1013CEFD3013CFBD2ECE79047736862
S21401D470D9F800205345E0D0002AE4D01646B1E79B
S21401D4807460C3E708469047D2E700BF5C560020A9
S21401D490431E033306D8044B984228BF1846642817
S21401D4A038BF6420704700BF40420F0038B5194BA3
S21401D4B005461B680C4603B1984744B1236833B14F
S21401D4C01B68013303D0E3680BB1A3684BB91AF0AC
S21401D4D0AFFA00204FF4C172412100F0FFF921207C
S21401D4E038BD204602F04AFC00230B4A85F83C3141
S21401D4F0C5E93743C2E9003363694BB1074A4221A4
S21401D50010684FF4D272C31A5842584100F0E6F937
S21401D5100020E5E7CC580020906B00203059002011
S21401D520F8B504461EF0B3FC002607460E4B1B68F2
S21401D53093B19E68AEB196F82420D20711D4354631
S21401D5400FCC0FC50FCC0FC523682B6096F824307F
S21401D55043F0010386F8243038461EF093FC30462B
S21401D560F8BD1B68E4E700BF4870002010B504460C
S21401D57018B9054B054A136010BD00F0D9FCD4F864
S21401D580E830002BF6D1F4E7DB710300447000208D
S21401D590014B1868704700BF906B002008B5024623
S21401D5A00868FFF775FF08604868FFF771FF486075
S21401D5B08868FFF76DFF8860C868FFF769FF0B6929
S21401D5C0C860581C03D00B48834228BF03460B6132
S21401D5D04B69581C03D00748834228BF0346886915
S21401D5E04B61FFF755FFBDE808408861104601F022
S21401D5F07BBC00BF40420F00D0F8E0302DE9F0417F
S21401D60005460C4613B1C38D8B424CD0D5F8DC30A1
S21401D610002B4BD09E68002E48D0D868002845D0F5
S21401D620013800B200281ADB002106E0128A591CD4
S21401D630A24217D209B2884211DB0B1803EBD3734F
S21401D6405B1003EBC30206EB8202B2F80EC003F1D5
S21401D650FF3EA445EAD90FFA8EF08842EDDA212082
S21401D660BDE8F0814FF6FF7299B29142F7D09BB2B6
S21401D67003EBC30306EB83062846B6F9122095F89A
S21401D6803011D5F8F080EEF709FE0746B8F1000F25
S21401D69004D00023324628461946C047EC85C5F813
S21401D6A0E06085F839710020BDE8F0810E20BDE804
S21401D6B0F08100BF2DE9F04782B004460F461646BA
S21401D6C001F086FE002863D14F4D2B68D4F8DCA00C
S21401D6D0D4F8E0800BB1534576D04FF00009AF6027
S21401D6E001F09EFE0128074665D120461AF0DFF8B4
S21401D6F0002851D12B68DAF80010D8F8002013B1B1
S21401D700186888426BD020461AF083F8C5E900A84D
S21401D710D4F8F0508DF80760002D67D0002220461F
S21401D72011460DF10703A847204600F0EDFF054618
S21401D730B9F1000F0FD076B9D4F88C300BBB012F9E
S21401D74005D025B1314B002103205B689847284658
S21401D75002B0BDE8F087B5FA85F040F207523321F2
S21401D760400900F0BBF83146204601F00BFA284B81
S21401D77005461B68414620469847D4F88C30002B56
S21401D780DDD000224FF40073204600F0E1FBD6E71F
S21401D79000231D4D6B6098E794F82530DA07A9D56C
S21401D7A0D4F894305B05A5D51A4B012200212046FA
S21401D7B01B6898479EE70021012000F001FC01F05C
S21401D7C02FFE0128FBD190E76B68002B85D04345DF
S21401D7D083D1AB689F4215D04FF001097FE7696896
S21401D7E011B10968914291D059688CE794F82A10D2
S21401D7F094F839313246994228BF1946204600F03E
S21401D800D1FE91E70025A2E7906B00205070002022
S21401D81044700020D0580020F8B50F4605461EF08B
S21401D82036FB394606462846FFF7E6FE044620B193
S21401D83030461EF027FB2046F8BD01F0A7FD224624
S21401D84039462846FFF736FF04460028F0D1284619
S21401D8501AF02DF80028EBD095F8253013F00103C7
S21401D8600DD0D5F8942052050DD5B5F82A21BA4227
S21401D87005D0B5F82C31DB1BB3FA83F35B09034AF9
S21401D88082F8C430D4E72346F9E700BF001E00B093
S21401D89013B50446694619F0CEFD204619F012FF6D
S21401D8A0FF28024606D020469DF80010EEF774FDCC
S21401D8B002B010BD0048FBE70080FFFF38B5044DFD
S21401D8C0044C054B286021601A601DF0DBFF38BD53
S21401D8D0605800204C7000206458002010B550B9E4
S21401D8E00548064B0160064802601868054B18603B
S21401D8F01868FFF7E3FF10BD4C700020BC590020EC
S21401D90064580020605800202DE9F0418AB001AC2F
S21401D91005460B462746194A02F1200C2646106892
S21401D9205168083203C662453446F7D1002B08BF5A
S21401D9303B46002710681C463060384603F10C064B
S21401D94090B95FFA87F842462846218819F0B2FF57
S21401D95050B942462846E18819F0BDFF20B9424633
S21401D9603146284619F0C9FF0137032F06F108068C
S21401D97004F10204E4D10AB0BDE8F081588F040036
S21401D980F0B589B005460E4619F0C6FF044600BB41
S21401D99001AC06F10C070FCF0FC497E8070084E827
S21401D9A0070001A92846FFF7F9FD2846311D1AF0A0
S21401D9B08DF9044648B92846074901F057FA044646
S21401D9C018B9284601F0C6FD044628463168FFF717
S21401D9D09BFF204609B0F0BD508F0400014919F0A5
S21401D9E07DBD00BF25F5010070B5164E032804461F
S21401D9F00D4633781ED023FA04F202F00102AA4241
S21401DA001DD053B10122A240A54023EA02032B43B5
S21401DA10DBB233704BB1012070BD2DB10A4B012032
S21401DA201B6898473378EDE73570074B00201B6875
S21401DA309847F0E79A07DED003F0FC03E9E70020F9
S21401DA4070BD00BFDE680020A458002038B504462B
S21401DA500D4605F077FD60B101F0C6FC48B9012D11
S21401DA6007D8012019F003FF0D4B1B6823B15B6833
S21401DA7098470C4B1C7038BD1EF063FB0A4B1A68A6
S21401DA80801A18601DF078F84FF47A72074B1B68FD
S21401DA9002FB003019F020FD012001F0ADFCE8E7A3
S21401DAA0C8580020597300209C580020A058002018
S21401DAB0F8B505460C461EF0EAF9104F06463B78C7
S21401DAC033B1012D04D01CB90D481CF0A7FF3C70E2
S21401DAD021462846FFF788FF0A4B04461B783BB9C8
S21401DAE03B782BB919F0B7FE10B1074B1B68984766
S21401DAF030461EF0C7F92046F8BD00BFDF6800209B
S21401DB0078580020DE68002050700020054A0B4639
S21401DB10117831B100211170034A01215268187839
S21401DB2010477047DF68002050700020124B023902
S21401DB30012910B518701ED805F004FDD8B101F002
S21401DB4053FCC0B101F034FAA8B90C4B1C6834B1CF
S21401DB5023689847BDE81040002019F088BE19F0E8
S21401DB60B9FC074B18601EF0ECFA064B186020460D
S21401DB7001F042FCEEE710BD59730020C8580020A2
S21401DB80A05800209C58002038B5044680B11EF0ED
S21401DB907EF90121044608461CF0E4FB01210B4AEC
S21401DBA0084616F022F92046BDE838401EF06AB94C
S21401DBB01EF06DF90546214601201CF0D3FB01201D
S21401DBC02146024A16F011F92846EDE71D650400C4
S21401DBD0F0B585B01EF05BF9344D04462B7823B1C1
S21401DBE033481CF01BFF002852D11CF0A1FF02AAEB
S21401DBF003A919F01AFE0346002838D019F029FEA9
S21401DC00029B98421CD100202A4B03991B682A4E7E
S21401DC109942307020D90027C91A012324482B7055
S21401DC20264A3346CDE900771EF067FA002837D139
S21401DC30234A1378D90701D53178F9B1204611E086
S21401DC4019F005FE029B984228D000231846194970
S21401DC50194A0968137003910121FFF7C5FE0023D5
S21401DC6020462B701EF00EF9002005B0F0BD2046B0
S21401DC702B701EF007F9212005B0F0BD03F0FE035E
S21401DC801370002BDAD10F4B1B6898472046E9E743
S21401DC9020461EF0F7F80E2005B0F0BD0220B3E7CF
S21401DCA0032320462F703370F3E700BFDF680020A0
S21401DCB07858002098580020587300200DDB01008A
S21401DCC0DE680020A458002038B51EF0E0F80F4D9D
S21401DCD004462B789BB90E4A0E4913700E4B0F4A19
S21401DCE00F481A600F4A5A60EFF782FF0E490F4835
S21401DCF0EFF77EFF0E4B0F4A1A6001232B70F0F7E9
S21401DD0081F820461EF0BEF8002038BDE0680020ED
S21401DD10DF6800207C8F040050700020D1DB0100FA
S21401DD2068580020B1DA0100848F04007058002082
S21401DD30A458002089DB01002DE9F0438F78804646
S21401DD400F2F0C4685B003D9212005B0BDE8F0831E
S21401DD5027B90123374A00201370F6E70D784E786D
S21401DD60EDB9002EF0D194F90310E08803F00AF81B
S21401DD702128E9D055EA0603A088DFF8C89013D019
S21401DD8003F064F84FF60403B9F8002001469A42FE
S21401DD904BD1AE42334638BF2B4600262DE0082D28
S21401DDA0D2D8082ED0D8DEE703F050F84FF6040597
S21401DDB001464FF60500204A136E9BB2AB4208BFE0
S21401DDC00346B1F5803FA9F800300FD90223082594
S21401DDD0136680230126C2F880302B4649084FF689
S21401DDE0FF720139914228BF114608E080230126BF
S21401DDF008251666C2F880302B460029EFD100228E
S21401DE0002920122013FFFB2009201972A4608F1D1
S21401DE10F80002F0B7FE1EB14FF48012074B5A65A8
S21401DE20074BA2681A60022394E703480266A9F822
S21401DE300030AEE7E168002000C001B800D001B8AC
S21401DE40B0580020E072002010B50446D0F8182122
S21401DE500B4B4FF40061C3F8A82090F82420D201A0
S21401DE6002F4006205F0D2FA94F8243013F0100F91
S21401DE704FF4007314BF034A034A136710BD00BF73
S21401DE80001E00B0001002B8002002B8431C07D0E4
S21401DE906FF0FF02034B10401A62A3F5805318621D
S21401DEA0704700BF00E000B8F8B504460F461646B6
S21401DEB01DF0EDFF0546A047044620B128461DF09B
S21401DEC0E1FF2046F8BD04F07FFC04220549D1F8A5
S21401DED0D83E23EA07033343C1F8D83E024B1A67FC
S21401DEE0ECE700BF001000B0002002B800F01803F5
S21401DEF0182B0AD003070AD440F2011310F01000C1
S21401DF0018BF1846034B186570470020FAE7012032
S21401DF10F8E700BF001F00B0044B1868830654BF23
S21401DF20C0F30F204FF6FF70704700BF98590020CE
S21401DF3038B10368044A002B08BF1346034A13602E
S21401DF407047014BFAE700BF237503005C700020A1
S21401DF5010B4D0E9544122400B4052EA030104D0E8
S21401DF6003495DF8044B096808475DF8044B7047A0
S21401DF705C7000200F2938B505460C460ED801F016
S21401DF804FFA01280CD1074A2846D36B23F00F031A
S21401DF902343D36319F0CFFC002038BD2120FCE7D2
S21401DFA00220FAE7001F00B0014B186C704700BF53
S21401DFB0001F00B0014B002019647047001F00B01D
S21401DFC003282DE9F347884655D82C4B13F80090C3
S21401DFD02B4B1E5C2B4B13F800A01DF058FF074679
S21401DFE004F03EFB054640B100230022CDE9003394
S21401DFF001200023002104F079F904F039FB48B12F
S21401E00000230022CDE90033002000234FF4004115
S21401E01004F06CF96EB31C4BDC6C04F008041B4B6B
S21401E0203146DC64484604F02DFC524631464846EB
S21401E03004F092FC164BDC646DB1164B1868D0F8F0
S21401E0409410F83003F06EFA13490868FFF71EFFC4
S21401E0504FF0FF330B60B8F1000F04D00F4B0021D7
S21401E06003205B689847384602B0BDE8F0471DF0CC
S21401E07009BF3446D3E702B0BDE8F087948F0400A9
S21401E080908F04008C8F0400004000B8006000B838
S21401E090005000B8BC590020587000205070002075
S21401E0A00F4A136F13F0A00F15D1506F10F0040034
S21401E0B013D10C4BD3F8D83E23F07F4323F0FF0354
S21401E0C05BB1D368C3F30362092A07D0B2F10C002F
S21401E0D018BF01207047002070470120704700BF1D
S21401E0E0000002B8001000B070B50D46064620B913
S21401E0F01A4B1B68A3B10E2011E001F091F901281B
S21401E10029D1174B93F90040C4F11C04641BC4F1D8
S21401E1101C03002BB8BF5B42232B0CDD212070BDF6
S21401E12081EAE173A3EBE173DBB2232BF6D80C4B48
S21401E13019700020F3E786F828501DF0A8FE094A5A
S21401E140E402D36904F4FF2423F4FF231C43D461BF
S21401E1501DF098FEEDE70220E1E700BFBC59002064
S21401E160E268002000C000B818B9034B93F900001C
S21401E170704790F928007047E268002010B5044601
S21401E18019F095FB10B1012001F0D4F92046FFF7F4
S21401E1905BFE1DF07CFE0A4A0121D2F8A03004463F
S21401E1A023F02003C2F8A0300222064B08469A60EC
S21401E1B0054B5B68984720461DF064FE002010BDA5
S21401E1C0001E00B0001002B850700020064B5A6ABC
S21401E1D0920207D4D3F8803013F4706F14BF012075
S21401E1E00020704701207047004001B8F8B50E4680
S21401E1F0D0F8943002EA010423EA01032343C0F86D
S21401E2009430464A01F00B0323EA0401D16423400B
S21401E210A2F58052D3647207054610D50121FFF797
S21401E220D5FF60B104F0D0FA4FF4007314F0040F78
S21401E23014BF3B4A3B4A536204223B4B1A67F30620
S21401E24006D514F0100F14BF00221B22374B5A6557
S21401E25037061DD5200616D54FF40012304B1A622C
S21401E260012203F58053C3F800211DF010FE0E2194
S21401E2700746032003F09EF840F201222B4B384656
S21401E280DA621DF0FFFD214605F1F80003F04AF9B8
S21401E290F10503D5E2052AD503F05CF8B30503D5ED
S21401E2A0A70527D503F062F816F48C6F1DD014F479
S21401E2B0806224D095F82530DC070CD5EA8DB5F8B8
S21401E2C02A31934219D0B5F82C31981A434243416A
S21401E2D0174A82F8C430D5F8E410284619F022F916
S21401E2E08022144BD864144B1A610020F8BD03F049
S21401E2F02BF8D3E703F034F8D6E70123E8E77105F6
S21401E300E9D595F82530DB07E5D5094B114683F8A5
S21401E310C4200A4B28461B689847DCE7006000B813
S21401E320005001B8006001B8002002B8004000B8F3
S21401E330001E00B0001F00B0000002B8D058002038
S21401E340014B1868704700BFBC58002037B51DF058
S21401E3509EFD002401230022CDE90034002305465A
S21401E3601946104603F0C2FF022002F0E7FA064BF8
S21401E37021461C60054B02205B68984728461DF025
S21401E38081FD204603B030BDC458002050700020E7
S21401E3902DE9FF4102290D4616469846039004D101
S21401E3A0FFF7D4FF04B0BDE8F0811DF070FD1E4FED
S21401E3B004463B683BB1B34205D01DF063FD002324
S21401E3C021203B60EEE7194B0022C3F800803E6037
S21401E3D0002301264FF0000810461946CDE90066D5
S21401E3E003F084FF124B022083F8008002F0A6FAA5
S21401E3F043462A46022003A902F0BEFA0D4B039AB1
S21401E4001A6008B92046D8E70B4D2B689847212893
S21401E41004D020461DF036FD0020C3E731466B6868
S21401E42002209847F5E700BFC4580020C0580020D6
S21401E430E4680020BC58002050700020044B5B6E3E
S21401E4405B054EBF0120034B187800F001007047B2
S21401E45000C001B8E46800200A78022A11D0101F13
S21401E4604242424152004B781201022B0BD0191F37
S21401E4704B424B415B000549054842EA8312FFF7D0
S21401E48013BD0122EFE70123F5E700BFF0FFFF0010
S21401E49069F401000B78022B10D0181F4342434148
S21401E4A05B004A78022A0BD0111F4A424A415200A9
S21401E4B00F21044843EA8202FFF7F6BC0123F0E786
S21401E4C00122F5E795F401002DE9F8430E7804469C
S21401E4D0042E0D4690F830810BD100275FFA87F99C
S21401E4E0484601F07DFD08B14E4602E00137042F93
S21401E4F0F4D1304601F074FD002849D094F830314B
S21401E500B34209D1AA88D4F8A8309A4204D16A88BD
S21401E510B4F832319A4238D084F83061AB8830464C
S21401E520A4F834316B88A4F83231AB8804F59875B9
S21401E530C4F8A830FF2384F82B3019F0ADFA84F81C
S21401E5402A00284601F078FC18BB284601F03EFD5B
S21401E550F8B9D4F8E03053B194F83011414506D0FB
S21401E5602046B3F91220EDF799FE84F839012046CA
S21401E57001F09AFE0949A4F834010123084AD1F8AA
S21401E580FC1004F1F80003F0AFFC0020BDE8F883AE
S21401E59021200C2384F83031F8E700BF001F00B0BB
S21401E5A0581F00B0F8B5054690F830010C460C2807
S21401E5B0164623D0FF2923D01AB14FF0FF32114B54
S21401E5C01A6019F069FA074695F8300101F068FDFE
S21401E5D0844228BF0446E4B2BC4238BF3C46E0B29F
S21401E5E085F82B0001F002FEFF280CBF2124002431
S21401E5F016B9284601F068FD2046F8BD0224FBE75F
S21401E6002124F9E76070002010B590F830310446F7
S21401E6100C2B43D0D0F8E03080F82A10D3B3D0F8D2
S21401E620F020CAB990F839318B421BD3002220461C
S21401E630FFF7B8FF40BB1A4B1B78022B23D82046A6
S21401E64001F032FE17490123174AD1F8FC1004F1F4
S21401E650F80003F049FC16E0B0F94220B3F9123095
S21401E6609A42E3DD0022204694F83911FFF79AFF1B
S21401E67050B9C4F8E000204618F057FE4FF6FF7375
S21401E6809842014601D1002010BD2046BDE8104049
S21401E690FFF7C2B8FF2380F82B30F4E70220F3E738
S21401E6A0E4720020001F00B0581F00B0F0B51D46F0
S21401E6B0144B04461B780F46164685B05BB1D0F85E
S21401E6C0E030E3B102AAB3F912300092002214F04E
S21401E6D0EEFA05B0F0BD02A918F0ADFE9DF80810DF
S21401E6E03A462046EDF7DAFD014626B92A46204687
S21401E6F0FFF758FFEDE72046FFF786FFE9E71846E4
S21401E700E7E700BFE2660400D0F89C30012B01D198
S21401E7100020704770B5044665498CB019F0F1F9D0
S21401E720D4F8E0600146E58DC4F8E40026B133680C
S21401E73013B15B68002B71D11DF0A9FB1DF0A2FB84
S21401E7400123D4F8E4108DF80630B389D6E9012008
S21401E750EB1A9BB200FB03225648ADF8043003685F
S21401E76000928B4207D0204618F0DCFE80225249E8
S21401E770524BC8641A61514D00F052FE0128FBD17C
S21401E780AB689E06F8D420469DF80620009906AB95
S21401E79003F0E6F800283ED100F042FE0128FBD146
S21401E7A0464A136FD801FCD493689906F9D4684693
S21401E7B006A903F08DFA054668BBE28D404B5A6404
S21401E7C094F8243060F3410384F8243000F0EEFF1F
S21401E7D0D4F8E0305969431E0E68DBB2FD2B029671
S21401E7E022D9F31C34D84B68FF2803935ED1012647
S21401E7F0DA1C25D8024602A9204619F0ABF8E6B97C
S21401E800D4F8543199053FD494F8243043F00203E8
S21401E81084F8243011E002200CB070BD1A68032A77
S21401E8208AD99B6A5B0E8EE74B6801280393DED07C
S21401E8300246204602A919F08DF800200CB070BDE2
S21401E8400133204B5B6816D0DA1C23D80393D1E73B
S21401E8501C4B01361B6818BF0126DD1C06D8029327
S21401E8604B68FF280393C3D00020C3E7FF284B68FB
S21401E87019D00393C3E7DD1C0FD80246204602A930
S21401E880039319F067F8BBE720464FF4803119F07F
S21401E890E9F9D2E7FF28B2D1E6E7FF28B0D1002296
S21401E8A0204602A9EDE701200393A1E72A46C0E727
S21401E8B0FC1F00B0AC580020001F00B0000002B8DA
S21401E8C0008001B86870002010B50C4619B118F028
S21401E8D0EEFF00B10434204602F0B8FA024B404283
S21401E8E0C3F8C80E002010BD001000B0838E70B5AE
S21401E8F093420C4615461CD3836C8B4208BF0024FA
S21401E9001DF0C5FA4FF49C530B490646CA68C2F37C
S21401E9100362D340DA0702D50B6F9B0304D40122AE
S21401E9202946204601F016F830461DF0ABFA0020C5
S21401E93070BD2120FCE700BF000002B82DE9F84FAA
S21401E940064615460B4611B92120BDE8F88F002A68
S21401E950FAD0032905D8002201F05EF90346002803
S21401E960F2D01C889978B4F5804F01F0070080F04A
S21401E970C580A0F1070C1A7993F805A0DF88DCF1B1
S21401E980000343EB0C0305282B7394BF0023C1F34C
S21401E9900013C1F3801C6B738B0985F810C003F05C
S21401E9A00203C1F3C00C43EA0C03C1F340116B74BC
S21401E9B0A974AF82002A40F0828096F81E31013B8E
S21401E9C0DBB2EB74D6F89430DF0600F183800638AC
S21401E9D001287FD8B6F81280F76908F1FF38484B4E
S21401E9E0083C04EA08045B6D3B5D0134802B0EBFD6
S21401E9F06FF07F03323B5BB2AB730023AB6096F8DC
S21401EA00279004EA0804B9F1000F61D1631D03EAF7
S21401EA1008035A1C02EA0802BA5CFB5C43EA0223BA
S21401EA20D9040FFA83FB4CD5D6F8E43013B11B6832
S21401EA30022B05D841F24D724C210020FEF74EFF05
S21401EA40D6F8E420CBF30B0392F82420DB000AB1BE
S21401EA50B3FBF2F39A4508D83BB1CAEB0A2ABAFBD4
S21401EA60F3FA6FEA0A0A5FFA8AF9D6F8EC3023B1AC
S21401EA70484695F90E1098478146631C85F80F9015
S21401EA8003EA0803F95C013303EA0803FA5C01337D
S21401EA9003EA080341EA0221FA5C013303EA0803A8
S21401EAA0F85C41EA0241002341EA00616A7C304693
S21401EAB003F0D8FA06232860AB71002045E7531E01
S21401EAC07EE717F804904FEA49095FFA89F9CCE71F
S21401EAD09946D2E700230020EB730A4B5A69C2F32A
S21401EAE00723120448BF63F0FF035AB212F1800FE6
S21401EAF01CBF323B5AB2AA730346DCE7022024E766
S21401EB00004000B800C000B838B5148811F00305FD
S21401EB104FEAC40422D13F2C20D9B4FA84F4C4F1BC
S21401EB201903DBB2052B01D8192C15D0052B28BFEC
S21401EB30052301240633DBB29C40C4F3CF031380C4
S21401EB4003828161448700F02DFF054A631E23433B
S21401EB50C2F8A430284638BD2B46EAE72125F9E756
S21401EB60001E00B011F5004F1FBF01F30E01044B4C
S21401EB70C1F30E01002014BF99642120704700BF25
S21401EB80008001B8F8B504460E4619B990F824304D
S21401EB905A063FD44FF6FF73618ED4F8E47099425B
S21401EBA004D0314B1B680BB1204698472F4D2B687C
S21401EBB0BB424DD02E4B1B683BB11FB13A68002AB1
S21401EBC048D0BF683946204698470727204601F0B7
S21401EBD06BFB002E32D006270126264B94F92820FF
S21401EBE093F900302449C3F11C039B1ACA69DB025E
S21401EBF022F4FF2203F4FF231343CB61D4F8E4305D
S21401EC001E4A2B601E4B976720461E7018F093FE17
S21401EC100020F8BD4FF6FF71144DD0F8E4702A6855
S21401EC2066F386139742418680F8243017D0104B3E
S21401EC301B68002BC1D101F037FB072711493B4662
S21401EC40114AD1F8FC1004F1F80003F04DF9C2E7BF
S21401EC500127BBE71746204639469847B5E701F036
S21401EC6023FB0127EAE700BFB8580020AC58002074
S21401EC70B4580020E268002000C000B8006000B868
S21401EC80E3680020001F00B0581F00B0054A126854
S21401EC901AB190F81E1119B91047084602F0AABB1E
S21401ECA001487047A858002000FEFFFF344B2DE9AD
S21401ECB0F7431C6801F4007900F00103174653EA94
S21401ECC0090206460D4635D04FF000083BB3002337
S21401ECD0002200210120CDE9008803F007FB042073
S21401ECE001F02CFE41462046FFF7D0FF01224146A7
S21401ECF02086104618F0CBFAD4F8941004F1F800E8
S21401ED0002F010FC1F490868FFF7C0F84FF0FF3308
S21401ED100B6094F8243043F0040384F82430B9F1EE
S21401ED20000F07D00121204618F09CFF25F400753E
S21401ED3006430D432B4632462046FFF709F9FB07EB
S21401ED400FD51149114A0868002113681160012185
S21401ED500F4A117003B198470E4B002102205B68E1
S21401ED60984717F00E0F08D04FF409723B21002088
S21401ED7003B0BDE8F043FEF7B1BD03B0BDE8F083D4
S21401ED80BC59002058700020C0580020C4580020EC
S21401ED90E46800205070002008B54822002102488F
S21401EDA0FDF72CFF002008BDDC1E00B073B57821EE
S21401EDB06422A0F8141182210C23C0E94112C0E993
S21401EDC04322C0F8002107224FF0FF35002680F8C5
S21401EDD030314FF6FF730446C28700F14C0282645D
S21401EDE01E4AC385A0F8403080F82C304386426323
S21401EDF0038780F82860C0F8A850458580F826501B
S21401EE0003F03EFC2046FFF7C7FF94F92810204682
S21401EE10FFF76AF9602340F6FF71114A2046D36472
S21401EE2002F11C42D162D1650E4A2946D3644022C2
S21401EE300D4B1A67D4F89420FFF7D8F90E23002259
S21401EE40CDE9003340F202231046194603F04EFA8C
S21401EE5001F0E2F8304602B070BD00BF4000FFFF8F
S21401EE60004000B8005000B8002002B810B50C46AB
S21401EE70FFF792FFBCB1A378082B16D8E278082AD0
S21401EE8013D843EA021313F0FF030CBF1946616857
S21401EE90074AC2F8DC10217882F82011617882F8DE
S21401EEA0233182F82111002010BD2120FCE700BF8C
S21401EEB0001E00B0012A10B512D8032B10D803EBA0
S21401EEC082020123074C934094F82201DBB221B160
S21401EED00343002084F8223110BD20EA0303F8E73B
S21401EEE02120F9E7001E00B0034670B50C68B0F8A3
S21401EEF03421013408BFD3F800418D6808BF0C6087
S21401EF004C68F830013404BFD3F80C414C606E1CD9
S21401EF103CD1D3F80841CE688C60751C3CD1D3F83F
S21401EF2004510E69CD60013604BFD3F8F8600E6156
S21401EF304E69013604BFD3F8FC604E618E69013616
S21401EF4004BFD3F810618E618E695EB35A32B24245
S21401EF5038BF32460E688A6116B15A2E38BF5A2615
S21401EF60C3F808414C68C3E94065C3E943420A69EE
S21401EF70C3F8F8204A690C49C3F8FC20D1F8FC1004
S21401EF8007230A4A02F0B0FF002070BD02F15A04BE
S21401EF90AC4238BF2C46BEE702F17805B54238BF11
S21401EFA03546BEE76422D5E7001F00B0581F00B003
S21401EFB070B51CF06CFF04460B4E00F031FA0128C8
S21401EFC005D020461CF05EFF0225284670BDF3687A
S21401EFD013F0706FC3F30365EFD1B36ADB06ECD5AC
S21401EFE020461CF04FFFF0E7000002B838B51CF0D1
S21401EFF04EFF4FF6FF710A4A13888B4203D11CF06D
S21401F00041FF0E2038BD074C074D1B046566A4F56D
S21401F0108054636611801CF035FF0020F2E700BFC4
S21401F020E2720020006001B80000FFFF2DE9F743FF
S21401F03004460F4615461E46FFF732F830B3A38A3C
S21401F04023B3204618F039FA78B9002E40F0F28042
S21401F050794BD3F8D83E03F03002102A00F0EA804C
S21401F06003F0C003402B00F0E580DFF80082D8F8FB
S21401F0701430D90740F1DE801CF009FF0646032054
S21401F08001F058FD30B130461CF0FCFE022003B002
S21401F090BDE8F083D8F8142012F00608F3D1304604
S21401F0A01CF0F0FE644B4FF400612046D3F8D89E66
S21401F0B0D3F8AC6E04F0BEF940B14FF400720121F2
S21401F0C05E4B08461A67424618F0E1F894F8253078
S21401F0D0DA0707D5D4F894305B0542BF4FF4002217
S21401F0E0574B1A6739462046FEF796FB524BC3F834
S21401F0F0D89EC3F8AC6E0028C9D194F8243098067F
S21401F10001D4002D57D0C5F3400003F023FB0223A2
S21401F11015F4807F1BBF0021494A484A136717BF71
S21401F120484A13675161136303F04EFB4FF4806343
S21401F13015F0040F14BF444A444A15F0400F5362B9
S21401F1404FF004023D4B28461A674FF0400314BFA8
S21401F1503F4A404AC2F88830FEF7C8FE204618F0FB
S21401F160D6FA38B14FF4807315F0010F14BF344A44
S21401F170324A1367A90647D54FF6FF72B4F84030F6
S21401F18093420FD0344A3549526E100CC2F3011225
S21401F1900132B3FBF2F308802B4A2C4930481B049A
S21401F1A048665366003D18BF012594F8243065F380
S21401F1B0451384F82430204618F079FBF0B1204638
S21401F1C018F0A5FAD0B14FF40031204604F032F918
S21401F1D0431C03229BB2234801A918F020FC9DF88A
S21401F1E0042002F00703052B9DF8053015D1120700
S21401F1F00DD443F480731C4AC2F8B830002003B023
S21401F200BDE8F04318F018BCFFF7F0FECAE713F0AC
S21401F210040F09D19DF80630EBE703F03002202AEF
S21401F22005D113F0010FF4E74FF48073E3E79DF87F
S21401F2300630E0E70E202AE7001000B0002002B8F2
S21401F240001002B800400054005001B8006001B838
S21401F25000D000B800E000B8004001B8E27200201B
S21401F2600000FFFF08400054001E00B000C001B8B7
S21401F2702DE9F3410646884615461F461CF007FE53
S21401F2800446032001F056FC38B120461CF0FAFD76
S21401F2900E24204602B0BDE8F081042001F04AFCAD
S21401F2A00028F2D120461CF0EDFD01232A464146F6
S21401F2B03046FFF7BBFE04460028EAD1DFF8C880D7
S21401F2C05FB388F8000039463046FEF735FD002862
S21401F2D04CD198F80030012B1CD02022244B1A6701
S21401F2E0244BDB6CB3F5817F1FD2012018F0E5FBC0
S21401F2F01CF0CDFD204B06461B680193CBB901F0EF
S21401F30093FC15F0800526D101F0E0FC284603F0B9
S21401F310F5F925E003F008FABBE798F80030012B71
S21401F320F8D0002BD9D12124B3E78022134B1A61E0
S21401F330DBE7042001F002FB00230122042001A9DF
S21401F34001F01AFB0028DAD103F056FA21243046E0
S21401F3501CF098FD9DE70022094B9A6701F0B6FC68
S21401F360084B01215B6800209847F0E7044690E7C8
S21401F370001002B8001F00B0B0580020000002B80C
S21401F38000C001B850700020E168002008B50C4BA1
S21401F390D3F84C114B1C12D011F080410FD1094B00
S21401F3A01B6813B10320FEF70BFE4FF080624FF48B
S21401F3B00071054BDA67054AD16201225A6108BD20
S21401F3C00080E00FBC590020001002B8004000B8D1
S21401F3D04FF40022034B186F03F500531A67C0F36E
S21401F3E0C0407047000002B8024B586900F00100A7
S21401F3F0704700BF00C001B8084B5A69D10707D54E
S21401F40008B901F077BA5B69DA0706D401F064BA85
S21401F4105B69DB0701D40028F8D1704700C001B84A
S21401F4200F4BDB68C3F30363013B0B2B0FD8DFE8FD
S21401F43003F006060C06060606080A080808022057
S21401F4407047042070470520704703207047054B1E
S21401F4505B6913F0060F0CBF01200420704700BF44
S21401F460000002B800C001B8094AD368C3F30363B9
S21401F4700B2B08D06FF49050184100F0010080F07B
S21401F480010040007047106F10F48030EDD17047D6
S21401F490000002B80C4AD368C3F30363062B07D8EF
S21401F4A0042BD8B20BD8C31E5842584140007047AF
S21401F4B0072B06D1D2F830010028ECD17047022084
S21401F4C070470020704700BF000002B8094BDB6898
S21401F4D0C3F303639A1E012A8CBF00220122012B6B
S21401F4E002701EBF4FF4026222FA03F303F0010317
S21401F4F00B707047000002B8094AD368C3F3036370
S21401F500032B01D0072B08D1536FDB0605D4906F70
S21401F51080F00800C0F3C00070470020704700BFAD
S21401F520000002B8024B0022196818F0A1B900BF0A
S21401F530F88F0400024B1B6803B11847704700BFE1
S21401F540DC580020024B1B6803B11847704700BF08
S21401F550D858002010B5FF224FF6FF71044618F068
S21401F560A9F968B9FF224FF6FF71204618F0B3F9E2
S21401F57030B92046BDE81040FF22024918F0BDB957
S21401F58010BD00BF9C8F04002DE9F0411C46184BAE
S21401F59005461E680F46904646B1306801F01CFECF
S21401F5A0F3681BB1B368186801F016FE114B1B68AF
S21401F5B02BB1DA681AB19B68186801F00DFE9DF848
S21401F5C01830640744EA08425B0503F0BC6342EA6C
S21401F5D0C7621A432846084942F4C87203F016FF68
S21401F5E0002228461146FFF781F90020BDE8F08188
S21401F5F0F48F0400F88F04009007E12D08B5FFF79B
S21401F6007BFF88B1094BDA6912030DD5186F10F428
S21401F610003009D19B6F13F0100F4FF010030CBF91
S21401F620034A044A936708BD0220FCE7000002B8BB
S21401F630001002B8002002B838B50446F8B1124AE4
S21401F640D3691B031DD5556F104BC5F38115032DCB
S21401F650B3F8B4300DD10822083B9BB221460C48C2
S21401F66018F0DDF90020084B25729B6F1B0A6372A8
S21401F67038BD022D05D1023B2A469BB2EEE721207A
S21401F680F6E70220F4E700BF000002B8001E00B053
S21401F69038400054431EDBB2FD2B14D9FF280B68FB
S21401F6A001D14A68134313F0802F1EBF42F20102B4
S21401F6B0074BC3F8282251F82020054BC3F85022E7
S21401F6C0C3F8542270470128F5D10023E9E700BFAB
S21401F6D0004001B8F0B585B06D460E460F4B0746A3
S21401F6E014460FCB85E80F000D4BD3F84802009067
S21401F6F0D3F84C2201923EB1631EDBB2FD2B0AD930
S21401F7003060FF2C00D1726022462946384618F038
S21401F71021F905B0F0BD012CF4E700BFA48F040069
S21401F7200080E00FF0B585B06E460D4B07460D46DE
S21401F7300FCB86E80F0000F039F831460446024642
S21401F740384618F080FA4DB140B9FF2C1BBF04AB08
S21401F75003EB8404009B54F8103C2B6005B0F0BD0D
S21401F760A48F040030B50C4B0546187085B00823ED
S21401F77080B90A4AC2F8FC3351B96C46084B0FCB24
S21401F78084E80F00074B2A4621461868FFF7A2FFB8
S21401F79005B030BD044AEDE75A730020001002B8E8
S21401F7A0B48F0400BC590020002002B8014B187821
S21401F7B0704700BF5A730020124BD3F8E020D203E3
S21401F7C01ED54FF480321049C1F8E020A1F58051D2
S21401F7D0C1F8EC201A6CD1B2C2F30722C3F880102C
S21401F7E0C3F880200422C3F880200022C3F88020BA
S21401F7F0C3F88020C3F88020C3F88020C3F8802097
S21401F800704700BF0040005400600054F0220A4BCD
S21401F81001219A64A022A3F580539A64074B826C57
S21401F820C3F8C010FC21C3F89810C3F89C204FF40D
S21401F8300052C3F8BC207047006000B80040005476
S21401F840F8B50D46174606461CF021FB0123042198
S21401F850084C094A2363A760E6602561C2F8E010F8
S21401F860064AC2F884311CF00DFB0DB10223236356
S21401F870F8BD00BF004000540060005400E100E005
S21401F8800222024B58611A63704700BF00400054C1
S21401F8900122044B1A6640F6FF729963D863DA6553
S21401F8A0704700BF004000542DE9F04F042A05467A
S21401F8B00B4683B039D901260978141F81615A781D
S21401F8C003F1040982619A788261DB7883610368B7
S21401F8D0D0F808B003F0070306339E4006F1FF3A5E
S21401F8E00AEA0B084768A6EB0802944247F000575D
S21401F8F00ED84946224607EB0800FDF70FFB46EAFD
S21401F9000A0604EB0B023240AA6003B0BDE8F08F92
S21401F910494607EB08000192FDF700FB019A3846BD
S21401F92009EB0201A21B4244E7E7013A032AECD89D
S21401F930DFE802F00B08050213F8012B826113F8C9
S21401F940012BAA6113F8012BAA611B78AB6103B0E6
S21401F950BDE8F08F38B50C46154601460F4B60B131
S21401F96001220F48C3F8C0202246FFF79DFF1DB1B4
S21401F97004220A4BC3F8C02038BD64B1D3F8A420D2
S21401F980A24284BF0122C3F8C0200222C3F8A040CD
S21401F990C3F8C020EBE70122FAE700BF004000549D
S21401F9A09840005438B504461CF071FA01211A4AF1
S21401F9B0638F054611663BB3B3FA83F3C3F11903AC
S21401F9C0DBB2A069C2F8901093660723D066C2F82E
S21401F9D08C304FF4A02302F50052C2F8E030A2F5B5
S21401F9E08052C2F8EC3000220C4B1A600C4B1B6F95
S21401F9F05B0209D54FF480020A4B04F1F8001A673E
S21401FA00D4F8941001F08EFD4FF4E0232846E3630A
S21401FA10BDE838401CF036BA00400054E0580020DB
S21401FA20000002B8002002B82DE9F84305460C464E
S21401FA30B1B1D0F81880478F1CF029FAB5F83CC050
S21401FA40791E01EA0C0323F00702032C0646DFF8B1
S21401FA50F8E042445CD1DEF8004024B91CF012FA0A
S21401FA600E20BDE8F88324F00104DEF8000020F043
S21401FA700100A04251D10023CEF8003023889442E1
S21401FA806FEA43436FEA534323803CD1EB8F08EB85
S21401FA9007091846083880B202F108044C4528BF09
S21401FAA04446082804D9B4F800E0BEF5804F3ED29B
S21401FAB063440F431B1A3B409BB2AB87E887118810
S21401FAC094781C4AC1F30C0151645367C2F88C0048
S21401FAD04FF48022184B04F00704C3F8E0200122FB
S21401FAE0164BC3F88421FFF767FE042C0BD14FF4A5
S21401FAF08002134B05F1F8001B6F124B1A67D5F8FD
S21401FB00941001F00FFD30461CF0BCF90020A8E768
S21401FB10601E012898BF1446A7E7E88F4344E31AFE
S21401FB2048BFDB1908389842A8DC304696E72246DB
S21401FB30B0E700BF004000540060005400E100E060
S21401FB40000002B8002002B8E0580020144B10B59F
S21401FB501968CA8F8B8F488F13440138073B8C690D
S21401FB60034023F007031C4402F108030D4A9BB22D
S21401FB70CB87C2F88C304FF480220B4BC3F8E020C1
S21401FB8001220A4BC3F88421A07800F0070004285C
S21401FB9003D1074AD3681B03FCD4064B1C6010BD77
S21401FBA0BC590020004000540060005400E100E011
S21401FBB0000002B8E058002010B5064C216839B1A3
S21401FBC0CB0703D4044B1868FFF72EFF00232360EE
S21401FBD010BD00BFE0580020BC5900204FF4803211
S21401FBE00B4B0C49C3F8EC20A3F50053C1F8E020F9
S21401FBF0D3F888109A6E012302F00702063293406A
S21401FC00C1F30C01083B994201D8FFF7D5BD7047F7
S21401FC1000600054005000542DE9F04780460C4621
S21401FC2016468769458F1CF032F9B8F83C2005F175
S21401FC30FF3C02EA0C0323F00701032C82463944F9
S21401FC40B8F83E0019D1494C24689CB90244073AD9
S21401FC5002EA0C0222F00702BC183B44E31A48BF32
S21401FC605B19834210DB50461CF00CF90024204639
S21401FC70BDE8F08724F00104EFE7012C02D0022C46
S21401FC80EBD108380C46E8E7002E3DD08C423FD138
S21401FC90374AD2F844903649B8F81270D1F888201D
S21401FCA0C2F30C02934247DA2588B5F5804FDAD2C3
S21401FCB0A378C5F30C0503F007037A1EA5EB090527
S21401FCC03A43052B337005EA02052DD82DB2E843D9
S21401FCD040F241420421C00FFDF700FE7580E37833
S21401FCE03374D8F81C207B1E03EA0903D118B160CF
S21401FCF0A9B213FA85F5AF422FBF0023FF1AB780CA
S21401FD00F26024BFB180F36050461CF0BBF8AEE74A
S21401FD10A4F10802974284BFED0802EBC502B2F8CF
S21401FD200090C9F30C09B6E7124B5B6D003B18BF98
S21401FD300123A5EBC305C9E70B6C7A1EA3EB0903E8
S21401FD403A431A400C4915B2002DCB680BDCC3F3BD
S21401FD500363D81E43424341DB0033708B6F7280CE
S21401FD601B0A3374BDE70823F7E700BFE0580020FD
S21401FD7000400054004000B8000002B8054BA8221D
S21401FD80D3F84C013121431C0CBF0120C0F3807015
S21401FD90FDF7A4BD0080E00F38B5094D044628687C
S21401FDA040F69702003818BF01202B21FDF796FD7B
S21401FDB0FA235C432B680A20B4FBF3F4604338BD96
S21401FDC014590020174B30B51A68431C164B22D025
S21401FDD0B2F1407F1FD3154D00F03F04D5F8002146
S21401FDE022F03F021443C3F8C84001F03F04224307
S21401FDF0C3F8D020D5F804310D4A1A400D4B03EA5A
S21401FE00500003EA510110431143074BC3F8CC00DD
S21401FE10C3F8D41030BD00200146C3F8C800C3F8AB
S21401FE20D000F2E70080E00F001F00B0000002B82B
S21401FE301FF087E1E0FFFF7F73B5574E0446317828
S21401FE4019B91C225548FCF7D9FE2378544A618813
S21401FE50137051804FF0FC62524CFF21C4F8FC2015
S21401FE604FF47F02C4F808214F4A022B4F4D117000
S21401FE7033D1042307224E49C4F8FC23C5F8FC33CA
S21401FE80C4F800114FF4C071C5F80011C4F8FC2382
S21401FE904FF48052C5F8FC33C5F870214FF4005278
S21401FEA0C4F87021C4F808314FF4FF13C4F8FC30CD
S21401FEB04FF4BB13C5F8FC308023C4F8703148F208
S21401FEC0C8023C4BC3F8D8203B4B3C4A0020C3F841
S21401FED0C02F0123337002B070BD394A012BC4F81C
S21401FEE00021384B27D14FF4C072C5F80021D3F852
S21401FEF03802D3F83C12FFF765FF0723C4F8FC333A
S21401FF000223C5F8FC334FF48053C5F870314FF423
S21401FF100053C4F870310423C4F808310DEB030014
S21401FF20ECF7F4F89DF80530023B012B9CBF8023CB
S21401FF30C5F87031C3E7244AC5F80021D3F830026A
S21401FF40D3F83412FFF73EFF0723C4F8FC3301232E
S21401FF50C5F8FC338023C4F870314FF4805301A8F0
S21401FF60C4F87031ECF7D2F89DF80530012B05D1B5
S21401FF709DF8043053B948F25D1309E0FBD9023B02
S21401FF80012B9CBF4FF40053C5F8703148F258134B
S21401FF90084AC2F8D83097E7E5680020C41F00B0C9
S21401FFA0E4720020002002B85E730020001002B840
S21401FFB0C0F10F00001F00B0001000B0E85800208C
S21401FFC0C0F70F000080E00FC0F60F00034B1A6861
S21401FFD002609B8883800020704700BFE472002087
S21401FFE010B5044601F026F80A4BD3F8F83724B9C1
S21401FFF083F40023C3F3C04010BD012C05D113F4D4
S214020000C02F0CBF01200020F6E7A31E584258411D
S214020010F2E700BF000002B86FF07F42154BD3F83C
S214020020FC37934208D0144A03F03F031370F123BF
S214020030124A1370124A13701249134B09781A683F
S214020040A9B1B2F1A06F12D3D3F850120F4A104BD7
S214020050B1F1FF3F18BF13460E4A136041F66A021B
S2140200600D4B1B68B3FBF2F30C4A13607047084B48
S214020070F2E700BF000002B85F7300206073002042
S214020080617300205D7300200080E00F5082E00F55
S214020090D88F0400E458002030590020145900205C
S2140200A0012807D0022802D030B100207047034B47
S2140200B018787047024BFBE7024BF9E75F730020A4
S2140200C060730020617300200023F0B590F8304181
S2140200D085B002462046CDE90133CDF80B30FFF756
S2140200E0DFFF92F82B30411EC9B28B4228BF0B4667
S2140200F0002C3CD0012C38D1042418464FF00F0CAB
S214020100384E0DEB0405B0FBFCF7F75D013CC01B57
S214020110C0B2814238BF00206055002CF3D10524BE
S2140201200F278DF80830B3FBF7F0305C0344DBB2E0
S2140201308B4228BF0B462B5501340B2CF3D10F26CE
S21402014002F1A800D43215F8013BB3FBF6F14C1CC1
S214020150C1EB01115B1A0133DBB2E4B21B0443EAC2
S214020160045340F8043F8242EDD105B0F0BD0424AA
S21402017018464FF00F0C1C4F0DEB0406B0FBFCF5B7
S214020180EDB27D5D013C401BC0B2814238BF00200B
S214020190A055002CF2D105240F258DF80830B3FBAC
S2140201A0F5F0385C0344DBB28B4228BF0B4633556E
S2140201B001340B2CF3D10F2502F1A804D43216F821
S2140201C0013BB3FBF5F1481CC1EB01115B1A01338D
S2140201D0DBB2C0B21B0443EA005344F8043FA24217
S2140201E0EDD1C2E7D18F0400C48F040038B5284B86
S2140201F005461A7827490C2A02D1FF20087038BD16
S214020200104617F049FC04461046FFF749FFA8427D
S21402021028BF2846C0B2A04238BF20460B78C0B2DC
S2140202208342ECD0087088B1431EDBB2022A1A4918
S2140202300ED14FF0FC62C1F8FC20A1F50051D1F8B6
S214020240FC2042EA4353C1F8FC30D8E70346EDE708
S214020250124A134C1268AC32C4F8C02F4FF47F0215
S214020260C1F808210F49CA6FD202C8D40F22B3FBC5
S214020270F2F2551CC2EB02129B1A0133D1F8084166
S2140202801B0443EA05532343C1F80831B7E700BF0E
S214020290E47200205E730020002002B8BC590020E1
S2140202A0001000B0000002B82DE9F04F90F830516F
S2140202B00646D0F8A82087B035BB1F2A38BF1F22B3
S2140202C0093A4C24844B85481B6A96F82B10C3F3D4
S2140202D08213DC400368DFF82CA29342DFF8288200
S2140202E07F4B04F0010414D11F78A74211D19AF86B
S2140202F00070AF420DD17B4F3F788F4209D1B8F8DC
S214020300040007B0BDE8F08F032A38BF0322023A82
S214020310D7E7026098F800001C70FFF7C1FEFF29BD
S21402032024D1284617F0B8FB07466F493CB3D6F8E7
S214020330E4702FB13B68082B40F2CB8097F83870F8
S2140203401DBB0B6840F27121B3FBF1F35343192234
S214020350B3FBF2F339462A4605A8059317F072FB5B
S21402036002023C04059842F0110988E0471E8F42BB
S21402037028BF0F46012F38BF0127FFB2D5E7012D50
S21402038029D0022D01D0B5B327460B6840F2712161
S214020390B3FBF1F353431922B3FBF2F339460122BE
S2140203A007EB072405A8059307EB042417F04AFB7E
S2140203B07F00032F38BF0327020242EA001242EAF6
S2140203C00009033F00F01F0007FA00F0FFF7E4FC05
S2140203D000F5FA6758E00F23B7FBF3F3581CC3EB9C
S2140203E00313FB1A0133DBB2C0B21B0443EA005309
S2140203F0C3F30747C9E70C6840F27121B4FBF1F476
S2140204000F2354431922B7FBF3F3B4FBF2F4374835
S214020410374A0068A2FB0412013350FA83F313F83A
S214020420013C0392A3F140012A4603A8019317F068
S21402043009FB039F2F4AE41BA2FB04120090302103
S214020440049204A82A4617F0FDFADDF810B0814699
S214020450A4EB0B0401220594102144F2100405A813
S21402046017F0F0FA009B1A02019B42EA091244EACC
S2140204700344059B42EA000907EB0B001844FFF70A
S2140204808BFC00F50C57283740F6FF711A4B38469E
S214020490C3F8C010A3F58053C3F8C090A3F58053E9
S2140204A0C3F8C440154C276001F0B0FC4FF47A72D2
S2140204B0134B4042986523680A49B3FBF2F3A8F847
S2140204C0043096F82B30B7FBF2F08AF800500B7027
S2140204D017E7002734E700BF004001B8607000202D
S2140204E0E66800205B73002030590020E4580020A4
S2140204F069C2F568911E856B006001B81859002024
S214020500001F00B05C730020E4720020014B1870DC
S214020510704700BF5D73002010B5044603F012F862
S21402052078B1174B1B786BB964B1164B1B784BB17D
S214020530154B1B78013B012B04D84FF40042134B9A
S214020540DA6710BD124BDB6F1B04FAD41BF09FFC5C
S2140205504FF400420F4B0446DA67A3F5A0435B68EC
S2140205602BB1FEF741FF10B1022017F0A6FA0222C5
S214020570094B2046BDE81040C3F884241BF082BC19
S214020580E7680020E86800201C590020002002B816
S214020590000002B8001002B800D003500122024B3D
S2140205A000201A70FFF7B8BFE76800200022024B4F
S2140205B001201A70FFF7B0BFE7680020F7B50646BD
S2140205C0504C00F037FD504B2578504F1E7085BBBF
S2140205D02846FFF7A1FF2378013B012B19D8E37BBE
S2140205E001A88DF80430237C8DF80530E8F7AEFFBD
S2140205F0C7F884544FF6FF72454BC3F88420F8229E
S214020600A3F58053C3F884200022404BC3F8842409
S2140206100DE04FF6FF723E4BC7F88454C3F88420B1
S214020620F822A3F58053C3F88420C7F88454394BC4
S2140206305BE00020FFF770FF2378013B012B08D810
S214020640E37B01A88DF80430237C8DF80530E8F7AB
S2140206507DFF0023C7F88434002ECBD062685AB3DD
S2140206602D4B1B6803EB5203B3FBF2F3013B1B0259
S21402067043F0F80326782649022E284A1ED0032E77
S2140206804FF6FF75214826D0012E34D143F00203DF
S214020690C1F88450C2F884300723C0F88434E37B60
S2140206A001A88DF80430237C8DF80530E8F722FF88
S2140206B00120FFF731FF17E0F823DBE74FF6FF7064
S2140206C043F00103C1F88400C2F8843006220F4BBF
S2140206D0C3F88424E3E743F00503C1F88450C2F864
S2140206E084300423C0F884340D4B4FF0804200203F
S2140206F0DA6703B0F0BDC1F88450C2F88430002334
S214020700F0E700BF1C590020E868002000C0035034
S214020710006000B8002002B830590020005000B82F
S214020720001002B8F0B5294F06463D4604460FCEE5
S2140207300FC5336885B02B6000F07CFC0022244B8A
S214020740C3F88424A17A627A42EA0142C3F890246A
S214020750217CE27B42EA0142C3F88C24217B627B45
S21402076041EA0240C3F888043B78032B2AD8DFE824
S21402077003F022020C178DF8041004218DF80520D0
S2140207800DEB01000022E8F781FEE37B00228DF8E4
S2140207900830237C042102A88DF80930E8F776FE9B
S2140207A0637A01228DF80C30A37A042103A88DF80F
S2140207B00D30E8F76BFE074B187805B0BDE8F04041
S2140207C0FFF7FCBE212005B0F0BD00BF1C5900207B
S2140207D000C00350E8680020034BDB6F002BBCBF51
S2140207E0024BC3F888007047000002B8004000B809
S2140207F02DE9F04717F0C5F94FF47A762D4BB0FB8A
S214020800F6F618604FF4FA73734307462A48190E31
S2140208101B021818294A4FF0000341F10001FBF7AA
S21402082081FE274BA0F5807205461A6320B948223E
S2140208302B21FDF753F801254FF47A724FF0000A88
S2140208406A43534650083102FBF76CFE1C4B1D4AA6
S214020850B7F57A7F9A601C4B4FEA056819601B4B06
S2140208608946044618604FEA152505D29B222B219D
S2140208705046FDF733F801264FF47A73A8FB0301BE
S21402088003FB05117308C01841F10001002332462C
S214020890FBF748FE0E4B023419600E4B49F1000975
S2140208A0A408186044EA8974054B013C9C63BDE8C1
S2140208B0F08700BF3059002020A1070040420F00F9
S2140208C000C001B802110100405900203C59002026
S2140208D038590020345900201022044BC3F88421D2
S2140208E05A600122024BDA60704700BF00E100E066
S2140208F000C001B81022064BC3F88421C3F8842036
S214020900BFF34F8FBFF36F8F0422024BDA6070473C
S21402091000E100E000C001B810B50446A242A2EB16
S2140209200000A3EB010104D2034B01399B6B013398
S214020930184401F0030110BD00C001B838B5012506
S2140209400A4B02019D504FF480730446084A8340C6
S21402095053661BF09CFA074AA540137823EA050360
S2140209601370BDE838401BF08DBA00BF00E101B835
S21402097000E001B8F16800202DE9F84F164605465A
S2140209808A461F461BF083FA022E00F090808046AD
S2140209901BF08AFA594B5A4AD3F82090147D5A6EA5
S2140209A0E4B2520744BFD3F82090013404F00304A3
S2140209B01BF075FA4846214600F036FA8446DAF805
S2140209C00000012E04BF01306044ACEB000C08BFEF
S2140209D0CAF80000BCF1804F7DD300F037FA81459B
S2140209E0A1EB040188BF454BDFF834C188BF01F193
S2140209F0FF3101F0030188BF9B6BA0EB090E0CF8D8
S214020A000510A1B1F90742BF41F61F723D4B5A6766
S214020A10BA0742BF3B4B3C4A5A677B0742BF00229B
S214020A20364B9A673C0742BF0022344B9A65112424
S214020A304FF0010A314B05F11002120103EB051BC0
S214020A40CBF80C0131499C501A6A0AFA05F4586E22
S214020A500B78A2EB0902E4B2234372450B7025D34E
S214020A604FF48073AB40034220D11CF80520002AC5
S214020A7040D10EB3264AF807536607D541F61F71D2
S214020A8040F201101F4B596750675967B90706D5E0
S214020A901C4B1D4A1E491F485A6748675A677A0701
S214020AA042BF01221C4B1A613B071AD440461BF078
S214020AB0E9F90120BDE8F88F184A2D0142F805A091
S214020AC042F89C3C1BF0E3F910490B7823EA040336
S214020AD00B701BF0D7F940461BF0D4F90020BDE896
S214020AE0F88F2120FFF778FE4FF48032034B404602
S214020AF0DA60DCE7064A40465366D8E700C001B82B
S214020B00A059002000E001B800001F1FF168002075
S214020B1000D001B800000101000002B800E101B8EF
S214020B20E9680020024B1878003818BF0120704789
S214020B30F1680020034B10300001185800F0010045
S214020B40704700BF00C001B870B50646FEF74CFC01
S214020B50044608B1FFF7CEFE0023084D3046AB61CF
S214020B60EB612B6200F072F9054BC9B21975286267
S214020B700CB1FFF7B1FE002070BD00BF00C001B887
S214020B80A05900202DE9F0419DF818800D46B8F1D5
S214020B90000F08BF0022214EB5F5803FB168074618
S214020BA021F4700141F4A001B1609DF820409DF847
S214020BB01C104FEA042444EA016444EA031444EA9B
S214020BC0084444EA02044FF0180140F2E9222CBF1E
S214020BD0002001207465FCF781FE3564B8F1000F31
S214020BE01AD00F4BBC68D3F888305A2C38BF5A2418
S214020BF05B0606D500F0F0FB18B10A4BB3FBF0F328
S214020C001C44204600F022F90130854238BF0022FB
S214020C10024B34BF5A645864BDE8F08100C001B884
S214020C2000C000B800093D00214B10B51A6E1A66C6
S214020C30596C59B11F49C96800292EDB596D4FF00E
S214020C40FF3301F00F018B409A4326D11024202057
S214020C50FFF7C2FD184B9C6002F088FB2022174B60
S214020C60C3F8842101F0F4FC48B1002200200821D8
S214020C70FEF71CF8124B5C66A3F580531C670D4A00
S214020C80D36803F07063B3F1807FF9D9084B0D4A3D
S214020C905A6741F201429A6710BD01F0D9FC00285A
S214020CA0F4D0094B064A5366A2F580521367EDE765
S214020CB000C001B8000002B8001002B800E100E06F
S214020CC000E001B8011B01181000002008B5212021
S214020CD0FFF782FD4FF48032014BDA6008BD00BF99
S214020CE000C001B8F8B5184D04462B6A1B0426D579
S214020CF000F0E6FB2B6AA0FB044613F0787F4FEA6F
S214020D009367C3F34450C3F3044505D140F25A42F5
S214020D102B21FCF7E3FD0120AD01B5FBF0F010EB53
S214020D20871005D140F25F422B21FCF7D7FD012048
S214020D300246002320463146FBF7F4FBF8BD00F0DE
S214020D404BFBA0FB0401F9E700C000B802460120F5
S214020D5030B50B4CA0F12003C0F1200524FA05F5AE
S214020D6004FA03F32B4304FA00F595428B4100D3B1
S214020D7030BD0F2801D00130ECE7FF20F8E700BFB6
S214020D8040420F0010B50C46FFF7ACFFC30943EA1A
S214020D904163C01A61EBD111FFF7D8FFFF2814D0C8
S214020DA00F220C4B40F01000C3F88820A3F58053A6
S214020DB0C3F88800A3F580531B6ADBB2802B06D0EB
S214020DC02046BDE8104000F067BB212010BD02207F
S214020DD0FCE700BF00E000B838B51BF065F8084B2A
S214020DE0084A1D6A147D5A6EE4B2520744BF1D6A51
S214020DF001341BF054F8284604F0030138BD00BF46
S214020E0000C001B8A05900200346064A103302EB80
S214020E1000111B01D1F80C01D158C1F3400116F0A4
S214020E2057BE00BF00C001B8064B1B68434303EB26
S214020E308171054B1B68A3FB003013F1004341EBA5
S214020E400000704738590020345900200C4A20F020
S214020E504043014610B5002014684FF00042E4FB00
S214020E600320084A890F126802FB0300064B9B6B9D
S214020E70984204D901330131C01A01F0030110BDB2
S214020E803C5900204059002000C001B8044B01F034
S214020E90F071103041F0030100011950704700BF95
S214020EA000C001B808B52220FFF796FC4FF4802256
S214020EB0014BDA6008BD00BF00C001B808B5064B9A
S214020EC04FF030401A6805499200FCF727F8BDE853
S214020ED0084001F0E3B800BF149004001890040024
S214020EE070B50C68651C15D0C4F302669E42C4F346
S214020EF0074530D1A4B294422DD804EB8506B242FF
S214020F0029D2141BA50824F003040E59340F04D06A
S214020F10012C08D00022212402E06B1C51F8232069
S214020F20C0E9002470BD0E4C34F8133042EA034385
S214020F301A686B1C51F8234001EB83014B68224070
S214020F405E4036F0704404D11B0F032B04BF8B683F
S214020F501A430024E4E7013501EB8501C1E700BF2F
S214020F60EC8F040007B501A8EBF7D0F84822164B21
S214020F705A65164AD2F8D43023F4FC33C2F8D43079
S214020F80134B1B689DF80530023B012B19D84022F3
S214020F90104BC3F8FC23104BD3F85C32DBB2FF2BAA
S214020FA000D10623094A1B03D2F8FC139BB20B435B
S214020FB0C2F8FC33D2F83021084B1A6003B05DF851
S214020FC004FB00F0E7FEECE7008001B8000002B880
S214020FD0002000B0001002B80080E00FD4580020B5
S214020FE000224FF400710F4B10B51A675A679A67C2
S214020FF00D4AD162012102F5E8325161DA6812F037
S214021000706FFBD14FF0304201245A6602F5FC5253
S21402101008329C66DA64054B1B689847044B5C6191
S21402102010BD00BF000002B8004000B86470002087
S214021030002002B801230F4A0F49C2F880328A6A9A
S21402104022F002028A620D4A53600D4A53600D4A2C
S2140210505360A2F580425360A2F54042536002F507
S214021060C032536002F580425360A2F500425360DC
S214021070704700BF0080005000C0005000D000B88B
S21402108000500054005001B808B5FFF7D3FF0E4BCE
S2140210900E4ADA6700F076FEFFF764FF03220C4B77
S2140210A0C3F8E020012203F54043DA674FF460728A
S2140210B05A614FF40072DA67FEF778FBBDE8084023
S2140210C00021FEF74FBB00BF000002B80048F00048
S2140210D0005001B82DE9F04F054687B002900F4642
S2140210E057F8044B631C06D1029B2C60E81A80104A
S2140210F007B0BDE8F08F5FEA147B18BF0123344ABD
S214021100C4F3016108BFC4F3074332F81120A4B246
S2140211104FEAC30A2F4844EA02440AF104022A4468
S21402112082421BD20722CA4002F0010201929A00B2
S21402113004EB830303930123B94603FA0BF808F082
S214021140940305F1080604920593039B09F104092A
S214021150A34208D1049955443944C0E71D4A954232
S214021160E0D80020C4E7059B53B918F0420F19D106
S21402117018F0280F0BD146F8084C59F8042C21E039
S2140211804FF4206232210020FCF7A8FBF3E740F67A
S214021190042232210198FCF7A1FB04F5805246F89E
S2140211A0082CEAE740F60D2232210198FCF796FB5E
S2140211B004F50052BBF1010F46F8082CDDD159F8B0
S2140211C0042CD24346F8042C04340836BDE700BF8C
S2140211D0EC8F0400003000B0F8B50546F0B10026EA
S2140211E0154B34461F46154953F8042BBAB9A000CE
S2140211F000F13040294600F50150FFF76BFF30B989
S21402120040F6AE323621BDE8F840FCF767BB0C4B21
S2140212100134044447F8265023F81640F8BDAA4283
S214021220FCD001360C2E02D031F81640DCE740F630
S214021230C83236210020E6E7445900201661002015
S2140212401861002070B50446A8B1C1B1384A52F8F8
S214021250043B984215D1002336498A689206FCD48C
S2140212609B00354A03F1304303F50153C2F8B03010
S2140212702022324B9A6070BD01330C2B02D1304DC6
S21402128012E0012352F8041BA142F5D12D4A32F88E
S2140212901330E1E704D16268C3E90012083403E0C0
S2140212A0012A01D1043419602268531CE3D0C2F328
S2140212B0016335F81300110C93B211F0FE0F43EAE6
S2140212C0004360680DD00434CAB2022A2168E1D90C
S2140212D0D4E90160033AC3E9001698600C340C3373
S2140212E0F3E7120F072AD9D8DFE802F00704090D40
S2140212F01013181DC04303F500531860CEE71A6892
S21402130042401A60CAE703F58053F6E716F0D5FBAB
S214021310C4E7012203F580538240F2E7012203F577
S21402132000538240EDE71A6830EA0202FBD1B5E7C5
S21402133044590020000002B8001E00B0001002B897
S214021340EC8F0400166100200122014BDA67704719
S214021350001002B80122014BDA677047002002B87B
S2140213604022014BDA677047002002B84022014B48
S214021370DA677047001002B80B4B1B68D3F8E430EC
S21402138023B11A68022A01D9186A7047074B9A6D68
S21402139090B238B1064BC2F307421B68DB085343D0
S2140213A0B3FBF0F0704700BFBC590020004001B804
S2140213B030590020064BDB68C3F30363984206D11C
S2140213C0044AD36B23F0F00343EA0111D16370475A
S2140213D0000002B8001F00B0054B1B68D3F8E430CB
S2140213E013B11A680A2A01D8FFF7C6BF186C7047ED
S2140213F0BC5900202DE9F743064616F057FB002499
S2140214008046DFF890901AF042FD0DF1070105467E
S2140214100DF10600FEF75AF89DF806308BB9721CDD
S21402142029D016F043FBA0EB080428461AF02AFD42
S2140214309DF8063013B99DF807303BB3A642E2D8B2
S21402144024E0D9F80C3013F4603FE8D0D9F8100045
S21402145016F099FB731C074603D016F027FBA0EB89
S214021460080428461AF00EFD17F5007FE0D038462D
S21402147003B0BDE8F08328461AF004FD9DF8063056
S214021480002BC0D19DF80730002BBCD1004FEEE7F1
S21402149000FEFFFF00C000B810F1800F04D04D28F8
S2140214A0CEBF7F20323040B2FF22044BC0B21A6257
S2140214B0A3F5805318620020704700BF00E000B812
S2140214C00B4A10B5136E0B4C116E03F00703E35C68
S2140214D0C1F3CD0101FB0333126E0748C2F3454246
S2140214E002FB033300688001B0FBF3F010BD00BFBF
S2140214F0004001B8E48F040030590020084910B5B6
S214021500D1F89C3040B11C46CA68D1F89C309C4247
S214021510F9D1C2F30362027003F00F0010BD00BFE0
S214021520000002B8094B01F080011B6F03F4800330
S2140215300B4309D14FF40012054B1A62837F1BB18D
S2140215400122044BC3F80021704700BF000002B816
S214021550006001B8005001B82DE9F04F404F8046B8
S21402156085B038680C4615F0A8FF20B9002420463E
S21402157005B0BDE8F08F224600214046FBF73EFB51
S214021580384B5D6915F00105F0D1FCF701F8064607
S2140215900028EBD03F68384615F0C7FE4FF6FF73BB
S2140215A0984234D04FF060512F4E304B304AD3F829
S2140215B02090D6F88C3011624FF00061A2F580526E
S2140215C0116224220421C6F88C202A4A4FF4804B4A
S2140215D091604FF480520027DFF8A4A0CAF868B0E2
S2140215E0F262A7421ED30421234A9160A2F5F0328A
S2140215F0C2F88C304FF060521D4B1A6209EA0203A1
S2140216001E4A13624FF480421D4B9A66AFE731467C
S214021610384615F02EFE01463846FCF7FDF800283F
S214021620C0D0A3E7B26E5104FCD5B268D205F9D594
S214021630CAF868B0D6F890200135012D0392D0D9A9
S214021640E21B042AA8BF042208EB070003A90193A1
S2140216500092FBF763FC009A019B3A4497B2C0E7FC
S214021660BC590020000002B8004000B8004001B893
S214021670006001B8001002B8002002B8005001B89D
S214021680006000B84FF604014FF60502044B012035
S2140216901B6C9BB28B4208BF1346024A1366704706
S2140216A00080E00F00C001B82DE9F74F81460F46D3
S2140216B04FF0FF35FFF790FB002601908A462C4636
S2140216C03046DFF8D8B006F110031B015BF8033092
S2140216D003F00308B8F1010F15D13046FFF794FB6B
S2140216E002460B4601985146FFF716F9DBF86430BE
S2140216F006F10802D340DB0739D5002F40D000257B
S2140217002C463E6040460136082EDCD160B3234AA2
S2140217100027D2F808C0916B0CF440330131A4FBC9
S2140217200141641941F10001B3F5003F30D1536B1A
S2140217300CF4405C013347F10006BCF5805F22D111
S214021740156B15F5807505FB06F647F1000203FBDF
S2140217500266A5FB03323244594304FB0212A3FB82
S21402176004341444C9E9003403B0BDE8F08FA8423B
S21402177071EB0403C6D207B13E6005460C46C1E7CC
S2140217803D463C46BEE7320242EA13621B02E3E7EC
S214021790136B13F5807347F10002DDE700C001B852
S2140217A008B516F004FA044B5A7C01230232934021
S2140217B0024A536108BD00BFA0590020002000580D
S2140217C02DE9F34105460F4668461146FFF76CFFC2
S2140217D00646B0B1AFB1DDE900321B0A43EA026346
S2140217E0A5FB0384094B120A05FB02441A6812B9C8
S2140217F016F0C7F90246002340462146FAF792FE43
S2140218003860304602B0BDE8F08100BF3059002093
S21402181037B50446FFF70EFCE17822791B4841EA09
S2140218200243C0F8CC34E579A37943EA0543C0F80D
S214021830D03423784BB18DF8041004218DF805209E
S2140218400DEB01000022E7F721FE63785BB104216D
S214021850A37900228DF80430E3790DEB01008DF8B0
S2140218600530E7F713FE227801235AB1084AC2F878
S214021870C834627802233AB1054A0020C2F8C83456
S21402188003B030BD034AF2E7024AF6E700C003504F
S21402189000D0035000E0035070B52C4B0C461A786B
S2140218A012B92B4A926D1A702A4AD26F52054AD53D
S2140218B01D78294B05F00F06B0FBF3F040434FEAC4
S2140218C0151505D140F27C622B21FCF707F80120A2
S2140218D0224A0A217243B2FBF0F34843B3FBF1F605
S2140218E002EB5002B2FBF0F201FB1633042BD2B22B
S2140218F007D8C3EB8310C3EB80035BB283B96DB228
S21402190017E0C3F10B0303EB8303DBB2B3FBF1F384
S2140219102B44DDB20F2DF2D9013AD2B2053DEEE7E5
S214021920053B5BB293FBF1F31D44EBB26DB2002DA7
S21402193004DB002042EA0512226070BD0132053344
S214021940D2B25DB2F5E70220F7E700BFF2680020E8
S214021950008001B8000002B8403B2500809698003F
S2140219604FF0000C2DE9F84FA2FB017BC84EDFF8C2
S2140219705CE3BE1999466BF10003B6457CEB0303A4
S21402198008D240F23E220E216046FBF7A7FF022055
S214021990BDE8F88FD0F8E4A00C461546BAF1000F61
S2140219A004D0DAF80030032B00F21B81B94BBA4A96
S2140219B09B6BD2F8FCA0C3F31408B84BD3F8EC30F8
S2140219C05E00B64B48BF48F400181B6E48EA4568EE
S2140219D058074EBF4FF440039B0503F0E07348EAF6
S2140219E0030818F0D3FB012D0646D0D10028CED02E
S2140219F0AB4B984200F0048103F5122303F5F8631B
S214021A00984200F00381A74B984200F02F810025F0
S214021A1002462B4600204FF00071FAF783FD2B4654
S214021A20013007FB03F3C8F3130100FB0B33A1FBE2
S214021A300662A7FB007001FB0522034420339B09C4
S214021A40C9F80030F60C984B46EA423618F4801F66
S214021A501C6008BF7642954B954DC9F81440344435
S214021A601E602C60BAF1000F00F0B9800023914985
S214021A70C8F381528A5C194618F0807F18BF640842
S214021A80002EB8BF764292066008C2FB06012246C6
S214021A90FAF748FDDAF800300E2B08D97F4B7D4A5C
S214021AA0926BD969D3F80C31C90600F1D68018F4C6
S214021AB0001814BFC42240F207127F49C0F3130075
S214021AC0A1FB04614FEA511102FB01F1C9F80400BF
S214021AD0DAF818004FF4FA73B1FBF0F118BF4FF0C2
S214021AE0000801FB03F3A4FB0262FA33A3FB0030F7
S214021AF004FB0822B342904138BF0131C9B241F417
S214021B00006CC9F808C000297ED0DAF81C00A1FBD8
S214021B10003624B1B4FA84F20E2A40F38880E20337
S214021B20002E77D1B2FBF3F2530003FB0113A3FBA3
S214021B3000764FEA044EBE454FEA144474EB06069E
S214021B4009D34E003344A0FB0371BE4574EB01017A
S214021B5002F10102F6D2C2F30E024CEA023C4CF04B
S214021B600063C9F8083018F011FB2B68002B00F050
S214021B708880B3FA83F4D4F102044CBF1C4623FADD
S214021B8004F44E4B9C4288BF6408002846D0B4FB3F
S214021B90F0F3642100FB134201FB02F2904244D8A8
S214021BA05A1E52085B08013B120242EA0313C9F8A6
S214021BB00C3018F0B7FA00285CD0B4FBF0F26421BF
S214021BC000FB124401FB04F4A0425ED8531E5B08DD
S214021BD05208013A1B0243EA0213C9F810300020E9
S214021BE0D6E6042BDAF828807FF4FBAE18F0807F66
S214021BF00CBF08F0E0734FF4400328F0E078EEE6FE
S214021C0000232F481D460CE72120C1E600232D485D
S214021C101D4606E70B46002289E7044640F2C2420A
S214021C202B210020FBF75AFE2346013BB8E7C2F100
S214021C300F0702F1110E06FA0EFEFB4043EA0E03F0
S214021C40A7F1200E26FA0EFE43EA0E03FE400133EB
S214021C5004FA02F246F1000662E702F4801203F486
S214021C6000131A4308BFC0F5801020E70023164869
S214021C701D46D6E640F2E5422B21FBF72FFE621EFA
S214021C80A4E70028C9D01C46CFE71446F7E700BFF2
S214021C90006CCA88008001B8001F00B0004001B87E
S214021CA000F04902005A62027C590020785900204E
S214021CB074590020FC8F0400D34D62103FBE4025AD
S214021CC00A3BB2DF313641DCD694BFD6807C814AED
S214021CD010B50B46044686B039B9827901682148A8
S214021CE06B460068FFF73CFE6B461F4A1968516355
S214021CF01E4AD2F8FC2062B35A6842B11C4A1D49F9
S214021D00C2F80C115968A2F58052C2F80C119A68F2
S214021D1042B1174A1849C2F8EC109968A2F58052E7
S214021D20C2F8EC101549D868D1F8642122F4EE62A4
S214021D300243C1F86421D1F85C21186922F4EE62EC
S214021D400243C1F85C21A1F5FF4158692839FFF723
S214021D50A3FD0020A2880A4B9A6203F5A0331864FA
S214021D6006B010BDBC590020008001B8001F00B0AC
S214021D70006001B8FFFF0F00FFF8FF0F000002B877
S214021D80004000B84FF48062014BDA67704700BF2C
S214021D90001002B84FF48062034BDA67034B1B78DD
S214021DA00BB1034A93657047002002B8F268002020
S214021DB0008001B840B10368012B05D90069034BC6
S214021DC0002808BF18467047004870470490040071
S214021DD010B590B10468012C0FD902696AB1116876
S214021DE0094B102C196051685960916888BFD268F7
S214021DF0996094BFD960DA6010BD102200210248B3
S214021E00FAF7FCFEF8E700BF84590020084BC1171A
S214021E101A68A2FB000302FB013310F1807043F143
S214021E200003400E40EAC310803820EAE070704794
S214021E30945900200722164B70B5DA66154B164ADF
S214021E401D68164BEC08E005C0184FEA153141F143
S214021E5000010023FAF766FB114B124E18604EF68D
S214021E606020FFF7D3FF4042C6F884000E48FEF714
S214021E70EDFF024658B1E301500818184FEA1571F3
S214021E804FF0000341F10001FAF74CFBF06570BD1C
S214021E90000002B83059002065CD1D00B2E60E00E3
S214021EA094590020001F00B040420F0010B50446AF
S214021EB098B10B4BD3F8FC00FFF78AFF4FF47A7306
S214021EC003FB04F0074BA0F6AC50DA689B6810449C
S214021ED0C01ABDE81040FFF799BF4EF66020F8E73B
S214021EE0001F00B0845900202DE9F8430546084635
S214021EF014461E46FFF76CFF0DB306F0020716F0F7
S214021F0004061ED1DFB14FF47A706B685843002B7B
S214021F1040F08C80FFF77AFF60626B69002B00F05E
S214021F208C804B4AD0684FF47A7202FB0300A0F50D
S214021F3003501038FFF76AFF2062002E57D1BDE823
S214021F40F8832869002868D04FF47A735843404BC8
S214021F50A0F6AC509B68C01AFFF758FFE061A88B4A
S214021F6000285DD04FF47A735843394BA0F6AC5034
S214021F709B68C01AFFF74AFF2061364BE968D3F820
S214021F80008000294FD04FF47A735943304BA1F6A4
S214021F90AC519A685B68891AC91A2F4BC8171A6817
S214021FA0DFF8BC90A2FB011302FB003311F1807133
S214021FB043F10003490E41EAC3118039274B6161A0
S214021FC0DB6EA361D9F8003053B1404615F06FFCC2
S214021FD030B12246D9F800301D49D8F8D8009847C3
S214021FE00021A869FFF762FFA062002F8BD1A868C4
S214021FF030BB47F23050FFF709FFA0604FF47A700B
S2140220002B6858432BB1124B1B6803F51C53103335
S2140220101844FFF7FBFEE06091E74EF660209BE770
S2140220204EF66020A6E74EF66021B6E7084B1B6820
S21402203003F51C53103318446CE747F2305079E727
S2140220404FF47A735843A0F503501038D3E700BF15
S21402205084590020BC59002094590020001F00B06B
S2140220608059002038B5054608461C4615F041FD45
S2140220700246D5F8E400FFF79DFE4368A018002B41
S214022080044AA8BF4FF4FA721A44034B92FBF3F2C7
S214022090104438BD0CFEFFFF18FCFFFF70B5124C53
S2140220A088B001AD0FCC0FC594E8070085E807009D
S2140220B08C2200210D48FAF7A1FDD42200210C48FB
S2140220C0FAF79CFD0B4B0C4A5A6301F04DFA0B4B88
S2140220D01B783BB1044E01AD0FCD0FC695E8070045
S2140220E084E8070008B070BDC41F00B0A01E00B090
S2140220F02C1F00B0001F00B010111111E56800205F
S21402210008B519F0C4FE0E4B1A78A2B90D4A126829
S21402211012F4843F0FD10C4A1021D1671B7863B9A1
S214022120084B1B68DB0508D4074B2022DA67BDE89C
S214022130084019F0A7BE054AEEE7044BF5E700BFD4
S214022140F8680020A0150020002002B8001002B88F
S2140221500A4B197801F0FF0229B1002119700849CB
S2140221609202C1F8B420597801F0FF0229B1002189
S21402217059709302024AC2F8B8307047F3680020DA
S214022180005000B8064BD3F8D80E064B5B6F1A0108
S21402219003D4054B9B6E1B0401D500F58070704777
S2140221A0001000B0000002B8004000B810B519F0E8
S2140221B06EFE0E2104460320FFF7FCF840F20122D1
S2140221C0034B2046BDE81040DA6219F05BBE00BF42
S2140221D0004000B808B519F05AFE4FF00042224BF4
S2140221E0C3F88020BFF34F8FBFF36F8F0122C3F86F
S2140221F08420BFF34F8FBFF36F8F0222C3F8842071
S214022200BFF34F8FBFF36F8F0422C3F88420BFF350
S2140222104F8FBFF36F8F0822C3F88420BFF34F8F10
S214022220BFF36F8F1022C3F88420BFF34F8FBFF324
S2140222306F8F2022C3F88420BFF34F8FBFF36F8FB8
S2140222404022C3F88420BFF34F8FBFF36F8F4FF443
S2140222508072C3F88420BFF34F8FBFF36F8FBDE841
S214022260084019F00FBE00BF00E100E008B519F003
S2140222700EFE4FF00042094B1A6001225A600422F9
S2140222805A6008225A6010225A6020225A6040225F
S2140222905A60BDE8084019F0F5BD00BF00E100E055
S2140222A0012370B5074C2370074B1E68074B32405C
S2140222B0D3E9005319402840FCF7F8FC00232370AA
S2140222C070BD00BFF66800209C590020A0150020B3
S2140222D00022044B1A70044B197811B11A70FFF7DA
S2140222E00FBF7047F7680020F86800202DE9F04716
S2140222F0DDF820A003EA0108099B06460C4602EA1E
S214022300000703EA0A09BAF1000F40F04E81031FE4
S2140223100B4300F00E81052871F1000380F0E48083
S21402232050EA010300F06081431E0B4300F0248153
S214022330FFF750FFAD4AD2E9005323EA040325EA29
S21402234006053D4343EA0807A94BC2E900571E6843
S214022350DFF8F48226EA0A0646EA09061E60FFF756
S214022360CFFE15F02A4F14BF48F202034FF4004383
S214022370A04AB007D26EA04848BF43F4005383EA8F
S214022380020122EA0302C2669C4A0B408166D366B9
S214022390C5F380421203290348BF42F48072EB065B
S2140223A048BF42F40052964BAC0648BF42F4007255
S2140223B06806D3F80C3248BF42F48062290648BF4A
S2140223C042F400628F4882EA030123EA0203C0F85D
S2140223D00C328D4B0A40C7F34024A404C0F80812FE
S2140223E0C3F80C22EA0448BF44F48034AB0348BF67
S2140223F044F48014A80748BF44F4800415F4001F70
S21402240006D0D8F8000015F0A8FC08B944F4002459
S214022410E90248BF44F40034FA0648BF44F4000414
S21402242073077A4B48BF44F004041A6A44F4001453
S21402243084EA020323F0010375491A400A621C402B
S214022440CB61744B16F0010F1C62734B734A18BFB4
S2140224501A46734B7C071B6F48BF42F000627148F6
S21402246082EA030123EA020303676F4B0A404166CE
S2140224701A676E4A05F00103516CA0F5803081EAB6
S214022480030221EA0301416482631A40684B280270
S2140224905A64D8F8002048BF664B92F8F62058BF18
S2140224A0654B690748BF43F4806322B115F4C06FD9
S2140224B018BF43F480733207604A48BF43F00043B4
S2140224C0D2F8EC105E4883EA010222F4A022114000
S2140224D0C0F8EC101340C0F8E0205A4ABDE8F047B6
S2140224E0C2F8EC30FFF7C2BEA0F580630B4306D0FD
S2140224F020F48063A3F500730B437FF419AF19F041
S214022500C6FC3A49D1E9003223EA060322EA04026B
S21402251042EA08023B43C1E900324B4A126892F88B
S214022520F610474A09B313F4C06F1ED04FF48073F7
S21402253011E019F0ACFC2D4AD2E9003123F0040375
S2140225403B4341EA080157EA0807C2E900314FF463
S21402255080633B4A0BD0C2F8E030A2F58052C2F844
S214022560EC30BDE8F04719F08DBC4FF48073C2F82A
S214022570EC30C2F8E030F4E719F089FC1B4AD2E9E5
S214022580003123F001033B4341EA0801C2E900316E
S21402259001232E4A57EA08071BBF9363A2F580520F
S2140225A05364536408BF9363DBE750EA01037FF486
S2140225B0BFAEBAF1010F7FF4BBAE19F068FC0C4A4D
S2140225C0136823F0010343EA090313604FF48063A0
S2140225D0144AB9F1000F04D05366A2F5805213676D
S2140225E0BFE713675366BCE7BDE8F087A015002077
S2140225F09C590020004000B8006000B8005000B8A7
S214022600004001B8006001B8005001B8000002B8EE
S214022610002002B8001002B8041C000304180003CD
S21402262000C001B800E001B800D001B800C000B890
S21402263000D000B80D0A0A09090A0A090040005427
S2140226400060005400500054BC59002000E000B85E
S214022650024B5868C0F3C000704700BFA0150020A8
S214022660024B186800F00100704700BFA01500205A
S214022670024B5868C0F3C030704700BFA015002058
S21402268010B50446FEF700FDFFF7A4FD2046FDF751
S214022690BDF8FEF7A5FCFEF7ABF8FEF71DF9FFF74F
S2140226A0C9FB13490723134AD1F8FC1004F1F800BA
S2140226B0FFF71AFC4FF080710020FEF7E7FB4FF0A1
S2140226C000720D4B4FF400110120C3F80021FEF7F3
S2140226D0DDFBFEF7D7FF20B940F292321421FBF75A
S2140226E0FDF815F06DFABDE810400120FDF766BF53
S2140226F0001F00B0581F00B000D001B88023074A60
S2140227001367082340B11367054AD2F8A03023F0B6
S2140227102003C2F8A0307047024AF4E7001002B85D
S214022720001E00B0002002B810B519F0B0FB01215F
S21402273004460020FFF7E2FF044B1961044B5B6876
S21402274098472046BDE8104019F09CBB000002B82E
S21402275050700020F8B5194C0546207840F2E44245
S214022760B0FA80F03E214009FBF7B8F855B9607818
S21402277040F2E442BDE8F840B0FA80F03E2140095B
S214022780FBF7ACB84FF440660D4F0E4DD7F8B43099
S21402279040F2E442C3F381232370C5F8B460607844
S2140227A03E21B0FA80F04009FBF798F8D7F8B83027
S2140227B0C3F381236370C5F8B860F8BDF3680020E0
S2140227C0004000B8006000B8F8B5084C084D236F0A
S2140227D00423084F2B67236F5B0300D4F8BD04263F
S2140227E002203E6715F069F92E67F4E7000002B88A
S2140227F0001002B8002002B8A82238B51A4B1D6F86
S21402280003F500531A6710229A60A3F5804302F17B
S21402281000521A675A66FFF79BFC144B1B7813B9D3
S2140228200320FEF78BF80024114B9C67FFF7CCFFC2
S214022830104A114BD2F8D81E0B40C2F8D83E0422DA
S2140228400E4B1A670E4BAA06C3F8AC4008D503F522
S2140228508073DB6CB3F5817F22BF8022024B1A6144
S214022860BDE83840FCF7C2BB000002B8F56800209D
S21402287000C001B8001000B0DF0000FF002002B860
S214022880001E00B010B549B930B3164AD3681B0E05
S21402289013F00E0F20D193689A061DD4FFF786FC1C
S2140228A0104C0020FEF72AFE032801D0092805D185
S2140228B0636FDB03F5D4E36D0C2BF2D9FFF784FFCD
S2140228C04FF40072084BDA62012203F5E8335A61CC
S2140228D0042203F580531A674FF4C062034BDA6290
S2140228E010BD00BF000002B8004000B8006001B88A
S2140228F008B503210920FEF75DFD2022014B1A616F
S21402290008BD00BF000002B838B5054619F0BFFA88
S2140229100E4B04461868FDF745F835B1FFF7D8FCAC
S2140229202046BDE8384019F0ADBA094B1B78002B9B
S214022930F6D0084B1D78002DF2D1FFF7C9FC2A46C7
S2140229404FF480400021FFF7ABFCE9E7BC590020BA
S214022950F7680020F66800202DE9F84F5C4B064623
S2140229600D4614461B6F002A40F0AE8013F0A00FEF
S21402297014BF4FF001094FF00009FCF737FBA02304
S2140229804FF0000ADFF868810320C8F87030FDF7C0
S214022990D5FF0420FDF7D2FF4E4FFFF799FC4E4BB2
S2140229A04FF0040B7B67C7F878A0FFF70DFF4B4B81
S2140229B04FF48071D3F8A020494842F02002C3F8B1
S2140229C0A020FF22C8F80820414A1161D0F8D82E6C
S2140229D044491140C0F8D81EC8F870B0C3F8ACA07D
S2140229E07B6913F0060F04D0FEF75CFA5846FDF733
S2140229F0A5FFB9F1000F08D04FF400623A4B1A67F0
S214022A004FF40042A3F5E0339A6666B1374BDB6CAF
S214022A10180701D4FFF7CAFBFFF76AFF0420FDF789
S214022A208DFFFFF795FB2A4B5A69D10747D5DA681F
S214022A3012F0706FFBD12E4B2E4A1A672E4AD36BBA
S214022A4023F0F003D36315B12046FFF75DFF2B4B4F
S214022A50D3F84C315A1C01D05B0002D50122244B1C
S214022A605A6164B3214BDA6E03F500539A6603F596
S214022A70D0331B6A1E4A23F00103D361204BD3F8DE
S214022A800C1203F50053C3F8081203F50053D3F8EB
S214022A90841003F5005399671A4BD3F8EC1003F52C
S214022AA00053C3F8E010184B596C03F500539963B2
S214022AB0164903F5803359664FF60843136700201C
S214022AC0BDE8F84FFCF736BD4FF0000955E700BFEA
S214022AD0000002B800C001B800000101001E00B0EC
S214022AE0001000B0DF0000FF001002B8004000B87F
S214022AF0002002B810003000001F00B00080E00F77
S214022B00004001B80040005400C000B85000002F3A
S214022B109B4B2DE9F04F9F6EDB6E85B01F40994BA5
S214022B209F66994BD3F8E050D3F8EC301D40974B94
S214022B30C3F8E050964BD3F80822D3F80C3202EAD8
S214022B400309944BC3F8089203F52043DA691B6A1B
S214022B5002EA0308904B08F47702DA618F4BD3F847
S214022B600422D20605D4D3F80431C3F30016DB06DA
S214022B7051D519F08CF98A4B5A695E6E1B6F12F0AA
S214022B80060F06EA0306874A26F0007314BF4FF0C4
S214022B90010A4FF0000A23F400637407536604D553
S214022BA0814A137D0133DBB2137519F06BF9002FDE
S214022BB000F0E28017F4004300F0D38019F067F9C2
S214022BC00146FFF7DFFA0446784BD3F800B0DBF88D
S214022BD00020DBF800309A42FBD0DBF800209A4255
S214022BE0FBD0FFF7CFFAA04217D1084619F04AF9F0
S214022BF06F4B1C606F4BD3F870B01BF4E0520ED1D3
S214022C0024F07F4424F0DF040CB9FFF7F5FD4FF003
S214022C10807B002414E0B246C9E70446D7E7019257
S214022C20FFF7EAFD5C4B019A1BF480541A6740F0EA
S214022C309A801BF4806F0CBF4FF0805B4FF0806B66
S214022C40B80715D55B4A5448126F02F46041016713
S214022C50002900F08B80110400F18B8012F4005FD3
S214022C600CBF4FF000524FF0006200244BEA020BFA
S214022C70C7F340377F00504A2A40002A4AD015F44C
S214022C80206F0AD040F6A31206210020FAF726FE8D
S214022C900020FFF739FE25F48025EB0506D5FF2137
S214022CA03D4A4BF4C06B9160FFF780FA15F0090FAE
S214022CB00AD040F6B81208210020FAF70FFEFFF7F6
S214022CC017FE0121304A116315F0106F0CD040F642
S214022CD0C11209210020FAF701FEFFF709FE0022C1
S214022CE011461046FCF736FE15F4202F0AD040F6A1
S214022CF0C91207210020FAF7F1FD0020FFF704FEB3
S214022D0025F48025E80301D5FCF768FF002DB8BF3F
S214022D1047F0080769070DD51B4AD26A12F4005F0E
S214022D204FF4005217BF19492449CA624BF4000BEC
S214022D3008BFCA626A0548BF4BF0040B15F480232D
S214022D40019300F0A480FCF701FF0138062837D86B
S214022D50DFE810F028012B0128012E013101340191
S214022D6034019B4655E74FF0804B52E74FF0007216
S214022D707BE74FF0004278E7BB463C467BE700BF66
S214022D80004000B8006000B80040005400600054E4
S214022D90004001B8006001B8002002B800E100E07F
S214022DA000C001B800E001B8A0590020988F0400C6
S214022DB098590020000002B8090B0B8900500054F5
S214022DC040F6FA1203210020FAF788FD0121854811
S214022DD0826ED0F8883002F00702063201FA02F25A
S214022DE0C3F30C0CA2EB0C0292B2072A12D97E4A4B
S214022DF0126F53020ED47D4B826B806D5B6D5BB19E
S214022E0002F0070206329140C0F30C00091A89B29A
S214022E10072901D84BF4007B754A1278002A36D06F
S214022E20704AD2F8E02012F4A02F30D1714A7249CB
S214022E3012789AB9F20411D40A787AB14FEADB0210
S214022E406E4842EA447282F00102D0F8D80E02F0CE
S214022E500102520020FA02F2930718D10420FDF76D
S214022E606DFD674A67485067FFF732FA62490A788B
S214022E704AB9654A127832B1644A654912680BEA61
S214022E8002020A4201D14BF4804B26F48056B9F175
S214022E90000F1DD019F4805F18BF4BF4802B19F475
S214022EA0807F18BF4BF4002B19F4005F18BF4BF05D
S214022EB0100B19F4007F18BF4BF0200B19F4806F2B
S214022EC018BF4BF0400B19F4006F18BF4BF0800B85
S214022ED0B8F1000F48D018F4001F0AD04D4A136804
S214022EE03BB1414A4C48116F00680022C1F3C061F1
S214022EF0984718F4802F18BF44F4007418F4803FE3
S214022F0018BF4BF4805B18F4801F18BF4BF4003BCD
S214022F1018F4800F18BF4BF0020B18F4003F18BFCE
S214022F204BF4801B18F4000F18BF44F0100418F47A
S214022F30002F19D0394AD2F8A02012F0C00F13D0B1
S214022F402949CA68C2F30362032A01D0072A05D1B7
S214022F504A6FD00602D48A6F120732D54FF4002188
S214022F602F4A28F40028D161002E00F01B81330579
S214022F7040F18F802B48DFF88890C2782A49002AD1
S214022F8058D04FF40063013AD2B24B66C27032B9DF
S214022F90264A1278C2B140F60141254A51670022FC
S214022FA0002173E04BF4803B10E74BF4006B0DE717
S214022FB04BF4806B0AE74BF4807B07E74BF0080B79
S214022FC004E74BF4001BCFE7D9F8782012F4A05F91
S214022FD015BF4FF4807240F60142C9F85820C9F86E
S214022FE07820DCE700400054000002B8004000B839
S214022FF0F8680020F7680020FA680020001000B089
S21402300000C001B800000101F9680020A0150020E8
S214023010088D0100D0580020BC590020001E00B0C8
S214023020002002B8E968002000E001B8F568002038
S21402303000D001B80320FDF781FCD9F81420A84B74
S21402304012F0060F04BF41F61F72A649A64808BF33
S2140230504A674FF40061A34A5166D9F8142012F069
S214023060060208BFC9F878205A8A12F4006162D0B4
S21402307022F400625A82027802F0FF09002A5ED128
S214023080FDF710FFFFF7B8FB4A4620214BEA020B7A
S2140230900C43B00009D52E20FDF79EFB4FF00051E1
S2140230A0904A44F0080411675166F10606D52B20B3
S2140230B0FDF792FB10218B4A1167516616F0306FAE
S2140230C005D1F20463D5BAF1000F00F0C0803301D7
S2140230D017D52920FDF780FB844A526C12B11021C5
S2140230E0834A9160FFF7B4FA48B1824A82487D4922
S2140230F04A66026700F54050C068400422D444F095
S214023100040416F0007A28D00420FDF717FC2720C6
S214023110FDF762FBFFF770FB4FF00071714A5166D4
S214023120764AD2F8D82E520679D40221704A916095
S21402313044F0020428E002784FF40052A6E74FF467
S21402314000422DE70A6720204A66FDF745FB2D2040
S21402315044F00C04FDF740FBD3E716F0807FDFF85F
S2140231608C9147D00420FDF7E9FB2820FDF734FBBD
S214023170D9F87820002A3AD1FFF73EFB594A5D4932
S21402318044F00104116751660021584A91657205A0
S21402319008D55B498A78002A00F0D880013A8A70FE
S2140231A000221743574AD2F8A020130603D55846E2
S2140231B02146FCF7C7F93A4658462146FFF770F80B
S2140231C0019B0BB1FCF7F8FC01224F4B05F00435CE
S2140231D0C3F8E0504D4B18F4002FC3F884211EBFED
S2140231E04FF40022424BDA6105B0BDE8F08FC9F811
S2140231F078A0C3E7F104C7D50420FDF79FFB444A35
S214023200C9F87420FDF74EFED9F8642012F0407F0C
S214023210BAD12A20FDF7E0FAFFF7EEFA80E7394A3C
S214023220D2F8A0108B0683D402203A4988603A4925
S214023230096891F82510C8077FF57AAF92F8C4207E
S214023240002A3FF475AF8021344A116170E7344A90
S2140232501268013202D04BF0010B98E728490A792E
S21402326052B1013AD2B20A7112B9234A2D495167B4
S21402327000224BEA020B8AE70420FDF75FFB0320DD
S214023280FDF75CFB194A2249516718F000FE814699
S2140232900DF10F00FEF732F9234A824612780AB180
S2140232A0FEF784FFBAF1030F0ED1DFF870A00020FC
S2140232B0FEF724F9032807D1DAF87420D103F6D4EE
S2140232C0DAF85C200C2AF2D99DF80F20032A2FD1B7
S2140232D00121164A4846117018F0D4FDC8E700BF0F
S2140232E0A059002000E001B8F568002000C001B82F
S2140232F0002002B81000002000D001B8001000B074
S214023300E9680020001E00B00060005400E100E002
S21402331000000101001002B8BC590020000002B8EB
S214023320587000200000010DFB680020F76800209E
S214023330094AD2F8E02012F4A02FC9D1FEF7C8FF3E
S214023340484618F09FFD4FF4804292E70220FDF7B0
S214023350F5FA012225E700BF004000540122024B85
S2140233601A62DA61704700BF002002B80D4B10B532
S214023370DC691A6A14400C4A24F47F01D161E20720
S21402338006D5D9684FF0FF30C1F3036114F022FC72
S214023390630706D5BDE81040042200200021FEF790
S2140233A07FBF10BD000002B8002002B80C4A08B564
S2140233B0936B526C13400B4A9363DB070FD50A4B91
S2140233C040F663421878122100F00100FAF786FAF6
S2140233D0BDE80840002201200021FEF761BF08BDBB
S2140233E000C000B800E000B8A0150020054AD2F8D8
S2140233F08430DB07FBD4936FD2F884201340024A52
S21402340093677047008001B800A001B870B51446F3
S2140234100D4618F03CFD064BD3F8A06074402C40D5
S2140234207440C3F8A04018F02DFD06EA050070BDF2
S214023430001E00B0034BD3F8A03099430CBF012006
S21402344000207047001E00B02DE9F04117460A43DF
S214023450012A1D469DF818409DF81C60DDF8208064
S21402346029D8B44227D2082E25D8032B23D8B8F160
S214023470000F20D00A460021FBF71CFDFF21EB00BF
S2140234809940C943DFF834C008F1FF38FF00E2B2C2
S214023490964202D80020BDE8F0813D190CEB850566
S2140234A0D5F8E02018F8010F0A4098401043C5F8F6
S2140234B0E0000134EBE72120EDE700BF001E00B07C
S2140234C0034B1868034B002808BF1846704700BF16
S2140234D0B8590020E8B004002DE9F843DFF8609000
S2140234E00646D9F8008008461746B8F1000F03D002
S2140234F00E242046BDE8F88306B3336801331DD197
S214023500E1B1FAF70DF805460028F1D0C9F8000037
S214023510FAF72CF8284613F071FE044640B14046EE
S214023520C9F80080FAF722F8284613F062FEE0E7B0
S2140235303560002FDDD02846B847DAE72124D8E7E1
S214023540BC590020024B1868003818BF012070478B
S214023550BC590020002108B5024B08465B68984714
S214023560002008BD507000200523064AA2F84A3003
S21402357092F8493003F0010363F0730382F849308E
S214023580704700BF001F00B00023F0B585B0CDE93C
S21402359001330393124B134D1B78134E8DF80430F0
S2140235A018F082FC2A78337804469A420F4F0CD0E1
S2140235B03178386801AA297014F041FB50B140F600
S2140235C008210B4818F065FD04E0386814F017FB74
S2140235D00128EDD0204618F062FC05B0F0BD00BF11
S2140235E0397300206A7300206B730020D8590020BC
S2140235F022650400F8B52B4B1B7823B140F6FC314C
S214023600294818F046FD18F04FFC284B07461C8840
S21402361014F0060409D001214FF4807017F09EFCC6
S2140236203846BDE8F84018F03ABC21464FF48070A0
S21402363017F094FC204600F09DFF022808D1802255
S2140236401B4B8021186813F0A3FEFFF79DFFE7E7E8
S214023650204600F08FFF054638B1012807D040F615
S2140236603141114818F015FDDAE70246E8E7FF2275
S2140236700F4E104B30681A70FFF76CFF306814F06C
S214023680BEFA0128CCD02A462946306814F0B9FA88
S21402369021462C2017F08EFC21460A2017F08AFCC1
S2140236A0BEE700BF016900202265040032610020E7
S2140236B0D85900206A7300200021014818F094BAF5
S2140236C0D07000207F2837B5044610D14FF6FF731E
S2140236D0022217480DF10601ADF80630EAF7D6FECB
S2140236E0BDF80640E2054CBF6FF04A0464B218F01B
S2140236F0DBFB104B05461C700F4B1B88DB0710D5F7
S2140237000E4B1B78002B0E4B0CBF21466FF07F0131
S214023710186813F062FE20B140F67861094818F086
S214023720B8FC284603B0BDE8304018F0B8BB00BF6E
S214023730641002C062730020326100200269002019
S214023740D85900202265040010B50FF0ACFA60B11B
S2140237500FF0ABFA0B4A80B141F20D03BDE8104000
S21402376041F20D01074817F04BBD074B1A781B793B
S2140237709A4204D100220023F0E70D23EEE7034A23
S214023780F9E700BF400D030039730020488D0100A1
S214023790F8B5164E0D46337802F0010423B140F216
S2140237A0C531134818F075FC124B134F1D60134DAC
S2140237B0A4B1134B997801B10121202017F0CEFB5A
S2140237C02B783B700F4B1C780F4B00211C70042388
S2140237D033700E48BDE8F84018F006BA214620209D
S2140237E017F0BCFB2B783B70EEE700BF01690020A8
S2140237F022650400C8590020FE6800206C73002071
S214023800CC590020FF68002000690020D0700020FC
S2140238102DE9F84318F048FBDFF8A0810546B8F812
S2140238200030614C13F4807F03D0237873BBFFF71C
S214023830E1FE0021084617F0BDFB5C4B1A78FF2A12
S21402384013D01A7802F0FF0632BBFF221A702378D2
S214023850052B0AD100232846237018F020FB304699
S21402386014F07DFA18F020FB05462378504E062BFE
S21402387009D13378FF2B06D03378022B15D10021DD
S2140238804C4818F0B1F9FF2333702BE000214FF4B7
S214023890807017F063FBCCE71A78012A4FF0FF021C
S2140238A014BF33264C261A70D4E7337813B1337814
S2140238B0012B22D117F0F2FB07463E4896F80090FD
S2140238C001F0CEFBFF235FFA89F9337077B1B9F1C5
S2140238D0010F44D16421374884F8009018F084F927
S2140238E0FFF752FE284618F0DAFA06E02846277056
S2140238F018F0D5FA384614F032FAB8F800301B063B
S21402390005D50021802017F029FB12F03BFD01F0BF
S214023910E3FA294E308000B32778012F42D118F0FF
S21402392077F8054610B3013018F091FC00F44060B9
S214023930B0F5006F1AD104223946284617F0A8FFC0
S214023940284418F084FC4FF6FF7398420ED10020EC
S214023950318800F0F1FC00233380BDE8F8830023B1
S2140239602846237018F09BFA3F20C4E7114801F05E
S21402397077FB002108462170012500F08FFC237892
S2140239800BB9FFF737FE0020318800F0D5FC002384
S2140239903380002DE1D020780028DED1BDE8F84340
S2140239A014F015BB0025EAE70169002069730020C0
S2140239B068730020D0700020306100203261002041
S2140239C008B513460A461946064B186813F092FDC8
S2140239D030B1BDE8084040F2F441034818F059BB44
S2140239E008BD00BFD85900202265040008B513465A
S2140239F00A461946064B186813F076FD30B1BDE844
S214023A00084040F2FB41034818F043BB08BD00BF24
S214023A10D859002022650400024B1878431E5842EB
S214023A20584170470169002008B5064B1B7823B140
S214023A3040F22551044818F02CFBFFF7DBFD00206E
S214023A4008BD00BF016900202265040008B5054BC9
S214023A5001EB81011868490013F0C1FC002818BF69
S214023A60212008BDD859002008B5044B1868F9F77C
S214023A700FFF0A2390FBF3F040B208BDD85900208E
S214023A80014B1878704700BF6B73002008B5044BD3
S214023A90186813F00FFCB0FA80F0400908BD00BFAA
S214023AA0D859002038B5124D0C462B78012B04D974
S214023AB040F246510F4818F0ECFA21460020FFF774
S214023AC0E5FF90B10C4B1C702B785BB9FFF792FDAB
S214023AD00A4B93F900100A4BC901186813F053FCFD
S214023AE0002038BDFFF750FDF2E72120F9E700BFBE
S214023AF001690020226504006B7300200369002020
S214023B00D859002008B5074B186813F0D1FB30B11E
S214023B10054BB3FBF0F083B20BB1184608BD01208B
S214023B20FCE700BFD859002040420F002DE9F347BA
S214023B305C4E012018F0AAFA3388990704D440F69E
S214023B403F41594818F0A5FADFF8808198F800300E
S214023B50053B012B04D940F64141534818F099FA27
S214023B60524F3B6823B940F644414F4818F091FA49
S214023B70348814F0200478D00121222017F01AFA93
S214023B804FF47A74FFF7BEFF3B681B780933434352
S214023B9004EBC30498F80030A5B2062B0BD117F03D
S214023BA045FE0446FFF7AEFF602358430C2303FB93
S214023BB00400284485B2D7F800903D4B99F800805F
S214023BC01C7808F1FF381FFA88F8002C52D1338887
S214023BD05A0505D409F1010018F039FBC0F3401468
S214023BE03449354A887812784B7812FB00F2334F04
S214023BF093423B70A4BF9B1A3B703B78CA78BD6069
S214023C00934238BF13463B700FF055F8002833D066
S214023C100FF04FF8012814BF10250825254300236E
S214023C20DFF8ACA00093802243464946DAF800004B
S214023C3013F007FC20B14FF43B611B4818F029FA39
S214023C401F4BDAF8000019781E4B197033889B0652
S214023C5014D52A461C4B009713F0EFFFC0B900207C
S214023C6002B0BDE8F04718F011BA2146222017F03C
S214023C70A1F987E70024B3E72546D0E72A460F4B8B
S214023C8013F0D9FF014618B9252017F093F9E6E795
S214023C902146262017F08EF940F6F431024818F035
S214023CA0F8F9DCE73261002022650400C8590020DA
S214023CB00469002039730020FE680020807000200E
S214023CC06B7300206A730020CC5900200169002023
S214023CD0D8590020184B10B51B889B0704D440F611
S214023CE0A661164818F0D5F9154B1B78053B012B33
S214023CF004D940F6A761114818F0CBF9114B1B689E
S214023D0023B940F6A9610D4818F0C3F900240E4BFA
S214023D100E4921201C7017F04DF9014618B9BDE86E
S214023D201040FFF703BF022804D12046BDE810402A
S214023D3017F0D6B910BD00BF32610020226504001C
S214023D4001690020C8590020FC680020ED3E0200F0
S214023D50F8B55A4C23889A0704D54FF43E71584852
S214023D6018F097F9574801F07BF918F09DF8238868
S214023D7005465B070DD54FF0FF3013F0A9FB524BFB
S214023D801B68C01AB0F5717F03D90021042017F012
S214023D90E5F828464D4D18F082F82B78042B32D1E0
S214023DA018F082F8238806465F0708D545480021A2
S214023DB017F01AFF3046BDE8F84018F070B818F051
S214023DC06EF818F071F8424B06461B78414F13B94D
S214023DD0238859050FD50523012102202B7017F0E1
S214023DE0BDF8FFF777FF304618F059F83B68DA78E7
S214023DF0394B1A70F8BD3868013018F028FA820676
S214023E00E9D50623E8E7062B4DD1344B1B78FF2B6A
S214023E10F0D1334E0EF051FF3378002B3DD018F020
S214023E2043F8238805465B0705D52648002117F088
S214023E30DBFE2846BFE718F032F83378013B3370D2
S214023E4018F032F804460121022017F087F8FFF72F
S214023E5041FF20461F4C18F022F82068013018F067
S214023E60F6F900F44060B0F5006F13D12468012122
S214023E700422204617F00CFD204418F0E8F901460B
S214023E80184B04201A783378D21AD2B2BDE8F8401A
S214023E9018F0A6B94FF6FF71F2E740202B70BDE886
S214023EA0F84013F05CBF012BA4D100232B700E4BFD
S214023EB01868FFF74FFB3F20F1E700BF3261002092
S214023EC022650400D0700020C45900200169002039
S214023ED004690020C8590020FD680020687300208D
S214023EE0FE6800206C730020D859002008B50A4BE3
S214023EF01A7882B9012210281A7004D040F69D6101
S214023F00064818F0C6F80021202017F027F8BDE86A
S214023F100840FFF70BBE08BDFC68002022650400BF
S214023F2008B5094B1B88DB0604D440F2C351074888
S214023F3018F0AFF81020002117F010F8044B18689C
S214023F40BDE8084013F070BE32610020226504000E
S214023F50D8590020012208B5074B1146186813F0FD
S214023F6050FE00212C2017F025F8BDE8084000215D
S214023F700A2017F01FB800BFD8590020014B40088E
S214023F80185C70476473002008B513460A46194643
S214023F90064B186813F0B4FA30B1BDE8084040F694
S214023FA0E941034818F075B808BD00BFD85900208B
S214023FB02265040008B5044B186813F020FE013889
S214023FC018BF012008BD00BFD859002070B50546AD
S214023FD017F06AFF0E4B0F4E1B880446DA07357041
S214023FE008D50D4B0D4D1B78012B08D901212868E9
S214023FF013F0AFFE2046BDE8704017F050BF1BB16D
S2140240000EF04FFEC305F1D4317881F00101EEE7E0
S214024010326100206373002002690020D859002014
S2140240200C4B10B51B880446DB0711D5FFF78CFB3B
S214024030094B84F0010208211868D20013F0A8F98F
S21402404030B1BDE8104040F63671044818F021B889
S21402405010BD00BF32610020D8590020226504003E
S21402406008B5044B0146186813F055FA003818BF15
S214024070012008BDD859002010B50A4C23787BB120
S214024080FFF768FF0021042016F068FF00210220D7
S21402409016F064FF00232370BDE81040FFF7AABAAB
S2140240A010BD00BF0169002038B5094800F0E8FCE1
S2140240B00024084D95F84430E0B2834200D838BD5B
S2140240C005EBC000043000F0DBFC0134F2E700BF71
S2140240D07C5A0020DC59002008B5104602494822C6
S2140240E0F8F71CFF002008BD345A002008B5054822
S2140240F018F03FF9014620B9BDE80840014817F01C
S21402410073BD08BDF0700020002238B51C4B154662
S2140241101C461A700132082A5D609D8043F8085FCB
S214024120F8D1482200211748F8F768FD4FF6FE73CB
S214024130A4F868306FF48033E365134B00211A88C5
S214024140124B1868F8F75AFD114BC4E91255C4E928
S214024150283584F8445084F85050656584F8A85091
S214024160E9F7FEFCFF220B4B012118700A4B0020D8
S2140241701A70E0F789FC0020FFF7B8FF002038BD70
S214024180DC590020345A0020DC720020B06F002078
S2140241900000FFFF056900204B69002010B5AC2423
S2140241A0084B04FB0030836C53B990F850403CB97E
S2140241B031B1C0E912122046FFF798FF204610BD23
S2140241C02120FCE7DC590020AC2370B503FB00F588
S2140241D0094E731993F850405CB920460BF022FF43
S2140241E0735D204643F002037355FFF77FFF2046B8
S2140241F070BD0120FCE700BFDC590020AC23584309
S214024200024A135C23F0030313547047DC59002060
S21402421070B516461F4A04461278C2BBAC211E4D24
S21402422001FB00518A6C92BB91F850203AB1022BE6
S2140242302DD191F84410072907D91C2026E091F8C1
S21402424044100729F9D8012B08D0AC2000FB0450F3
S214024250CA00011D0C30F8F723FD0021AC2303FB36
S21402426004F000249DF8143000EBC1012944CB7100
S214024270049B8E808B602B1893F8442020460132D4
S2140242808C7183F84420FFF731FF204670BD012071
S214024290FCE700BF04690020DC590020F8B5234B78
S2140242A004461B780F46002B3ED1AC23204D03FB61
S2140242B00053B3F8A03023B940F245311D4817F039
S2140242C0E8FEAC2202FB0452D2F8A46036B192F8A1
S2140242D0A33039460020B2F8A020B047AC23002114
S2140242E06343EA18A2F8A010C2F8A410482192F874
S2140242F0A82001FB02322A44D2F89820964213D014
S214024300EB5C9B070CD5AC226243AB5C204623F0E9
S214024310020343F00103AB54BDE8F840FFF7E6BEE4
S2140243200BF0A2FE0028EED1F8BD00BF0469002003
S214024330DC590020796504002DE9F04F89B005901C
S21402434008460D4617F064FB044618B9212009B04A
S214024350BDE8F08F284617F077FBC0B20838215C1C
S214024360221892F802A00491D17852682778039214
S2140243700022B4F80130ADF81E20434A029192F8AA
S21402438000B0BBF1000F08D0404B1B681BB12046A3
S2140243904FFA8AF298470020D9E703F00703022B68
S2140243A070D0013409225946204617F071FA023FAE
S2140243B03F1A3B0606465FFA87F8C7D4344FD7F84B
S2140243C09090B9F1000F27D100210DF11E0B434644
S2140243D022460846CDF800B00BF05CFDC3B2054697
S2140243E0002B4BD1BDF81E0013F0FDFCE0B9BDF862
S2140243F01E0013F0E1FD8146BDF81E0013F0F3FC2B
S214024400F0B906EB080201232146584692B200F0A4
S2140244107BFDD0B119209AE75B465A460121284611
S214024420C8470028D0D191E7D7F89430BDF81E00CF
S214024430002BDCD0A11998470028D8D1022086E7A5
S21402444042464846A119F8F769FDBDF81E0017F066
S214024450DFFA029B059A0372049B80F809A0837216
S214024460039B1BBAC360AC2303FB027393F8502072
S214024470BDF81E0022B1DB6C03B19847E8B266E7CE
S214024480BB6FF9E7012062E704690020C0590020EB
S214024490DC5900202DE9F84308460F46164602F17D
S2140244A0010913F08EFD8046384613F095FC042869
S2140244B056D1384613F0B4FC48F661054FF6FF7243
S2140244C048F64103294C904208BF1D46B4F85C10DA
S2140244D0301D17F0BEFE384613F0A2FC0146B01D92
S2140244E017F0B7FEB4F85E1006F1080017F0B1FE3A
S2140244F006F10A04384615F027FA10B145F0100501
S214024500ADB22946484617F0A4FE384613F054FDCD
S214024510424601462046F8F701FD3846012117F0CB
S214024520AFFA4444074660B117F08EFA054638469D
S21402453017F06EFAEDB201462A462046F8F7EEFC70
S2140245402C440B4AA41B13780134591C1170F370C7
S21402455034703046BDE8F8430922012117F098B9B5
S214024560484617F074FE4C460546C3E7DC59002061
S21402457005690020AC2210B548245043094B1A188E
S21402458092F8A81004FB0100034493F8770002286F
S21402459006D092F850301BB9032818BF012010BD70
S2140245A00020FCE7DC59002070B508B1012070BD80
S2140245B0234C94F8A850002DF8D12946B4F85C2074
S2140245C0FFF714FA29462846B4F85E20FFF7F8F9F2
S2140245D02946284604F16002FFF7D6FC94F87730A5
S2140245E0002BE3D0284694F85860FFF749FA864233
S2140245F015D1002094F95A50FFF736FA854216D1A3
S2140246000020FFF7B7FF0446002017F0F7F800284F
S214024610CDD02146BDE870400020FFF705BA2846F7
S21402462094F85810FFF73EFA0028E2D0BFE70020C1
S21402463094F95A10FFF70AFA0028E1D0B7E700BF4C
S214024640DC5900200346AC2010B51446164A00FB7F
S214024650032292F8770002280CD1E07F022809D1C3
S21402466041B112490978012913D992F858102278D3
S21402467091420ED118462178FFF708FA90B14822E7
S21402468021460B48F8F74AFC002017F0B7F808B99D
S214024690002010BD044B93F8A8000028F8D1FFF7BD
S2140246A083FFF5E72120F4E7DC590020426800206A
S2140246B0345A002038B5AC230D4C054603FB0043A4
S2140246C000205A6DD86483F8500012B15865FFF77F
S2140246D027FCF5F75FFBFF281EBFAC2303FB054450
S2140246E084F8A8000020FFF75FFF002038BD00BF57
S2140246F0DC5900207FB51D4C94F8A83023B1002069
S21402470084F8A800FFF750FF94F85A30B4F8A06077
S2140247108DF80F3026B940F2FD21154817F0B9FC86
S214024720144B31461D6800202A46FFF7B3FEE46F9D
S21402473002469CB10DF10F03019300232946304631
S2140247400093A04702462C7854B920462146FFF72C
S214024750A5FD2046FFF7CAFC04B070BD0122F2E7B1
S21402476029460020FFF714F8F6E700BFDC590020C0
S21402477079650400B06F002038B5494B1C78002CD0
S21402478058D1484800F06CFC204617F037F800284D
S21402479050D0454C2378D90733D594F850201AB117
S2140247A023F00303237045E023F0010323700BF08C
S2140247B043FC237805469A0701D50BF033FC2946BD
S2140247C000200BF049FA40B92378284643F001034B
S2140247D02370BDE838400BF025BC0023482284F83D
S2140247E0A33094F8A83084F8A25002FB0343D3F80F
S2140247F09830A4F8A000C4F8A430BDE83840FFF70B
S21402480079BF94F84400B0B104F1A003251D95E8E1
S214024810030083E80300FFF76DFF94F84420284660
S214024820D20004F10C01F8F73BFA94F84430013B4D
S21402483084F8443038BDA26C62B99B0711D5237840
S214024840002023F0020343F001032370BDE8384042
S214024850FFF74CBC0123A06484F8503090472378BD
S2140248609EE70BF001FC0028E9D194F8A83073B15A
S214024870F5F790FA94F85030002BDBD1FF2818BFDA
S21402488084F8A800BDE838400020FFF78DBED4F8B3
S2140248908C30002BECD098470028CBD1E8E700BF3D
S2140248A004690020F0700020DC59002070B5044630
S2140248B0002016F0A3FFAC235C430B4E351995F887
S2140248C050300BB1002070BD0028FBD0074817F00F
S2140248D050FD0028F6D1335D002BF3D195F8440045
S2140248E0B0FA80F04009EEE7DC590020F0700020B4
S2140248F010B5084A034613F072FB14684FF6FF72AF
S21402490003EB40039C42184603D9018802339142C6
S214024910F8D010BD985A00202DE9F047204F0546E2
S2140249203B88A3B3B0F90230002B30DBDFF87C8083
S2140249301C49D8F80000F8F7B7FB20B94FF4EA7123
S214024940194817F0A6FB0026DFF85CA0DFF8609097
S2140249503A88B3B29A4204D84FF4EB71504617F035
S21402496098FBD9F80030B2B253F83200D8F80010EB
S21402497003EBC20468B943F83210A3882846013311
S214024980A38013F02CFBE38803EB4003E380BDE82F
S214024990F087F8F789FB01360028D9D1EDE700BF8A
S2140249A03461002046650400506504001071002042
S2140249B08C5A002038B5094C094D22682B689A4259
S2140249C004D94FF48771074817F063FB28682368F9
S2140249D0C01A20F0010080B238BD00BF985A0020ED
S2140249E0A05A00205065040038B5124C124D2146DC
S2140249F02846F5F77DF823680BB12B681BB9DE2134
S214024A000E4817F046FB2A680D4B0E491A602368BB
S214024A1023F0010313440B600B4B1A602AB9BDE85E
S214024A203840F821054817F034BBFFF7C3FF642867
S214024A30F5D938BD905A0020945A002050650400DB
S214024A409C5A0020A05A0020985A002038B5094CDB
S214024A50094D22682B689A4204D34FF48A7107489C
S214024A6017F017FB28682368C01A20F0010080B2EE
S214024A7038BD00BF9C5A0020A05A00205065040092
S214024A802DE9F0411D4B04461B78012B24D10088EA
S214024A9016F0A0FF0546D8B10426DFF864802C463F
S214024AA017F002FA07462046FFF736FF638843EA06
S214024AB008036380A05B16F08DFF0446384617F0A5
S214024AC0EEF91CB1B4F90230002BE9DA062E01D158
S214024AD0BDE8F0810626E2E7022BF9D117F0E4F9E9
S214024AE00246208816F076FF18B10388C3F30E0339
S214024AF023801046BDE8F04117F0D1B906690020C0
S214024B000080FFFF2DE9F04F0024BA4B97B006460F
S214024B101C8017F0C9F90123DFF8EC82B64F3B7010
S214024B20B8F80030A8F80040ADF81630B34B1B6852
S214024B30019317F0B4F9B24B21461A88B14BD20052
S214024B401868F8F75BF80DF11600FFF799FF002ECC
S214024B503CD1DFF8B8924FF0000B0125D9F800409F
S214024B60019B9C4239D3BBF1000F39D1002DF2D004
S214024B70D9F80040DFF898A225462246019B9A42C1
S214024B8073D302230DF116003B70FFF779FF002E58
S214024B9040F08F80D9F800603246AA4280F0A280A8
S214024BA0908816F017FF18B10388C3F30E0393809C
S214024BB0D08816F00FFF18B10388C3F30E03D38014
S214024BC01046FFF795FE0246E7E79847E3B256F827
S214024BD023300134002BF8D1BBE7BBF1000F3ED0E7
S214024BE00BF1FF335FFA83FB16AB03EB8B0252F833
S214024BF0402CB2F9020051880028B1DA4B04AFD437
S214024C00924641F48040931D2AF8020F02933AF826
S214024C10020F16F0DFFEF0B1B0F902E0B0F802C003
S214024C20BEF1000F17DB6FEA4C4C6FEA5C4CA0F843
S214024C3002C00390FFF770FEBBF10F0F8FBF002577
S214024C4016AB039A03EB8B009EBF0BF1010340F8F1
S214024C50402C5FFA83FB029B9A45D8D180E7204618
S214024C60FFF746FE22460446C3E7104613F0B7F99E
S214024C708346B2F90200118800280AEA010108DA1E
S214024C80204616F09DFE084381B204EB4B0402EB6D
S214024C904B0510461180FFF72BFE02466EE798473B
S214024CA05FFA8AF356F823300AF1010A002BF6D18E
S214024CB070E74FF0000AF3E73046FFF719FE824628
S214024CC07EB1B6F902307188002B0ADA3088C0F35A
S214024CD00E0016F07FFE864203462DD1C1F30D016B
S214024CE071805646AE42E7D3DFF81CA117F0DCF817
S214024CF000210646504613F0C3F916F06BFE054631
S214024D00002800F08780304617F0C9F8284613F0CE
S214024D1066F90646204616F053FE8146760032466F
S214024D2029462046F7F7BCFF002249460DF1160039
S214024D3017F0F7FA3444D9E71BD9304613F04FF987
S214024D40C1F30D01420071801846314692B2F7F760
S214024D50A7FFC6E75046FFF7CBFDD146854203D9EB
S214024D60B0F90230002B01DA824603E0FFF7C0FDFD
S214024D70F4E7B146554507D9BAF80000C0F30E006D
S214024D8016F028FE8245E5D3B9F1000F30D0B9F807
S214024D900000C0F30E0016F01DFE034638B9334677
S214024DA0CB46994513D8B1459BD0D946ECE7484641
S214024DB013F015F9B9F802204946C2F30D02A9F814
S214024DC00220420092B21846F7F76AFFE7E7184653
S214024DD00193FFF78DFD019B9B46854203D9B0F9EF
S214024DE00230002B01DA0346DBE7FFF781FDF4E72A
S214024DF0CB46DAE73661002006690020985A002082
S214024E00346100208C5A0020386100209C5A002011
S214024E100080FFFFBDF816303870A8F80030044B4B
S214024E2030461C6017F03BF817B0BDE8F08F00BFA5
S214024E30985A00202DE9F041054616F0CBFD0F46A4
S214024E400446D8B117F057FA20B940F2FB41204881
S214024E5017F01FF9284616F0F7FD05462046FFF71D
S214024E6047FDBD42064609D004D840F20351184811
S214024E7017F00FF92588ED0B02D02781BDE8F081E7
S214024E806780204613F0ABF8074604EB400817F09D
S214024E900BF8104B1A68B2420AD1C3F8008016F01B
S214024EA0FEFF2A464046BDE8F041FF21F7F7A6BEC0
S214024EB0A6EB0806B5B216F0F2FF072DF1D90023CD
S214024EC0083D44F81730C8F80430A8F80250D5E771
S214024ED050650400985A002038B516F0E5FF002108
S214024EE00546044813F0CCF80446284616F0D7FFC9
S214024EF0204638BD38610020024B1888B0FA80F090
S214024F0040097047386100202DE9F74F04460088B3
S214024F101F4616F05FFD88461546064617F0EBF963
S214024F2020B940F2FE613F4817F0B3F83388DB0B36
S214024F30009306D033892B443381002003B0BDE8AA
S214024F40F08F208816F080FD82463046FFF7D0FCB0
S214024F50019016F0A9FFDFF8D0B0019BDBF8002025
S214024F6081469A421DD1FFF725FDA84204D2484643
S214024F7016F095FF1A20E1E70AEB050373803FB1AE
S214024F80208816F045FD2A4641465044F7F7C6FFEC
S214024F903046FFF7ADFCCBF80000484616F07FFF20
S214024FA0CBE716F07CFF208816F04EFD28440099C9
S214024FB080B216F0A1FD06460028DBD016F028FDCA
S214024FC08146208816F024FD8246208816F03CFD95
S214024FD0514602464846F7F7A1FF3046AFB116F0F3
S214024FE017FD0746208816F02FFD2A46414638440C
S214024FF0F7F794FF0121208816F042FD01210246B0
S214025000304616F051FD268097E716F001FD8046E1
S214025010208816F019FD2A4639464044F7F7EEFD79
S214025020E8E700BF50650400985A00203421014882
S21402503017F02FB864650400036910B55BB1826887
S214025040064B9A4201D1002010BD446917F01AF8A7
S214025050201AF9D5F7E74FF0FF30F5E72D5002009A
S21402506082681C4B70B59A420446056819D116F040
S2140250701BFF236923B1A34206D100222A601A61CC
S214025080BDE8704016F00BBF1A4611461269A242DE
S214025090FBD12A68A24208BF29600B610023236164
S2140250A0EEE7036993B198426E6803D19D210A48E0
S2140250B016F0EFFF2B46B44209D122699D4218BF73
S2140250C01A614FF0000308BF6A60236170BD334661
S2140250D03669F0E72D500200646504002DE9F047BA
S2140250E0074600254FF0010A154EDFF858808AB0B1
S2140250F0347914B90AB0BDE8F087D6F8009087B9BB
S21402510000972A46B8F80010234603A817F098F925
S2140251102246484603A9E9F7E5F92544EDB20836E2
S214025120E6E7224603A94846E9F7B0F9CDF800A01B
S21402513023462A46B8F8001003A817F081F9ECE7D0
S21402514014B104003A6100200148FFF799BC00BF81
S2140251503A6100209C46174BF7B505460846198863
S214025160164611B1144B1C78CCB101466246304645
S214025170BDB103B0BDE8F040E9F788B91C44E4B21B
S21402518008373B79002BF0D03A689642F6D185F084
S21402519001052246009517F053F903B0F0BD074FFC
S2140251A0EFE7E9F79FF9B0B203B0BDE8F04011F0BF
S2140251B0EDB800BF3A6100206D73002014B1040000
S2140251C010B5074C238843B10020FFF787FF002065
S2140251D0FF22044B20801A7010BD0220FCE700BF9D
S2140251E03A6100206D730020142810B518D80828DC
S2140251F005D111F034F9C401E4B2204610BD0E28E0
S21402520002D111F02FF9F6E7064B53F82040002C96
S214025210F3D00A282478F0D105F0A0FE0443EBE789
S214025220FF24EAE764B10400014BB3F86800704754
S214025230DC59002000487047465A0020014B187877
S214025240704700BF80680020014B1870704700BF8F
S21402525080680020194B022810B5187002D0043856
S21402526001281BD8164B1B78042B03D000211548A7
S21402527016F0BAFC144B1B689A001BD513F0805F1D
S21402528040F6114418BF4FF44164204611F081FCE9
S21402529090B92046BDE8104011F076B80948FFF7ED
S2140252A0DFFE0A48FFF7DCFE162413F015F911F0AC
S2140252B06AFCEAE71524E8E710BD00BF8468002010
S2140252C085680020147100205C4C0020C84B00202A
S2140252D0024B187800F00F00704700BF8468002069
S2140252E0034B187800F00F00831E5842584170474F
S2140252F08468002008B513F0DAF8C0B113F0F0F8AD
S214025300A8B10AF0A7FF90B90A4812F082FE70B15F
S214025310094812F07EFE50B111F0A9F838B111F02A
S2140253203AFC20B9BDE80840044812F023BF00202A
S21402533008BD00BF3C6100206E610020A45A002018
S21402534030B505460C4693B081B910B9002013B0AB
S21402535030BD1023214A69460120FFF7FBFE9DF867
S21402536005305A1E052A28D91720F0E718220021F0
S2140253702046F7F743FC002DEBD1FFF7B1FF30B321
S21402538010F040FF6A4601460020FEF7A5FEBDF873
S2140253900430204623819DF80230A3729DF8003027
S2140253A0E37213F023FA002304F11401237304F1C9
S2140253B0100003F0CBFDE081C8E7094A9DF804100F
S2140253C012789142D0D12B70002CD6D1BEE7054B75
S2140253D01B78033B022BD3D9C6E700BF64EE01005D
S2140253E0447300208468002030B593B005460C460E
S2140253F0FFF776FF20B90C4B1B78033B022B10D825
S21402540010F000FF6A4601462846FEF765FE0020B9
S2140254109DF80230607023709DF80030A37013B0C0
S21402542030BD1720FBE700BF84680020054B1878C4
S214025430012805D000F0FD00A0F131035842584182
S214025440704700BF846800201FB50146002201A8ED
S21402545016F09AFC064801A916F0C0FF20B116F015
S214025460D7FA4089C0F3400005B05DF804FB00BFE0
S214025470EA72002030B585B00D460022014601A82A
S21402548016F082FC084801A916F0A8FF50B116F0E3
S214025490BFFA0446014608222846F7F701FC60894F
S2140254A0C0F3400005B030BDEA720020F8B50546EC
S2140254B0F8B100210F4816F02EFF0446A8B10D4F92
S2140254C0204616F0A5FA064616F04AFC830705D4CF
S2140254D0082229463046F7F7DDFE38B1214638461F
S2140254E016F03DFF04460028EAD10024201E18BF0D
S2140254F00120F8BDEA72002010B50C4601460648A7
S21402550016F06CFF30B116F083FA43891C4214BFC2
S2140255100120002010BD00BFEA7200201FB514460D
S214025520024601A816F030FC074801A916F056FFFD
S21402553040B134B116F06CFA142201462046F7F751
S214025540AFFB012004B010BDEA7200201FB5014671
S214025550002201A816F018FC094801A916F03EFF21
S21402556058B116F055FA4389024613F0020004D0E9
S214025570507B80F00800C0F3C00005B05DF804FB65
S214025580EA720020F7B59DF824400D4601949DF876
S2140255902040064600941F4614F0C5F94FF6FF71E8
S2140255A08842044610D0BB0711D4284600F056FFA6
S2140255B0204616F03AFFFF281FBF084A32F810307E
S2140255C023F4804322F81030204603B0F0BD024692
S2140255D02946304612F064FEEAE700BF0C6100205E
S2140255E073B50E460146144816F0F8FE0546D8B1C5
S2140255F016F00EFA43890446334012D09B0736B2A1
S2140256000BD5002E09DAA17B437B0289007B019130
S214025610012100912146FFF7B5FF638923EA0603BD
S2140256206381628912B1012002B070BD2946024828
S21402563012F045FDF7E700BFEA7200200148FFF7C7
S2140256401FBA00BFEA72002013B53E4C0EF0EDF80A
S214025650D4F8FC311020C3F307430193FFF7C4FDCF
S214025660000650D50020FFF7BFFD01064BD5019B73
S214025670802B3ED1236A9A0704D440F6154420466E
S21402568002B010BDE3699B07F7D52F4811F0AFFDB6
S214025690012012F07FFB0EF0DBF804460028EED164
S2140256A000F042F9294812F03FFD00F099F9E8F7B8
S2140256B057F80EF0B9F808F003FF08F055FFF4F7B4
S2140256C061FAF4F7FFFAF4F719FB03F0DBFD10F0CA
S2140256D0C8FE10F0C9FE11F061FA1D4814F02CF94C
S2140256E006F08CFA11F01DFA0028C8D011F01BFA49
S2140256F0C5E7019B812BC0D1D4F80C315B00BCD529
S214025700D4F80C31BFE71020FFF76EFD0006BCD4BC
S2140257100020FFF769FD0106B7D5019B802B05D156
S214025720084B1A6AD207A8D5DB69ACE7019B812B26
S214025730A3D1044BD3F80C21002A9EDAD3F80C31FD
S214025740A1E700BF0080E00F690345ECA45A0020E1
S2140257504954020010B512F0BCFE70B301F0E0FA34
S21402576080F00104E4B20020FEF724FC44EA800440
S21402577024B212F09CFE10BB02200443164816F018
S214025780F8FD44EA4014154816F0F3FD24B244EA44
S2140257900014134816F0EDFD24B244EA80141148B2
S2140257A016F0E7FD24B244EA40240F4816F0E1FD65
S2140257B024B244EAC02080B210BD0124D3E70B48CD
S2140257C012F027FC0028D7D0094812F022FC80F0FD
S2140257D00100C0B24000D0E75471002038720020A9
S2140257E0604C0020B8710020187200203C61002036
S2140257F06E61002008B501F07FF8FEF709F814483C
S21402580012F007FC08B904F025FF124812F001FC5A
S21402581008B906F0DDF902F095FF0F4812F0B6FC63
S2140258200E4B1B78043B022B09D80D4816F0A1FD3F
S21402583028B1FFF78FFF102801D107F0E1FC10F026
S21402584018FE12F03CFDBDE808400648FFF75AB9BC
S2140258503C6100206E610020A45A0020856800206A
S21402586038720020DCB10400014B1868704700BF94
S214025870D85900204FF6F77370B5984204460D4685
S21402588086B043D812F029FDA04207D1082220494B
S2140258902846F7F705FA002006B070BD1D4EB6F88A
S2140258A06830A3420AD10022082106F16A0012F0EB
S2140258B0A2FC18B9082206F16A01E9E784B10023BE
S2140258C0012219462046009308F05CFDFF2811D1FC
S2140258D02946204608F000FF80F00100C0B2DBE750
S2140258E00D4B1B689B07EAD4284606F0FBFD0028F2
S2140258F0E5D0D0E702A913F0C1FE0028E8D1DDF812
S2140259000D302B60DDF811306B60C4E70120C3E771
S21402591007690020DC5900205C4C0020014B1870FF
S214025920704700BF4473002010B5054C082221467C
S2140259300448E8F7ABFD204612F009FD10BD00BF93
S2140259400769002034B608C000487047076900207F
S214025950082208B50349F7F79DFCB0FA80F0400923
S21402596008BD00BF07690020014B1870704700BFD2
S21402597078680020F7B50D46044616461F460021F5
S214025980284601F061FD0B4B002183F859402A4658
S2140259903346204600970AF03FF9014630B102220C
S2140259A0204603B0BDE8F04000F006B8012003B080
S2140259B0F0BD00BFDC59002013B513460C461AB1E1
S2140259C0022A0CBF134601230021044A01910092C9
S2140259D02246FEF71DFC02B010BD00BFB5850300CF
S2140259E000B5002093B0FEF78FFB1E4B188813F00D
S2140259F0A4FF1D4B1D491A7800200AF091F93422A3
S214025A0000216846F7F7FAF80B238DF800306FF49A
S214025A10803301934FF6FE73ADF8103003238DF8F2
S214025A201D30134B134A0893134B10680993134BFC
S214025A3051680D93124B6A460E93124B0F93124BFC
S214025A401093124B119302AB03C300210846FEF7D4
S214025A50F9FD6A4601210020FEF7F4FD13B05DF859
S214025A6004FB00BFD6720020537300207875040032
S214025A70895E02000769002051830300718B0200D1
S214025A80316002009D9A0200B5850300A1870200DC
S214025A90014B1878704700BF0F690020014B188829
S214025AA0704700BFEE7200202DE9F74F8146104680
S214025AB00E46904616F0CBFBDFF840B105469BF843
S214025AC0003033B94A4B1B681BB94A4B1B68002B84
S214025AD07FD015F4406A05F040071BD19FBBB5F591
S214025AE0804F61D24FF48074B9F1400F73D0B9F190
S214025AF0800F63D0B9F1100F6BD100239BF8000022
S214025B003D4AD9B2884264D932F8021B0133A14217
S214025B10F7D166E008F1030016F099FB4FF6FF7323
S214025B20984214BF0124022487B1052705F4404396
S214025B30B3F5004F44F0080425D0B5F5804F24D2C3
S214025B4044F4807421E054460327EFE7B5F5804F0E
S214025B504FF00507F4D3BAF5406F14BF02200820B1
S214025B603844404416F073FB019012F0D3FB019BBD
S214025B7005F4404598420CBF44F0080444F004047F
S214025B80B5F5004F01D144F08004BAF5006F0FD18D
S214025B9008EB070016F05BFB054612F09EFBA842D8
S214025BA0A2D144F010049FE7544603270220D7E709
S214025BB0BAF5406F08BF44F0200495E70C4B1B680B
S214025BC03BB10022D1B233F8110033F9111000298B
S214025BD003DA002008E0074BF1E7A04202F10102D7
S214025BE0F0D106B13480012003B0BDE8F08F00BFCB
S214025BF0B45A0020B85A00208C6100204869002060
S214025C00034B1A78022A04BF09221A70704700BF93
S214025C10106900200C22034B1A211A70032000225E
S214025C2001F090BD106900200C2208B5054B1A2120
S214025C301A700022104601F085FD0022024B1A60FF
S214025C4008BD00BF10690020C05A00200C2270B5A3
S214025C500D4B05461E781A7030B93046BDE87040C6
S214025C6000221A2101F06EBD084B1C78E1B21A29F7
S214025C70F3D825FA04F3DB0703D54422304601F0B5
S214025C8061FD0134F2E700BF106900206F73002047
S214025C900C22024B1A7010F077BF00BF106900206A
S214025CA0F0B50C8805460E468BB0E4B94FF6FF7782
S214025CB0ADF8247010F07DFF10B902200BB0F0BDD5
S214025CC0CDE90340CDE90544134A0294B2F85C30AC
S214025CD06032019300923B464CF60101FF2009AA6E
S214025CE013F046FE3080284612F03DFC0B4C70B195
S214025CF0237863B1013BDBB22846237012F033FCF3
S214025D0038B12078B0FA80F04009C0B2D6E7052351
S214025D10F2E70120F9E700BFDC5900206E7300208D
S214025D20034B11461B6803B1184710F0EDBA00BFCB
S214025D30C05A00200C22024B1A7008F039BF00BF6E
S214025D40106900200148FEF79BBE00BF3E6100209E
S214025D507FB505460C46164616F084F800286BD129
S214025D60062D03D85223EB40DB071AD4B4F1006F9A
S214025D7005D3E30E1C3B032B18D94F202EE000223E
S214025D802F4B1A602F4B1D7012F05BFA03460A2D3A
S214025D9054D8DFE805F02D183E491825185353410C
S214025DA0360002F0A3F8B4F1006FE2D20022244BD0
S214025DB0042D1A60234B1D70E6D1022001F0B6F9BD
S214025DC012F03FFA0346012202921F4A01921F4A2C
S214025DD000921F4A314620460AF078FA04B070BD97
S214025DE0314620461B4A04B0BDE870400AF056BA57
S214025DF031462046184B194A04B0BDE870400AF0F6
S214025E0031BA00220292164A0192104A0092154AAC
S214025E10E0E702220B4B1A7000221046124904B029
S214025E20BDE87040FEF7BAB9002202920F4A01920C
S214025E30064A00920E4ACDE74D20CFE70120CDE775
S214025E40C05A0020106900204D5C0200895E0200E4
S214025E50A1850300355D0200295C0200215D020077
S214025E60915C0200A15C0200015C0200155C02006B
S214025E706385030008B50AF059FA0C22014B00208C
S214025E801A7008BD10690020F0B585B0ADF806009E
S214025E9018B97621644816F0FCF8BDF8060011F031
S214025EA09BFF0446BDF8060011F096FF082846D070
S214025EB00C2CBDF8060042D112F07EF8074616F00A
S214025EC0C6F90DF10F010646BDF8060010F0BAFA43
S214025ED0002879D009220021384615F0D9FC9DF811
S214025EE00F301033C518BDF8060015F0ADFDEDB243
S214025EF0854269D22946BDF806000AF025FB06F45B
S214025F004C4416F44066054614D0F81C16F09FF969
S214025F104FF6FF73984208BF44F04004B6F5006F90
S214025F2008D1781D16F093F94FF6FF73984208BF12
S214025F3044F010049DF80F305BB3072D44D1BDF832
S214025F40060011F03FFF0446BDF8060011F044FFBC
S214025F50082817D0A30615D524F0200189B2BDF86B
S214025F60060011F01AFFBDF8060012F025F800210F
S214025F70092215F08DFC00F1100189B20DF1060020
S214025F8013F01FFE0022BDF80610284816F0C9F9C5
S214025F901AE0082D16D8BDB1013D072D14D801A36D
S214025FA053F825F0016002000D600200C95F02008E
S214025FB0CD5F0200C95F0200196002003F5F020067
S214025FC01F6002007C2D24D005B0F0BD24F4884466
S214025FD0A4B2B4F5084FF7D1BDF8060011F0F7FEEB
S214025FE0BDF8061013F0AEFC0028A8D0BDF80600D7
S214025FF011F045FF00220146022016F0F1F8E3E711
S21402600024F48064A4B2B4F5484F97E7B4F54C4F35
S21402601094E7B4F54C4F92D04CF6500301E04CF6A0
S21402602040439C428AE700BF726504003C61002040
S2140260302DE9F7430F4690469946064615F0E8FCCA
S2140260400446304615F000FDC5B2083D2C44E17802
S214026050094BA2781970094B31461A700020434644
S2140260603A46CDF800900EF06BF8003818BF0120C3
S21402607003B0BDE8F08300BF2A690020296900202A
S2140260802DE9F04FDFF84081DFF8409198F80020C4
S21402609099F8003006469A4285B004D340F21911A8
S2140260A0424815F0F6FF30460DF10F0115F084FE5A
S2140260B020B14FF48E713D4815F0EBFF98F8007052
S2140260C09DF80F403D1B15F0FF0530D04FF0FF3C0A
S2140260D0374B01211B78A140184699F800304FF63D
S2140260E0FF790CFA03FC0023324A01F1FF3E0193CA
S2140260F0C1F1000A9DF80430984243D8122004FBEE
S21402610000002D4BA0F1120105EBC5025200194406
S21402611004F101091844F6F7C3FD4FEA8909274836
S214026120A9F104010144AA004844F6F7B9FD224940
S21402613004EBC40201EB420321F81260204A013745
S21402614012784FF6FF71DA731A745A7412025A8072
S2140261501C4A0D2012781A7110225A7100229A7364
S214026160C3F80620C3F80A20144B43F8242088F804
S214026170007016F035F80EB913F043FA204605B053
S214026180BDE8F08F13884B450AD053680AEA030B22
S21402619003EA0E030B4403EB4B0343EA0C03536080
S2140261A0019B083201330193A4E700BF8565040012
S2140261B0507300202C4A0020D8600020284A002075
S2140261C02A690020116900207E6800204E73002094
S2140261D010B5074C2046FEF743FF04F06BFB02F0B7
S2140261E0DDFE2046BDE810404FF47A5115F0FCBCA7
S2140261F0147100202DE9F041074600250A4B0B4E8C
S21402620093F80080ECB2A04503D8FF242046BDE8F0
S214026210F08108223846B11DF7F73CF80135002810
S214026220F4D01236EEE700BF7E680020D860002069
S21402623007B50DF1070115F0BFFD30B19DF8073027
S214026240034803EBC30300EB430003B05DF804FB13
S214026250D86000202DE9F843294E044633785D1EA7
S2140262602D1A8342EDB204D84FF4A171254815F0D9
S21402627010FF0123A3404FF0FF305F1E3B44002176
S2140262804FF6FF7E6FEA03081F4A92F800C01F4AC5
S214026290127890401E4ACBB29C4523D8BDB127B295
S2140262A004EBC4041B48640005EBC50204F11201AA
S2140262B0014452002044F6F7F3FCBF001648AA0039
S2140262C0391D014402F0FC023844F6F7E9FC337843
S2140262D00022013B33704FF6FF71BDE8F8430E20F3
S2140262E015F07EBF1388734507D0536808EA030982
S2140262F03B4003EB59030343536008320131CAE7BC
S2140263007E68002085650400507300204E730020CE
S2140263102C4A0020D8600020284A002010B50A4CDB
S214026320207858B9094B1B781A2B03D999210848AB
S21402633015F0AFFE0322074B1A7010BD0138C0B22B
S214026340FFF788FFECE700BF7E6800204E73002050
S214026350856504007A6800202DE9F047054616F0A8
S21402636053F8FF28044624D1DFF884901E4B99F890
S21402637000201B789A422BD22846BDE8F047FFF74A
S2140263807FBE38883B79504518D86F2B4FEA1312D8
S21402639014D85B0710D0123708F1010899F80010DC
S2140263A05FFA88F6B142ECD80023104ADEB28E427B
S2140263B014D32046BDE8F087022AECD913F092FAED
S2140263C00028E8D129463046BDE8F04712F00CB95D
S2140263D04FF000084FF6F77A044FDFE710790133E3
S2140263E08F28EFD81232E1E74E730020D8600020E3
S2140263F07E6800204FF6F773984210B514D8FFF760
S214026400ABFFFF2810D0134C00B200EBC00004EB29
S21402641040040EF0A7F8104938B962880B7802EBF0
S2140264200313A3EB1213638010BD227C637C0978EE
S2140264309A42E2732374617407D98B4203D21346DD
S2140264408B4228BF0B461B02EDE78A42F8D313465F
S214026450F9E700BFD86000202A6900202DE9F04144
S21402646006460F4600240E4DDFF8388098F80030B6
S214026470A34201D8BDE8F081082229463046F6F745
S21402648009FF40B935F8063CBB4204D02046FFF768
S214026490E1FE013CE4B20134E4B21235E6E700BFA5
S2140264A0DE6000207E680020F8B5054608460E46E7
S2140264B0FFF7A0FEFF2830D01D4B294653F8207068
S2140264C03046FFF7CBFF2846FFF746FFFF28044675
S2140264D025D113F022FAFF280AD1164C207838B1BB
S2140264E00FF093FE2378B0FBF3F202FB1300C0B268
S2140264F0294612F079F8044623B20F4D03EBC30384
S21402650005EB430508223146A81DF6F7C9FB2B7991
S214026510204603F00F032B71F8BD0027D3E7074B85
S2140265201B78002B18BF0027014B43F82070E3E7C7
S214026530284A00204E730020D86000207073002086
S21402654038B50B4B04461B780D46834204D840F2FE
S2140265505A21084815F09DFD074804EBC40400EBD9
S21402656044002946BDE8384008220630F6F798BBB4
S2140265704E73002085650400D860002070B504467E
S21402658008460E4615F040FFFF28054610D0204666
S214026590FFF730FEFF2807D0084B1B7823B9084BBD
S2140265A053F8202043F8252021462846FFF7C8FF47
S2140265B031462046BDE87040FFF750BF707300209A
S2140265C0284A00202DE9F843002480460127264663
S2140265D0114DDFF84C9099F80030A34210D83E4394
S2140265E00134E4B21A2C4FEA470705F11205F2D13C
S2140265F04FF0FF30094B1B7898403043BDE8F883D4
S2140266002B884345EBD0284612F037F80328E6D805
S2140266102B796F2BE3D8E3E7D86000204E73002077
S2140266207E68002010B5084C00EBC00004EB400466
S21402663023795B0707D1204612F01FF8237923F04F
S21402664007031843207110BDD86000200022084BB3
S2140266501878084BD1B2884203F1120300D870476B
S21402666013F80D1C013221F0100103F80D1CF1E79E
S2140266707E680020D86000202DE9F0470226122707
S214026680DFF85C90DFF85C8099F8004000250CE0AB
S21402669007FB05F338F803A00021504612F002F873
S2140266A010B15CB1013CE4B2013599F80030EAB2AF
S2140266B09342EDD8A34204D14FF6FF7A5046BDE886
S2140266C0F0870FF0A2FD99F80030012EA3EB040329
S2140266D090FBF3F202FB1300C4B2EDD00126D5E71D
S2140266E07E680020D8600020034B00211A780348F9
S2140266F09200F6F783BA00BF4E730020284A0020A5
S21402670010B5134B0C461B7886B0834212D911493A
S21402671000EBC00001EB4001082220460631F6F7E6
S214026720BFFA00220821204611F065FD80F0010024
S214026730C0B206E0C01A01A9C0B213F0F7F810B151
S214026740002006B010BD01AB03CB20606160E8E715
S2140267504E730020D860002008B5074B024653F857
S21402676020308B4206D915204FF6FF7115F038FD02
S214026770002008BD0120FCE7284A0020024B013118
S21402678043F82010704700BF284A00202DE9F3473F
S21402679081460C4600272A4EDFF8ACA09AF8003055
S2140267A0FDB2AB4210D86946204613F0D8F8C0B303
S2140267B0082269464846F6F76DFD90B349462046DC
S2140267C012F016FAFE2537E006F1060808224146C0
S2140267D04846F6F75FFD90B94FF6FF739C422BD002
S2140267E03388A34228D0204615F01FFEFF2814D176
S2140267F04946204602B0BDE8F047FFF755BE14B939
S21402680012360137CAE73388A342F9D1002208219B
S214026810404611F0F0FC0028F2D12846FFF71AFD98
S214026820CCE74946002015F0FEFDFF28054603D0BA
S214026830044B1B780344DDB2284602B0BDE8F0875D
S214026840D86000204E7300207E6800200F4B1B7815
S21402685083420CD8C01A0E4AC0B232F81030D9049D
S21402686011D443F4805322F8103001207047094BAC
S21402687000EBC00003EB40035A79D10603D442F082
S21402688010025A71F1E70020704700BF4E730020D5
S2140268900C610020D8600020F0B5134B06461B782A
S2140268A0FBB100251148DFF84CC090F800E0104814
S2140268B007781F44E8B2864501D80020F0BD7C1B4D
S2140268C094FBF3F003FB10440CEBC4003CF834409A
S2140268D0B44204D1002AF1D184788C42EED001353C
S2140268E0E8E71846EAE700BF50730020484C00204D
S2140268F07C6800202C4A002070B50CF087FF142517
S2140269000F49104E0B78328830809B1A03449BB294
S214026910B3FBF5F405FB14330B700B49E2B20B78AC
S214026920934292BF00239B1ADBB2032A0B7088BFE6
S214026930002306499EBFD2000B68D3400B6070BD91
S21402694013690020406100207B680020484C00202C
S214026950084B1868084BC2B21B789A4208D2074BFB
S214026960C0F307201B78984234BF002001207047EE
S21402697001207047484C0020507300201269002006
S214026980F8B505461746FFF7E3FF064610B9184B5B
S2140269901A783AB9212001224FF6FF7115F020FC31
S2140269A00020F8BD1348DFF854C003780133B3FB68
S2140269B0F2F402FB143303700F48DCF8002000EBFD
S2140269C0C30420F8335002F10132A1703846CCF8E5
S2140269D00020FFF7F7FDE670606011F07EFCA8422B
S2140269E001D10120DDE7E3780133E370F9E700BF68
S2140269F0507300207C6800202C4A0020484C00205F
S214026A0010B50B4C0B4A2378063B13700CF0FEFEB7
S214026A100022094BFF211880084B09481A60227889
S214026A20D200F6F7EBF80422064B1A7010BD00BF30
S214026A30507300201269002040610020484C00205C
S214026A402C4A00207B6800202DE9F843074615F003
S214026A5019FB05461A4815F08CFC1A4B48B31C68FD
S214026A603C1B2C44A4B20022174BDFF864901B7820
S214026A70164D99F8006005EB03155FFA82F8464555
S214026A8009D9AB8805F11000A34215D9B21A2946D6
S214026A901201F6F705F9013689F80060AC80B8F104
S214026AA0000F03D13946064815F09EF82846BDE881
S214026AB0F8833C461D60D6E705460132DDE700BF97
S214026AC034710020C45A002015690020284900208D
S214026AD0166900202DE9F74F15F0D4FA4FF0000E94
S214026AE0284D294F2978294C97F800A004EB01136A
S214026AF003EB0A120092F3465246DFF898801FFA1A
S214026B0080FC0646B8F80000ACEB0009A0EB0C00CF
S214026B101FFA89F901900098984217D1BEF1000F2A
S214026B2000D02970524503D200203A70FDF7DEFAF3
S214026B303B7823B32B78164804EB0314A188C8F8D5
S214026B40006003B0BDE8F04F15F04EB8B3F804C0CD
S214026B50CC450FD84FF0010E93F802C001310CF16C
S214026B60FF3C013AA3F804B083F802C0C9B2D2B21D
S214026B701033D0E701988444A3F804C0F8E703B0C2
S214026B80BDE8F08F1569002016690020284900200C
S214026B9034710020C45A00207FB56C461E4B1F4D30
S214026BA01E78013EF6B21E7095E80F0084E80F00CC
S214026BB01B4B28461A7805F1100132441201F6F7EB
S214026BC06FF89DF8026016F00F0511D1BDF80800A7
S214026BD009F02CFE360918BF29464FF00002BDF810
S214026BE0000008BF039904B0BDE8704002F022BD61
S214026BF0BDF80400FFF728FF0346828804ADADF80F
S214026C000420224603CAAA4218605960144603F1B9
S214026C100803F6D104B070BD15690020284900208B
S214026C2016690020F8B50024084D094F094E3B7836
S214026C303178E2B20B449A4204F1010400DBF8BD5B
S214026C402846FDF71DFF1035F1E700BF2849002052
S214026C50166900201569002070B5134B06460D46CE
S214026C60104612491A78124B09781B780B44934245
S214026C7006DB1F204FF6FF7115F0B2FA002070BD3A
S214026C80FFF7E2FE013506808570044615F0F5F939
S214026C90E08009F0D1FD40F602432081E360002047
S214026CA0FDF724FA0120EAE74D730020166900205A
S214026CB0156900202DE9F84386460023144FDFF8B5
S214026CC05C803E7898F8005012497219DCB2944201
S214026CD01CDA4FEA041C31F80C900133F14501EB43
S214026CE00410F3D1631CD21A0CF1100C1201614489
S214026CF0F5F7D6FFA5428BBF05F1FF3506F1FF3645
S214026D0088F800503E700CB9034B1C70BDE8F8833F
S214026D101669002028490020146900201569002001
S214026D20044B054A1B781278D3420CBF0120002080
S214026D30704700BF1569002016690020024B1878BC
S214026D40003818BF0120704715690020002108B5D9
S214026D50084B09481970094B1970094B1970094BF1
S214026D601A781201F5F74AFFBDE808400648FEF712
S214026D7077B900BF1669002028490020156900204F
S214026D80146900204D7300203471002010B50B4C9E
S214026D9023784BB10A4802F03BFD58B1084B01215B
S214026DA0188811F08CFB08B9002010BD0122054B93
S214026DB01A70FAE7FFF7F0FEEAE700BF156900204F
S214026DC0284900201469002010B50E4B1B78BBB171
S214026DD00D4C238883424FF0000311D10B4AE16029
S214026DE0137049B9A3781033A37011F032FE18B9A4
S214026DF0A37823F00F03A370FFF7CEFE012010BD89
S214026E001846FCE71569002028490020146900206E
S214026E1070B592B00C4606460FF0F4F9E17A0546D4
S214026E200020FCF733FE28B394F90A0011F0EEF9BD
S214026E3010BB134BE27A294683F85820A27A83F8CD
S214026E405A206A46FDF748F94FF6FE739E420CBF7B
S214026E504FF6FF7323896A4629460020ADF806607E
S214026E60ADF80430FDF7EEFB40B92289054B5A8097
S214026E7012B070BD5520FBE75620F9E72120F7E750
S214026E80DC590020C85A002010B5044601460822E4
S214026E900948F5F705FF237B022B0AD8002B14BFFF
S214026EA03122012205490B7017234B61044B1A70DD
S214026EB010BD00230122F5E7CC5A0020C85A002054
S214026EC084680020014610230120014AFEF742B9D9
S214026ED064EE0100014B5861704700BFC85A00209B
S214026EE0014B1878704700BFC85A002010B5054CF1
S214026EF02378112B03D0E221034815F0CAF8412368
S214026F00237010BD8468002090650400064B01467D
S214026F101B78042B04D1054A137E0533137670477B
S214026F20034814F061BE00BF85680020C85A0020DE
S214026F305471002008B50648FDF7A2FD0548FDF786
S214026F409FFD0FF08BFABDE8084000F0EBBF00BFD4
S214026F503C6100206E610020064B1878332806D06C
S214026F6000F0EF00A0F14303584258417047012059
S214026F70704700BF84680020002208B5074B4FF612
S214026F80FE701A7011F0B5F94FF6FF7011F0CEF9D7
S214026F90034B5869BDE808400FF0F6B98468002034
S214026FA0C85A002008B5064B187838B10548FEF7CF
S214026FB043F84FF47A73B0FBF3F0C0B208BD00BFDB
S214026FC079680020084C00202DE9F0438BB0074674
S214026FD0154698460E469DF8489049B9104605ACA7
S214026FE015F023FA214612F0A1FC172818BF2646F0
S214026FF0B9F1000F0AD1124B1B781BB9284612F0C2
S214027000B2FCD0B92846FEF7A1FA02E0284612F0F2
S214027010AAFC80F00104E4B29DF850302A4602939E
S2140270209DF84C303146CDE90093384643460394EA
S21402703011F089FB0BB0BDE8F0834C46ECE700BFCD
S214027040806800200022014B1A767047C85A00203A
S21402705008B50020FEF788FC0023024AC2E9013385
S214027060538008BDC85A002010B5144B1B78033B4A
S214027070012B16D8124BB3F868204FF6FF739A42CC
S2140270800FD10320FEF7E6F801F052FFFFF7E0FF0C
S214027090002014F0B3FB78B1BDE81040002010F0D9
S2140270A099BFFEF7C7F80446FEF7BEF8014620462B
S2140270B007F01AF80220E5E710BD00BF8568002039
S2140270C0DC59002008B5114A114B58611378032B7E
S2140270D01BD0D3B1332B01D0432B10D10D4B1B78D1
S2140270E0033B012B05D803231370BDE808400FF0BD
S2140270F04BB90FF049F9BDE80840FFF7B5BF2123A9
S2140271001370BDE8084001F07DBD08BD846800200C
S214027110C85A00208568002008B50348FDF7A0FF7E
S214027120FFF796FF022008BD084C002038B5114D27
S21402713004462B78834218BF28700FF032FD80B1C8
S21402714024B920460FF02FFD02220DE001200FF099
S2140271502AFD2B781A1F012A05D9062BF4D1032201
S21402716002E0002CF5D10122BDE838400021084695
S21402717011F029BA8568002030B5044685B0684605
S2140271800D46FFF79FFE94B100212846144A01F0EF
S214027190F3FE144B20681B7861688DF80430124B9E
S2140271A01B788DF8053002AB03C305F071F90F4B5F
S2140271B093F8582093F85A308DF803208DF8023051
S2140271C011F0A8F8ADF8000011F087F81023ADF81A
S2140271D0060069460020064AFDF7BCFF05B030BD32
S2140271E000F8FF074473002085680020DC59002061
S2140271F064EE010010B5104B04461A780F4B0020BF
S21402720083F8582014F0FAFA10B1002010F0E2FECB
S21402721000210846FFF7B0FF0FF0B5FC2046FDF749
S21402722049FA40F617400FF0AFF80023044A1380DD
S214027230044A138010BD00BF17690020DC590020E5
S21402724016610020146100201FB504466846FFF749
S21402725039FE54B100238DF805301023694600200C
S214027260064AFDF777FF04B010BD11F036F8ADF808
S214027270060011F04FF8ADF80000EEE764EE0100EC
S21402728010B5014604460020FCF700FC90B10C4BFA
S2140272901B78023B032B0FD80A4B1C7014F0E2FD3E
S2140272A060B9094A0949FCF779FF003818BF01207E
S2140272B0800010BD5520FCE70220FAE74D20F8E7D3
S2140272C08468002017690020459B0200F5710200C1
S2140272D0F8B5064614F0C6FD044668B914F08EFAF0
S2140272E050B1064D204695F8587085F8586010F053
S2140272F071FE10B185F858704D20F8BDDC5900209B
S2140273002DE9F04180461846033B012B0E461746F0
S21402731002D918B1212438E0FFF708FF274B1D7861
S214027320022D08D0032D46D1B8F1000F03D1244B0D
S2140273301B689B073FD43320FDF78CFF01F096FABB
S214027340B6F1006F34BF1F4B052231464FF00600E0
S21402735038BF1A78FEF7FCFC044628BB1A4D287381
S214027360012000F017FE10F0D5FF68802846B8F11D
S214027370000F0DD0022300F8043B11F037FA6C73AD
S2140273802F61394630460EF043FF2046BDE8F081B5
S214027390012300F8043B11F029FA6C732F61394679
S2140273A030460EF034FFF0E72846FDF753FFB8F1FB
S2140273B0000FF4D0E5E70224E7E700BF8468002068
S2140273C05C4C002071730020C85A0020034B1878CA
S2140273D018B9034B034A1B78D05C704783680020B9
S2140273E085680020C0B2040038B5437B0446DB073C
S2140273F003D590F909000FF0C5FB00250F4B83F863
S21402740059502079FFF764FFFFF7E0FF6188248870
S214027410034622462846FEF7ADFA044620B1172058
S214027420FFF750FE204638BD1723054DC8210548F4
S2140274306B6114F0D9FB03232B76F3E7DC590020AB
S214027440C85A002054710020F0B51A4D06460C4664
S21402745093B0A5F8680005F16A0729BBC5F86A105B
S21402746079600EF0CFFE6A4601460020FCF734FE35
S214027470D5F86A30ADF81060CDF812307B68CDF8DA
S21402748016300EF0BFFE6A4601460020FDF7DAF817
S2140274904FF6FF73B5F86800984203D014B1064958
S2140274A00EF0B9FE13B0F0BD08223846F5F7F8FB29
S2140274B0D7E700BFDC590020465A00202DE9F041EC
S2140274C0DFF8B8801F4698F8003005460C46164688
S2140274D01BB102252846BDE8F081531E052BF8D8BD
S2140274E014F0C0FC0028F4D13B7B032B14D14FF6DA
S2140274F0FE739C4212D1012E09D0022EE9D110F061
S214027500ECFE4FF6FB73984203D810F0E6FE0446F4
S21402751004E011F03DFBFAE7012EDAD0EDB9394668
S2140275202046FFF775FC05460028D3D198F80030B0
S214027530332B03D0532B1CBF0E4B18613046FFF77C
S214027540F5FD00214FF6FF70FFF77EFF0A4B1B7812
S214027550002BBFD012F0EDF9BCE7397B721ECB1EB2
S214027560594259415042504105F07CFF05460028D9
S214027570D5D0AFE7C85A0020727300208468002076
S2140275802DE9F04105460F46904610F0A6FE6B7BAD
S2140275900446DB0703D595F909000FF0F3FA10F05D
S2140275A09CFE384B384E188010F0B4FE374B1880CD
S2140275B0FDF73AFE364B1880FDF73CFE08220146E0
S2140275C03448F5F76DFB10F04AFE334B18702879F5
S2140275D0FFF77EFE00216888FFF736FFFDF726FFDD
S2140275E060B14FF6F672631E9BB2934206D911F053
S2140275F0CFFAB6F8683004468342F8D0204610F038
S21402760078FE288810F092FE4146B6F86800B84721
S214027610044628B91920FFF755FD1920BDE8F08168
S214027620B6F8681010F012FC00231C4D86F859308C
S2140276302B7803F0FB03022B02D0204611F073F8DE
S214027640002220461146FFF707FB0446B0B1172377
S2140276506B61134B1B78042B09D1C821114814F017
S214027660C3FA03232B7684F00100C0B2D6E74FF4A8
S21402767016710C4814F0B8FA0023F3E71720FFF748
S21402768021FDF0E746610020DC590020446100201D
S214027690426100201869002020690020C85A002094
S2140276A08568002054710020F0B50C461E460B4635
S2140276B02049074689B004F1140053F8045B83425C
S2140276C041F8045BF9D11B8802AD0B80D4F80E009A
S2140276D0D4F81210238803C5ADF8103023798DF83C
S2140276E012208DF8133000233A468DF814304FF6E8
S2140276F0FE71012002ABFFF7E1FEC8B902A8FFF750
S214027700C3FB237B4BB10C4D0C4B01AA294601202F
S21402771001930FF015FA2A781AB92046FFF764FE8D
S21402772003E020460199FFF72BFF08B9044B1E70B1
S21402773009B0F0BD48610020C85A00200388030043
S2140277402169002001232DE9F341304E05460F46FC
S21402775000202F491446737300F0EAFB0FF014FA68
S214027760DFF8AC8038B9012D01D9042D0FD121469E
S21402777038460EF0CDFD1020002112F0F2F8002857
S2140277803CD0002002B0BDE8F041FCF7AFBC002CB4
S214027790F1D1204B1B78212B03D0062B01D0532B83
S2140277A002D101F02FFAE6E7FDF740FE0028E2D00C
S2140277B000F0EAFB28B9307BC0F11800FFF782FC24
S2140277C0D9E7154B41462046019300F0B1FB20B1A4
S2140277D040F61901114814F05CFC01AA0B4998F80E
S2140277E00C000FF0ADF932781AB90948FFF7FCFD24
S2140277F0C1E701990648FFF7C3FEBCE7FFF79EFA0A
S2140278000028BED102B0BDE8F08100BFC85A0020F1
S2140278104861002084680020038803009065040005
S2140278201FB5144B04461B88DB0707D44FF6FF70C0
S2140278300021FFF709FE002004B010BD0A230E4AFD
S214027840012001A9FDF786FC4FF6FF73BDF80C2058
S2140278509A42EBD00822FF2101A810F0CCFC0028A7
S214027860E4D10CB90120E7E7BDF80C0001A9FFF747
S214027870EBFDF7E76061002026E1010038B50C4613
S214027880154610F036FD02F053FF29462046FFF754
S214027890DBFD00F079FB48B1054BDB790E2B28BFE8
S2140278A00E230133DBB2034A137038BD0123FAE715
S2140278B0486100202D69002038B51D46FFF7FEFD01
S2140278C00446C8B92B7B2846032B03D1BDE83840B3
S2140278D010F0ABBFFFF7D8FA084B25469C8110F094
S2140278E0BEFC0121064B81401A780620FEF730FACC
S2140278F0044608B1034B1D70204638BDC85A002006
S214027900717300208468002030B5012087B0FFF72D
S21402791087FF6B460446144A1068516803C384B94D
S21402792004F0C4FD02A8FFF7CDFA4FF6FF75224613
S214027930BDF80E002946FFF7A1FF0EF070FC07B057
S21402794030BD6B46094AD2F86A00D2F86E10B2F819
S214027950685003C304F0AAFD02A8FFF7B3FA6A460A
S214027960BDF80E00E6E700BF24EE0300DC59002057
S21402797037B5324B04461B781BB10224204603B0AF
S21402798030BD14F06FFA0028F7D100F00DFB14B1E9
S21402799022882B4B1A8000210DF10700FDF7D0FC40
S2140279A0002848D110F013FF04460028E6D1254DE2
S2140279B09DF80700FFF7BAFB2B78033B012B27D86D
S2140279C02046FFF72DFF18B3FFF79EFF00F0FCFEE0
S2140279D0FFF74AFB012010F00CFC48B9184B1B8835
S2140279E09A0707D52346052201201749FFF788FC88
S2140279F00446C3E7154D022329460120144AFDF723
S214027A00A9FB2B885B07B9D5204600F0F1FEB5E747
S214027A102B78053B012BB1D8FFF776FFFFF724FB47
S214027A202B78052B0CBF04200520FDF713FC012044
S214027A3010F0DFFBDCE71724A0E700BF8468002015
S214027A40606100208568002000F8FF0712610020B0
S214027A5027E101007FB50024184E194D3278E3B2B3
S214027A609A4201D804B070BD4FF6FF73B5F868208D
S214027A709A421AD0134B1B88DB0714D5124AB5F864
S214027A80683010685168ADF80C3001AB03C30F4A7A
S214027A900A23002001A9FDF75DFB022300200C4A01
S214027AA00C49FDF757FB0134D8E7002208210648A7
S214027AB010F0A1FB0028F6D1DCE700BF4F730020D0
S214027AC0DC59002060610020465A002026E10100B1
S214027AD027E101001261002010B500F0C7FE01F098
S214027AE013FCD8B10E48FDF7BBFA0E480E4C017ACD
S214027AF00E30FFF741FB23781BB100F0F7F90023A5
S214027B0023700022094B1A73FFF7AEFA07F0B8F992
S214027B1000F012FFBDE81040FFF79CBF10BD00BF8B
S214027B20547100204861002021690020C85A0020B4
S214027B3010B52548FDF794FA01F0E6FB30B1234B69
S214027B401B781BB9BDE81040FFF7C6BF01F0DCFB8F
S214027B5078B11F4C237E83B1C8211B4814F044F829
S214027B600021237E0846013B2376BDE81040FCF741
S214027B702BBBFDF75BFC0028EBD1FDF757FC154B42
S214027B801B7858B9112B03D003F0FD03412B19D1F2
S214027B90BDE810400E4B5869FFF794BA332BF7D165
S214027BA00D4B188810F0A5FB0C4B188810F0BEFB86
S214027BB00B4B0C491888FFF747FC0B4B1878FFF75E
S214027BC087FBE5E710BD00BF5471002080680020E7
S214027BD0C85A0020846800204661002044610020C4
S214027BE04261002018690020206900202DE9F04F2C
S214027BF00F4685B002AD044629463846914612F035
S214027C0042F94FF0000B82463846CDF804B010F029
S214027C10D3F94678022C804606F0020609D85CB1F3
S214027C20FDF704FC0446002848D1754B01241B7856
S214027C3065E0043C022C3AD9FDF7F8FB384610F012
S214027C4034F900240546A046DFF8D8A1384610F0DD
S214027C50B3F950F809300DF10500019314F0F7FA64
S214027C609DF807B00746B8F1000F4DD1BBF1000FE3
S214027C705BD0DFF88C9199F800300BB1002E63D000
S214027C80002C61D05F4B1B78022B5DD1BBF1000F3D
S214027C9053D1384610F02DFB58465946FFF76CFA7A
S214027CA007F0EEF840F607400EF06EFB34E010F0F8
S214027CB082FDFDF7BBFB0446F8B15C464EB1524B63
S214027CC01B78012B02D0043B012B0BD805B0BDE874
S214027CD0F08F4B4B1B782BB14B4B1B7803F0FB03FF
S214027CE0022BF3D0BAF1000F404608BF002512F06F
S214027CF0BDF84FF001088246A8E7414B1B78002BDF
S214027D00F0D0002EEED1E1E7BAF1000FAED0504629
S214027D10FDF71EFE0028A9D1002013F06FFD0028F3
S214027D20D4D0002010F056F9D0E74FF6F7739F42F2
S214027D309FD91720FFF7C6F9EEE7FDF777FB48B1A4
S214027D403248FDF78DF9F4E7FDF770FB10B1BBF191
S214027D50000FF5D1FDF76AFB0028DDD02846FEF7B6
S214027D6049FAFF28DFF89CA0294C03D09AF8003085
S214027D70012B04D12946B4F86800FEF795FBFEF7FE
S214027D8051FC2A463846B4F86810FFF777FD214BB7
S214027D90214A93F906301B0213809AF80030012B11
S214027DA019D0312B14BF432311238AF800301B4B02
S214027DB01648196813F018FF00F006FD0023124C4F
S214027DC099F80010237641B9104813F00DFF40F6DB
S214027DD01B436361A0E71123E7E7B8F1000F03D066
S214027DE016B1FFF779FEF2E70D4B1B78042BEED1A6
S214027DF00521064813F0F8FE09232376E7E700BFBD
S214027E008068002084680020C85A00205471002030
S214027E10DC590020486100205E6100207471002059
S214027E20856800200769002070B508468CB00D46AC
S214027E3010F0C2F809220021064613F029FD044676
S214027E40284610F032F8052228460DF10F0304A941
S214027E500EF0ECFA02281BD09DF80F3029461C447F
S214027E600023E4B204F11002365D01200093D2B280
S214027E700CF066F960B1022E0AD1064B1B78012B74
S214027E8006D1054B187818B922462946FFF7AEFEEA
S214027E900CB070BD84680020C85A002008B5084B94
S214027EA0187050B1074B1B883BB14FF47A710648E5
S214027EB0594313F099FE002008BD0120FCE700BFDD
S214027EC077680020F0720020284B0020014B1880B3
S214027ED000207047F072002008B5FDF7C1F80022B6
S214027EE0014B1A7008BD00BF7768002010B5002449
S214027EF0044B05481C80054B1C70FDF7B1F8204664
S214027F0010BD00BF62610020787100202269002047
S214027F1008B50348FDF7A4F8BDE80840FFF7E6BF3A
S214027F20787100200148FCF7ABBD00BF62610020FB
S214027F30F7B5134B04461B780E46EBB183421DD9A8
S214027F400021104814F0E7F9002501460D4F09B943
S214027F50012009E0AC4209D100241623224630460D
S214027F60009414F06DFA204603B0F0BD384614F0C3
S214027F70F6F901350146EAE71820F5E72720F3E788
S214027F802269002062610020014B1878704700BF0A
S214027F902269002025289DBF024B18700020212050
S214027FA0704700BF73730020012307B51846064AC0
S214027FB00DF10701FDF7CEF89DF80720034B1A7066
S214027FC003B05DF804FB00BF29E10100F272002055
S214027FD084B010B502AC84E80F00082224480DF1E4
S214027FE01601089CF5F756F938BB9DF815309B0725
S214027FF005D4204B1B7803F0FD03312B23D11E49F9
S2140280006378097803F00F028A4203D0012928D147
S214028010022A18D12278B2B91B09022B13D194F97D
S2140280200230002B21DB154BB3F86820BDF80A306E
S2140280309A4208D1FEF790FF06E0002208210C487B
S21402804010F0D9F820B90020BDE8104004B07047FF
S2140280500B4BBDF808205B889A42C6D0002BC4D0D2
S214028060F1E70229EFD1012AD3E70120ECE700BFAE
S214028070CC5A00208468002044730020DC5900207B
S214028080C85A002084B02DE9F0478EB016AC84E8BA
S2140280900F00DFF868C1564BBCF802009DF85D90F1
S2140280A010F001049DF96220BDF870E09DF875A0FD
S2140280B09DF976709DF878509DF97A109DF95E804C
S2140280C09DF860601B782FD09DF87D00C0F34004B9
S2140280D0C0F38000002B44D0464B1B78012B02D104
S2140280E0002C00F08280C0B19CF800301E335BB2D8
S2140280F0BB42ACBF002701279845D4BF002301230B
S214028100BB4209D18A4208DB0CD1A81BC0B2802828
S2140281108CBF0020012000E038460EB0BDE8F047D4
S21402812004B070470020F8E710F0020F18D0C3B171
S214028130490814BF01200020520814BF012300235F
S2140281408342EAD1AB1BDBB2802B0AD9AE42E9D11D
S214028150B84506DB49D1CA4594BF00200120DCE7BA
S2140281600BB90120D9E7AE4216D002AC1CAF0FCF36
S2140281700FC497E8030044F8040B2180DDE91A01D6
S21402818016AB0090ADF804100FCB0EF0D2FC002810
S214028190E7D1AE42B9D1C0E7BDF8583073451ED01C
S2140281A008AC0DF1700CBCE80F000FC49CE803008D
S2140281B044F8040B2180104C638873450FD10822C3
S2140281C0211D0DF12E00F5F765F8024638B9082193
S2140281D0201D10F010F810B96388002BC1D1B845E5
S2140281E0BFDBC2D1CA45BCD8BFE7204695E700BF71
S2140281F02269002084680020C85A0020F2720020FB
S21402820084B02DE9F04F8FB06A4E18AC08AD84E802
S2140282100F00162200212846F4F7F0FC33783BB90B
S2140282200024654B32781B789A4239D2002726E022
S2140282300021624814F06FF800270446B846DFF8BB
S2140282407C91002C45D13FB1224639465B480FF05F
S21402825036FF3378013B33703378002BE0D00021B1
S21402826056484FF0000914F056F84F468046CA4664
S214028270DFF848B1B8F1000F6CD1002FD1D016212B
S214028280002218A80FF0B3FE014648B1002F00F0F6
S2140282908B80224649480FF0CAFE3378013333708A
S2140282A0454B32781B789A4207D944480022018807
S2140282B00FF005FF3378013B33703378012B03D17F
S2140282C03F49404813F090FC0FB0BDE8F04F04B0B1
S2140282D070470022214616232846CDF8008014F067
S2140282E0AFF81622294618A8F4F7D4FF0028EBD0D8
S2140282F09DF864209DF824309A4225D1BDF860206E
S214028300BDF820309A421FD108220DF12E010DF140
S2140283106E00F4F7BFFFB8B902AF0DF1600CBCE80F
S2140283200F000FC79CE8030047F8040B39800EAB1A
S21402833013E903000090ADF8041095E80F00FFF76C
S214028340A1FE0028C0D027462146484614F007F86A
S214028350044676E71623002241462846CDF800A0BA
S21402836014F06EF802AF0DF1600CBCE80F000FC7F8
S2140283709CE8030047F8040B39800EAB13E90300B0
S2140283800090ADF8041095E80F00FFF77BFE074655
S21402839020B1B9F1000F04BF444681464146584613
S2140283A013F0DDFF804665E73A46044813F0B9FF4E
S2140283B073E700BF22690020737300206261002009
S2140283C020BF0200787100202DE9F04F00210446FC
S2140283D09FB00DF14008162240460E91CDE90C11D1
S2140283E0CDF83B10F4F70AFC052220460DF11F03D8
S2140283F016A90EF01BF80228074600F0F280204667
S2140284000FF0DAFD064613F022FF8146F01C13F049
S2140284101EFFADF84000701D13F019FF012FADF8D6
S2140284204200204640F0E0800FF0C6FD054620469A
S21402843013F0EEFA0D3502232D1A00932146434619
S2140284400820EAB20BF07CFE002800F0CA80204624
S2140284500FF0B7FD012F83469DF84D3040F0DC80CB
S21402846000252F4643F001038DF84D3016AE3388B3
S214028470022B4DD1F1782046023108F065F81B2810
S21402848046D1F1782046033108F05EF819283FD12C
S214028490F1782046043108F057F84A2838D14FF0D0
S2140284A0050AF17820460131514408F04DF8F1787A
S2140284B005905144204608F047F8059B00EB032040
S2140284C083B200F03F02932B059240F09580002382
S2140284D0F778214602375744FFB23A4600930CA873
S2140284E00F2313F0ADFF07F10F01204611F0A4FB96
S2140284F007F111010546204611F09EFBADF8420039
S214028500059B023353445FFA83FA33795345C8D83E
S21402851006360DF17603B342A9D19DF84D20C5F378
S214028520C03363F3410220468DF84D200FF0DBFC8A
S2140285308DF8440020460FF0CBFC8DF8450020460F
S2140285400FF0CBFC9DF83230BBF1190FC3F3C30218
S2140285508DF84720DDF833208DF84600CDF84E2002
S214028560DDF83720CDF8522094BF00229DF83E2039
S2140285708DF8482003F003028DF84A209DF84D201E
S214028580DB0963F38202694B8DF84D201B78022BC0
S21402859056D1BDF840600FF0BDFE864250D108A805
S2140285A010F024F9BBF1190F47D908220DF14E013C
S2140285B008A8F4F76FFE00283CD1B9F5004F02D0A8
S2140285C0B9F5624F0DD140F6FF7325F440459D4242
S2140285D007D1002208210DF14E000FF00CFE0028F4
S2140285E03ED01FB0BDE8F08F0FF0E6FC05462046F1
S2140285F013F00EFA07351EE7412B81D1F17820469B
S2140286000231514407F0A0FF494B1B78C3F1B30374
S21402861018448DF8490073E76FF30003F01D8DF8D8
S2140286204D3013F014FE0CA90546204610F030F922
S2140286300B2772E700F058FDBFE700F055FDD0E7C4
S214028640B9F5004F02D0B9F5624FCAD140F6FF73B2
S21402865025F440459D42C4D1BBF1190FC1D9B8E7F4
S214028660BBF11A0F06D007F11F0142462046C9B2D7
S2140286700EF065FA2F4C304D637BDBB12B78012B65
S2140286801DD1012323730CAB029314AC94E80300B0
S2140286900090ADF8041098E80F00FFF799FC90B12F
S2140286A094E803000090ADF8041098E80F00FFF776
S2140286B0A7FD08E0FCF7BAFE0028DFD0E1E703F0EA
S2140286C0FD03042BDDD02B78012B01D0042B88D19F
S2140286D01A4BDDF84E001B78DDF852108DF822306A
S2140286E0BDF84030ADF820309DF84D30C3F340035E
S2140286F08DF823309DF8313003F00F038DF82C30BF
S2140287009DF848308DF82D3009AB03C30C4B1B681F
S2140287101BB1414608A8984763E79DF946209DF895
S214028720451008A80DF0F2FD5BE700BF8468002044
S21402873029690020C85A00201069002028690020F4
S214028740BC5A002010B513F09DFC114B1B78022B6F
S2140287501CD1104A1468A04218D00F4910600A684B
S214028760121B10440D4A086012786AB1013A93400F
S2140287703C2253434FF47A725343984206D9BDE8DB
S21402878010400320FCF766BD0A23F3E710BD00BFC6
S21402879084680020544C0020504C00204073002077
S2140287A0064B1B88DB0708D50022054B43F8202022
S2140287B0044A135C63F00F0313547047646100208D
S2140287C0A44A00204968002008B513F05BFC00228A
S2140287D0024B1860024B1A6008BD00BF544C0020C2
S2140287E0504C0020014B1868704700BF504C0020C8
S2140287F008B50C48FCF734FCFCF772FD80B10A4B56
S2140288000322B3F8681001200EF0B9F94FF47A711A
S214028810064B04481B885943BDE8084013F0E4B9E8
S21402882008BD00BF98710020DC590020D4720020D9
S214028830014B188000207047F6720020044A054B50
S2140288401870138823F00303184310800020704723
S2140288506461002041730020034B1888C0F30E00A9
S214028860003818BF012070471261002008B5FFF7D4
S214028870F3FF30B1002004490223044A0880FCF7C3
S21402888069FC002008BD00BF1261002027E101003C
S214028890024B1888C0F30E00704700BF126100201A
S2140288A00023084A01201370074A08491370084B30
S2140288B0084A1B7843F0040313800223064AFCF797
S2140288C049BC00BF256900202469002012610020EF
S2140288D0417300206461002027E1010030B50121C8
S2140288E000240B2385B0104D019400918DF80C30B6
S2140288F08DF80D000323B5F8680003AA8DF80E4024
S21402890011F053FA68B1B5F8681010F07EF840B16D
S2140289100522064B64211A70054B06481C7013F09C
S21402892063F905B030BD00BFDC5900202469002081
S21402893025690020B8710020064B1B78033B012BEB
S21402894006D8054B1B781BB9044B1878FFF7C6BF31
S214028950704700BF8568002023690020407300200E
S21402896010B51548FCF77CFB144B1978F9B9144A74
S21402897013787BB1013B1370124B1B78042B02D188
S2140289800846FBF721FCBDE810404FF496710A48F2
S21402899013F02AB90C4A128802F00302022A0AD1FC
S2140289A0BDE81040032201200849FEF7A9BCBDE835
S2140289B01040FFF7C1BF10BDB87100202569002026
S2140289C024690020856800201261002000F8FF0755
S2140289D0084B1A785AB10223013A93404EF66022A7
S2140289E0534303210448B3FBF1F113F0FDB842F2FE
S2140289F01073F6E740730020B871002070B5054684
S214028A001748FCF72DFB0122164B28461A7011F068
S214028A10F0F9411C044689B2284607F095FDA11CD0
S214028A20064689B2284607F08FFD0F4C02232080A7
S214028A30214600200D4AFCF78DFB86B9238803F0F9
S214028A400303022B03D1FFF7BFFEFFF7C1FF238804
S214028A505B0704D5BDE870400548FFF7C9BE70BD88
S214028A60B8710020256900201261002027E101006C
S214028A70987100202DE9F0431F4C0546238889B0E3
S214028A80002B33D01D4E00214FF4807010F049FFAA
S214028A903378DB0728D50121208812F0F1FF07463C
S214028AA020880FF089FA023013F0D1FB05A9804620
S214028AB0208811F085FA3378384613F0020F104BEF
S214028AC018BF0025B3F8009012F0BEFF06463846DF
S214028AD012F09EFFF6B20290424606212846CDE9E3
S214028AE0009605AB0DF0CEFB00232380054809B0A7
S214028AF0BDE8F043FCF7B4BA6A610020266900209C
S214028B0068610020D871002010B5044640F6214066
S214028B10FFF7B0FF01214FF4807010F002FF78B12A
S214028B200022084B1C80084B1A7007F085FEBDE831
S214028B301040064B1880064B0648198813F054B8A6
S214028B4010BD00BF6A61002026690020686100200F
S214028B50D6720020D8710020044A137818B943F060
S214028B6001031370704743F00303FAE726690020F7
S214028B70044B1B781BB9044A1380FEF707B9002082
S214028B80704700BF1469002066610020042230B5D9
S214028B9001F0400387B0002B054614BF01240024D1
S214028BA08DF80C208DF80D1004D004A910F0D7FE15
S214028BB010B304ABCDE9004301210223284603AAE1
S214028BC011F0F3F80446C8B10D4BB3F868100FF075
S214028BD03DF94FF6F7739D4209D93222022120460B
S214028BE0FEF73AF880F00100C0B207B030BD294661
S214028BF020460FF00AFFF5E70120F6E71920F4E712
S214028C00DC59002010B5FFF731FE04F031FA0FF000
S214028C1088FD002010F09BFE13F024F908B1FDF742
S214028C2029F9204C2378532B12D1032323700023D7
S214028C30FF2219460120FEF763FB002012F0DEFD3C
S214028C4010B100200FF0C6F9BDE810400DF09BBF32
S214028C50062B01D0212BF0D10120FEF7F5FA4FF6B4
S214028C60FE700FF046FB4FF6FF700FF05FFB002022
S214028C70FEF752FA0020FEF759FAFEF7E9F900F07D
S214028C8029FB0DF083FF2378212B02D1FEF774F91E
S214028C90D3E70020FCF7DEFA00214FF4004010F084
S214028CA030FCCAE78468002010B50A4C0A48FCF774
S214028CB0D7F92378062B02D10120FEF7C5FA2378CE
S214028CC0062B01D0532B03D1BDE81040FFF79ABF05
S214028CD010BD00BF84680020F87100202DE9F0471F
S214028CE0DFF8C08004460E461746FFF7BFFD98F829
S214028CF0005015B90220BDE8F087212DFAD0284889
S214028D0013F037FB0028F5D114F02004394630461C
S214028D10DFF894A0DFF8949005F00F051BD00DF055
S214028D2079FA012D8AF80070A9F8006029D121236A
S214028D3088F80030FFF766FF0020DCE7212388F87A
S214028D400030FFF75FFF00214FF6FE70FEF77CFB58
S214028D50FEF780FEF0E70DF05CFA012D8AF800704F
S214028D60A9F80060EAD0062321464FF6FD7088F87F
S214028D700030FFF70BFF40F22621094812F034FFBD
S214028D80E1E7532321464FF6FD7088F80030FFF7DF
S214028D90FDFE40F22621024812F026FFCCE700BF75
S214028DA0F87100208468002027690020F8720020ED
S214028DB0F8B50D460646511C284607F0C5FB044684
S214028DC028460FF0F9F80546023013F040FA154B24
S214028DD007461B78022B02D0043B012B21D8124BEC
S214028DE01B68580201D5A1061BD5620619D50F4B82
S214028DF0B3F86830B34214D16B781B070DD52846FA
S214028E0011F034F8FCF7A4FD58B1314604F0200006
S214028E100122BDE8F840FFF761BF0FF05EFAB842E4
S214028E20F3D0F8BD846800205C4C0020DC5900209A
S214028E3073B504460D4613F0F8FAFF28034625D00C
S214028E40134A12784AB1134A32F81020520404D553
S214028E5010F06EFD002002B070BD184610F079FDCD
S214028E606946064610F07BFD40B1FCF7E7F928B1EB
S214028E70002302226946304605F0DCF8204645F01B
S214028E80400102B0BDE87040FFF780BE0120E2E775
S214028E90806800200C61002038B505460FF08CF87B
S214028EA00446284610F0A5FF411C89B2284607F062
S214028EB04BFB42060DD563781B070FD5204610F0F4
S214028EC0D5FF0146002013F0AEFABDE8384010F098
S214028ED02FBD0348BDE83840FFF7E6BE38BD00BFE9
S214028EE0F871002038B54FF6FF75A842044617D031
S214028EF00FF010FAA04213D04FF6FD72094B1988F4
S214028F0091420DD9084A1288AA4201D0A24207D13C
S214028F101C804FF47A71BDE83840044812F064BEF3
S214028F2038BD00BFDE720020FA720020E84B002037
S214028F3008B50448FCF794F84FF6FF72024B1A8005
S214028F4008BD00BFE84B0020DE72002037B505469C
S214028F500C46082369460120064AFCF7FBF815B1C1
S214028F609DF806302B700CB1009B2360BDF8040000
S214028F7003B030BD25E1010007B508238DF80600D1
S214028F80ADF80410009269460020034AFCF7E2F8A6
S214028F9003B05DF804FB00BF25E10100024A137826
S214028FA00BB1013B137070477568002008B50FF0CF
S214028FB0BDF900214FF6FF72054B08461A80FEF7F0
S214028FC0DBF8BDE8084040F616400DF0DDB900BFFC
S214028FD0DE72002008B5FCF743F80A4B1B78023B0A
S214028FE0032B08D84FF6FE73074A108898424FF6AE
S214028FF0FF7301D1138008BD9842FCD0BDE808403B
S214029000FFF7D4BF84680020DE72002010B5084B3C
S2140290101B78042B0AD00FF060F90021044608469C
S214029020FFF794FF231A5842584110BD0020FCE770
S21402903085680020F0B5002689B00546CDE90566AC
S214029040ADF81C6010F0D5FE0A23024604462946F7
S214029050009605A813F0F4F99DF815309DF81470E3
S2140290601F2B27D803A80FF0C1FB08220DF116010B
S21402907003A8F4F70FF90646E0B9092F1CD1FFF74B
S214029080C5FFB8B1144B1B78A3B1144B1A884FF620
S214029090FD739A420ED9124C124A23780433DBB27D
S2140290A023701278013AB3EB820F03DD58B20BF04D
S2140290B025FA267009B0F0BD0A34E4B221462846E5
S2140290C007F042FA0FF025FC611C284610F0B4FDAA
S2140290D0FFF708FFEEE700BF54730020DE720020A1
S2140290E0756800203F73002038B5134B1B78033B8E
S2140290F0012B20D9114B4FF6FF711B78ABB1104DE7
S2140291002B888B4217D10FF005F94EF660210446E4
S2140291100C4812F069FD4FF6FE7322462B800021A2
S214029120BDE8384009200FF002BC074A13888B427C
S2140291301CBF0133138038BD85680020547300209D
S214029140DE720020E84B00200E61002008B50448BD
S214029150FBF786FFBDE8084000210846FBF734B857
S2140291601872002010B5044661B1FF210EF0C5FE4C
S214029170002120460EF0C7FE0EF008FE01462046ED
S2140291800EF0C7FE2146BDE810400022014813F04B
S214029190C8B800BF6E6100202DE9F0410D461746A3
S2140291A004460EF009FF06782846FCF74DF92946D4
S2140291B0804620460EF04AFE0FF08FF8A84206D1EF
S2140291C020460121FFF7CEFF0120BDE8F0812846A8
S2140291D0B8F1000F0AD0FCF7B9F950B9144B3A4669
S2140291E02046BDE8F0411978FDF736BD10F0BBFB0E
S2140291F0F3E706F00306012E08D00FF06EF8002300
S2140292002246294602F042FA0028D9D120460EF01C
S214029210D9FD430505D52046BDE8F04100210FF0F3
S2140292204EB9204610F08AFBB0FA80F04009CCE72F
S2140292303E73002010B586B0044610F0DAFD104BDF
S2140292400246186819790290D3F805005B7A013253
S2140292508DF8143000238DF80C10049021460093EC
S21402926092B2052304A813F0EBF8052204A902A87B
S214029270F4F710F8B0FA80F0400906B010BD00BF4F
S21402928038B2040008B511480EF053FF104B1B7895
S214029290012B06D8FF2010F024FBFDF7B1FB10F0DF
S2140292A03FFBFDF73BF801F091FCFFF7F9FA10F0EF
S2140292B018FF07F0F1FDFDF749FD07F03DFB0CF046
S2140292C0ABFFBDE8084002F0D3BC00BFA45A0020A2
S2140292D04268002008B5F0F75DFDFF2803D0094B71
S2140292E01B78012B06D9002010F0FBFAFDF788FB4D
S2140292F010F016FBFDF712F801F068FCBDE8084016
S21402930002F0B6BC42680020064B1878112806D038
S21402931000F0FD00A0F14103584258417047012079
S214029320704700BF846800202DE9F8430446FDF725
S2140293300FFB18B100263046BDE8F8834FF6FF78DB
S214029340184BB3F868104145F4D020460EF07EFD67
S214029350154B022120461A88FDF77EFC0646002899
S214029360E8D020460EF028FE90F807900546043016
S21402937012F06DFF07460EF0B0FF49460246384629
S214029380FDF7FEFAA81C12F062FF404502D1204605
S214029390FFF7BAFB2B789B07CDD101212046FFF7BA
S2140293A0E1FEC8E7DC5900206C610020F8B50746EC
S2140293B00EF002FE0546043012F049FF0646A81CCF
S2140293C012F045FF0446304613F02FF83046FCF7FD
S2140293D03BF82B789B0701D10EF07FFFAB790BB9D8
S2140293E00320F8BD0EF079FFA0420CD10EF075FFF7
S2140293F00446094B214638461A78FFF7CDFE002868
S214029400EED00020EDE7054B1B78052B1CBF044B66
S214029410B3F86840EDE700BF6C6100208568002065
S214029420DC5900202DE9F041064610460D4610F0A4
S214029430E0FCA0F11004E7B256FA84F42146EA1BD7
S21402944004F10E00F3F72CFC2823DFF84480F355D2
S21402945098F80030637301F0CDFB611C02460120D0
S2140294600DF0A9FB08220949601DF3F719FC98F8CC
S214029470000010F0A2F805F10E0130463B4600222D
S214029480C9B201F069FC1220BDE8F081076900202C
S2140294907F6800202DE9F04F87B004460EF08CFD61
S2140294A0064620460EF0EBFC0746301D12F0CFFEB5
S2140294B08146B01C12F0CBFE384696F807A012F092
S2140294C0BDFF33789A075FD12146042001F04CFD98
S2140294D0002859D0204610F08CFC0146204607F0A2
S2140294E033F8830750D1204610F083FC014620460D
S2140294F007F02AF810F00303039345D12046FFF73E
S21402950099FE002840D0204610F049FD451C204612
S21402951012F09AFAEDB205F10A0B83455DDA304A8B
S21402952004AB1068516803C3691C204607F00CF8A8
S21402953029468046204607F007F800EB08205946E1
S2140295401FFA80F8204606F0FFFF8346039B21465B
S214029550AA1C009304A8082312F072FF20460EF0FD
S2140295608EFC5A4641460DF018FB0122404604A9DD
S2140295700FF059FB88BB022007F032FC013003D102
S214029580404604A9F0F7CEFC0EF0A7FE48453A4640
S214029590514607D10FF0A9F8F8B907B0BDE8F04F69
S2140295A00FF0F5BA48460FF0A0F8B0B90D4B1B788D
S2140295B01BB9394648460FF000FA3A465146484625
S2140295C0FDF7DEF948B1317811F0030105D12046E6
S2140295D007B0BDE8F04FFFF7C5BD07B0BDE8F08F96
S2140295E024EE03007B68002038B5114D2B78023B31
S2140295F0012B18D80DF0D3FA0446B0B9FFF7A2F83B
S2140296002B78032B07D12346FF2221460120FDF7A4
S21402961077FE012038BD21462046FAF7D5FD0038F0
S21402962018BF0120F6E71720F4E70220F2E700BF92
S214029630846800202DE9F74305460E4614460EF0D0
S214029640CBFB0C2828464AD10EF0B6FC0922002194
S21402965012F01EF900F11001C9B2284606F074FF96
S214029660042813D07C282BD0012840F0AC8046B9C1
S2140296701321284610F0E0FA03B0BDE8F0430EF0DE
S21402968055BE03B0BDE8F043FDF7DCBC5B4B1B7870
S214029690022B40F0988046B9FFF7FAF8C3070AD5BE
S2140296A0FFF792F8002C08BF3F26304603B0BDE80D
S2140296B0F0430CF0CDBDFFF7CFF80028F0D0F1E76D
S2140296C0284612F0C1F90446284612F0A1F90246CD
S2140296D03046E1B203B0BDE8F0430CF0B7BD0EF081
S2140296E06BFC8046043012F0B2FD074608F1020019
S2140296F012F0ADFD4FF6F773984204460CD8404A76
S214029700138801339BB213800BB93E4A13801EB1F5
S2140297103C4A13880133138098F8009009F0030935
S214029720B9F1010F1DD1284610F063FB0146284609
S21402973006F00AFF0B2809D00D2807D0042842D1CC
S214029740284603B0BDE8F043FFF7A6BB2E4B1B78B6
S214029750042B38D10021084603B0BDE8F043FAF7DF
S21402976033BDB9F1000F2ED13146284603F05EFD17
S2140297704EB34FF6F7739C4225D898F80160204600
S21402978016F0040622D110F0BCF8054620467DB13C
S21402979010F0E9F8034600BB0C220090214638463A
S2140297A00FF0D9FA0C22002339462046009308E02F
S2140297B010F0D9F80346C8B9144A00901278214628
S2140297C038460FF0C8FA03B0BDE8F08310F0CBF8C5
S2140297D0034678B90B220090F1E70622334621466B
S2140297E0384600960FF0B7FA0622DCE72B460095BD
S2140297F00622E4E74B46CDF80090F9E7846800209D
S2140298001661002014610020856800207573002010
S2140298102DE9F04F05888BB0044628460EF0CCFBA7
S2140298200746043012F013FD8146B81C12F00FFDF5
S21402983005A98046284610F026FB284610F0D9FADD
S21402984001460646284606F07FFE3B78824603F02F
S2140298500303012B0CBF83464FF0FF0B12F00DFCE7
S214029860E388019002930EF038FDFB79009048469B
S214029870039300F081FF002876D1404600F07CFF7B
S214029880002840F08880FDF72BFB8046FBF7CEFDD4
S21402989010B9FFF739FD30B1A8F104085FFA88F86D
S2140298A0B8F1020F1BD90BF0FD03042B00F0B380B6
S2140298B0FFF72AFD20B10AF0030ABAF1010F0ED013
S2140298C0FBF70EFD28B9714B1B7803F00F03062B2E
S2140298D068D16F4B2846B3F868100EF0B7FABBF1A2
S2140298E0010F63D128460EF09BFA4FF6FF7398429B
S2140298F040F0918000233146284607AA10F009F866
S2140299000746002842D042799DF82530934209D96D
S214029910711D284689B206F02BFEA37823F00F03AA
S2140299200233A3700CF071FC7E23B0FBF3F202FB51
S214029930130303F58073A3809DF8263013F0180FE7
S2140299400AD0A3781B0707D1009B4B4504D0484694
S2140299507A7905A90CF08EFC9DF82700003818BF0E
S21402996001200BB0BDE8F08F28460EF025FB023032
S21402997012F06DFC4FF6F773984207D9039B2BB98A
S2140299802846FFF757FC00287FF477AFA37823F02A
S2140299900F03A37008E0404612F050FD00287FF443
S2140299A072AFF3E72823A3800020DAE7BBF1020FA9
S2140299B054D10123314607AA28460FF0AAFF804653
S2140299C00EF08BFCBDF8223098421FD1B8F1000F82
S2140299D0DCD00122B8F80230314628460FF097FF55
S2140299E02C4A13780133DBB2FB711370B8F80230DD
S2140299F0BDF81E209A421FBFA37823F00F0302333E
S214029A00A3704FF4C873A3800120AAE7184612F089
S214029A1015FD0028DAD128460EF002FA12F0AEFC46
S214029A20012808BF1C4BA27809BF1B78FA2303EB58
S214029A30830303EB830302BF9B00FA339BB2120934
S214029A40A4D1DDE90121521A92B293429ED30CF0C0
S214029A50DCFB00F01F001030A080D5E7BBF1030F3F
S214029A60D9D1009B4B45D6D1711C284689B206F047
S214029A706BFD0C28CFD1FCF7FFFD4FF6FF73984223
S214029A800146C8D028460EF0E1F9C4E784680020F3
S214029A90DC590020826800204D7300202DE9F04139
S214029AA005460C460EF098F9082802D10120BDE8BA
S214029AB0F081201D12F0CBFB0646284694F807805C
S214029AC00EF0DDF9074628460EF07CF9010612D59F
S214029AD0184B1B78042B0ED1174B1B78022B0AD17E
S214029AE0164BB3F868204FF6FF739A4203D0002154
S214029AF00846FAF769FB124B1B78002BD6D1A01C3E
S214029B0012F0A5FB4FF6F773984202D86378DA078D
S214029B100DD523789B070AD13A46414630460EF0C9
S214029B20E4FD80F00100C0B200F00100BFE70120B2
S214029B30FAE700BF8568002084680020DC59002010
S214029B402C6900202DE9F04F9DB004460EF044F932
S214029B50054620460EF040F9082869D14FF4004326
S214029B602046ADF85030ADF85C4011F06DFFBDF800
S214029B705C20A0F11005EDB21046102300210095DE
S214029B8010F047F8294617A810F01BF8204611F0E7
S214029B903FFF0AF0C9FC002321461A460C20009318
S214029BA00AF0CEFA98B3204611F032FF14A9024604
S214029BB01020FBF779FF0501204611F029FF14A9B2
S214029BC002464020EDB2FBF76FFF10B120460CF0C4
S214029BD025FB204611F01CFF14A902468020FBF745
S214029BE063FFB8B99DB1102517A805F067FF204698
S214029BF0BDF8507011F028FF0646204611F008FF07
S214029C0029460090F3B2384617AA0CF09DFB1DB009
S214029C10BDE8F08FBDF8503017A8ADF85E40ADF83D
S214029C205C300CF0B4FF0028DCD145F08005DBE7A1
S214029C3020460EF011F9B0F5006F40F0058120467F
S214029C400EF01DF90646042D40F0018120460EF066
S214029C50B9F880F40060C0F3C0200022314640000C
S214029C6012F0BEFA944B1A78022A0DD0FFF74CFB7C
S214029C7050B902F0FD03312B06D0043A012A03D96B
S214029C808E4B1B78002BC2D02146022001F06CF9C5
S214029C9005900028BBD02046ADF846400EF08CF961
S214029CA00446BDF846000EF0EAF80646201D12F0FD
S214029CB0CEFAA31C83461846039312F0C8FA12A9DA
S214029CC00746BDF8460010F0DEF863780690BDF849
S214029CD0460094F80080089310F08BF863780546E7
S214029CE008F0030830460C93FBF7AEFBB8F1010F01
S214029CF00CBF032302230E93714B08BF4FF00B09D0
S214029D001E80237818BF4FF00A0903F03C03082B85
S214029D100D907FF47CAFBDF8460011F095FEA84288
S214029D207FF675AFB8F1010F03D023789B077FF457
S214029D306EAF644BB3F86830B3420DD1624A634BE0
S214029D40B2F9001093F90030002900F0A58001EB6B
S214029D500313A3EB211313804FF0010AA5F110039E
S214029D60DBB20A938DF8453010224846BDF84610FD
S214029D70CDF800A00DF145030AF0E2F900283FF401
S214029D8046AF089B13F00203099300F00981504B7B
S214029D901B78002B3FF43BAFBDF84690484610F0C8
S214029DA028F8002307904846CDE917331993ADF8F3
S214029DB068300EF064F8079B039003F10E014846E4
S214029DC089B20FF0E9FF002870D000234946079AAF
S214029DD0009317A80E2312F033FB50460DF15D01D7
S214029DE00CF0F7FE9DF869300B9004939DF85C30FA
S214029DF0282B5BD10DF16100FBF7AAFD0F9000281E
S214029E0054D104980FF0D9FB0F9B002866D1314B32
S214029E10049A1B78D31A1C0648D404F059F9504504
S214029E203CD112F02FF92C4E0546346824B104F0CA
S214029E3055F92C1B844239D30023FF2219461846B3
S214029E40FDF75EFA356031E04FF6FD76FBE64FF63B
S214029E50FF70301A18BF012000223146400012F06F
S214029E60BFF90C2D0DD12146012001F07DF8002806
S214029E703FF4CDAE214600201DB0BDE8F04FFDF701
S214029E80D3BF2DB920461DB0BDE8F04FFEF79CBAF1
S214029E90042D7FF4BCAEE5E61B025CE704F018F97D
S214029EA0022803D104F0F6F80028BAD000221920BE
S214029EB0039912F095F9AAE6846800202C6900201E
S214029EC08A610020DC5900205E610020296900209A
S214029ED0806800207F680020EC5A00201021484647
S214029EE0079ACDF800A00FF0B8F90028DED0BB4BD9
S214029EF0049A1B78934240F0AA8003990DF16102FE
S214029F0014A811F041FF012114A8FBF7F5FA8246C6
S214029F1048F2030114A8FBF763FBBAF1000F03D063
S214029F20082114A80CF0F8FD48460FF080FF0399AC
S214029F300DF16100FCF72AFCFE288246B6D0FF2807
S214029F400AD1039812F060FAFF28824600F0878052
S214029F500DF16101FCF7F4FAA04B049A1B789342C8
S214029F6000F0A38050460B99FCF7F6FB00283FF45E
S214029F704EAE50460B99FCF701FC237898070FD19A
S214029F8048460FF036FF0146484606F0DDFA00F076
S214029F900300012804D103980DF16101EFF7C2FF17
S214029FA0BDF846000DF00EFF010440F18580204604
S214029FB012F04DF940F4007189B2204612F049F9C8
S214029FC000224FF40041BDF846000DF0ECFEDDF82D
S214029FD01490012310220093BDF846100E980DF13E
S214029FE045030AF0ADF800283FF411AE032866D107
S214029FF0204612F02CF940F4007189B2204612F085
S21402A00028F9304612F01AFA002840F0B680DDF839
S21402A0101490B8F1010F40F0B6800320BDF8461048
S21402A02000F0A2FF002840F0AE802946BDF84600A8
S21402A03006F08AFA0F2801467FF6E9AD4FF6F77367
S21402A0409F423FF6E4AD30460EF024FDDFE5504673
S21402A050049903F085FA00287FF44FAF26E72378A9
S21402A06003F00303012B08D148460FF0C2FE014657
S21402A070484606F069FA082892D0594B1A78594B86
S21402A0801B789A4209D20DF161010398FCF70CFA8B
S21402A090039812F0B9F982465EE7A01C12F0D7F8D0
S21402A0A04FF6F7739842EED900E75046FCF7CEFB20
S21402A0B000283FF457AF5CE74FF0000989E73046C7
S21402A0C012F0BCF90028A4D0099B002B57D1B9F195
S21402A0D0000F52D1B8F1010FBDF846009DD02946B7
S21402A0E006F032FA8246DFF8089199F80030002B23
S21402A0F054D00EF0F2F887427FF489ADB8F1010F22
S21402A1007ED1BAF1070F75D8BAF1050F7FF67FAD8B
S21402A110354B1B78022B02D0043B012B03D899F84F
S21402A1200030002B41D00C9B9A0640F1B4800D9B68
S21402A130002B40F0AC80304612F077F9FF2840F052
S21402A140A6805E457FF463AD069B002B00F09D80E3
S21402A15012AB46F204020124ADF85C2001932146BC
S21402A16002233046009417AA0FF01FFE00283FF481
S21402A1704EAD21460EF0A3F949E5DDF814903046BF
S21402A1800FF0D9FB45E72946BDF8460006F0DCF994
S21402A190099B824613B9B9F1000FA4D0124B1B7863
S21402A1A0022B02D0043B012BBDD8304600F0E4FA65
S21402A1B0814600287FF42BAD0EF08FF8864225D11B
S21402A1C00A4BB3F868400EF088F84B4601460D225B
S21402A1D02046CDF800900EF0BEFD18E57F68002000
S21402A1E07E6800204E73002084680020DC59002020
S21402A1F080680020AAF10E03DBB2012B88D906E59F
S21402A2000AF00303012B7FF402AD81E7304612F019
S21402A21015F958B90EF07EF84FF6FF73984205D03E
S21402A22011F020FE10B93046FCF7E4F8304612F082
S21402A23005F988B10EF06EF84FF6FF7398420BD010
S21402A24011F010FE40B9B8F1010F02D1BAF1060FB3
S21402A25002D030460FF06EFB069BA3B919460122C8
S21402A26058460EF0E0FC814600287FF4D0AC20462B
S21402A2700FF0FCFD4A46014638460EF0D4FC002894
S21402A2803FF451AFC3E412A9E9E7069B61E763789E
S21402A29023F0200363704FF6FC739F423FF4B7AC83
S21402A2A04FF6FD739F4204D1B34B1B78042B3FF449
S21402A2B0AEACA3790BB1013BA37163785B0727D5DC
S21402A2C00023584617AA14A917930FF014FB1798E1
S21402A2D0F0B10FF009FB8146384612F0A6F8179A3D
S21402A2E00146137903F03000102806D003F00C0064
S21402A2F008281CBF23F00C031371137903F03303F1
S21402A300202B05D1FF2903D0012248460FF0FBFA85
S21402A310304612F08AF8FF281EBF0022974B43F8F9
S21402A3202020089B03F001094FF6F7739F4200F2C4
S21402A330F980B9F1000F40F00181314658460EF01F
S21402A3403CFB0DF0CAFF874200F0C680384612F08A
S21402A35075F8002841D0B8F1010F27D1BAF1010FE4
S21402A36017D14A462946BDF846000FF0CFFA3846BE
S21402A37012F064F8824B1B78002B72D1584612F00A
S21402A3805DF8002866D1384612F058F8002861D1E8
S21402A3903DE4384612F052F850B3BAF1030F27D113
S21402A3A02946BDF846000EF00EFD30E4384612F09F
S21402A3B045F838460FF0D7FA002847D0002339462A
S21402A3C05846BDF8462001F061F900283ED000212B
S21402A3D0BDF84600FEF7C6FE19E4384612F02EF81F
S21402A3E018B1B8F1010FD8D0E3E7B8F1010FE0D108
S21402A3F0634B1B78002BC1D0BAF1050F31D10DF09B
S21402A4006CFF8DF85C000DF068FF000A8DF85D00A9
S21402A4100123022217A90DF14600FAF775FD00285E
S21402A4207FF4F5AB691C89B2BDF8460006F07AF8EF
S21402A4300378013303706378590715D40DF04DFF86
S21402A440834522D0002239461C2032E54C4B1B782D
S21402A450002B93D0B8F1010FCED063785A0714D5EB
S21402A46002E06378580718D5BDF8464020460FF03C
S21402A47082FC411C89B2204606F054F80378B8F1F3
S21402A480010F03F1FF33037004D0BDF84600FEF758
S21402A4908DFF09E0BAF1050FD0D0BDF84600FEF7F1
S21402A4A085FFBAF1030FCDD00228CBD10021584642
S21402A4B017AA0FF023FA30B10379468003F03C0363
S21402A4C043F04003037100232E4A00933946584650
S21402A4D012780EF040FCB5E7B8F1010F7FF477AFC3
S21402A4E00AF1FF330C2B00F2868001A252F823F009
S21402A4F051A5020051A50200A1A3020067A5020011
S21402A50089A502000F9C0200ADA50200BDA50200AF
S21402A510C9A50200C9A502000F9C0200DFA5020021
S21402A520EBA50200B8F1010F71D0B9F1000F08D106
S21402A530BDF84600FEF7AEFFFFF769BBB8F1010FA4
S21402A540CED0237A03F00303012B7FF460ABEFE750
S21402A550AAF102035A422946BDF846005A410FF0B4
S21402A560D5F9FFF754BB2A465846BDF84610FEF703
S21402A5701FFCFFF74CBB00BF85680020A44A0020E2
S21402A5805273002075730020691CBDF8460089B21C
S21402A59005F0DAFF0235EDB20246BDF846305846FF
S21402A5A0009512A906F0D4FDFFF731BB01200A9AE6
S21402A5B0BDF84610FDF71AFBFFF729BBBDF84600AB
S21402A5C00FF0AAF9FFF723BBBDF84600FEF732FDEF
S21402A5D0FFF71DBBBDF84600FEF72CFDA8E7BDF849
S21402A5E04600FEF70BFAFFF712BBBDF846000CF06A
S21402A5F0C8FAFFF70CBB2B4622465046BDF846105B
S21402A6000CF095FA00287FF402AB51461BE50AF1DE
S21402A610FF330C2B3FF6FBAA01A252F823F000BF31
S21402A62051A5020051A50200A1A3020067A50200DF
S21402A63089A502000F9C0200ADA50200BDA502007E
S21402A640D5A50200D5A502000F9C0200DFA50200D8
S21402A650EBA5020010B5002111480DF011FD0446CD
S21402A660E8B10DF035FC0F4B187020460DF035FCA6
S21402A6700D4B187020460DF036FC0C4B1870204619
S21402A6800DF036FC0A4B1860012011F0FFFC204644
S21402A690FFF758FABDE81040002011F0F7BC10BDD5
S21402A6A03C6100202A6900202969002028690020D0
S21402A6B0E45A002070B5144E044633680D46BBB10A
S21402A6C00DF08AFB0C2813D120460DF075FC0922EA
S21402A6D00021044611F0DCF8235C042B08D10B4C55
S21402A6E025B10B4B22781B789A4203D300232370A2
S21402A6F0002070BD0748316811F076FA23780120F1
S21402A70001332370F5E700BFE85A00202B690020CA
S21402A7107473002018720020014B93F901007047F1
S21402A7205E610020014BB3F868007047DC590020D8
S21402A73070B500240D4D2C70EFF706FAE6B2B04263
S21402A74008D800220A4B1A700A4B198801B11A80DF
S21402A750012070BD304611F06EFEC30748BF2B784D
S21402A76004F1010444BF01332B70E5E77D68002045
S21402A770766800201061002038B50B4B05461B7822
S21402A78073B101335C08094B188811F041F90023B4
S21402A79030F81320AA4205D00133DAB2A242F7D328
S21402A7A0002038BD0120FCE77668002010610020FA
S21402A7B030B5054685B008460C4611F038FEFF282F
S21402A7C00CD00EF0E5F9012200210346CDE9011274
S21402A7D0009221462A460720FCF7F6FB284611F08F
S21402A7E024FEFF2804460FD011F025FEC2070DD521
S21402A7F0204611F020FE830708D40B4A32F81430A4
S21402A80043F4806322F8143005B030BD0EF0C0F970
S21402A810012200210346CDE90112009207202A46B2
S21402A820FCF7D2FBF0E700BF0C6100204FF6FA728D
S21402A830431E9BB2934270B504462AD8FFF79CFF8C
S21402A84038BB194B1B78042B23D0204611F0DCFDB5
S21402A850FF2801D0FBF7FEFC20460FF047F808B1B0
S21402A8600FF03EF82046114E03F0ACFE20460BF0E9
S21402A870FFFC31780E4D69B1288811F0C9F80546FB
S21402A88001461E220230F2F70BFA2C8033781E2B7A
S21402A89007D970BD202011F02FF928800028EBD1AF
S21402A8A0F7E702333370F4E7856800207668002005
S21402A8B010610020044A13782BB1013BDBB21370FF
S21402A8C00BB9024A13807047766800201061002098
S21402A8D00148FAF7D5B800BF106100202DE9F0470D
S21402A8E0804617460D468CB061B903AE00211B4860
S21402A8F011F011FD4FF000090446DFF860A01CB904
S21402A90020461DE00E46F1E700222146242330466B
S21402A910CDF8009011F094FD082241463046F2F739
S21402A920B9FCA8B9337C9BB96FB945B92A4621460A
S21402A9300A480DF0C4FB0A4A1388013B1380012023
S21402A9400CB0BDE8F0873B88B28953405B06ECD575
S21402A9502146504611F003FD0446D0E772610020FE
S21402A96070610020024B1888003818BF012070471B
S21402A970706100202DE9F04330488DB0FAF770FB85
S21402A98011F080FB2E4D2B68C41A4FF47A73B4FB79
S21402A990F3F4A4B214B111F075FB2860294F4FF6F8
S21402A9A0FF763B88DFF8A080ADF80A3000233B80B4
S21402A9B000210DF10A000DF063FB054658B9224B43
S21402A9C01B882BB14FF47A711C48714311F00CF9B5
S21402A9D00DB0BDE8F0834FF0000924234A4629460D
S21402A9E0CDF8009003A811F02BFDBDF81A30A34253
S21402A9F094BFDB1A1B1B9BB2ADF81A3063B9BDF8C5
S21402AA0018301B0602D508980BF09FFEB8F80030E7
S21402AA10013BA8F80030CBE79E4228BF1E46012322
S21402AA204A462946009303A8242311F009FD4A4604
S21402AA302946384611F075FCBAE700BF884B00205D
S21402AA40F05A00207261002070610020F0B50446C2
S21402AA502E4A8DB01068516801AB03C3A378012B50
S21402AA604FD1162200210DF11A00F2F7C7F8D4F8DA
S21402AA702110D4F81D0003AB03C32388190644BF74
S21402AA8062680892DA050BD5221D08AE04F1140797
S21402AA90354610685168083203C5BA422E46F7D1C9
S21402AAA0ADF8183013F0040318BFA3690593EFF747
S21402AAB063F80023ADF81A00082201A903A88DF84E
S21402AAC01C30F2F7E7FB18B106A903A80EF0FBFA52
S21402AAD00022242103A80DF08AFA044698B1002029
S21402AAE0FFF748FF00222146094811F01AFC094ADE
S21402AAF00020138801331380FFF73CFF00200DB0BF
S21402AB00F0BD0220FBE71920F9E700BF24EE0300A0
S21402AB107261002070610020F7B5044600200E46E0
S21402AB20FFF728FF104B1B88A34202D8212003B050
S21402AB30F0BD00210D4811F0EEFB002501460B4F3B
S21402AB400029F3D0A54208D1002424232246304609
S21402AB50009411F075FC2046E9E7384611F0FFFB39
S21402AB6001350146ECE700BF7061002072610020EB
S21402AB700148F9F785BF00BF72610020014B1888B3
S21402AB80704700BF7061002070B50C4611460E4A31
S21402AB9023781278064613F0200542EA0302227052
S21402ABA018BF611D0822F2F77BF8002D0CBF0520A6
S21402ABB00D20D4F80130B3602378337303F0180302
S21402ABC0082B08BF013070BD80680020042307B53B
S21402ABD001200DEB0301054AFAF7BCFA019B044A71
S21402ABE01B03136003B05DF804FB00BF63E51100AE
S21402ABF04C4C002010B5064C2368C3F30B0313B964
S21402AC000448E3F733FC2068431C236010BD00BFF2
S21402AC104C4C002063E51100014B1868704700BFDA
S21402AC204C4C002007B50020054B064A186004234A
S21402AC300DEB03010190FAF78DFA03B05DF804FB01
S21402AC404C4C002063E511007FB511230A4A01200F
S21402AC5001A9FAF77FFA094B9DF814201A70084BDF
S21402AC601B780BB1052B05D10BF0CEFA012007B0ED
S21402AC705DF804FB0020FAE779EB01007F6800200C
S21402AC80806800202DE9F04F0646CBB08846008843
S21402AC900121174610F0F4FE2E4B3A463188ADF8E5
S21402ACA0160006A80EF0AEFA0DF1280B5A464146DB
S21402ACB0C41930880EF030FAE4B208EB0003A3425F
S21402ACC008BF044605464FF004091CBFA4EB08045F
S21402ACD0E4B223465A460121CDE900090BEB050AE8
S21402ACE0CDF808B02D1B06A8EFF776FBEDB20BEBFE
S21402ACF004030093019523465A46414630880EF0D7
S21402AD0039FA34883946204605F01EFC394600F0EA
S21402AD10F802204605F02CFC0121308810F0B0FE27
S21402AD2001234A46514680B10DF11600FAF7ECF8B7
S21402AD3001210446BDF81620308810F0B5FEB4FA9C
S21402AD4084F040094BB0BDE8F08F3046FAF7DCF8E5
S21402AD500446F4E7076900202DE9F04FC9B004461F
S21402AD6088469246C118224A04A81F46FFF70CFFDF
S21402AD704FF00409C519EDB208AB0293A5EB0A0B16
S21402AD80A8EB0A035FFA8BFBA8EB0506DBB2F6B26A
S21402AD9004EB0A02009301215B46CDF8049004A856
S21402ADA0EFF71AFB06F590730DEB03025A44A2F571
S21402ADB08072136808A844F80830E35D324623F030
S21402ADC00703E3552C442146F2F7A8F808ABCDE971
S21402ADD0019308AA00230121009604A8EFF7FCFAC3
S21402ADE03246204608A9F2F799F849B0BDE8F08F36
S21402ADF007690020F8B506460FF0D1F8811C054613
S21402AE0089B230460EF0C8FFF0B1EDB129463046A1
S21402AE1005F09AFB1228074616D80C4B691C1C5CD8
S21402AE2089B2304605F090FB2C44052FE4B205D1DA
S21402AE30052809D8064B1B5C1C44E4B22146304662
S21402AE40BDE8F8400EF0A8BF0020F8BD7AB20400B4
S21402AE5074B20400F8B505460EF0CBFF0446284649
S21402AE600DF0AAF8A11C074689B228460EF094FFF8
S21402AE7000283ED0002C3CD02146284605F064FB34
S21402AE800646611C284689B205F05EFB0F2E30D8B6
S21402AE90194B9B5DE118731E89B2092B0ED8DFE8A9
S21402AEA003F009050D0D120D0D181E1EC40644BF33
S21402AEB0083189B2820601D5083189B22846BDE832
S21402AEC0F8400EF069BF7B78DB0612D501EB400135
S21402AED0F3E700F01F0000EB40000144EDE71F28F7
S21402AEE005D8092E0ABF4000022080B2F5E7C8281E
S21402AEF0E4D00020F8BD00BF8DB20400F8B50646C7
S21402AF000DF05AF809220021054610F0C1FC00F1A6
S21402AF101004284611F09BF9E4B207462146304653
S21402AF2005F012FB0546304610F08EFDBA05A0EB82
S21402AF300403DBB20AD47C2D0AD0082D0AD8064AAE
S21402AF40505D98428CBF00200120F8BD1220F8E721
S21402AF500320F6E7FF20F4E79EB20400014B1878C0
S21402AF60704700BF7673002038B5114B04461B7835
S21402AF7008469BB9012038BDA24205F101050FD152
S21402AF8003EBC1035B6898470028F3D11E202246D4
S21402AF904FF6FF7111F024F90020ECE70025054B6F
S21402AFA0E9B213F83120002AE6D11446EEE700BFD4
S21402AFB07673002044B204004FF6FF7307B50222F0
S21402AFC00DF106010348ADF80630E3F78BFA03B03D
S21402AFD05DF804FB603202E0002307B5ADF80430EA
S21402AFE0134B984221D10B88DA0703D5232003B0EE
S21402AFF05DF804FB9B0748BF4FF47F434FF0020205
S21402B0000C480DF1060148BFADF80430E3F73EFAEE
S21402B0104FF6FF73BDF806209A42E7D10222054892
S21402B02001A9E3F75FFA0020E1E72120DFE700BF8E
S21402B0301FD1BACA603202E0002313B5022203808F
S21402B04004460DF106010F48E3F720FA2D2801D039
S21402B050112805D14FF6FF73ADF80630FFF7ACFFA7
S21402B0609DF80630BDF806201BB1238843F0010385
S21402B07023800020FF2A82BF238843F00203238016
S21402B08002B010BD603202E0034B1B78002B14BFE7
S21402B090442056200E307047806800202DE9F04F7D
S21402B0A08DB0179C06468946CDE90223BDF8587036
S21402B0B0D588ADF816103CB9EC0605D500970BF00E
S21402B0C0D4F90DB0BDE8F08FC5F380242B054FEA06
S21402B0D0043448BF44F40064A80511D544F0800443
S21402B0E00A2E00F26981DFE816F09A002F00170098
S21402B0F0370067016701370010009A0037009E008C
S21402B100E90548BF44F04004EAE74FF001084FF073
S21402B110020B4FF0000A14E008A95FFA89F00EF05D
S21402B120ADFADDF82500DDF8291006AB03C3A44B03
S21402B13033F81930ADF816304FF00008C3460DF15B
S21402B140180A002F5DD125E006AA0DF116015FFA56
S21402B15089F003F017FAEFE74FF6F773994540F2D6
S21402B1602B8115F4026F40F02781964B1B78022B39
S21402B17003D0043B012B00F2218147BB032E4FF084
S21402B18001080CBF4FF00C0B4FF0080BBA4624F424
S21402B190C074A4B28C4B18884FF6FF73984206D040
S21402B1A08A49FAF767FB10B124F48054A4B2039BD1
S21402B1B038460093BDF81620534644F4027105F053
S21402B1C0EBF9ADF82000002838D1192079E7384687
S21402B1D010F03AFC0246FFF757FF032E08BF01386D
S21402B1E0824201DD38206CE7032E4FF001080CBFC7
S21402B1F04FF00C0B4FF0080B4FF0000A24F4C0740B
S21402B200A4B2029B1B889BB91A46394606200093B5
S21402B21008F0B9FF0028BDD140F6014051E74FF0D3
S21402B2200008C34675E74FF001084FF0030B70E7BE
S21402B230002339461A4607200093E9E74FF6FF73C4
S21402B240614A118899421CD00CF0B6FE03465E4A4B
S21402B25004301188039310F0FCFF5D49039B0978C4
S21402B26014F4805FD9715949574A1FBF086898601D
S21402B2704868D8604FF6FF7313804FF0FF330B60B9
S21402B2804B605946029A08A805F03AFA00289CD064
S21402B290504C2378002B3CD1A7B1384610F0D4FB93
S21402B2A00746BDF8200010F0CFFB23780744002B9A
S21402B2B014BF12220022EB1003F0040317443B448F
S21402B2C0842B8FDC15F400570AD0BDF820402046A8
S21402B2D00CF078FD40F4806189B220460CF05DFDEA
S21402B2E0A6F10803012B05D801221021BDF8200083
S21402B2F00CF059FD179BBDF8204043B32046BDF81D
S21402B30016100CF0A3FDBDF82030179A002013800B
S21402B310D7E6AA06C0D56B0103F020030A2E14BF97
S21402B32043F0010363F07E03DBB2B8F1000F08D0EE
S21402B33000215246009108A800F082FE0028ABD0F9
S21402B340BFE61A46514608A80EF087F8F6E72046EA
S21402B3500EF04FFD179B024621460420009308F08C
S21402B36012FF00283FF458AF0A2E18D84FF4D963BC
S21402B370F340DB0713D5072E0AD00A2E08D0BDF8F5
S21402B38020000DF02AFB80F00100C0B2800098E693
S21402B39008A80BF0D9FB0028F1D0042091E617B1DB
S21402B3A025F04005ADB22B463146BDF820005FFAC7
S21402B3B089F201F07DFE84E6012082E6162080E610
S21402B3C04060002084680020FC7200207773002012
S21402B3D03769002080680020F7B50F469DF82810D0
S21402B3E00446DDE90B061D46F1B94FF6FF739C4293
S21402B3F01CBF174B1C804FF000041CBF154B1A7065
S21402B400BDF8240005F012FA00232A46CDE90043CF
S21402B410394606209DF82030FFF740FE10B90EB1DF
S21402B420AB7A337003B0F0BD78B14FF6FF739C422F
S21402B4301FBF074B1C80074B1A7000220CF0D7FD6B
S21402B44004460028DCD11920ECE72120EAE700BFF9
S21402B450FC720020376900202DE9F04788469DF8E7
S21402B4602810074616461D469DF820A0BDF82490D3
S21402B4700B9839B158B300220CF0B9FD044610B946
S21402B480192025E00C464FF6FF739D421FBF114B55
S21402B4901D80114B83F800A04FF6F7739E4208D822
S21402B4A00E4B4FF6FD761A784FF6FF73002A18BF3A
S21402B4B01E46484605F0BAF900233A46CDE9084347
S21402B4C031464346BDE8F0470320FFF7E7BD21209B
S21402B4D0BDE8F087FC720020376900204168002032
S21402B4E02DE9F04786B09DF838600546DDE90FA8DD
S21402B4F00C4617469946B6BB374B1B78022B1DD116
S21402B50025BB4FF6F7739C4214D80026484605F032
S21402B5108DF900233A46CDE900632146FF232846EB
S21402B520FFF7BCFD38B9B8F1000F04D0BB7A88F833
S21402B530003000E0012006B0BDE8F087043B012B96
S21402B540DED908460BF0FDFA10B31DB3022D31D139
S21402B550EEF7F4FAA042EDD9204B33F814204FF65A
S21402B560FD739A4219E0BAF1000F32D01A4B1B78DB
S21402B570022B05D1FFF788FDB042E6D23820DAE783
S21402B580043B012BF6D908460BF0DBFA0028F1D172
S21402B5901620D0E74FF6F7739C42CBD8002EB4D0D5
S21402B5A03146002250460CF022FD06460028ADD158
S21402B5B01920C0E7012DBDD104AA0DF10E01E0B29B
S21402B5C002F0E0FF064B1B78A342B3D9BDF80E206B
S21402B5D0C5E72120AFE700BF846800204060002056
S21402B5E04873002030B5104B87B005460C461868E5
S21402B5F0596803AA03C298680C4910609A88DB88C7
S21402B60052BA23F04003ADF812300023CDE90043CE
S21402B610ADF81020FF23098803AA0720ADF80E50C4
S21402B620FFF73CFD07B030BD7E6100208A61002036
S21402B63038B50C461146124A124D108022682A600E
S21402B64062686A60A268AA60E288500616D5EA882E
S21402B650520613D561B1002218460CF0C8FC01460A
S21402B66050B16088FFF7BEFF0522074B1A7038BD3F
S21402B67008460EF0FFFAF2E71920F5E70220F6E791
S21402B6808A6100207E610020476900202DE9F04F84
S21402B690074689B0104615461C468A460EF0A9FB98
S21402B6A00146284604F050FF064628460CF084FC65
S21402B6B0043010F0CCFD80460CF00FFE804550D0D2
S21402B6C0B2074ED1DFF8AC80284605A9B8F800B01C
S21402B6D00EF076FC9DF81930A8F8007003BBBDF892
S21402B6E01430EBB928460CF067FC023010F0AFFDC0
S21402B6F04FF6F773984294BF4FF000094FF00109D6
S21402B70001230134E4B22A463846CDF8009005A952
S21402B710039303F001FC039B40B901339C421ED203
S21402B7200020A8F800B009B0BDE8F08F022CF8D1CE
S21402B730012BF6D10C4A0D4BA3F800A01378591C26
S21402B74011700B4A7F3B16F00C01137007D1BDF83F
S21402B7501A305B0603D5BDF81600FFF743FF022337
S21402B760D1E70020DFE700BF82680020FC720020DD
S21402B770376900208A6100202DE9F04FABB00F46F2
S21402B780ADF81E000CF018FC00F1020A0646504600
S21402B79010F05DFDBDF81E40054620460EF029FB62
S21402B7A00146204604F0D0FE814600F00308301D14
S21402B7B010F04DFD414C20800CF08FFDA8422DD09C
S21402B7C04FF6F7739D4229D87378DA0726D42846AF
S21402B7D00EF0C9F830B101232946BDF81E20208894
S21402B7E0FFF754FF0CF079FD344B1B8883420FD1D0
S21402B7F0BDF81E4020460EF0FCFA0146204604F034
S21402B800A3FE10F00C0103D1BDF81E0001F00EFDE0
S21402B81000222B4B1A602BB0BDE8F08F2949BDF8E9
S21402B8201E000EF0CDFB2849BDF81E000EF02BFBC5
S21402B8300028254B08BF0023214ABDF81E001360CE
S21402B8400CF046FB214B1870BDF81E000CF045FBB1
S21402B8501F4B1870BDF81E000CF04AFB1D4B1860FB
S21402B86000238DF82230002F3AD0164BDB889B0639
S21402B87036D5194B1B689D071ED4B8F1010F14BFAD
S21402B880082318230DF12202009200220DF11E0059
S21402B890114600F0D5FB18B3B8F1010FA2D10F4B39
S21402B8A01B78112B9ED10DF077FE00289AD140F618
S21402B8B01D40FBF70FFB95E70823E3E78A610020AC
S21402B8C0F85A00207E6100202F6900202A69002095
S21402B8D029690020E45A00205C4C0020846800207D
S21402B8E0504610F0B4FC8246BDF81E0010F0ACF8CC
S21402B8F0A0F11005EDB22A4631460AA8F1F70EFB72
S21402B900FF238DF82F304FF6F7739A4540F2DF800B
S21402B910B8F1010F00F0E780B8F1020F00F046819F
S21402B920B8F1000F7FF45EAFA44DBDF81E00EB88A1
S21402B930ADF8240004930CF03FFBBDF824600746E4
S21402B94030460EF056FA0146304604F0FDFD8DF8FC
S21402B9502300B81C7E7810F07AFC07460CF0BDFC7B
S21402B96006F00106B4F8009003906C88002E7FF46F
S21402B97039AF4FF6F77A4246494657458CBF0620FE
S21402B980082010F02DFCBDF824B058460EF031FA0F
S21402B9905946024643460420CDF8008008F0D0FB04
S21402B9A0574583460AD8B5F90620EB88002A05DBF8
S21402B9B0580603D541462046FFF714FEBBF1000F9A
S21402B9C03FF410AF2B88002B5AD16B79002B57D13E
S21402B9D04FF6F7730DF126019F42BDF8240094BF7F
S21402B9E04FF0000B4FF0010B0DF0A7FEDFF8D8A1C9
S21402B9F000F1FF38BAF800301FFA88F10593EB8899
S21402BA00BDF82600069304F09FFD069B049901905C
S21402BA10009322465B460598C1F340110BF09EF850
S21402BA2000283FF4DFAE042306200093BDF826105C
S21402BA30624B5FFA88F208F083FB00283FF4D2AE2E
S21402BA4048F202036A889A4205D1BDF82410BAF871
S21402BA50000000F025FF594D09AA29460DF12300E2
S21402BA600BF07AF8034600287FF4BCAE2104BAF83D
S21402BA700000BDF8242060D5234629460DF072FE4C
S21402BA809DF823304D4D03F00C030C2B75D12889FD
S21402BA900DF033FE00283FF4A5AE039B0020298953
S21402BAA04B4514BF0226032602F044FC444B187092
S21402BAB04FF6F7739F42BDF8240075D8A4F13802FA
S21402BAC05342534132463D4904F036F88AE6B8F10D
S21402BAD0020F6BD0394BB3F90630002B26DAB8F1D9
S21402BAE0010F7FF41DAF0CF0F8FB238883423FF46E
S21402BAF079AE0520BDF81E10FFF736FA00283FF48F
S21402BB0071AE2E4AD3885B0607D50023CDE90033F3
S21402BB100A20FF232188FFF7C1FA3A469DF8223011
S21402BB202188BDF81E0002F01DF85BE629460AA829
S21402BB3000F070F80028D2D054E60221DFF88C809C
S21402BB4088F800102946CDF800B003F0E5F9132C6A
S21402BB5096D0EB885D0493D41A4B1B78D80703D58E
S21402BB6098F80020022A8BD099077FF53BAE98F80A
S21402BB700030012B7FF436AE82E700222B79124882
S21402BB8000936B791146008802F0FCFB0C4B187090
S21402BB909DF8233003F00C03082B89D1039B4B45F9
S21402BBA014BF0426052683E701238BE74846BDF823
S21402BBB01E20024901F0AEFA14E600BF7E610020A4
S21402BBC046690020456800208A6100203869002006
S21402BBD010B5002108480CF053FA044650B101464D
S21402BBE00420FFF7C1F928B12046BDE81040012124
S21402BBF0FFF7C2BD10BD00BF6E610020034BFF21E0
S21402BC001A7803489200F0F7F9BF00BF4973002084
S21402BC101449002070B5451804464FF0FF31AC4277
S21402BC2012D1104B10481A7805460023934211DBB6
S21402BC300E4C2078431CB3FBF2F602FB163345F893
S21402BC402010237000200CE014F8010BE1F79EFD93
S21402BC500146E4E750F8044BA14201D00133E5E780
S21402BC60012070BD49730020144900203969002064
S21402BC70042307B501200DEB0301054AF9F76AFA1A
S21402BC80019B044A1B03136003B05DF804FB00BF6C
S21402BC9023E11100F45A0020014B1868704700BFD8
S21402BCA0F45A0020014B1868704700BFF45A00206F
S21402BCB010B5064C2368C3F30B0313B90448E2F726
S21402BCC0D5FB2068431C236010BD00BFF45A002039
S21402BCD023E111002DE9F04F93B003930023DDE931
S21402BCE01C79069399F8003083460DA804930E46F5
S21402BCF015460AF0C1FB99F8003013F003043ED053
S21402BD00039B0DF1250A8DF82430002208213846BF
S21402BD100CF071FA002870D028880CF04DF999F8CA
S21402BD2000301C074CBF0430023010F090FA07A90E
S21402BD308046F9F79FFB9DF824300446980633D5D3
S21402BD40288806F10D010EF027F8A8B1002300930B
S21402BD50384608232988721D10F072FB99F80030C5
S21402BD6003F01803182B4AD1B8F1000F47D0A94B9D
S21402BD70B3F86830434542D040F60A4327E02888A5
S21402BD80711D0EF009F80028F6D0009405233246FD
S21402BD90298809A810F054FB9DF824300DF1240AD6
S21402BDA003F018030393B0E714BB39464046F9F78D
S21402BDB061FD0028D2D099F800309907DCD04023E4
S21402BDC02246214640460DF074FD40F6094399F896
S21402BDD0002012F0030440F0F780288803930CF04A
S21402BDE04EF8224601461A2010F0FAF9039BEBE0C1
S21402BDF007AB03CB38607960B0E74FF6FF780AF0FE
S21402BE0090FE044620B104213846F9F74FFB04465B
S21402BE101E9B002B5AD009231E990DA88DF834308C
S21402BE200AF0A4FC209B0BB1209B0693039B002BDD
S21402BE3040F08E800DA8EEF731FB99F800309A0795
S21402BE4000F09880FFF734FF5146024601200AF0C0
S21402BE50B2FE99F800309B0710D5594628880EF096
S21402BE6075F80BF1090350FA83F35FFA83FB594620
S21402BE7028880EF042F800EB0B06F6B299F800306E
S21402BE8013F0C20F0AF104030DD09DF82420624974
S21402BE9042F020028DF824200A68CAF804204A6874
S21402BEA05A600AF10C03012209A800921B1A3246B4
S21402BEB029889BB210F0C4FA324659462846FEF745
S21402BEC0E1FE002800F0A48000237DE01F9B5BB10A
S21402BED09E460DF1340CBEE80F00ACE80F00DEF80B
S21402BEE00030CCF800309DE7049B594603F020034F
S21402BEF02888049304F028FB10F0030F0CBF0123DC
S21402BF0000230593049B059A003B18BF012342EACF
S21402BF10430300930DAA06AB38461F9900F0FEFABB
S21402BF20049A034682B1002880D0059B0DAA00938E
S21402BF30384606AB1F9900F0F1FA034699F800203E
S21402BF4022F0200289F80020002B3FF46FAF3EE774
S21402BF50039B102B06D1BDF8363043F00103ADF833
S21402BF60363067E7039B182B4FD1BDF8363043F0C7
S21402BF700203F4E701200DF125010AF02AFE99F8E2
S21402BF800030824613F0040F288821D1069B1BB38B
S21402BF90002C35D00BF073FF00220146162010F05D
S21402BFA01FF984B17FB14FF6FF7398450BD000237B
S21402BFB00DA91A4638460AF0EAFC394640469DF86C
S21402BFC035200AF0C4FD0123184613B0BDE8F08FF1
S21402BFD0002CDFD1104F01E0002CDBD100233246CB
S21402BFE0009359463B460DF038F900283FF4C4AE9C
S21402BFF0002C3FF469AF069A0AF10103136063E767
S21402C0001B685345C6D80124E8E740F60A43DBE737
S21402C0101923D9E7DC59002007690020002307B559
S21402C020054A0648136004220DEB02010193E2F76B
S21402C03059FA03B05DF804FBF45A002023E111001C
S21402C0402DE9F04F0446B1B000888DF82F30164621
S21402C0508A460DF0CEFE0146814620880DF04DFF41
S21402C06000EB090820880DF09AFF00239DF82F5058
S21402C0705FFA88F815F001070790ADF8363008D158
S21402C08001460DF1360220880DF040FE08B1ADF8EB
S21402C090367016B9CDE90E660EAEFEF763FC18B121
S21402C0A045F020058DF82F500023CDE90333029387
S21402C0B00DF12F03CDE9006322465346414648461A
S21402C0C0FFF708FE0546002800F043819DF82F3052
S21402C0D013F0010746D1B44A23F0200310685168D2
S21402C0E08DF82F3010AB03C3184600F0FBF9054657
S21402C0F0FEF744FDBBB2984200F2B7803A9B13B1FA
S21402C10000233A9A1370BDF83630CBB1012120884D
S21402C1100FF0B6FC27880546002800F04F81012163
S21402C12038460FF0ADFCBDF83670054638460FF0BF
S21402C1308BFC002300903A46194628460DF069FD0E
S21402C1400023CDE9033302930DF12F03CDE90063FB
S21402C1502246534641464846FFF7BCFD05460028A0
S21402C16000F0F7809DF82F3003F01103102B40F0FB
S21402C17003818E4B1B78432B40F0FE808C4B1B6852
S21402C1805B0640F1F980208808F105010DF004FEF7
S21402C1908346002800F0F0804146208804F0D4F957
S21402C1A0844B10F0200F08BF1E4612A800F09AF922
S21402C1B00822314612A8F1F76DF8002800F00E8129
S21402C1C0314612A80AF08CFC012326AE00933246B2
S21402C1D0002314A912A800F0A1F9002840F0CC8090
S21402C1E012AB0DF12F07CDE90360029000932246B1
S21402C1F05346414648460197FFF76CFD002800F07B
S21402C200EF80BDF89A30102043F0080318AA14A94C
S21402C210ADF89A300CF0F8FE002840F0AD8012AB74
S21402C220CDE90360CDE901700093224653464146AC
S21402C2304846FFF74FFD0546002840F09D8018ABA4
S21402C2404FF49071002012AA00F0D4F84FF000517B
S21402C25000200DF056F9BBF1000F00F08C804FF075
S21402C260805100200DF04DF985E018AB14AA26A9DE
S21402C270F8B20AF0E1FB002840F09480082210A9E8
S21402C28027A8F1F707F88346ADB19DF8A53013F05D
S21402C290020F08930FD0082212A927A8F0F7FAFF78
S21402C2A048B9089B590706D53A9B13B101233A9A17
S21402C2B01370089507E03A9B002B61D1BBF1000F83
S21402C2C070D1002308930DF1740C14AB0FCB8CE8DD
S21402C2D00F00BDF83630CBB1012120880FF0D0FB1D
S21402C2E0B4F800B000284FD0012158460FF0C8FB22
S21402C2F0BDF836208346104609920FF0A5FB0023B0
S21402C3001946099A009058460DF083FC2A4B0DF107
S21402C310740B0493002303930DF12F03CDE90063FE
S21402C3202246534641464846CDF808B0FFF7D2FCAF
S21402C330002837D1002D33D012AA5B464FF4827103
S21402C3404FF4005000F056F8089B13B126A80AF0E6
S21402C3508EF9174B1B689A070DD4FEF703FB50B1F4
S21402C360114A18AB1068516803C3002226A918A800
S21402C3700CF06DFE68BB0025284631B0BDE8F08F94
S21402C38000233A9A137099E7BDF836200A901046B1
S21402C39009920FF059FBDDE9092307990090B2E7ED
S21402C3A02A46CAE70137A3E624EE03008468002083
S21402C3B05C4C0020465A0020584C0020BDF836B08F
S21402C3C058460FF041FB2B4600905A4638460799CE
S21402C3D0B4E626A918A80CF076FEC6E78346F3E66E
S21402C3E014AB2DE701461A230120014AF8F7B2BE24
S21402C3F024E10100F0B5164691B0074609A80D469D
S21402C4001C46FFF7EFFF3EB1336845F04005CDF816
S21402C41026307368CDF82A301B4B1A6822EA0702C8
S21402C42042EA050119604B040DD5BDF824200B0A1B
S21402C43003F4E243C9B222F4E3420B4322F07F0242
S21402C4401343ADF824301A230020104A09A9F8F73E
S21402C45081FEB4B104A80AF00FF802236A468DF8EA
S21402C46010301546234604F110061446186859681B
S21402C470083303C4B3422246F7D1294604A80AF079
S21402C48075F911B0F0BD00BF5C4C002024E101003C
S21402C49047F2FF10044B196841F48042014041F410
S21402C4A080411A600DF02DB85C4C002000B589B0B2
S21402C4B0FEF7CAFB01A8FFF795FF0948BDF804205E
S21402C4C00168130221F0FF0103F4E2030B43D2B228
S21402C4D0134343F48043036009B05DF804FB00BFD6
S21402C4E05C4C002010B50C4B0446186888B08307D5
S21402C4F006D54FF0FF3323600120636008B010BDFD
S21402C50010F04000FAD001A8FFF76CFFDDF8063005
S21402C5102360DDF80A30EFE75C4C00202DE9F04F8F
S21402C52099B081460C461E4617469DF88880A2B1F1
S21402C5301546284609F0A0FF18F0020B0FD004B9E2
S21402C54011AC6B462246294648460AF053FA0EB10B
S21402C5500023336019B0BDE8F08F0CADE9E76B46F7
S21402C5602946484604AA0AF012FA6B7808F001082F
S21402C570FF2B25D000287AD154B104AB08AF1A4657
S21402C58003CABA4220606160134604F10804F6D179
S21402C59026B16A78374B03EB82033360B8F1000F9B
S21402C5A001D10020D6E7BDF80030D906F9D418200C
S21402C5B04FF6FF716A780FF013FE40F60E40C9E799
S21402C5C0DFF8B8A0DAF800302EB19A0756BF2A4A2A
S21402C5D0C6F800B0326003F03003102B01D0202BD7
S21402C5E01ED111A8FFF7FEFE082248460DF14601AD
S21402C5F0F0F750FE28B1DAF8003003F04403402B7F
S21402C6000ED0B8F1000F0ED108A80CF07EFF022360
S21402C6102B70C4B9002FC4D0281DFFF763FFC0E7F4
S21402C62040F60A4096E7DAF80030DB03ECD508A8B5
S21402C6300CF06BFF02232B70BCB9002FB7D0281D5D
S21402C640FFF750FFB3E7002608AB0CAF1A4603CA43
S21402C650BA4220606160134604F10804F6D1281D30
S21402C660FFF740FF002E9CD0A1E70126ECE72D2025
S21402C67070E700BF70480020584C00205C4C002039
S21402C68049B9084B197849B14EF66023594328B187
S21402C69005480FF0A9BA41F28831F8E70248F8F7E0
S21402C6A0DFBC00BF43680020A84B002070B586B0F0
S21402C6B00546F8F7C3FD10B9022006B070BD01A802
S21402C6C0FFF710FF06460028F6D08DB92E4B1C68E1
S21402C6D014F0020406D02D4B1B78112BECD12C4BF8
S21402C6E0B3F868404FF481630221ADF80C3023E0C2
S21402C6F02846F9F72DF90028DED1234B1C6814F0E2
S21402C700020406D0214B1B78112BD5D1204BB3F84F
S21402C71068400822294601A8F0F7BCFD0028E1D0AF
S21402C7204FF4027300260A21ADF80C302B68CDF8C0
S21402C7300E306B68CDF81230002203A80BF057FCBF
S21402C740024608B91920B8E70F4B196801F0300302
S21402C750102B17D0202B14BF01230323490001F00E
S21402C76004010B432046002100F0F4FF0028E9D024
S21402C77000210120FFF784FF16B10122054B1A7033
S21402C78000209AE70323E9E75C4C00208468002037
S21402C790DC5900202E69002030B500251D4C85B0DE
S21402C7A0CDE90055F8F75CFC23784BB31A491B48D1
S21402C7B00A780078904223D90132012B0A700ED1F2
S21402C7C02A464FF4A071284602F0BEFAC0B2B8B9A3
S21402C7D041F2883112480FF007FA05B030BD022B3D
S21402C7E009D1284602A9F9F745F80028EED102A891
S21402C7F0FFF75CFFEAE7032B02D101F065F9E5E7F4
S21402C800002108462170FFF73BFF0421684609F025
S21402C810A1FDE2E73A6900203B6900207F73002011
S21402C820A84B002070B5194A194D04465168106885
S21402C83086B02E7801AB03C31EB10224204606B092
S21402C84070BDF8F745FD0228F7D103A800F0E8FD11
S21402C850082201A90DF10E00F0F71CFDA0B10D4B48
S21402C86032464FF4A07130461C7002F06DFA044650
S21402C8700028E3D10123084A41F2883107482B7089
S21402C88013700FF0B1F9D9E72324D7E7A7B2040053
S21402C8903A6900207F7300203B690020A84B0020E5
S21402C8A0F0B50C4600219BB02B4F0646492207A83E
S21402C8B00691F0F7A3F93B78012B34D19EBB0DF11C
S21402C8C00E0120460CF039FF0546BDF80E000FF0AB
S21402C8D0BBF8441BE4B2BDF80E1023462A46009667
S21402C8E006A80FF0ADFD304604A9F8F7C3FFD0B98D
S21402C8F0CCB19DF81920B2B9BDF8233003F47E43BB
S21402C900B3F5285F1ED3B3F5385F0ED31349BDF8CF
S21402C9100E000B6843F400030B6029460AF0FAF88F
S21402C92018B104233B701BB0F0BD01220C4B04A8C7
S21402C9301A70FFF7BBFE41F288310A480FF054F92D
S21402C9400223EFE711463A70FFF79AFE1E2104A86B
S21402C95009F000FDE7E700BF3A6900205C4C0020C2
S21402C9603B690020A84B0020014B1870704700BF9F
S21402C9703B690020014B1878704700BF3A690020D7
S21402C980014B1870704700BF3A6900202DE9F04F3E
S21402C9900446408891B00E298846ADF81A0074D035
S21402C9A094F80890A7790BF007FB09A90546BDF88D
S21402C9B01A00E6790DF004FBBDF81A000BF002FA35
S21402C9C0430542BFBDF82A3043F40053ADF82A307F
S21402C9D0E379D80642BFBDF82A3043F48053ADF857
S21402C9E02A30BDF82A30990613D5022F52D10CA947
S21402C9F0207A0CF043FEDDF83500DDF8391007AB7F
S21402CA0003C307AA0021042300910DF11A00FFF7C1
S21402CA1017FB0121BDF81A000FF032F8022F8246EA
S21402CA2044D1454B33F81950B8F1000F79D0BDF810
S21402CA302A305A0675D54FF6FB72954271D83F4A90
S21402CA40B2F86820AA426CD0DB0502D528460CF064
S21402CA505BFFBDF82A30D80463D5002F33D1BDF86A
S21402CA601A000BF0AFF9C10663D548F23403BDF8DD
S21402CA7026209A4209D1324E3078FF2805D003226A
S21402CA802946FCF72BF9FF2333700023236011B0ED
S21402CA90BDE8F08F012F01BF237A2A4A03EB430336
S21402CAA002EB830314BF00229A1CABE7012F05D1C9
S21402CAB00C2303FB09F3234AD55AB5E7A81C0FF04B
S21402CAC0C6FB0546B0E7284601F07CFDBDF81A0015
S21402CAD00BF078F9C206C8D46389504605930EF067
S21402CAE0B3FF834650460EF093FF059B02905FFA13
S21402CAF08BF04A46394601900093404609AB09F04E
S21402CB00C1FBB8F1000F14BF0B20092016F0030278
S21402CB1018BF02F1FF32294618BFD2B20FF060FBEF
S21402CB20A3E7BDF81A000BF04DF9C3069DD4002FFB
S21402CB30D2D1A946D0E700BF40600020DC590020D1
S21402CB4083730020805F002038B500240F4B104D01
S21402CB502A78A24205D8C2B9BDE838400D48F8F78F
S21402CB607FBA598869B9013AD2B2A2422A70EFD086
S21402CB70121B184603F110011201F0F791F8034652
S21402CB80E6E701341033E4B2E2E738BD7448002029
S21402CB903E6900203872002070B51A4B1A4A1D787A
S21402CBA00023DCB2A54200D870BD14466688013365
S21402CBB0864202F11002F4D1E379A588E16003F01F
S21402CBC040028DB9CAB123F00403E3710BF0F4F905
S21402CBD0037803F07F03037021880029E4D1BDE8BF
S21402CBE070400A480FF000B800216580A180002A34
S21402CBF0E9D1BDE87040FFF7A7BF2046FFF7C6FEA3
S21402CC00F7E700BF3E690020744800203872002013
S21402CC102DE9F047044686B040880F4615460BF0CD
S21402CC20CBF9A3798046082B52D8DFE803F0052E0D
S21402CC30185151515151050002300FF008FB002DDA
S21402CC404ED06946F8F716FE002841D1684601F034
S21402CC5063FDB0FA80F0400906B0BDE8F08702A98D
S21402CC60207A0CF00BFD6B466E46DDF80D00DDF803
S21402CC701110334A03C3237A32F81390314AD05C38
S21402CC8075B131460CF01EFDE6E7237A2E4903EB1A
S21402CC90430301EB830231F82390907A961CEFE768
S21402CCA04FF6FB7AD14515D930460CF055FE4FF6B5
S21402CCB0FF739842054615D00146304601F09EFCA9
S21402CCC0554508D9E379DA060ED440F62243E360E6
S21402CCD00020C1E74D46294608F102000FF0B9FAD6
S21402CCE00120B9E74D46EDE74FF6FC78454512D1EF
S21402CCF003F00C030C2B1CD1DFB130464FF6FD714E
S21402CD0001F07CFC40F61F412046E160FFF73EFE44
S21402CD10FFF71AFFDCE74FF6FD739D4209D10023A9
S21402CD20304619461A4602F0DBF84146304601F014
S21402CD3065FCE37943F00C03E37140F62343C6E750
S21402CD40406000204A680020805F002073B50446D9
S21402CD5040880E460BF030F902300FF078FA09F0F0
S21402CD60F0FE18B1A11C201D09F0F0FEE6B1E5792F
S21402CD700135EDB2E57115F0400514D0ECF7D8FE9A
S21402CD800122054600212046FFF742FF18B1394B23
S21402CD901B882B449DB2384B1B78042B01BF354BA6
S21402CDA01B885B199DB22580002231462046FFF77C
S21402CDB02FFF20B360880BF0FFF8E2792F4922F0AC
S21402CDC00C03E3710B7805460133DBB20B70C371BB
S21402CDD02B4BA61C1B780BB3E37998061ED5294964
S21402CDE0097871B159060CD592070AD50022042398
S21402CDF0114630460092FFF723F910B1E06002B008
S21402CE0070BD00220123114630460092FFF718F942
S21402CE1020B1E37943F00303E371EFE7304609F00C
S21402CE2093FE0028EAD16088FCF7C0FA0328E6D809
S21402CE30DFE800F0020D1D19E37943F00403E37105
S21402CE401B06DCD5104B1A78104B1A70D7E740F643
S21402CE502443E360E37943F00803E3712B7803F09D
S21402CE607F032B70CBE740F62543E360C7E740F627
S21402CE702643FAE7D67200208568002082680020E2
S21402CE808068002080730020486800203D690020EA
S21402CE902DE9F74F06460FF0F0F85F4B0546B3F85C
S21402CEA0009018805D4BA0EB09041B78A4B2A34245
S21402CEB098BF00234FF000084FF6FF7788BF1B1B72
S21402CEC0564A88BFDBB21370DFF864B1A9EB0003E1
S21402CED00093534B5FFA88F2197891420ED80EB13E
S21402CEE0FFF732FE4FF6FF739F4200F08E80394600
S21402CEF04C4803B0BDE8F04F0EF076BEBBF80220F9
S21402CF00002A3CD0484B9BF807201878BBF800A0B4
S21402CF10042818D00020BAF1000F08BFA246204409
S21402CF20504523D2BBF80010009B1944ABF8001002
S21402CF30002E4ED002F04802482A4AD10021584616
S21402CF40FFF704FF45E00192F8F704FC30F0100307
S21402CF50019ADFD1FBF746FC344B019AB3F800C0C6
S21402CF608445D7D9ACEB000080B2D4E702F00C00BF
S21402CF70042807D10022ABF800200BF1100B08F1B1
S21402CF800108A6E7510602F0030C02F008000ED5CF
S21402CF9028B3BCF1030F25D1DEB1DBF80C105846DE
S21402CFA0002908BF4FF44261FFF7F0FC11E040B3DE
S21402CFB0BCF1010F25D11206EED44FF4C862ABF8CD
S21402CFC000209BF8072022F0030242F002028BF8B0
S21402CFD00720BBF80020974228BF1746CDE703205C
S21402CFE08445D9D213060ED50C4B1A780AEB0200EA
S21402CFF0844208DA4A44521B0AEB0201ABF80010DC
S21402D000E7E70120ECE7012199E7064803B0BDE80F
S21402D010F04FF8F725B800BF746100203D69002084
S21402D0203E6900203872002085680020D6720020F3
S21402D03074480020F8B500250A4E0B4F3378ECB240
S21402D040A34204D8BDE8F8400848F7F719BD07EB35
S21402D0500414A01CF7F714FD201DF7F711FD013587
S21402D060ECE700BF3E690020744800206A61002099
S21402D07070B500240B4D0C4E2B78A34208D81B1B10
S21402D080DBB22B706BB9BDE870400848F7F7E8BF13
S21402D09006EB041040F621410134FFF777FCE4B2B8
S21402D0A0EAE770BD3E69002074480020387200200E
S21402D0B0F8B5154EDFF858E035789EF800E0134FC5
S21402D0C0AE454FEA051C07EB051419D0002503F4FC
S21402D0D0835343EA1323A1712272E371608027F817
S21402D0E00C50A58003F0A8FB40F60243E3603378B9
S21402D0F06081013328463370FFF7CAFE2846F8BD22
S21402D10040F60340FBE700BF3E690020744800205B
S21402D110477300202DE9F04F344B0D461C78174616
S21402D12085B05CB9B1F90680DFF8C890DFF8C8A010
S21402D130DFF8C8B099F80030A34202D805B0BDE8BF
S21402D140F08F0AEB0416B08800B9708801A90CF0BB
S21402D15037FFAA7A9DF80E309A4244D1B8F1000FF2
S21402D1600FDA297A9DF80C202B89914209D820489B
S21402D17000780844824236DA521A1B0A1341D9074B
S21402D18031D538460CF00BFFBDF80A3004469A0635
S21402D19002D5EB889B06D1D5F37903F00C03042B5A
S21402D1A008D17088F9F786FD00237288194618465A
S21402D1B00CF0CCFB00213046FFF7E8FBFFF7C4FC7F
S21402D1C038460EF041FC844208D2337A01228BF8AC
S21402D1D0003029460023384602F0AEFCB8F1000FB4
S21402D1E0ACDA0024A6E70134E4B2A3E73C690020E7
S21402D1F0467300203E6900207448002046690020DD
S21402D20008B50EF03AFF074B1B88C01A80B2B0F57D
S21402D210807F05D9BDE80840002103480EF0E4BC33
S21402D22008BD00BF74610020387200202DE9F04767
S21402D23088B004460D460CF0DCFD0146204603F09D
S21402D24083F910F003035FD110F00C0F06D12946C4
S21402D250204608B0BDE8F047FFF79EBC20460AF01D
S21402D260B1FDC30638D420460CF0C3FD0146204665
S21402D27003F06AF9064620460AF09EFE8046023011
S21402D2800EF0E5FF05A9074620460CF099FE06F0CB
S21402D2900C0698F801300C2E0CBF4FF003094FF025
S21402D2A00609012113F0010F204618BF4FF00309AB
S21402D2B00EF0E6FB174B80461B88A3420FD1B5FA49
S21402D2C085F04009FBF748FC20460AF0A9FD00223B
S21402D2D0014607200EF084FF08B0BDE8F08703F091
S21402D2E0ABFA824640460EF0AFFB064640460EF0CC
S21402D2F08FFBF6B202903A4649462846CDE900A68A
S21402D30005AB08F0BFFFDFE7012BE5D110F00C0FED
S21402D310E2D19CE76A610020002210B5094B1C7816
S21402D320094BD1B28C4201D8002010BD197A814235
S21402D33002D19979022902D010330132F1E7012095
S21402D340F3E700BF3E690020744800200146002231
S21402D35010B5084B1C78084BD0B2844201D8002086
S21402D36010BD187A884202D198790128F8D0103375
S21402D3700132F1E73E69002074480020002210B412
S21402D3800A4B1C780A4BD1B28C4203D85DF8044B88
S21402D390FFF7DABB197A814205D19979012902BFD2
S21402D3A000211980598010330132ECE73E690020D3
S21402D3B074480020024B1878003818BF01207047C6
S21402D3C03E690020044B1B6813F0300F03D0202167
S21402D3D030200CF096B870475C4C0020002310B545
S21402D3E0044608491A4601EA00414FF07F60FFF7FB
S21402D3F001F8E30703D5002130200CF082F8002064
S21402D40010BD00BF00007207044B5B8823F478430C
S21402D41023F08D0303800020704700BF5C4C002081
S21402D42008B500220346C3F80220C3F806200B4ABA
S21402D43002301268D1B212F0200F18BF41F010016C
S21402D4401980930701D4FFF74DF8054B1B78023B72
S21402D450032B8CBF1720002008BD00BF5C4C0020A9
S21402D4608468002038B505460C46FDF7EDFB98B1FA
S21402D4700E4B187878B10E4B1B681A040FD58CB178
S21402D48013F0420F00D17DB103F44073B3F5407F31
S21402D4900CBF0020232038BD40F60840FBE740F6CC
S21402D4A00B40F8E72046F6E72320F4E780680020E2
S21402D4B05C4C0020F0B504468DB007A80D46164613
S21402D4C008F0DAFF1022002103A8EFF797FB5CB101
S21402D4D0234603AC03F1100722461868596808333E
S21402D4E003C2BB421446F7D1012703A986EA070303
S21402D4F007A88DF81C708DF81D3009F028F980EA0F
S21402D500070401A8E4B2EDF727F8B6B101A88DF832
S21402D5100650EDF74DF864B1002303A907A88DF86D
S21402D5201D3009F023F90C4B1B78432B01D1F9F778
S21402D530DBF80A4B1D700DB0F0BD01A88DF8075040
S21402D540EDF736F8002CF6D003A907A88DF81D7063
S21402D55009F00CF9EFE700BF846800207F6800201E
S21402D560F0B5012593B007460DA80C4608F084FFD7
S21402D57005A90DA8ADF8345009F013F901A8ECF787
S21402D580EBFF09A90DA88DF835509DF8066009F045
S21402D59008F90DA89DF8075009F099F870BB731B9F
S21402D5A0DBB2802B28D91FB1A64225D0A54223D1B3
S21402D5B005A90DA809F0DAF803A8ECF7CDFF03A831
S21402D5C08DF80F60ECF7F4FF0122294609A8FFF751
S21402D5D071FF0BF07CF801214FF400700CF0A1F9FA
S21402D5E0FDF71AFBB0F1004F01D9FDF71BFB044B08
S21402D5F0187808F0ADFE012013B0F0BD0020FBE75E
S21402D6007F68002070B50E46144605460320FFF7D5
S21402D610B7F946F004022946204609F001F900222D
S21402D620014B1A6070BD00BF584C0020F0B587B0A1
S21402D630078805461022002102A8EFF7DFFA3E4BC4
S21402D6401B78002B76D1BC055ED407F08403842BAE
S21402D65063D00022394C11461046FFF72BFF17F411
S21402D660045F276005F102061CD0B9040AD53046CD
S21402D67002F09CFA00284ED1236823F4005343F4A8
S21402D6808073236030460BF0B8FF002842D108F0C2
S21402D690F1FE18B9236843F480332360236843F00D
S21402D6A02003236022680DF1060042F40043236043
S21402D6B0FFF7AAFE12F4805FBDF8063031D043F0C1
S21402D6C02003ADF806302168334611F0400218BF39
S21402D6D005F123024FF07F60FEF78CFEBDF80630A0
S21402D6E0DA0703D5002130200BF00BFF23689B05D9
S21402D6F006D5012295F8221005F11200FFF7DAFE90
S21402D70000200F4B186006E005F112000BF075FFC3
S21402D71000289AD0292007B0F0BDB80799D5232053
S21402D720F9E723F02003ADF80630FDF77BFAFEF7A3
S21402D73075FCC8E70220EEE7846800205C4C0020F7
S21402D740584C0020024B1868C0F30050704700BFC8
S21402D7505C4C00202DE9F04F064689461046002113
S21402D76089B01546984602F0EFFE102807460AD8FA
S21402D7706A4B0341DB0706D4C8F340049DB9002078
S21402D78009B0BDE8F08F664B1C78002CF6D0FFF788
S21402D790D9FF00280CBF4FF4F0744FF4D074FC404D
S21402D7A004F00104EAE74FF0000A18F0010F5346AE
S21402D7B0524629464FF00500CDF800A00CBF4FF0A8
S21402D7C0080B4FF4027B06F0DEFC0028D7D0C823F5
S21402D7D03246009359465346284602F0DDFEADF81F
S21402D7E00E000028CBD018F0080A4AD14FF6F7737D
S21402D7F0A7F10F02D2B29E428CBF09230123012A4F
S21402D80001D843F04003474A8DF810301378591C6C
S21402D81011708DF81130002C4FD09DF81030052F66
S21402D82043F020038DF8103033D03F4B1D78002D87
S21402D8305AD04FF6F77300259E424FF00F0248D992
S21402D840012304A90DF10E00F7F75EFB002896D11E
S21402D850002C4DD1BAF1000133463A4618BF0121D9
S21402D860BDF80E00CDF8009009F075F9ADF80E007F
S21402D870002884D018F0040F4DD031460BF0C5F8BE
S21402D8807EE749460DF10E000CF070F80028ADD187
S21402D89075E70121BDF80E000EF0F2F8012102F044
S21402D8A053FE0123834013F0620F1CD11E4B1B78DC
S21402D8B0E3B14FF6F7731825BEE71B4B25461B78D8
S21402D8C00222002BBCD04FF6F7739E42B8D8052F23
S21402D8D0B6D0BAF1000FB3D19DF8103043F0400332
S21402D8E08DF81030ACE710250F22A9E71825FBE7C4
S21402D8F0BAF1000F0AD002234A46009029460DF1DB
S21402D9000E00FEF79DFB0028A4D038E741235246BE
S21402D910CDF800A0F2E70BF060F831E79FFEFEFFBD
S21402D9208068002081680020746800202DE9DF43AB
S21402D9301E46144B80461B680F469B0791460A9C60
S21402D9401BD4204614B109F0F0F8C0B20622CDE985
S21402D95002403B460020CDE900890B490CF0C9F98C
S21402D960024650B10021002E0CBF012303230846B5
S21402D97004B0BDE8D043FFF7EDBE002004B0BDE81A
S21402D980D08300BF5C4C00209E6504002DE9F04F5A
S21402D9908DB081468A461F4693469DF85C803AB90A
S21402D9A003A8FEF79FFDB0BB00200DB0BDE8F08FC8
S21402D9B015460022232110460AF019FBADF80A008C
S21402D9C00028F1D00EF024F80523044618F0100FB4
S21402D9D000F8023B677020D011220021EFF70EF903
S21402D9E004F11306032F4FF0080237D1594630468A
S21402D9F0EFF756F9C8F3801306F10905337209F0FA
S21402DA0090F800283ED000232B706B70012303355C
S21402DA1005F8013C36E003ADCBE701261022169945
S21402DA20EFF73EF906FA07F313F0620F02D104F19C
S21402DA301206D7E707A808F01FFD05A88DF81C6098
S21402DA40ECF78AFD9DF8162018F0200F9DF8173087
S21402DA5008BF134604F11306A374C3E751463046C3
S21402DA60EFF71EF9012306F10802121B284600935F
S21402DA70BDF80A10082392B20EF0E2FC042F06F15B
S21402DA801005BCD02D1BA9B20DF10A000CF099F8B6
S21402DA90002889D118F0040F0BD048460EF0C5FCBA
S21402DAA0FF281FBF074A32F8103023F4804322F8BB
S21402DAB01030434651464846BDF80A20FFF74AFE54
S21402DAC073E700BF0C61002070B5032690B08DF896
S21402DAD00760F7F7B3FB18B90224204610B070BDF2
S21402DAE002AD2846FEF7FEFC0028F5D01B4B1C684C
S21402DAF014F00204F0D140F20F43194AADF8243074
S21402DB00136804A8CDF826305368CDF82A3008F0FA
S21402DB10B3FC95E8030005AB83E80300062304A8DC
S21402DB208DF81D308DF81060ECF7B8FC01210DF170
S21402DB302E020DF10700ECF709FC22461A2109A86D
S21402DB400AF055FA024608B91924C6E701232946FF
S21402DB502046FFF7FFFD0028BFD1F5E75C4C00200A
S21402DB60076900202DE9F04F04460D46002191B0CA
S21402DB701F2208A89B460791EFF740F820460CF0B4
S21402DB8038F90146204602F0DFFC8DF811002046E7
S21402DB900AF012FA9DF81130467899068146C6F3C5
S21402DBA04006204648BF46F002060CF0F8F98046CA
S21402DBB020460DF049FF0022A0EB0803DBB2232B20
S21402DBC028BF232300922146424607A80EF038FCBF
S21402DBD000283AD1A24B9DF81C701B789DF81DA018
S21402DBE0B3B3FFF7AFFD00280CBF4FF4F0734FF44A
S21402DBF0D073FB40DA072BD5B30729D4082F22D1DE
S21402DC00BAF1040F21D1FBF77FFBF0B9012342469C
S21402DC100093214605200DF1110306F091FAA0B1FA
S21402DC20053F0D2F11D8DFE817F024001000AF01D2
S21402DC30BC01C501100010001000100010001000FA
S21402DC40CB01F901F901052F07D011B0BDE8F08F1D
S21402DC50102F05D1BBF1000FF7D0FBF755FBD5E728
S21402DC60FBF752FB0028D1D0052FCFD0112FCDD0F5
S21402DC70EBE7BAF1050FE8D820460AF000F9029061
S21402DC8009F102000EF0E3FA82460DF11200FFF7E8
S21402DC90BBFB01239DF81D8003FA08F313F0620311
S21402DCA003932DD0BDF812309D0722D5B407CCD5EC
S21402DCB0FBF72AFB0DF11E000BF09FFCB8F1030FD9
S21402DCC004469DF82EB02FD10DF12F050AF005FB64
S21402DCD0824540F03181032EB7D19DF836100DF102
S21402DCE01E02003918BF01210DF12E0008F03EFF7A
S21402DCF0ABE7FBF709FB0028DCD1002EA5D0D9E75D
S21402DD00FBF702FB68B10DF11E000BF076FCB8F1D2
S21402DD10030F04464FF0000B40F082800DF12E05F3
S21402DD20D4E7002E91D0EEE74E4B1B6898072AD513
S21402DD30FF2208210DF137000AF05DFA814610BB7A
S21402DD40034601460DF137020220FEF753FB0AF0A6
S21402DD50C4FA82450DF137070DF12F0523D04FF691
S21402DD60F7739A4540F2ED800022082128460AF011
S21402DD7042FA002800F0E580002259460DF11E0006
S21402DD80FFF798FB61E70DF137070DF12F053846CF
S21402DD900BF0DFFB002848D00AF09FFA824540F0DD
S21402DDA0CC804FF000092846F7F7D2FD002800F095
S21402DDB0C480B8F1010F5BD0B8F1040F7FF445AF11
S21402DDC00BF0EAFB10B1032E7FF43FAF002C7FF47A
S21402DDD03CAF3A4602210DF11E00FFF713FC224B20
S21402DDE01B7863B1FFF770FEFEF7C4FD022806D16A
S21402DDF00120FEF7B9FD01210846FEF741FC1B4B48
S21402DE001B78022B20D10321384608F0A3FAFEF72E
S21402DE10B1FD014600287FF418AFFEF731FC14E787
S21402DE200DF136070DF12E05B1E7104B1B78432B8B
S21402DE307FF40BAFB8F1010F7FF407AF0AF04DFA8B
S21402DE4082457AD1C146AEE7412B7FF4FEAE054B42
S21402DE501B6859057FF5F9AEF9F73EFEF5E600BFF9
S21402DE60806800205C4C00202E6900208468002018
S21402DE706C4D2B78022B22D02B78412B3FF4E5AE4B
S21402DE803CB9FBF741FA594602460DF11E00FFF770
S21402DE9011FBFBF739FA00283FF4D7AE0BF07CFBF8
S21402DEA0614C98B123681B0502D42B78432B0DD105
S21402DEB0B0070BD440F61A40F9F70CF8C5E60BF09B
S21402DEC06BFB0028D8D0B207D6D4BEE6206810F086
S21402DED0020002D102990BF01EFD2B78112B16D1EF
S21402DEE02368590513D50020FEF7E0FB04460028F8
S21402DEF07FF4ABAE0AF05FFC40F61C40F8F7EAFF90
S21402DF0021462046FEF7BCFBF8F7F0FF9DE6B20777
S21402DF1001D5FFF757FAB9F1000F9DD008F0AAFA1B
S21402DF2018B94FF480310BF0ECFA00223F4B38461A
S21402DF301A600BF005FB8FE70027039B002B7FF48C
S21402DF400EAF4FF6FF73284605A9ADF814300AF057
S21402DF50B7F920B128460AF094F9ADF814004FF646
S21402DF60FF73BDF8140098423FF46FAE002C0CBF4E
S21402DF700423152301930DF11E0300933A464346EC
S21402DF802946FFF703FD60E60DF11D00F7F7E0FCFA
S21402DF9000283FF45AAE022229460020FAF79EFED7
S21402DFA053E6F3077FF551AE3246284607A90BF033
S21402DFB0DCFC4AE69DF81D100120FFF7D1FA44E684
S21402DFC0184B1B78022B20D1002D7FF43EAE05A8FD
S21402DFD0FEF788FA00283FF438AE154B1D709DF800
S21402DFE01D30002B14BF64246524FEF7C3FC0328EF
S21402DFF006D128462946FEF743FB2846FEF7C0FC14
S21402E000214605A808F0A6F91FE6043B012BDBD93A
S21402E010284608F096FD0028D6D116E6204608F0D7
S21402E02092FD12E6846800205C4C0020584C0020CA
S21402E0302E6900202DE9F34105460E4617469846FE
S21402E0400BF0AAFA044640B101233A463146284666
S21402E050CDF80080FFF76AFC04460BF09DFA30B15B
S21402E060FFF770FB78B10A4B1B689B010BD40023A9
S21402E0703A4631462846CDF80080FFF757FC002C7A
S21402E0800CBF0446012404F0010002B0BDE8F08192
S21402E0905C4C002070B58AB005A808F0EDF90223A2
S21402E0A001AA15468DF81430084B03F110061446E3
S21402E0B018685968083303C4B3422246F7D1294682
S21402E0C005A808F044FB0AB070BD00BFAFB204005A
S21402E0D0014B1878704700BF81730020014B1888E7
S21402E0E0704700BFFE7200204FF6FF732DE9F04323
S21402E0F0994280460D4685B00BD000274FF6FD7933
S21402E1001C4EEBF71BFDFCB2A0420BD84FF6FF707D
S21402E1101DE0F7F71DFC0028EFD005B0BDE8F04380
S21402E1200AF0DBB836F814304B4517D86946204655
S21402E1300BF068FA082241460DF10500EFF7AAF83F
S21402E1404FF6FF7360B99D4204D136F8140005B04D
S21402E150BDE8F08326F814500BF02EFA0137D0E70C
S21402E1609D42FBD036F81430AB4208BF26F8149016
S21402E170F4E700BF406000202DE9FF4706460F4641
S21402E18000254FF6FD79DFF83C80DFF83CA0EBF780
S21402E190D5FCECB2A04202D804B0BDE8F08738F84D
S21402E1A014304B450CD8694620460BF02BFA082251
S21402E1B031460DF10500EFF76DF808B90AF804705C
S21402E1C00135E4E7406000204A680020014B33F83E
S21402E1D01000704740600020F0B5064600250D4F3F
S21402E1E085B0EBF7ABFCECB2A04201D805B0F0BDAF
S21402E1F037F81430B3420BD1694620460BF03EFA8C
S21402E2009DF80030022B1CBF4FF6FD7327F8143022
S21402E2100135E6E74060002030B585B004460D467D
S21402E220EBF78CFCA0420FD9084B33F814204FF6BC
S21402E230FD739A4208D8694620460BF01FFA294613
S21402E2400DF10500FFF750FF05B030BD406000201D
S21402E25030B585B00446EBF771FCA04219D92046CA
S21402E260FFF75AF80546B0B9694620460BF0CAF9D8
S21402E2709DF800302BB1694620468DF800500BF011
S21402E280DFF94FF6FF720020044B23F8142005B086
S21402E29030BD2820FBE740F60440F8E74060002047
S21402E2A02DE9F0410B7805460E461BB9BDE8F04154
S21402E2B0FFF7CEBFEBF742FCA84231D92846FFF75C
S21402E2C02BF878BB374617F8058B4FF6FF713846A2
S21402E2D0FFF70AFF0446384600F01EFAB0FA80F04E
S21402E2E04009B8F1000F15D0B8F1030F15D04FF65C
S21402E2F0FF724FF6FD73944208BF1C460B4B314625
S21402E30023F815400A4B585528460BF099F9002079
S21402E310BDE8F0814FF6FF74F0E74FF6FE74EDE7C6
S21402E3202820F5E740F60440F2E700BF40600020F0
S21402E3304A6800202DE9FF410D4604464FF6FE7856
S21402E3400F4F0E0AEBF7FAFBA04204D8FF24204632
S21402E35004B0BDE8F08137F8143043450CD1694665
S21402E36020460BF04FF99DF80520EBB29A4203D1F6
S21402E3709DF80630B342EAD00134E4B2E2E700BFC9
S21402E380406000202DE9F04F0C46174698460025BF
S21402E3904FF6FD7B87B09DF840A0DFF85C900190B9
S21402E3A0EBF7CCFBEEB2B04201D8FF2616E039F806
S21402E3B016205A451ED8304602A90BF023F93FB95B
S21402E3C09DF80920424515D19DF80C20524511D1E1
S21402E3D044B939F81620019B9A420BD1304607B051
S21402E3E0BDE8F08F082220460DF10D01EEF752FF30
S21402E3F00028F3D00135D3E74060002010B514465C
S21402E4000BF000F92046BDE8104008220149EEF75D
S21402E41047BC00BF076900202DE9FF47074615469F
S21402E4200846082224491E46EEF734FF0446002812
S21402E4303FD14FF6FF7ADFF88490EBF77FFB5FFA67
S21402E44084F880450BD385B3384605F03AFF01259C
S21402E4500C9B18700120357004B0BDE8F08739F8BF
S21402E460183053451FD0694640460BF0CBF87A78F1
S21402E4709DF801309A4216D17A88BDF802309A4247
S21402E48011D13A799DF804309A420CD108220DF146
S21402E4900501781DEEF7FEFE28B9002DD7D14046BD
S21402E4A005F02AFFD3E70134C7E7FF2005F024FF73
S21402E4B0CEE70020D0E700BF0769002040600020BA
S21402E4C0F0B50025154E164F85B0EBF737FBECB2CC
S21402E4D0A04201D805B0F0BD694620460BF092F87E
S21402E4E09DF80030032B06D90023694620468DF896
S21402E4F000300BF0A5F89DF8002062B14FF6FD73D0
S21402E5004FF6FE71032A08BF0B4626F81430002386
S21402E51001353B55D9E74FF6FF73F6E7406000201A
S21402E5204A680020F8B50E4604464FF6FF770C4BB5
S21402E5300C4D1B7803EB430305EB8305A54202D87B
S21402E54000242046F8BD2388BB4206D00822314666
S21402E550A01CEEF79FFE0028F3D00C34EEE700BFB7
S21402E56048730020805F0020044BFF211A7804487D
S21402E57002EB42029200EEF741BB00BF4873002056
S21402E580805F0020F8B504460C4B0D461B781046FB
S21402E590A3420DD90C27022117FB04117C43084E17
S21402E5A008223144EEF77CFB335B00202B80F8BD5B
S21402E5B00023136053604FF6FF73F6E7487300209C
S21402E5C0805F002038B504464FF6FD75FFF704FE5F
S21402E5D00022084B1878084BD1B2884200D838BDC2
S21402E5E033F80C1C0132A14208BF23F80C5C0C3332
S21402E5F0F2E700BF487300208C5F002070B5054626
S21402E6000E460846FFF7DEFF31462846FFF76CFD4A
S21402E61029460648FFF786FF00B970BD044624F86F
S21402E6200C6B0AF0C9FF29462046F3E7805F0020FC
S21402E63010B5082286B023490446EEF72BFE20B911
S21402E64006B0BDE8104009F048BE082220461E4922
S21402E650EEF720FE20B91D4BB3F8680006B010BDD9
S21402E6600023012221464FF6FF700093FFF78AFE31
S21402E670FF2806D0164B33F810004FF6FB7398426D
S21402E680ECD903A8FEF7CCFE58B9BDF80C305B06F1
S21402E69007D5082221460DF10E00EEF7FBFD0028F5
S21402E6A0DCD021460B48FFF73DFF40B14FF6FB7228
S21402E6B04FF6FF730088904288BF1846CEE74FF6A3
S21402E6C0FF70CBE707690020465A0020DC5900207D
S21402E6D040600020805F002070B5002204464FF69E
S21402E6E0FB7608460A4B1D780A4BD1B28D4201D8FA
S21402E6F0002009E01988B14207D8A14205D10822B4
S21402E700991CEEF7CDFA012070BD0C330132ECE70E
S21402E71048730020805F002037B5014605460E4844
S21402E720FFF700FF044640B1807A29460AF0CAFF86
S21402E73080F00100C0B203B030BD03460090012253
S21402E74029464FF6FF70FFF71DFEFF2816BF034B44
S21402E7502046185CE9E700BF805F00204A68002078
S21402E7602DE9F341224B04461B780F468342154699
S21402E77038D9FEF7EBFDB8BB4FF6FD739D421D4E32
S21402E7800ED004EB440326F823504FF6FF739D4247
S21402E7901FD12046FEF7F2FD002002B0BDE8F08150
S21402E7A00DF10601384609F08BFD4FF6FF72BDF8F3
S21402E7B006303846934218BF1D460C236343F55273
S21402E7C006EB0308FFF7A8FFB0FA80F0400988F8C6
S21402E7D00A000C2303FB0460082239460230EEF7D7
S21402E7E05FFAD9E72820D8E740F60540D5E700BF0C
S21402E7F048730020805F002038B504460D46FFF7B8
S21402E800BBFC21460448FFF78DFE00B938BD857271
S21402E81021460C30F7E700BF805F00200023074A3E
S21402E8201370074A1370074A118801B11380064B0A
S21402E8301A880AB100221A80704700BF4069002079
S21402E8403F6900207A610020786100202DE9F04FB0
S21402E8503C4C1D46238887B00746884610469DF8DE
S21402E86040605BB952B10BF0C5F920804FF4FA61F3
S21402E870354807B0BDE8F04F0DF0B6B9DFF8D890CE
S21402E880B9F80040002C49D020460DF0DDF8C0F360
S21402E890470620460DF0BCF8DFF8C0A00296BAF88C
S21402E8A00030DFF8BCB00193BBF80030044600939A
S21402E8B000222B46012025490BF01BFAADF8160064
S21402E8C0E8B1012504EB4606B4420DD1BDB9BDF848
S21402E8D01630A3B12A464146384600F06FF9ABF827
S21402E8E00050AAF800500AE0012321461A460DF10C
S21402E8F01600F6F709FB023405460028E4D000238A
S21402E900134AA9F800301378013BDBB21370002BD0
S21402E910ACD107B0BDE8F04FFFF780BF0D4C2378AF
S21402E92023B90DF09FFA08B901232370324629460F
S21402E9300520F7F70DFA0028EBD1207007B0BDE8E6
S21402E940F08F00BF7A61002058720020A465040090
S21402E950406900203F690020786100201461002091
S21402E9601661002030B5154D87B02C889CB9234619
S21402E9704FF4A07248F2380103A80AF07FFF21463E
S21402E9802046FAF7E3FA22460D4B009403A9FFF756
S21402E9905DFF07B030BD204609F00EFB04300DF0D7
S21402E9A056FC03A9044628880BF00AFB00230093B2
S21402E9B020462A8803A900F0AFFAEAE77A61002027
S21402E9C000F8FF0737B5002001A9FAF7BFFA0D4C89
S21402E9D0014623780C4D7BB10C4B019A1878FAF756
S21402E9E0CBFA2078F8F74CFC002323702B700848EB
S21402E9F0F6F736FB03B030BD2B78002BF7D0FFF7C7
S21402EA00B1FFF4E742690020406900204169002016
S21402EA105872002008B50548F6F732F80448F6F7AB
S21402EA202FF8BDE808400348F6F72AB87A610020B6
S21402EA3078610020766100202DE9F04F89B0894682
S21402EA400446CDE905239DF84870139E30B316F8A8
S21402EA5001ABBAF1000F23D00AF1FF34A400E4B2EE
S21402EA603146012008F0B5F8C00E1BD1DFF838B1E8
S21402EA703146012008F0ADF89BF800503444227964
S21402EA80BDB1002F47D180234846CDE90277CDE9B4
S21402EA9000773E4A059900F091F83CE08246DFE7AF
S21402EAA05446DDE71B28ECD93146012008F091F8E0
S21402EAB0E7E7DFF8F880FF2A00EA08080BD14246AB
S21402EAC0E379A179607901EB032189B209B0BDE847
S21402EAD0F04FFAF751BA2E4909688B070AD5FE2A73
S21402EAE035D101230135EDB2202D4FEA43030AD179
S21402EAF0FF250AE0294628460792FAF727FA4845EC
S21402EB00BFD1079AEBE79845ECD1224B1B78FF2B37
S21402EB1004D0AB4204D009B0BDE8F08FFF2DFAD086
S21402EB2029460020F4F7B2FF0028F4D09BF8003004
S21402EB306479002BEFD1FFF771FE17484FF410519E
S21402EB400DF052F8154B8BF800501C70E3E7052ABF
S21402EB5097D8BAF1010F94D8B8F1000F91D0002FD0
S21402EB60D9D17379002BD6D00D49098821B9082B43
S21402EB7028BF08230B490B70434648461292DDE92C
S21402EB80051209B0BDE8F04FFFF760BEA4650400A9
S21402EB905C4C0020827300205872002041690020DD
S21402EBA07A610020406900204269002000F8FF07D1
S21402EBB0014B1880FFF7D6BE786100200CB42DE911
S21402EBC0F04F8BB014AA0E4652F8041B0746099261
S21402EBD0002940F08F80BDF85400ADF822000028CE
S21402EBE000F0A18033794FF6F778002B40F086804C
S21402EBF047458CBF4FF009084FF008084C4B1C786D
S21402EC00FF2C40F08380B6F90230002BA9BF494B97
S21402EC10347A1C780134A2BFE4B21C7044F080043B
S21402EC20DFF81CB12246002101F0A2FC9BF800305E
S21402EC30BDF82200002B6CD0DFF808A14FF00009C7
S21402EC40BAF8003007930CF0FFFE0546BDF8220026
S21402EC500CF0DEFEEBB2CDE90193FF23CDE903090A
S21402EC6000932246334639460798FCF7B5FB4FF623
S21402EC70FF7305468BF80090AAF80030382D33D182
S21402EC803246394640460DF1220307F062FF00285D
S21402EC904BD04FF6F7739F4226D8B6F902307088EB
S21402ECA0002B21DA48F204022349244B4FF00008D5
S21402ECB0904214BF8946994609F00FFB494603461F
S21402ECC08A220120CDF800800BF013F8814658B155
S21402ECD02246414601F04CFCFF2332463946404666
S21402ECE0CDE90098FCF7DAF928460BB0BDE8F04FFC
S21402ECF002B0704701200AF0D9FF6EE700234745AD
S21402ED008CBF4FF006089846337177E7FF221A70D9
S21402ED1086E7CDE900033246FF2339464046FCF734
S21402ED20BDF90546AAE71925DEE70546DCE700BF7A
S21402ED308473002044690020B5650400AA650400B7
S21402ED40436900207C61002070B54FF40033002434
S21402ED500546164688B0ADF81A100DF10F0204A942
S21402ED600593ADF81840ADF81C4004948DF80F409A
S21402ED7007F0CEFE9DF80F3028460193049B044A06
S21402ED80009305A93346FFF719FF08B070BD00BF10
S21402ED90AE65040030B54FF48035002487B0039585
S21402EDA0BDF82850CDE900128DF81030074A034608
S21402EDB003A9BDF82C008DF81140ADF81250ADF83D
S21402EDC01440FFF7FBFE07B030BD00BFBA65040073
S21402EDD0B1F1006F2DE9F04314462CBF39223822D8
S21402EDE08BB01D464FF00003ADF81E204FF4800294
S21402EDF02CBF4FF001099946FF2C0646ADF81C3091
S21402EE000892ADF824304FEA11471FFA81F80FD165
S21402EE1009F074FDB9F1000F19D1154ACDE90205C2
S21402EE2043463046CDE9007407A9FFF7C7FE1AE04D
S21402EE30FE2C0AD109F062FD0130C0B209F069FD6C
S21402EE40B9F1000F12D00B4A02E0E8B2F8E70A4A1C
S21402EE50CDE9030501233046CDE90174CDF80080E3
S21402EE6007A9FFF7ABFE0BB0BDE8F083034AD5E770
S21402EE70B2650400B8650400B1650400B965040013
S21402EE804FF498124FF0806310B586B0CDE9032395
S21402EE900023ADF8143009F020FA0446F8F796FA83
S21402EEA0054B01900093054A234603A94FF6FD70D1
S21402EEB0FFF784FE06B010BD07690020BE65040099
S21402EEC008B5064B1B78022B02D0043B012B03D855
S21402EED0FFF7D6FF002008BD0220FCE7846800206A
S21402EEE030B500244FF4806587B0CDE900128DF866
S21402EEF01030084A034603A94FF6FD708DF81140FC
S21402EF000394ADF81250ADF81440FFF757FE07B061
S21402EF1030BD00BFC26504002DE9F04F99B00E4621
S21402EF2005460CA91046CDE90A329DF888700AF00B
S21402EF3004FCBDF83090804648460CF085FDB6F9D4
S21402EF4002300446002BB6F806A0B6F802B004DA81
S21402EF5000228D4B1A70002049E048460CF074FDE2
S21402EF604045F5D3A4EB0804E3B2002F18BF4FF4D4
S21402EF70A07A152B099328BF15230024013308F124
S21402EF80FF324946DBB292B2009412A80DF058FA4C
S21402EF906FEA4B436FEA53437C499DF84820086862
S21402EFA04968ADF83E300DAB03C3ADF84040ADF84E
S21402EFB03C40ADF842A0ADF84420BBF1000F24D18E
S21402EFC00DF14900F6F7C4FCA0B109F086F95C46DB
S21402EFD080460DF151060DF149030A9A96F8009003
S21402EFE0012A2CD14FB384F0010404F0010019B0B9
S21402EFF0BDE8F08F0DF149000AF0AEFC4FF6FF7443
S21402F000011B4C4280464C41E3E7BBF1010F57D14E
S21402F010BDF8498009F061F980450AD040460DA93D
S21402F0200AF09DFC80F00104E4B20DF14B060DAB34
S21402F030D3E7574B0DF14B06CFE70A9CD5E75FB3F4
S21402F04044BBB9F1010F25D830D109F046F909F0D1
S21402F05044F92246804671784D4B029100210120E8
S21402F060CDE900814B490AF044FEADF8320088B182
S21402F07024BBB9F1010F0CBF0D210C210DF132009A
S21402F0800AF09FFD024628B92846BDF832300FA97D
S21402F090FFF794FD0120AAE7B9F1010F04D1002C75
S21402F0A0D3D081227178D8E7002CFAD1B9F1010FBA
S21402F0B094BF002201227178D201CEE70C21DDE74F
S21402F0C00A9B002B7FF447AF7388342B4BD1099BE6
S21402F0D0092B7FF440AF002F7FF43DAF9DF95160BE
S21402F0E03A46B41008210DF1490004F0200409F054
S21402F0F082F8A0B1284B1B78012B3FF42CAF274A8D
S21402F100274BB2F868201B68AA421DD0DA001BD52E
S21402F110C8232846234A0FA9FFF750FD1BE70DF127
S21402F1204900F6F715FC0028E4D10DF149000AF073
S21402F13013FC4FF6FF739842EAD02146F9F778FEA1
S21402F14003460028E4D1E4E75B0201D5002E08DA84
S21402F15000232846134A0FA9FFF730FD124B1C70F6
S21402F160F9E68D23D5E7099BCDE905A204930DF1B7
S21402F1704903CDE9028331462846CDE900790B9B47
S21402F1800FAA00F03DF8E6E63869002024EE0300F8
S21402F19007690020C665040085680020DC59002047
S21402F1A05C4C00200E1B040083730020024B187870
S21402F1B040F08000704700BF44690020014B188071
S21402F1C000207047067300204FF6FF710346028840
S21402F1D01B798A4217BF074901200A8041881EBF51
S21402F1E0054A00201180FF2B1EBF044A0020137020
S21402F1F0704700BF0273002000730020456900209C
S21402F2002DE9F04FA1B09946BDF8AC302D9F0D9375
S21402F2109DF8B03004460E93BDF8BC3038460F93C6
S21402F2209DF8C0304E88884615469DF8A8B01093C3
S21402F2300DF00DF8112E824671D809F04EF85045A1
S21402F24076D0062E10D14FF6FD72924526D0BBF12F
S21402F250000F10D100228023CDE900A229462046C5
S21402F260BC4AFFF7ABFC06E0BBF1000F03D1032E4E
S21402F27007D8012E09D80022B74B1A7021B0BDE874
S21402F280F08F043E022EF6D8E4E780232946204675
S21402F290B24ACDF800A0FFF791FCECE7B04B1B7822
S21402F2A05E074CD409F019F80026034632460120C0
S21402F2B0A84900960AF01DFD3B79ADF866000F934B
S21402F2C00028DBD0DDE90E320D9803EB42090CF084
S21402F2D0BBFB5FFA89F909F105085FFA88F88045F1
S21402F2E0CCD241460D9801F02FF9109008EB400859
S21402F2F00D980CF0A9FB8045C0DADDE90F32134306
S21402F300DBB2002B40F03482BBF1000FB6D1D846F8
S21402F31042460421BDF8660001F02AF974E1904ADB
S21402F3203A2E127812D948F23B039E4207D013E0D7
S21402F3308B4A127850070BD5321F022A08D8B8F823
S21402F340063043F48043A8F8063097E71B2E1DD8F4
S21402F350B21E91B213295FD9109B494602930F9BA6
S21402F3603046CDE900B30E9A234607F0D8FB0F28A5
S21402F37084D10122784B1A70794B1B789B0740F197
S21402F3802783BBF1000F7FF479AFD8E7A6F11C0103
S21402F3901E29E1D801A050F821F000BFE7F90200CB
S21402F3A059F3020059F302007DF2020059F30200FB
S21402F3B0D5F70200D5F7020059F3020059F302000E
S21402F3C059F3020059F3020059F3020059F30200FE
S21402F3D059F3020059F3020059F3020059F30200EE
S21402F3E059F3020059F3020059F3020059F30200DE
S21402F3F007F8020007F80200B9F9020059F3020002
S21402F40059F30200DBF9020059F3020037FA020050
S21402F4104DFA02005BFA0200132A9DD801A151F8A8
S21402F42022F000BF75F4020005F5020023F5020083
S21402F4303BF60200A5F2020059F3020059F302005D
S21402F44059F3020059F3020059F3020059F302007D
S21402F45059F3020059F3020059F3020059F302006D
S21402F46059F3020059F302007FF7020059F3020033
S21402F47013FA020000231A938DF866300DF1660324
S21402F48022460E99484600931AAB07F042FB08F054
S21402F49024FF0646EAF75EFB162894BF4FF00209E1
S21402F4A04FF02209F7F792FF2E4B0746B3F800A05B
S21402F4B0FBF7EAFD2C4B80464FF6FF70B3F800B020
S21402F4C00AF002FA294B9DF866201988244B1B780D
S21402F4D013F002031CBF264B1B780B921A9ACDE937
S21402F4E00701CDE9093240232946CDE9019320469A
S21402F4F00023CDE9058BCDE9037A1E4A0096FFF775
S21402F5005DFBBBE608F0E9FE1B4B1C4A1B88CDE9F7
S21402F5102A0300232946204621B0BDE8F04FFFF714
S21402F5204DBBBE781AA9731EDBB2EF2B304627D925
S21402F530F22E25D005F01FFE822608F0CEFE00230E
S21402F5402946CDE90003034A33462046FFF736FB39
S21402F55094E600BFAA65040038690020B565040079
S21402F5604568002006730020027300200073002006
S21402F57045690020CC65040004730020D9650400A8
S21402F58005F0F9FD002856D008F0A7FE9DF86C207D
S21402F5909DF86E100492BDF86A2049000392BDF8E9
S21402F5A06820C9B2CDE901629DF86D20034652007B
S21402F5B0D2B208320A44009201200022C6490AF05A
S21402F5C098FB9DF86D30ADF866008DF86330002824
S21402F5D03FF454AE4FF0000801230DF163011A46C2
S21402F5E00DF16600F5F790FC074600287FF446AE5C
S21402F5F09DF86330FAB293420CD89DF86E308DF8BF
S21402F6006330B8F1000F02D0BDF8663036E04FF036
S21402F6100108E1E74146304605F0AFFD0123ADF8AB
S21402F6206400022219A90DF16600F5F76DFC013798
S21402F6300028DDD022E683267FE708F04EFE064647
S21402F64005F0BAFD3346009000220120A3490AF0D5
S21402F65050FB00283FF412AE00273E46ADF8680085
S21402F66005F0AAFD5FFA87F840450DD83246042118
S21402F670BDF8680000F07CFFBDF86830002229461D
S21402F6802046FFF79BFAF9E5404605F072FDFF2893
S21402F6908DF866000BD0012301361A460DF166017D
S21402F6A01AA8F6B2F5F730FC00287FF4E7AD01376A
S21402F6B0D6E75046B7F8029005F05BFDFF288DF8B6
S21402F6C0640000F0E2811AA905F055FDBDF8683025
S21402F6D04B4507D04FF6FF72914540F0D68119048C
S21402F6E000F1D3819DF86D3012930E9B0533DBB289
S21402F6F013930F9B149300234FF0000911934B466C
S21402F70013E017934900139BC9B219440D9889B2A6
S21402F7100AF092FA4FF0000A179B159012995FFAB8
S21402F7208AF28A4216D309F10109149A5FFA89F11C
S21402F7309142E6D39DF86E201292169A1392002BEF
S21402F74040F09581119B002B40F09F81109B1493F3
S21402F7500123D1E711999DF86400179305F00DFD7A
S21402F760159A179B0AF1010A824208BF0123D5E7C0
S21402F77009F106095FFA89F3B046169386E1BD1CC5
S21402F78029465046BC7A06F04DFD012229465046CF
S21402F79009F049FA50460AF0ABF828460AF0DCF8B7
S21402F7A03A88824207D04FF6FF72904203D00CF09E
S21402F7B03CFE0AF0BDF884F00804C4F3C0042146F7
S21402F7C02846FFF719F82146284621B0BDE8F04F33
S21402F7D007F0CEB9BBF1000F7FF450AD12073FF52C
S21402F7E0AEAD33463A462946204601F08FF9002848
S21402F7F07FF444AD842329462046394A21B0BDE829
S21402F800F04FFFF7DBB90F9897F8008009F018FE63
S21402F81000210746204601F0E3FC312EA7EB000745
S21402F820FFB240F0D5804FF0000A01205346524600
S21402F830CDE9008A2B490AF05CFAADF8660000288A
S21402F8403FF41CAD162251461AA8EDF7D7F91AA8AE
S21402F85008F0CCFF4FF0FF33DFF894B0CDE91C334D
S21402F8609BF80090B9F1000F02D14FF0010A55E063
S21402F8701D4E33796F2B02D90026324625E05046BC
S21402F8801CA9F6F73DFF0028F6D0184BB6F80090F4
S21402F890B3F86830B9F1000F2CD1003B18BF012332
S21402F8A05B0143F004038DF87A3002238DF87B3037
S21402F8B073881B0A49461EA88DF87D300CF0C9FCD9
S21402F8C0B8F1000F65D0002601220221BDF86600BD
S21402F8D000F04EFE32461CE5DD650400AA65040013
S21402F8E00E1B0400E5650400D8600020DC590020E9
S21402F8F07E680020B3EB090318BF01235B0143F0C7
S21402F90005038DF87A3002238DF87B300F238DF8AD
S21402F9107C30CDE70AF1010A5FFA8AFA0AF1FF366D
S21402F920F6B230460CF087FDC307F3D59BF80030DD
S21402F93019EB030F04D009F101095FFA89F9E9E727
S21402F940584B1CA918783044C0B2F6F7D9FE0028E6
S21402F95092D0304609F0FDFF814630460CF06BFD32
S21402F960C0070FD416238DF87A304F4B1B7801331D
S21402F970DBB20F2B28BF0F238DF87C304B4B33F8AE
S21402F980163096E730460CF056FD8107EAD412236D
S21402F990E9E7BDF866000CF057F81630B84292DC7C
S21402F9A0012316221AA90DF16600F5F7ADFA002812
S21402F9B07FF464AC012660E712073FF5C0AC3B4615
S21402F9C0224629460F9801F0F9F800287FF456AC33
S21402F9D0BBF1000F7FF452AC0CE7BBF1000F7FF4D3
S21402F9E04DAC802307E708F078FC50457FF446AC20
S21402F9F0B81CF5F7ADFF00283FF440AC08F06DFCEC
S21402FA00064608F06AFC2A4B2A4ACDE92A03334600
S21402FA1080E538460CF01BFC09F056FF00283FF440
S21402FA202DAC2A90002329462046234A21B0BDE861
S21402FA30F04FFFF7C3B84B462A4621460020CDE9D1
S21402FA402AB721B0BDE8F04FFEF7F6BF4B462A466E
S21402FA5021460120CDE92AB7F3E75B464A46294606
S21402FA6020462A9721B0BDE8F04F07F086B801235A
S21402FA7019A91A460DF16600F5F746FA00287FF432
S21402FA80FDAB08F101085FFA88F8013605F094FB31
S21402FA905FFA86FA50453FF60CAEB8F1000F3FF417
S21402FAA033AC35E44E7300202D6900200A61002035
S21402FAB007690020EA650400B5650400F8B5164B30
S21402FAC004461D88154B20F8025B196879B1082296
S21402FAD0EDF7E6F8124B0C201B78124EA372124B6F
S21402FAE019780023DAB2914205D8FF2209E0C4F859
S21402FAF002104160EEE7013300FB03F7F75BAF420B
S21402FB00F0D10A4BE2721B782373094B1B7863739E
S21402FB10084B1B682361F8BD8A610020F85A002052
S21402FB2046690020745F0020487300202A6900207E
S21402FB3029690020E45A0020F0B589B006460C4632
S21402FB4015460AF02CFA0DF10A02014630460AF072
S21402FB50DDF8144F0346F0B901223A702288BDF848
S21402FB600A102AB102460090072004F0E9FA90B182
S21402FB7003A8FFF7A3FFBDF80A000BF065FF0646D1
S21402FB80BDF80A000BF044FF21460090F3B2284667
S21402FB9003AA06F071FB0023034A3B70136009B008
S21402FBA0F0BD00BF47690020F85A0020142230B585
S21402FBB08BB005460DEB02011548DEF767FC10BB5D
S21402FBC0BDF81430DA0720D413F0060FC3F341024F
S21402FBD008BFC3F341220F4B0DF116019C5C684629
S21402FBE02246EDF79BF9BDF8263004F128026A4456
S21402FBF002F8283C02341B0A02F8273C69462A46C9
S21402FC00E0B209F001FA0BB030BD2320FBE700BFDB
S21402FC10703214E0C7B2040010B58AB0ADF82620E0
S21402FC200022CDE9052204920CAA02924FF6FF7238
S21402FC300446AC2101200192064A039004FB0122ED
S21402FC40603200924CF620010DF1260209F090FE79
S21402FC500AB010BDDC59002010B54FF6FF741E4ADC
S21402FC608AB0B2F86800B2F85E10A042ADF826007C
S21402FC70B2F85C304FF6FD70ADF8241018D0814211
S21402FC804FF0000094BF48F660014CF66001CDE9E3
S21402FC900500CDE90300CDE9010094BF09AA603250
S21402FCA000920DF12602042009F062FE0AB010BD91
S21402FCB081424FF000008CBF603209AA00928CBFCE
S21402FCC04CF6604148F66041CDE90500CDE90300F7
S21402FCD0CDE90100014AE6E7DC590020465A002039
S21402FCE000B50E4B0022B3F85E308BB0ADF8243070
S21402FCF04FF6FF73CDE90522CDE90322CDE90122B5
S21402FD0009AA00924FF400610DF126020720ADF811
S21402FD10263009F02DFE0BB05DF804FBDC590020FE
S21402FD20202A10B5144614D8012A04D10C88B4F53A
S21402FD30004418BF0124620030B10748ECF7B0FF58
S21402FD40064B00201C7010BD0548ECF7A9FF054BBA
S21402FD50F7E72120F7E700BF8C6100204869002002
S21402FD60CC610020496900202DE9F047104617466D
S21402FD700CF06DFADFF814A1DFF814919AF800304F
S21402FD8099F800200546134302D10020BDE8F0870B
S21402FD9010F4406800F0400619D186BBB0F5804FDB
S21402FDA05CD24FF4807400239AF80000344AD9B229
S21402FDB088425DD8002399F80000324AD9B28842B8
S21402FDC0E3D932F8021B0133A142F7D155E0F81C01
S21402FDD00CF03DFA4FF6FF73984214BF012402243A
S21402FDE086B1052605F44043B3F5004F44F00804F7
S21402FDF024D0B5F5804F23D244F4807420E04446E4
S21402FE000326EFE7B5F5804F4FF00506F4D3B8F5B5
S21402FE10406F14BF02200820304438440CF017FA12
S21402FE20194B05F44045B3F85C3083420CBF44F0EE
S21402FE30080444F00404B5F5004F01D144F08004F0
S21402FE40B8F5006F0ED1B8190CF001FA0E4BB3F8E4
S21402FE505E308342A7D144F01004A4E7444603264A
S21402FE600220D9E7B8F5406F08BF44F020049AE7AD
S21402FE7032F8021B0133A14299D1012086E700BF66
S21402FE80CC6100208C610020DC59002049690020EA
S21402FE90486900202DE9F04F104685B01646984670
S21402FEA00CF0D5F95D4F00F00803B7F85C10044675
S21402FEB000F00709F01C02930391B7F85EB00CF04D
S21402FEC0C6F906F1050A054650460CF0C0F9034687
S21402FED04FF6FF70854218D00399A1EB050CDCF1B2
S21402FEE0000545EB0C056D004FF6FF718B420ED1F7
S21402FEF045F004050BF0B6FF029B6BB1B9F1000F9B
S21402FF0011D0422005B0BDE8F08F0125ECE79B45F5
S21402FF1008BF45F00805EDE7B9F1030FF1D8DFE8B1
S21402FF2009F0021B795D0BF09DFF08B9A807E8D51A
S21402FF3024F00804A4B2B4F5004F05D0B4F5624F1D
S21402FF4002D0B4F5404FDCD10025294697F8A82008
S21402FF50002008F00FF83CE0D7F88030E3B9002123
S21402FF6032460846FFF700FFD8B948F6410224F0A9
S21402FF7038039BB29342C4D10A2D49D0062DC0D174
S21402FF8097F87730023B012BBBD8F3F745FD0028E4
S21402FF90B7D140F6040505E04146304698470028AA
S21402FFA0DDD00825E20648BF45F08005A30648BF17
S21402FFB045F4805505F00C03042BC6D1F01D0CF059
S21402FFC046F997F8A8303246009341462B4607F08A
S21402FFD0A6FF08B30E9B1880002093E7A90705D159
S21402FFE04FF6FF73B7F85C209A428AD104F4406356
S21402FFF0B3F5006F0AD0B3F5406F82D1082250469F
S2140300000749EDF747F900287FF47BAF0C25C9E7CE
S2140300100425C7E7432075E7192073E7DC5900205A
S2140300203C5A0020034B1A781AB1FF2A04BF002259
S2140300301A7070474B69002070B5084C084E237839
S214030040F55C1DB13E2107480CF023F8FF22237808
S2140300502846F2540023237070BD00BF4A6900206F
S2140300604B690020EE650400034B044A1B78D05C02
S214030070FF3818BF012070474A6900204B690020EB
S2140300800023074A07491360074A1360074A1360A9
S214030090074A11600121074A1170074A1360704727
S2140300A0085B0020FB9A0300045B0020005B002033
S2140300B07872002085730020105B00200E2A70B52E
S2140300C00C4606461546194603D9FFF7D9FF5020B6
S2140300D070BD012807D10020F3F7B8FCB0B1FFF7D5
S2140300E0CFFF2120F4E780220021224B1A70224BF7
S2140300F01960224B1B684BB134200BF0FDFC204BE0
S214030100188018B9FFF7BCFF0120E1E724F0FF636E
S21403011023F4FF231BB1FFF7B3FF4F20D8E774B9CF
S2140301202046F3F7ADFC0124032510F0800F43B2FD
S2140301301BBF00F01F039C409C4044F07844002003
S214030140104B24F078441E700F4B10491D70104B53
S2140301501C60104B1870104B1A68F4F71FF818B190
S214030160FFF78EFF0420B3E79DF810200B4B1A70A1
S214030170AEE700BF4C6900200C5B0020005B00204C
S2140301800C620020516900204F690020810403009F
S214030190105B002050690020085B00204D6900209A
S2140301A07FB5244B00251A7801232348234903FAF5
S2140301B002F200781A440A60ADF80E5020B3984253
S2140301C036D11F4C1F4B20781B680DF10E01984744
S2140301D01D4EBDF80E20307092B11C4B294600937D
S2140301E0284602230195F4F713F83278237822B1D0
S2140301F0012A12BF1B230133DBB2237004B070BD88
S214030200013818BF0120F0E778235A43013A0A6001
S21403021008220F490BF0B6FB0B49094A09781378F5
S21403022021B1012912BF1B230133DBB21370E5E7AB
S2140302301846E3E74F69002051690020145B00204D
S214030240506900207872002085730020BD040300E7
S214030250F1BD0300024B1868003818BF0120704731
S214030260005B002037B505461C460BF0FBFD68B95E
S21403027074B1084B1A60084B0A461C6001232946D2
S21403028000930323FFF71AFF03B030BD4D20FBE7AF
S2140302902520F9E7FC5A0020045B002013B504462A
S2140302A00BF0E0FD58B962B1074B1A6001230A460A
S2140302B0009321460323FFF701FF02B010BD4D2034
S2140302C0FBE72520F9E700BF005B00202DE9F0419E
S2140302D00446DDE906861D469DF820700BF0C2FD38
S2140302E088B99EB1A2B10B4B01201A600A4B0A468D
S2140302F0C3F80080094B21461E602B460697BDE8CF
S214030300F041FFF7DBBE4D20BDE8F0812520FBE77B
S2140303102120F9E778720020085B0020045B0020A8
S2140303200148F4F7ADBB00BF0C6200202DE9F04195
S2140303300020F3F7A1FE114B114C1E68114B2088C9
S2140303401D68114B114FD3F8008010B13978F4F7BC
S21403035071FD00203870FFF793FEF4F7ABF90EB18A
S2140303604046B0473DB12088A84700232380BDE818
S214030370F0410BF009BFBDE8F08100BF045B00202D
S2140303800C620020005B0020105B002052690020F6
S214030390F8B52F48F4F764FE2E4B187830BBF3F706
S2140303A06FFB2D4F06463B6803B32C4B2C4D1C6846
S2140303B024B195F900301A461946A047294B1B6805
S2140303C083B1294C2378312B0CD8284B18880BF093
S2140303D01FFB23785A1C22702A78C25423785A1C8F
S2140303E02270C65480232B7000233B60204C237856
S2140303F01A2B22D81F4A1278012A09D100211E4A35
S214030400156825FA03F0C007DAB20ED501B12270DB
S2140304100020F3F735FB2178884212D10022174BD0
S2140304201A70FFF7BDFE40B9F8BD0133D8B21A28DB
S2140304304FF00101E5D90A442270BDE8F840FFF702
S21403044075BF0020F3F72EFB0028E7D0F5E700BFC3
S2140304507C720020516900200C5B0020FC5A0020AF
S2140304604C690020005B0020526900200C620020CB
S2140304705069002085730020105B00204E69002021
S21403048008B50B4B187880B90221F3F7CDFA094B60
S2140304901B782BB100214FF6FF720846F3F7A6FA36
S2140304A0BDE808400448FFF773BF00210846ECE7A1
S2140304B0516900204D6900207C72002038B5144B2A
S2140304C00C461D78012D21D181B90846F3F7D8FAD9
S2140304D0104A05FA00F013680F4923EA0003136075
S2140304E020462A46BDE838400BF04CBA0B4A137830
S2140304F00133DBB2022B137004D9BDE83840084839
S214030500FFF746BFFFF74CFE0028F6D138BD00BF05
S21403051051690020105B0020F1BD03004E690020E6
S2140305207C72002038B50C4605460BF08DFAA042C7
S21403053003D82D2103480BF0ACFD28460BF068FAD0
S214030540204438BD0266040070B506460D460BF01F
S2140305505FFA044648B130460BF076FAA84203D851
S214030560352102480BF095FD605D70BD0266040000
S21403057070B50C46064615460BF066FAA04203D83D
S2140305803E2104480BF085FD30460BF041FA00B1DE
S214030590055570BD026604002DE9F0438FB007468B
S2140305A00C4615461E469DF85880F8F755F920B1B7
S2140305B0F4F796FE08B144F400544D4B1B7813B978
S2140305C024F40074A4B2200509D546B9284604A924
S2140305D0F5F750F9002846D024F40064A4B2ADF829
S2140305E01840ADF81A5007F078FE424BADF81C00E1
S2140305F0B8F1000F02D01A78424501D293F8008072
S2140306003D4AE105137848BF0DF1210103F10103CB
S214030610DBB2137058BF08A922058DF81E808DF82B
S2140306201F3006D53368083141F8083C736841F833
S214030630043CE30407D5314A0831136841F8083C03
S214030640536841F8043C0DF11808A1EB08005FFA63
S21403065080F9002148460BF04FFA064628B90020D9
S2140306600FB0BDE8F08304AEB9E70BF0D1F941460D
S2140306704A46ECF753FC30460BF0E6F98046304624
S2140306800BF0C6F90023024600934FF6FF700423CF
S2140306905FFA88F107F043FCADF80E000028DED0C1
S2140306A040F201131C421AD14FF6F7739D4216D837
S2140306B00BF0CAF90DF10E010446284600F090FD32
S2140306C0BDF80E000BF0C0F9E4B2A04207D9BDF89E
S2140306D00E0007F071FC437843F004034370BDF843
S2140306E00E003A4601210BF0DFF9BDF80E00B7E71E
S2140306F0806800204273002082680020076900207B
S214030700F0B50829D58889B028D00C2926D0AE04A0
S21403071024D405F040030B43424C267816B105F06B
S214030720200423432FB2002FB8BF43F080030329CE
S21403073020D11223AC068DF80430937A10D48DF8AA
S21403074005300DF1060401A9621A012392B2F4F7EB
S214030750DBFBB0FA80F0400909B0F0BD0B46DBE7DF
S21403076032228DF805308DF80420002EE9D00DF1E5
S2140307701304E8E70C298DF804300ABF138953796C
S2140307808DF80530548805BF1B0A8DF806308DF8A2
S21403079005300DF1070318BF0DF106031C70240A7C
S2140307A05C70148802399C70240ADC701479012961
S2140307B01C7111D8917A002F597131DA02211289EE
S2140307C09971DA71120A03F109041A72002EBAD06B
S2140307D0AB06B8D50534B6E7A9071AD4002F0CDA4A
S2140307E0117A51B1917A59711189127A03F1080479
S2140307F092B102229A71D971E8E70B4C217801F184
S214030800010C84F800C091729C1D002F5971DDDA2B
S214030810EAE7917A9C1DF8E70122090A9A71EAE74A
S2140308209C1DD3E78068002081680020014B188058
S214030830704700BF0E620020014B1888704700BF48
S2140308400E6200202DE9F84307460BF01BFC054615
S2140308501B480BF08EFD1B4B60B31C683C1B2C44E3
S214030860A4B20022184BDFF868901B78174D03EBF1
S214030870830399F8006005EB43055FFA82F8464563
S2140308800AD9AB8805F10A00A34216D90A23B21A7D
S21403089029465A43ECF704FA013689F80060AC801F
S2140308A0B8F1000F03D1394605480BF09DF92846E9
S2140308B0BDE8F8833C461D60D3E705460132DCE716
S2140308C09C720020185B002053690020A66000205D
S2140308D0546900201FB5154A154C1378013BDBB24B
S2140308E013706168206801AA03C221891180114A26
S2140308F01278D21805D00A2320465A43E118ECF79B
S214030900CFF99DF806301B070DD0BDF80C00FFF796
S21403091099FF03468288ADF8082001AA03CA128805
S214030920186059601A8104B010BD00BF53690020D7
S214030930A660002054690020002108B5084B09482A
S2140309401970094B1970094B1A7802EB8202520090
S214030950ECF754F9BDE808400548F4F781BB00BF3F
S21403096054690020A6600020536900204C730020C1
S2140309709C720020F8B50024084D094F094E3B78B9
S2140309803178E2B20B449A4204F1010400DBF8BD6D
S2140309902846F4F775F80A35F1E700BFA66000208D
S2140309A0546900205369002010B5064C207828B1FE
S2140309B0054808F02DF810B1034B188810BDFFF753
S2140309C089FFF3E753690020A660002008B50A4AAA
S2140309D00346107860B1094A1088984209D121B9B4
S2140309E09378103323F00F039370FFF773FF012000
S2140309F008BD0020FCE700BF53690020A660002066
S214030A002DE9F74F00260BF03DFBDFF8F890B246D2
S214030A1099F80070B3463A46DFF8EC801FFA80FE7A
S214030A20B8F800C0344CAEEB0C039BB201932378AA
S214030A30324D009303EB830305EB4303ACEB0E0C41
S214030A405FFA86FEBE4515D3BAF1000F01D0009BB0
S214030A502370BA422AD3002F37D00A222378C8F845
S214030A60000002FB03532648998803B0BDE8F04F05
S214030A700BF0BAB8B3F804E001998E4512D84FF0DC
S214030A80010A009993F802E001310EF1FF3EC9B264
S214030A90013AA3F804B083F802E00091D2B20A3315
S214030AA00136CDE7E644A3F804E0F8E789F800202A
S214030AB04AB10A222378C8F8000002FB0353104801
S214030AC099880BF091F8237813B903B0BDE8F08F3B
S214030AD0FFF76AFF06460028F5D007F0A1F901469E
S214030AE0304607F092FF20B100212888FFF76EFFFB
S214030AF0E9E740F60241F8E753690020A6600020C4
S214030B009C72002054690020185B00202DE9F041F8
S214030B1092F808801F4608F1FF33DBB2EF2B054639
S214030B200E46144688B00BD982238DF80E30314614
S214030B3028469DF80E30204AFEF740F8012037E09D
S214030B400E22002104A8ECF759F8B4F809308DF802
S214030B501180ADF81230E37A03F07F02032A08D03F
S214030B60012B24D103238DF81030A389ADF815305B
S214030B700EE0032B14BF022301238DF81030E36825
S214030B80CDF815302369CDF81930237D8DF8143050
S214030B90A7F121014A420DF10E034A410093214673
S214030BA00DF10F0304A8FDF737FC0028BFD1002082
S214030BB008B0BDE8F08100BF0E1B04002DE9F04F1E
S214030BC000241D7895B0CDE90201049223462246FF
S214030BD00120CDE90054404909F08BF8ADF81E001A
S214030BE0F8B1A346264627460DF120090DF1380A2B
S214030BF0E8F7A4FF5FFA84F8404516D83A46022180
S214030C00BDF81E00FFF7B4FC32460421BDF81E00F3
S214030C10FFF7AEFCDDE903100022BDF81E30FDF73A
S214030C20CDFF012015B0BDE8F08F4A4640460AA91D
S214030C30FDF7E4FB9DF8282022B12DB1013DEDB26E
S214030C400137FFB20134D3E7BBF1000FF8D199E8BF
S214030C5003009DF829308AE803008DF84030BDF87C
S214030C602A30032A8DF841304FEA13238DF8423099
S214030C7017BF032301238DF843309DF82C30DDF88E
S214030C803110DDF82D0014BF8DF84C308DF843304D
S214030C9011AB03C302980CBF4FF00E084FF01508B4
S214030CA008F0CEFB0590BDF81E000AF0CDFE0599B0
S214030CB000EB080399420BDB0123424651460DF134
S214030CC01E00F4F721F90028ABD10136F6B2B7E7D8
S214030CD04FF0010BB4E700BFE565040038B50546E1
S214030CE00D4B0E481C88F4F7A7F9012D0CD10C4BBD
S214030CF01C88FA21614358B1884209D28408012C22
S214030D00204638BF012038BD022D08BF0224F0E775
S214030D1002480AF069FFF2E7A2600020484B002071
S214030D20A0600020012208B5054B06481A70002172
S214030D300AF05AFFBDE808400020FFF7CFBF00BF08
S214030D406B680020484B00201E4B73B51A8802F1CF
S214030D5008039BB2012B02D81B4B1B7823B902B0A6
S214030D60BDE87040F4F77CB90024184B184D1C708E
S214030D70184B1C702B787BB14FF6FC73164E009302
S214030D80224623462146308808F080FD4FF6FD7341
S214030D902C70338001200FE0104B1046197807F0B3
S214030DA032FE0028F6D10C4B1A884FF6FD739A4292
S214030DB0F0D0012302202B7002B0BDE87040FFF78D
S214030DC08DBF00BFA46000206B6800206E68002003
S214030DD06C6800206D6800209E6000206F6800200D
S214030DE0012808B50AD002280CD020B9084B187081
S214030DF00848F4F735F94FF0FF3008BDBDE8084062
S214030E00FFF790BF0020BDE80840FFF767BF00BFAD
S214030E106B680020484B002002280CD859B1064ABC
S214030E2013780133DBB21370044A12789A4202D85D
S214030E300220FFF7D5BF70476D680020706800205A
S214030E4038B5A0F61343012B04460D4615D80E4AB3
S214030E5013780133DBB213700C4A12789A420CD81B
S214030E604FF6FD720A4B00201988914201BF0022FB
S214030E701D80084B1A70FFF731FF29462046BDE850
S214030E80384005F0FDB900BF6E6800207168002089
S214030E909E6000206C68002000234FF6FD71054A13
S214030EA01370054A1370054A1180054A1370054AE4
S214030EB0137070476E6800206D6800209E600020E7
S214030EC06C6800206B68002030B5094B02461B781F
S214030ED033B1084B084C19780023D8B2884201D3A3
S214030EE0FF2004E0013334F823509542F5D130BD9A
S214030EF04B730020736800207E6000200022FF21D1
S214030F00044B05481A70054B1970054B1A78920066
S214030F10EBF774BE736800208260002072680020BE
S214030F204B730020F7B58DF807100DF10701044643
S214030F3003F072F9234B1D78002D41D02046FFF7AE
S214030F40C3FF214EFF283178204B05D1204A107865
S214030F5085422DD9451C1570884219D01C4A1B4D55
S214030F6092F800C00022D7B2BC450CD92F4697F89A
S214030F7003E00132864505F10405F4D102B203EB22
S214030F808202D278FA7002B203EB8202D17030701A
S214030F9002B203EB820123F82240FF228A709DF8F7
S214030FA00720FF2A02D003EB8203987003B0F0BD3C
S214030FB00A46104603EB8202D278FF2AF9D1CBE722
S214030FC0FF20F3E74B730020726800208260002046
S214030FD0736800202DE9F843FFF776FFFF280446E1
S214030FE069D04FF6FF72354F03B2DFF8DC80344E1C
S214030FF027F8232098F80050A54202D10020BDE828
S214031000F883337820B28100A34207EB800090F880
S21403101003E010D00023294A5FFA83F94D4594462E
S21403102006D99CF803900133A14502F10402F3D1DB
S2140310308CF803E001E086F800E0013DEDB22A1BE0
S214031040D2B2043192003944EBF72AFE88F80050F6
S2140310503378FF2B04D0A34224BF03F1FF3333704E
S21403106000214FF6FF70154BCAB2AA420CD30023D9
S2140310704FF6FF71134ADCB2AC42BBD2013332F8EF
S21403108023008842F7D1B5E79A78A2420BD118809D
S214031090DA78FF2A04D0A24224BF02F1FF32DA70C4
S2140310A001310433E0E7FF2AF2D0A24224BF02F163
S2140310B0FF329A70ECE72D20A1E700BF8260002084
S2140310C0726800207E60002073680020F8B51C4B11
S2140310D005461B78084673B3FFF7F6FEFF2804465B
S2140310E029D02846FFF7F0FEFF2806D0154B164EEC
S2140310F01A780023D9B2914218D3FF212846FFF766
S21403110011FFFF28014616D00546104F23B207EB02
S214031110830237F823009678FFF704FFA84208BF38
S214031120FF25FF2E214608D12846F8BD013316F8C1
S21403113023108142DED1FF25F6E73446E6E700BFFB
S2140311404B730020736800208060002082600020BC
S2140311502DE9F04180460E461F46002386B001A8BF
S21403116014469DF830508DF80330FEF7A7FCADF813
S21403117004802EB13368CDF806307368CDF80A3094
S21403118038460AF045FC0DF103034219214601A82F
S21403119005F082F89DF8033093B931464046E8F7E8
S2140311A0C1FE0E4B1B785BB10B2C09D8FF214046C2
S2140311B0FFF7B8FE064605EB4404E4B2A54202D1A7
S2140311C006B0BDE8F0812946384608F035FD3146BD
S2140311D0FFF7A8FE02350646EDB2EFE74B73002095
S2140311E000232DE9F3470DF107028DF80730044677
S2140311F00E4602F0FCFF9DF80730054663B920460D
S214031200FFF762FE04465EB130880AF01DFC5FFA03
S21403121080F8FF2C45D10025284602B0BDE8F087AC
S214031220B046F6E701320C2AF5D02DB207EB85055A
S214031230AD78FF2DF6D112F0FF0AECD04FEA4A053F
S2140312400235EDB2002EE7D0304605EB080108F074
S214031250B8FC0028DFD1524641463088FFF788F9AC
S2140312600AF1FF3208F1010108F102093088D2B20F
S214031270C9B25FFA89F9FFF77BF924B207EB840456
S214031280A478FF2CC8D023B2494637F823203088E9
S21403129008F0E2FC0028BED109F102095FFA89F9D9
S2140312A0EBE725460022014FBFE700BF8260002020
S2140312B010B5044601880120D5F770F8E3880BB90A
S2140312C0C823E38010BD37B50446D5F775F865889F
S2140312D085420ED8A188E288814205D3431B534337
S2140312E0491BB3FBF1F39AB280B240EA024003B063
S2140312F030BD0022F8E770B591F860300C46BBB9F4
S214031300088800F088F994F84430054683420FD0E5
S21403131004F11C06304600F0B9F984F8445000F096
S214031320B9F9618BA0643046BDE8704000F0A9B9F6
S21403133070BD38B5044690F844108378826CCB1A97
S21403134059425941D3F71AFEE37893B1257985B903
S21403135000F0A0F90346A268218A04F11C009C1A37
S2140313608C4236BF52182946D11ABDE8384000F0E1
S21403137088B938BD09B100F03AB900F042B938B5BA
S2140313808388044603B3E3780088A17804F10C0548
S214031390A3B10023B1FA81F1E3704909FFF7EAFF2D
S2140313A04FF6FF72A388218993421CBF03F1FF33D4
S2140313B0A3802846BDE8384000F063B90123E370F4
S2140313C0FFF7D8FFE188F4E738BD10B50446817807
S2140313D00088FFF7CFFF0123E3700023A38010BD2F
S2140313E010B581780446B1FA81F100884909FFF700
S2140313F0C1FF0023E370A38010BDFFF7F1BF70B5F4
S2140314000446054600262B4655F8040B10B11B1B55
S2140314100C2B00DD70BD237C8680002BF3D0637C11
S21403142013B1FFF7D2FFEEE7FFF7DAFFEBE7FFF7BD
S214031430E6BF70B5044605464FF6FF762B4655F8CD
S214031440040B10B11B1B0C2B00DD70BD8388B3424D
S214031450F4D04FF4FA724FF6FF731146D3F7E2FD5A
S214031460ECE709B100F0C3B800F0CBB810B50446FA
S214031470C0600830D5F704F994F838308BB9217971
S2140314802088B1FA81F14909FFF7EBFFA37943B14D
S21403149021796088B1FA81F1BDE810404909FFF768
S2140314A0E0BF10BD50B1003918BF012143798B420C
S2140314B004D0036B41710BB1406B1847704700F0C3
S2140314C0D6B80346184613F8012B8A4201D0002AE1
S2140314D0F8D1704710B53B2104460068FFF7F1FFCB
S2140314E00022034603F8012B2068236010BD10B5C5
S2140314F040B1421E0A24002012F8013F303BD9B205
S214031500092900D910BD04FB0030F5E7034630383F
S214031510C0B209280DD9A3F14102052A02D8373BE8
S214031520D8B27047A3F16102052A01D8573BF7E703
S214031530FF20704738B5034698B191B1007878B16B
S2140315405C7874B1FFF7E2FF05462046FFF7DEFF3F
S214031550FF2D06D0FF2804D040EA051008700120AE
S21403156038BD0020FCE708B500F07EF808B540F269
S214031570BA4200211020D4F78FFE41F2E8235843E5
S21403158040F6FF7300F2FF70B0FBF3F080B208BDC5
S21403159050F80C3C23B150F8041C30F80E0C1847D6
S2140315A07047084619B1FF21103002F047BD704757
S2140315B073B505460E466DBA1446D4F797FFADF8D5
S2140315C004507EB1012C04D0032C09D00022012143
S2140315D001E02246022101A8D7F758FF02B070BDEA
S2140315E00022F7E7042132460DEB0100F4E707B5C6
S2140315F040BAADF8040001A8D7F77CFF03B05DF846
S21403160004FB07B540BAADF8040001A8D7F79EFF60
S21403161003B05DF804FB002307B540BAADF8040039
S2140316200DF1030101A88DF80330D7F7BBFF9DF832
S214031630030003B05DF804FB007800F0DF03552BCE
S21403164007D0642807D0663818BF4FF0FF30C0B203
S2140316507047012070470320704718B12D280CBF30
S214031660012002207047704708B502F0D9F808B584
S21403167000F090F8BDE8084004F0DCBD50E9023005
S21403168018470A460830FF2102F0CFBCFF21083076
S21403169002F0DCBC08B50AF054FDBDE8084009F0CA
S2140316A06BBA704770470020704702B11180002064
S2140316B070470AB1002313800020704713B5002437
S2140316C00DF107008DF8074003F066FD40B99DF85D
S2140316D00700033803288CBF0020012002B010BD8A
S2140316E02046FBE72DE9F041044600274FF00C0E99
S2140316F08F4202DB0020BDE8F0812078904204D1BF
S214031700002594F80780454502DB01370C34EFE7E4
S2140317100EFB05F6D4F808C00CEB06003CF8066092
S2140317209E42E8D00135EEE7F0B585B005460E4695
S2140317301746D4F7FBFF0446A0B131462846D4F734
S214031740ADFF83783A46002BA36831460293A3780D
S214031750284601934FF0000300930CBF80234023D9
S214031760E4F77CFE05B0F0BD08B51288D4F7DEFFBB
S21403177050B10279BDF80C309A4207D881680298B6
S214031780EBF78EFA002008BD8620FCE78920FAE7EF
S214031790D5F7D0B8002004F0C9BD08B504F02EFE76
S2140317A0002814BF0320002008BD10B50446FFF729
S2140317B085FF20B12046BDE81040DFF795BD10BD7C
S2140317C008B5FFF77BFF18B1BDE80840DFF77EBD1D
S2140317D008BD704708B502F00DFBD3F749FBD5F7F4
S2140317E015F96420DFF790FD6420DFF77DFD02F036
S2140317F003FBD3F769FB08F019FEF8E7F8B5D0E961
S2140318000176437B04460D4613B133463E461F46D8
S214031810FFF740FF012D206438460ED1D3F768FC4E
S2140318203046D3F793FC257360784FF47F42BDE8C8
S214031830F8404FF48171FFF777BF022D05D1D3F738
S21403184085FC3046D3F754FCEDE7D3F77FFC3046F0
S214031850D3F77CFC0025E6E738B5037B04468B42CA
S2140318600D4607D190F844305BB3BDE838404830A6
S214031870FFF70CBFFFF70EFF216C431AC72B0CD8DC
S2140318800123C83184F8455084F84430091A04F11A
S2140318904800BDE83840FFF7F4BE0DB1237B2BB9F3
S2140318A029462046BDE83840FFF7A8BF002120465A
S2140318B0FFF7A4FF0123C82184F8455084F8443079
S2140318C0E5E738BD90F84510FFF7C6BF0121FFF7DF
S2140318D0C3BF0221FFF7C0BF0021FFF7BDBF4FF60E
S2140318E00173994210B5044602D10021FFF7B4FFF5
S2140318F02046BDE81040D5F76DBA032910B5044657
S2140319002BD0007B30B9012903D002290CBF01205C
S214031910FF2010BD032A07D8DFE802F002081014E0
S21403192001291CD002291FD0FF20F2E70029FBD192
S214031930B4F85C20012A12D0022AF4E704290ED058
S2140319400529F0E7042914D0052914D00029EBD182
S214031950B4F85C20111F0129ECD80220D9E75A1EDF
S214031960534253415800D4E7022B0CBF02200120F8
S214031970CFE70020CDE70120CBE730B587B005469B
S2140319800C46D4F7C5FF012820D11CB1611E4B427B
S2140319904B4158006B784FF480728DF804304FF447
S2140319A08273ADF806304FF48173ADF80830012327
S2140319B08DF80B30002385F8900001A8CDE90323AA
S2140319C08DF80A408DF81430D4F7DAFF07B030BD2F
S2140319D041680346C978027B99B98168C97899B981
S2140319E0002A08BF0321D5F7B9BA9B7B002B0CBF8F
S2140319F001210221F7E79B7B002B0CBF022101216B
S214031A00F1E7012AF1D17047012AF4D1704704297E
S214031A1010B5044604D831B1BDE81040D5F722BB53
S214031A2005290DD010BD037B5522002B08BF0321CB
S214031A30A0F85C1040781221FFF776FE2046EBE70D
S214031A4043681A8A83681A82E6E7012303730378D6
S214031A50013343734FF44073C3810323037400239A
S214031A60A0F85C3080F89030704700230B704B7002
S214031A70030A8B70C87070470346007938B95878E4
S214031A80831E022B02D80730C0B270470820704767
S214031A9073B50446002842D090F88530002B3ED01C
S214031AA090F8842090F8543022B3FD2B2CD8C3F141
S214031AB0FE020B2A35DD0C33DDB22046FFF7DCFFD2
S214031AC04FF47A730646FE206B437F33B3FBF0F086
S214031AD001A9FFF7CAFF0A46042302213046D6F7B8
S214031AE08FFF00220821607884F85450FFF71CFE0D
S214031AF02B4609E043B10C2B1D4638BF0C250C3D85
S214031B0005F0FF05AB42D8D194F885203AB194F896
S214031B10842042B1FD2B08D9002384F8853002B017
S214031B2070BDFE25C9E7002BF6D04FF4967104F17D
S214031B305C0002B0BDE87040FFF7A3BD0346C07863
S214031B4020B95878831E022B88BF012070470246AF
S214031B5013B588B144F2030399420FD1007A58B102
S214031B60937813B1012B18BF02238DF80430042198
S214031B70012301AAD6F744FF02B010BD102913D1E2
S214031B808479002CF8D090F855304FF47A72FE2002
S214031B9053437F33B3FBF0F001A9FFF766FF0A4612
S214031BA0042302212046E5E7112905D1C479002C38
S214031BB0E2D090F85630E8E70029DDD140790028D6
S214031BC0DAD001230421573202B0BDE81040D6F71D
S214031BD017BFA0F13003DBB2092B01D858B2704708
S214031BE0A0F14103052B02D8373840B27047A0F165
S214031BF06103052B01D85738F7E74FF0FF307047DE
S214031C0010B504460078FFF7E4FF021E09DB607890
S214031C10FFF7DFFF002804DB40EA0210087001200C
S214031C2010BD0020FCE738B504460D4601B94589CA
S214031C300123E373FFF72EFDFA2202FB0500206162
S214031C402089BDE838405043FFF7AFBD10B50446C2
S214031C50006DD8B1E278022A04D0E36C5B7972B9DE
S214031C6084F8543094F854306BB1FFF7AEFB6078C9
S214031C704FF60272BDE810400621FFF755BDB3FAD2
S214031C8083F35B09ECE7FFF7ABFBF0E710BD10B59A
S214031C900446C06CD3F72CFA2046BDE81040FFF785
S214031CA0D5BF10B50446C06CD3F750FA2046BDE83E
S214031CB01040FFF7CBBF10B50446C06CD3F776FAD7
S214031CC02046BDE81040FFF7C1BF10B5044600220A
S214031CD006214078FFF728FDA378022B01D0FF2BBF
S214031CE004D12046BDE81040D6F760B810BD10B545
S214031CF0D0F8A4407CB103791BB14079D6F778F9C4
S214031D0048B9A3883BB932222046BDE810400123D8
S214031D101146D3F787B910BD10B50446FFF7E7FFA2
S214031D20A278237982B913B12046D6F787F92046DD
S214031D30D6F7C8F903236078A4F86C305522BDE8BB
S214031D4010401221FFF7F0BC012B02D12046D6F734
S214031D5075F9A379012B02D12046D6F7B3F90123EF
S214031D60E9E710B583780446ABB9FFF7C0FFA3785D
S214031D708BB9237913B12046D6F782F92046D6F7D6
S214031D80E7F904236078A4F86C305522BDE81040C8
S214031D901221FFF7C9BCB4F86C30022B0DD023799F
S214031DA0032B02D12046D6F749F9A379032B02D198
S214031DB02046D6F787F90023E4E72046D6F70CFA41
S214031DC0F9E7827883685AB9DB78002B14BF0323BC
S214031DD00423A0F86C30552212214078FFF7A4BCE8
S214031DE01A7922B9DB78003B18BF0123F1E70223F7
S214031DF0EFE72DE9F043884616461F4691B020B913
S214031E004FF0FF3011B0BDE8F0830029F8D00B2A5D
S214031E10F6D94AF65521ADF800100221C4888DF88C
S214031E2002100188C2880D0A8DF8041004F10A0115
S214031E30231DB14252BA9BB28DF80350E0DA002557
S214031E405BBAADF80630C37881788DF8083003792D
S214031E508DF80510ADF80A2000F10801224603A804
S214031E608DF80930EBF75AF86A462B4604F10D094C
S214031E700C341FFA89F9A1B212F8010B01339BB295
S214031E8005449942EDB2F7D804F140030DEB030481
S214031E904E4504F8405CB3D34A4669464046EBF7E2
S214031EA03DF80FB90020ADE7A7F80090FAE7F8B5BC
S214031EB00E461546044610B94FF0FF30F8BD002A0B
S214031EC0FAD00829F8D91A2200212846EAF796FEFE
S214031ED02378552BF0D16378AA2BEDD1A378022B68
S214031EE0EAD1B4F803305BBA2B806079A870E78830
S214031EF07BBA9BB203F1090292B2B242DCD800214C
S214031F00E21892F808C00A4603F1080685F818C0D6
S214031F10B6B21FFA81FEB6451DD39445CCD104381C
S214031F2002281ED8032BC7D9227AEA70627A2A714E
S214031F30618948BA82B2102AE880BDD8043B9BB2B6
S214031F409342B9D329B104F10C0105F10800EAF76D
S214031F50E5FF0020B2E714F801E001317244D2B283
S214031F60D7E7102B28BF10231A46EB80002FF0D09C
S214031F7004F10801E9E77FB500239E6A0446B6F537
S214031F80804F0D460CD201A8D6F704FE039B5B05D3
S214031F9006D529462046336C04B0BDE87040184782
S214031FA004B070BD00239B6AB3F5804F05D21B6B4C
S214031FB0B3F5804F01D29B6818474FF48170704782
S214031FC01FB500239A6AB2F5804F04D340F201107E
S214031FD005B05DF804FB126BB2F5804FF6D2012212
S214031FE001A8CDE902338DF80420D6F7D3FD039B71
S214031FF0DB03EBD5029B1A0EE8D0012A03D1C3F309
S21403200007430A2BE2D900239B6A1B6B1B6C98477A
S214032010DEE708B50AF054FAB0FA80F0400908BDC6
S214032020134610B542B103439B0707D10AF044FA9F
S214032030B0FA80F0400910BD0120FCE70020FAE763
S21403204000230360704703680B600160704710B598
S21403205038B132B129B100230139D45C14B9002355
S214032060037010BD8B42FAD200F8014B0133F4E73C
S214032070034638B10020814204D01A5C02B9704787
S2140320800130F8E770474FF0FF31FFF7F1BF70B547
S2140320900C461646054660B15AB151B1FFF7F3FF39
S2140320A0844206D9211A32462844BDE87040FFF719
S2140320B0CEBF70BDFEE7FEE700239A4200D170470D
S2140320C010B550F8234041F8234001339A42F8D123
S2140320D010BDD7F7BFB94369426CD91C143AB1FB9C
S2140320E0F2F103EBC1000330B0FBF2F002307047AD
S2140320F038B505460C46FFF7EEFF6A6CE31D143A47
S214032100B3FBF2F3013304EBC30402FB004038BD18
S21403211038B5054644692146FFF7EAFF6A6CE31DB6
S214032120143AB3FBF2F3013304EBC304204438BD83
S214032130F7B507460E4600257C6CA819644280EA6C
S21403214006031C4003D02C46204603B0F0BDFB6BB1
S21403215001225B6901A99847019B0133F4D1043539
S214032160EAE770B505460C46D8F74AFFEB6B204600
S214032170BDE87040DB68184770B50025044686B096
S2140321800562E369AB4202D8206A06B070BD666C8E
S2140321902068E36B05225B6901A906FB05009847E7
S2140321A001A800F023FC00F046FC10B1236A0133BB
S2140321B023620135E5E738B50446456C006804F14B
S2140321C0400305FB0101E06B00F042FC0546204698
S2140321D0FFF7D2FF284638BDF0B50546002687B080
S2140321E0EC69013CB44203D80C46204607B0F0BD68
S2140321F001B14C1E6F6C2868EB6B05225B6901A965
S21403220007FB0400984701A800F0F0FB00F013FC5E
S2140322100028EAD121460136E2E7F0B504460D462A
S214032220466CE36B006887B005225B6901A906FB71
S2140322300500984701A800F0D9FB00F0FCFB20B18D
S21403224001A800F0AAFB07B0F0BD29462046FFF719
S214032250C3FF0646676C2068E36B05225B6901A92A
S21403226007FB0600984701A800F097FB431CEAD03B
S214032270B54238BF0130E6E72DE9F0434FF6FF7964
S214032280D0F8248004460E46C84514BF45460025AC
S214032290002787B0E369BB4202D807B0BDE8F083E6
S2140322A0E26B2368606CD2F814C000FB053005228D
S2140322B001A9E04701A800F099FB022806D0C8450B
S2140322C00CD1721C29462046FFF775FFE3690135DA
S2140322D0B5FBF3F2013703FB1255DBE7294620462D
S2140322E0FFF79BFFB0F1FF3F14BF024632460132B1
S2140322F0E8E70368F0B5CC1A436C0646B4FBF3F480
S214032300002587B0F36937685A1E9542706C08D368
S214032310706C336800FB043007B0BDE8F04000F093
S21403232095BB0134B4FBF3F203FB1244F36B0522B3
S2140323305B6901A900FB0470984701A800F056FBEF
S21403234000F079FB0028E3D10135DBE710B423F076
S214032350030422449B070A44436C18BF04325B42BF
S21403236081EA0204234203D05DF8044BFFF7C1BFA2
S21403237010465DF8044B70472DE9F041D0E90A3664
S2140323809E42044686B028D11422C369456802FBE0
S2140323901355284606B0BDE8F0812068676C331AEB
S2140323A0B3FBF7F3E26B07FB0300D2F8148001A933
S2140323B00522C04701A800F019FB012804D0636C6E
S2140323C01D44013B3340ED1A31462046FFF791FF8B
S2140323D00646A36AB342E0D1DBE70025F9E708B572
S2140323E008301346D1E90012D8F790FD012008BD46
S2140323F013B50C46002121760093616813462246E6
S214032400D7F77EF918B1E37D03B1A07EA075A07D52
S21403241002B010BD73B5164600F108050C462846F3
S21403242009680DF1070200F098F9032E06D16368D8
S214032430834203D12846216800F076F9012002B0D2
S21403244070BDD01E009B42424241187E824211D18B
S2140324501A688A420ED85A688A420BD35A690132DE
S2140324605A61D3E9030282423FBF986840F82210BC
S21403247001321A610120704710B5032A029C07D166
S214032480A26A5340626C5242134201D100F04CF9E7
S214032490012010BD08B5C36800209847BDE8084072
S2140324A0D8F7B6BD012814BF0420022070B5002457
S2140324B042431C70CC7D101D02F002024CB91AB1C7
S2140324C0012220F003001A7000F10803486818443C
S2140324D070BD1AB1012220F003001A7000230C7E8F
S2140324E001F12005DAB2A24201D30020F0E735F865
S2140324F033205E1C824206D901EBC30300F10802B7
S214032500D8691044E4E73346801AEBE773B505460B
S21403251090F842601C4630460DF10303FFF7C2FFF6
S214032520EB6B012E5B690DD1324601A998479DF8E6
S214032530033013B1BDF806300193BDF804302360B1
S21403254002B070BD0122214602B0BDE870401847B4
S214032550F0B5054600244868EB6B87B00E460122AB
S2140325605B69029402A908309847274695F84230DB
S214032570012B40F0AC80632C00F2AB80612C08D8B2
S21403258005AB224631462846FFF7C0FF9DF81430B8
S2140325905BB305AB2246314628468DF81070FFF72D
S2140325A0B5FF95F84230012B059B7FD14FF6FF729E
S2140325B0934256D0082205A904A800F063FA059BA7
S2140325C09DF81010C3F3072291424AD1DBB2029A58
S2140325D01A44029245E0DCD005AB22463146284633
S2140325E0FFF794FFBDF81430D2E795F84230012B7D
S2140325F039D1612C2ED822463146284603ABFFF745
S21403260085FF3146284604AB621CFFF77FFF314641
S214032610284605ABA21CFFF779FF102208230DEB13
S21403262002010DF107008DF8073000F02BFA102297
S21403263005A90DF1070000F025FA039BDAB24AB9A3
S2140326409DF80720B2EB132F04D1DDE9043203EB28
S2140326500243029395F84230012B14BF0123022351
S2140326601C44013482E7302CF4D8224631462846EF
S21403267003ABFFF74BFF3146284604AB621CFFF75C
S21403268045FF102320220DEB03010DF107008DF803
S214032690073000F0F7F9039B9AB2002ADAD19DF8C7
S2140326A00720B2EB134FD5D1049BD2E70133D8D022
S2140326B0102205A90DEB020000F0E4F9059B9DF836
S2140326C01010C3F307429142CBD19BB27FE7312C64
S2140326D081D9029807B0F0BD13B500240194049C79
S2140326E00094D7F7E9FC02B010BD13B5012401949A
S2140326F0049C0094D7F7E0FC02B010BD00234FF013
S214032700FF3230B544689C4202D10023037230BDC9
S214032710016801EBC30541F833206A600133F2E731
S214032720C0E90012FFF7EABF0023F0B545689D42F3
S21403273010D00468DF0054F8332004EBC306B2F16C
S214032740FF3F08D0C2F31302914204D14FF0FF3388
S214032750E3517360F0BD0133E9E70023F0B5456844
S2140327609D4202D14FF0FF300EE00468DE0054F8BD
S2140327703340671C09D0C4F31307B94205D1240DAF
S2140327801470036833445868F0BD0133E8E77047B4
S21403279070B59400224605460E4609F08DFE431C8E
S2140327A00AD058B9224631462846EAF773FD002870
S2140327B014BF3D20002070BD6E20FCE77120FAE7B1
S2140327C013B5044601A8D9F7A1FC9DF8063023806B
S2140327D04FF480736380D9F7A7FC6060002002B0D3
S2140327E010BDD9F717BC08B5D9F708FC002008BDFB
S2140327F010B5044644EA010313F00303084609D15F
S214032800934201D1002010BD54F8231040F8231042
S2140328100133F5E721469200EAF780FBF2E710B5AD
S214032820044609F04DFE431C10D088B9D9F77CFC4A
S214032830234620F003002044984201D1002010BD17
S21403284053F8042B0132F7D03E20F8E76E20F6E764
S2140328507120F4E7704713B50023044601461B2294
S2140328600DF107008DF8073000F00CF922689DF88B
S2140328700730B3EBD26F0CBF0120002002B010BDAF
S21403288013B500230446014620220DF107008DF8F8
S214032890073000F0F7F80DF107001A22211D00F0AB
S2140328A0F1F862689DF80730B3EB926F0CBF012016
S2140328B0002002B010BD0068431C584258417047C0
S2140328C0006810F07E0F0CBFC0F3C1600020704795
S2140328D00068C0F3D3107047006800F07F0001283B
S2140328E08CBF002001207047036813F07E0F14BFCF
S2140328F0042008207047036813F07E0F03D1406856
S21403290020F07C40704713F078001CBF03F07F0371
S214032910D81F7047006800F07F007047032809D06F
S214032920022803D1C1F10201C8B2704700290CBFC7
S21403293007200020704737B5054601F10C044369AC
S2140329406946012220469847BDF8003001220193CC
S2140329502046AB6901A9984703B030BD37B501F1EE
S2140329600C044369012269460546204698474FF6FC
S214032970FF72009B99B291420DD16FF30F0343F49C
S214032980254343F0A503019301222046AB6901A921
S214032990984703B030BD0020FBE737B50446002553
S2140329A01B22011D0DF107008DF8075000F06AF891
S2140329B060689DF80720B2EBD06F03D120F0784013
S2140329C003B030BD0DF107001B2204F108018DF89A
S2140329D0075000F057F8A0689DF80730B3EBD06FA8
S2140329E001D1C043EAE74FF0FF30E9E74BF29A2202
S2140329F0036810B5B2EB134F044613D19BB2012BF9
S214032A0013D1FFF7CAFF01300CD04FF6FF72E06810
S214032A10B2EB104F4FEA104309D180B2C01A18BF69
S214032A20012010BD2368013303D00420F9E70220F8
S214032A30F7E70320F5E701288CBF00200120704745
S214032A40033801288CBF00200120704714307047DC
S214032A502DE9F04105469846036908460E46174693
S214032A609847044638B943463A4631462846D8F787
S214032A703FFB044618B131462846FFF75CFF204665
S214032A80BDE8F0811F2A0B689EBF4FF0FF319140CF
S214032A908B43590801F055315B1A03F033319B0819
S214032AA003F033330B44017803EB13130A444FF05C
S214032AB0013103F00F334B43A2EB136202707047EE
S214032AC008B507F05BFBBDE808400021D8F71ABC41
S214032AD002210320D8F714BE70477047704770472B
S214032AE070B5054614460E4609F0D1F92B685C40CE
S214032AF034405C402C60BDE8704009F0C3B910B5A3
S214032B00002422B1032A0CD00360047110BD11F413
S214032B10000218BF4FF07F4221F07F4313430C0E91
S214032B20F2E721F0FF03CCB2EEE730B5012400F55F
S214032B30805345685C60CB784A785B0443EA02239B
S214032B400A7813438A78120402F480321343C0F8D7
S214032B509830EB075CBF00F50050446030BD70B59D
S214032B6001260C46054600F500535E600B7849784F
S214032B7003F0070343EAC103E17843EA0123A1789C
S214032B80090101F030010B430367C36AA17923F4FB
S214032B908B3323F4807343EA01432179090201F45A
S214032BA0E0610B436179090301F480510B43C3626F
S214032BB01146FFF7BAFF05F580535E60E37903B16C
S214032BC0EE6070BD08B50A6FC96F02F00702FFF723
S214032BD096FF08BD13B5044601A8D9F797FA042C47
S214032BE004D8DFE804F0061603101300002002B032
S214032BF010BD40F29C4040F2BA439DF80520012ADE
S214032C0008BF1846F3E740F6B830F0E74FF416600F
S214032C10EDE740F2E240EAE74FF050234FF400328C
S214032C201A6770474FF0B0435A6812B19A6A002A7F
S214032C30FAD1704770B5054614460E4609F027F9D3
S214032C402B685C4034405C402C60BDE8704009F063
S214032C5019B90122417803788A4030214B4342F266
S214032C60100103F1A04303F570335A50704721FA5D
S214032C7000F2D20730B5034600F0FC040FD500225D
S214032C800132D2B2042A02D14FF0FF3008E0831893
S214032C9003F00303234421FA03F5ED07F0D41846A3
S214032CA030BD00207047002070470020704700208A
S214032CB0704701207047012070470F207047EBF7DD
S214032CC003B8002307B5CDE90033012369464FF067
S214032CD0FF308DF8023004F058FB03B05DF804FBB8
S214032CE00020704710B508B9212010BD0029FBD07D
S214032CF0036813F0704205D1C3F30E030B607BB178
S214032D000020F2E703F05044B4F1004F05D0B2F1CF
S214032D10304F02D0B2F1404FE6D103F07F03EDE728
S214032D204368002BE0D00B60EAE737B50C46054650
S214032D3010B9212003B030BD0029FAD0002301A921
S214032D400193FFF7CFFF0028F4D12968019A11F009
S214032D50704102F1030222F0030201D12260E9E787
S214032D60AD68B1F1004FC5F38033C5F3403504D1E8
S214032D7003EB450353432360DCE7B1F1204F01D156
S214032D802B44F7E7B1F1304FFAD0B1F1404FF7D00B
S214032D90CFE737B50C460546002800F087800029A4
S214032DA000F0848000230B60036803F070430B601D
S214032DB0C26822B1032A79D143F080630B60AB6803
S214032DC09A0149D403F08073EA680AB9002B6DD1DF
S214032DD0226822F0407213432360EA68032A05D16F
S214032DE02A69F62A62D962F317432360AB681B0489
S214032DF042BF236843F400432360EB68032B1FBFE3
S214032E0023682A6862F30E0323602B68AA68002BE4
S214032E102ADB12F4C84F49D12B6803F0704303F141
S214032E200043B3F1804F05D2530542BF236843F4F2
S214032E30806323600023284601A90193FFF752FF0E
S214032E4040B92B6813F070421FD12368019A62F3CE
S214032E500E03236003B030BD03F04073B3F1407F2D
S214032E6018BF4FF00073AFE7500402F4005105D4C7
S214032E70E1B1236843F400532360CDE7236843F4AA
S214032E80804323600029C7D0F3E703F05043B3F130
S214032E90004F05D0B2F1304F02D0B2F1404F05D10A
S214032EA0019B5A1E236862F30603D2E72120D1E76B
S214032EB038B131B101234B604FF0005300208B60D3
S214032EC070472120704737B50C46054608B92120C0
S214032ED016E00029FBD001234B60C368A3B901A900
S214032EE00193FFF722FF58B9019B6A699A4209D3F7
S214032EF02A69002AEBD0226043F000530020A36027
S214032F0003B030BD1D20FBE7032BE0D10023F5E71C
S214032F10436813B9416070475B685A68012AFBD15E
S214032F2059607047FFF7DCBE08B5FFF7D9FE0028E7
S214032F3014BF6FF09200002008BD1346428870B598
S214032F400732072A0C464FEAD20101D0A14222D10A
S214032F5046680588202218460021E9F74FFE360A00
S214032F600346DEB9BCB141F20102954205D0B5F580
S214032F70885F02D0B5F5905F02D100205C6070BD1B
S214032F80B5F5105F0DD1182C03D0202C01D0102CD2
S214032F9001D11C60F1E76FF08600F0E76FF08B005D
S214032FA0EDE76FF08500EAE7F0B51C464368064692
S214032FB01B0A0F46154689B035D122462946FFF728
S214032FC0BCFF68B9EB1C23F00303C4E90307636182
S214032FD045B9202200212046E9F710FE6FF086004F
S214032FE009B0F0BD014620226846E9F707FE6A46A7
S214032FF029463046FFF7A1FF0028EAD12368009A46
S2140330009A42E6D16368019A9A42E2D1A368029A89
S2140330109A42DED1A369069A9A42DAD1E369079AFD
S2140330209A42DDD0D5E76FF08B00D9E7D9F7B6BB68
S214033030D9F7D0BC70470020704700207047C3689C
S2140330401944836853F8210030F8023B1360704735
S214033050012310B580F888300378044653B100F096
S21403306061FA21462046D9F7A7FD2046BDE8104061
S21403307000F04DBA10BD38B50D460446D9F784FDA9
S2140330806B682046C4F8B032A96800F096F94FF092
S214033090FF332046C4F8B432FFF7CDFF38BDD0F86F
S2140330A0B43210B50133044601D0002010BD00F041
S2140330B0BCFAC4F8B4020130F7D194F8B80280F031
S2140330C00100F3E708B5D9F79BFD08BD0A78013878
S2140330D02D2A0ABF012200228918D9F7EDBD072839
S2140330E01BD8DFE800F0060A0D101315041701209D
S2140330F0704700220820D9F7DFBD00221020FAE728
S21403310000222020F7E70820FFF7E0BF1020FBE7A8
S2140331102020F9E70846D9F731BE002070472DE98D
S214033120F74307280C46DDE90A7690461D4608D87D
S214033130013806280AD8DFE800F01D27303A44573E
S2140331404A00212850D003B0BDE8F0830022204671
S2140331501146E9F71FFD3368C0B205EB83013A68F1
S21403316045F82300013348F8221033603B680133E7
S2140331703B60E8E7002220461146E9F70BFD33687B
S21403318080B205EB8301EAE7002220461146E9F701
S21403319001FD336805EB8301E1E700222046114673
S2140331A0E9F7A6FE336840B205EB8301D7E70022B2
S2140331B020461146E9F79CFE336800B205EB83010F
S2140331C0CDE7002220461146E9F792FEE1E7002309
S2140331D089461E461D468DF8063019F8013F7D2B9D
S2140331E006D125702D0A65703B6848F82340BDE775
S2140331F0202BF2D006F00102013612B98DF8043006
S214033200EBE71022002101A88DF80530E9F770FEE0
S214033210631901359870ADB2DFE72DE9F04F9B4691
S214033220002385B08B45814688469246CDE9023316
S2140332306BDC1A461E4619F80340212C09D81F2CAE
S21403324004D8103C072C98BF012200E00126013366
S214033250F1E7FF2CFBD15B4436B1013B43450ADD66
S2140332602B2005B0BDE8F08F62B1013B4345F7DC88
S2140332703546374602E000252F462E46454504DBF5
S2140332800020EEE79845F3D0EAE75D453BDB19F807
S2140332900730202B18D109EB07035B78FF2BDFD110
S2140332A0CEB920465AF82510FFF719FF78B303ABBB
S2140332B0019302AB00932046DDE90E235AF825104E
S2140332C0FFF72DFF0135D9E7212B0ED109EB0703B5
S2140332D05B78FF2BC4D1029B5AF825200E99012652
S2140332E041F8232001330293ECE7A3F11004072CE3
S2140332F002D91C460137D3E709EB07035B78FF2B9C
S214033300AED1E4B2CCE70624CAE72120A9E72620FB
S214033310A7E72DE9F04F07460E461546984604469E
S21403332085B0DDF84490DDE90FAB206808B3DAF822
S2140333300020D8F800108A421BDA0E9B53F822109E
S214033340D5F7BCFF48BBDAF800200132CAF80020E4
S2140333506268117BFE291BD10E9B10680121009326
S2140333602A464346CDE902B9CDF804A0FFF7D1FFBC
S21403337004462B7843B999F800302BB97EB1012364
S2140333803C4689F800302B70204605B0BDE8F08F28
S21403339001238BF800302B70EBE70C34C5E734467B
S2140333A0F2E710B50446236803B910BD237A13B9B0
S2140333B02046D9F719FD0C34F5E710B541B10A7963
S2140333C032B901249C300C71FEF73DFE204610BD39
S2140333D00020FCE72DE9F041BAB005460AAA0846E4
S2140333E003A900F05FF90446B0B90DF10A0301938F
S2140333F00DF10B038DF80A0000930AAA284604ABC6
S21403340003A9D9F7A1FE9DF80A20B2B19DF80B20B7
S21403341048B12AB1D9F7E8FC20463AB0BDE8F081B6
S214033420FFF7BFFFF8E7D5F89C50002DF4D0A86847
S21403343008B1FFF7B6FF2D68F7E700B346681AAB87
S21403344006F10C082AAF01934046049B03990097A4
S2140334500AAAFFF7E2FE04460028DDD1039B05A86F
S214033460CDE90637049B0595CDE90838DBF734F933
S21403347005A83368984705A800F03FFDCCE72D2440
S214033480CAE710B50446AC30E9F7B4FA04F1AB0367
S2140334901A180020934200D110BD13F8011F00290B
S2140334A0FAD00A2908BF0130F4E70023F0B50B6011
S2140334B013600646D0F8AC0278B196F8AC0060B15B
S2140334C0012406F1AC07D6F8AC02844210D306F109
S2140334D0AC00B3F5007F10D30120F0BD0D680135B5
S2140334E00D60156801351560F85C01330A2802D0B3
S2140334F0B3F5007FF2D30134E5E7C15C0A29EBD0CC
S2140335000029E9D01168013301311160E1E710B5F4
S2140335100021D0F88C200446E9F770FB0023C4E9A9
S214033520243310BD73B5044600F1AC058021204654
S214033530FEF79EFD4FF4007106462846FEF798FDFB
S2140335400136C0F50070864220461FD8E9F752FAC6
S21403355006462846E9F74EFA01362946421CA819BC
S214033560E9F79EFB2046E9F745FA21460246284638
S214033570E9F7D4FC2046E9F73DFA0A23204480F80D
S214033580AC300023C4F8AC3202B070BDFFF779FF4D
S21403359001AAC4F8AC0269462046FFF786FF00225C
S2140335A0009B234483F8AC20C0E773B50D4604465E
S2140335B0FFF767FF6B1C19D1D4F8AC3213B1013B8C
S2140335C0C4F8AC3200252046E9F714FAA84215D809
S2140335D02046FFF79CFFD4F8AC322BB16946204651
S2140335E001AAFFF762FFA0B902B070BD012DFBD19F
S2140335F0D4F8AC328342F7D20133E1E7082000F077
S21403360023F8202000F020F8082000F01DF80135EC
S214033610D9E7009D04F1AC06019BAB42E4D9715D8A
S2140336202046D9F7BFFE0135F6E707B500200DF1B2
S214033630070100F0E7F820B99DF8070003B05DF82E
S21403364004FB4FF0FF30F9E710B5C1B20446002083
S21403365000F0C8F800280CBF20464FF0FF3010BD1E
S2140336600FB407B504AA52F8041B00200192DAF738
S21403367035F8002003B05DF804EB04B0704710B5CE
S2140336804C1C0B460119045D222C03D07B2C01D065
S2140336905C2C05D1D21A1844E9F702FB012010BDB1
S2140336A00020FCE72DE9F047054691468846E9F7F2
S2140336B0A1F92A4606461346197801322029FAD07C
S2140336C0C9F800305C1B01236FF0404AC8F800308D
S2140336D0A64201D8002014E02F5D29197B2F12D0B3
S2140336E0222F2ED1D8F80030621C53442A4449F8BE
S2140336F02320012C09D911F8013C13F0DF0F04D065
S2140337002120BDE8F0877D27F3E701342B5DBB421C
S21403371009D12B195B7813F0DF03F1D1222F00D1E7
S2140337202B550134D4E75C2B07D132462146284675
S214033730FFF7A5FF0028E3D0013E0134A642E5D8F3
S214033740DEE75C2F08D1324621462846FFF797FF6F
S2140337500028D5D0013EE4E7202FE2D10022631CE7
S214033760B3420A70DDD2EA18EB5C202BD9D0D8F826
S21403377000300F2B05DC49F823200133C8F800304E
S214033780CFE71E20BDE700F000B800207047D5F74E
S21403379083BD70B50C46154610B9D9F793FF38B1FB
S2140337A043682BB12A462146BDE870400068184797
S2140337B0232070BDF7B50D4616461C4638B9D9F713
S2140337C081FF04B901AC20B9232003B0F0BD03B9CF
S2140337D001ACC768002FF7D0234632462946006857
S2140337E0B847F2E707B501228DF807100DF1070178
S2140337F0FFF7CFFF03B05DF804FB0B460146184600
S214033800FFF7F0BF00230122FFF7D4BF08B508F087
S21403381039FCFA23B0FBF3F080B208BD04207047EE
S21403382040F20160DAF744B8704701207047002081
S214033830704749BA89B280EA0103C3F303125340BF
S214033840180380B258405B0103F4FF535840704797
S21403385008B5DAF7F9FB58B1A0F15903042B06D8DB
S214033860042B04D8DFE803F00404040304005C20FC
S21403387008BDDAF741BD7047F8B50C468D18073515
S21403388052421540A5F108070646384600F0DFF910
S214033890A188381B628801EBE00189B2A2EBE00243
S2140338A025F8041C25F8062CA288C310AAB1A4EB9D
S2140338B0C202B2F802C0D18003EB0C015180E28849
S2140338C092B1D31A9BB204EBC20425F8023CA38040
S2140338D0B3680344B3603846F8BD15F8082C42F0C5
S2140338E0020205F8082CEAE725F8022CF0E72DE992
S2140338F0F04F4FF0000887B09946531C109B0546BF
S214033900174614BF14460824CDF81480002B00F085
S214033910C580C3F80080002900F0C28042688A424E
S21403392040F2BE80073121F0070608F0BDFA05AA6B
S214033930CDE9008282463A464B463146284600F099
S2140339408AF9059F834607B130B9504608F0A7FAAF
S214033950192007B0BDE8F08FB7F8028029694FEA4F
S214033960C802C0EBC8080139B8F1270F29617AD914
S214033970B9F1000F51D1864206F1080848D0224615
S21403398039462846FFF778FF04460590059B98447A
S214033990404600F05CF9059906F10F004A88C30813
S2140339A0A2EBD002A8F80220CA88A8F80430002A9E
S2140339B030D0D31A9BB201EBC202A8F8063093802C
S2140339C08B88F608A380B8F804303A46E38041466D
S2140339D000232846668000F0A6F9AB680833AB6080
S2140339E0237843F0010323702B6901332B6162882C
S2140339F0AB68504603EBC203EA68AB60934288BFEA
S214033A00EB6008F04CFA109B083400201C60A0E71B
S214033A103C46BBE7A8F80620D2E707EB0804204697
S214033A20039200F014F90BF10703DB080599638092
S214033A3008F10703DB08A380CB8893B1DB00039A66
S214033A40D81D821A5A44C2F3CF020B44E2809A80EE
S214033A50A38808F1FF384FEAD808A1F80280CB8084
S214033A60BBE7E380F4E7B9F1010F1BD107F10803C5
S214033A70B3FBF4F204FB1233B3B1224639462846AD
S214033A80FFF7FAFE044623783A4643F00103237011
S214033A9021460123284600F046F9A8E7222058E7E6
S214033AA0212056E78642E8D13C46ECE707B50022DC
S214033AB04FF0FF3101AB0192DAF77EF8019803B0BD
S214033AC05DF804FB2DE9F74F04460D46002900F088
S214033AD0AB80D0E9056808F0E7F915F8087C35F8F7
S214033AE0061CFB07009000D531B9009808F0D7F9FB
S214033AF0012003B0BDE8F08FA368D4F8109035F822
S214033B0004ECA3EBC10B09F10103A5F1080C4A1C55
S214033B10C4F808B02361BEF1000F7BD0ACEBCE0334
S214033B20D888B3F802A00190187807F00207C007F8
S214033B3065D4002F64D10198A0EB0A07012F69D141
S214033B408A1CABF108075244C4F81090A76035F8F6
S214033B5002ECBEF1000F61D0D4E900700CEBCE0A84
S214033B6007EB0009CA4559D21CF83EC057461CF05D
S214033B70010C15D1AEEB0101012911D1BAF80210DF
S214033B80AAF802C001310A44BAF80610002943D045
S214033B900AEBC107216901392161A1680839A160CF
S214033BA015F8081C013A21F0010105F8081C00214C
S214033BB025F8061C5A801A7861F300021A707FB340
S214033BC0C3F107023A44C2F3CF02DA80BA804EB397
S214033BD0B34227D37288002A08BF1E46B8F1000FE7
S214033BE006D0434504D8B8F80220002A18BF434637
S214033BF00098C4E9056308F052F9002079E74FB14D
S214033C0015F8087C724427F0020705F8087C00279D
S214033C109F809CE763469AE70F46BBE70027BFE70C
S214033C20DF80D4E71E46D9E7222062E710B50446B4
S214033C30D9F7DAFF2146BDE81040FFF743BFFFF789
S214033C40F5BF0846FFF732BF0846FFF7F8BF002365
S214033C50036043607047F0B5D0E90554561C08BFAF
S214033C600822002B4FF0000008BF2C46DDF818C0D2
S214033C70CCF80000002C37D09DF814706588FF0040
S214033C8007EBC505C2F1000E2078C00708D51BBB9D
S214033C90E088A0B104EBC004658807EBC505F3E72D
S214033CA08D42F4D363B904F10806B6FBF2F002FBC7
S214033CB0106670180EB1A842EAD8CCF80040F0BDE2
S214033CC0082A0FD06088013004EBC000461A06EAC3
S214033CD00E06801B8542F0D2A0880028EFD0A4EB06
S214033CE0C004D9E70846E8E72046E8E70346006944
S214033CF0C0B10AB951B91A6810460378DB0711D563
S214033D0031B9C3885BB100EBC300F6E79A69F3E702
S214033D10012904D1838823B1A0EBC300EDE700207B
S214033D207047184670472DE9F041D0E90554074619
S214033D3088461646ABB1954200D00ABB42460021E0
S214033D403846FFF7D3FFB442054600D02EB94246A5
S214033D5001213846FFF7CAFF0446C7E90554BDE804
S214033D60F081954208D08D4228BF0D46B44205D057
S214033D70444538BF4446F0E70D46F7E74446ECE7CC
S214033D809442EAD1E3E770B500261C46C3E9000176
S214033D90C3E90266C3E905001E611A775E62FFF790
S214033DA056FF23690139C908013341802361A3689B
S214033DB030460833A360E3680833E36070BD00232E
S214033DC007B5684600938DF80430D7F789FE03B02D
S214033DD05DF804FB10B508F05AF8044606F060FADE
S214033DE02046BDE8104008F04DB870474FF4C87041
S214033DF0D9F75ABFDAF70CB800F01CB8704770470B
S214033E0008B503F001F903F009F903F010F903F01C
S214033E101FF9BDE8084003F02EB9704708B503F054
S214033E20EEF803F0EDF803F0ECF803F0ECF8FFF728
S214033E30F4FF08BD08B503F01FF903F01EF903F0FD
S214033E401EF9BDE8084003F021B97047012070470A
S214033E502DE9F34112F001050446884622D110F0FD
S214033E60030525D12F465208BA4209D1D8F7C6F81A
S214033E700026B74204EB860008D1D8F7CBF811E04A
S214033E8054F8273001330CD10137EDE7042258F8F4
S214033E9026300DEB0201019308F00EFB30B1D8F784
S214033EA0B9F83D25284602B0BDE8F0810136E0E7C3
S214033EB00125F7E77047B0F1006F0FD300F07843A2
S214033EC0B3F1006F0CD000F06040B0F1404F09D062
S214033ED0B0F1604F14BF04200320704700207047E2
S214033EE00120704702207047002070471AB111B1B5
S214033EF080B2DAF701BA2120704701F056BEE3F725
S214033F002BBBFFF78DBCD0E9023253F822300021D9
S214033F101878E2F773BF704702F08CB901F0DABD88
S214033F20C3688268013BDBB252F823305B78652BAB
S214033F3002D10020E5F7B2BA6E2B01D10120F9E7D2
S214033F40662B01D10220F5E7704710B5D0E902329F
S214033F50044653F82230187802F046FAE368A2685B
S214033F60013352F82330BDE81040187802F03ABA0D
S214033F7010B50446C0B2DBF78DFB200ABDE810403F
S214033F80DBF788BBD0E9023253F822301878DBF728
S214033F9089BC02F0E1B9E3F77FBF08B501F0B8FECC
S214033FA0BDE80840E5F768B9D0E9023253F8223095
S214033FB0186801F0ABBE0020E5F764BA0120E5F708
S214033FC061BA0221DBF704BC0321DBF701BC052140
S214033FD0DBF7FEBB08B501460C20DBF7D5FBBDE8D7
S214033FE00840DBF763BB08B501460020DBF7CCFBD4
S214033FF0BDE80840DBF75ABB07B5C26883680432DE
S21403400053F8223001211B880DF10602ADF8063065
S2140340100023DCF761F903B05DF804FB08B508F08C
S21403402045F8BDE80840F1F7E5BB10B51446DCF7E4
S2140340306FFC2146BDE8104007F0D6BD08B5DCF797
S21403404067FCBDE80840002107F0CEBD08B5DCF7E5
S2140340505FFCBDE80840F1F703B808B5DCF758FC89
S214034060BDE8084008F085B908B5DCF751FCBDE8A3
S2140340700840F0F7E1BF7047704708B508F016F838
S214034080FFF7FAFF03F065F8BDE80840DCF78CBCE1
S2140340907047012070470120704708B5DCF720FD04
S2140340A000280CBF0420012008BD70472DE9F3410A
S2140340B004460D4616461F46DDF8208008F08EF8A7
S2140340C03B46324629462046CDF8008003F043F8A7
S2140340D03B46324629462046CDF80080FFF7E5FFEB
S2140340E002B0BDE8F04101F060BD2DE9FF4704468C
S2140340F00D4616461F46BDF830809DF83490DDF811
S21403410038A008F06BF83B46324629462046CDE9F0
S214034110019ACDF8008000F0FDFF04B0BDE8F0473B
S21403412001F043BD704708B508F058F803F016F8D9
S214034130FFF7F8FFBDE8084001F037BD01207047E0
S2140341402DE9F74304460D4616461F469DF828906C
S21403415008F044F83B46324629462046CDF8009000
S214034160FFF7ECFF80463B46324629462046CDF80D
S214034170009002F0F4FF01F018FD404603B0BDE8DE
S214034180F083012070472DE9F74304460D46164693
S2140341901F469DF8289008F021F83B4632462946EC
S2140341A02046CDF80090FFF7ECFF80463B463246AC
S2140341B029462046CDF8009002F0D2FF01F0F5FC28
S2140341C0404603B0BDE8F083F8B504460D461646F0
S2140341D01F4608F003F83B4632462946204602F0BF
S2140341E0C0FFBDE8F84001F0E0BC00207047F8B51A
S2140341F004460D46164607F0F1FF3246294620468A
S214034200FFF7F3FF074632462946204602F0AAFF89
S21403421001F0CBFC3846F8BD38B504460D4607F02A
S214034220DDFF2946204602F09EFFBDE8384001F038
S214034230BCBC10B5044607F0D1FF204602F094FF3D
S2140342402046FDF7A5FABDE8104001F0AEBC704766
S21403425038B504460D4607F0C1FF2946204602F04E
S21403426095FF29462046FFF7F2FFBDE8384001F0E8
S2140342709CBC704770B504460D46164607F0AEFF65
S21403428032462946204602F083FF32462946204618
S214034290FFF7EFFFBDE8704001F087BC704738B505
S2140342A004460D4607F09AFF2946204602F072FFA1
S2140342B029462046FFF7F2FFBDE8384001F075BCFB
S2140342C0704738B5054607F089FF284600F0EFFE2D
S2140342D004460146284601F0ABFF01F066FC204683
S2140342E038BD38B504460D4602F056FF294620462B
S2140342F0FFF7E6FF38BD704738B5054607F06EFF93
S2140343002846E3F7D5F804460146284601F08EFF13
S21403431001F04BFC204638BD38B504460D4602F086
S2140343203CFF29462046FFF7E6FF38BD704710B529
S214034330044607F053FF204602F030FF2046FFF7FF
S214034340F5FFBDE8104001F030BC704738B50446B1
S2140343500D4607F043FF2946204602F021FF294673
S2140343602046FFF7F2FFBDE8384001F01EBC704759
S21403437070B504460D46164607F030FF324629460A
S214034380204602F00EFF324629462046FFF7EFFF8F
S214034390BDE8704001F009BC704738B504460D46C9
S2140343A007F01CFF2946204602F0FCFE294620465D
S2140343B0FFF7F2FFBDE8384001F0F7BB704738B5AA
S2140343C004460D4607F00AFF2946204602F0EBFE98
S2140343D029462046FFF7F2FFBDE8384001F0E5BB6B
S2140343E0704710B5044607F0F9FE204602F0DCFEDF
S2140343F02046FFF7F5FFBDE8104001F0D6BB704737
S21403440010B5044607F0EAFE204602F0CEFE20462C
S214034410FFF7F5FFBDE8104001F0C7BB70477047D4
S21403442070B504460D46164607F0D8FE32462946B2
S214034430204602F0BDFE324629462046FFF7EFFF30
S214034440BDE8704001F0B1BB704710B5044607F0F5
S214034450C5FE204602F0ADFE2046FFF7F5FFBDE899
S214034460104001F0A2BB704738B504460D4607F06E
S214034470B5FE2946204602F09DFE29462046FFF754
S214034480F2FFBDE8384001F090BB704770B50446B4
S2140344900D46164607F0A2FE32462946204602F08F
S2140344A08BFE324629462046FFF7EFFFBDE87040F5
S2140344B001F07BBB70472DE9F34104460D461646D3
S2140344C01F46DDF8208007F089FE3B463246294624
S2140344D02046CDF8008002F070FE3B463246294661
S2140344E02046CDF80080FFF7E5FF02B0BDE8F041B7
S2140344F001F05BBB0E2070470E20704738B50446AC
S21403450007F06CFE2046FFF7F7FF0546204602F04D
S21403451055FE2046FFF7EEFF01F047FB284638BD61
S214034520002070470020704738B5044607F056FE53
S2140345302046FFF7F7FF0546204602F040FE2046DA
S214034540FFF7EEFF01F031FB284638BD704708B58C
S21403455007F044FE02F034FEFFF7F8FFBDE808401C
S21403456001F023BB002070477047704708B5DCF79F
S21403457089FB00280CBF0420012008BD70470B6888
S214034580DA7B1AB9DB7C0BB9DCF7A0BB812070475A
S21403459008B5DCF7B3FBBDE80840DCF7BDBB7047E6
S2140345A0DCF7ACBBDCF7B8BB082808D84FF48B7332
S2140345B0C34013F0010F0CBF2120002070472120B9
S2140345C070470121DCF79ABC0221DCF797BC042173
S2140345D0DCF794BC0821DCF791BC1021DCF78EBC19
S2140345E008B500F026F808B1002008BDDCF7D6FCB5
S2140345F00028F9D1DCF7E4FC0120F6E7152808B516
S21403460003D1BDE80840DCF7CFBC01F089FE60B9F2
S214034610E2F7A2FA032806D100F009F828B9BDE8A4
S2140346200840FFF7DDBF0028EBD008BD7047002029
S21403463070470020704708B5DCF7A8FEFA23B0FBE6
S214034640F3F008BD0321DCF7D1BE01207047D0E9A3
S214034650023253F822301878DDF7D0B80868C37BE7
S2140346601BB9C37C0BB9DDF7F9B881207047D0E9D5
S214034670023253F822301878DDF732B9704730B576
S2140346800546044615F8100B85B0029565691D446A
S214034690CDE900250B46A21D618801F023FE05B077
S2140346A030BD704710B492F80A4192F8053103EB17
S2140346B004230B8100235DF8044B1A4601F010BE59
S2140346C01FB50446084671B12178FF290BD0238B0A
S2140346D0029363690193237C00936288A31DE2F728
S2140346E003FFFF23237004B010BD0868C37B73B9B0
S2140346F0C37C032B0BD8DFE803F002080406DDF7C0
S214034700EFBBDDF71FBCDDF74FBCDDF7FDBB81203C
S21403471070477047704700207047137810B5032B17
S2140347200CD15479CBB29C4208D19379B3EB112FB9
S21403473004D153781B1A5842584110BD0020FCE799
S2140347407FB505460E4600246946E0B201F076FDC5
S21403475028B96A4631462846FFF7DFFF18B9013401
S214034760202CF1D1002004B070BDFFF7E9BF086824
S214034770C37B9BB9C37C052B10D8DFE803F0030D7E
S214034780070B0905DDF7B4BCDDF7F0BEDDF74ABD60
S214034790DDF79CBEDDF71ABEDDF7ECBC8120704763
S2140347A00020704730B5102587B001AA0021019577
S2140347B0FEF745FC04462A46002102A8E8F71EFA3F
S2140347C02A46214602A8E8F76BFA012102A8DEF77B
S2140347D0ABF807B030BDDEF739B87047FFF7FDBF5B
S2140347E00B68DA7B5AB9DB7C012B04D0022B04D08E
S2140347F02BB9DEF7BDBCDEF7C7BCDEF7D1BC812024
S2140348007047002307B5012101A80193D4F79CFB49
S21403481008B9D4F7D5F9012003B05DF804FB08B551
S21403482002F030FA052803D0003818BF012008BD6F
S2140348300220FCE77047D0E9023253F8223018789A
S214034840003818BF0120E0F72BB8E0F72FB8002098
S2140348507047002070477047FF207047FF2070475F
S21403486000207047002070470020704770470620DE
S2140348707047DFF7D3BA0868DFF7ACBF70B50D46ED
S214034880044600212846164601F074F93246208075
S2140348900221284601F06EF932466080042128463C
S2140348A001F065F90023A360E3606060082070BD33
S2140348B0034641B181424FF0640005D94343B3FB3D
S2140348C0F1F0C0B2704708467047DFF7FDBFE0F768
S2140348D0F3BDE0F7FBBEB0F5807F05D0A0F500730F
S2140348E058425841400170470820704730B599B088
S2140348F00D4669461446E0F74DFE30B915B1BDF8CE
S21403490002302B600CB10D9B236019B030BD2DE92E
S214034910F04788B00E46904604A905AA07461D46EA
S214034920FFF7E4FF044638BB28800DF10C09DDE9E8
S21403493004A39A4520D2062251463846CDF8009065
S21403494006ABE0F743FED8B9039B062B18D12A889B
S214034950DDF81A3042450ED2BDF8181026F832108C
S2140349602A8806EBC20253602A8853440132063370
S2140349702A800493DBE7F7D9204608B0BDE8F08722
S2140349800124F9E72DE9F0438FB00F46904601A9BD
S214034990002204469946FFF7A9FF18B101200FB07D
S2140349A0BDE8F083062220460DF1020302A9FFF7B5
S2140349B0AEFF0028F2D105460246BDF80210019C60
S2140349C0EEB28E42EAD20EAB03EBC60656F82C3C8A
S2140349D036F8306C0634BE4217BFE418012213467D
S2140349E00022013522B1C8F80040C9F80030D6E7E6
S2140349F01A46E5E770B50024012602F01DF9E5B274
S214034A00C26806FA05F59542234604F10104F4D379
S214034A10D8B270BD70B586B0E0F70AFC00F1100698
S214034A20E5F776FF00240546142201A9301902F0A3
S214034A300AF91CB99DF80430FF2B16D0002303F1A6
S214034A4018026A4412F8142CFF2A06D11C44601E6E
S214034A5090FBF5F080B206B070BD2B44DBB2132B8F
S214034A60EDD91434B4F5826FDED14FF0FF30F2E7A0
S214034A70E0F714BA07B504220DEB020102F0E3F8DF
S214034A80019803B05DF804FB37B5054608460C46A7
S214034A90FFF7F0FFA84206D0042220460DEB0201E2
S214034AA00195E5F787FF03B030BD07B50B460092C7
S214034AB0002102460120E0F783FA03B05DF804FB09
S214034AC008B50121E0F7B4F9BDE80840E6F71EB9DA
S214034AD0E0F7F2BC08B5FFF7F3FF002008BD08B502
S214034AE013460A4601461846E0F7FEFA80F0010030
S214034AF0C0B208BD00207047704708B1E0F7FCBDA0
S214034B00704730B4DDE902451DB1029430BC00F0B5
S214034B10C6B930BC70471F2804D8142200F5A0304D
S214034B20D9F7B4BC70471F2804D8142200F5A03068
S214034B30D9F7D8BC7047152808B505D1FFF7DCFFB1
S214034B40BDE80840E0F71EBF08BD10B5142486B0C4
S214034B502246002101A8E8F751F82023224601A99E
S214034B604FF4A03001F078FC06B010BD002070476B
S214034B7013B500230C461A460146CDE90033E0B2CE
S214034B80E1F7C4FC02B010BD13B500231446019030
S214034B9001220093E0B2E1F7B9FC02B010BDD0E900
S214034BA0023253F822301868E1F728BE19449142BE
S214034BB00ADC4218002003B9704712F8011D013BB6
S214034BC001EB0020DBB2F6E7002070472DE9F04F3B
S214034BD04FF0000A85B0019381460F4615465346AB
S214034BE0019A11785FFA8AF2914203D8002005B041
S214034BF0BDE8F08F019909EB050801EB42025178F5
S214034C0092F802B011F04004009101F03F061BD069
S214034C10AC19BC42D4BF0024012433466400A20767
S214034C2040F18880009B1B0640F192800E9B324623
S214034C3003EB0B000021E7F7E1FF3D4600231D448D
S214034C40ADB20AF1010ACBE7042E07D866B1B31E4C
S214034C50022B0BD8DFE803F0122130003E2E37D0AC
S214034C603F2E5BD03D2E4BD00320C0E7BD4234BF62
S214034C7000240124012664003346D0E7AB1CBB4264
S214034C8050DC02233A4629464846FFF78FFFADF825
S214034C900A0002230DF10A08C1E7EB1CBB4243DC02
S214034CA003233A4629464846FFF780FF0390042627
S214034CB003230DF10C08B2E72B1DBB4236DC04239D
S214034CC03A4629464846FFF771FF03900423F0E768
S214034CD07A1E95422CDA02233A4629464846FFF7BF
S214034CE065FF4FF6FF7380B298420EBF0223023071
S214034CF083B25C19A742B4BF0324012404268EE7BB
S214034D00BD4215D298F80030FF2B0CBF01230133A8
S214034D10EC18BC42CCBF03240124EFE7012404268D
S214034D2000237CE73446B4E70224C0E70224CDE739
S214034D300324E3E70E9A02EB0B0014B142F80B8050
S214034D407DE7324641460093E8F7E8F8009B76E7AE
S214034D5002204CE710B5144686B018811A460A9B03
S214034D600291CDE9034301230193099B0146009376
S214034D700320BDF82030E1F705FE06B010BD1FB5D1
S214034D8000240294079C0194BDF818400094FFF792
S214034D90E1FF04B010BD2DE9F0410E461746054667
S214034DA086B098B391B38AB34FF0000802A95FFAAE
S214034DB088F001F043FA044640B99DF80830032B07
S214034DC008D008F10108B8F1200FEFD1204606B04D
S214034DD0BDE8F0819DF809202B799A42F1D1BDF800
S214034DE00A206B889A42ECD19DF80C30BDF80D0072
S214034DF06B7128812B4622464FF6FF71CDE900677B
S214034E00FFF7BDFF0028DCD00446DFE72124DDE7FB
S214034E1010B586B00A9C04949DF824400394BDF80C
S214034E20204002940124CDE9003413460A46014685
S214034E300620E1F7A7FD06B010BD1FB504460846D9
S214034E40194600230094CDE90123079BBDF81820DB
S214034E50FFF7DEFF04B010BDF0B5022805460E4688
S214034E6014461F468BB00AD106A9F0B201F0E6F944
S214034E7098B99DF8193023719DF81C306371119B06
S214034E80224604930023CDE902330193109B314657
S214034E90009328463B46E1F775FD0BB0F0BD13B50E
S214034EA000240194049C0094FFF7D6FF02B010BDC3
S214034EB02DE9F0450646884614469A4600270125FE
S214034EC08BB006A9F8B201F0B9F920BB9DF81830EB
S214034ED0012B19D19DF8192033799A4214D1BDF8C4
S214034EE01A2073889A420FD19DF81C30324673718C
S214034EF0B9B2CDE9030ACDE9010043460220009486
S214034F00E1F740FD054610B90137202FD9D12846D1
S214034F100BB0BDE8F0850546F9E70023FFF7C8BFE9
S214034F2010B50446E2F70CFB0021631E04F10F02E2
S214034F3013F8010FFF2808BF19709342F8D1002316
S214034F40237410BD0020704770B506461D46E2F771
S214034F506BF9044608B9212070BD3046E2F732FCEF
S214034F600028F8D0A0682A46FF21FFF75EF89DF8D0
S214034F701030002063719DF81430A371ECE713B56D
S214034F809DF81040CDE9003413460122FFF7DCFFFD
S214034F9002B010BD08B5E2F747F928B18068FF21D3
S214034FA0FFF754F8002008BD2120FCE70122FFF795
S214034FB0F1BF1FB50B466A460146184601F034F9A1
S214034FC06A460823002032F8021B013B13F0FF0356
S214034FD080EA0100F7D1012838BF012080B205B06E
S214034FE05DF804FB2DE9F04F87B0DDE9109B05461D
S214034FF08846484619461F461446BDF848609DF83D
S2140350004CA0FFF7D6FF042D0346ABF800001AD8D2
S214035010022D1DD9042D07D04FF2F222A18891420A
S21403502022D1E28891071FD5E17A0022CDE9013724
S21403503020463346CDE90392CDF800A001F043F9AC
S21403504007B0BDE8F08F6A1F012A11D92120F7E7C0
S21403505000224146CDE9119228462246109707B012
S214035060BDE8F04F01F03EB94FF6FF760C21DCE7C2
S214035070052D0ED10023E17A0022CDE90137CDE9D3
S21403508003920091234652464146304601F00EF9FC
S214035090D6E74FF2F222A188914204D1E288920722
S2140350A001D5E17AE8E74FF6FF760C21E4E7F0B5A1
S2140350B085B00546E1F778FD48B16B88B3F5006F18
S2140350C005D1681D05B0BDE8F04000F0EEBC2846EB
S2140350D000F004FD0446C8B9E7B26946384601F055
S2140350E0ADF878B99DF8006066B92946384601F0F0
S2140350F0A9F820B140F60443984207D08C263046E0
S21403510005B0F0BD0134202CE6D1F7E78D26F6E78F
S214035110E1F730BF2DE9FF4704460D460146184622
S21403512017461E46BDF830809DF83490DDF838A04B
S214035130DCF716FDD0B92146284601F021F933469F
S2140351403A4629462046CDE9019ACDF80080E1F794
S214035150B5FF33463A4629462046CDE90D9ACDF8A3
S214035160308004B0BDE8F04701F0F7BF04B0BDE8F7
S214035170F087E2F74DB9E2F705B9E2F729B910B5BA
S214035180044601F009F9082201462046BDE810400E
S214035190E7F786BD01F002B9002101F0FFB801F080
S2140351A011B90020704720207047EFF703BCEFF7D4
S2140351B04DBCF1F7F7BE7047E2F776BA70B5064610
S2140351C00C46154600F04CF850B13CB135B12046BC
S2140351D000F0D6FC013080B2A84200D9002070BD92
S2140351E0304600F043F840B1002CF7D0012DF5D936
S2140351F0204600F0CAFC0230EDE73046E2F7B4F989
S214035200EAE7F8B5BDF8185010B3967855B9D478D0
S214035210A6F14107012F07D8621ED2B200F0CFFDD8
S2140352200020F8BD2C46F3E7433E012E04D8A21E09
S21403523092B200F0DCFDF3E7D27813B90DB1AA42BF
S21403524006D811B9E7F7DAFCEAE7E7F729FDE7E757
S2140352508920E6E7413803288CBF002001207047E9
S214035260413801288CBF00200120704743380128AD
S2140352708CBF002001207047002070470020704735
S2140352800388B3F57C4F01D3FFF7F8BF0846FFF753
S214035290F3BF10B54A880488A2420DD1037B0C796C
S2140352A0234009D0B2F57C4F08D3FFF7E7FF0B89FD
S2140352B01B1A5842584110BD0020FCE70120FAE7AC
S2140352C038B50D88D488A5420AD10388B3F57C4F38
S2140352D008D2FFF7D5FF13891B1A5842584138BD29
S2140352E00020FCE70120FAE72DE9F04715460446BF
S2140352F0B8B149B1EAB100264FF0140AB04690F8A7
S2140353000490F3B2994501D800240AE027680AFB03
S21403531006773846FFF7BDFF013628B13C46A5F8A9
S21403532000802046BDE8F0877B8943441FFA83F854
S214035330E7E71446F5E72DE9F0470E46154604461B
S214035340B8B149B112B300274FF00C0AB846B0F80B
S2140353500890BBB2994501D800240AE06368324638
S21403536020460AFB0731FFF7ABFF28B10C46A5F82A
S21403537000802046BDE8F0870B79013713F0300F25
S21403538002BFCB7843441FFA83F8E2E71446F0E7FC
S2140353902DE9F04186B00D461446984604AA05AB9F
S2140353A003A90646E2F7B6F940B30DB1049B2B609A
S2140353B034B3049D03982946FFF762FF2B880746FC
S2140353C002467188307800F04FFBD8B1297911F086
S2140353D010030BD0EB782A46CDE900433B46718891
S2140353E03078FCF7C1F906B0BDE8F0812A462046BE
S2140353F00599CDF80080FFF704FFF4E78620F2E76F
S2140354002046F0E77E20EEE71FB51C460023ADF8E6
S2140354100A20BDF818208DF80400ADF80610ADF884
S2140354200C2069461A4601A800938DF80840FFF73A
S214035430AFFF009804B010BDF0B587B00E4605ABBD
S21403544004AA03A90446E2F765F908B3049D039882
S2140354502946FFF715FF2B88074602466188207802
S21403546000F004FBB0B1297911F0100108D00096C2
S2140354703B462A4661882078D1F72EFA07B0F0BD5E
S214035480009101232A4631460598FFF7BAFEF5E751
S2140354908620F3E77E20F1E72DE9F0410646002556
S2140354A04FF014080779E8B2874201D800241AE0BF
S2140354B008FB05F0D6F800C00CEB00043CF800002F
S2140354C081421AD132B1802A10D194F90CC0BCF1B2
S2140354D0000F12DAB0F57C4F05D32046FFF7CEFE59
S2140354E0834200D04BB92046BDE8F081402A04D160
S2140354F094F80CC01CF0400FECD10135D3E7012122
S214035500E2F744B808B513460022E2F76DF900380F
S21403551018BF012008BD08B513464022E2F764F918
S214035520003818BF012008BD08B513468022E2F7ED
S2140355305BF9003818BF012008BD08B540220023D8
S214035540E2F752F9003818BF012008BD08B58022DB
S2140355500023E2F749F9003818BF012008BD0023ED
S214035560E2F742B90021E2F7AFB910B504460121CC
S214035570E2F7AAF92046BDE8104001F022BE7047C4
S214035580F8B516461F469DF81820BDF81C3005468C
S214035590E2F72AF978B10421E2F714FA044650B187
S2140355A0284600F00EFB3A4631462846A047BDE89B
S2140355B0F84000F0FABAF8BD2DE9F74F1E46DDE9CC
S2140355C00C9B074688461446BDF838302AB3B9F113
S2140355D0000F22D00EB392F804A099F8002050468C
S2140355E012F0080F0CBF802240226188E2F7FCF815
S2140355F098B10821E2F7E6F9054670B1504600F087
S214035600E0FA3346224641463846CDE9009BA84792
S21403561003B0BDE8F04F00F0C8BA03B0BDE8F08FA2
S214035620F8B5BDF8187016461A463B460446E2F728
S214035630DBF8E0B177B90221E2F7C4F90546B0B169
S214035640204600F0BEFA31462046A847BDE8F8409B
S21403565000F0ABBA1021E2F7B5F9054638B120469B
S21403566000F0AFFA3A4631462046A847EEE7F8BDC3
S21403567073B5BDF8184016461A4623460546E2F7A4
S214035680B3F8B8B1C4B92021E2F79CF9044670B167
S214035690284600F096FA099B3146009328469DF863
S2140356A020309DF81C20A047044600F07EFA2046D2
S2140356B002B070BD8624FAE70024F8E72DE9F0412E
S2140356C086680446007800F07CFA002514273279B1
S2140356D0EBB29A4203D8BDE8F04100F066BA7B43CA
S2140356E032682078D15A02EB030800F0C1F9012191
S2140356F04046E2F767F9034608B120789847013534
S214035700E5E72DE9F04F1C4689B09DF84C30BDF80F
S214035710488001939DF850309246029322464346B2
S21403572007460D46E2F760F88DF814700646ADF8A6
S21403573016508DF81840ADF81AA0ADF81C8018B9AD
S214035740012009B0BDE8F08F05A9FFF7A2FD0028E8
S214035750F6D000252F46A8462C4634E00C231FFA25
S21403576085F903FB09F931887368B1F57C4F33F883
S214035770092003EB090B1AD333F8090050452CD341
S214035780019BA3422DD900F0B8F99BF80200E2F77B
S214035790C5FD029B43B19BF8043013F0010F0CBF09
S2140357A005200720E2F7BAFD0134A4B219E0ADF8EC
S2140357B01A205946304605AA0393FFF781FD039B3B
S2140357C00028D9D101353289ABB29A42C6D804EB48
S2140357D00800C31B58425841B3E708F101081FFAF3
S2140357E088F80137BFB2EDE710B5012488B00694F8
S2140357F09DF83C4005949DF8384004949DF8344049
S21403580003949DF8304002940B9C0194BDF8284005
S2140358100094E2F71BFA08B010BD2DE9F04786B0F6
S214035820BDF83880DDF83C909DF840A0CDF80080A8
S214035830CDE9019A04460D4616461F4600F012F9B6
S214035840B8B1431EDBB2012B10D800230122811E00
S21403585048424841CDE90432CDE902A03B463246F0
S21403586029462046CDE90089FFF7BEFF06B0BDE80E
S214035870F0870120FAE730B50024012587B0CDE98B
S214035880044503959DF82C5002950A9DCDE90045E5
S214035890FFF7AAFF07B030BD30B50024012587B057
S2140358A0CDE9044503959DF828500094CDE90135CC
S2140358B04023FFF799FF07B030BD10B5012486B02B
S2140358C0CDE90444002403949DF828400294099CDF
S2140358D00194BDF820400094FFF786FF06B010BD84
S2140358E01FB5089C03949DF81C400294069C0194E3
S2140358F000240094E2F7A6FA04B010BD70472DE921
S214035900F84F0229074688460C9D04D84FF0000A34
S2140359105046BDE8F88F1BB10429F7D942F00402BC
S2140359203A702BB303247B701B0ABB70E3F7A0FD0E
S2140359304FF000099DF82830385504F1020A013467
S2140359403B550B9A5FFA89F3D45C002CE0D0732C9A
S21403595010D82E464C2C56F804BB3DD0532C15D0ED
S214035960622C45D1AC8805F1080600231A4616E0DA
S2140359700124DBE7A4F17503032BC7D8763C2E1D61
S214035980022C52D8DFE804F0565A58006A6805F12C
S214035990080694B2D2B2B2F1FF0318BF01230AEB92
S2140359A0040119448845B1DB50461946002947D1FE
S2140359B053441FFA83FA5CB1BBF1000FA6D022460C
S2140359C007EB0A005946E7F7A9FA54441FFA84FA84
S2140359D0354609F10109B4E74FF6FF736A6805F126
S2140359E0080694B222469C4214BF02230023D6E73D
S2140359F06C2C05D1584600F0C8F8841CA4B2B4E752
S214035A00732C04D1584600F0BBF8441CF6E7A4F107
S214035A103003DAB2092A01D89CB2A6E7A4F14103FF
S214035A20062B3FF673AF373CE8E7012300242A68CA
S214035A30A346B4E70223F9E70323F7E70423F5E7CE
S214035A4000F1010C01393A54C9B2120A1FFA8CF05C
S214035A50ACE70020E2F7EABB0022E2F707BC00232C
S214035A60E2F71ABC012070470120704701207047F7
S214035A7070470020704700207047002070470020C2
S214035A807047002070470020704770470E2070470D
S214035A9000207047002070470020704700207047A2
S214035AA07047FF2070470E2070478420704770476A
S214035AB00020704770470020704700207047002082
S214035AC07047002070470020704700207047002072
S214035AD0704770470E2070470020704700207047BD
S214035AE000207047704770470E20704770470020AD
S214035AF07047812070477047704738B50546C0B277
S214035B00E2F70CFC0446280AE2F708FC14B1002866
S214035B1008BF0024204638BDF8B50546C0B2E2F7F4
S214035B20FDFB0446C5F30720E2F7F8FB0746C5F37B
S214035B300740E2F7F3FB0646280EE2F7EFFB24B135
S214035B402FB136B1002808BF00242046F8BD3C46D6
S214035B50FBE73446F9E710B4CC18944203DC5DF84F
S214035B60044BFFF723B800205DF8044B704704236B
S214035B70FFF7F1BF08B50223FFF7EDFF80B208BDBC
S214035B800078FF2808BF0020704708B502220021CE
S214035B90FFF7F0FF4FF6FF73984208BF002008BDDB
S214035BA0003818BF0120400070470020704708B532
S214035BB0FFF7A5FCFF284FF0FF3018BF0020C0B248
S214035BC008BD08B5FFF7F3FFFF280CBF2120002010
S214035BD008BDF8B506460C4615461F4600F011F8F4
S214035BE010B12544AC4200D1F8BD3946304614F80E
S214035BF0012BE2F785FCF5E7014600220220E2F7D7
S214035C000FBC0120704737B50546E0F799FE0446FA
S214035C1001950CB981201CE0237823B12046E0F7D8
S214035C2097FE0446F5E72B6862685B889A42F5D1CF
S214035C30A368EA7B99B272B12A8A9142EED16A7D51
S214035C40B2EB134FEAD10020E36801A998478128F5
S214035C50E4D003B030BD4FF6FF72EEE72DE9F8430C
S214035C6004460F46904699460BB3012A1FD80C20CC
S214035C70E7F7CAF9064610B91920BDE8F8831020DD
S214035C80E7F7C2F918B93046E7F7C6F9F4E7012390
S214035C90002547EA084770600570C0F80C9044601A
S214035CA0876033803046E0F743FE2846E5E7212049
S214035CB0E3E738B50446436808460D469847B4F903
S214035CC00830002B02DB2B78042B06D1002320465A
S214035CD06360BDE83840E2F7A5BF38BD30B54FF482
S214035CE08A5587B0ADF816200DF116041A460295AC
S214035CF043B100230122CDE90033234600F01EFA08
S214035D0007B030BD019401240094F7E7FFF7EBBE1C
S214035D10FFF7BEBE0020704708B500F001FB20B9B0
S214035D2000F048FB08B9DFF7FBFFFFF7D2FEBDE83C
S214035D300840FFF7DBBE0020E3F7DCBB0021E3F7F8
S214035D4079BC0022E3F738BC1FB5D2880B4612F0A5
S214035D50200F4FF6FD7114BF49245224ADF80610E8
S214035D60510544BF083CE4B2110544BF083CE4B205
S214035D70120444BF023CE4B2032805D8DFE800F06F
S214035D80020F161CADF80630BDF80600FFF789FEB5
S214035D90FF281CBF241AE4B2204604B010BD02AA92
S214035DA00DF10601D8B200F079FAEDE7D8B200F0AB
S214035DB047FAADF80600E7E7013CE4B2E4E7F8B5D6
S214035DC0064617460D4681B10C78FF2C0BD00846C5
S214035DD0FFF7D6FEB84228BF3846C4B22246691C2F
S214035DE0701CE6F75DFF3470F8BD0C46FBE770B534
S214035DF0044615460E4611B94170017070BD0B7806
S214035E00FF2B05D14B78FF2B02D103704370F5E7C8
S214035E103046FFF7BAFEA84228BF284685B22A4670
S214035E20B11CA01CE6F73CFF25702D0A6570E5E75C
S214035E30F0B523B9013A531C2FD1002020E0042AE1
S214035E40FBD800231C46551E6E1C1AD1042A10D0FC
S214035E500121D200501E01FA00F020421EBF9140DD
S214035E6049420C4318421EBF4FF0FF3101FA02F2BB
S214035E7013439C421EDCB4BF4FF0FF30002040B2F9
S214035E80F0BD40B1465DEF00BE4034434E5D013D7C
S214035E90BE403343D8E70646F5E78C5C38B903467D
S214035EA0A34202F1FF32C6D24FF0FF30E8E7835C2D
S214035EB0A342F5D90120E3E7283807288CBF002042
S214035EC0012070471D2810D004D840B11C2804D0E8
S214035ED0552070471E380128FAD81A2901E00B39D5
S214035EE00F298CBF5520002070470829F9E70020AA
S214035EF000217047F7B59DF820400546082C10464C
S214035F0019469DF8246036D8002213462C44AC422A
S214035F1008D106F0FD04382C0ED10096FFF7E7FFF4
S214035F2003B0F0BD14F8017D1B0243EA12631202AC
S214035F30BA1843F10003EAE7392E10D107EE100A28
S214035F4007EE902AB4EEE77AF1EE10FACCBF77EEBE
S214035F50677A77EEC77A002117EE900AE0E7824267
S214035F6073EB010403D2801A61EB0301D8E7101A1E
S214035F7063EB0101D4E700200146D1E738B5C368D7
S214035F8014461944836853F821501AB12846E6F795
S214035F9031FD2070284638BD2DE9F3411C461646D0
S214035FA00DF107029DF82050FFF7E8FF9DF8073034
S214035FB08046A34288BF8DF807409DF807700DB151
S214035FC0E41BE5B22A4600213046E6F717FE3A46BA
S214035FD041467019E6F764FE384602B0BDE8F08124
S214035FE02DE9F3411D46164601AA9DF82040FDF70C
S214035FF026F8019B80469D4238BF0195019F04B158
S214036000EC1B224600213046E6F7F8FD3A464146A9
S2140360103019E6F745FEF8B202B0BDE8F08173B575
S2140360200024154601AA1E460194FDF708F8019BB5
S214036030072B0AD92146CCB216B1C4F10704E4B241
S214036040425C013108292A55F5D1D8B202B070BD99
S2140360501FB5030A8DF80E300323009303AB8DF8A8
S2140360600D0000F0BBF805B05DF804FB1FB58DF816
S2140360700F100421030A8DF80E30009103AB8DF840
S2140360800D0000F0ABF805B05DF804FBF0B589B081
S21403609016689DF83C50CDF809608DF811305668A7
S2140360A0BDF83830012D109FBDF84440CDF80D6083
S2140360B0ADF812308DF8145014D0032D19D13B6867
S2140360C0CDF815307B68CDF819309DF848308DF83B
S2140360D01D3016230093BDF84C2002AB00F07EF86B
S2140360E009B0F0BD8DF81540240A0F238DF816402D
S2140360F0F0E70120F4E71FB50446084611461A46A2
S21403610002238DF80D100093214603AB00F066F8CA
S21403611004B010BD10B514461A460B6886B0CDF809
S2140361200D304B683421CDF811300A23009303ABAE
S2140361308DF8154000F052F806B010BD2DE9F04179
S214036140B6B014461D4606460F469DF8F080E3F7A4
S21403615095FC03AA8DF80C001046330A8DF80F70D1
S2140361603F0A8DF80E308DF80D602B468DF81070B3
S2140361708DF8114005EB4405AB4202F102021FD134
S2140361806200D2B2931DDBB23D99D8336B4407321B
S21403619003F8CC8C01EB4805D3B250FA82F2A9423D
S2140361A002F1020212D103EB4803009006213046A7
S2140361B0BDF8F820DBB2E3F76BFC36B0BDE8F08140
S2140361C033F8021B1171090A5171D5E731F8024BF6
S2140361D002F8024C240A02F8014CE0E72DE9F041EC
S2140361E01C4605460E4617469DF81880E3F746FC00
S2140361F0207043463A46314628460694BDE8F041A9
S214036200E3F746BC002070477047D7F7A9BC704732
S2140362107047704770477047002070477047704755
S214036220002070477047704702F0EEBEFEF774B862
S214036230FEF757B803F031BAF8F70AB803F01EBAF8
S214036240F7F7C4BFF8F72CB8F7F7E6BFFEF71EB9A3
S214036250FEF76DB8FEF77AB8F4F75EBAF4F762BAEB
S214036260F3F7C2B9F2F7E4BAF2F7E8BAEEF7BCBF4F
S214036270FEF7B7B8FEF77CB8FDF718BFFEF79FB872
S214036280FEF78BB830B4BDF808409DF80C50CDE946
S214036290024530BCFDF729BFFDF796BFF8F772B984
S2140362A0E3F746BCF8F738BAF7F784B870B49DF846
S2140362B00C40BDF810509DF814600394CDE90456C5
S2140362C070BCF5F789B870B49DF80C40BDF8105053
S2140362D09DF814600394CDE9045670BCF5F7BCB87A
S2140362E0F5F7A6B910B49DF8044001945DF8044B85
S2140362F0F5F7F6B810B49DF8044001945DF8044B26
S21403630001F073BF01F073BFFDF7A2BFFDF7B2BF85
S214036310FDF7C5BFF0F7F4BFF1F736BEF1F708BED9
S214036320F0F71ABE02F09FBAF1F7BEB902F0E1BA6F
S214036330F1F71EBBF0F7F0BEF1F72CBEF1F7AEBDDA
S214036340F1F7C4BDEFF704BDFEF7B5B8FEF768B8BE
S214036350FEF77BB8FEF788B800F00BBC00F004BC71
S214036360F7F75EB8F4F768BEF7F738B8F7F75EB92D
S214036370F4F732BEEEF724BFF6F754BAFFF745BF7D
S214036380FAF74ABDFEF7E3B8FDF753BFFEF738B892
S21403639001F001BDE3F72ABBEFF7D6BAEEF7D0BF9D
S2140363A001F09BBF01F06BBFEFF71EB8EFF75CBAC7
S2140363B0EFF760BAEEF78CBFE3F734BBE3F746BB01
S2140363C0E3F71EBBEEF73ABFE3F724BBF8F7FCBED2
S2140363D001F053BF01F01ABFEEF736BFEFF79EBAD0
S2140363E0EEF77EBFE3F7C2BBE3F7BABBF8F7F0BC42
S2140363F0F8F7DCBE03F05DBA03F063BAF8F760BDE6
S214036400F8F7DCBE00F063B900F0A1B900F0C9B933
S21403641000F0A0BA00F010BB00F079BAE4F79CB81D
S21403642000F0E6B900F013BA00F026B810B51C4623
S21403643001F0C2FD05F00BFF0023C0F340202370DC
S214036440400010BD002208B50B461146FFF7EEFFCD
S214036450023818BF012008BD00207047704700208F
S214036460704770470020704770470E207047012022
S214036470704770470120704714220021E6F7BEBB21
S214036480704770B505460C468AB0252200210DF1EB
S2140364900300E6F7B3FB6B68CDF81D30AB68CDF8A9
S2140364A02130234601AC03F11006224618685968CA
S2140364B0083303C2B3421446F7D101236A7B8DF82F
S2140364C0023012F0040F0CBF4FF480734FF4A07326
S2140364D0110748BF43F48063ADF80030930748BF05
S2140364E0BDF80030684644BF43F00803ADF80030FB
S2140364F0F4F7ACFA0AB070BD30B5427B0D46D1074F
S21403650004468BB007D5407801A9F4F705FBD8B14C
S2140365102D200BB030BD9307FAD5C2F380031007C6
S2140365204FEA8313ADF8023044BF43F48063ADF8FB
S2140365300230BDF80220201D0AB10DF1020201A9A6
S21403654002F07FFD0028E3D001AB03CB9DF81430A7
S214036550A1602373BDF810306060590642BF627BAA
S21403656042F0040262735A0542BF627B42F008029D
S21403657062731B0742BF637B43F0020363732B46BE
S21403658006AC0AAD224603CAAA42186059601446EE
S21403659003F10803F6D10020BBE7F0B504460D4629
S2140365A093B0252200210DF12300E6F727FB63684D
S2140365B004F1040CCDF83D30A36809AECDF84130A4
S2140365C02B4605F11007324618685968083303C28C
S2140365D0BB421646F7D105238DF82230637B5B0159
S2140365E003F40073ADF820306378FF2B1AD1002331
S2140365F060461A4601A900F0CAF99DF80530FF2B3C
S2140366000DD1002301A91A46184600F0C0F99DF8DB
S2140366100530FF2B03D11C26304613B0F0BD9DF882
S214036620053063700020617808AA00F09BFA0646DE
S2140366300028F1D1607801A900F02FFA2B4603ADAC
S2140366402A4618685968083303C2BB421546F7D171
S214036650637B6078DB0648BF9DF81C3001A944BF06
S21403666063F07F038DF81C3000F02EFAD4E710B5E4
S21403667004468AB02422002101A8E6F7BFFA637B0A
S214036680590744BF4022ADF810201A0742BFBDF891
S214036690102042F48062ADF81020DB070FD5607837
S2140366A001A9F4F739FA10B12D200AB010BD01ABD9
S2140366B003CB637B606043F00203A160637304A9AA
S2140366C0201D02F0C0FC0028EED00020EDE71FB529
S2140366D0694600F066F8002818BF2D2005B05DF85F
S2140366E004FB73B50D4614460646E3F763FB6B8857
S2140366F01A071AD522463146102002F085FC20469A
S214036700E3F758FB6B88D90717D5002322460121E8
S2140367100DF107008DF80730E3F718FE6B88002BA2
S2140367200CBF2120002002B070BDDE06EAD522464B
S2140367300821281DE3F70AFEE1E79A0701D502239D
S214036740E4E75B07EAD50323E0E70F2070471FB5AE
S2140367500C46694600F025F8102221466846E6F7FF
S21403676099FDB0FA80F0400904B010BDB8B1B1B1DC
S2140367704388A3B90378013B082B10D8DFE803F05E
S2140367800507090B0F0F0F0F0D00E3F7E1BCE3F747
S2140367903BBDFFF776BEFFF700BFE3F7C9BE212078
S2140367A0704738B50D4609B300B30378013B082B91
S2140367B01AD8DFE803F0050D101319191919160076
S2140367C0E3F7FEFC0446284602F01EFE204638BDCC
S2140367D0E3F73AFDF6E7FFF78FFEF3E7E3F76AFD25
S2140367E0F0E7E3F7AFFEEDE72124ECE72124EDE73E
S2140367F070B586B0064601A80C461546FFF73CFE64
S21403680004238DF804301CB12068616802AB03C30F
S214036810294601A88DF80560FFF7A8FF06B070BDEE
S21403682070B586B0044601A80D461646FFF724FE4B
S2140368300323206861688DF8043002AB8DF811607D
S21403684003C3294601A8FFF791FF06B070BD0022D7
S214036850FFF7E6BF30B5437B044613F001020D464F
S2140368608BB007D0407801A9F4F756F970B12D2004
S2140368700BB030BD9B07FAD5ADF8022001A90DF188
S2140368800202043002F0DDFB0028F0D000210E22C5
S214036890A81CE6F7B3F9BDF810302B80039BAB605A
S2140368A0BDF81230AB819DF81430237301AB03CBD4
S2140368B06060A1600020DBE770B5437B0446DB071E
S2140368C00E468AB003D42D2528460AB070BD694605
S2140368D0407800F045F905460028F4D1DDF81D3070
S2140368E00E226360DDF821300146A360637BB01C93
S2140368F043F002036373E6F781F9BDF80030069AA6
S21403690043F004033380059BB2607360DCE70B46F9
S21403691010B50446102200211846E6F76FF92278D0
S214036920032A09D0042A0DD0022A11D10146204693
S214036930BDE81040E3F76CBE01462046BDE81040B4
S214036940FFF788BF01462046BDE81040FFF7B4BFF7
S214036950262010BDF8B5074608460C4616461D46C3
S214036960FFF78AFD04232370637B314643F001035C
S214036970204667706373FFF714FF08B12D20F8BD38
S21403698029462046FFF7C3FF0028F8D0F6E7F8B5F8
S214036990054608460C461F461646FFF76DFD0423BC
S2140369A0237025B108222946E018E6F779F9637BB8
S2140369B043F0020363734EB932460121284600F0C2
S2140369C0DAF8FF28607007D12D20F8BD314620463F
S2140369D0FFF7E7FE0028F7D1637B43F001036373F9
S2140369E00DB90020F1E7002FFBD039462046FFF70C
S2140369F08EFFF6E7F8B50C460746084616461D46CC
S214036A00FFF73AFD03232046394600F8043B0822E5
S214036A10E6F746F9637B314643F002032046637389
S214036A20FFF7BFFE08B12D20F8BD29462046FFF725
S214036A306EFF0028F8D0F6E7F8B5074608460C467A
S214036A4016461D46FFF718FD03232370637B314666
S214036A5043F00103204667706373FFF7A2FE08B195
S214036A602D20F8BD29462046FFF751FF0028F8D011
S214036A70F6E718B18022012100F07DB8FF207047A9
S214036A80002307B51A4619460093F5F747FDB0FAF3
S214036A9080F0400903B05DF804FB0B4610B51922DD
S214036AA00446FF211846E6F7A9F87E2C01468CBF5C
S214036AB004F5C43004F583304FF01902BDE81040E6
S214036AC088BFAD30D7F7E2BC7E2888BF00F5C43058
S214036AD04FF0190294BF00F58330AD30D7F702BDEF
S214036AE030B589B00D46FFF7C4FFFF2804460DD026
S214036AF001A9FFF7D2FF2868696801AB03C32046E4
S214036B0001A9FFF7E1FF002009B030BD2D20FBE708
S214036B10704770470020704770470F2070470F205C
S214036B207047002070470F207047002070470020F2
S214036B30704784B08DE80F00002004B0704770479C
S214036B40704700207047704700207047704700204A
S214036B507047012070477047002070470120704738
S214036B600E2070470E2070470E2070470020704797
S214036B7070470E207047FF2070477047704700200D
S214036B807047704770477047002070477047002073
S214036B9070470020704700207047704770470020FA
S214036BA070470020704770470020704700207047EA
S214036BB070470020704710B50024E3B210B9C3F144
S214036BC00303DBB20134042CCA544FEA1222F4D175
S214036BD010BD10B50B784C788A78C97828B910465A
S214036BE02246044608461946034642EA012043EA7B
S214036BF0042343EA004010BD7047E3F7BDBD08B564
S214036C00D2F7E0F8002814BF8620002008BD08B598
S214036C10D2F7A8FA003818BF012008BD08B5D2F786
S214036C2061FA003818BF012008BD08B5D2F7E6FAA6
S214036C30003818BF012008BD08B5E3F77DFEBDE8A0
S214036C400840E3F72BBE70B504460D461646E3F739
S214036C5073FE0420E3F714FE324629462046FFF768
S214036C60DDFF04460220E3F70BFE204670BD08B5A1
S214036C70E3F762FEBDE80840D2F718BAE4F794B922
S214036C80E4F774B908B5E4F771F920B1BDE8084034
S214036C900020E4F7A9BA112008BD10B5044608B1D0
S214036CA0E4F784FB2046BDE81040FCF7C8BF10B5E8
S214036CB00446006A10B1616AFFF7EFFF0020C4E9DB
S214036CC0080010BD38B50546FFF7F1FF2B7E0446D6
S214036CD0012B0ED0023B012B0ED8EB69012B18BFFC
S214036CE06FF09604282200212846E5F787FF204602
S214036CF038BDEB69002BF2E76FF09604F2E7182233
S214036D000021E5F77BBF70472DE9F84F9846DDE98C
S214036D100B490D9B15469A0706460F4623D02A466F
S214036D200A9B03EB040A1444A24220D10D9B9B0743
S214036D3005D5A2EB050AD14505EB0A0420D8204663
S214036D40BDE8F88F434639462020B0470AF1010ACA
S214036D50CA450AEB0B02F5D3A9EB04024C4588BFE0
S214036D6000222A44DCE7A246A5EB040BF0E702F177
S214036D70010B434639461AF8010DB0475A46D3E786
S214036D804346224639462020B0470AF1010AD2E795
S214036D902DE9F047DDE90D7616F0020F9DF8288001
S214036DA0DDE90854DDE90BCE1FD106F001094FB12A
S214036DB0B9F1000F06D0B8F1000F02D116F00C0F90
S214036DC000D0013F4FF0300A04E0202C04D005F831
S214036DD004A001347445F8D3B9F1000F05D04FF081
S214036DE03009A74201D9202C2DD116F0100F1FD041
S214036DF016F4806F2CD15CB3744501D0BC4227D106
S214036E00B4F1010E23D0BCF1100F46D1023C16F0AC
S214036E10200F28D1202C28D04FF0780C05F804C07A
S214036E200134202C21D04FF0300C05F804C0013477
S214036E30202C1AD0B8F1000F23D04FF02D0C05F8F4
S214036E4004C0013412E005F804900134C9E774461F
S214036E50BCF1100FDBD0BCF1020FE2D1202C04D022
S214036E604FF0620CDAE7202C08D12024CDE90A760D
S214036E70CDE90854BDE8F047FFF746BF4FF0580C7E
S214036E80CCE716F0040F02D04FF02B0CD7E716F022
S214036E90080FEBD04FF0200CD1E7BCF1020F74467D
S214036EA0C1D1DDE72DE9F04391B0189D1A9E1D9FD1
S214036EB00DB927F010077C0500D515B317F0200F82
S214036EC014BF4FF0410E4FF0610EAC4600250DF196
S214036ED02008AEF10A0EBCFBF6F906FB19C95FFAE9
S214036EE089F4B9F1090F94BF30347444E4B2B4455D
S214036EF008F8014B05F10105BCFBF6F401D3202D80
S214036F0010D11C9C069705941B9CCDE903649DF841
S214036F106440CDE9015408AC0094FFF739FF11B083
S214036F20BDE8F083A446D6E72DE9F04F95B0269E3C
S214036F30CDE90A23DDE91E74DDE9229B57EA040343
S214036F4008BF26F010067205CDE9080102D557EAF8
S214036F50040337D016F0200F14BF41236123002506
S214036F600DF1300AA3F10A0821464A465B46384625
S214036F70E5F7D8FAD2B2092A94BF303242444F45D5
S214036F80D2B274EB0B0405F101050AF8012B01D309
S214036F90202D14D1259B06960593249BDDE9080135
S214036FA0CDE903939DF88030CDE901530CAB0093F4
S214036FB0DDE90A23FFF7ECFE15B0BDE8F08F0746C0
S214036FC00C46D1E70025E5E708B100F014B8704792
S214036FD010B1D1E900311847704738B5441E14F88C
S214036FE0015F25B90A2000F006F8284638BD284672
S214036FF000F001F8F3E701460020FCF7F3BB704707
S2140370007047EDF7F1BC704708B5FCF7BCFBD1F74A
S214037010D9FEBDE80840D3F7E9BF704708B5D2F7F5
S21403702019FAFBF756F8BDE80840E3F785BC08B540
S214037030FBF778FFE4F7EEF9FBF752FEE4F78CFD77
S214037040E4F778FDE4F7FAFCBDE80840D7F7F8B9AB
S21403705008B5D5F70FFAFBF732FED5F717FAFBF7A5
S21403706030FED9F7FFFBD9F7A5FCD9F7ADFDBDE890
S2140370700840D9F7CBBC70477047E4F705BD08B5A1
S214037080FCF7CCFFBDE80840FCF7F7BF704707B531
S21403709000220346114601200092D8F75DFD03B097
S2140370A05DF804FB07B500920B46027D8189806874
S2140370B0FDF78CFD003818BF0120C00103B05DF852
S2140370C004FB08B50020E0F7CFF80020E1F760FEE8
S2140370D00020D9F759FF0020DAF7F0F90020DAF795
S2140370E0EFFB0020DAF7DCFE0020DBF705FC0020D0
S2140370F0DDF734FF0020DEF79FFC0020DFF794FA6D
S214037100BDE808400020DFF77FBB08B50120FDF788
S2140371103FFA0120DAF798F8BDE808400120DAF7CD
S214037120BFBE08B50220E0F793F90220DFF786FB1F
S2140371300220E2F73BF90220FFF7A2FD0220FDF74B
S214037140C7FC0220DEF778FCBDE808400220DFF724
S2140371501FBEDAF7BDB9FDF7DBBF70477047704750
S214037160704770477047704710B50446DFF72AFD2F
S2140371702046FDF743FA2046DBF7D0FE2046DCF731
S21403718023FE2046BDE81040FDF7D5BCFDF7F0BC56
S214037190FDF7FABCDFF752BA70477047FDF752BAED
S2140371A070477047704770477047704705F015B8CB
S2140371B070477047DFF7DCBA704770477047704711
S2140371C070477047CFF7D4BAFEF77DBC70470020F0
S2140371D07047FEF77ABCFEF783BC7047431E012B4D
S2140371E003D9031F5842584170470120704700F0E7
S2140371F021BC4FF4D0720021E5F700BD70B50446FC
S214037200E7F7D4FD0546A8B9A169F1B1238AD3B13E
S214037210204604F11002E7F777FC38BBE16919B39F
S214037220638AA3B1204604F1120200F0CAFA78B1C9
S214037230054603E00023A3612361E3610023284698
S2140372406361236270BDA061E8E72082E6E7E3613D
S214037250216A0029F2D0A28A002AEFD02046E38AC8
S214037260BDE8704000F06FBA6182F1E76582E561C0
S214037270DEE711B9D0F8DC1021B1CB6813B18B6807
S214037280D88970474FF6FF707047E6F773BE10B5A0
S2140372900C461146E6F794FEE8F7C2F8012801D13A
S2140372A0002010BD002CF7D10520FAE700F0CFB977
S2140372B000F0E3B970B500232425D0F8DC00C468D9
S2140372C09C4201D1212070BD826805FB0322D6892A
S2140372D08E4202D8128A8A4201D20133F0E7002096
S2140372E0F1E7F8B506460D46E6F7E0F8D8B94FF6E7
S2140372F0FF734FF0240CEF68C1B28F4208D81C46C8
S21403730021463046E6F788FA00F09AFB2046F8BD99
S214037310AA680CFB0122D4899C4202D2002CEFD02F
S21403732023460130E8E70024F0E7C08D70470A786B
S21403733038B505461046FFF751FF60B14C78204636
S214037340FFF74CFF38B12243530704D42846BDE861
S2140373503840E7F781B8212038BD10B504460878D1
S214037360FFF73CFF58B14A781046FFF737FF30B1B6
S214037370042A04D02046BDE81040E7F78BB8212046
S21403738010BD00F0E8B8E7F7EDBB084600F008BB11
S214037390E6F72CBF38B504460D4600F08EF850B11C
S2140373A029462046E6F738FA30B929462046BDE88E
S2140373B03840E6F7E3BE0E2038BD70B516460C46D9
S2140373C004F065FD314605462046EAF7C5F804464F
S2140373D0284604F057FD204670BD00F032B970B55C
S2140373E0044600200E4600F027FBD4F8F0503DB1CB
S2140373F0002331462046AC46BDE870401A46604737
S2140374002B46012231462046E7F750F9284670BD41
S21403741038B5044648880D4600F00EFBD4F8F03025
S2140374202BB929462046BDE83840E7F74DB8022079
S21403743038BD00F003BB00F03CB9E6F76DBDE9F7D5
S21403744065B870B5BDF81060054606B16BB1334438
S21403745028469BB200F077F9044620B91EB13146A0
S214037460284600F0ABF9204670BD2124FBE7E8F779
S214037470D3BBC0F8EC1000207047E7F75FBA00F004
S2140374805EB910B4BDF8044001945DF8044B00F0F7
S2140374909FB80B4610B514461846A1689288E5F7C0
S2140374A03DFDE168034631B1A0886288121A92B2A4
S2140374B01844E5F733FD002010BD0346408A18B193
S2140374C0188A003818BF012070470846E9F72AB91A
S2140374D000F0ECBA00F0EABAE9F736BB084708B59D
S2140374E0E6F762FDC0B208BD022A01D800F0E2B991
S2140374F021207047022A01D800F0EDB921207047F9
S214037500022A01D800F0F9B921207047E8F776B8C7
S2140375100846E8F791B800F018BA00207047002034
S21403752070477047D0F8943003F06003402B0DD0BB
S214037530602B03D0203B58425841704749B10B6833
S214037540012B06D9486940F00100704740F201104C
S214037550704700207047F7B504461046D4E954C771
S214037560DDE908268CEA020587EA0601054019408C
S21403757085EA0C057940C4E95451002523F40041FB
S21403758006EA010320F0010043F40073024043F0CF
S2140375900203CDE90055EAF7A9FE94F824309A07CA
S2140375A013D5D4F854319B050FD54FF488112046D4
S2140375B000F058FB94F82430024665F3410384F840
S2140375C0243020460B46E6F7C3FC002003B0F0BD8C
S2140375D0F0B587B01C461746BDF830601AB90024CC
S2140375E0204607B0F0BD002BF9D00029F7D001AA3A
S2140375F0E8F712FB0028F2D0BDF80630A2199A422B
S214037600BDF80850C4BF9B1B9CB2B54212D9039960
S214037610AD1BADB23144A5420391ADF808500DD26F
S2140376202A463846E5F77AFC0499621B7819E5F78B
S21403763075FCD5E70499761B3144049122463846F7
S214037640F5E70846E9F728BF0220E9F773BA08B555
S214037650D0F8E4304BB11A68022A06D993F82520ED
S2140376604AB1186AB0FBF2F008BD4FF446624C21EB
S2140376700020E6F733F90020F6E7D0F8E42008B553
S2140376807AB11368022B0CD9536A13F47F4FC3F3F2
S214037690072106D0126ADBB253438B42B3FBF1F0E9
S2140376A006D2002040F67F424C21E6F717F9002069
S2140376B008BD0346D0F830010860B3F83431002023
S2140376C08B80704790F830310C2B14BF90F82B004A
S2140376D0FF20704738B50C464FF400610546EBF7BC
S2140376E0A9FE70B17CB195F81E3173B94FF4807260
S2140376F04FF480712846EBF789FE003818BF012047
S21403770038BD2202F4E72246F2E70020F8E74FF4FA
S2140377108071EBF78FBE08B54A024FF40071EBF7A2
S21403772075FE002008BD08B58A024FF48061EBF7AA
S2140377306DFE002008BD4FF40071EBF77BBE0623F9
S21403774000208B717047B2F5805FF8B50F4606468A
S214037750154619462ED89A422CD33F2A26D9B2FA72
S21403776082F40122C4F11F03DBB29A4092B2AA420A
S2140377702CBFC4F11904C4F11A04E2B20124931D08
S214037780DBB29C40A4B2AC4212D096F8F5309BB95B
S214037790012096F8243060F3C71386F82430384661
S2140377A0E8F74EF800203762B582F8BD0022ECE712
S2140377B00020EEE72120F8E70E20F6E70846E8F774
S2140377C05FB870B505460E46144602B313883F2BC2
S2140377D01DD9B3FA83F3C3F11901C9B2062901D837
S2140377E0192B12D0062928BF062101238A1DD2B2DF
S2140377F0934030462380E8F74BF823882846EE610B
S2140378006B82E8F7CFF8002070BD0021EDE721205A
S214037810FAE710B5144608460121E9F713FD20469A
S214037820BDE810400121E9F70DBDF8B504460E4644
S214037830174604F02CFB3A46054631462046E9F740
S214037840BFFF0446284604F01DFB2046F8BD022071
S214037850704703207047E9F765B910B50023E7F7CB
S214037860E5FB044608B9EAF75FFF204610BD7047FC
S21403787070B505460E46144600F0E3F83146284632
S214037880FFF72FFD00F0DDF8230704D50B2C9CBF74
S21403789024F00804A4B221462846E6F78BFB002210
S2140378A04FF400312846EBF7B1FD002070BD802170
S2140378B0EBF7C0BD7FB5531C05AAADF814100292B2
S2140378C002210022DBB2CDE900211146EBF7BCFD15
S2140378D007B05DF804FB7FB5531C05AAADF814107A
S2140378E0029204210222DBB2CDE90021002201210B
S2140378F0EBF7AAFD07B05DF804FB1FB5531C029116
S21403790000220821CDE900210122DBB21146EBF764
S2140379109BFD05B05DF804FB07B591F8283000938E
S21403792091F82B3091F8292091F82A10E7F72CFECE
S21403793003B05DF804FB10B50446E6F735FB0146D5
S2140379402046BDE81040E6F735BB002914BF2120CA
S2140379500020704738B5054610460C46E7F79AFEF2
S214037960D5B1D5F8E030BBB15B69ABB1421ED2B23C
S214037970FD2A13D90A68013204BF6FF001020A60B8
S2140379800A68FF281A6007D16268013202D16FF0D5
S2140379900102626062685A60002038BD0128F2E77F
S2140379A038B50546E9F734FF04460021A878E7F71B
S2140379B0D9FE204638BD2DE9F74F01251C469DF814
S2140379C03030064601930368174603F00703063371
S2140379D09D4005F1FF380B46A1B1416804EA080B48
S2140379E0A5EB0B0A41F00059524509EB0B0114D9DC
S2140379F052461846E5F792FA49467A1B5A445044CB
S214037A00E5F78CFA019B2BB13C4448EA050804EAE7
S214037A100804F46003B0BDE8F08F1846F0E737B506
S214037A20002514460095FFF7C6FF204603B030BD79
S214037A30E7F7ACBC00207047002070470020704773
S214037A407047704730B549000446056812B10229ED
S214037A501FD90339C90395B9E1B1B1FA81F3C3F16B
S214037A602003C3F10F00012838BF012003F01F03D2
S214037A70D940A94201D901384908216030BDB5FA79
S214037A8085F339B1B1FA81F29B1A002BE9DC0F209A
S214037A90EFE700210F20F0E7012805D9023818BFC9
S214037AA04FF0FF30C0B270470120704708B5E9F7C2
S214037AB093F9BDE80840E9F7B7B938B50446FFF7C8
S214037AC0F5FF0546FFF7F2FF431BA342FAD338BD83
S214037AD038B50D460446E9F77FF935B1844200D937
S214037AE00139204601F0030138BD844238BF013115
S214037AF0F7E708B50121FFF7EBFFBDE80840E9F714
S214037B0093B90B0C23F48053B3F5284FF7B50D4602
S214037B108FB2064699B216D04AF60103994214D09C
S214037B204AF60203994212D0B1F5204F14BF04243B
S214037B300324D6F8E0300BB1196851B9D6F8DC3017
S214037B4093B928680EE00024F3E70124F1E7022442
S214037B50EFE7234668463A46E9F7C2F9DDE900034C
S214037B60002BEBD103B0F0BD19680029E9D02346FA
S214037B7068463A46E9F7B4F9DDE90003002BE0D19D
S214037B80F0E702F003BB0204C0F3891307D56FEADC
S214037B9083536FEA935313F5007F18B206D0A3F10D
S214037BA0C8006FF4FF739842B8BF184670474FF08B
S214037BB0384359699A6903F500530A405A61704776
S214037BC00E207047EAF7A4BFEAF7A2BFEAF7A0BF02
S214037BD0EAF79EBF08B50846EBF7C0FB08BDEAF711
S214037BE097BF02207047022070470020704701208D
S214037BF07047002070470E20704700207047E7F755
S214037C000FBC084611460122FFF741BB70B5054677
S214037C100C4611461A46EBF753FC06682B462046DD
S214037C20B446BDE87040604710B5EBF749FCBDE8C5
S214037C30104083681847FFF710BEE7F719BBFFF736
S214037C40A9BBE7F723B870B504460D4616464FF4AE
S214037C50881100F01CF8324629462046BDE87040DD
S214037C60E7F738BD38B505460C4604F010F9D5F8E5
S214037C7090301C40D5F88C302343C5F88C3004F084
S214037C8001F9211E18BF01210020490238BD38B56D
S214037C9004460D4604F0FBF8D4F890301D40D4F8A3
S214037CA08C3023EA0505C4F88C5004F0EBF828461C
S214037CB038BD38B504460D464FF48811FFF7E7FF85
S214037CC029462046BDE83840E7F72CBD73B50D7846
S214037CD006460C4635B304238DF804302379304624
S214037CE001A98DF80530FFF738FB0546B8B92278A9
S214037CF0A37952BB8DF80430E379304601A98DF899
S214037D000530FFF714FB054648B923783BB1618875
S214037D103046E6F7D9FD01213046FFF7DBFC28465F
S214037D2002B070BD2946FFF7D5FC29463046FFF75B
S214037D30F2FC29463046FFF7F6FC2378002BCAD11F
S214037D4023798DF804306379C9E702228DF804207D
S214037D50D3E7FFF7E0BCFFF7EEBC0020704710B593
S214037D600446EBF747FC21460020ECF797FABDE8FC
S214037D701040002000F02BB970470120704708B56B
S214037D80EDF7BAF880F00100C0B208BD4FF0FF303F
S214037D90FFF79EBB70470020704710B50C4603F0F4
S214037DA037FE048010BD38B50C46154603F030FE8A
S214037DB003881DB11C43A1B2018038BD23EA040128
S214037DC089B2F9E708B503F023FE008808BD08B5B5
S214037DD003F01EFEC07808BD08B503F019FE008840
S214037DE000F00C0008BD08B503F012FE008800F092
S214037DF00C00031F5842584108BD38B5054603F02A
S214037E0007FE04462846FFF7EEFF30B904F11000DC
S214037E1004F01DFA00F4406038BD4FF40060FBE741
S214037E2038B5054603F0F4FD04462846FFF7DBFFA6
S214037E30014648B910342046042203F029FD2044A5
S214037E40BDE8384004F003BAA08838BD10B50C4628
S214037E5003F0DEFD848010BD38B5054603F0D8FD7B
S214037E6004462846FFF7BFFF30B904F1100004F0BC
S214037E70EEF900F4404038BD4FF40060FBE738B538
S214037E80054603F0C5FD04462846FFF7ACFF01464A
S214037E9048B910342046062203F0FAFC2044BDE815
S214037EA0384004F0D4B9A08838BD38B5054603F089
S214037EB0AFFD04462846FFF796FF014608B1201D8E
S214037EC038BD10340622204603F0E2FC2044F7E7D0
S214037ED008B503F09DFD007A08BD08B503F098FDCC
S214037EE090F9090008BD08B503F092FD807A08BD35
S214037EF008B503F08DFDC06808BD10B50C4603F049
S214037F0087FD047210BD10B50C4603F081FD447264
S214037F1010BD10B50C4603F07BFDC46010BD2DE903
S214037F20F8430F468046002107F11000164699468F
S214037F3003F0E2FD0446D0B103F06AFD0546204691
S214037F4003F082FD002102462846E4F757FE00238D
S214037F502046AB7049F00401FFF71FFFA5F8048025
S214037F602EB13A46314605F11000E4F7D7FF204616
S214037F70BDE8F883F8B505460F461020002103F048
S214037F80BBFD0446B0B103F043FD0646204603F0AE
S214037F905BFD002102463046E4F730FE00233946F7
S214037FA02046B370FFF7F9FE25B12A460121204685
S214037FB003F07AFD2046F8BD08B503F029FD10301E
S214037FC008BD08B503F040FD1038C0B208BD002058
S214037FD0ECF78CB808B5ECF7E7FA002008BD408844
S214037FE0C0F30C000330800840000430704770B5BF
S214037FF00E4605461146304603F07EFD044635B16F
S21403800028B103F005FD32462946E4F749FE20462B
S21403801070BD0088B0FA80F04009704738B505880F
S2140380200022044604F07DF905B1258038BDF8B575
S21403803007460D4600880021164603F021FDB04290
S214038040044605D129463846BDE8F840FFF7E6BFA3
S2140380500021204603F014FDB04205D0204600213F
S21403806003F00EFD0446F3E72A462046002103F0FC
S2140380701BFD32462846BDE8F840002103F014BD38
S214038080F8B5058807467DB1CCB22146284603F0ED
S214038090F7FC8542064609D100233B800022214691
S2140380A0304603F001FD35462846F8BD214603F069
S2140380B0E7FC21460246284603F0F6FCEEE72DE9E8
S2140380C0F04707888246884614465FB3384603F06F
S2140380D0BBFC3D460646E4B22146284603F0D0FCE8
S2140380E04045814616D1214603F0CAFC2146024686
S2140380F0284603F0D9FC474504D1454508BF00256B
S214038100AAF8005000222146404603F0CDFC304634
S214038110BDE8F0878742FAD003F096FC30444D461C
S21403812086B2D9E73E46F2E700220123C0E90023E0
S2140381307047F8B504460127002603F0B5FE23680A
S2140381403BB903F0ACFE00226368012B0ED16360DB
S214038150F8BD1D691F61266003F0A1FE012DF2D054
S2140381602B462D691E61012DFAD1E6E719691A61BE
S2140381700B46EAE7036823B94068012803D0ECF707
S2140381805BBF002070474FF0FF307047F8B50546D9
S21403819003F078FF012306460027A8602B7303F03D
S2140381A083FE2B6802467BB11C692169A1420CBF82
S2140381B02F6019612761104603F071FE012C08D069
S2140381C0204663689847EAE76C68012C04D103F0FD
S2140381D066FE00232B73F8BD6169711AB1F1004F77
S2140381E0F5D8216969602361E5E70220704702201C
S2140381F07047002070470144884201D10120704730
S21403820010F8013B9342F7D00020704770B5014643
S214038210064692B00020EBF719FC044670B9FDF74A
S214038220F1FF054601466A462046EBF755FF6A46C8
S214038230294620468DF80260ECF704FA204612B071
S21403824070BD00B593B0FDF7DDFF6A46014600201A
S214038250EBF742FF9DF9020013B05DF804FB00B58F
S21403826093B0FDF7CFFF6A4601460020EBF734FFD5
S2140382709DF8000013B05DF804FBEBF7F1BE012098
S21403828070477FB54FF6FF7101AAEDF747F920B1A6
S214038290BDF80C0007B05DF804FB4FF6FF70F9E776
S2140382A008B51046EEF700F9BDE80840EEF7BAB990
S2140382B070477047704770477047704770477047FE
S2140382C038B54FF6FF750D800C46F6F7B1F92080EA
S2140382D0A8420CBF2D20002038BD002100B593B066
S2140382E06A460846EBF7F8FEBDF8060013B05DF8DD
S2140382F004FB002110B592B004466A460846EBF725
S214038300EBFE00216A460846ADF80640ECF79AF9FC
S21403831012B010BD002100B593B06A460846EBF7CD
S214038320DBFEBDF8040013B05DF804FB002110B5B6
S21403833092B004466A460846EBF7CEFE00216A462C
S2140383400846ADF80440ECF77DF912B010BD70474F
S2140383502DE9F04F87B00C4691460746FFF73CFDE4
S2140383600546661C304603F072FF042D40F09080ED
S2140383703846FFF721FE0378092203F00303012B97
S21403838014BF0223032301212046039303F080FA3C
S214038390092200210546204603F07AFA21788DF853
S2140383A0170001390022204689B2FFF720FE04EBAE
S2140383B009088346F0B14FF0010A2A460146CDF874
S2140383C000A003980DF11703FBF7DDFE0228054610
S2140383D026D1584603F038FB00222070C0B2431E55
S2140383E000929BB252465946304604F029F8237849
S2140383F0534423703846FFF7E5FC020424D498F868
S214038400013021789B071FD50139A1EB09013A46B4
S2140384104046C9B2F1F706F823781844207013E0F3
S21403842020B92070284607B0BDE8F08F032809D18D
S214038430404603F00CFF20F4007189B2404603F077
S21403844008FFD7E70428D5D1012500222046217846
S214038450FFF7CDFD07460028E4D04FF0000801469D
S214038460434601224046CDF80080FBF78CFE0228E7
S21403847019D1384603F0E8FAC2B2013A207093B233
S214038480394601223046CDF8008003F0D9FFC9E70C
S21403849080F0800520F0800081B23046C5F3C01519
S2140384A003F0D7FED1E70028BCD12070BAE708B5A1
S2140384B00020FFF764FC80F00100C0B208BD0A4646
S2140384C008B501460020EDF777FAB0FA80F04009C8
S2140384D008BD0020ECF7EAB900210846EBF78EBE8C
S2140384E00020FFF74ABC70B5044603F0B0FE042232
S2140384F000210646204603F0CBF9204403F0A7FEEE
S214038500032205460021204603F0C2F9204403F067
S2140385109EFE4FF6FF730540ADB29D4214D1F3079E
S21403852012D506220021204603F0B2F9204403F0B8
S2140385308EFE0446EDF7B2FA844214BF02240624E4
S214038540EDF7A6FA204070BD2046FBF7EDFFC4000A
S214038550E4B2F5E708B5FFF7C6FF003818BF0120F9
S21403856008BD0120704710B50446FEF71DFB08B989
S214038570FEF71CFB03050FD40C231B2B01D1002095
S21403858009E020FA03F1C90703F1010206D5DBB2BD
S214038590E31A5842584110BD0B23F9E71346ECE79C
S2140385A010B50C46098819B90846F7F799FB2080D9
S2140385B0012010BD08B510461A4600F08CFABDE837
S2140385C0084003F0E2BD70B504460D46164692B069
S2140385D06A46EBF781FD6A46294620468DF81F60FA
S2140385E0ECF730F812B070BD10B50C46EDF732FE5E
S2140385F02046BDE81040EDF743BD0129F8B5054612
S2140386000C461DD003291ED0052920D0072922D0C9
S2140386100026002400270120EBF7B0FC30448542F7
S2140386201DDA0320EBF7AAFC2044854219DA05205D
S214038630EBF7A4FC38448542B4BF07200520F8BDF9
S2140386406FF00406E5E76FF004040526E2E700266C
S2140386506FF00407DFE7002405272646DBE7012043
S214038660EDE70320EBE738B14379490023F00C0329
S21403867001F00C010B434371704710B5044678B103
S21403868041794088490801F006010131000AFFF7E5
S214038690B4FF024601462046FFF7E5FF104610BD2D
S2140386A00722FBE738B50D46EDF7C2FD044608B9C9
S2140386B0002038BDFFF7E1FF002DFAD1237913F030
S2140386C00703F5D0984238BF1846C0B2F1E7EDF776
S2140386D0BDBF0022EEF7E0B80021012208B5EEF791
S2140386E0DBF8401A18BF012008BD38B51546FFF75A
S2140386F0F0FF0446284603F087FE84B1FF2804D023
S214038700626822FA00F3DB0701D5012038BD012396
S214038710834013436360E3780133E370F5E7204651
S214038720F4E7EEF713BB10B503F072F900F110048B
S214038730204603F08CFD20F4007189B22046BDE884
S214038740104003F086BD2DE9FF4115460191012136
S2140387508DF80D301B0A8DF80E309DF82C308DF8F1
S2140387600C008DF80F3028460423009103AA9DF8C9
S21403877028809DF830709DF8346001F016FB04469F
S21403878070B12946FFF762FBB8F1000F02D120460D
S214038790FFF7C9FF2FB146B93146204601F0D0F89E
S2140387A00024204604B0BDE8F0810022204611468E
S2140387B0EEF752FAF4E74FF47A70EEF7A7BB08B574
S2140387C0ECF74EFCBDE808400020EEF7A5BC00B56C
S2140387D08BB06846EEF776FB009BBDF8060004A94F
S2140387E00693EEF715FB0BB05DF804FB1FB50446C6
S2140387F06846EEF767FB02AB03CB2060616004B00C
S21403880010BD1FB5062304468DF80C30EEF7DEFDCB
S21403881000238DF80D00CDE9003301210223204605
S21403882003AA01F0C2FA04B010BD38B5002208212D
S2140388300546FFF7E0FC044698B9FFF74EFD2246CF
S2140388404FF6FF71EFF71AF82846297CEEF794FCEB
S214038850287C6A69E989F0F78FFBEEF705FC20466A
S21403886038BD0120FCE770B50C4605460120EFF73E
S21403887091FB237B4BB1FFF730FD014623462A4687
S214038880BDE870400120EFF717B84FF6FE71F5E725
S214038890F8B50E460746FFF78FFB054603F0D7FCF1
S2140388A000F44040B0F5404F14BF0022062202F108
S2140388B00A03EB5C0B325C0004F00E045B08144402
S2140388C003F0380338461C44FFF77BFB844208D288
S2140388D0001BC2B20F2A28BF0F2230462919E4F71D
S2140388E01DFB2046F8BDECF7BBBB40F62740F0F770
S2140388F0C1B8FF224FF6FF71F0F7F0B907B50021B4
S2140389000DF10700F0F722FB9DF8070003B05DF8B2
S21403891004FB13B5044601A90020F0F717FB019AE0
S21403892001462046F0F728FB204602B010BDF0B5FE
S2140389300F46002187B0044608461646F0F706FBA6
S214038940012305460DF10A008DF808408DF809301D
S214038950FFF74CFF092C1DD131460DF1120003F031
S21403896078FC05AB002102AA9B1A2846CDE9001124
S214038970DBB2642101F019FA0546E0B1092C15D1E2
S214038980F0F744FB044688B12846F0F753FB20462D
S21403899007B0F0BD31460DF113008DF812704FF697
S2140389A0FF7503F056FC0DF11503DBE7284600F0D0
S2140389B014F80446EBE70446E9E738B504460D46E3
S2140389C003F03CFD40B1AC4206D0204603F02DFD3B
S2140389D0BDE8384000F0ACBF38BD10B50446FFF71D
S2140389E0EBFA023003F033FC4FF6F7739842204657
S2140389F003D9BDE81040F0F797BCF0F7D7FCB0FA00
S214038A0080F0400910BD012070470022F0F7C4BB78
S214038A1070B504460088FFF7CFFA0546043003F026
S214038A2016FC0646A81C03F012FC054603F025FBBD
S214038A303046F1F7A1FE30B92846F1F79DFE10B196
S214038A40284603F0FBFCA378002023F00F03A37053
S214038A5070BD70B50546FFF7AFFA0646284601F027
S214038A60C8F901462846F7F76FFD04462846FFF780
S214038A70D7F94FF6F773984208D8337803F0030311
S214038A80012B05D1A31E5842584170BD0120FCE7B7
S214038A900020FAE741F2033330B585B00D46ADF852
S214038AA008300446FFF719FC8DF80A00FFF715FC9B
S214038AB00021000A8DF80B0005232046CDE900119E
S214038AC002AA8DF80C5001F070F910B12146FFF799
S214038AD09CFF05B030BD2DE9F041044617460D4610
S214038AE0E1B13F294FF0000600D135462046FFF797
S214038AF073F9082814D10121204602F0C1FF064667
S214038B0002F0A2FF0446304602F082FF3B460146CF
S214038B102A46E0B2BDE8F041FDF718BC0126E5E7BA
S214038B202046FFF759F9024630B9BDE8F0414FF643
S214038B30FF71012003F054BB2046FFF75EF9B0F542
S214038B40006F0ED12046FFF76BF94FF6FF7398427E
S214038B50014617D0002D0CBF03200520002203F08A
S214038B603FFB29462046EEF72FF968B929462046EB
S214038B70F1F7A0FD40B9324629462046BDE8F0414C
S214038B80F0F758BD0120E9E7BDE8F081704770476C
S214038B9037B54FF6F675FDF738FB431E9BB2AB426F
S214038BA00446F8D8EDF744FB0028F4D1694620467E
S214038BB0ECF760FE0028EED0204600F09AFE002870
S214038BC0E9D12046FFF788FD0028E4D12046F1F7D7
S214038BD0D3FD0028DFD1204603F030FC0028DAD18D
S214038BE02046FDF71DFB0028D5D1204603B030BD37
S214038BF073B504460E46F1F7BFFD054688B9204611
S214038C00F1F714FE21462B460D224FF6FD70009514
S214038C1000F0A1F83146204602B0BDE87040F1F7F7
S214038C20C7BD02B070BDF7B504460D461746FFF73D
S214038C3054FB0646002D3FD04FF6FB739C423BD8B1
S214038C402046F1F799FD08B1A64235D02046F1F744
S214038C5093FD10B1012003B0F0BD2046FDF7E0FA06
S214038C60C0B1A642F6D0F4B169462046ECF702FE40
S214038C700246C0B908216846FFF7BDFA98B908222C
S214038C8069462846E4F706FB68B129462046FFF7FF
S214038C90AFFFDFE7A642E6D12846ECF759FE10B948
S214038CA000F03DFED6E73FB121462846EDF766FCC9
S214038CB021462846F5F7A2FC0020CCE737B5054643
S214038CC014460C2914D8DFE801F02C132C131313C5
S214038CD007131313132424006946ECF7CBFD18B9C6
S214038CE001216846F5F788FD41202946F8F7A8F8DC
S214038CF0D4B12046FFF760F9023003F0A8FA4FF626
S214038D00F773984210D9204603B0BDE83040F0F719
S214038D10C1BB40F6144040F613430B2908BF184660
S214038D20E3E700F0EDFDE3E703B030BD1FB5034610
S214038D30084603218DF80D308DF80C100123002111
S214038D40ADF80E20CDE9003103AA042301F02DF877
S214038D5005B05DF804FB2DE9F34106460F461446BD
S214038D601D469DF82080FFF7B8FAB04207D10022CF
S214038D702146384602B0BDE8F041FFF79FBF3A46AA
S214038D8031462046FFF7D2FFADF8060060B10D2C42
S214038D9005D100224FF6FF71282003F021FA35B9DA
S214038DA0BDF80600FFF719FE02B0BDE8F081012307
S214038DB0424629460DF10600ECF7A6F8BDF8063044
S214038DC0002BEDD1F0E7F7B50C460546FFF7F4F8B0
S214038DD0611C06462846F7F7B7FBA11C074628463C
S214038DE000F02AFF014604463846FDF747FA0D2FE2
S214038DF034D12046F1F7C0FC78B1301D03F027FAD2
S214038E0004462846F679FFF73AF8314602462046E6
S214038E1003B0BDE8F040FFF768BCB01C03F017FAD8
S214038E204FF6F773984202D92846F0F733FB2046ED
S214038E30F1F7FCFCFFF751FAA04205D1002003B07E
S214038E40BDE8F040FFF7A2BE6B46B068F16803C307
S214038E5069462046F1F7ACFC03B0F0BD2A46394616
S214038E60204603B0BDE8F040FFF728BF14220021D8
S214038E70E3F7C4BE2DE9F04F11F00F0704460E4684
S214038E8015468FB05CD10120E1F736FB09A8FDF744
S214038E90F3FA092309A88DF82430FDF7F1FA09A897
S214038EA0E1F7FCFA01A909A8FDF77BFC26F00F08F9
S214038EB0A84404F1100904F10F0A454511D12369AA
S214038EC001A93344236109A8FDF750FC0020E1F70C
S214038ED013FBB6F1005F28BF272738460FB0BDE85F
S214038EE0F08F05AA234696469446186859680833B1
S214038EF0ACE803004B456246F6D12B46224605F105
S214038F00100B53F8041B5B4542F8041BF9D171465A
S214038F1009A8FDF72BFC09A8E1F7C0FA224621466B
S214038F200120E1F7A5FA013D631E13F8012F15F89A
S214038F30011F534582EA01021A70F6D15D46BCE76B
S214038F400227CAE7F0B5174685B005460C46102239
S214038F5000216846E3F752FEBFB3C4B30F2C04F0F8
S214038F600F0608D924F00F043A4621462846FFF791
S214038F7081FF40BB2744324639466846E3F7CEFFB7
S214038F8080222F6906F1100337446B44B7F5005F60
S214038F9003F8102C2F61C6F110061AD3062E1FDD18
S214038FA0FB001A0E8DF80A201A0C5BBA8DF80B20FC
S214038FB0ADF80C306A4610212846FFF75BFF002009
S214038FC02B69103B2B6105B0F0BD3E46D8E726461D
S214038FD0D6E7022E04DDFB005BBAADF80E30E9E7F8
S214038FE06A4610212846FFF745FF2B691022A3F196
S214038FF01004002168462C61E3F700FEB7F5005F16
S2140390004FEAC403CDD2E7E770B50E46054686B0F1
S21403901001A81446FFF72AFF3246294601A8FFF7A0
S21403902091FF2246054601AB05AE1C4603CCB4426F
S21403903010605160234602F10802F6D1284606B0B6
S21403904070BDF1F74BBC0A460021F1F747BCF0B5FB
S2140390508BB00C4601A9F1F741FC054680B32522E7
S2140390600021E01CE3F7CAFD0123A3700E23BDF81D
S21403907010702380FA0510D523464FF4877206AE88
S21403908023F8042B0DF1280C324603CA62451860F8
S2140390905960164603F10803F6D13B0605D5238827
S2140390A043F080032380069B636001AB03CB039BE3
S2140390B0C4F81D00C4F82110A361F2F7F3FD606144
S2140390C028460BB0F0BD30B505460C4687B001A860
S2140390D0FDF7D2F92868696802AB03C39DF811301F
S2140390E043F002028DF8112074B12288510644BF62
S2140390F043F006038DF81130530542BF9DF8113037
S21403910043F008038DF8113001A8FDF7B0FAB0FA62
S21403911080F0400907B030BD2DE9F3410F46054600
S214039120164602F091FC4FF00008C41BE4B2294631
S21403913023463A463046CDF8008003F081F90121F4
S214039140284602F09DFC88B10121284602F098FCCF
S214039150074602F079FC0546C3B242463019394643
S214039160CDF8008003F06CF92544ECB2204602B03B
S214039170BDE8F0812DE9F04F85B00C4605469146D3
S2140391801F464FF0010ADDF838809DF83CB002F028
S2140391905BFC22463B4629460646CDF800A04846D9
S2140391A003F04EF95146284602F06AFC3C4418B3D5
S2140391B05146284602F064FCF6B2B442814610DA01
S2140391C0E7B2F31BDBB2404622462946CDF800A0A1
S2140391D003935F4403F034F9039BBF1B984407F0E3
S2140391E0FF0B012300220E9349465B46404605B01B
S2140391F0BDE8F04F03F024B95B4622462946CDF876
S21403920038A0F3E72DE9F041002686B00746084666
S2140392100C4615469846CDE9026604968DF814600A
S21403922002F012FC411BCBB20D2B28BF0D232A469E
S2140392302146009602A803F003F9424602A93846DF
S214039240F1F7A2FC0646294620469DF80820F7F7C4
S2140392508FF9304606B0BDE8F0812DE9F04F0E4693
S214039260CBB00121054617461C4602F009FC2346EF
S2140392703A462946814606A8FFF7C4FF0DF1280A99
S21403928000EB070B5246314628465FFA8BFBFFF787
S21403929043FFB34503D200204BB0BDE8F08FABEBE2
S2140392A006085FFA88F808F104039842F3DB331FD5
S2140392B018440423C4B20193A31BDBB200935246A3
S2140392C043460021CDF808A006A8E1F785F8002854
S2140392D0E1D1A4EB0B040AEB0803E4B2524628469A
S2140392E03146009301944346FFF744FF3946284628
S2140392F0F7F72AF9394600F0F8022846F7F738F95F
S2140393000121284602F0BCFB002818BF4D4628461C
S214039310ADF8165002F098FB011FC9B20DF1160006
S21403932000F04FFC0120B7E72DE9D841064600F0D0
S21403933060FD411C044689B2304600F02DFD98B30B
S21403934094B321463046F7F7FFF800F00C03042BDE
S214039350074629D000F00308B8F1020F00D11BBB63
S214039360384600F0B0FD3B060444A4B216D5611C93
S214039370304689B200F010FDB0B121463046F7F70B
S214039380E3F8B8F1010F014600F003030CD0032BFA
S2140393900AD0384600F0A6FD03199CB22146304693
S2140393A0BDE8D84100F0F8BC0020BDE8D881F8B588
S2140393B0064600F0E0FC054604463046FEF7FCFD94
S2140393C043785B0718D5AC1CA4B22146304600F0A0
S2140393D0E3FCB8B129463046F7F7B6F80746691CEA
S2140393E0304689B2F7F7B0F81FB1874201D8FF2895
S2140393F008D104EB4704A4B221463046BDE8F84042
S21403940000F0CABC0020F8BD13B5044601A8F1F766
S21403941013FEBDF80430DA0710D49B0707D41022D6
S2140394200021204602B0BDE81040E3F7E7BB224622
S21403943021461020FFF7E8FD0028F0D102B010BD4A
S214039440024608B5F1F720FE510544BF0838C0B2FE
S214039450130544BF0838C0B208BDF0B5D3070546A8
S2140394600C468BB04AD5008800F0C3FC00230646A2
S214039470029314B9CDE9034403AC00220821204625
S214039480FEF7B9FEA8B12888FEF796FD023002F073
S214039490DEFE21460746ECF7EDF950B100224023E5
S2140394A01146384600F005FA40F6094528460BB043
S2140394B0F0BD31462888F7F747F810F0030F0CBFC6
S2140394C001260026F1F74EFA46EA4000C0B20090A5
S2140394D00021204602AB05AAF3F720F80546F1F76C
S2140394E041FA0028E2D0002DE0D000212046009665
S2140394F002AB05AAF3F712F80546D7E740F60A4586
S214039500D4E700231A46F2F775BF30B58BB005AD26
S21403951004462846FCF7B0FF0223284601A98DF827
S2140395201430FDF73EF9234601AA144603CCAC4299
S21403953018605960224603F10803F6D10BB030BD1C
S21403954008B50023024619461846F2F753FF0120D2
S21403955008BD37B504466846F2F7C4FF054648B16A
S214039560082221466846E3F795FEB0FA80F04009E4
S21403957003B030BDFF2208212046FEF73CFE03461B
S21403958028B106212846FFF7BCFF0120F0E7224654
S2140395900146F2F72FFFF8E707B56846F2F7A2FF92
S2140395A010B16846FDF76CFA00F0010003B05DF8F1
S2140395B004FB0120F3F76CBC704730B50124054665
S2140395C089B003A8FCF758FF01A88DF80C40E0F714
S2140395D0C3FF9DF806209DF80730AA4209D0AB4288
S2140395E009D103A88DF80D40E0F758FF012009B014
S2140395F030BD0024F5E70020F9E700221021FEF72E
S214039600FABD70477FB50D4600F582300D226946D8
S21403961000F58070D4F73AFF6B462A4602AE1C4626
S21403962003CCB44210605160234602F10802F6D11F
S214039630206810602379137100236B7304B070BD28
S214039640F0B585B06A4605460B46164601F108078F
S214039650144618685968083303C4BB422246F7D138
S21403966018680D2220601B7905F582303146237178
S21403967000F58070D4F736FF05B0F0BD38B5044664
S2140396800D46E0F75BFAA04205D920462946FFF7C8
S214039690B9FF002038BD2820FCE730B5002485B08C
S2140396A08DF80040E0F74AFAE5B2A84204D8F4F78A
S2140396B007FF002005B030BD69462846FFF7C0FF08
S2140396C00134EFE738B50446002002F0ACFEFF286D
S2140396D005460FD002F0AFFE10F0010009D0284671
S2140396E002F0A9FE400840EAC17080F0010000F0D5
S2140396F0010038BD04F00100FBE70146F8B5064655
S2140397000020F4F717FEFF2801D00120F8BDE0F78C
S21403971005FA00240546871CE0F704FAE3B29842EC
S21403972001D80020F2E735F82430B34203D117F806
S2140397302430002BE9D10134EEE738B50D4601217C
S214039740044602F09DF930B10121204602F098F953
S2140397502880012038BD20462C8000F020FC0130F4
S214039760C0B2F7E72DE9F04788B0074689461046AA
S2140397700DF10A011D469046FFF7DFFF4FF0000A82
S214039780BDF80A6004463046CDE905AACDF81BA00D
S21403979002F05AF9031BDBB20B2B28BF0B2322461E
S2140397A03146CDF800A005A802F04AFE48F21F0392
S2140397B09D4243D00BD885F40043012B15D923468D
S2140397C04246494628460097FDF7A7F933E048F294
S2140397D03A039D42F3D1FEF780FDB8422BD02246D2
S2140397E0414605A8FDF7CAF925E09DF8143013BBDA
S2140397F0BDF81D40DDF81500DDF8191003AB03C3F3
S214039800204603A9E0F78EFB0122204603A9FFF7B3
S2140398100AFAA74206460ED0012103A8F4F7ECFF86
S21403982048F201039D4206D12EB9334632463946E5
S214039830204600F058FC08B0BDE8F0879DF81450A9
S214039840002DF8D12F469DF815800234EAB2424522
S214039850F1D2D200D2B222440823314692B2009704
S21403986003A8CDE9037702F0EBFD03A800F074F834
S21403987002F0DBFD00F05CF80135E7E710B50024E5
S214039880418084800480C280038110BD13B5BDF877
S2140398901040CDE900340023F5F77CFA02B010BD82
S2140398A013B5BDF8104001900094F5F773FA02B0B3
S2140398B010BD07B500930123FFF7F2FF03B05DF871
S2140398C004FB0123F5F70CBB38B50546EFF79EFB03
S2140398D00446E0F73FF9A40144EA4020284038BD97
S2140398E07047704700207047FF207047002070477E
S2140398F07047002070474FF6FF7070470020704790
S214039900704700207047704700207047704700205C
S21403991070470020704770477047002070477047B5
S2140399207047002070474FF6FF7070471720704748
S21403993070477047704770477047704701207047FD
S214039940012070470020704700207047704770471B
S21403995070474FF6FF7070474FF6FF707047002052
S21403996070470020704700207047704700207047FC
S2140399702DE9F04F002785B081460C467E203946F8
S2140399809846BDF83CB09DF844A0BDF84C500192F3
S214039990ADF80E7002F0B0F80646002800F0AA8074
S2140399A002F036F839467E22E3F728F9304602F00D
S2140399B02FF80090304602F02BF8B9F1FF0F0CBFDA
S2140399C0274644F003073B0A14F4406207704370CB
S2140399D05FD14FF00808C31C184642460199E3F7C7
S2140399E05FF9034604F44044434484B1790606D43D
S2140399F019464FEA1B2201F802BB5A700B46B4F510
S214039A00004F56D0A4F5404254425441E400224647
S214039A1018460E99E3F744F9009A03462044A0EB50
S214039A2002085FFA88F89DB14FF47C521A53841CDF
S214039A30284601F0EDFF8346284602F005F8C5B236
S214039A402A4659462046E3F769FA60190235EDB20D
S214039A50B9F1FF0F2FD05246109900F8019BE3F798
S214039A605DFA08F101015AFA81F129443046EBF711
S214039A70E1F90C210022FF0007F080071046394366
S214039A80FEF778FAADF80E00E8B9002005B0BDE899
S214039A90F08FB2F5006F80F803804FEA182880F83D
S214039AA0048000F1050314BF4FF008084FF00208C6
S214039AB092E70224ABE708EB0A0129443046EBF7AA
S214039AC0B9F90821D6E7304601F0A2FF044630462E
S214039AD001F0BAFF0123024621460DF10E00EBF713
S214039AE013FA0028D1D10121BDF84820BDF80E0095
S214039AF001F0DAFFBDF80E00C8E710B50C4609887A
S214039B0021B90846F6F7ECF8208008B1012010BD0D
S214039B100220FCE72DE9F04780460F460646002460
S214039B2002F1FF39BC4202D219F8015F25B9A6EB50
S214039B30080080B2BDE8F0879A46A5F13102012AF3
S214039B405AF8041B10D83246322D02F8011B06D1F0
S214039B500134A4B2A74232D30912B21C7170013485
S214039B6053461646A4B2DDE7342D0CD10334BC426B
S214039B70DDDA0B0A317073700B0C090EB370321DED
S214039B80F170A4B2EBE7A5F13302062A0DD8303DF7
S214039B90ADB22B19BB42CADA2A463046013CE3F77C
S214039BA07FF815FA84F47219EBE7A5F14102062A49
S214039BB001D8373DECE79D8803F1080AE9E7164626
S214039BC0B5E770B5054600880C4601F03DFFA04298
S214039BD028880AD201F038FF0023221A194628469D
S214039BE0BDE8704092B2EBF78FB92146EBF722F946
S214039BF0002070BD38B5054601F00AFF0446284626
S214039C0001F022FF002201462046BDE83840FEF759
S214039C10EEB9F8B516460C461D46BDF8187001F0A9
S214039C20F7FE0444304601F0F3FE3A464119204657
S214039C30BDE8F840E3F734B870B50C46013189B295
S214039C400646F6F781FC214605463046F6F77CFCC9
S214039C5000EB052080B270BD1FB50123ADF80C20C4
S214039C6000930A460223014603A802F0E9FB05B067
S214039C705DF804FB0FB437B5069D0021A8B201F0CA
S214039C803BFF044601F0C4FE2CB1002207AB019350
S214039C90D1B28D4205D8204603B0BDE8304004B0AB
S214039CA0704753F8041B81540132F1E773B5044639
S214039CB00D4640200021164601F01EFFADF80600B3
S214039CC001F0A6FEBDF8063013B9002002B070BD41
S214039CD0402133462A462044FFF71CFF211889B249
S214039CE00DF10600FFF76DFF0028EED1BDF8060064
S214039CF0ECE70EB403B503AA52F8041B0192FFF770
S214039D00D5FF02B05DF804EB03B070472DE9F743C7
S214039D100F4601218146164601F0B2FE054658B1AC
S214039D20FFF768FF308088B9284601F08DFE68B1DA
S214039D30192003B0BDE8F083484601F085FEFF2FE7
S214039D40A0EB0704E4B214D014B934800020F0E783
S214039D502A4621462846FEF74AF980460028E7D0D9
S214039D603B464A4629460094FFF753FFA6F8008071
S214039D70ECE70120DDE708B5FEF71EF9437803F0AC
S214039D8001001A074CBF10300830DB0644BF08300A
S214039D90C0B21030C0B208BD10B50C4601F054FE78
S214039DA0A04234BF0020012010BD7FB514460091A9
S214039DB0024641F2092141F609209DF820601D461E
S214039DC0002E18BF0146099B0020F6F7E5FBADF809
S214039DD00E0010B9002004B070BD01232A462146A8
S214039DE00DF10E00EBF790F80028F3D1BDF80E0046
S214039DF0F1E738B50546FFF7BEFF0446284601F0EF
S214039E0023FE631C9BB283420FD82846FEF7D4F882
S214039E1043785B0707D521462846F6F795FB0130BE
S214039E2004EB4004E4B2204638BD0024FBE71FB52C
S214039E30ADF80E0001F008FE0446BDF80E00FFF76D
S214039E40D8FF00F10E03DBB2BDF80E200146E01A80
S214039E5080B200901046FFF7DCFEA4F10E0189B233
S214039E600DF10E00FFF7ADFE04B010BD42780346B9
S214039E7012F0080006D0D20702D403F10800704798
S214039E8003F10900704737B505460C46FEF794F80C
S214039E90437813F0100212D09CB103F001021B07A3
S214039EA04FF000032946009320464FF0080354BFA3
S214039EB01832203202F0C4FA012003B030BD104637
S214039EC0FBE72046F9E700F00303012B08D0C3069F
S214039ED006D400F00C000C2814BF08200920704795
S214039EE002207047034611F0030005D003F0030376
S214039EF0022B14BF022003207047F8B50C46064613
S214039F0001F0A2FD631C834202D900252846F8BD52
S214039F1021463046F6F718FB0746FFF7D4FF3B0605
S214039F200546F3D50444304601F08EFDA4B2631C07
S214039F309BB28342E9D821463046F6F705FB014635
S214039F403846FFF7CFFF2844C5B2DFE770B50646AD
S214039F500D46FFF7D2FF044610B90024204670BD15
S214039F6029463046F6F7F0FA8206F7D5304601F072
S214039F706BFD2544ADB26B1C9BB28342EDD82946DC
S214039F803046F6F7E1FA00F01803082B14BF053441
S214039F900634E4B2830644BF0834E4B2DEE738B5D9
S214039FA00546FFF726FF044608B9002038BD0146DC
S214039FB02846FFF7CBFF0028F7D02044C0B2F5E7CA
S214039FC02DE9F04387B005460C46FDF7F5FF8046BE
S214039FD002F03DF907462846FFF70BFF0646014603
S214039FE02846FFF78AFF0022034600922946324698
S214039FF002A802F025FA9DF8086006F00C030C2B65
S21403A00006F003090BD0B9F1010F59D0F10657D466
S21403A0109DF809300DF10A050020637107E0FF2360
S21403A0200DF10900637102F012F90DF10B052081A1
S21403A03098F80130DA0704D508F1020002F007F9B0
S21403A0402081B9F1010F5FFA89F83DD0F3063BD4BE
S21403A050284602F0FCF86080A81C02F0F8F80535E4
S21403A06015F8013C208023712B78B006A37206F006
S21403A070400348BF43F02003390627D543F4007353
S21403A080F80448BF43F48063390548BF43F40063CC
S21403A0903206E38011D56A7812F003020DD06FEA18
S21403A0A043436FEA5343A978B8F1020FE3800B46A4
S21403A0B011D1EB7841EA0321218107B0BDE8F08393
S21403A0C0FF230DF10905A7E7FF23CCE77A0648BF70
S21403A0D043F48073D4E7012A04BF0B029BB22381A7
S21403A0E0EBE7F6F70BBF0BB1F6F774BF0AB9F6F753
S21403A0F0EDBFFF21F6F716BF431C08BF0020E4F7A9
S21403A10033B80000034B5868C0F30800003818BF84
S21403A1100120704700ED00E0014B1868704700BF50
S21403A120A06D0020084B1B6F03F00703022B04D01F
S21403A130032B05D0012B05D0FEE7044B18687047A8
S21403A140034BFBE70348704700800050A06D0020D8
S21403A150A86D0020002D310108B5FFF7E3FF054B7E
S21403A1601B6FC3F301330133B0FBF3F0024B1860EC
S21403A17008BD00BF008000509C6D0020004870475B
S21403A18000B4C40400487047002D3101014B186821
S21403A190704700BFA86D0020174A9368C3F30443B3
S21403A1A00C2B0AD8DFE803F00B0909090909072174
S21403A1B019091B1D1F00114870470020704793683C
S21403A1C003F04073B3F1807F11D0B3F1007F10D05A
S21403A1D0002B0B4818BF002070470A4870470A48F0
S21403A1E070470A4870470A4870470A4870470A4843
S21403A1F070470A48704700BF0040015A405DC600DA
S21403A20000093D00C0EA210180BA8C010048E8013C
S21403A210005A62020024F40080841E0040420F00AD
S21403A220014B1868704700BFA46D002007B500F007
S21403A23065FC6A4600F0C2FC18B14721034801F0EA
S21403A24028FFDDE9000103B05DF804FBFFCF030040
S21403A2500229F8B596BF104B00245C5C012805461E
S21403A2600E4608D0022809D008B944F002040B4B66
S21403A2701F6837B9F8BD44F00804F8E744F0200433
S21403A280F5E77B681A68144203D0314628465B68B4
S21403A29098473F68EDE700BF726A04000442002057
S21403A2A038B5104D2B78ABB10F4C23781BB100F0AB
S21403A2B031FA00232370002001F0FEFE0B4C50B150
S21403A2C000F07AFA0023012120782B70FFF7C0FFF5
S21403A2D00123237038BD0122054B1A702278054BE3
S21403A2E01A70F7E7E3620020E1620020E8620020CC
S21403A2F0E4620020E56200200E490B78FF2B01D1B3
S21403A30098B170470BB990B97047002814BF012263
S21403A310FF2213440B7060B1074B1B78012B08D93F
S21403A320064B1B782BB9FFF7BBBF1A46F1E7012292
S21403A330EFE77047E7620020E8620020E46200204F
S21403A34010B501F0A4FD064B04461B781BB1BDE80F
S21403A350104001F097BDFFF7A3FF2046F7E700BFC5
S21403A360E062002002282DE9F04147D0294803780F
S21403A370FF2B41D1002941D11A461344DBB20370A7
S21403A38000293BD0244E3278012A37D9002B3ED001
S21403A39001F07DFD214F04463B780BB3204D2B780F
S21403A3A01BB901222A701F4A1370DFF87C8098F8C5
S21403A3B0003023B100F0AEF9002388F800302046C1
S21403A3C001F060FD012001F077FE01F060FD2B78BF
S21403A3D004461BB100F0F0F900232B7000233B70FA
S21403A3E0204601F04FFD01243078A04206D02146D6
S21403A3F0FFF72EFF347001E013B931B9BDE8F081E1
S21403A400002914BF0122FF22B7E70122B5E7022481
S21403A410EAE700BFE7620020E8620020E36200206C
S21403A420E0620020E4620020E16200202DE9F043B0
S21403A43085B0EFF3108572B6AFF3008001F011FF1D
S21403A440002800F09280624E624F337823B10020DA
S21403A450FFF752FF00233370387878B903A900F06A
S21403A4601DFB044650B95C4B039A1B689A4200F2E4
S21403A47084800120FFF740FF012333703B78002BD5
S21403A48040F09980554B1B78002B00F091804FF0DD
S21403A4900208534CDFF868912078404507D099F8B6
S21403A4A0003013B94146FFF7D3FE84F80080B8F1B5
S21403A4B0020F0FD1DFF8248198F8003053B9494BC7
S21403A4C01B7823B900F020F90122474B1A700123A9
S21403A4D088F80030207800F0F7F899F8003013B1C8
S21403A4E0424B1B782370AFF30080284601F0DFFD54
S21403A4F0EFF3108572B63E4B1A7852B100221A70EB
S21403A5003A4B20781B78984203D101212170FFF73C
S21403A5109FFE384800F082FA01F0B7FE8046002816
S21403A52093D12E4F3B789BB189F80000DFF8B890A3
S21403A53099F800301BB100F0EDF889F80080002090
S21403A54001F0BAFD002839D000F036F900233B703D
S21403A550337823B10020FFF7CFFE002333700021AA
S21403A5602078FFF775FE00232370AFF3008028469C
S21403A57005B0BDE8F04301F09ABD1F4BD3F8008049
S21403A58000F048F9039B80449845BFF472AF00F08F
S21403A5903BF98200039942F0020292B2CDE90042EF
S21403A5A02346164AA1EB0801124801F087FD65E72A
S21403A5B000F09CF86BE74FF001086AE7012000F013
S21403A5C083F8284601F073FDEFF3108572B6B6E7FD
S21403A5D0E2620020E76200200C420020E3620020D3
S21403A5E0E8620020E6620020E1620020E5620020C7
S21403A5F0DE620020104200200842002041A3030030
S21403A600E462002010B501F042FC0022054B1C78E2
S21403A6101A7001F037FC00F005FBE4B22043C0B229
S21403A62010BD00BFDF62002038B501F030FC094BD7
S21403A63005461B78012B04D801F024FC0024204691
S21403A64038BD054B1C6800F0E5F80444284601F0C5
S21403A65019FCF4E7E8620020084200201549164A70
S21403A6600B6F10B503F007031360144A144C92697A
S21403A670032B02F00200C2F34002227017D0D1F877
S21403A680203103F00703022B11D0D1F8803203F0F8
S21403A69001030C4A137048B143B9064BD3F8003193
S21403A6A003F00303591E4B424B41137010BD0123A5
S21403A6B0EFE700BF008000506C42002000C001504E
S21403A6C0ED620020EE620020012805D00238012842
S21403A6D008D80020D1F7E4B9034A136923F004032A
S21403A6E0136130BF704700BF00ED00E0044B054A1E
S21403A6F0D3F8203103F007031360F8F7EFB900BF70
S21403A70000800050744200200122014B1A707047EB
S21403A710EC620020F8B51F4B1B78002B39D01E4C7B
S21403A7202378B3B91D4B9A6DD10302D5DA6D920720
S21403A7302FD49B6DDB072CD401F003FD184B194A6D
S21403A7401860136F23F0070343F003031367FFF741
S21403A75003FD01F0F6FC124B134D1B68134EC01A93
S21403A7602B78134F56F8232046F82300111A3A681D
S21403A7701048521A0A213A600932B2FBF1F2013349
S21403A780DBB20260B3FBF1F201FB12332B70002342
S21403A7902370F8BDEE620020EB62002000C000507C
S21403A7A06442002000800050EA6200203C42002001
S21403A7B0384200203442002008B5F8F790F90D4AD5
S21403A7C00D49136F096823F007030B4313670B49FF
S21403A7D0D2F82031096823F007030B43C2F820316F
S21403A7E0074B1B7813B10122064B9A62BDE808405B
S21403A7F0FFF7B2BC008000506C4200207442002079
S21403A800EE62002000E00050014B1878704700BF4E
S21403A810EE620020054B187818B1054B186800EB5C
S21403A820D000044B1B681844704700BFEE6200203C
S21403A830344200206842002008B50D4B1A7892B1C6
S21403A84000221A700B4A136F23F0070343F0010329
S21403A8501367D2F8203123F0070343F00403C2F84A
S21403A8602031FFF779FC0122034B5A6708BD00BF6E
S21403A870EC6200200080005000E000500D490B6899
S21403A880A0B10022A3B1834203D1836822B90B602F
S21403A89003E01A469B68F5E7936083680BB90020CC
S21403A8A070475A6941690A445A61F8E7222070479B
S21403A8B0022070478042002010B501F05EFC0A4C6F
S21403A8C00A4B19682368C31A09B9206010BD002B08
S21403A8D0FBD04A699A423ABF9B1A0022D21A4A61AF
S21403A8E028BF00238968EFE77C42002080420020CF
S21403A8F038B5154D2B682BB35B69B3B1134A0220E9
S21403A90014681C4400F088FA204600F047FA002238
S21403A9100F492B680A70012A05D823B1D888800707
S21403A9200AD501230B70002038BD022000F074FA0C
S21403A930022000F093FAEAE79B68002BF3D05869ED
S21403A9400244E8E72220EFE7804200207C42002012
S21403A950F0620020C38870B504460D463BB9FFF786
S21403A96063FE8542064602D2F9F734FA35460E4AA6
S21403A970656113689BB91460A3600FE02D1A98688D
S21403A98019466561034618B15869A842F6D941B11C
S21403A9908C60A36013B15A69521B5A6170BD0021C3
S21403A9A0F2E71460F5E700BF8042002070B5164654
S21403A9B09DF81420C0E903360271049ABDF81830D6
S21403A9C00260002204460D468260C38006BB01F087
S21403A9D0D4FB2844A0613DB9E368656113B1204602
S21403A9E02168984796B1354601F051FA0646FFF7B7
S21403A9F063FF29462046FFF7ADFF074B1B68A342BC
S21403AA0001D1FFF775FF304601F03CFA002070BD18
S21403AA1001F0B3FB3044DDE780420020F8B505467D
S21403AA20D0B101F034FA0646FFF746FF0B4B284633
S21403AA301F68FFF723FF044620B1304601F022FAD1
S21403AA402046F8BDAF42F8D1FFF752FF2228F4D1D3
S21403AA50022000F0EDF9F0E72224F1E7804200201F
S21403AA6038B50C460546A8B1A1B100230B7001F01A
S21403AA701BFA0121084B1B6833B901F010FA0020BA
S21403AA8038BD9D4204D121702278002AF9D0F4E71C
S21403AA909B68F1E72220F3E780420020F8B50646DC
S21403AAA00F4601F001FA00250446124B1B6823B932
S21403AAB0204601F0F4F91B2011E05A691544DA88A0
S21403AAC0B2420DD101F059FB0B4E3368C01AA842AF
S21403AAD00AD3002320463B6001F0E1F90020F8BDCD
S21403AAE0FF2EEFD09B68E2E701F047FB33682B4469
S21403AAF01B1AEFE7804200207C42002070B501F06D
S21403AB00D3F9064601F039FB084B044601201D68BD
S21403AB1001F023FB18B101F030FB04460135304643
S21403AB2001F0BDF92046294670BD00BF88420020CB
S21403AB30014B1868704700BF84420020F8B50C4BE1
S21403AB4005461B680E4683420FD3002440F2E730C7
S21403AB502146084B4FF47A721F680023E5FB070172
S21403AB60E1F7E0FC30602046F8BD2120FCE700BF9B
S21403AB7078420020844200200F4B10B51A689AB121
S21403AB804FF47A71531E1342A0FB01010ED1B2FAA1
S21403AB9082F2C2F11F04531CD243E04001FA03F3CE
S21403ABA0184321FA02F20243104610BD0023E1F7D0
S21403ABB0B9FC0246F8E700BF8442002038B5164BBE
S21403ABC014468342154B8B4123D3154B1A6802B3A5
S21403ABD04FF47A75A0FB050305FB0131531E1342A0
S21403ABE011D1B2FA82F3C3F11F055A1CDB4301FAF3
S21403ABF002F2E84021FA03F310431843E940C4E99C
S21403AC000001002038BD0023E1F78CFCC4E90001F5
S21403AC10F7E72120F6E700BFEFA7C64B37894100C9
S21403AC208442002010B501F03FF9034B1C7801F075
S21403AC3036F9E4B2204610BDEF62002008B5084B93
S21403AC401B7803F0FF004BB101F07BFA054B1B6842
S21403AC509B69C01A02288CBF0020012008BD00BFD4
S21403AC60F062002080420020C2072DE9F843044624
S21403AC7007D5474A136801331360FFF71DFEFFF736
S21403AC8037FEA30740F1818001F00EF94FF000086C
S21403AC9005464646FFF710FE3E4F3C680CB1636917
S21403ACA0A3B100223C4B012E1A7003D118F0020FF9
S21403ACB018BF1E70FFF71CFE222802D1022000F0E8
S21403ACC0B7F82846BDE8F84301F0E9B823465A69C1
S21403ACD03AB91A792179914288BF1C469B68002BA2
S21403ACE0F5D1284601F0DBF8D4F81080B8F1000F50
S21403ACF03FD001F042FAA269851AEB17454573F176
S21403AD00000337DB23691344A36101232269CAB115
S21403AD10C3B9A38BB8EB050833B1E28B13449BB2DC
S21403AD20B3F57A7F1CD2E38301F0BEF805464146AD
S21403AD302046FFF70FFEA369226928461344A36142
S21403AD4001F0ADF8E36813B1204621689847B4F8DC
S21403AD50068001F0A9F801360546FFF7ADFD9CE72E
S21403AD60A3F57A73E383A36918F1FF38013BA36164
S21403AD70DAE7454601F098F881462046FFF77EFD60
S21403AD80484601F08CF80023C0E7BDE8F88300BF0F
S21403AD908842002080420020EF62002010B504465F
S21403ADA001F075F84FF0B042936A1907FCD4136AA2
S21403ADB0116C5269120704D4CA1A032A01D899429D
S21403ADC00ED1E21A022A98BFDC1CB4F1FF3F38BF4B
S21403ADD0013C4FF0B04308221C6403F580539A618C
S21403ADE001F050F8054A13783BB14FF0B041CB6BF6
S21403ADF043F00203CB630023137010BD0B730020D4
S21403AE0007B5044B01A9187901F0E7F8019803B0D8
S21403AE105DF804FBB068040000F001038207034AF0
S21403AE2048BF43F008039361704700BF0010005803
S21403AE30820700F001030AD50121064A43F00803FE
S21403AE4011704FF0B041CA6B22F00302CA63024A84
S21403AE50936170470B73002000200058830742BF9E
S21403AE600822014B5A6170470010005873B502ABB5
S21403AE70164603E90600044600F052FF0546204640
S21403AE8000F05EFF9DF800208DB1202C33780ED89D
S21403AE90012B2ED84FF6FF752D4803EB431323449F
S21403AEA030F81310A94202D0013120F81310294BB1
S21403AEB0294E33F8141036F81400814232D34FF675
S21403AEC0FF75A9424FF0010502D0013123F8141093
S21403AED004F0FD01092927D1998AB68A0A44B242A9
S21403AEE0B4BF9A829E8233F81430834227D202B0CC
S21403AEF070BD022BDBD14FF6FF704FF6FF75144B78
S21403AF0033F81410814218BF013104F1210018BF31
S21403AF1023F8141033F81010A9421CBF013123F88C
S21403AF201010C4E70025D0E71D2CDCD1598F8E18EE
S21403AF30864203DA01390A445A87D4E75887002D34
S21403AF40D5D1204602B0BDE8704001F031B900BF4C
S21403AF50545E00202C5F0020D85E002038B50D46D6
S21403AF60044600F0A1FF064A13889BB22DB1234383
S21403AF701380BDE8384000F092BF23EA0403F7E7E6
S21403AF80326100200022034B01214FF480701A70B7
S21403AF90FFF7E4BF0169002008B5054B1868FCF706
S21403AFA02EFE00F00300C31E5842584108BD00BFE2
S21403AFB0D859002038B5044601F098F90C4B0546DD
S21403AFC01978187981420FD0631E082B0CD8DFE856
S21403AFD003F0050D0B0D0B0D0D0D0D0000220146A4
S21403AFE0044B1868FCF709FE284638BD0022F7E72D
S21403AFF039730020D859002038B54FF0FF300C467F
S21403B000FFF77AF80A4B05461868FFF775F8641BCE
S21403B010241A20B210F1630F06DB10F1240F05DAB1
S21403B02064308000C0B238BD0020FCE7FF20FAE79A
S21403B030D859002008B5134B1B78062B04D040F6CE
S21403B0402101114801F025F8104B1B881B0704D477
S21403B05040F622010C4801F01CF80D4B2A20197803
S21403B060FFF7A8FF00210820FFF778FF0222094B0D
S21403B0701A70094B1868E8F76DFABDE8084001F046
S21403B08084B800BF016900202265040032610020F5
S21403B090FE68002068730020D859002010B50E4CB7
S21403B0A0236823B940F6A3410C4800F0F2FF20685A
S21403B0B0013001F0CCF800F0070003280AD1246819
S21403B0C009220121204600F0E3FB205C031F5842BF
S21403B0D0584110BD0020FCE7C85900202265040033
S21403B0E038B50C4640B100210420FFF737FF01F0C6
S21403B0F04CF8012C1DD038BD244B1B889B07F6D576
S21403B1000129234A2FD1117869B30139C9B21170C5
S21403B11011B92020FFF722FF00210220FFF71EFFB0
S21403B12004221C4B00211C481A7000F05DFD01F040
S21403B1302CF81A4C2068013001F089F800F44060BE
S21403B140B0F5006F1FD1246801210422204600F0C9
S21403B1509FFB204401F07BF80146BDE838400022FF
S21403B160202001F03DB800210D4D02201170FFF79D
S21403B170F5FE2B78FF2B04D040F29961094800F0C6
S21403B18088FF2C70B3E74FF6FF71E6E732610020C5
S21403B1900069002001690020B0700020C859002013
S21403B1A0697300202265040038B5134C05462388CE
S21403B1B0580709D5FFF7F0FE01460720FFF7FAFE0A
S21403B1C0FF210120FFF78CFF238899070BD50B4B34
S21403B1D0284619788A1F51425141FFF7EBFE012199
S21403B1E00020FFF77DFF23881B0703D5BDE8384003
S21403B1F0FFF720BF38BD00BF326100200169002081
S21403B200F7B5124CD4E9006586EA020C85EA030713
S21403B2100CEA000C0F405CEA070E15D086EA0C0613
S21403B2207D40C4E90065CDE900230B460849024684
S21403B2300868FCF7A6F838B14FF4FD71054803B06B
S21403B240BDE8F04000F025BF03B0F0BDA815002010
S21403B250D85900202265040008B50A4B1B88DB0674
S21403B26004D440F64701084800F013FF00211020DD
S21403B270FFF774FE002000F06BFBBDE8084000F00B
S21403B28084BF00BF32610020226504002DE9F04F21
S21403B2905706804614461D4691B005D5FFF77CFE3B
S21403B2A001460120FFF786FEEE0403D500212D207C
S21403B2B0FFF780FEA00224D54046FCF74CFD01466E
S21403B2C0F8B94020FFF74AFE40460AA9FCF720F9E2
S21403B2D0B8B99DF83030022B40F0D980BDF828006D
S21403B2E001F0A3F8FF2808D14046FCF70FF940B950
S21403B2F001214020FFF732FE03E001F09AF8002810
S21403B300F2D1A10305D5FFF747FE01460320FFF759
S21403B31051FEE20104F0807640F1C080854B1B8825
S21403B3209B072DD5844E3068FCF787F840BB834BCC
S21403B330834F18703B78FF2B04D040F25761814847
S21403B34000F0A7FE4FF0000900210220FFF706FEDB
S21403B35087F800907C4F3B78062B07D10121082005
S21403B360FFF7FCFD49462820FFF724FE3B78052B14
S21403B37006D100212B20FFF71DFE3068E8F7EAF818
S21403B38000F003FF220717D56B4F0321386805AA81
S21403B390FCF76DF8064620B940F2C961694800F02B
S21403B3A078FE9DF81430072B00F0D080FFF7F4FDED
S21403B3B001460420FFF7FEFDE10505D5FFF7ECFD8A
S21403B3C001460420FFF7F6FD14F4863F05D0FFF789
S21403B3D0E3FD01460220FFF7EDFDA20113D5FFF7BB
S21403B3E0DBFD01460820FFF7E5FD00210420FFF7FB
S21403B3F0B5FD554B1B78012B03D14F4B1868E8F767
S21403B400A9F800F0C2FE14F0084F09D0FFF7C4FDF8
S21403B41001460720FFF7CEFDFF210120FFF760FE60
S21403B420A30009D5FFF7B8FD01460620FFF7C2FDC6
S21403B430FF210120FFF754FEA70705D53D4B1B88C8
S21403B4401E0701D5FFF7F6FD6C0603D500210A207B
S21403B450FFF7B0FD280602D50120FCF78DFCE905B1
S21403B46040F1858140460AAA05A9FCF7C4FB9DF86E
S21403B4701430222B00F06D8100F28281152B40F2EE
S21403B4806A8140F60A112F4800F003FE6FE1032B92
S21403B4907FF437AF0AA800F0C4FF30E705F00207D1
S21403B4A056EA07030DD0284B26201978A1F1060E7D
S21403B4B0DEF1000141EB0E01FFF77CFD0121304672
S21403B4C011E004F0805656EA07030FD01E4B2620E1
S21403B4D01978A1F1060CDCF1000141EB0C01FFF732
S21403B4E069FD02213846FFF7FBFD4BE704F0884170
S21403B4F051EA060309D0144B272019788F1F794287
S21403B5007941FFF757FD0221D9E705F008030B43FE
S21403B51002D02320FFF74EFD680703D50021242021
S21403B520FFF748FDE9077FF52DAF00212520FFF73C
S21403B53041FD27E732610020D8590020006900202A
S21403B54069730020226504000169002031463868CB
S21403B5500AAAFBF792FF20B14FF4DA619E4800F087
S21403B56098FDBDF81630386802330AA9ADF82C30BA
S21403B570FBF785FF20B140F2DF61974800F089FDB5
S21403B5800023009331460423386804AAFBF779FFA7
S21403B590042804D040F2E4618F4800F07AFDDFF817
S21403B5A0589299F80030C3BB0DF1110000F04FFE1E
S21403B5B000F00700022830D1FFF7EEFC0146092011
S21403B5C0FFF7F8FC854B1B78062B23D1844B9DF89D
S21403B5D013201B789A421DD19DF8353023B940F2CB
S21403B5E0FA617D4800F055FD0DF1110000F02FFEC5
S21403B5F0C0F3001631462920FFF7DCFC00210820A3
S21403B600FFF7ACFC774B1E70FFF748FD10B93868A0
S21403B610E7F7A0FF00F0B9FDCEE6BDF8160001215E
S21403B620083080B200F068FA039030B9FFF7B4FC34
S21403B63001460420FFF7BEFCECE700F0E9F905AA93
S21403B640014606463868FBF724FF99F800A0BAF1CE
S21403B650000F22D106F1010B584600F0F8FD8306D1
S21403B6605AD53868FCF777FB0746FFF795FC05378E
S21403B6700146F8B2FFF79EFC584600F0E8FD00F0DE
S21403B68007000328584F2DD001210420FFF766FC3E
S21403B6904FF0FF30FBF71CFF386000225349BDF81C
S21403B6A016300978F718F1549DF83630BB709DF8BC
S21403B6B03730FB700A9B190E3971190C7971FB71BF
S21403B6C0190A99F80030B97123B9737892B343F025
S21403B6D020037370002000F069F97870039800F077
S21403B6E071FA97E701210922304600F0D1F8305C61
S21403B6F001210428C9D1FFF731FC4FF0FF30FBF7D7
S21403B700E7FE3B4B38601B885806C6D5514640209B
S21403B710FFF724FC0122C1E7FFF73EFC01460920A0
S21403B720FFF748FC2D4B1B78012BB6D13868E7F79B
S21403B73011FFB2E723F02003CBE701227E33DBB20F
S21403B74002FA03F313F00A1F31D113F0011F3FF47B
S21403B75098AE27202CE0012202FA03F3254A1A406A
S21403B7602ABB13F0041FF4D1DA077FF58AAEAB05C4
S21403B7702FD50121802011B0BDE8F04FFFF7EEBBB7
S21403B780652B1AD8622B12D8452B0CD8422B0ED811
S21403B790352B06D8322B0AD8252B08D9322BD8D0EE
S21403B7A06FE6422BFBE7552B05D8522BF7D92620FD
S21403B7B0FFF7FAFCDBE7622BF1E7952B3FF661AE6A
S21403B7C0812BBAD8722BC4D0733B022B3FF659AEEB
S21403B7D0EDE711B0BDE8F08F226504000169002093
S21403B7E0FD68002068730020C45900206A73002097
S21403B7F0326100203A00380004690020024B1878B2
S21403B800B0FA80F0400970470169002008B5064B7E
S21403B8104FF0FF311868FCF714FA0028B8BF03305E
S21403B82040F3870008BD00BFD859002008B5074B72
S21403B8301868FBF73BFD30B1054BB3FBF0F083B262
S21403B8400BB1184608BD0120FCE700BFD8590020FD
S21403B85040420F0038B510200C460121FFF77EFB4F
S21403B860064B1D68FFF7E2FF012200FB04F1044BC1
S21403B8702846FCF7CBF9002038BD00BFD859002076
S21403B88059B20300014800F004BC00BF3C65040045
S21403B890032A70B5144602D82C4B985C70BD81F011
S21403B8A0010519B90D2A07D1FF20F7E70D2A03D1A1
S21403B8B000780538C0B2F1E7084400F0C8FCC5F1CB
S21403B8C0040110F440660246C9B209D1042C0846A6
S21403B8D0E4D0052C16D112F0400F18BF0846DDE75A
S21403B8E0C5F10603042CD8B2D8D0B6F5006F03D141
S21403B8F0C5F10805E8B2ECE7B6F5406FE9D1C5F146
S21403B9000E05F7E712F4404107D1062CC6D0072CE4
S21403B910C4D0082C13D10130CCE755065CBF831C7A
S21403B920D8B2062CBAD0B1F5004F02D1831CD8B2D8
S21403B930EDE7B1F5404FEAD100F10803F7E7130747
S21403B94044BF0530C0B20C2CA8D9ADE710B1040033
S21403B950AC2370B5094C054603FB00435E6D26B960
S21403B96040F2FD31064800F094FBAC2303FB05448C
S21403B970002363653346BDE870401847DC59002052
S21403B9807965040010B40C461146AC22064B02FB44
S21403B9900033586D20B95C655DF8044BFFF75ABF5A
S21403B9A002205DF8044B7047DC590020AC22034BA1
S21403B9B002FB003393F8A800704700BFDC59002051
S21403B9C028B1034B1B68C01A4010013080B2704781
S21403B9D09C5A002030B1044B00F100401B6801382C
S21403B9E003EB4000704700BF9C5A0020064B1B68C1
S21403B9F0834206D8054B1B68834294BF0020012070
S21403BA0070470020704700BF9C5A0020985A0020B9
S21403BA1010B5044608B9002010BD00F075FC20B927
S21403BA2040F2CD41074800F034FB2046FFF7D2FF33
S21403BA300028F0D00388DB0B14BFD0F80A000830C8
S21403BA40EAE700BF5065040010B508B9002010BD32
S21403BA50FFF7C0FF044600F04EFC20B94FF49D618B
S21403BA60064800F016FB002CF0D02388DB0B0ABF39
S21403BA7060882089C0F30C00E9E700BF5065040026
S21403BA8038B5FFF7A7FF0D46044650B100F033FC68
S21403BA9020B940F24151034800F0FBFA023534F86E
S21403BAA0150038BD5065040070B5FFF793FF0C46CC
S21403BAB016460546B0B100F01EFC20B940F24D51C3
S21403BAC00C4800F0E6FA3046FFF784FF00F013FC5C
S21403BAD020B940F24E51074800F0DBFA023425F84D
S21403BAE0146070BD40F25251BDE87040014800F04A
S21403BAF0D0BA00BF506504002DE9F84307468846D0
S21403BB0000F069FB20B940F28E512A4800F0C1FAD2
S21403BB10FC1CA408284B64000434B7F5005F1E68B9
S21403BB20A4B204D340F29551224800F0B2FA00F0D2
S21403BB30BBF9224981460B687BB9214B1D68761BEE
S21403BB40C6F34F06B44227D90025484600F0A7F9A6
S21403BB502846BDE8F843FFF733BFB8F1000F11D00E
S21403BB60174A15685A1BC2F34F029442ECD814487E
S21403BB70620005EB44040460B8F1000F0FD11344D0
S21403BB800B600CE0F61AC6F34F0676B940F2A651E0
S21403BB90084800F07EFAD7E705EB44041C60002350
S21403BBA06F80AB80EB802B80CFE7B442CCD8044ABF
S21403BBB01568DCE750650400A05A0020885A002068
S21403BBC0985A002038B5054600F06EF90446294613
S21403BBD00448002200F0A5FB2046BDE8384000F0EC
S21403BBE05EB900BF3861002082684B4B2DE9F041F7
S21403BBF09A4204460E46056815D121B140F2131148
S21403BC00464800F046FA00F04FF923691BB92B6843
S21403BC102BB924612C60BDE8F04100F040B91A69E5
S21403BC2022611C61F6E700F02DFA8046FEF76AFAF9
S21403BC3020B14FF49571394800F02BFA6FF00043AA
S21403BC409E4221694BD22B7B08EB0602002B4DD07C
S21403BC50AB6893424AD1531C002949D06169994283
S21403BC6042D01EB9521AB2F1004F3DD9636123691F
S21403BC706E689C4203D19D21284800F00AFA2F469D
S21403BC800023B4420BD0002B41D172696169891A33
S21403BC90B1F1004F32D83269374694422CD122692B
S21403BCA0BD420CBF6A603A617BB92669B44203D1D0
S21403BCB0B8211A4800F0EDF93B46012E05D062691B
S21403BCC07169521AB2F1004F23D99D420BBF6B68BC
S21403BCD01A69236122610CBF6C601C6104E0434453
S21403BCE031B162699342C1D1BDE8F0811346B3E72F
S21403BCF06A6822616C60B9E71646C6E7A8EB0202DB
S21403BD00B2F1004FC7D93B4637463669B9E71F46F7
S21403BD10F9E733463669D0E72D5002006465040020
S21403BD200823064A12F8011B814205D0013B13F093
S21403BD30FF03F7D11846704701207047C1B10400CE
S21403BD400823064A12F8011B814205D0013B13F073
S21403BD50FF03F7D11846704701207047B9B10400B6
S21403BD6010B5082207490446E1F794FAB0FA80F0C2
S21403BD704FF6FF732289400940009A4208BF40F0FD
S21403BD80010010BDD2B1040030B504460D4685B09F
S21403BD9002B9084A1068516801AB03C301AB03CB71
S21403BDA020602046ADF80C501B886160238105B0E7
S21403BDB030BD00BF24EE0300002270B50A4B1C788A
S21403BDC00A4BD5B2AC4202D800200C7008E01E889D
S21403BDD00132864205D30D701B881B1A5842584100
S21403BDE070BD1233EDE700BF7E680020D8600020E8
S21403BDF010B5164B187860B1154C2368CBB14FF4C9
S21403BE00707200201349FFF7BDFD2368013B2360D2
S21403BE1010BDFFF7FBFC1049104A91F90040136868
S21403BE2084420B4C03F1010313602368B8BF087008
S21403BE3053B90B4800F09DFA0028E9D1BDE810403D
S21403BE4001460748FFF7D0BE0822DAE7516900200B
S21403BE50145B0020F1BD03004C6900200C5B00203E
S21403BE607C720020054B1B682BB9054B18680038FD
S21403BE7018BF012070470120704700BF045B0020F5
S21403BE80005B002010B962B6BFF36F8F7047EFF305
S21403BE90108072B67047302383F31188704780F39F
S21403BEA01188BFF36F8F7047EFF31180302383F34E
S21403BEB011887047002070474FF4004070474FF4D6
S21403BEC07A7070470122417803788A4030214B43C9
S21403BED041F2100103F1A04303F570335A50704743
S21403BEE0B0F5802F24D010D8B0F5003F22D006D866
S21403BEF028B3B0F5803F14BF012048207047B0F543
S21403BF00403F14BF01202C207047B0F5302F13D0CC
S21403BF1008D8B0F5E02F11D0B0F5202F14BF0120BC
S21403BF2010207047B0F57F0F14BF0120062070471E
S21403BF304B2070472A2070471120704721207047F6
S21403BF4008B570B100F022F84FF098435A6CD2024D
S21403BF50FCD5586D10F4702004D0BDE80840FFF7F8
S21403BF60BFBF212008BD08B528B128220021E0F76D
S21403BF7045FE002008BD2120FCE7036A042B9FBF73
S21403BF8000EB83020133D16003627047036A052B1B
S21403BF9014D84FF09842116CC902FCD504339B00A9
S21403BFA013650168103B11604168116050F8081F63
S21403BFB011604FF098420344984200D1704750F8FE
S21403BFC0041F1160F8E7836813B9816070475B68E4
S21403BFD05A68012AFBD15960704709B100F008B8C6
S21403BFE022207047012100F046B8002100F043B834
S21403BFF070B506460D46FFF757FF04461D2E37D885
S21403C000DFE806F00F18361C1E2036222436363696
S21403C0102628362A2C2E30363636363436363636FC
S21403C0203632FEF77FF8002628602046FFF737FFF4
S21403C030304670BD0120CFF7CDFAF4E70320FAE7C8
S21403C0400420F8E70C20F6E70220F4E70620F2E7E0
S21403C0500720F0E70820EEE70520ECE70920EAE7EB
S21403C0600A20E8E70D20E6E71020E4E70B20E2E7E6
S21403C07000202126D8E70020704708B5FEF7D6F83B
S21403C08080B208BD08B5FEF7D1F808BD704742DE9A
S21403C090704738B504460D4600F008F8FFF7FBFE78
S21403C0A029462046BDE83840FFF7F1BF704710B970
S21403C0B062B6BFF36F8F7047012070472DE9FF41CB
S21403C0C00D4616461F460446A8B14FF00008C0F8B2
S21403C0D01C80FEF7A3FCBDF82C30424602939DF865
S21403C0E028302946CDE9007320463346FEF75EFC2A
S21403C0F004B0BDE8F0812220FAE7F0B51F4600231E
S21403C10087B00D46164604468DF81730A8B1C361AE
S21403C1100DF11701FEF7A4FC9DF817207AB9BDF8B8
S21403C1203430294602939DF830302046CDE900731B
S21403C1303346FEF73BFC07B0F0BD2220FBE70320A7
S21403C140F9E738B5FFF7B0FE054600F016F80446E3
S21403C1502846FFF7A4FE204638BD4FF0B04301281B
S21403C1605B6904D0022805D1C3F3C000704703F00F
S21403C170010070470020704770474FF0B0439A6A3B
S21403C1801207FCD4186A7047704708B5FFF7FCFF20
S21403C19000F01DF808BD10B5FFF779FE012104462F
S21403C1A00846FEF7DFF82046BDE81040FFF76ABEF4
S21403C1B010B5044600F012F82046FAF7F7FF2046BB
S21403C1C0F8F72CF9BDE81040F9F7EFBC704708B54F
S21403C1D0FFF7FCFF08BD012070477047002070473B
S21403C1E030B589B00446ADF806108DF81020FFF779
S21403C1F097FD05462046FFF7A3FD03469DB1BDF810
S21403C2000600ABB900F0BAF8FF2808BF00200DF10E
S21403C2100F038DF80F001A46204604990593FEF780
S21403C22025FE09B030BD0028F5D00DF10603F2E770
S21403C23000F0A4F8FF2808BF0020BDF806308DF8EC
S21403C2400F00ADF81A308DF8180006ABE3E7008848
S21403C25070470170090A417070470120704701203A
S21403C260704738B5DFF70AFC0446D4F739FC051ED9
S21403C27018BF2546D4F706FD041E18BF2C46FFF745
S21403C280ECFF002818BF204638BD38B5FEF7BAF9CC
S21403C2900446F7F7C3FA04281ED002284FF0000519
S21403C2A008BF0124F8F762F9042817D0022808BF4C
S21403C2B00124F7F7F2FE042812D0022808BF01244F
S21403C2C0FFF7CDFF04280DD0022808BF0124002D58
S21403C2D018BF0024204638BD0125E3E70125E8E71B
S21403C2E00125EDE70024F5E7FF20704708B5FFF7C3
S21403C2F0FBFF002008BD08B520B1FFF777FB00F071
S21403C300010008BD0120FAE708B5FFF763FBBDE8A7
S21403C3100840FFF7F0BF008810B1C9B2FFF7B0BB03
S21403C32070472DE9F041B0F8008006460C46D5B2BA
S21403C330B8F1000F11D029464046FFF7A1FB22466D
S21403C340074629464046FFF7AFFB3A4629462046AE
S21403C350FFF7AAFB3480BDE8F0810F46F5E70346F6
S21403C3601B8808468B4202D00021FFF789BB0020BA
S21403C37070470069003818BF0120704700207047D7
S21403C380F8B506460D46FFF7EBFC0328044621D016
S21403C3902846FFF7E5FC032807461BD010F00203E8
S21403C3A018D1A0070DD5F90716D401233C43E2079D
S21403C3B004D431892A89914218BF002303F001006F
S21403C3C0F8BD082229463046E0F764FFB0FA80F34A
S21403C3D05B09EBE70020F3E71846F1E770B50D4677
S21403C3E000210646FFF797FF044630B1FFF710FB20
S21403C3F001462846FFF7C4FF08B1204670BD214614
S21403C4003046FFF7ACFFEFE707B50DF10701FFF77F
S21403C410D3FC20B19DF8070003B05DF804FBFF20B2
S21403C420FAE700207047FF207047FF207047FF2081
S21403C4307047002070470020002170470020704797
S21403C4402DE9F84307460846154688461C469DF8D8
S21403C4502090FFF7DDFA4619A4B19EB14046FFF7D8
S21403C460F3FA254485420FDC2246B9F1000F06D1C4
S21403C47031463846E0F714FC0020BDE8F883394619
S21403C4803046F7E72120F8E71D20F6E70000000016
S21403C4900000000000000000000000000000000094
S21403C4A0F8B500BFF8BC08BC9E467047F8B500BF99
S21403C4B0F8BC08BC9E4670475FF800F0216B00206E
S21403C4C05FF800F0856A002049676E6F72696E67D1
S21403C4D0204D4355206C65617665207265717565E0
S21403C4E073743A20616C7265616479206A6F696E51
S21403C4F065640D0A004D4355206C656176652072B0
S21403C500657175657374207768696C6520756E6AE6
S21403C5106F696E65643A2072657374617274696ECE
S21403C52067207374656572696E670D0A00446576E5
S21403C5306963652074797065206368616E6765203A
S21403C54064657465637465643A202564202D3E2013
S21403C55025640D0A00507265737320646574656301
S21403C5607465640D0A004D756C746920707265738A
S21403C570732064657465637465643A2025640D0AE4
S21403C5800052656C656173652064657465637465E4
S21403C590640D0A004C6F6E672070726573732064B7
S21403C5A0657465637465640D0A0072656C61795F12
S21403C5B073746172745F6C61746368696E675F70CD
S21403C5C0756C73653A20616E6F746865722070755A
S21403C5D06C7365206973206163746976650D0A0060
S21403C5E072656C61795F6F6E0D0A0072656C6179B6
S21403C5F05F6F66660D0A0072656C61795F746F67BC
S21403C600676C650D0A0057726974696E6720636FFD
S21403C6106E66696720746F206E763A2025730D0A5E
S21403C6200053697A653A2025640D0A004661696CF1
S21403C630656420746F207772697465204445564993
S21403C64043455F434F4E4649475F44415441207438
S21403C6506F204E562C207374617475733A202564CC
S21403C6602E202862797465733A202564290D0A0002
S21403C67073756363657373210D0A004661696C65A0
S21403C6806420746F2072656164204E565F4954457A
S21403C6904D5F4445564943455F434F4E4649472CF5
S21403C6A0207573696E672064656661756C742063B4
S21403C6B06F6E66696720696E73746561642C207398
S21403C6C074617475733A2025642E20286279746524
S21403C6D0733A202564290D0A005573696E67206333
S21403C6E06F6E6669673A20256420636861727320FB
S21403C6F066726F6D0D0A25730D0A00626D7A666A9F
S21403C7006E62703B5453303031312D4D48423B53AB
S21403C7104134753B52443144303B494136693B4DC5
S21403C7203B0057726974696E6720647020636F6E8E
S21403C73066696720746F206E763A2025730D0A00AB
S21403C7404661696C656420746F207772697465202E
S21403C75044505F434F4E46494720746F204E562C35
S21403C760207374617475733A2025642E20286279C9
S21403C7707465733A202564290D0A005573696E673C
S21403C78020647020636F6E6669673A2025642063B1
S21403C790686172732066726F6D0D0A25730D0A0049
S21403C7A057726974696E672064657669636520638A
S21403C7B06F6E6669672065787420746F206E763AAC
S21403C7C02025730D0A004661696C656420746F202A
S21403C7D07772697465204445564943455F434F4E17
S21403C7E04649475F45585420746F204E562C207395
S21403C7F074617475733A2025642E202862797465F3
S21403C800733A202564290D0A005573696E67206400
S21403C810657669636520636F6E66696720657874FD
S21403C8203A2025642063686172732066726F6D0D0B
S21403C8300A25730D0A006465766963655F636F6E28
S21403C8406669675F657874207472756E6361746574
S21403C850643A202564206F66202564206279746517
S21403C8607320646964206E6F74206669740D0A0011
S21403C8704E6574776F726B2073746174757320637F
S21403C88068616E67656420746F2025640D0A004D29
S21403C890616E75666163747572657220746F6F205E
S21403C8A06269670D0A004D6F64656C20746F6F20B4
S21403C8B06269670D0A00546F6F206D616E7920728E
S21403C8C0656C6179732C2069676E6F72696E672079
S21403C8D025730D0A00496E697469616C697A696E1D
S21403C8E067205A69676265652077697468202564DE
S21403C8F02073776974636865732C202564207265DA
S21403C9006C6179732C2025642064696D6D65727380
S21403C9102C20256420636F766572207377697463B1
S21403C9206865732C20256420636F766572730D0A21
S21403C93000436F6E66696720706172736564207367
S21403C94075636365737366756C6C790D0A0072653F
S21403C95061642076657273696F6E20666F726D20F0
S21403C9606E6577206C6F636174696F6E0D0A00469F
S21403C97061696C656420746F207772697465206CD6
S21403C9806173745365656E56657273696F6E207452
S21403C9906F204E562C2073743A2025640D0A004FE0
S21403C9A06C642076657273696F6E3A2025640D0A8F
S21403C9B00043757272656E742076657273696F6E66
S21403C9C03A2025640D0A00524553455420414C4CE9
S21403C9D0210D0A0068616C5F6770696F5F63616C45
S21403C9E06C6261636B3A2065787469206C696E6566
S21403C9F020256C642073746174757320256C750D23
S21403CA000A0068616C5F6770696F5F63616C6C6274
S21403CA1061636B3A206E6F206672656520455854D5
S21403CA2049206C696E65730D0A002F686F6D652F5C
S21403CA3072756E6E65722F776F726B2F7475796170
S21403CA402D7A69676265652D7377697463682F74D9
S21403CA507579612D7A69676265652D737769746385
S21403CA60682F73696C6162735F746F6F6C732F7377
S21403CA70696D706C69636974795F73646B2F2E2EAE
S21403CA802F2E2E2F7372632F73696C6162732F6858
S21403CA90616C2F7A69676265652E630044726F70F6
S21403CAA070696E67206F6C64204F544120696D6116
S21403CAB067652C2063757272656E74206F66667385
S21403CAC065743A20256C750A00556E6B6E6F776E2B
S21403CAD020636F76657220636F6D6D616E643A20B6
S21403CAE025640D0A00556E6B6E6F776E20636D645A
S21403CAF02025640D0A00427574746F6E207072658B
S21403CB0073732064657465637465642C206275743E
S21403CB10206E6F20627574746F6E20697320707256
S21403CB2065737365640D0A00427574746F6E206CCA
S21403CB306F6E6720707265737320646574656374C3
S21403CB4065642C20627574206E6F20627574746F32
S21403CB506E206973206C6F6E6720707265737365E1
S21403CB60640D0A004E6F20636F76657220737769D3
S21403CB7074636820636F6E66696720696E204E561D
S21403CB802C207573696E672064656661756C7473B3
S21403CB900D0A0064705F617474723A2062616420E7
S21403CBA0656E7472792061742025640D0A006470C2
S21403CBB05F617474723A20256420617474726962CA
S21403CBC0757465287329206D61707065640D0A009D
S21403CBD0417474726962757465206368616E676513
S21403CBE0642C2065703A2025642C20636C7573745E
S21403CBF065723A2025642C20617474723A20256489
S21403CC000D0A00506F6C6C20636F6E74726F6C3A13
S21403CC102073656E64696E6720636865636B2D6950
S21403CC206E0D0A005A434C20616374697669747901
S21403CC302C20656E746572696E6720666173742056
S21403CC40706F6C6C0D0A00506F6C6C20636F6E74A3
S21403CC50726F6C3A20636865636B2D696E2072652C
S21403CC6073706F6E73652C20666173743D25642C38
S21403CC702074696D656F75743D25640D0A00506FE9
S21403CC806C6C20636F6E74726F6C3A20666173749B
S21403CC9020706F6C6C2073746F700D0A00506F6C8D
S21403CCA06C20636F6E74726F6C3A20736574206CBD
S21403CCB06F6E6720706F6C6C20696E746572766138
S21403CCC06C3D256C750D0A00506F6C6C20636F6E9F
S21403CCD074726F6C3A207365742073686F72742075
S21403CCE0706F6C6C20696E74657276616C3D25643A
S21403CCF00D0A00506F6C6C20636F6E74726F6C3A23
S21403CD0020636865636B2D696E20696E7465727641
S21403CD10616C207772697474656E3D256C750D0AB7
S21403CD2000506F6C6C20636F6E74726F6C3A206980
S21403CD306E76616C696420636865636B2D696E202B
S21403CD40696E74657276616C2C2072657665727492
S21403CD50696E670D0A00506F6C6C20636F6E747299
S21403CD606F6C3A206661737420706F6C6C20746904
S21403CD706D656F7574207772697474656E3D25648E
S21403CD800D0A00506F6C6C20636F6E74726F6C3A92
S21403CD90206661737420706F6C6C2074696D656FA8
S21403CDA075742C20737769746368696E6720746F73
S21403CDB0206C6F6E6720706F6C6C0D0A00556E6B7F
S21403CDC06E6F776E204C6576656C4374726C206369
S21403CDD06F6D6D616E643A2025640D0A00556E6BA7
S21403CDE06E6F776E204F6E4F666620636F6D6D6154
S21403CDF06E643A2025640D0A00496E6465782061E6
S21403CE007420777269746520617474723A2025649D
S21403CE100D0A004E6F2073776974636820636F6E24
S21403CE2066696720696E204E562C207573696E6797
S21403CE302064656661756C74730D0A00496E7661CD
S21403CE406C69642072656C61795F696E64657820CD
S21403CE50256420696E204E562C20726573657474A3
S21403CE60696E6720746F2064656661756C740D0A5D
S21403CE7000436C6F636B207365742066726F6D205E
S21403CE80636F6F7264696E61746F723A2025750DF5
S21403CE900A005365636F6E64617279204D435520B3
S21403CEA06C696E6B20737475636B2C207265696E88
S21403CEB0697469616C6973696E6720554152540DD4
S21403CEC00A003E2000556E6B6E6F776E2065727299
S21403CED06F7200496E70757420627566666572209F
S21403CEE069732046554C4C004D6178696D756D200D
S21403CEF06E756D626572206F6620617267756D650B
S21403CF006E7473206578636565646564005468654C
S21403CF1020617267756D656E74206973206E6F7419
S21403CF2020666F726D617474656420636F727265D8
S21403CF3063746C7900496E636F7272656374206103
S21403CF407267756D656E74207479706500496E63DB
S21403CF506F7272656374206E756D626572206F669C
S21403CF6020617267756D656E7473004E6F20636F14
S21403CF706D6D616E6420666F756E640075696E74A0
S21403CF8038006164646974696F6E616C002A0075A9
S21403CF906E6B6E6F776E0077696C646361726400A4
S21403CFA06865786F707400737472696E676F7074F7
S21403CFB00075696E7433326F70740075696E743100
S21403CFC0366F70740075696E74386F7074006865B8
S21403CFD07800737472696E670075696E7431360013
S21403CFE075696E743332002E2E2E200068656C70C1
S21403CFF0000A25730A257325730025732008002F5E
S21403D000686F6D652F72756E6E65722F776F726BB4
S21403D0102F747579612D7A69676265652D737769F3
S21403D0207463682F747579612D7A69676265652DF7
S21403D0307377697463682F73696C6162735F746F67
S21403D0406F6C732F73696D706C69636974795F7342
S21403D050646B2F706C6174666F726D2F7365727676
S21403D0606963652F6C65676163795F68616C2F73AD
S21403D07072632F626173652D7265706C6163656D93
S21403D080656E742E63002F686F6D652F72756E6EF6
S21403D09065722F776F726B2F747579612D7A696756
S21403D0A06265652D7377697463682F747579612D6E
S21403D0B07A69676265652D7377697463682F736928
S21403D0C06C6162735F746F6F6C732F73696D706CD2
S21403D0D069636974795F73646B2F706C6174666FD0
S21403D0E0726D2F736572766963652F746F6B656EE9
S21403D0F05F6D616E616765722F6C65676163792F1B
S21403D1007372632F736C5F746F6B656E5F6D616EA6
S21403D110616765722E63002F686F6D652F72756E7B
S21403D1206E65722F776F726B2F747579612D7A69BE
S21403D130676265652D7377697463682F74757961A3
S21403D1402D7A69676265652D7377697463682F73D3
S21403D150696C6162735F746F6F6C732F73696D7044
S21403D1606C69636974795F73646B2F706C61746642
S21403D1706F726D2F736572766963652F746F6B6557
S21403D1806E5F6D616E616765722F6C65676163794B
S21403D1902F7372632F736C5F746F6B656E5F6D6155
S21403D1A06E75666163747572696E672E6300437588
S21403D1B07272656E7420436F6E6669673A20253017
S21403D1C0780053657420434341206D6F6465207473
S21403D1D06F2025643A2025307800656E61626C65A1
S21403D1E0640064697361626C6564006F75742863B8
S21403D1F06C69656E742900696E202873657276659E
S21403D2007229004D464720537472696E673A20258B
S21403D21073004170704275696C646572204D4647B1
S21403D22020436F64653A20307825303458006E6F9B
S21403D2306465205B004164646974696F6E616C2089
S21403D240696E746572666163657300202025643AAF
S21403D250200070616765205B25645D206368616EEE
S21403D260205B25645D20707772205B25645D006E0D
S21403D2706F7420616374697665006572726F7220DD
S21403D2803078253038580070616E4944205B30781A
S21403D290253034585D206E6F64654944205B3078D2
S21403D2A0253034585D20007870616E205B3078003E
S21403D2B0706172656E744944205B3078253034584B
S21403D2C05D20706172656E7452737369205B2564AA
S21403D2D05D006E6F646554797065205B005365630B
S21403D2E07572697479206C6576656C205B253032BF
S21403D2F0585D006E6574776F726B20737461746526
S21403D300205B253032585D200042756666657220C4
S21403D31062797465733A202564202F2025640045BE
S21403D3207020636E743A202564006570202564209F
S21403D3305B656E64706F696E742025732C2064655C
S21403D340766963652025735D20006E776B205B2509
S21403D350645D2070726F66696C65205B307825307B
S21403D36034585D206465764964205B307825303414
S21403D370585D20766572205B3078253032585D0024
S21403D38020202020257320636C75737465723A2001
S21403D39030782530345820004E776B20636E743A0D
S21403D3A0202564006E776B202564205B25735D0063
S21403D3B05072696D617279202870726F290020207F
S21403D3C06E6F646554797065205B3078253032580B
S21403D3D05D002020736563757269747950726F6699
S21403D3E0696C65205B3078253032585D00455020E7
S21403D3F025643A20257320004572726F723A202006
S21403D400556E6B6E6F776E20656E64706F696E74A3
S21403D4102E00456E61626C65206576656E742064C9
S21403D4206562756720696E666F20696E20436F724A
S21403D4306520434C4920636F6D706F6E656E740094
S21403D4406F6E6C7920636F6F7264696E61746F724E
S21403D450732063616E20666F726D0A006A6F696E71
S21403D460203078253038580A006C656176650025CB
S21403D47073203078253032580A0072656A6F696EF9
S21403D4800072656A6F696E446966664465766963A9
S21403D4906554797065006578742E2050414E204996
S21403D4A0443A20004E574B206F70656E3A20257520
S21403D4B020736563004E574B20636C6F736564007F
S21403D4C066696E64206A6F696E61626C653A2030C5
S21403D4D078253032580066696E6420756E757365FC
S21403D4E0643A20307825303258004368616E6769A5
S21403D4F06E6720746F206368616E6E656C202564AA
S21403D5003A2030782530325800696E76616C69644B
S21403D510206E6574776F726B20696E64657800534E
S21403D520686F72742049443A203078253034582C7A
S21403D5302045554936343A20002C2050616E204948
S21403D540443A203078253034580053746172746539
S21403D55064206D756C74692D70687920696E7465C6
S21403D5607266616365004661696C656420746F204A
S21403D5702573202573203078253032580054657281
S21403D5806D696E61746564202573203078253032AA
S21403D59058004B65657020616C69766520737570FD
S21403D5A0706F727420656E61626C65642E006661CE
S21403D5B0696C656420746F20736574206B65657091
S21403D5C020616C697665206D6F64652E00737563E4
S21403D5D06365737366756C6C792073657420746801
S21403D5E065206368696C642074696D656F75742063
S21403D5F06F7074696F6E206D61736B2E0066616960
S21403D6006C656420746F207365742074686520638A
S21403D61068696C642074696D656F7574206F7074C7
S21403D620696F6E206D61736B2E00646973636F762A
S21403D6306572004D61746368202573792066726F86
S21403D6406D203078253034582C20657020256400F2
S21403D6504E574B2041646472657373207265737012
S21403D6606F6E73653A203078253034580049454547
S21403D67045204164647265737320726573706F6EC0
S21403D68073653A200053657276696365202573795E
S21403D69020646F6E652E0023202074797065202029
S21403D6A0206E776B20206C6F6320202072656D20C0
S21403D6B02020636C75732020206E6F646520202005
S21403D6C065756900202025642020202030782530C9
S21403D6D034582020307825303458202030782530B0
S21403D6E03458203078253034582000736C5F7A69BC
S21403D6F0676265655F6765745F62696E64696E67B6
S21403D700204572726F723A203078253038580A00F6
S21403D7102564206F662025642062696E64696E67DF
S21403D72073207573656400656E61626C6564207052
S21403D73072696E740064697361626C6564207072EA
S21403D740696E7400616464206C696E6B206B657926
S21403D750004552523A2043616C63756C617465648C
S21403D7602043524320646F6573206E6F74206D618F
S21403D770746368004552523A20496E7374616C6C48
S21403D78020436F6465206D75737420626520382CA2
S21403D7902031302C2031342C206F72203138206217
S21403D7A07974657320696E206C656E6774680045CE
S21403D7B052523A204145532D4D4D4F2068617368B0
S21403D7C0206661696C65643A2030782530325800EB
S21403D7D0536574206A6F696E696E67206C696E6B39
S21403D7E0206B6579007365742062696E6420256416
S21403D7F03A2030782530327800454D50545900553C
S21403D8004E494341004D324F4E45004D554C544909
S21403D810003F2020202000496E6465782049454556
S21403D82045204164647265737320202020202020E5
S21403D83020204E574B496E6465782020496E20465B
S21403D84043202020202054544C28732920466C6102
S21403D85067202020204B6579202020200025642087
S21403D8602020202000202025642020202020202087
S21403D87000202025303858202000203078253034EA
S21403D88058202000496E6465782049454545204167
S21403D8906464726573732020202020202020204992
S21403D8A06E20464320202020205479706520204196
S21403D8B075746820204B6579002D202020202000D9
S21403D8C02563202020202025632020202020006997
S21403D8D06573005741524E494E473A202052454100
S21403D8E044494E47204F46204B45592056414C55F8
S21403D8F045532044495341424C4544204259204D08
S21403D900464720544F4B454E004E574B204B6579A8
S21403D910002573206F75742046433A202530385807
S21403D92000257320736571206E756D3A2030782557
S21403D930303258002573206F75742046433A2025ED
S21403D9403038780054432025732000257320546113
S21403D950626C650025642F256420656E74726965A4
S21403D9607320757365642E005472616E7369656EF9
S21403D97074204B657900256420656E7472257320C8
S21403D980636F6E73756D696E6720256420706163BF
S21403D9906B65742062756666657225732E0057493B
S21403D9A04C4C0057494C4C204E4F540054727573E0
S21403D9B0742043656E74657220257320616C6C6FEA
S21403D9C0772074727573742063656E746572207243
S21403D9D0656A6F696E73207573696E672077656C09
S21403D9E06C2D6B6E6F776E206B65792E00536574A6
S21403D9F02074696D656F757420666F722054727536
S21403DA0073742043656E7465722072656A6F696EFF
S21403DA1073207573696E672077656C6C2D6B6E6FFC
S21403DA20776E206C696E6B206B657920746F20258A
S21403DA3064207365636F6E64732E004552524F52B3
S21403DA403A20002573737461636B206D75737420BD
S21403DA50626520646F776E2E0052656164696E6737
S21403DA6020416C6C6F7765640048617368696E6704
S21403DA70206F6E6C7900736C5F7A69676265655FA9
S21403DA806B65795F73657474696E67735F743A2048
S21403DA903078253034580020205065726D697373D2
S21403DAA0696F6E733A202573004572726F723A205F
S21403DAB04661696C656420746F2067657420636FC4
S21403DAC06E6669672C207374617475733A203078B8
S21403DAD025303858004661696C65643A20307825ED
S21403DAE0303858004D73673A20636C75732030786E
S21403DAF0253034582C20636D642030782530325816
S21403DB002C206C656E202564006275666665723A25
S21403DB102000454D4245525F0025735345435552F9
S21403DB204954595F4C4556454C3A202530325800E7
S21403DB3025736572617365206B65792025643A20C9
S21403DB4030782530385800636D64206E6F74206219
S21403DB5075696C74007372632065702025303278A3
S21403DB602C20636C757320253034780073656E64DF
S21403DB70696E6720746F206D756C74696361737466
S21403DB802062696E640025733A2065703A20256426
S21403DB902C20636C3A203078253034582C2061745E
S21403DBA074723A20307825303458002C20737672FD
S21403DBB03A2025630025733A20726561643A203063
S21403DBC07825303278002C207376723A2025632C21
S21403DBD02064747970653A203078253032580041D5
S21403DBE07267756D656E7420617420696E646578FE
S21403DBF03A202564206973206F7574206F6620723F
S21403DC00616E676500436F6D6D616E6420616C7253
S21403DC1065616479206275696C742E202043616E99
S21403DC206E6F7420736574204D464720737065636A
S21403DC306966696320636F646520666F7220636F2D
S21403DC406D6D616E642E004D464720436F646520FC
S21403DC5053657420666F72206E65787420636F6DEB
S21403DC606D616E643A2030782530345800557365FC
S21403DC70204E6578742053657175656E6365205311
S21403DC80657420666F72206E65787420636F6D6DA1
S21403DC90616E643A203078253032580044697361E7
S21403DCA0626C652044656661756C7420526573709A
S21403DCB06F6E73652053657420666F72206E657889
S21403DCC07420636F6D6D616E643A20307825303250
S21403DCD058004552523A2072656164696E67206146
S21403DCE07474726962757465202530327800455203
S21403DCF0523A206174747269627574652073697A26
S21403DD006520256420746F6F206C617267652066DA
S21403DD106F7220627566666572004572726F723A3C
S21403DD202061747472696275746520494420307882
S21403DD3025303458207265706F727461626C65208A
S21403DD406368616E67652069732073697A65202549
S21403DD5064422C206275742025644220656E7465C7
S21403DD607265640A006E6F20636D64004572726F9D
S21403DD70723A20434C492053656E64206661696C91
S21403DD8065642C207374617475733A20307825307B
S21403DD903858004572726F723A202045554936341A
S21403DDA020617267756D656E7420697320656D708A
S21403DDB0747920616E64206C6F6F6B757020627966
S21403DDC0206E6F6465204944206661696C65642E25
S21403DDD00047726F757000556E6963617374005502
S21403DDE06E62696E64202573202573307825303281
S21403DDF05800526571756573743A20005A444F2073
S21403DE0073696D706C652064657363207265712039
S21403DE1025303278005A444F206E6F64652064655F
S21403DE207363207265712025303278005A444F2080
S21403DE306D61746368206465736320726571202561
S21403DE40303258005573696E67206D79206C6F63A6
S21403DE50616C20455549363420666F7220646573BD
S21403DE607420455549363420696E2062696E6469AC
S21403DE706E67005A444F2062696E64207265712093
S21403DE802530327800636C7573746572206C696D27
S21403DE906974207265616368656400696E76616C97
S21403DEA0696420706167653A202564206F72206379
S21403DEB068616E6E656C3A202564004368616E6720
S21403DEC065206368616E6E656C2073746174757328
S21403DED03A20307825303278006475726174696F41
S21403DEE06E206D75737420626520696E2072616E94
S21403DEF067652030202D203500636F756E74206DA6
S21403DF0075737420626520696E2072616E67652082
S21403DF1031202D2038007363616E2073746174752D
S21403DF207320307825303258006E6574776F726BC5
S21403DF3020757064617465207365742073746174EE
S21403DF4075732030782530325800416374697665DE
S21403DF5020455020726571756573742073746174FF
S21403DF6075733A20307825303258004C5149205486
S21403DF7061626C6520726571756573743A203078DA
S21403DF80253032580042696E64696E6720546162B8
S21403DF906C6520726571756573743A203078253028
S21403DFA03258004C6561766520257330782530320B
S21403DFB05800506F77657220446573637269707496
S21403DFC06F72202573307825303258005573696E8A
S21403DFD067206D79206C6F63616C20455549363434
S21403DFE020666F7220646573742045554936342065
S21403DFF0696E20756E62696E64696E6700526F752E
S21403E0007465205461626C65202573307825303240
S21403E01058002F686F6D652F72756E6E65722F7759
S21403E0206F726B2F747579612D7A69676265652DDA
S21403E0307377697463682F747579612D7A6967627B
S21403E04065652D7377697463682F73696C61627392
S21403E0505F746F6F6C732F73696D706C696369742B
S21403E060795F73646B2F70726F746F636F6C2F7A44
S21403E07069676265652F6170702F6672616D65777B
S21403E0806F726B2F636F6D6D6F6E2F736C5F7A6934
S21403E090676265655F73797374656D5F636F6D6DD6
S21403E0A06F6E2E6300457874656E646564205265F2
S21403E0B073657420696E666F3A203078253034585D
S21403E0C02028257329002F686F6D652F72756E6E75
S21403E0D065722F776F726B2F747579612D7A696706
S21403E0E06265652D7377697463682F747579612D1E
S21403E0F07A69676265652D7377697463682F7369D8
S21403E1006C6162735F746F6F6C732F73696D706C81
S21403E11069636974795F73646B2F70726F746F636E
S21403E1206F6C2F7A69676265652F6170702F6672F0
S21403E130616D65776F726B2F636F6D6D6F6E2F7A80
S21403E14069676265655F6170705F6672616D65774A
S21403E1506F726B5F736C6565702E630053746179C1
S21403E160206177616B65207768656E206E6F74201B
S21403E1706A6F696E65643A20257300466F7263653D
S21403E180642073746179206177616B653A2020207F
S21403E19020202020202020257300466F7263696E9E
S21403E1A0672064657669636520746F20737461798C
S21403E1B0206177616B6500416C6C6F77696E6720D1
S21403E1C064657669636520746F20676F20746F20BB
S21403E1D0736C656570002F686F6D652F72756E6E54
S21403E1E065722F776F726B2F747579612D7A6967F5
S21403E1F06265652D7377697463682F747579612D0D
S21403E2007A69676265652D7377697463682F7369C6
S21403E2106C6162735F746F6F6C732F73696D706C70
S21403E22069636974795F73646B2F70726F746F635D
S21403E2306F6C2F7A69676265652F6170702F6672DF
S21403E240616D65776F726B2F636F6D6D6F6E2F7A6F
S21403E25069676265655F737461636B5F736C65653D
S21403E260702E630052583A205265736574546F4695
S21403E2706163746F727944656661756C7473436128
S21403E2806C6C6261636B00657A737020636F756E86
S21403E29074657273206661696C6564202575006514
S21403E2A07A73702052657365742054687265736858
S21403E2B06F6C64206572726F7220257500657A73C1
S21403E2C07020536574205468726573686F6C64209D
S21403E2D06572726F72202575002575292025733A9D
S21403E2E02025750053657474696E672054687265DB
S21403E2F073686F6C6420636F6D6D616E64003F3F7F
S21403E3003F004D6163205278204263617374004D71
S21403E3106163205478204263617374004D61632007
S21403E3205278205563617374004D616320547820DE
S21403E3305563617374004D6163205478205563619F
S21403E3407374205265747279004D6163205478208B
S21403E3505563617374204661696C004150532052C3
S21403E36078204263617374004150532054782042EE
S21403E3706361737400415053205278205563617370
S21403E38074004150532054782055636173742053AE
S21403E3907563636573730041505320547820556347
S21403E3A06173742052657472790041505320547817
S21403E3B0205563617374204661696C00526F7574EF
S21403E3C065204469736320496E6974696174656482
S21403E3D0004E65696768626F722041646465640015
S21403E3E04E65696768626F722052656D6F76656405
S21403E3F0004E65696768626F72205374616C6500CE
S21403E4004A6F696E20496E6469636174696F6E0052
S21403E4104368696C64204D6F7665640041534820F9
S21403E4204F766572666C6F7700415348204672617B
S21403E4306D65204572726F7200415348204F7665B2
S21403E4407272756E204572726F72004E574B20467D
S21403E45043204661696C75726500415053204643FC
S21403E460204661696C7572650041534820584F66B3
S21403E470660041505320556E617574686F72697AF1
S21403E4806564204B6579004E574B2044656372796B
S21403E4907074204661696C75726573004150532031
S21403E4A044656372797074204661696C757265732E
S21403E4B0005061636B657420427566666572204121
S21403E4C06C6C6F63617465204661696C7572657305
S21403E4D00052656C617965642055636173740050FE
S21403E4E0687920746F204D414320717565756520EA
S21403E4F06C696D6974207265616368656400506158
S21403E500636B65742056616C69646174652064721C
S21403E5106F7020636F756E74004E574B2072657470
S21403E5207279206F766572666C6F7700434341207D
S21403E5304661696C757265730042726F61646361EC
S21403E5407374207461626C652066756C6C0050543D
S21403E55041204C6F2050726920526571005054411F
S21403E560204869205072692052657100505441203A
S21403E5704C6F205072692044656E69656400505480
S21403E58041204869205072692044656E69656400BD
S21403E590505441204C6F20507269205478204162B9
S21403E5A07274005054412048692050726920547890
S21403E5B02041627274004164647265737320436F12
S21403E5C06E666C6963742053656E740043534C2007
S21403E5D05278207363686564756C65206661696C40
S21403E5E06564000D004465627567207072696E7419
S21403E5F02067726F75702025730A0057726F6E67F7
S21403E60020706172616D657465720A005363686594
S21403E61064756C65206D6F7665206E776B00257369
S21403E6202025643A202564004D6178206D6F766559
S21403E630206C696D69742072656163686564206E19
S21403E640776B2025643A20256400456E6420446574
S21403E6507669636520506F6C6C20496E666F726DC9
S21403E6606174696F6E00454D4245525F454E445F87
S21403E6704445564943455F54494D454F55543A2002
S21403E680202020202020256400506F6C6C20636FB0
S21403E6906D706C657465642063616C6C6261636B3A
S21403E6A03A20257300202043757272656E742050DD
S21403E6B06F6C6C20496E74657276616C202871737A
S21403E6C0293A202020256C640020204C6F6E67209A
S21403E6D0506F6C6C20496E74657276616C2028717D
S21403E6E073293A202020202020256C640020205304
S21403E6F0686F727420506F6C6C20496E7465727606
S21403E700616C20287173293A2020202020256C6410
S21403E71000202057616B652054696D656F75742002
S21403E720287173293A202020202020202020202012
S21403E73020256C6400202057616B652054696D6545
S21403E7406F7574204269746D61736B3A20202020C4
S21403E750202020202030782530385800202043758C
S21403E7607272656E7420417070205461736B733AD5
S21403E7702020202020202020202020203078253014
S21403E780385800202043757272656E7420506F6C83
S21403E7906C20436F6E74726F6C2020202020202024
S21403E7A0202020257300202044656661756C742044
S21403E7B0506F6C6C20436F6E74726F6C2020202039
S21403E7C0202020202020257300466F7263696E6721
S21403E7D02064657669636520746F2073686F72744E
S21403E7E020706F6C6C00416C6C6F77696E67206489
S21403E7F0657669636520746F206C6F6E6720706F33
S21403E8006C6C00534C5F5A49474245455F41465F2F
S21403E8104C4F4E475F504F4C4C00534C5F5A494742
S21403E8204245455F41465F53484F52545F504F4CF5
S21403E8304C00706F6C6C206E776B2025643A20302A
S21403E84078253032580046696E6420616E64204233
S21403E850696E6420496E69746961746F723A204305
S21403E8606F6D706C6574653A2030782530325800C9
S21403E8705374617274207461726765740046696EBE
S21403E8806420616E642042696E6420546172676519
S21403E890740025733A2025733A2030782530325891
S21403E8A000467261676D656E746174696F6E20529F
S21403E8B0582077696E646F772073697A652073656D
S21403E8C07420746F202564002F686F6D652F727532
S21403E8D06E6E65722F776F726B2F747579612D7AF2
S21403E8E069676265652D7377697463682F747579D4
S21403E8F0612D7A69676265652D7377697463682F1E
S21403E90073696C6162735F746F6F6C732F73696D79
S21403E910706C69636974795F73646B2F70726F745C
S21403E9206F636F6C2F7A69676265652F6170702FEE
S21403E9306672616D65776F726B2F706C7567696E43
S21403E9402F667261676D656E746174696F6E2F668C
S21403E9507261676D656E746174696F6E2E630052C3
S21403E960583A2041646447726F7570526573706FCE
S21403E9706E7365203078253032582C203078253059
S21403E98034580052583A205669657747726F757047
S21403E990526573706F6E7365203078253032582C4D
S21403E9A0203078253034582C20220052583A2047FD
S21403E9B0657447726F75704D656D626572736869CD
S21403E9C070526573706F6E736520307825303258D9
S21403E9D02C203078253032582C00205B30782530B8
S21403E9E034585D0052583A2052656D6F766547720B
S21403E9F06F7570526573706F6E736520307825304F
S21403EA0032582C203078253034580065705B25301A
S21403EA1032585D2069645B253034585D00436C656D
S21403EA206172696E6720616C6C2067726F757073B4
S21403EA302E004552523A204661696C656420746F15
S21403EA40206372656174652062696E64696E67200F
S21403EA502830782530325829004552523A204269E8
S21403EA606E64696E67207461626C652069732066E4
S21403EA70756C6C004552523A2077726974696E67FA
S21403EA80206E616D6520737570706F72742025300B
S21403EA9032580052583A2041646447726F757020AA
S21403EAA03078253034582C20220075760052583A98
S21403EAB0205669657747726F757020307825303435
S21403EAC0580075767300766965775F67726F757041
S21403EAD00047726F7570733A206661696C656420CF
S21403EAE0746F2073656E6420257320726573706F70
S21403EAF06E73653A20307825303258006765745F48
S21403EB0067726F75705F6D656D6265727368697045
S21403EB1020726573706F6E73650064656661756CED
S21403EB20745F726573706F6E73650052583A204750
S21403EB30657447726F75704D656D6265727368694B
S21403EB4070203078253032582C0075756200477275
S21403EB506F7570733A206661696C656420746F2004
S21403EB6073656E642025733A20307825303258005A
S21403EB7052583A2052656D6F766547726F757020EE
S21403EB80307825303458004552523A204661696C35
S21403EB90656420746F2064656C6574652062696EB5
S21403EBA064696E67202830782530325829007265EC
S21403EBB06D6F76655F67726F75700052583A2052B4
S21403EBC0656D6F7665416C6C47726F757073005236
S21403EBD0583A2041646447726F75704966496465A4
S21403EBE06E74696679696E67203078253034582CE0
S21403EBF0202200616464004368616E6E656C206E5B
S21403EC006F742076616C69643A20256400507269DB
S21403EC106D617279002573206D61736B206E6F775B
S21403EC2020307825303858005365636F6E64617200
S21403EC3079004D61736B206E6F742076616C696426
S21403EC403A202564007072696D617279007365639A
S21403EC506F6E646172790025733A205365742025BC
S21403EC6073206D61736B20746F20307825303858AD
S21403EC70005374617475730025733A2025733A0044
S21403EC804368616E6E656C206D61736B3A0020207D
S21403EC90202028312920307825303858205B002062
S21403ECA020202028322920307825303858205B0051
S21403ECB053746174653A20307825303258202825FD
S21403ECC073290043757272656E74206368616E6E95
S21403ECD0656C3A20256400546F74616C206265612C
S21403ECE0636F6E733A202564004A6F696E20617401
S21403ECF074656D7074733A202564004E6574776F7F
S21403ED00726B2073746174653A20307825303258FC
S21403ED100053746F700025732053746F702E202079
S21403ED20436C65616E696E672075702E0042726F64
S21403ED30616463617374696E67207065726D69746C
S21403ED40206A6F696E0054727573742063656E74FF
S21403ED506572206C696E6B206B65792075706461D3
S21403ED607465207374617475730025733A20574174
S21403ED70524E494E473A20736C5F7A6967626565FF
S21403ED805F7365745F696E697469616C5F736563ED
S21403ED9075726974795F7374617465206661696CF2
S21403EDA065642E20436F6E74696E75696E6720778F
S21403EDB06974686F757420696E7374616C6C206314
S21403EDC06F64652E004572726F723A20696E7374B3
S21403EDD0616C6C20636F6465207365747570206660
S21403EDE061696C65642E20497320616E20696E73B9
S21403EDF074616C6C20636F646520666C6173686510
S21403EE0064206F6E746F207468652064657669632A
S21403EE10653F00D0D1D2D3D4D5D6D7D8D9DADBDC68
S21403EE20DDDEDF00FFFFFFFFFFFFFFFF005A69671E
S21403EE30426565416C6C69616E63653039002573A4
S21403EE403A2069737375696E67207363616E206F0A
S21403EE506E202573206368616E6E656C7320286D63
S21403EE6061736B2030782530385829002573206964
S21403EE707320616C726561647920696E2070726FAD
S21403EE806772657373005374617274004578616DBD
S21403EE90696E696E6720626561636F6E206F6E20B0
S21403EEA06368616E6E656C202564207769746820DC
S21403EEB070616E4964203078253034580054686990
S21403EEC07320626561636F6E206973206E6F7420B2
S21403EED070617274206F6620746865206375727241
S21403EEE0656E74206368616E6E656C206D61736B0E
S21403EEF02028307825303858292E204765747469C1
S21403EF006E67206E65787420626561636F6E207726
S21403EF10686F7365206368616E6E656C20626974E2
S21403EF206D61736B206973207365742E004572726E
S21403EF306F723A20257320636F756C64206E6F744E
S21403EF4020617474656D7074206A6F696E3A203040
S21403EF507825303258004E6F20626561636F6E739A
S21403EF60206C656674206F6E2063757272656E74AE
S21403EF70206D61736B2E204D6F76696E6720746FFC
S21403EF80206E657874207374617465002573206A37
S21403EF906F696E696E6720307825303458206F6E3F
S21403EFA0206368616E6E656C2025640025732053AC
S21403EFB0746174653A202573004572726F723A2045
S21403EFC0257320636F756C64206E6F74207365748D
S21403EFD075702073656375726974793A2030782585
S21403EFE0303258004572726F723A205363616E2056
S21403EFF0636F6D706C6574652068616E646C6572B2
S21403F0002072657475726E656420307825303258C8
S21403F010002573207363616E20636F6D706C657477
S21403F020652E20426561636F6E7320686561726446
S21403F0303A20256400257320737461636B20737410
S21403F0406174757320307825303258002573206E2E
S21403F0506574776F726B206A6F696E65642E002520
S21403F0607320747279696E67206E657874206E6596
S21403F07074776F726B2E004E6F6E65005363616E0E
S21403F080205072696D617279204368616E6E656C9B
S21403F0907320616E642075736520436F6E666967BF
S21403F0A075726564204B6579005363616E205072F8
S21403F0B0696D617279204368616E6E656C73206159
S21403F0C06E642075736520496E7374616C6C20439F
S21403F0D06F6465005363616E205072696D61727967
S21403F0E0204368616E6E656C7320616E6420557391
S21403F0F0652043656E7472616C697A6564204B653E
S21403F10079005363616E205072696D617279204392
S21403F11068616E6E656C7320616E6420557365203E
S21403F1204469737472696275746564204B6579000B
S21403F1305363616E205365636F6E64617279204317
S21403F14068616E6E656C7320616E642075736520EE
S21403F150436F6E66696775726564204B6579005305
S21403F16063616E205365636F6E64617279204368D2
S21403F170616E6E656C7320616E64207573652049DD
S21403F1806E7374616C6C20436F6465005363616EC9
S21403F190205365636F6E64617279204368616E6E97
S21403F1A0656C7320616E64205573652043656E74C9
S21403F1B072616C697A6564204B6579005363616E8E
S21403F1C0205365636F6E64617279204368616E6E67
S21403F1D0656C7320616E642055736520446973748F
S21403F1E072696275746564204B6579005363616E5A
S21403F1F0205072696D617279204368616E6E656C2A
S21403F2007320616E642055736520416C6C204B65DA
S21403F21079732028696E7374616C6C20636F646500
S21403F2202C2063656E7472616C697A65642C206445
S21403F2306973747269627574656429005363616ED9
S21403F240205365636F6E64617279204368616E6EE6
S21403F250656C7320616E642055736520416C6C2069
S21403F2604B6579732028696E7374616C6C20636FC9
S21403F27064652C2063656E7472616C697A65642CB0
S21403F28020646973747269627574656429004F6ECD
S21403F2902F4F6666207365742076616C75653A2019
S21403F2A0253032582025303258004552523A2072C3
S21403F2B0656164696E67206F6E2F6F666620253002
S21403F2C03258004F6E2F6F666620616C72656164FC
S21403F2D0792073657420746F206E65772076616C71
S21403F2E0756500546F67676C65206F6E2F6F666673
S21403F2F02066726F6D202530325820746F202530BB
S21403F3003258004552523A2077726974696E672004
S21403F3106F6E2F6F6666202530325800496E737401
S21403F320616C6C656420547970652028426173654E
S21403F330293A2020307825303258004361706162C4
S21403F340696C69746965733A202020202020202088
S21403F35020202030782530345800426F6F746C6F4D
S21403F360616465722056657273696F6E3A20202059
S21403F3702020307825303458005365637572652035
S21403F380426F6F746C6F61646572204B65793A20C7
S21403F390202020202000426F6F746C6F6164696EBA
S21403F3A067206661696C65642100446F776E6C6FD5
S21403F3B06164206661696C65642E0044656C6574DF
S21403F3C0696E67206661696C656420646F776E6C2E
S21403F3D06F61642C207374617475733A20307825DA
S21403F3E030325800496D61676520646F6573206E1F
S21403F3F06F7420636F6E7461696E20616E20557042
S21403F400677261646520496D616765205461672092
S21403F41028307825303458292E20536B697070694C
S21403F4206E6720757067726164652E004578656344
S21403F4307574696E6720626F6F746C6F61642063A6
S21403F440616C6C6261636B2E005374617274696ED7
S21403F450672045424C207665726966696361746904
S21403F4606F6E0045424C206661696C656420766564
S21403F47072696669636174696F6E2E0045424C203B
S21403F4807061737365642076657269666963617417
S21403F490696F6E2E002573696E67204F5441206393
S21403F4A06C69656E74207374617465206D6163683E
S21403F4B0696E650073746F7070004572726F723A8E
S21403F4C0204E6F20696D61676520617420696E64E4
S21403F4D06578202564004E6F7420737570706F72A4
S21403F4E07465642E00436C69656E7420696D61678C
S21403F4F06520717565727920696E666F004D616E61
S21403F50075662049443A20202020202020202030E1
S21403F510782530345800496D6167652054797065E5
S21403F5202049443A202020203078253034580043A0
S21403F530757272656E742056657273696F6E3A20C3
S21403F54020307825303858004861726477617265D8
S21403F5502056657273696F6E3A20004E41005175EE
S21403F5606572792044656C6179206D733A2020209A
S21403F570202020202020202020256C640053657244
S21403F58076657220446973636F7665727920446585
S21403F5906C6179206D733A20256C6400446F776E36
S21403F5A06C6F61642044656C6179206D733A20202A
S21403F5B020202020202020256C640052756E2055C4
S21403F5C07067726164652044656C6179206D733A77
S21403F5D0202020202020256C6400566572696679F9
S21403F5E02044656C6179206D733A2020202020200A
S21403F5F02020202020256C6400446F776E6C6F619A
S21403F60064204572726F72205468726573686F6CFB
S21403F610643A20202564005570677261646520573C
S21403F620616974205468726573686F6C643A20204D
S21403F63020202564004F544120446F776E67726123
S21403F6406465733A2044697361626C6564004F5461
S21403F6504120446F776E6772616465733A20456E26
S21403F66061626C656400426F6F746C6F61642073D3
S21403F670746174653A20257300496E76616C69641B
S21403F680204550202564207768656E20747279695A
S21403F6906E6720746F2073656E64204F5441206D2F
S21403F6A06573736167652E0053656E64696E6720C4
S21403F6B05570677261646520456E64207265717566
S21403F6C06573742E0025733A20696E76616C6964DF
S21403F6D020636D64496420307825303258004572C3
S21403F6E0726F723A20204661696C656420746F20DD
S21403F6F073656E64204F544120636F6D6D616E6455
S21403F700203078253032582C207374617475733A20
S21403F710203078253032580053657276657220752E
S21403F7206E6B6E6F776E2C2066616C6C696E6720ED
S21403F7306261636B20746F20646973636F766572AE
S21403F740792E004D6178696D756D207175657279D6
S21403F750206572726F727320686974202825642985
S21403F7602C207374617274696E67207365617263AB
S21403F7706820666F72206E6577204F54412073654C
S21403F780727665722E0A004170706C79696E672016
S21403F790757067726164650025733A20696E7661D9
S21403F7A06C6964206F666673657420637572726530
S21403F7B06E7454696D652830782530385829203E94
S21403F7C0207570677261646554696D6528307825A5
S21403F7D030385829004F544120436C757374657252
S21403F7E03A207761697420666F722025642073005F
S21403F7F0525865642074696D654F7574203078259A
S21403F80030385820732C204D41582074696D654F4D
S21403F8107574203078253038582073004D61786928
S21403F8206D756D207570677261646520726571759C
S21403F83065737473206D61646520282564292077B9
S21403F8406974686F757420726573706F6E73652064
S21403F85066726F6D207365727665722E00557067DB
S21403F860726164696E6720616E79776179004F54BF
S21403F87041205365727669636520646973636F76A6
S21403F8806572792070726576656E746564202D20C6
S21403F890616E6F7468657220697320616C7265614E
S21403F8A0647920696E2070726F67726573730046A1
S21403F8B061696C656420746F20696E69746961742C
S21403F8C065207365727669636520646973636F7612
S21403F8D06572792E004F54412053657276696365CD
S21403F8E020446973636F7665727920696E2070723F
S21403F8F06F677265737300436C69656E7420766513
S21403F90072696669636174696F6E206661696C65A6
S21403F910642E005369676E61747572650043757370
S21403F920746F6D00706173736564004641494C459E
S21403F93044004E6F207369676E6174757265207636
S21403F9406572696669636174696F6E20737570703A
S21403F9506F72742C20617373756D696E6720696DA1
S21403F960616765206973206F6B61792E00257320AC
S21403F970766572696669636174696F6E2025733A8A
S21403F98020307825303258004D6178696D756D20CA
S21403F9906E756D626572206F6620646F776E6C6F2E
S21403F9A06164206572726F7273207265616368208A
S21403F9B0282564292C2061626F7274696E672E0095
S21403F9C04F544120436C75737465723A20736574A3
S21403F9D074696E67204945454520616464726573A2
S21403F9E073206F66204F544120636C757374657281
S21403F9F0005061727469616C2066696C6520646F7F
S21403FA00776E6C6F616420666F756E642C20636F0F
S21403FA106E74696E75696E672066726F6D206F66A9
S21403FA20667365742030782530385800466F756ED7
S21403FA30642066756C6C7920646F776E6C6F616496
S21403FA4065642066696C6520696E2073746F7261E5
S21403FA506765202876657273696F6E203078253067
S21403FA603858292E00466F756E642066696C6520CB
S21403FA70696E2073746F7261676520776974682096
S21403FA80646966666572656E742076657273696FFF
S21403FA906E202830782530385829207468616E2007
S21403FAA063757272656E742076657273696F6E2005
S21403FAB028307825303858290046696C6520696EE9
S21403FAC02073746F726167652069732073616D6557
S21403FAD02061732063757272656E742072756E6E24
S21403FAE0696E672076657273696F6E202830782595
S21403FAF030385829004E6F20696D61676520666F40
S21403FB00756E6420696E2073746F726167652E006C
S21403FB104F54412053657276696365204469736365
S21403FB206F7665727920756E626C6F636B656400C1
S21403FB3049676E6F72696E672073657276657220A9
S21403FB4066726F6D206C6F6F706261636B206164A9
S21403FB5064726573730049676E6F72696E672030EF
S21403FB607825303458204F54412073657276657279
S21403FB7020696E20736561726368206F6620544344
S21403FB800053657474696E67204F54412053657241
S21403FB9076657220746F20307825303458004465BB
S21403FBA06C6179696E67202564207365636F6E6484
S21403FBB073206265666F7265207374617274696E12
S21403FBC067204F544120636C69656E740054696DF9
S21403FBD0656F75742077616974696E6720666F72E6
S21403FBE0206D6573736167652E00426164204F5410
S21403FBF04120636F6D6D616E643A20307825303234
S21403FC0058004F544120636F6D6D616E64203078E9
S21403FC102530325820746F6F2073686F72742028F3
S21403FC206C656E202564203C206D696E2025642952
S21403FC30004F544120636F6D6D616E642066726F72
S21403FC406D20756E7265636F676E697A656420737F
S21403FC506572766572203078253034582E20204D14
S21403FC6079204F5441207365727665723A20307856
S21403FC702530345800496D616765204E6F74696698
S21403FC807900476F7420756E657870656374656474
S21403FC902025732E20205374617274206469736365
S21403FCA06F766572792E0064656661756C74004FB5
S21403FCB054413A206661696C656420746F207365ED
S21403FCC06E6420257320726573706F6E73653A20B9
S21403FCD030782530325800496D616765206E6F7441
S21403FCE069667900476F7420756E6578706563740E
S21403FCF065642025732E202049676E6F7265642E17
S21403FD00004F54413A2044656661756C74207265F1
S21403FD1073706F6E736520666F7220496D616765D9
S21403FD20206E6F746966792C207374617475732002
S21403FD3030782530325800496D616765206E6F74E0
S21403FD4069667920636F6D6D616E64002573207537
S21403FD506E69636173742C207175657279696E6759
S21403FD6000496E76616C69640025732025732070E4
S21403FD7061796C6F61642074797065203078253002
S21403FD8032580025732025733A206F7574206F66EA
S21403FD902072616E6765206A6974746572202564D3
S21403FDA00025732025733A207061796C6F61642097
S21403FDB06C656E67746820646F65736E2774206D58
S21403FDC06174636820747970652030782530325802
S21403FDD020282564203C20256429002573202573CC
S21403FDE02064756520746F206E6F6E2D6D6174636D
S21403FDF068696E67206D616E75666163747572659A
S21403FE007220494400257320257320647565207489
S21403FE106F206E6F6E2D6D61746368696E672069FF
S21403FE206D616765207479706520494400257320E9
S21403FE3025732064756520746F206D61746368692B
S21403FE406E67206669726D77617265207665727378
S21403FE50696F6E0025732025732C20527827642043
S21403FE604A69747465722028307825303258292CF4
S21403FE70205069636B6564204A6974746572202830
S21403FE8030782530325829005175657279206E65B1
S21403FE90787420696D61676520726573706F6E7321
S21403FEA0650025732072657475726E6564203078FC
S21403FEB0253032582E20204E6F206E657720696DD0
S21403FEC061676520746F20646F776E6C6F61642E54
S21403FED000257320746F6F2073686F727420282553
S21403FEE064203C202564290025733A204E6577203C
S21403FEF0696D61676520697320617661696C61620B
S21403FF006C6520666F7220646F776E6C6F61642E0B
S21403FF10002573206973206E6F74207573696E678E
S21403FF20206D7920696D61676520696E666F2E00A6
S21403FF304552524F523A204E65787420496D616798
S21403FF406520697320746F6F2062696720746F2061
S21403FF5073746F72652028307825303858203E2019
S21403FF6030782530385829002573207265747572E9
S21403FF706E65642073616D652046696C65566572AF
S21403FF8073696F6E2061732063757272656E746C2D
S21403FF907920696E7374616C6C65642E004F5441EE
S21403FFA020446F776E67726164657320446973617A
S21403FFB0626C65643A2046696C6556657273696F50
S21403FFC06E20626568696E642063757272656E740E
S21403FFD020696E7374616C6C6174696F6E00537420
S21403FFE0617274696E6720646F776E6C6F61642CE0
S21403FFF02056657273696F6E203078253038580046
S2140400004572726F723A204661696C656420746F3B
S2140400102064656C65746520696D6167652E0045AE
S21404002072726F723A204661696C656420746F2040
S2140400306572617365206F6C642074656D702064EE
S2140400406174612E00496D61676520626C6F636B35
S21404005020726573706F6E7365004F54413A204981
S2140400606D616765426C6F636B5265706F6E736526
S21404007020636F6E7461696E7320696E76616C6955
S21404008064206F7220696E636F6D706C6574652092
S21404009064617461005570646174696E67204D69AB
S2140400A06E20426C6F636B205265717565737420A5
S2140400B0506572696F6420746F202564206D730028
S2140400C0446F776E6C6F61642064656C617920623E
S2140400D07920736572766572202564206D730044FA
S2140400E06F776E6C6F61642061626F7274656420F2
S2140400F06279207365727665722E00536572766532
S2140401007220646F65736E277420737570706F72D7
S21404011074207061676520726571756573742C2030
S2140401206F6E6C79207573696E6720626C6F636B93
S21404013020726571756573742E00536572766572E8
S2140401402072657475726E65642027756E7375709B
S214040150706F7274656420636C7573746572206363
S2140401606F6D6D616E64272E00556E6B6E6F776EC5
S2140401702025732073746174757320636F6465201F
S2140401803078253032580025732068617320646106
S21404019074612073697A65202825642920736D614B
S2140401A06C6C6572207468616E2061637475616C32
S2140401B0207061636B65742073697A6520282564F2
S2140401C0292E002573206572726F723A2045787066
S2140401D06563746564206F6666736574203078257D
S2140401E03038582C2062757420676F742030782558
S2140401F03038582E202049676E6F72696E67002566
S2140402007320696E666F20646964206E6F74206D57
S21404021061746368206D79206578706563746564BD
S21404022020696E666F2E202044726F7070696E6748
S2140402302E004661696C656420746F207772697459
S2140402406520746F2073746F7261676520646576C9
S2140402506963652100446F776E6C6F616400557046
S214040260677261646520656E6420726573706F6E74
S2140402707365005365727665722061626F72746589
S2140402806420757067726164652C2073746174757C
S214040290733A20307825303258004572726F723ABD
S2140402A02025732068616420696E76616C69642019
S2140402B025733A200066696C652076657273696FEB
S2140402C06E00416464696E67202564206D732E2079
S2140402D064656C617920666F7220696D6D6564690A
S2140402E061746520757067726164652E00436F756E
S2140402F06E74646F776E20746F20757067726164B5
S214040300653A202564206D73002053746174653A41
S2140403102020202573002057616974696E67206663
S2140403206F7220726573706F6E73653A2025730062
S214040330204E657874204576656E742054696D6524
S214040340723A202564206D73002043757272656EC0
S2140403507420446F776E6C6F6164204F66667365B5
S214040360743A2030782530385820282564252529E5
S2140403700025733A206661696C6564207061727347
S214040380696E67204F544120636D642030782530B1
S2140403903258004F54412044656661756C7420726F
S2140403A06573706F6E736520746F20636F6D6D6117
S2140403B06E64204944203078253032582C207374DB
S2140403C0617475732030782530325800496D616742
S2140403D06520626C6F636B2072657175657374203B
S2140403E074657374206F6E6C7920776F726B7320EC
S2140403F07768656E20737461746520697320424F54
S2140404004F544C4F41445F53544154455F4E4F4EF6
S214040410450052616E646F6D2044656C617920629C
S21404042065666F72652073746172740044697363E1
S2140404306F766572696E67204F54412053657276F5
S214040440657200476574204F544120536572766583
S2140404507220455549004F627461696E206C696E5E
S2140404606B206B6579005175657279696E67204EED
S21404047065787420496D61676500446F776E6C6FAC
S2140404806164696E6720496D6167650056657269C7
S2140404906679696E6720496D61676500576169749E
S2140404A0696E6720666F7220557067726164652096
S2140404B06D65737361676500436F756E74646F77FB
S2140404C06E20746F205570677261646500576169A9
S2140404D074696E6720746F20757067726164652036
S2140404E0766961206F75742D6F662D62616E642067
S2140404F06D656368616E69736D0025733A202564C3
S214040500252520636F6D706C65746500496D6167A1
S214040510652025640020204552524F523A20436FEE
S214040520756C64206E6F74206765742066756C6CD9
S21404053020686561646572210020204865616465F1
S214040540722056657273696F6E3A2030782530349F
S21404055058002020486561646572204C656E677497
S214040560683A20202564206279746573002020464A
S21404057069656C6420436F6E74726F6C3A20203029
S21404058078253034580020204D616E756620494425
S2140405903A2020202020202030782530345800208F
S2140405A020496D61676520547970653A20202020C3
S2140405B02030782530345800202056657273696FD1
S2140405C06E3A2020202020202020307825303858ED
S2140405D00020205A69676265652056657273696FE4
S2140405E06E3A2030782530345800202048656164FF
S2140405F0657220537472696E673A20202573002052
S21404060020496D6167652053697A653A2020202069
S21404061020256C642062797465730020205365631A
S214040620757269747920437265643A20203078259F
S2140406303032580020205570677261646520446526
S21404064073743A2020200020204D696E2E204857CF
S214040650205665723A202020203078253034580001
S21404066020204D61782E204857205665723A202067
S2140406702020307825303458002020546F74616C64
S21404068020546167733A202564002020202054619A
S214040690673A203078253034580020202020202047
S2140406A04C656E6774683A20256C64004572726FF8
S2140406B0723A20436F756C64206E6F74206F627498
S2140406C061696E2074616720696E666F2066726F5A
S2140406D06D20696D6167652E000A256420696D6169
S2140406E067657320696E204F54412073746F72617E
S2140406F067652E00496D6167652064656C65746581
S21404070025732E004572726F723A2020436F756C03
S21404071064206E6F74207265616420626C6F636B14
S2140407203A203078253032582E0A00537461727499
S214040730696E672065726173652066726F6D206FDF
S21404074066667365742030782530385820746F20B8
S21404075030782530385800436F756C64206E6F749B
S2140407602073746172742045524153452120283009
S21404077078253032582900454550524F4D20457251
S21404078061736520636F6D706C657465002F686FA8
S2140407906D652F72756E6E65722F776F726B2F7420
S2140407A07579612D7A69676265652D7377697463F7
S2140407B0682F747579612D7A69676265652D73771C
S2140407C0697463682F73696C6162735F746F6F6CAE
S2140407D0732F73696D706C69636974795F73646B86
S2140407E02F70726F746F636F6C2F7A6967626565BA
S2140407F02F6170702F6672616D65776F726B2F70E4
S2140408006C7567696E2F6F74612D73746F72616790
S214040810652D73696D706C652D656570726F6D2FCF
S2140408206F74612D73746F726167652D6565707280
S2140408306F6D2D706167652D65726173652E63003B
S2140408402F686F6D652F72756E6E65722F776F7277
S2140408506B2F747579612D7A69676265652D737778
S214040860697463682F747579612D7A696762656542
S2140408702D7377697463682F73696C6162735F7430
S2140408806F6F6C732F73696D706C69636974795FCD
S21404089073646B2F70726F746F636F6C2F7A6967F3
S2140408A06265652F6170702F6672616D65776F7211
S2140408B06B2F706C7567696E2F6F74612D73746F10
S2140408C0726167652D73696D706C652D65657072F0
S2140408D06F6D2F6F74612D73746F726167652D650C
S2140408E06570726F6D2E63004F54412053696D70AE
S2140408F06C652053746F7261676520454550524F8E
S2140409004D207761726E696E673A20636F756C640A
S214040910206E6F742067657420736C6F7420696E24
S214040920666F20666F7220736C6F742025642028AF
S2140409306572726F7220307825303258292E204422
S214040940656661756C74696E6720746F2073706574
S2140409506369666965642061646472657373206F95
S2140409606666736574730053746F726167652044BA
S21404097072697665723A20202020202020202020CC
S2140409802020204F54412053696D706C65205374A9
S2140409906F7261676520454550524F4D20506C7507
S2140409A067696E0052656164204D6F6469667920DC
S2140409B0577269746520537570706F72743A20208C
S2140409C06E6F00534F4320426F6F746C6F6164699F
S2140409D06E6720537570706F72743A2020202079E9
S2140409E0657300426F6F746C6F6164657220537434
S2140409F06F7261676520537570706F72743A205514
S214040A00736520666972737420736C6F7400536C1C
S214040A106F7420746F207573653A20202020202080
S214040A2020202020202020202020256400437572CA
S214040A3072656E7420446F776E6C6F6164204F66C7
S214040A40667365743A2020202030782530385800A4
S214040A5045424C205374617274204F666673657405
S214040A603A202020202020202020202030782530E6
S214040A70385800454550524F4D2053746172743AAD
S214040A80202020202020202020202020202020304D
S214040A90782530385800454550524F4D20456E64F1
S214040AA03A20202020202020202020202020202023
S214040AB0202030782530385800496D616765204914
S214040AC06E666F2053746172743A202020202020B2
S214040AD02020202020307825303858005361766551
S214040AE02052617465202862797465732920202059
S214040AF02020202020202020307825303858004F11
S214040B006666736574206F6620646F776E6C6F61BB
S214040B1064206F666673657420202030782530382C
S214040B2058004F6666736574206F662045424C20F5
S214040B306F66667365743A20202020202020307863
S214040B4025303858004F6666736574206F662069D2
S214040B506D6167652073746172743A2020202020CA
S214040B602030782530385800736C5F7A6967626580
S214040B70655F61665F6F74615F73746F72616765EA
S214040B805F6472697665725F726561645F6362282A
S214040B9029206661696C65642100426164206D6188
S214040BA0676963206E756D62657220696E2066697A
S214040BB06C653A203078253032582030782530322B
S214040BC05820307825303258203078253032580076
S214040BD04261642076657273696F6E20696E206662
S214040BE0696C6520307825303458004572726F720F
S214040BF03A2072656164416E6456616C696461741E
S214040C006553746F726564496D616765282920743D
S214040C107269656420746F2072656164206D6F72FA
S214040C20652064617461207468616E206974206351
S214040C306F756C6420686F6C642E00736C5F7A69E1
S214040C40676265655F61665F6F74615F73746F7218
S214040C506167655F6472697665725F726561645F19
S214040C6063622829204641494C454421004C61735F
S214040C7074206F666673657420646F776E6C6F613C
S214040C806465643A203078253038580053746F729F
S214040C90616765204D6F64756C653A204F5441203A
S214040CA053696D706C652053746F7261676520506C
S214040CB06C7567696E00496D616765732053746F60
S214040CC07265643A20202564206F6620310A002568
S214040CD03032583A006570202530325820636C75DF
S214040CE073202530345820617474722025303458AB
S214040CF02073767220256300206D666720253032C7
S214040D005800207265706F7274206D696E202530ED
S214040D103458206D61782025303458207270742D34
S214040D2063686720253038580020726563656976E5
S214040D30652066726F6D2025303458206570202536
S214040D403032582074696D656F75742025303458B8
S214040D5000636C6561720072656D6F766500636C26
S214040D60656172696E67206C617374207265706F5A
S214040D7072742074696D65206F6620616C6C2061E6
S214040D807474726962757465730074657374696EDD
S214040D90672074696D696E67206F66207661726974
S214040DA06F7573207265706F7274696E67206F70EA
S214040DB065726174696F6E73002D2D2D2D2D2D2D8A
S214040DC02D2D2D2D2D2D2D2D2D2D2D2D2D2D2D2D4A
S214040DD02D2D2D2D2D2D2D2D2D2D2D2D2D2D2D2D3A
S214040DE02D2D2D2D2D2D2D2D002D2D7461626C6530
S214040DF0207265616473202D2066756C6C207461A6
S214040E00626C652D2D00726573756C74203D20250B
S214040E1064206D73002D2D696E6974202F20736312
S214040E20686564756C65207469636B2D2D2D002DC3
S214040E302D6C6F616420636F6E666967757261748A
S214040E40696F6E2064656661756C74732D2D002F52
S214040E50686F6D652F72756E6E65722F776F726B25
S214040E602F747579612D7A69676265652D73776964
S214040E707463682F747579612D7A69676265652D68
S214040E807377697463682F73696C6162735F746FD8
S214040E906F6C732F73696D706C69636974795F73B3
S214040EA0646B2F70726F746F636F6C2F7A696762EE
S214040EB065652F6170702F6672616D65776F726BF2
S214040EC02F706C7567696E2F7265706F7274696EB9
S214040ED0672F7265706F7274696E672E6300524571
S214040EE041445F5250545F43464700726561645FF5
S214040EF07265706F7274696E675F636F6E6669673A
S214040F0075726174696F6E005265706F7274696E83
S214040F10673A206661696C656420746F2073656E39
S214040F206420257320726573706F6E73653A203083
S214040F307825303258004552523A20726561646909
S214040F406E6720636C757374657220307825303450
S214040F50582061747472696275746520307825301F
S214040F6034583A20307825303258004552523A20C8
S214040F707265706F7274696E67206F66204C4F4E90
S214040F804720737472696E6720617474726962753F
S214040F9074652074797065206E6F74207375707034
S214040FA06F727465643A20636C757374657220306E
S214040FB078253034582061747472696275746520BB
S214040FC0307825303458005265706F7274696E67D5
S214040FD020456E7472792046756C6C202D206372E1
S214040FE0656174696E67206E6577207265706F72CE
S214040FF074004346475F52505400202D20646972A3
S214041000656374696F6E3A253032582C20617474A7
S214041010723A2530345800202020747970653A25B9
S2140410203032582C206D696E3A253034582C206D99
S21404103061783A25303458002020206368616E6752
S214041040653A0020202074696D656F75743A253002
S214041050345800636F6E6669677572655F72657093
S2140410606F7274696E67002054434C4B207570642D
S21404107061746520616C726561647920696E2070A4
S214041080726F6772657373004D616E75616C205480
S214041090434C4B20757064617465206661696C65A9
S2140410A0642E2573005374617274696E67207570BC
S2140410B0646174652074727573742063656E7465F8
S2140410C072206C696E6B206B65792070726F636535
S2140410D0737300557064617465205443204C696EC4
S2140410E06B204B657900204E6577206B657920650B
S2140410F0737461626C69736865643A002045727241
S2140411006F723A00506172746E65723A20005A43E8
S2140411104C20676C6F62616C20636C7573746572C7
S21404112020636F6D6D616E647300646972656374C9
S214041130696F6E00646973632D636F6D2D67656EEA
S21404114000646973632D636F6D2D72656300657843
S214041150706563742D7265706F72742D66726F6D30
S2140411602D6D6500757772697465006E77726974A3
S21404117065007265706F72742D72656164007365C4
S2140411806E642D6D652D612D7265706F72740043EB
S214041190726561746573206120676C6F62616C2090
S2140411A0646973636F76657220636F6D6D616E64D8
S2140411B020666F7220746865206173736F6369615B
S2140411C07465642076616C7565732E00636C757344
S2140411D074657249641F61747472696275746549D2
S2140411E0641F6D61784E756D626572546F526570DA
S2140411F06F72741F004372656174657320612067A3
S2140412006C6F62616C2073656E64206D652061206E
S2140412107265706F727420636F6D6D616E642066A4
S2140412206F7220746865206173736F636961746597
S214041230642076616C7565732E00636C75737465D3
S2140412407249641F61747472696275746549641FB7
S21404125064617461547970651F6D696E5265706F50
S214041260727454696D651F6D61785265706F72741F
S21404127054696D651F7265706F727461626C654344
S21404128068616E67651F00437265617465732061EB
S21404129020676C6F62616C20726561642072657091
S2140412A06F7274696E6720636F6D6D616E6420661D
S2140412B06F7220746865206173736F636961746507
S2140412C06420636C75737465722C2061747472691F
S2140412D06275746520616E64207365727665722F1C
S2140412E0636C69656E7420646972656374696F6E95
S2140412F02E00636C757374657249641F617474722E
S214041300696275746549641F646972656374696F9C
S2140413106E1F00476C6F62616C207265706F72742A
S214041320696E6720636F6D6D616E6400656E6470D0
S2140413306F696E741F636C757374657249641F619C
S214041340747472696275746549641F6D61736B1F8A
S2140413500043726561746573206120676C6F626117
S2140413606C207265616420636F6D6D616E64206DC0
S21404137065737361676520746F20726561642066A7
S214041380726F6D2074686520636C75737465722063
S214041390616E64206174747269627574652073701A
S2140413A0656369666965642E00636C75737465723B
S2140413B049641F61747472696275746549641F00B8
S2140413C043726561746573206120676C6F62616C3B
S2140413D020777269746520636F6D6D616E64206D2D
S2140413E065737361676520746F207772697465200E
S2140413F0746F2074686520636C75737465722061FD
S2140414006E642061747472696275746520737065A5
S21404141063696669656400636C75737465724964B0
S2140414201F61747472696275746549641F74797097
S214041430651F646174611F00437265617465206191
S214041440206578706563742D7265706F72742D668E
S214041450726F6D2D6D65206D65737361676520779A
S214041460697468206173736F636961746564207658
S214041470616C7565732E00636C757374657249646C
S2140414801F61747472696275746549641F74696D4A
S214041490656F75741F00437265617465206120442E
S2140414A06973636F76657220436F6D6D616E6473E6
S2140414B02047656E65726174656420636F6D6D6147
S2140414C06E642077697468206173736F63696174EE
S2140414D065642076616C7565732E00636C75737431
S2140414E0657249641F7374617274436F6D6D616EC7
S2140414F06449641F6D6178436F6D6D616E64496401
S2140415001F0053657473207468652064697265638C
S21404151074696F6E20666F7220676C6F62616C20F0
S214041520636F6D6D616E64732C2065697468657293
S21404153020636C69656E7420746F207365727665BB
S21404154072206F722073657276657220746F2063E2
S2140415506C69656E742E0053657473206120666C26
S214041560616720736F2074686174207468652061F5
S21404157070706C69636174696F6E206672616D6504
S214041580776F726B2057494C4C204E4F542072652F
S21404159073706F6E6420746F20746865206E65784F
S2140415A074205A434C206D657373616765207468B4
S2140415B0617420636F6D657320696E206F76657243
S2140415C020746865206169722E0053657473206107
S2140415D020666C616720736F207468617420746879
S2140415E065206170706C69636174696F6E206672E1
S2140415F0616D65776F726B2057494C4C207265732A
S214041600706F6E6420746F20746865206E657874DD
S214041610205A434C206D6573736167652074686156
S2140416207420636F6D657320696E206F7665722013
S214041630746865206169722E00536574732074683B
S214041640652044697361626C652044656661756CE7
S2140416507420526573706F6E7365204672616D6593
S21404166020436F6E74726F6C2062697420746F20EE
S21404167075736520666F7220746865206E6578746D
S21404168020636F6D6D616E642069662074686520E2
S214041690636F6D6D616E64206973206E6F74206174
S2140416A06C7265616479206275696C742E00646975
S2140416B07361626C6544656661756C7452657370BB
S2140416C06F6E73651F0053657473207468652066B7
S2140416D06C616720746F2075736520746865206973
S2140416E06E6372656D656E74656420736571756589
S2140416F06E6365206E756D6265722066726F6D200E
S214041700746865206672616D65776F726B20666FAC
S2140417107220746865206E65787420726177206321
S2140417206F6D6D616E642E007573654E65787453C7
S214041730657175656E63651F00436C6920636F6D24
S2140417406D616E6420746F2063616C6C20736C5FD3
S2140417507A69676265655F61665F7365745F7469FD
S2140417606D652066756E6374696F6E20646F63754D
S2140417706D656E74656420696E2061662E680075FA
S214041780746354696D651F005365747320746865CB
S2140417902074776F2062797465206D616E7566615A
S2140417A06374757265722073706563696669632015
S2140417B06964656E74696669657220746F207573F2
S2140417C06520666F7220746865206E657874206381
S2140417D06F6D6D616E642069662074686520636F42
S2140417E06D6D616E64206973206E6F7420616C7217
S2140417F065616479206275696C742E006D66675342
S2140418007065636966696349641F006E6F742000BF
S214041810534C5F5354415455535F4E4554574F529F
S2140418204B5F555020307825303458005472757309
S214041830742043656E74657220455549206861734B
S2140418402025736368616E6765642E00534C5F538E
S21404185054415455535F4E4554574F524B5F444F73
S214041860574E00534C5F5354415455535F4E4F5498
S2140418705F4A4F494E454400534C5F5354415455B8
S214041880535F5A49474245455F4E4554574F524B5E
S2140418905F4F50454E45443A2025642073656300E7
S2140418A0534C5F5354415455535F5A494742454538
S2140418B05F4E4554574F524B5F434C4F534544007D
S2140418C025733A20257300646973747269627574AB
S2140418D065640063656E7472616C697A656400465B
S2140418E06F726D002573696E67206F6E20636820C3
S2140418F025642C2070616E49642030782530345875
S214041900004572726F723A20446576696365206496
S2140419106F6573206E6F7420737570706F727420A9
S2140419202573206E6574776F726B20666F726D61B7
S21404193074696F6E004A6F696E00496E76616C69F1
S214041940642053656375726974792050726F666992
S2140419506C653A2030782530325800704A6F696ECC
S21404196020666F72202564207365633A20307825DC
S214041970303258004C696D6974696E6720647572FC
S2140419806174696F6E206F66207065726D6974206D
S2140419906A6F696E2066726F6D20666F7265766513
S2140419A07220283235352920746F2032353400529F
S2140419B0583A205A444F2C20636F6D6D616E642034
S2140419C03078253034582C207374617475733A203B
S2140419D03078253032580053696D706C6500525863
S2140419E03A20257320446573632052657370004D56
S2140419F061746368002C204D6174636865733A20D3
S214041A0025640044657669636520416E6E6F756E65
S214041A1063653A203078253034580052583A2049C5
S214041A20454545204164647265737320526573703E
S214041A306F6E73650052583A204163746976652068
S214041A40455020526573706F6E73652C20436F7516
S214041A506E743A202564004E6F6465002C204D6138
S214041A6074636865733A203078253034580073748C
S214041A7061636B207665722E205B25642E25642EAA
S214041A80256400202573206275696C642025645DD6
S214041A90005A444F00534500484100436C75737424
S214041AA0657200476C6F62616C0025737478203031
S214041AB078253038582C200050726F66696C653A69
S214041AC02025732028307825303458292C20436C60
S214041AD075737465723A203078253034582C202576
S214041AE0642062797465732C00205A434C20257355
S214041AF020436D642049443A202564005072652DC5
S214041B0052656C6561736500416C706861203100D4
S214041B10416C706861203200416C7068612033004B
S214041B20426574612031004265746120320042656A
S214041B307461203300474100526573657420696EF2
S214041B40666F3A20307825303258202825732900CD
S214041B5064656C6574652062696E64696E673A20B4
S214041B602530325820253032580001020304050679
S214041B700708090A0B0C000101010101010101011A
S214041B80010101005752495445204552523A20005B
S214041B9025736570202530325820636C75732025B4
S214041BA030345820617474722025303458206E6F97
S214041BB07420737570706F72746564002573696E33
S214041BC076616C6964206461746120747970650060
S214041BD0257361747472206E6F74207772697461F1
S214041BE0626C650057524954453A206E6F207772EE
S214041BF06974652C206A7573742061207465737427
S214041C0000524541443A2061747472696275746581
S214041C102073697A6520746F6F206C617267652023
S214041C20666F722063616C6C657200636C6E740020
S214041C307372767200525700524F00202052414D64
S214041C4020200020746F6B656E20006578746572C2
S214041C506E2000454E44504F494E5420253032588D
S214041C6000636C7573202F2073696465202F2061D0
S214041C70747472202F206D666720202F7479706527
S214041C80286C656E292F207277202F2073746F724C
S214041C90616765202F20646174612028726177294A
S214041CA00025303458202F202573202F202530344B
S214041CB058202F2000202F20253032582028253069
S214041CC0325829202F202573202F202573202F20DB
S214041CD000556E737570706F72746564004F54416E
S214041CE020524541443A2065703A253032582063E4
S214041CF069643A253034582061747469643A25302E
S214041D003458206D736B3A25303258206D66636FF5
S214041D1064653A2530345800524541443A20636C91
S214041D20757320253034582C206174747220253045
S214041D303458206661696C65642025303258005238
S214041D404541443A20636C757320253034582C2062
S214041D506174747220253034582C20646174614C8C
S214041D60656E3A20253032582C204F4B00282563C8
S214041D70292530325825303258253032582530320D
S214041D8058253032582530325825303258253032CE
S214041D90580064697361626C65002573642C206462
S214041DA0726F7070696E67206570203078253032E7
S214041DB05820636C75732030782530345820636D52
S214041DC064203078253032580047656E6572617439
S214041DD06564005265636569766564004469736387
S214041DE06F76657220436F6D6D616E6473207265E5
S214041DF073706F6E73652028636F6D706C657465A1
S214041E003A202563292C202573204944733A200060
S214041E1030782530325820005F45585400524541EA
S214041E20445F415454520057524954453A20636C17
S214041E30757320253034582061747472202530342C
S214041E405820004641494C20253032580057524904
S214041E5054453A20746F6F2073686F727400444957
S214041E6053435F4154545200257325733A20636CE0
S214041E7075732025303458005376632044697363A1
S214041E803A2000257357616974696E6720256420BB
S214041E9073656320666F7220646973636F76657218
S214041EA07920746F20636F6D706C6574650053746D
S214041EB061746520636F72726573706F6E64696EA9
S214041EC06720746F20746865207468652072657175
S214041ED075657374206E6F7420666F756E640A0081
S214041EE02573636F6D706C6574652E0A00257353D5
S214041EF065727669636520446973636F7665727983
S214041F00205374617465206C696D697473207265FE
S214041F1061636865640A002573496C6C6567616C67
S214041F202062726F616463617374206164647265B5
S214041F3073732C2072656D617070696E6720746FA0
S214041F402076616C6964206F6E652E002573466189
S214041F50696C656420746F2073656E64206D6174AB
S214041F60636820646973636F766572793A203078A3
S214041F70253032580025735374617274696E672075
S214041F80646973636F7665727920666F7220636C1A
S214041F90757374657220307825303458002573467E
S214041FA061696C656420746F2073656E6420736960
S214041FB06D706C652064657363726970746F7220EB
S214041FC0726571756573743A20307825303258001E
S214041FD025734661696C656420746F2073656E644E
S214041FE020494545452061646472657373207265B3
S214041FF071756573743A203078253032580025732D
S2140420004661696C656420746F2073656E64204E47
S214042010574B2061646472657373207265717565CD
S21404202073743A20307825303258004572726F72D5
S2140420303A202573206261642073696D706C652094
S21404204064657363726970746F72206C656E67740E
S214042050682E0025734D65737361676520746F6F12
S2140420602073686F72740025734D657373616765BA
S21404207020746F6F2073686F727420666F72206EA0
S214042080756D2E20656E64706F696E7473002573AB
S2140420904D61746368257320666F756E642066727E
S2140420A06F6D203078253034582E004572726F726A
S2140420B03A20257320696E76616C6964206C656EBF
S2140420C06774682028256420213D2025642920661D
S2140420D06F722041637469766520456E64706F691B
S2140420E06E7420726573706F6E7365002573676F08
S2140420F07420616374697665204550207265737038
S2140421006F6E7365005554432074696D653A2025D7
S214042110642F25642F25642025643A25643A2564B3
S214042120202825303858290028556E6B6E6F776E38
S21404213020636C75732E205B3078253034585D2907
S214042140000D0A54253038583A005258206C656EF3
S2140421502025642C20657020253032582C20636C92
S2140421607573203078253034582000206D66674912
S2140421706420253034580020464320253032582029
S214042180736571202530325820636D642025303203
S21404219058207061796C6F61645B00426173696397
S2140421A0004F766572207468652041697220426F1C
S2140421B06F746C6F6164696E670025735258207083
S2140421C06B7420746F6F2073686F72743A20256482
S2140421D0203C202564002573525820706B74206DB3
S2140421E0616C666F726D65643A202564203C202518
S2140421F0640020204861766520526F7574657220ED
S214042200537570706F7274002020456E64204465A8
S21404221076696365204F6E6C79002020456E616296
S2140422206C656400202044697361626C65640045D3
S21404223072726F722072657472696576696E672051
S214042240696E666F20666F72206C6962726172795D
S214042250204944202564002573206C6962726172EB
S2140422607925732070726573656E74005A696762A7
S21404227065652050726F0042696E64696E6700532C
S2140422806563757269747920436F7265005365637C
S2140422907572697479204C696E6B204B657973008E
S2140422A043424B45203136334B310043424B4520A5
S2140422B0445341205369676E004543430043424BF1
S2140422C0452044534120566572696679005061631F
S2140422D06B65742056616C6964617465005A4C4C75
S2140422E00043424B45203238334B310045434320AC
S2140422F03238334B310043424B4520636F726500DE
S2140423004E4350004D756C7469206E6574776F7219
S2140423106B00456E68616E63656420426561636F39
S2140423206E205265710043424B45203238334B31A0
S2140423302044534120566572696679004D756C7465
S214042340692D50414E002F686F6D652F72756E6E45
S21404235065722F776F726B2F747579612D7A696742
S2140423606265652D7377697463682F747579612D5A
S2140423707A69676265652D7377697463682F736914
S2140423806C6162735F746F6F6C732F73696D706CBE
S21404239069636974795F73646B2F70726F746F63AB
S2140423A06F6C2F7A69676265652F737461636B2F30
S2140423B0636F6E6669672F736C5F7A6967626565BB
S2140423C05F636F6E66696775726174696F6E2E639C
S2140423D0002F686F6D652F72756E6E65722F776F3E
S2140423E0726B2F747579612D7A69676265652D73D2
S2140423F077697463682F747579612D7A6967626585
S214042400652D7377697463682F73696C6162735F93
S214042410746F6F6C732F73696D706C69636974790C
S2140424205F73646B2F70726F746F636F6C2F7A694F
S214042430676265652F737461636B2F6672616D6581
S214042440776F726B2F6165732D6563622E63002F41
S214042450686F6D652F72756E6E65722F776F726B0F
S2140424602F747579612D7A69676265652D7377694E
S2140424707463682F747579612D7A69676265652D52
S2140424807377697463682F73696C6162735F746FC2
S2140424906F6C732F73696D706C69636974795F739D
S2140424A0646B2F70726F746F636F6C2F7A696762D8
S2140424B065652F737461636B2F73656375726974D6
S2140424C0792F7A69676265652D73656375726974B9
S2140424D0792D6D616E616765722D6E6F2D766175EF
S2140424E06C742E63004572726F723A2020466169DE
S2140424F06C656420746F20726561642066726F6D0B
S21404250020454550524F4D2061742030782534586C
S2140425102C207374617475733A2025640045455005
S214042520524F4D20496E697469616C697A65643AE4
S21404253020256300454550524F4D20427573793A25
S214042540202563005061727469616C20576F726451
S2140425502053746F7261676520436F756E743A20FA
S214042560256400416464726573733A2030782534B8
S214042570582C205061727469616C20576F72643AEB
S214042580203078255800636F6E6669726D65640046
S214042590617373756D6564000A454550524F4D204E
S2140425A0496E666F004E6F7420617661696C616275
S2140425B06C6520286F6C64657220626F6F746C6F34
S2140425C06164657229005061727420446573637295
S2140425D0697074696F6E3A20202020202020202005
S2140425E0202573004361706162696C697469657360
S2140425F03A202020202020202020202020202030A8
S21404260078253258005061676520457261736520ED
S21404261074696D65202873293A20202020202025FF
S2140426206400506172742045726173652074696D2C
S21404263065202873293A2020202020202564005075
S2140426406172742045726173652074696D65202813
S2140426506D73293A202020202020256400506167CD
S214042660652073697A6520286279746573293A202F
S2140426702020202020202020256C00506172742009
S21404268073697A6520286279746573293A20202054
S214042690202020202020256C00576F726420736948
S2140426A07A6520286279746573293A2020202020D0
S2140426B020202020256420282570290045455052D6
S2140426C04F4D20696E69743A2030782558002F687B
S2140426D06F6D652F72756E6E65722F776F726B2FC6
S2140426E0747579612D7A69676265652D7377697487
S2140426F063682F747579612D7A69676265652D73D1
S21404270077697463682F73696C6162735F746F6F43
S2140427106C732F73696D706C69636974795F736425
S2140427206B2F7574696C2F706C7567696E2F706C7F
S2140427307567696E2D636F6D6D6F6E2F656570724C
S2140427406F6D2F656570726F6D2E6300556E6162D6
S2140427506C6520746F20626F6F7420696D616765A5
S21404276020617420736C6F7420256C640A00536CAB
S2140427706F74204D616E61676572206661696C6571
S2140427806420746F20657261736520736C6F740ABD
S214042790004D61782072656164206C696D697420EF
S2140427A073657420746F2025642062797465730AD7
S2140427B0004164647265737320202020202020204A
S2140427C02020446174610A00307825346C78202017
S2140427D02020202020307825780A004661696C6520
S2140427E06420746F20726561642066726F6D206663
S2140427F06C6173680A00536C6F7420256C640A203D
S214042800204164647265737320202020203A2030AF
S2140428107825346C580A20204C656E67746820202E
S214042820202020203A20307825346C582028256C27
S21404283064206279746573290A00202054797065CF
S21404284020202020202020203A20004E6F204742BF
S2140428504C2070726573656E740A005A6967426527
S214042860650A005468726561640A00436F6E6E659B
S21404287063740A00426C7565746F6F74680A00426C
S2140428806C7565746F6F7468206170706C696361D1
S21404289074696F6E0A004D43550A004F746865727A
S2140428A020283078256C58290A0020205665727333
S2140428B0696F6E20202020203A203078256C580A34
S2140428C00020204361706162696C69746965733ABB
S2140428D020307825346C580A00202050726F6475B6
S2140428E0637420494420203A20003078255820007C
S2140428F0536C6F74204D616E616765723A20666131
S214042900696C656420746F20696E697469616C69AA
S2140429107A6520626F6F746C6F61646572202865D7
S21404292072726F72203078253478290A00566572E0
S21404293073696F6E20202020203A2025640A0050F8
S21404294061727420202020202020203A2025730A3B
S214042950004361706162696C69746965733A20301A
S2140429607825780A00506172742073697A6520208D
S214042970203A20256420420A005061676520736966
S2140429807A652020203A20256420420A00576F7278
S214042990642073697A652020203A20256420420A40
S2140429A000536C6F7473202020202020203A2025AA
S2140429B0640A004661696C656420746F2072656100
S2140429C0642066726F6D2073746F7261676520662B
S2140429D06C61736820286572726F72202564290AF8
S2140429E000496E76616C696420736C6F742025648C
S2140429F020286D617820736C6F74202564290A0082
S214042A004661696C656420746F2067657420696E1E
S214042A10666F20666F7220736C6F742025640A00DC
S214042A20536C6F74204D616E616765723A20736CE7
S214042A306F74207772697465206661696C75726557
S214042A402E2041646472657373206F6666736574C2
S214042A502028256429202B207772697465206C65EC
S214042A606E6774682028256429206772656174651A
S214042A7072207468616E20746F74616C20736C6F5E
S214042A8074206C656E67746820282564290A0053D0
S214042A906C6F74204D616E61676572207761726E2B
S214042AA0696E673A20736C6F74202564206C656EBB
S214042AB06774682028256429206E6F7420616C6909
S214042AC0676E656420746F20706167652073697A29
S214042AD06520282564292E2054686520656E74694F
S214042AE0726520736C6F742077696C6C206E6F74DB
S214042AF0206265206572617365642E0A00536C6FEC
S214042B0074204D616E616765723A206661696C6512
S214042B106420746F20657261736520256420627971
S214042B2074657320696E20736C6F7420256420614D
S214042B307420616464726573732030782534782059
S214042B40286572726F722030782578290A004572DB
S214042B506173656420256420627974657320696EE8
S214042B6020736C6F742025640A004661696C656482
S214042B7020746F2073657420736C6F7420746F20D8
S214042B80626F6F7420286572726F722030782534F5
S214042B9078290A004661696C656420746F20736541
S214042BA074206C697374206F6620736C6F74732062
S214042BB0746F20626F6F7420286572726F72203093
S214042BC078253478290A004661696C656420746F38
S214042BD020676574206E6577206C697374206F6651
S214042BE020736C6F747320746F20626F6F74202868
S214042BF06572726F72203078253478290A0042652F
S214042C0067696E6E696E6720696D616765207665B3
S214042C1072696669636174696F6E2E2E2E002E6665
S214042C2061696C65642120284572726F7220307861
S214042C30253478290A002E70617373656421204256
S214042C406F6F74696E6720736C6F742025640A0056
S214042C50666E692B00666E69006E616E00666E694C
S214042C602D006C696273006273656E64007265732E
S214042C706574007261770073656E645F6D756C745D
S214042C8069636173740073656E642D7573696E672A
S214042C902D6D756C7469636173742D62696E6469F5
S214042CA06E670074696D6573796E63006765742D6D
S214042CB07074692D726164696F2D636F6E666967DF
S214042CC000636F6E6669672D6363612D6D6F64655F
S214042CD0006576656E7473007365637572697479DE
S214042CE0007A69676265655F7072696E7400706CFD
S214042CF07567696E006E6574006B657973006F7036
S214042D0074696F6E00706C7567006368616E6765E2
S214042D106B6579006368616E67656B007A646F0043
S214042D207072696E742072656C6174656420636F7A
S214042D306D6D616E64732E0061747472005A646FF4
S214042D402072656C6174656420636F6D6D616E647A
S214042D50732E00726F75746500706F776572006D00
S214042D60676D742D6C7169006D676D742D62696E84
S214042D7064006E6F64650073696D706C65006965E8
S214042D80656500756E62696E64006E776B2D75708E
S214042D9064006F75742D636C2D6C69737400696EB2
S214042DA02D636C2D6C697374005A646F20696E2DE4
S214042DB0636C2D6C6973742072656C617465642031
S214042DC0636F6D6D616E64732E005A646F206F7549
S214042DD0742D636C2D6C6973742072656C617465F4
S214042DE06420636F6D6D616E64732E005A646F2089
S214042DF06E776B2D7570642072656C6174656420E3
S214042E00636F6D6D616E64732E007363616E2D6304
S214042E1068616E2D6D61736B007363616E00636829
S214042E20616E5067006368616E005A646F20756E49
S214042E3062696E642072656C6174656420636F6D8C
S214042E406D616E64732E00756E69636173740063DE
S214042E5068616E67656B65792072656C617465641C
S214042E6020636F6D6D616E64732E006C696E6B000B
S214042E704F7074696F6E2072656C6174656420634C
S214042E806F6D6D616E64732E007265676973746529
S214042E9072006469736300696E7374616C6C2D638D
S214042EA06F64650062696E64696E672D7461626C36
S214042EB065007072696E742D72782D6D7367730079
S214042EC06170737265747279004150532072657430
S214042ED0727920666C616720666F72636520636F23
S214042EE06D6D616E647300456E61626C65732F442C
S214042EF0697361626C6573207072696E74696E675B
S214042F00206F66205278206D657373616765732E33
S214042F1000656E61626C650042696E64696E672066
S214042F207461626C652072656C6174656420636F9D
S214042F306D6D616E64732E00536563757269747982
S214042F40206B6579732072656C6174656420636FA9
S214042F506D6D616E64732E0064656C657465004EF9
S214042F606574776F726B2072656C61746564206338
S214042F706F6D6D616E64732E00666F726D007265A0
S214042F806A6F696E2D646966662D64657669636525
S214042F902D747970650065787470616E6964006973
S214042FA0736F70656E0062726F61642D706A6F690C
S214042FB06E006368616E67652D6368616E6E656C2E
S214042FC000696E6974006368616E67652D6B65657C
S214042FD0702D616C6976652D6D6F64650074696D1E
S214042FE0656F75742D6F7074696F6E2D6D61736B7C
S214042FF0006D756C74692D7068792D7374617274C4
S214043000006D756C74692D7068792D73746F70001B
S21404301066696E64006E6574776F726B2066696E9F
S2140430206420636F6D6D616E64732E006A6F696EE3
S21404303061626C6500756E7573656400736C6F749D
S2140430402D6D616E6167657200636F756E7465726F
S2140430507300656E642D6465766963652D7375709B
S214043060706F72740066696E642D616E642D626999
S2140430706E6400667261676D656E746174696F6E06
S2140430800067726F7570732D736572766572006E65
S2140430906574776F726B2D7374656572696E6700FD
S2140430A06F74612D626F6F746C6F6164006F74610E
S2140430B02D636C69656E74006F74612D73746F7222
S2140430C06167652D636F6D6D6F6E006F74612D7330
S2140430D0746F726167652D656570726F6D006964E3
S2140430E06C652D736C656570007570646174652D10
S2140430F074632D6C696E6B2D6B65790075706461F5
S21404310074652D74632D6C696E6B2D6B65792072F6
S214043110656C6174656420636F6D6D616E647300C5
S21404312074696D6572006E6F7700436F6D6D616EC6
S214043130647320746F20636F6E74726F6C2069649E
S2140431406C696E672F736C656570696E67206F6651
S214043150207468652064657669636500666F7263CB
S214043160652D6177616B65006177616B652D7768A6
S214043170656E2D6E6F742D6A6F696E656400726578
S214043180706F7274696E672072656C617465642012
S214043190636F6D6D616E64732E00636C6561722D72
S2140431A06C6173742D7265706F72742D74696D65BD
S2140431B000746573742D74696D696E67006F74614D
S2140431C02D73746F726167652D656570726F6D20FF
S2140431D072656C6174656420636F6D6D616E647393
S2140431E02E0077697065006F74612D73746F726159
S2140431F067652D636F6D6D6F6E2072656C617465A7
S2140432006420636F6D6D616E6473007072696E74B2
S214043210496D616765730072656C6F6164007374F1
S2140432206F726167652D696E666F00646174612DE7
S2140432307072696E74006F74612D636C69656E7468
S2140432402072656C6174656420636F6D6D616E6475
S214043250732E0076657269667900626C6F636B2DF7
S2140432607465737400706167652D72657175657336
S2140432707400757067726164652D72657175657327
S214043280740064697361626C652D646F776E67722F
S2140432906164657300656E61626C652D646F776E3C
S2140432A0677261646573006F74612D626F6F746C0E
S2140432B06F61642072656C6174656420636F6D6D04
S2140432C0616E6473006E6574776F726B2D737465CC
S2140432D06572696E672072656C6174656420636FDD
S2140432E06D6D616E64732E007072652D636F6E660D
S2140432F06967757265642D6B65792D736574006DE9
S21404330061736B2072656C6174656420636F6D6DA8
S214043310616E642E00737562747261637400677202
S2140433206F7570732D7365727665722072656C6145
S21404333074656420636F6D6D616E64732E006672CF
S21404334061676D656E746174696F6E2072656C6119
S21404335074656420636F6D6D616E64732E007365AF
S214043360742D72782D77696E646F772D73697A651C
S214043370006172746966696369616C2D626C6F635F
S2140433806B2D64726F700046696E6420616E6420F3
S21404339062696E642072656C6174656420636F6D27
S2140433A06D616E64732E00696E69746961746F7200
S2140433B000656E642D6465766963652D737570703B
S2140433C06F72742072656C6174656420636F6D6DD2
S2140433D0616E64732E00706F6C6C2D636F6D706C11
S2140433E0657465642D63616C6C6261636B00666F03
S2140433F07263652D73686F72742D706F6C6C0065E4
S2140434006E61626C655F7479706500737461636B7A
S21404341000617070007A636C006C65676163795F45
S21404342061665F646562756700636F756E74657266
S214043430732072656C6174656420636F6D6D616E74
S21404344064732E007072696E742D636F756E746586
S214043450722D747970650073696D706C652D707269
S214043460696E74007072696E742D74687265736820
S2140434706F6C6473007365742D7468726573686F1B
S2140434806C640072657365742D7468726573686F16
S2140434906C64730073656E642D7265717565737400
S2140434A00073656375726974792072656C617465FE
S2140434B06420636F6D6D616E6473007365742D6153
S2140434C06C6C6F772D74727573742D63656E74658A
S2140434D0722D72656A6F696E2D7573696E672D77C6
S2140434E0656C6C2D6B6E6F776E2D6B6579007365EE
S2140434F0742D616C6C6F772D74727573742D63659F
S2140435006E7465722D72656A6F696E2D7573696E59
S214043510672D77656C6C2D6B6E6F776E2D6B65798A
S2140435202D74696D656F7574007365742D6B65799C
S2140435302D726571756573742D706F6C696379008F
S2140435406D66672D746F6B656E00617073005365EE
S214043550637572697479206170732072656C617426
S214043560656420636F6D6D616E64732E00476574C9
S2140435702F736574204D464720746F6B656E2E005E
S214043580656E64706F696E742072656C61746564D0
S21404359020636F6D6D616E64732E00656570726F67
S2140435A06D207574696C6974792072656C617465D4
S2140435B06420636F6D6D616E647300536C6F74206A
S2140435C04D616E616765722072656C617465642016
S2140435D0636F6D6D616E647300626F6F742D736CD0
S2140435E06F740065726173652D736C6F7400657813
S2140435F0742D666C6173682D696E666F00736C6FEC
S21404360074732D696E666F005072696E74732074DD
S214043610696D652E005072696E74732061747472DD
S21404362069627574652E00436C65617273207468F4
S21404363065205A444F206C697374206F6620636C4F
S21404364069656E742028696E2920636C75737465C9
S21404365072732E004164647320636C7573746572B0
S2140436607320746F20746865206B6E6F776E2063AA
S2140436706C69656E742028696E2920636C75737492
S214043680657273206F6E207468697320646576694A
S21404369063652E00436C6561727320746865205AF6
S2140436A0444F206C697374206F6620636C69656E82
S2140436B07420286F75742920636C7573746572732F
S2140436C02E004164647320636C7573746572732092
S2140436D0746F20746865206B6E6F776E20636C69F8
S2140436E0656E7420286F75742920636C7573746511
S2140436F07273206F6E2074686973206465766963DC
S214043700652E0053656E647320616E207570646167
S2140437107465206368616E6E656C2072657175658C
S21404372073742E006368616E6E656C1F0053656E5D
S214043730647320616E2075706461746520636861CB
S2140437406E6E656C2070616765207265712E2054FC
S214043750686520737461636B2073656E6473206E92
S214043760776B20656E68616E63656420757064614E
S21404377074652072657120666F72206E6F6E2D7A86
S21404378065726F20706167652E006368616E6E6592
S2140437906C1F706167651F00506572666F726D738B
S2140437A020616E20656E65726779207363616E2E84
S2140437B0007461726765744E6F646549641F736351
S2140437C0616E4475726174696F6E1F7363616E43D4
S2140437D06F756E741F0042726F61646361737473F5
S2140437E020746865204944206F6620746865206EDE
S2140437F06577206E6574776F726B206D616E616796
S214043800657220616E6420616374697665206368FE
S214043810616E6E656C732E006E776B4D67654964DA
S2140438201F6368616E6E656C4D61736B1F00506537
S21404383072666F726D7320616E20656E657267794D
S214043840207363616E206F6E20676976656E2063F1
S21404385068616E6E656C206D61736B2E00746172A8
S2140438606765744E6F646549641F7363616E44755F
S214043870726174696F6E1F7363616E436F756E74E5
S2140438801F6368616E6E656C4D61736B1F005365D4
S2140438906E64732061206E6574776F726B2061644A
S2140438A06472657373207265717565737420666FD0
S2140438B0722074686520676976656E2049454545BB
S2140438C020616464726573732E00696565651F0004
S2140438D0526571756573747320616E20494545455C
S2140438E02061646472657373206261736564206F1B
S2140438F06E206120676976656E206E6F6465204968
S214043900442E006E6F646549641F0053656E6473CD
S21404391020612073696D706C6520646573637269D9
S21404392070746F72207265717565737420666F7239
S214043930207468652073686F7274206164647265AD
S214043940737320616E6420656E64706F696E742094
S2140439507370656369666965642E00646573741FB5
S214043960746172676574456E64706F696E741F0067
S21404397053656E64732061206D6174636844657377
S21404398063726970746F72735265717565737420AF
S214043990746F2074686520676976656E2064657345
S2140439A074696E6174696F6E2077697468207468D0
S2140439B06520676976656E2070726F66696C652E21
S2140439C0006E6F646549641F70726F66696C651F6C
S2140439D00053656E64732061206E6F6465206465B1
S2140439E07363726970746F7220726571756573742F
S2140439F020746F206120676976656E207461726733
S214043A006574206465766963652E00746172676503
S214043A10741F0053656E64732061205A444F20421D
S214043A20696E6420636F6D6D616E6420746F2061CF
S214043A302064657669636520737065636966696585
S214043A406420696E2074686520636F6D6D616E64B2
S214043A5020617267756D656E74732E0044657374A9
S214043A60696E6174696F6E1F536F75726365206546
S214043A706E64706F696E741F44657374696E6174E6
S214043A80696F6E20656E64706F696E741F636C7503
S214043A907374657249441F72656D6F746545554944
S214043AA036341F6465737445554936341F005365B0
S214043AB06E647320616E2061637469766520656E3A
S214043AC064706F696E7420726571756573742074A2
S214043AD06F20746865206465766963652077697409
S214043AE0682074686520676976656E2073686F72EF
S214043AF0742049442E0053656E647320616E2075ED
S214043B006E62696E64207265717565737420666F83
S214043B1072206120756E69636173742062696E64D5
S214043B20696E6720746F20746865207461726765B7
S214043B3074206465766963652E00746172676574C3
S214043B401F736F757263652065756936341F736FEE
S214043B507572636520656E64706F696E741F636C3E
S214043B60757374657249441F64657374696E617411
S214043B70696F6E45554936341F64657374696E61A2
S214043B8074696F6E20656E64706F696E741F00537F
S214043B90656E647320616E20756E62696E64207251
S214043BA065717565737420666F722061206D756C1F
S214043BB07469636173742062696E64696E672074E5
S214043BC06F20746865207461726765742064657616
S214043BD06963652E007461726765741F736F75720E
S214043BE063652065756936341F736F757263652067
S214043BF0656E64706F696E741F636C75737465723A
S214043C0049441F67726F7570416464726573731FED
S214043C100053656E64732061205A444F204D616ED4
S214043C206167656D656E74204C6561766520636FAB
S214043C306D6D616E6420746F2074686520746172A3
S214043C40676574206465766963652E0074617267BF
S214043C5065741F72656D6F76654368696C6472651A
S214043C606E1F72656A6F696E1F0053656E647320FB
S214043C7061205A444F204D474D542D42696E6420AE
S214043C802842696E64696E67205461626C652920F7
S214043C905265717565737420746F2074686520743A
S214043CA06172676574206465766963652E00746165
S214043CB0726765741F7374617274496E6465781FE5
S214043CC00053656E64732061205A444F204D474D5F
S214043CD0542D4C514920284C5149205461626C653E
S214043CE029205265717565737420746F2074686535
S214043CF020746172676574206465766963652E0056
S214043D0053656E64732061205A444F20506F776564
S214043D10722044657363726970746F7220526571A1
S214043D207565737420746F20746865207461726797
S214043D306574206465766963652E0053656E6473E6
S214043D402061205A444F20726F7574652072657125
S214043D507565737420636F6D6D616E6420746F2077
S214043D60746865207461726765742E007461726786
S214043D7065741F696E6465781F00696E6465781FD4
S214043D8065756936341F696E7374616C6C436F6451
S214043D90651F00696E6465781F65756936341F6B28
S214043DA065791F005443206C696E6B206B6579201F
S214043DB07265717565737420706F6C6963791F41E1
S214043DC07070206C696E6B206B65792072657175F6
S214043DD065737420706F6C6963791F00426F6F6C33
S214043DE03A20616C6C6F7720747275737420636507
S214043DF06E7465722072656A6F696E207573696E7B
S214043E00672077656C6C2D6B6E6F776E206B6579AB
S214043E101F0070726F66696C6549641F636C757306
S214043E2074657249641F0074617267657449641F1F
S214043E3000456E61626C6573207072696E74696E9B
S214043E4067206F66205278206D65737361676573AB
S214043E502E0053657473207468652062696E646905
S214043E606E67207461626C6500696E6465781F63B2
S214043E706C75737465721F6C6F63616C45701F722A
S214043E80656D6F746545701F65756936341F00432C
S214043E906C65617273207468652062696E64696E0D
S214043EA067207461626C652E005072696E747320AC
S214043EB07468652062696E64696E67207461626CFA
S214043EC06520746F2074686520636F6D6D616E6421
S214043ED0206C696E652E00436C6561727320616C9C
S214043EE06C207365637572697479206B6579732EBB
S214043EF00044656C6574652074686520737065633A
S214043F006966696564206C696E6B206B65792069E7
S214043F106E6465782E005072696E747320616C6CE2
S214043F20207365637572697479206B6579732E00E6
S214043F305465726D696E6174657320746865206D6E
S214043F40756C74692D50485920696E746572666183
S214043F506365005573656420746F207374617274AE
S214043F60206D756C74692D50485920696E7465729D
S214043F7066616365206F74686572207468616E207C
S214043F806E617469766520616E6420666F726D205A
S214043F90746865206E6574776F726B2E205468653E
S214043FA020737461636B20757365732073616D652C
S214043FB02050616E4964206173206E617469766571
S214043FC020726164696F206E6574776F726B2E0061
S214043FD0706167651F6368616E6E656C1F706F77CE
S214043FE065721F6F7074696F6E734D61736B2028F2
S214043FF04269742030203D20526F757465727320B8
S214044000616C6C6F7765642C204269742031203DA6
S2140440102042726F61646361737420616C6C6F77A5
S2140440206564291F00417474656D70747320746F21
S214044030206368616E676520746865206368696CD0
S214044040642074696D656F7574206F7074696F6E23
S214044050206D61736B20746F2066696C74657220C2
S2140440606F757420756E646573697261626C652021
S21404407076616C7565732028652E672E206E6F201A
S2140440806D6F7265207468616E2033206461797385
S214044090292E0074696D656F7574206F7074696F6E
S2140440A06E206D61736B1F00537769746368657364
S2140440B0206265747765656E2064696666657265F8
S2140440C06E74206B65657020616C697665206D6F13
S2140440D064657320737570706F727465642062799A
S2140440E0206120726F757465722E004B65657020B2
S2140440F0616C697665206D6F64651F005072696E29
S2140441007473207468652063757272656E74204ECD
S2140441106F64652049442C2045554936342C20616B
S2140441206E642050616E2049442E00496E6974699D
S214044130616C697A65732061206E6574776F726B43
S2140441403B207468697320697320612074657374F6
S21404415020636F6D6D616E64207573656420666F91
S214044160722074632D737761702D6F757420746577
S2140441707374696E672E00536574732074686520C3
S2140441806E6574776F726B20696E646578207573DC
S214044190656420627920616C6C206675747572653E
S2140441A020434C4920636F6D6D616E64732E20202E
S2140441B04265666F726520657865637574696E67B7
S2140441C0206120434C4920636F6D6D616E642C2022
S2140441D0746865206672616D65776F726B2073779D
S2140441E069746368657320746F2074686973206EDD
S2140441F06574776F726B2E20204166746572207426
S214044200686520636F6D6D616E642066696E6973A0
S21404421068657320657865637574696E672C2074A9
S2140442206865206672616D65776F726B2073776957
S2140442307463686573206261636B20746F207468AE
S214044240652070726576696F7573206E6574776F16
S214044250726B2E202054686520434C492075736584
S21404426073207468652073616D65206E6574776F5E
S214044270726B20696E64657820756E74696C207440
S2140442806865206465766963652072657365747312
S214044290206F72206974206973206368616E676595
S2140442A064207468726F7567682074686973206325
S2140442B06F6D6D616E642E00417474656D707473F9
S2140442C020746F206368616E676520646576696331
S2140442D065206F76657220746F2061206469666657
S2140442E06572656E74206368616E6E656C206769BE
S2140442F076656E20696E20746865206368616E6EEC
S214044300656C20617267756D656E742E0054686501
S214044310206368616E6E656C20746F206368616EDE
S214044320676520746F1F0066696E64556E757365E5
S2140443306450616E49640066696E644A6F696E61B2
S214044340626C654E6574776F726B005065726D694A
S2140443507473206A6F696E696E67206F6E20746866
S21404436065206E6574776F726B20666F72206120AD
S214044370676976656E206E756D626572206F66205D
S2140443807365636F6E647320414E442062726F617E
S2140443906463617374732061205A444F204D676DC3
S2140443A074205065726D6974204A6F696E696E6711
S2140443B0207265717565737420746F20616C6C204F
S2140443C0726F75746572732E00412073696E676C24
S2140443D065206279746520696E6469636174696EC8
S2140443E06720686F77206C6F6E672074686520643A
S2140443F065766963652073686F756C64206861769A
S21404440065207065726D6974206A6F696E696E677F
S214044410207475726E6564206F6E20666F722E202F
S214044420412076616C7565206F662030786666205C
S2140444307475726E73206F6E207065726D69742069
S2140444406A6F696E20696E646566696E6974656C08
S214044450792E1F00436865636B73206E6574776FEF
S214044460726B20706A6F696E207374617475732E34
S214044470005772697465732074686520657874657E
S2140444806E6465642070616E20494420666F7220F5
S214044490746865206465766963652E006578747053
S2140444A0616E69641F0052656A6F696E7320616E7F
S2140444B0206578697374696E67206E6574776F72A9
S2140444C06B20696E206120736563757265206F7258
S2140444D020696E736563757265206D616E6E6572B4
S2140444E02077697468206120646966666572656E03
S2140444F0742064657669636520747970652E00425D
S2140445006F6F6C65616E206E6574776F726B206B6F
S214044510657920617661696C6162696C6974791F7A
S2140445204368616E6E656C206D61736B1F416E200F
S214044530656E756D65726174696F6E20696E646907
S214044540636174696E672074686520646576696360
S21404455065207479706520746F2072656A6F696E61
S2140445602061732E54686520737461636B206F6ECC
S2140445706C79206163636570747320534C5F5A4989
S214044580474245455F454E445F44455649434520AA
S214044590616E6420534C5F5A49474245455F534C0D
S2140445A0454550595F454E445F4445564943452E5C
S2140445B01F0052654A6F696E732061206E657477BA
S2140445C06F726B2E00426F6F6C65616E206E657441
S2140445D0776F726B206B657920617661696C6162B6
S2140445E0696C6974791F4368616E6E656C206D61D1
S2140445F0736B1F004C65617665732061206E65746D
S214044600776F726B2E005475726E73207065726DC0
S2140446106974206A6F696E696E67206F6E20666FB4
S214044620722074686520616D6F756E74206F6620E5
S21404463074696D6520696E646963617465642E00CF
S214044640412073696E676C65206279746520696EB3
S2140446506469636174696E6720686F77206C6F6E37
S2140446606720746865206465766963652073686F7F
S214044670756C642068617665207065726D69742057
S2140446806A6F696E696E67207475726E206F6E202D
S214044690666F722E20412076616C7565206F6620E9
S2140446A030786666207475726E73207065726D69F4
S2140446B074206A6F696E20696E646566696E6974D3
S2140446C0656C792E1F004A6F696E732061206E65D3
S2140446D074776F726B206F6E206120676976656EE3
S2140446E0206368616E6E656C2C207769746820613F
S2140446F020676976656E20545820506F776572205F
S214044700616E642050414E2049442E005468652052
S2140447106368616E6E656C206F6E20776869636887
S21404472020746F206A6F696E20746865206E6574E5
S214044730776F726B1F4F6E652D627974652073698F
S214044740676E65642076616C756520696E6469635E
S2140447506174696E672074686520545820506F77BA
S2140447606572207468617420746865207261646977
S2140447706F2073686F756C6420626520736574209F
S214044780746F1F5468652050414E204944206F6E54
S21404479020776869636820746F206A6F696E207476
S2140447A06865206E6574776F726B1F00466F726D56
S2140447B0732061206E6574776F726B206F6E206154
S2140447C020676976656E206368616E6E656C2C2062
S2140447D077697468206120676976656E205458206E
S2140447E0506F77657220616E642050414E204944B4
S2140447F02E00546865206368616E6E656C206F6E6B
S21404480020776869636820746F20666F726D207401
S2140448106865206E6574776F726B1F4F6E652D62C8
S214044820797465207369676E65642076616C756556
S21404483020696E6469636174696E672074686520B4
S214044840545820506F7765722074686174207468B9
S2140448506520726164696F2073686F756C6420628A
S214044860652073657420746F1F5468652050414E2C
S214044870204944206F6E20776869636820746F202F
S214044880666F726D20746865206E6574776F726BE0
S2140448901F005468697320696E697469617465736E
S2140448A020612054434C4B207570646174652070FD
S2140448B0726F6365647572652E005370656369660E
S2140448C0792074686520616D6F756E74206F66203C
S2140448D074696D6520746F207761697420616674ED
S2140448E06572206F6E652054434C4B20757064616E
S2140448F07465206F7065726174696F6E20636F6D86
S214044900706C65746573206265666F726520626597
S21404491067696E6E696E672061206E657720544302
S2140449204C4B20757064617465206F706572617499
S214044930696F6E2E0054686520616D6F756E742005
S2140449406F662074696D65206265747765656E2090
S21404495073756273657175656E742074727573749D
S2140449602063656E746572206C696E6B206B657966
S214044970207570646174657320696E206D696C6C53
S214044980697365636F6E64731F00536574206F727A
S21404499020636C6561722073746179206177616B42
S2140449A065207768656E206E6F74206A6F696E6521
S2140449B06400536574206F7220636C6561722066B0
S2140449C06F726365206177616B6500446973706C10
S2140449D061792074686520736C65657020737461F2
S2140449E074757300464F522054455354494E47201D
S2140449F0505552504F534553202D206761746865B7
S214044A00722074696D696E67206D6574726963736C
S214044A1020666F72207265706F7274696E67207498
S214044A2061626C65206F7065726174696F6E732E57
S214044A3000436C6561727320746865206C617374DE
S214044A40207265706F72742074696D65206F6620BD
S214044A50617474726962757465732E00416464735C
S214044A602061206E657720656E74727920746F20DD
S214044A70746865207265706F7274207461626C6508
S214044A802E00546865206C6F63616C20656E6470DC
S214044A906F696E742066726F6D207768696368202C
S214044AA074686520617474726962757465206973CC
S214044AB0207265706F727465641F54686520636C39
S214044AC075737465722077686572652074686520EE
S214044AD0617474726962757465206973206C6F639F
S214044AE0617465641F546865204944206F662074A9
S214044AF0686520617474726962757465206265699C
S214044B006E67207265706F727465641F3020666FFE
S214044B107220636C69656E742D73696465206174B4
S214044B207472696275746573206F72203120666FC3
S214044B3072207365727665722D736964652061747C
S214044B4074726962757465731F546865206D696E46
S214044B50696D756D207265706F7274696E67206911
S214044B606E74657276616C2C206D65617375726502
S214044B706420696E207365636F6E64732E1F5468B9
S214044B8065206D6178696D756D207265706F7274DD
S214044B90696E6720696E74657276616C2C206D652B
S214044BA061737572656420696E207365636F6E64E5
S214044BB0732E1F546865206D696E696D756D20636C
S214044BC068616E676520746F20746865206174740C
S214044BD072696275746520746861742077696C6C98
S214044BE020726573756C7420696E2061207265701E
S214044BF06F7274206265696E672073656E742E1F0B
S214044C000052656D6F76657320616E20656E7472F2
S214044C10792066726F6D20746865207265706F7295
S214044C2074207461626C652E0054686520696E6435
S214044C306578206F6620746865207265706F72747C
S214044C4020746F2062652072656D6F7665641F0040
S214044C50436C6561727320616C6C20656E74726956
S214044C6065732066726F6D20746865207265706F58
S214044C707274207461626C652E005072696E74736F
S214044C8020746865207265706F7274207461626C3B
S214044C90652E00576970657320616C6C20646174BE
S214044CA06120696E207468652073746F726167652D
S214044CB0206465766963652E005072696E7473208D
S214044CC061726269747261727920627974657320A4
S214044CD06F6620746865204F544120696D6167656E
S214044CE0206F6E206469736B2E0054686520696EAD
S214044CF0646578206F662074686520696D616765F1
S214044D0020746F207072696E7420697473206461F5
S214044D1074611F546865206F666673657420696ED7
S214044D20746F20746865204F544120696D6167650F
S214044D3020746861742077696C6C206265207072D8
S214044D40696E7465641F005072696E747320696EB0
S214044D50666F726D6174696F6E2061626F75742020
S214044D607468652073746F7261676520646576691C
S214044D7063652E0052656C6F6164207468652073E9
S214044D80746F72616765206465766963652E004496
S214044D90656C657465732074686520696D61676504
S214044DA0206174207468652073706563696669653C
S214044DB06420696E6465782E0054686520696E64A4
S214044DC0657820617420776869636820746F206250
S214044DD06567696E2064656C6574696E67207468BF
S214044DE06520696D6167651F005072696E74732073
S214044DF074686520696D616765732E00456E61622F
S214044E006C6573204F544120646F776E67726164DB
S214044E1065732E0044697361626C6573204F544158
S214044E2020646F776E6772616465732E0053656ED7
S214044E30647320616E2055706772616465456E64A4
S214044E405265717565737420746F20616E204F54BB
S214044E5041207365727665722E0043616E2062652A
S214044E60207573656420746F2064796E616D696360
S214044E70616C6C79207475726E206F66662073653B
S214044E806E64696E6720706167652072657175650A
S214044E90737473206F6E2074686520636C69656E26
S214044EA07420736964652C206966207468652073B1
S214044EB0657276657220646F65736E2774207375E9
S214044EC070706F7274207468697320666561747597
S214044ED072652E00426F6F6C65616E2076616C752C
S214044EE065207475726E696E67206F6E202831298E
S214044EF0206F72206F66662028302920746865202B
S214044F0070616765207265717565737420666C617F
S214044F10671F0053656E647320616E20696D616758
S214044F206520626C6F636B2072657175657374209F
S214044F30666F7220612066696C65207468652073EC
S214044F4065727665722073686F756C64206E6F7414
S214044F5020686176652E202054657374206861721B
S214044F606E657373206F6E6C792028746573742075
S214044F706361736520392E352E36202D204D6973D6
S214044F8073696E672046696C6529005072696E7491
S214044F907320696E666F726D6174696F6E206F6ED2
S214044FA0207468652063757272656E74207374610C
S214044FB07465206F6620746865204F544120636CC6
S214044FC069656E7420646F776E6C6F61642E00532F
S214044FD0746F707320746865204F54412073746135
S214044FE07465206D616368696E652E005374617222
S214044FF0747320746865204F544120636C69656E31
S21404500074207374617465206D616368696E652EBF
S21404501020546865207374617465206D61636869E3
S2140450206E6520646973636F766572732074686551
S214045030204F5441207365727665722C2071756515
S2140450407269657320666F72206E657720696D617C
S2140450506765732C20646F776E6C6F61647320745D
S214045060686520696D6167657320616E6420776189
S21404507069747320666F722074686520736572762F
S214045080657220636F6D6D616E6420746F20757039
S21404509067726164652E005072696E74732074685A
S2140450A065206D616E7566616374757265722049FC
S2140450B0442C20496D616765205479706520494405
S2140450C02C20616E642056657273696F6E20696E5B
S2140450D0666F726D6174696F6E20746861742061A6
S2140450E072652075736564207768656E206120712B
S2140450F075657279206E65787420696D61676520C0
S21404510069732073656E7420746F207468652073E9
S21404511065727665722062792074686520636C69AE
S214045120656E742E00506572666F726D73207369B7
S214045130676E617475726520766572696669636107
S21404514074696F6E206F6E2074686520696D616780
S2140451506520617420746865207370656369666988
S214045160656420696E6465782E0054686520696EEF
S21404517064657820617420776869636820746F209A
S214045180626567696E2076657269666963617469CB
S2140451906F6E206F662074686520696D6167651F91
S2140451A000426F6F746C6F61647320746865206965
S2140451B06D6167652061742074686520737065632B
S2140451C0696669656420696E64657820627920631F
S2140451D0616C6C696E6720746865204F5441206268
S2140451E06F6F746C6F61642063616C6C6261636B77
S2140451F02E0054686520696E646578206174207793
S2140452006869636820746F20626567696E20626FE0
S2140452106F746C6F6164696E672074686520696D6D
S2140452206167651F005072696E747320696E666FDD
S2140452302061626F75742074686520696E7374618A
S2140452406C6C656420626F6F746C6F616465722E3B
S21404525000537562747261637473206120636861BD
S2140452606E6E656C2066726F6D2065697468657213
S21404527020746865207072696D617279206F72207F
S2140452807365636F6E64617279206368616E6E65C0
S2140452906C206D61736B206F6620746865206E6584
S2140452A074776F726B2D7374656572696E672063AD
S2140452B06F6D706F6E656E742E005468652063683B
S2140452C0616E6E656C206D61736B20746F207375F0
S2140452D062747261637420746865206368616E6EBC
S2140452E0656C2066726F6D1F546865206368616E16
S2140452F06E656C20746F20737562747261637420BB
S214045300746865206D61736B2066726F6D1F004153
S2140453106464732061206368616E6E656C20746FCC
S2140453202065697468657220746865207072696D9A
S214045330617279206F72207365636F6E646172792F
S214045340206368616E6E656C206D61736B206F669A
S21404535020746865206E6574776F726B2D73746540
S2140453606572696E6720636F6D706F6E656E742EFE
S21404537000546865206368616E6E656C206D6173A9
S2140453806B20746F206164642061206368616E6EB4
S214045390656C20746F1F546865206368616E6E6563
S2140453A06C20746F2061646420746F2074686520B8
S2140453B06D61736B1F00536574732065697468654B
S2140453C07220746865207072696D617279206F72DC
S2140453D0207365636F6E64617279206368616E6EB4
S2140453E0656C206D61736B2E00546865206368617C
S2140453F06E6E656C206D61736B20746F20737562BE
S214045400747261637420746865206368616E6E6587
S2140454106C2066726F6D1F5468652076616C7565C6
S21404542020746F2073657420746865206368616EE9
S2140454306E656C206D61736B20746F2E1F00536550
S214045440747320746865207072652D636F6E666968
S2140454506775726564206B657920736F2074686164
S2140454607420746865206A6F696E696E6720646567
S214045470766963652063616E20656E746572207458
S2140454806865206E6574776F726B2E00536574734F
S2140454902074686520707265636F6E6669677572DE
S2140454A06564206B65791F0053746F70732074688D
S2140454B065206E6574776F726B20737465657269A8
S2140454C06E672070726F636573732E005374617217
S2140454D0747320746865206E6574776F726B2073BE
S2140454E074656572696E672070726F636573732E78
S2140454F00041206D61736B206F66206F7074696F56
S2140455006E7320666F7220696E6469636174696E77
S214045510672073706563696669632062656861768F
S214045520696F722077697468696E20746865206E86
S2140455306574776F726B2D7374656572696E672018
S21404554070726F636573732E1F00446973706C61A9
S2140455507973207468652063757272656E7420733F
S2140455607461747573206F6620746865206E657444
S214045570776F726B207374656572696E67207072DC
S2140455806F636573732E00436C6561727320746871
S214045590652067726F757073207461626C65206F26
S2140455A06E20657665727920656E64706F696E74B8
S2140455B0005072696E747320696E666F726D6174E2
S2140455C0696F6E2061626F75742074686520636FFE
S2140455D06E74656E7473206F6620746865206772D7
S2140455E06F757073207461626C652E004172746905
S2140455F066696369616C6C792064726F7073207479
S214045600686520626C6F636B206E756D62657220D0
S214045610646566696E6564206279207468652070C6
S214045620617373656420617267756D656E74206F4F
S2140456306E6C79206F6E63652C20616E64207468CE
S214045640656E20616C6C6F77732069742075706F5B
S2140456506E20612072657472792E0054686520622B
S2140456606C6F636B206E756D62657220746F20615B
S21404567072746966696369616C6C792064726F70B0
S21404568020746F20666F7263652061207265747281
S21404569079202D2073657420746F20307846462058
S2140456A0746F2064697361626C651F00536574735C
S2140456B02074686520726563656976652077696E0F
S2140456C0646F772073697A652E202042792064659A
S2140456D066696E6974696F6E20696E2074686520E9
S2140456E0536D61727420456E657267792070726FAF
S2140456F066696C65206974206D7573742062652014
S21404570073657420746F2031206275742074686920
S2140457107320616C6C6F777320697420746F2062D9
S21404572065206368616E6765642E00546865206D45
S2140457306178206E756D626572206F662074686588
S21404574020626C6F636B732072656365697665644B
S214045750206265666F726520616E20415053206139
S214045760636B2069732067656E6572617465641F78
S214045770004D616B65732074686973206E6F646591
S214045780207374617274206964656E7469667969DD
S2140457906E67206173206120746172676574206689
S2140457A06F722062696E64696E6720776974682018
S2140457B0616E20696E69746961746F72206E6F64BD
S2140457C0652E0054686520656E64706F696E74207B
S2140457D06F6E20776869636820746F2062656769F6
S2140457E06E207468652046696E64696E6720616E13
S2140457F0642042696E64696E6720746172676574BA
S2140458002070726F636573731F004D616B65732040
S21404581074686973206E6F64652073746172742093
S21404582074686520696E69746961746F722070614A
S2140458307274206F66207468652066696E64696E8B
S2140458406720616E642062696E64696E6720707298
S2140458506F636573732E0054686520656E64706F9D
S214045860696E74206F6E20776869636820746F2091
S214045870626567696E207468652046696E64696E41
S2140458806720616E642042696E64696E6720696E83
S21404589069746961746F722070726F636573731FC5
S2140458A0005365747320776865746865722074683D
S2140458B06520434C4920666F72636573207468657F
S2140458C02064657669636520746F2073686F7274EC
S2140458D020706F6C6C2E005468652076616C75655C
S2140458E020696E6469636174696E6720776865749D
S2140458F068657220746865206465766963652073DC
S214045900686F756C642073686F727420706F6C6C4B
S2140459101F00536574732077686574686572207415
S2140459206865206465766963657320706F6C6C20A7
S214045930636F6D706C657465642063616C6C626122
S214045940636B2066756E6374696F6E206973206579
S2140459506E61626C65642E005468652076616C75B1
S2140459606520696E6469636174696E67207768652B
S2140459707468657220746865206465766963657307
S21404598020706F6C6C20636F6D706C65746564203A
S21404599063616C6C6261636B2066756E6374696FB9
S2140459A06E20697320656E61626C65641F004469CD
S2140459B073706C6179732074686520737461747590
S2140459C073206F662074686520456E64204465768F
S2140459D06963657320706F6C6C696E672E00456E24
S2140459E061626C652F64697361626C6520646562CC
S2140459F0756720606C6567616379206170702066E6
S214045A0072616D65776F726B20646562756760207E
S214045A107072696E7420747970652E00456E6162CA
S214045A206C652F64697361626C651F00456E616204
S214045A306C652F64697361626C6520646562756762
S214045A4020607A636C60207072696E74207479705A
S214045A50652E00456E61626C652F64697361626CC5
S214045A60652064656275672060617070602070727E
S214045A70696E7420747970652E00456E61626C657B
S214045A802F64697361626C65206465627567206063
S214045A90636F726560207072696E742074797065C5
S214045AA02E00456E61626C652F64697361626C6575
S214045AB02064656275672060737461636B60207030
S214045AC072696E7420747970652E0053656E647303
S214045AD02061207265717565737420666F72204F3D
S214045AE0544120636F756E746572732E005265732D
S214045AF065747320616C6C207468726573686F6C6F
S214045B0064732076616C75657320746F20307846F4
S214045B104646462E00536574732061207468726589
S214045B2073686F6C642076616C756520666F72208E
S214045B306120706172746963756C61722074797027
S214045B4065206F6620636F756E7465722E005479D7
S214045B507065206F6620636F756E7465721F546877
S214045B60726573686F6C642056616C75651F0050AF
S214045B7072696E74732074686520746872657368DD
S214045B806F6C6473206F6620616C6C20746865208B
S214045B90636F756E746572732E00436C6561727301
S214045BA020616C6C20636F756E7465722076616C10
S214045BB07565732E005072696E747320616C6C2068
S214045BC0636F756E7465722076616C7565732E00EE
S214045BD05072696E7473207468652076616C75659E
S214045BE0206F6620746869732070617274696375C7
S214045BF06C617220636F756E7465722E00546865EE
S214045C0020636F756E746572207479706520746F86
S214045C10207072696E741F005072696E747320610E
S214045C206C6C20636F756E7465722076616C756536
S214045C307320616E6420636C65617273207468659A
S214045C406D2E00536574204D464720746F6B656E49
S214045C502C2043414E4E4F5420424520554E53452A
S214045C605420425920434C492E005072696E7420C9
S214045C704D464720746F6B656E2E005072696E74C5
S214045C8020616374697665206576656E74732E008C
S214045C9044697361626C652074686520656E64701F
S214045CA06F696E7420666F72205A434C206D65735C
S214045CB073616765732E00456E64706F696E742039
S214045CC0696E6465781F00456E61626C6573207446
S214045CD0686520656E64706F696E7420666F7220E6
S214045CE05A434C206D657373616765732E0050725A
S214045CF0696E7420737461747573206F6620656EA4
S214045D0064706F696E74732E0053686F77732074B3
S214045D1068652076657273696F6E206F6620746896
S214045D206520736F6674776172652E005365742000
S214045D3074686520636F6E6669677572656420387B
S214045D4030322E31352E3420434341206D6F646546
S214045D5020696E2074686520726164696F2E205312
S214045D60656520646F63756D656E746174696F6EC6
S214045D7020726567617264696E67205241494C5FA0
S214045D80494545453830323135345F4363614D6F9C
S214045D9064655F742E0041205241494C5F49454575
S214045DA0453830323135345F4363614D6F64655F27
S214045DB0742076616C75651F0052657475726E7317
S214045DC02050544920726164696F20636F6E66695F
S214045DD06720696E666F726D6174696F6E20746F8A
S214045DE02064657465726D696E65207468652050FC
S214045DF048592074797065206265696E67207573EA
S214045E006564206279205241494C2E20726574756F
S214045E10726E2076616C756520697320656E756D8B
S214045E20205241494C5F4945454538303231353476
S214045E305F507469526164696F436F6E6669675F29
S214045E407420652E6720205241494C5F49454545DC
S214045E503830323135345F5054495F524144494FEB
S214045E605F434F4E4649475F32503447485A203DB9
S214045E70203078303055205241494C5F49454545DD
S214045E803830323135345F5054495F524144494FBB
S214045E905F434F4E4649475F32503447485A5F4146
S214045EA04E54444956203D203078303155205241D6
S214045EB0494C5F494545453830323135345F505496
S214045EC0495F524144494F5F434F4E4649475F320C
S214045ED0503447485A5F434F4558203D2030783069
S214045EE03255205241494C5F494545453830323198
S214045EF035345F5054495F524144494F5F434F4ED7
S214045F004649475F32503447485A5F414E544449E5
S214045F10565F434F4558203D203078303355005364
S214045F20656E6473206120726561642061747472A6
S214045F3020666F72207468652074696D65206F66CC
S214045F40207468652064657669636520737065638C
S214045F5069666965642E20497420736574732061CC
S214045F6020666C616720736F207768656E2069749D
S214045F7020676574732074686520726573706F6E2D
S214045F807365206974207772697465732074686514
S214045F902074696D6520746F20697473206F776E42
S214045FA02074696D6520617474722E0049641F73D1
S214045FB07263456E64706F696E741F6465737445AE
S214045FC06E64706F696E741F005768656E20736523
S214045FD06E64696E67207573696E672061206269F6
S214045FE06E64696E672C2073706563696669657391
S214045FF020776865746865722061206D756C7469B5
S214046000636173742062696E64696E672073686F77
S214046010756C6420626520757365642E00757365FF
S2140460204D756C74696361737442696E64696E67F6
S2140460301F0053656E64732061207072652D62754F
S214046040666665726564206D756C746963617374E5
S214046050206D65737361676520746F2061206769BE
S21404606076656E2067726F75702049442066726F7D
S2140460706D206120676976656E20656E64706F6951
S2140460806E742E0067726F757049641F7372632D89
S214046090656E64706F696E741F0043726561746523
S2140460A0732061206D657373616765206279207360
S2140460B0706563696679696E6720746865207261C5
S2140460C0772062797465732E20557365207468652D
S2140460D02073656E6420636F6D6D616E6420746FEB
S2140460E02073656E6420746865206D6573736167DC
S2140460F065206F6E6365206974206861732062652D
S214046100656E20637265617465642E2045783A2056
S21404611072617720307830303046207B3030203043
S2140461204120303020313120323220333320343491
S2140461302035357D2073656E64732061206D65732C
S2140461407361676520746F20636C75737465722061
S2140461503135202830783030304629206F66206C60
S214046160656E677468203820776869636820696E8E
S214046170636C7564657320746865205A434C2068A4
S21404618065616465722E00436C7573746572496448
S2140461901F446174611F00526573657473207468CC
S2140461A065206E6F64652E0057726974657320618E
S2140461B0206D6573736167652E00456E64706F6944
S2140461C06E741F436C75737465722049441F417462
S2140461D0747269627574652049441F4D61736B1F40
S2140461E04461746120747970651F4461746120622F
S2140461F07974651F0052656164732061206D657350
S214046200736167652E00456E64706F696E741F4314
S2140462106C75737465722049441F417474726962A4
S2140462207574652049441F3120696620736572764B
S214046230657220646972656374696F6E2C20302001
S214046240696620636C69656E74206469726563743C
S214046250696F6E1F0053656E64732061206D6573ED
S214046260736167652E0044657374696E6174696F43
S2140462706E1F536F7572636520656E64706F696E0A
S214046280741F44657374696E6174696F6E20656EFD
S21404629064706F696E741F00536F75726365206552
S2140462A06E64706F696E741F004C69737473207724
S2140462B068696368206F7074696F6E616C206C69BE
S2140462C062726172696573206F66207468652073F4
S2140462D07461636B2061726520696D706C656D65B1
S2140462E06E746564206F6E207468697320646576C6
S2140462F06963652E005072696E747320696E666FEA
S214046300726D6174696F6E2061626F757420746853
S21404631065206E6574776F726B2073746174652C78
S21404632020636C7573746572732C20616E642065CB
S2140463306E64706F696E74732E006F666673657430
S2140463401F005072696E747320696E666F726D6199
S21404635074696F6E20666F7220616C6C2061766162
S214046360696C61626C6520736C6F74732E00526581
S2140463706164732072617720646174612066726F51
S2140463806D20666C6173682073746F726167652E26
S214046390004164647265737320746F20726561646F
S2140463A01F4E756D626572206F6620627974657320
S2140463B020746F20726561641F005072696E747376
S2140463C020666C6173682073746F726167652069F8
S2140463D06E666F726D6174696F6E2E0045726173BE
S2140463E0657320746865207370656369666965649F
S2140463F020736C6F742049442E0053746F72616767
S2140464006520736C6F74206E756D6265721F004232
S2140464106F6F74732074686520696D6167652069A1
S2140464206E207468652073706563696669656420A8
S214046430736C6F742049442E00434C4920696E7374
S21404644074616E6365206578616D706C6500647553
S2140464506D6D795F696E7374005A434C20636F6D7B
S2140464606D616E647300626173696300676C6F626A
S214046470616C006D66672D636F6465007573652DCA
S2140464806E6578742D73657175656E636500782D19
S21404649064656661756C742D7265737000746573DB
S2140464A0742D726573706F6E73652D6F6E007465F0
S2140464B073742D726573706F6E73652D6F666600E8
S2140464C05A434C20626173696320636C7573746508
S2140464D07220636F6D6D616E64730072746664001F
S2140464E0436F6D6D616E64207468617420726573A9
S2140464F065747320616C6C2061747472696275745F
S214046500652076616C75657320746F2066616374AC
S2140465106F72792064656661756C742E0052414909
S2140465204C006C6F7765722D6D61632D7261696CBA
S2140465302D3830322E31352E342E63006C6962725B
S21404654061696C2E6100756E636C61696D656400CB
S2140465506275666665722D6D616E6167656D656EE2
S214046560742E63006576656E742D71756575652E7B
S21404657063007A69676265652D75707065722D6D46
S21404658061632E63006E65696768626F722E6300CE
S2140465906173736F63696174696F6E2E630031385B
S2140465A032317300313432323100313231003273D9
S2140465B00031323231313200313232313100323848
S2140465C03100383131003138323131003132313135
S2140465D031323132323231730031323200313231BB
S2140465E031323231003131313100323238006D61AE
S2140465F0632D6D756C74692D6E6574776F726B2E72
S21404660063006C65676163792D7061636B65742DD7
S2140466106275666665722E63000000000000020064
S2140466200000000000000000BA04000000000200A1
S2140466300000000000000000BA040000000102038D
S2140466400E312E312E322D62626664666332390054
S214046650010000020303010006000000000003001E
S2140466600000010013B779FAC925DDB7ADF3CFE012
S214046670F1B614B80102000000000000FFFFFFFF9F
S21404668001000000010000000000000000000000FF
S21404669000000000000000000000000000000000F1
S2140466A000000000000000000000000000000000E1
S2140466B000000000033F1F00E7270300E327030052
S2140466C0C12703008F2703001F280300F1270300B8
S2140466D0912703002C0000000202020300000000C1
S2140466E001020000000801B48C6704000008015A87
S2140466F04867040000080040046704000000000027
S214046700000000000000FCFEFFFF00000000000088
S214046710FFFF000000000000FFFF00000000000074
S214046720FFFF00000000000040001806F4D200003E
S2140467302C00B0023DBE00001700F2000C7C0000E6
S2140467400C0041009E4200006400FCFEFFFF0000B7
S21404675000000000FFFF0000000000005A00F306DF
S214046760A554FEFF2100A301A1FEFFFF1100A60011
S214046770832700000A006100DC26000006003B00B8
S214046780F820000003001500AD130000C800FCFE4E
S214046790B4008B087BC0FBFF4D00E402E756FFFF06
S2140467A02C00A20183EBFFFF1A000301B31A0000BA
S2140467B01100A300552900000A005E005A280000B4
S2140467C006003A0021220000040018007316000098
S2140467D0831B0400C5CE0300C5CE0300C5CE03004C
S2140467E0C5CE0300C5CE0300C5CE0300C5CE030048
S2140467F0C5CE0300C5CE0300C5CE0300C5CE030038
S214046800C5CE0300C5CE0300C5CE0300C5CE030027
S214046810C5CE0300C5CE0300C5CE0300C5CE030017
S214046820C5CE0300C5CE0300C5CE0300C5CE030007
S214046830C5CE0300C5CE0300C5CE0300C5CE0300F7
S214046840D3CE0300C5CE0300E8CE0300C5CE0300B6
S214046850C5CE03000DCF0300C5CE0300C5CE03008E
S214046860C5CE0300C5CE030035CF0300C5CE030056
S214046870C5CE0300C5CE0300C5CE03004DCF03002E
S214046880C5CE03006BCF03000B0000000B00000016
S21404689002000000000020200000000003000000AA
S2140468A08C8C3C000000000000000000000000008B
S2140468B0000000581200000000000000FFFFFFFF69
S2140468C0FFFFFFFFFFFFFFFF554E4B00474F200023
S2140468D042544C00474F3200474F3300474F340072
S2140468E0474F3500474F3600474F3700474F38006D
S2140468F0474F3900474F4100474F4200474F430038
S214046900474F4400474F4500474F46004A4D500006
S214046910424452005550520042544D004D534D00CF
S21404692046544C00554E4B00474F200042544C00F2
S2140469304241440046544C00465243004F544100E2
S21404694044534C004241500055504700544D4500B6
S21404695046415500545A4600554E4B0050494E0089
S214046960454D3400554E4B0048562000554E4B00BE
S214046970455850004C574D00554E4B00524254005B
S21404698044534C00454D3400554E4B00415354007F
S214046990554E4B0056465900494E4800554E4B003E
S2140469A04C434B0058544C004F424600554E4B0047
S2140469B0485244004D454D00425553005553470038
S2140469C044424700444D410056435400554E4B0044
S2140469D055502000525020004150300041503100A4
S2140469E0415020004450200044454300C868040039
S2140469F0CC6804002469040058690400646904002F
S214046A006C690400786904008869040090690400CD
S214046A109C690400AC690400CC690400554E4B0024
S214046A204649420042544C004558540050575200C0
S214046A3057444700205357004352530046534800D8
S214046A4042414400464C540042524F0001040103A4
S214046A5003060105010501090600060B0000070BE5
S214046A60050B000000000000000000000400E40C19
S214046A700A000104100100000005000200000300E3
S214046A80086D0400046D0400F06C0400EC6C040053
S214046A90E86C0400E46C0400D26C0400C26C0400CD
S214046AA0A86C0400A06C0400966C0400946C0400AB
S214046AB07C6C0400796C0400716C0400606C040047
S214046AC0506C04003E6C0400246C04001C6C04002F
S214046AD0106C04000C6C0400086C0400FA6B0400D0
S214046AE0EF6B0400D66B0400BD6B0400616B0400FE
S214046AF0606B0400506B0400286B04001D6B0400DC
S214046B001C6B0400086B040000000000000000007A
S214046B100000000000000000000000000F0000005D
S214046B20000000000000000000000000000000005C
S214046B30000000000000000000000000000000004C
S214046B40000000000000000000000000000000003C
S214046B50010000000000000000000000000000002B
S214046B600F0000000000000000000000000000000D
S214046B70000000000000000000000000000000000C
S214046B8000000000000000000000000000000000FC
S214046B9000000000000000000000000000000000EC
S214046BA000000000000000000000000000000000DC
S214046BB000000000000000000000000000000000CC
S214046BC000000000000000000000000000000000BC
S214046BD000000000000000000000000000000000AC
S214046BE0000000000000000000000000000000009C
S214046BF0000000000000000000000000000000008C
S214046C00000000000000000000000000000000007B
S214046C10FFFFFFFFFFFFFFFFFFFF00000000000075
S214046C20000000000000000000000000000000005B
S214046C30000000000000000000000000000000004B
S214046C40000000000000000000000000000000003B
S214046C50000000000000000000000000000000002B
S214046C60000000000000000000000000000000001B
S214046C7000FFFFFFFFFFFFFFFF9C0000FF00000078
S214046C8000000000000000000000000000000000FB
S214046C90800000000000FFFFFFFFFFFFFFFFFFFF75
S214046CA000000000FFFF00000000000000000000DD
S214046CB000000000000000000000000000000000CB
S214046CC00000FFFFFF0000000000000000000000BE
S214046CD000000000000000000000000000000000AB
S214046CE0000000000000000000000000000000009B
S214046CF0000000000000000000000000000000008B
S214046D000000000000000000FC0301010101010175
S214046D100101010101010101010000000000000160
S214046D2000200000000000010100002002041104FD
S214046D30040211101A080A021801081110111A0880
S214046D400A04020D0B19195C0110280B011400002B
S214046D500000000000000000000000000001010127
S214046D60010101000101010101010100000101010D
S214046D700001000101000000000000000000000007
S214046D8000000000000100000000000000000000F9
S214046D900000000001FF010023E1010075E401008A
S214046DA063E2010063E5010062E1010079EB0100A2
S214046DB064EE010024E1010025E1010026E1010062
S214046DC027E1010028E1010029E101002AE1010090
S214046DD000000100800001000001010080010100A4
S214046DE0000201008002010020E20100000301000D
S214046DF00005010080050100000601002C89010041
S214046E00800601000007010001E5010002E501001B
S214046E1000080100800801000040010086321010BE
S214046E20FFFFFFFFFFFFFFFFF9D70300FFD70300B5
S214046E3005D803000BD8030011D8030056777777DC
S214046E407777777777777777777777775A69674239
S214046E506565416C6C69616E636530395A69674271
S214046E606565416C6C69616E636530394E574B20BD
S214046E705374656572696E670000959695959505D9
S214046E8007090D00000000000001020304060000CC
S214046E9077F00300120404002C04040043040400E6
S214046EA056040400660404007A0404008C040400F7
S214046EB09C040400B8040400CD0404000208010D78
S214046EC00D01010112010000FFFFFFFFFFFFFFFF9E
S214046ED00000000000000000010905010002000097
S214046EE0000000031EF1EE0BF86E04000E11040001
S214046EF0831B0400FE0000002A11040058700400DE
S214046F000000000034110400487004000000000073
S214046F104111040038700400000000004E11040003
S214046F2028700400000000006C11040014700400B3
S214046F30000000006411040000700400000000005B
S214046F406B110400EC6F04000000000079110400CB
S214046F50DC6F040000000000EB0F0400C86F0400A0
S214046F600000000072110400B86F04000000000066
S214046F707E110400A46F0400000000002AD603005B
S214046F80946F0400000000000000000000000000F1
S214046F9000000000D53F03008F110400CC1104004C
S214046FA0010100FF41000100F51104003A1204003B
S214046FB0010100010107FF00FDFF00008712040025
S214046FC0F2120400010100FF3DFF00001313040049
S214046FD02C13040000010100FF000000E73F03003B
S214046FE051130400A91304000101FF00CF3F03005E
S214046FF0C01304001714040001010207FF00000078
S214047000C93F0300C013040017140400010102075B
S214047010FF000000C33F0300C0130400171404005D
S21404702001010207FF000000F1FE0000381404000E
S21404703077140400010101FF91FE00009614040079
S214047040DB140400010000FF4DFE0000961404004B
S214047050DB140400010000FFD5FE00000215040046
S2140470600813040000FF0000BD3F0300571504008A
S21404707023400400FF000000B73F0300CA150400C5
S21404708023400400FF0000002DFE00003916040013
S214047090AE16040000FF000005FE0000C61604003D
S2140470A02817040000FF0000A93F03003917040056
S2140470B07F17040002FF0000CDFD000088170400BF
S2140470C0FC17040001FF000000000000FC1A040086
S2140470D011000000081B040012000000101B04002E
S2140470E013000000181B040021000000201B0400ED
S2140470F022000000271B0400230000002E1B0400AF
S214047100AA000000351B0400FF0000000000000079
S214047110FFFFFFFFFFFFFFFF00000000000000006E
S214047120000001080109020A030B040C050D060EF3
S214047130070F081001180119021A031B041C051D69
S214047140061E071F08200121022203230424052506
S2140471500626072708280129022A032B042C052DB6
S214047160062E072F08300131023203380239043A5A
S21404717008E004E104E204E802E902EA04F008F1A3
S214047180100000000000000004050000EC7104007C
S21404719002000F001472040002000F003C72040088
S2140471A002000F006472040002000F008C720400D8
S2140471B002000F00B472040002000F00DC72040028
S2140471C002000F000473040002000F002C73040076
S2140471D002000F005473040002000F007C730400C6
S2140471E002000F00A473040002000F000000000059
S2140471F0CC73040003000000400000000000000000
S21404720019000000F073040004000F008000000062
S2140472100000000000000000CC730400030000001F
S214047220400000000000000019000000F073040095
S21404723004000F00800000000000000000000000B2
S214047240CC730400030000004000000000000000AF
S21404725019000000F073040004000F008000000012
S2140472600000000000000000CC73040003000000CF
S214047270400000000000000019000000F073040045
S21404728004000F0080000000000000000000000062
S214047290CC7304000300000040000000000000005F
S2140472A019000000F073040004000F0080000000C2
S2140472B00000000000000000CC730400030000007F
S2140472C0400000000000000019000000F0730400F5
S2140472D004000F0080000000000000000000000012
S2140472E0CC7304000300000040000000000000000F
S2140472F019000000F073040004000F008000000072
S2140473000000000000000000CC730400030000002E
S214047310400000000000000019000000F0730400A4
S21404732004000F00800000000000000000000000C1
S214047330CC730400030000004000000000000000BE
S21404734019000000F073040004000F008000000021
S2140473500000000000000000CC73040003000000DE
S214047360400000000000000019000000F073040054
S21404737004000F0080000000000000000000000071
S214047380CC7304000300000040000000000000006E
S21404739019000000F073040004000F0080000000D1
S2140473A00000000000000000CC730400030000008E
S2140473B0400000000000000019000000F073040004
S2140473C004000F0080000000000000000000200100
S2140473D020000000080000000400422130000000E5
S2140473E06474040000FF4200300000000000000047
S2140473F00000F00840000000857404000100230427
S214047400400000008D7404000600300140000000B7
S21404741000000000FDFF2102400000000100000003
S21404742019000004190001011900020419000301DF
S2140474301900050419000601190007040400410098
S214047440A920010006004100DD4703001900810061
S214047450993D0100190084002548010000800000C1
S2140474600000000006435553544F4D000000000032
S2140474700000000000000000000000000000000003
S2140474800000000000FFFFFFFFFFFFFFFFFFFFFFFE
S214047490FF000401040104010401040104010401C1
S2140474A004010401040104010401FFFFFFFFFFFFC0
S2140474B0FFFFFFFFFFFFFFFFFFFFFFFFFFFFFFFFD3
S2140474C0FFFF000102030405060708090A0B1F1C38
S2140474D01F1E1F1E1F1F1E1F1E1F07021F012F0019
S2140474E037013F005701DF02E700FF0200000000FB
S2140474F00000000000000000000000000000000083
S2140475000000000000000000000000000000000072
S2140475109B21040019000000A1210400FFFF0000C5
S214047520000000006C22040077220400831B040081
S2140475307F2204008D220400831B0400A022040082
S214047540AB220400B9220400BD220400CD220400AC
S2140475507FF10300DD220400E1220400EC22040093
S214047560F62204000023040004230400122304006B
S214047570262304003C2304000080000000000000D2
S2140475800000000000000000FFFFFFFFFF000000F7
S21404759000000000FDCB0100000000000000F03FEA
S2140475A000000000000024400000000000005940D5
S2140475B00000000000408F40000000000088C34028
S2140475C000000000006AF8400000000080842E419D
S2140475D000000000D01263410000000084D79741E9
S2140475E00000000065CDCD41F8F40300548C04007F
S2140475F000000000622C0400448C0400000000001C
S214047600672C0400348C040000000000682C04007E
S214047610248C04000000000079110400108C04007F
S214047620000000006C110400FC8B04000000000045
S2140476306D2C0400EC8B040000000000732C040086
S214047640DC8B040000000000772C0400CC8B0400C4
S21404765000000000862C0400BC8B04000000000020
S214047660A32C0400AC8B040000000000AC2C040027
S2140476709C8B040000000000C12C04008C8B0400CA
S21404768000000000BA0204007C8B04000000000026
S214047690D12C04003C8B040000000000D73004000A
S2140476A0988204000000000084200400588204002D
S2140476B000000000D82C040098810400000000009C
S2140476C0E12C04009C80040000000000EE2C040062
S2140476D0447C0400000000000A2304001C7B040011
S2140476E000000000F52C04001C7B040001000000D0
S2140476F0F92C0400DC7A040000000000FE2C0400D0
S214047700A079040000000000B7CF0300A0790400AD
S21404771001000000EE2C0400447C0400000000007D
S214047720052D0400447C0400010000000A2D04001A
S2140477306C79040000000000142D04006C79040029
S214047740010000001C2D04009C77040000000000CB
S2140477502FD7030068770400000000000000000034
S214047760000000000000000078770400202D0400CC
S214047770831B0400FE000000382D04004083040030
S21404778000000000AC310400308304000000000058
S214047790000000000000000000000000AC770400B9
S2140477A03D2D0400831B0400FE000000532D04003E
S2140477B0C084040000000000592D0400B0840400B6
S2140477C0000000005F2D0400A084040000000000F8
S2140477D0682D0400908404000000000069D40300AF
S2140477E0808404000000000073D203004884040070
S2140477F00000000081DB0300348404000000000065
S214047800722D040024840400000000006ED70300D8
S2140478101484040000000000772D0400048404008F
S214047820000000007E2D0400F48304000000000025
S2140478301AE60300E483040000000000832D04001D
S21404784038790400000000008A2D0400E078040063
S21404785000000000922D0400AC7804000000000034
S2140478609E2D04007878040000000000000000004C
S214047870000000000000000088780400A92D040021
S214047880831B0400FE000000F3EB03006083040087
S21404789000000000510D04005083040000000000A6
S2140478A0000000000000000000000000BC78040097
S2140478B0CA2D0400831B0400FE000000F3EB030043
S2140478C08083040000000000510D0400708304004F
S2140478D0000000000000000000000000000000009F
S2140478E0F0780400EC2D0400831B0400FE00000066
S2140478F00A2E0400D083040000000000FB320400BB
S214047900C083040000000000192E0400B0830400A5
S214047910000000001E2E0400A083040000000000E7
S214047920252E0400908304000000000000000000E0
S2140479300000000000000000487904002A2E04001D
S214047940831B0400FE000000B5EB03006C840400F7
S21404795000000000472E04005884040000000000C5
S2140479600000000000000000000000007C79040015
S2140479704F2E0400831B0400FE0000006B2E040040
S21404798000850400000000000A230400F0840400BC
S21404799000000000000000000000000000000000DE
S2140479A0B0790400702E0400831B0400FE0000005F
S2140479B0892E0400B08504000000000076E8030069
S2140479C0A085040000000000922E040090850400A8
S2140479D0000000006B2E0400E08404000000000099
S2140479E0972E0400D084040000000000A42E040097
S2140479F09C7A040000000000B22E0400687A04009A
S214047A0000000000C02E0400287A040000000000D5
S214047A10D82C040098810400000000000000000038
S214047A200000000000000000387A0400C92E04009C
S214047A30831B0400FE000000AB6404008085040081
S214047A4000000000BC640400708504000000000010
S214047A50A7FC03006085040000000000000000008E
S214047A600000000000000000787A0400E72E0400FE
S214047A70831B0400FE000000112F0400D0850400C0
S214047A8000000000921D0400C085040000000000F1
S214047A90000000000000000000000000AC7A0400B3
S214047AA0182F0400831B0400FE0000002FD70300D9
S214047AB00486040000000000510D0400F485040050
S214047AC000000000FB320400E08504000000000013
S214047AD0000000000000000000000000EC7A040033
S214047AE0382F0400831B0400FE0000002FD7030079
S214047AF03486040000000000582F04002486040086
S214047B0000000000510D040014860400000000006C
S214047B100000000000000000000000002C7B0400B1
S214047B205F2F0400831B0400FE000000792F04006E
S214047B30688704000000000041ED03005887040035
S214047B4000000000AC2F040048870400000000007A
S214047B5069D4030038870400000000007AD40300C8
S214047B6028870400000000007E2F04001887040005
S214047B7000000000962F04000887040000000000A0
S214047B809F2F0400F886040000000000A62F0400BF
S214047B90E886040000000000B22F0400B886040043
S214047BA000000000FB320400A88604000000000069
S214047BB0C12F0400988604000000000066FD030040
S214047BC08886040000000000C62F0400788604009F
S214047BD000000000DD2F040068860400000000009A
S214047BE0F12F040054860400000000000130040055
S214047BF0448604000000000010300400107C0400DA
S214047C00000000000000000000000000000000006B
S214047C10207C040015300400831B0400FE000000D2
S214047C202C300400D8860400000000003530040020
S214047C30C8860400000000000000000000000000E9
S214047C4000000000547C0400831B0400831B040013
S214047C50FE0000003C300400D8820400000000004F
S214047C60493004001C810400000000005230040067
S214047C705C800400000000006530040028800400D6
S214047C800000000073300400F47F040000000000CD
S214047C9081300400C07F0400000000008F30040020
S214047CA0287F040000000000A0300400007F0400C9
S214047CB000000000AD300400607E040000000000F8
S214047CC0B8300400087E040000000000CB30040036
S214047CD0E07D0400000000005D1004007C7D0400CC
S214047CE000000000DE3004003C7D040000000000BC
S214047CF0E9300400087D04000000000000000000D5
S214047D000000000000000000187D0400FC300400A1
S214047D10831B0400FE000000203104008887040052
S214047D2000000000263104007887040000000000EC
S214047D300000000000000000000000004C7D04006D
S214047D402A310400831B0400FE00000063ED0300D8
S214047D50B8870400000000005C310400A887040013
S214047D60000000006831040098870400000000004A
S214047D700000000000000000000000008C7D0400ED
S214047D807E310400831B0400FE0000002FD703008E
S214047D901C88040000000000510D04000C88040038
S214047DA000000000570D0400FC87040000000000DB
S214047DB0F3EB0300E8870400000000009A31040097
S214047DC0D887040000000000B1310400C88704000E
S214047DD0000000000000000000000000000000009A
S214047DE0F07D0400BD310400831B0400FE00000087
S214047DF0E23104002C8804000000000000000000AB
S214047E000000000000000000187E0400E7310400B3
S214047E10831B0400FE0000000B3204007C88040070
S214047E2000000000582F04006C88040000000000C6
S214047E30173204005C880400000000001E320400B0
S214047E404C880400000000002B3204003C88040028
S214047E500000000000000000000000000000000019
S214047E60707E040036320400831B0400FE0000000B
S214047E70A43004002C8904000000000053320400DF
S214047E801C89040000000000F8F403000C890400B8
S214047E900000000026040400FC8804000000000023
S214047EA00B300400EC8804000000000063ED0300BF
S214047EB0DC880400000000005A320400CC88040069
S214047EC00000000065320400BC88040000000000C6
S214047ED072320400AC880400000000008232040001
S214047EE09C88040000000000953204008C8804007E
S214047EF00000000000000000000000000000000079
S214047F00107F0400A7320400831B0400FE00000058
S214047F10F8F403003C8904000000000000000000A0
S214047F200000000000000000387F0400C532040092
S214047F30831B0400FE00000063ED0300AC8904000C
S214047F4000000000260404009C89040000000000D1
S214047F500B3004008C89040000000000E8320400A2
S214047F607C89040000000000142E0400807F0400B6
S214047F7000000000000000000000000000000000F8
S214047F80907F0400FF320400831B0400FE00000000
S214047F90FB3204006C89040000000000F3EB0300CD
S214047FA05C89040000000000153304004C890400BA
S214047FB000000000000000000000000000000000B8
S214047FC0D07F04001E330400831B0400FE00000060
S214047FD02FD70300CC89040000000000510D0400D4
S214047FE0BC8904000000000000000000000000003F
S214047FF000000000048004003E330400831B0400D9
S214048000FE0000005E330400EC890400000000005B
S21404801071330400DC890400000000000000000046
S21404802000000000000000003880040087330400CD
S214048030831B0400FE000000A73304000C8A04001F
S2140480400000000076E80300FC890400000000003D
S2140480500000000000000000000000006C80040027
S214048060B1330400831B0400FE00000063ED03002C
S2140480703C8A040000000000D63304002C8A040066
S21404808000000000EE3304001C8A04000000000018
S214048090000000000000000000000000AC800400A7
S2140480A0831B0400831B0400FE000000FF3304004F
S2140480B0C48004000000000000000000000000006F
S2140480C000000000D4800400831B0400831B04000B
S2140480D0FE0000000B3404008C8A0400000000003C
S2140480E0FB2204007C8A0400000000001134040013
S2140480F06C8A040000000000153404005C8A040046
S21404810000000000193404004C8A0400000000003B
S2140481100000000000000000000000002C810400A5
S21404812029340400831B0400FE0000002FD703003C
S2140481300C8B04000000000044340400FC8A040095
S2140481400000000057340400EC8A0400000000001D
S214048150510D0400DC8A04000000000064340400AE
S214048160CC8A04000000000075340400BC8A0400B5
S2140481700000000083340400AC8A04000000000001
S214048180943404009C8A04000000000000000000F0
S2140481900000000000000000A8810400A1340400D0
S2140481A0831B0400FE000000BB340400308504007A
S2140481B000000000EE3404002085040000000000E7
S2140481C02935040010850400000000004035040032
S2140481D024820400000000004A350400F0810400F4
S2140481E00000000000000000000000000000000086
S2140481F0008204004E350400831B0400FE000000C9
S214048200AB6404005085040000000000BC64040055
S214048210408504000000000000000000000000008C
S21404822000000000348204006D350400831B040043
S214048230FE0000008EE803002C8B04000000000003
S214048240FB3204001C8B0400000000000000000049
S214048250000000000000000068820400803504006E
S214048260831B0400FE0000002FD703006C8B040061
S21404827000000000112F04005C8B040000000000C6
S214048280921D04004C8B0400000000000000000057
S2140482900000000000000000A88204009B350400D3
S2140482A0831B0400FE0000002B320400848C0400B0
S2140482B00000000063ED0300748C0400000000005E
S2140482C0F8F40300648C04000000000000000000C2
S2140482D00000000000000000E8820400BB35040033
S2140482E0831B0400FE000000D9350400D48C04006F
S2140482F000000000E3350400C48C04000000000005
S214048300EE350400B48C040000000000791104006B
S214048310A48C040000000000FD350400948C0400C6
S2140483200000000000000000000000000000000044
S2140483309B3F030008360400831B0400FF00000074
S214048340973F030015360400831B0400FF0000005B
S2140483504105010027360400831B0400FF000000CB
S214048360DD040100543604001C3E040001FF000036
S2140483704105010094360400831B0400FF0000003E
S214048380DD040100C23604001C3E040001FF0000A8
S21404839075050100033704002437040000FF0000BD
S2140483A0750501002D3704008A3704000000FF001D
S2140483B0F105010098370400B1370400010001FFFD
S2140483C05D060100D6370400183804000102FF00D9
S2140483D0F10501002E3804005D3804000100010296
S2140483E0FF0000006D0301008E380400CA38040044
S2140483F007FF00008D030100D03804000339040091
S21404840001FF0000A10301000B3904005B390400DE
S2140484100100FF00FD03010070390400C1390400A7
S2140484200101FF00D1030100D13904000B3A040016
S21404843001FF000051040100133A04005C3A0400F2
S214048440010000010707FF008D060100AE3A040094
S2140484500339040001FF00008D070100F63A04000A
S2140484603A3B0400010700010700FF00F93F030040
S2140484708F3B0400D53B04000107000101FF000008
S21404848015070100113C04004C3C0400010000FFE9
S214048490E50601006A3C0400AE3C04000100FF004F
S2140484A0B5060100C13C0400AE3C04000100FF0018
S2140484B05D070100003D04000B3A040001FF0000C4
S2140484C0CD0701003B3D04006C3D04000100FF00A5
S2140484D0FDF00000831B04007A3D0400000707FF3C
S2140484E0A1F00000831B0400933D0400000707FF6F
S2140484F0ADF50000831B04009F3D040007FF000049
S214048500ADF50000831B04009F3D040007FF000038
S2140485104B3F0300831B0400A43D04000000FF003F
S21404852089F50000831B04008D14040001FF00007D
S21404853051F50000831B0400DC3D040000FF00002E
S21404854081F00000831B0400831B0400FF0000006E
S21404855081F00000831B0400831B0400FF0000005E
S214048560213F0300831B0400831B0400FF0000005C
S214048570213F0300831B0400831B0400FF0000004C
S214048580213F0300831B0400831B0400FF0000003C
S21404859051F00000831B0400123E04000101FF009A
S2140485A03DF00000831B0400273E040001FF00008A
S2140485B01D3F0300831B0400831B0400FF00000010
S2140485C005F00000EF2E0400831B0400FF000000EB
S2140485D005F00000313E0400831B0400FF00000089
S2140485E085F10000523E0400693E040000010000CC
S2140485F007FF0000193F03008F3E0400831B04009E
S214048600FF00000001EF0000A93E0400831B0400E5
S214048610FF000000933F0300D73E0400831B0400C2
S214048620FF000000853F0300F13E0400733D040094
S21404863000FF000081F80000163F0400831B0400BE
S214048640FF000000D5ED0000303F0400831B04004B
S214048650FF00000069ED0000533F0400D03F040013
S21404866000000310FF00000045EE00002540040053
S2140486709340040001FF000019EE0000A840040027
S214048680EB40040000FF00002DED0000FC40040059
S214048690831B0400FF000000173F03002B41040067
S2140486A0831B0400FF00000009ED0000774104006E
S2140486B0733D040000FF0000D5EC0000B84204003F
S2140486C00D43040000FF0000B9EC0000274304003B
S2140486D0831B0400FF0000009DEC000037430400E9
S2140486E0831B0400FF000000073F03004B43040005
S2140486F0C943040000FF00006DEC0000544404006D
S214048700831B0400FF00000029EC000071440400F1
S2140487109C44040007FF0000E9EB0000A6440400A4
S214048720FF440400000500FFA1EB0000B24504006E
S214048730C54504000002FF007DEB0000F44504007C
S214048740831B0400FF000000073F030006460400E6
S2140487504046040000FF000011EB0000C64604007B
S2140487600C470400000301FF01EB0000AC470400C3
S214048770F2470400000301FF9D66010092480400CE
S214048780831B0400FF0000009F4B0300BA4804004C
S2140487903549040002FF0000AD0B01008A490400BD
S2140487A02340040000FF0000790B0100B2490400D6
S2140487B02340040000FF0000290B0100CB490400FD
S2140487C0831B0400FF000000A9580100E4490400CC
S2140487D0831B0400FF00000081580100314A040096
S2140487E0831B0400FF0000000D5801005C4A0400CF
S2140487F0824A040000010100010102FFE55701005E
S214048800014C0400294C040000FF0000C557010079
S214048810504C0400831B0400FF0000000D570100A9
S2140488207A4C0400831B0400FF000000714A030016
S214048830934C0400831B0400FF000000DD4B010082
S214048840B94C0400EA4C04000002FF00D3480300BD
S214048850474D0400831B0400FF000000CF480300BC
S214048860744D0400831B0400FF000000914B0100BC
S2140488708F4D0400B94D040000FF0000514901006B
S214048880E94D0400831B0400FF000000CD34010002
S214048890FC4D0400831B0400FF000000B5340100F7
S2140488A0144E0400831B0400FF0000004B48030022
S2140488B02D4E0400831B0400FF000000374803000D
S2140488C05A4E0400D44E040000FF00005D48010028
S2140488D0134F0400831B0400FF0000004D470100F3
S2140488E08B4F0400831B0400FF000000713301005B
S2140488F0CF4F0400831B0400FF0000005533010023
S214048900EC4F0400831B0400FF000000CD3301007D
S21404891097500400831B0400FF000000C1330100CD
S214048920255104006A51040000FF00008D33010045
S214048930A1510400F251040000FF0000B931010007
S21404894025520400831B0400FF000000512601008A
S21404895051520400BA5204000000FF0051260100E0
S2140489600F530400715304000000FF00F1260100B9
S214048970B6530400E95304000002FF00A5470300B1
S2140489803E5404008C54040007FF00002528010010
S214048990A8540400831B0400FF00000039260100CD
S2140489A0CC540400F154040000FF000045270100E5
S2140489B04A550400831B0400FF0000000920010040
S2140489C087550400831B0400FF000000D11F01002C
S2140489D0B1550400831B0400FF0000007D4603001D
S2140489E0EC5504005B56040000FF00002D1901003E
S2140489F0AC5604002B57040000FF00006F4603002B
S214048A0071570400C357040000FF00004F460300DC
S214048A100A5804005758040000FF0000F51101002E
S214048A20A1580400D758040003FF00002D120100CB
S214048A30125904005859040003FF0000DD10010019
S214048A40AE590400831B0400FF000000DB4503004E
S214048A50DE5904001C5A040000FF0000D54503003C
S214048A602C5A04001C5A040000FF0000CF450300E3
S214048A70535A04001C5A040000FF0000C9450300B2
S214048A807A5A04001C5A040000FF0000C345030081
S214048A90A25A04001C5A040000FF00009F4503006D
S214048AA0CB5A0400831B0400FF000000A545030006
S214048AB0ED5A0400831B0400FF0000002D0E010085
S214048AC0155B04004E5B04000001FF00590E010014
S214048AD06F5B0400831B0400FF000000A145030035
S214048AE09A5B0400831B0400FF000000150E0100BF
S214048AF0B55B0400831B0400FF000000D10D0100D9
S214048B00D05B0400FD5B040000FF0000B90D01000B
S214048B10185C0400831B0400FF00000001F600003C
S214048B20435C0400831B0400FF00000001F6000001
S214048B306A5C0400831B0400FF000000F1EA0000E6
S214048B407B5C0400831B0400FF000000BDEA0000F9
S214048B50905C0400B75C040000FF0000BDEA00005F
S214048B60C75C0400B75C040000FF000055EA000080
S214048B70EE5C0400831B0400FF000000FF3E0300BD
S214048B80095D0400831B0400FF000000B1E600003A
S214048B902C5D0400965D040000FF000091E60000D2
S214048BA0B95D0400831B0400FF0000007902010085
S214048BB01F5F0400AC5F0400010000FF5D010100BC
S214048BC0C95F04001D60040000FF0000910101005D
S214048BD032600400846004000100FF00FD00010010
S214048BE09A600400876104000107FF00033F030046
S214048BF097610400831B0400FF0000005DFA000078
S214048C00A8610400BA610400000101000007FF0027
S214048C1055F90000F5610400066204000001010035
S214048C20FF00000091010100556204006662040022
S214048C30010000FFCDF800005562040098620400AD
S214048C4000FF00003D990100A9620400831B040094
S214048C50FF000000E5E60000F5620400831B040044
S214048C60FF000000FB6B0300831B0400831B04004F
S214048C70FF00000005A70100831B0400831B0400FB
S214048C80FF000000C9A60100831B04003A63040029
S214048C9002FF000075AE010042630400831B04005B
S214048CA0FF00000001AE01006E630400916304003F
S214048CB00200FF007D6C0300BA630400831B0400FB
S214048CC0FF000000DDAD0100DC630400FA6304006D
S214048CD002FF0000B5AD01000F640400FA6304004F
S214048CE002FF000001000000C45100200000000044
S214048CF000000000FFFF00007F45030000000000A6
S214048D0003000000FFFF01005D46030000000000B2
S214048D1004000000FFFF0100EB4603000000000013
S214048D2004000000FFFF00006F470300000000007F
S214048D3006000000FFFF0000E147030000000000FB
S214048D4019000000FFFF01007748030015340400F3
S214048D50E46F002000000000000000000000000097
S214048D600000000066640400D08D040000000000CB
S214048D706C640400E86E04000000000073640400E1
S214048D80B870040000000000AC310400A8700400B1
S214048D90000000007C6404009870040000000000DA
S214048DA08E64040088700400000000009D640400C3
S214048DB07870040000000000AE64040068700400CC
S214048DC0000000000000000000000000000000009A
S214048DD0E08D0400C0640400831B0400FE00000051
S214048DE0DB640400F88D04000000000000000000AE
S214048DF000000000000000008F700300E064040020
S214048E00831B0400FF03010001013F040201003F2D
S214048E10040202003D040202003D040102000102B5
S214048E200003010002023D040201000202020100E6
S214048E3002020000002020202020202020202828B5
S214048E402828282020202020202020202020202001
S214048E502020202020881010101010101010101041
S214048E601010101010040404040404040404041071
S214048E7010101010101041414141414101010101FF
S214048E8001010101010101010101010101010101C9
S214048E9010101010101042424242424202020202D5
S214048EA00202020202020202020202020202020299
S214048EB01010101020000000000000000000000049
S214048EC00000000000000000000000000000000099
S214048ED00000000000000000000000000000000089
S214048EE00000000000000000000000000000000079
S214048EF00000000000000000000000000000000069
S214048F000000000000000000000000000000000058
S214048F100000000000000000000000000000000048
S214048F200000000000000000000000000000000038
S214048F30000000000000000000000000A001000087
S214048F408013002000021000605600202015002028
S214048F500000020800000000FFFFFFFFFFFFFFFF06
S214048F60FFFFFFFF000000000000000000000000FC
S214048F7000000000000000000000000020000000C8
S214048F804DDA0100100000002DDB01000000000196
S214048F90000001010001010120C001B8000000002A
S214048FA000000000FFFFFFFFFFFFFFFFFFFFFFFFC4
S214048FB0FFFFFFFFFFFFFFFFFFFFFFFFFFFFFFFFB8
S214048FC0FFFFFFFF000102020303040506080C0C62
S214048FD00C00010203040707C8C8C8C8C8C8C8C824
S214048FE0C8C8C8C8030404080808080800B801B8B4
S214048FF002B800B0D8AB0400C0AB040003040408F5
S214049000080500000000000000000000000000004A
S21404901000000000EA06000048704C0F44700E0E74
S21404902030707E1302989A173870340F34705A0FC3
S214049030307048102C7048102870D0112470E81135
S21404904020703E0F1C70901218700C1314703A0F98
S214049050B110086001D80A7104B87F78020C7E78D3
S214049060641000C6881F00A01DB8707803B018608E
S2140490700F3027B30F330111C04806987C0229B07D
S214049080086001D8087109DD047109BB1110166067
S214049090A048086004100112FF3221500860D0482E
S2140490A0086000880698381400C4441F00A000BA5C
S2140490B003DF107109DF0672029836031DB8507874
S2140490C000A04413281441158110086002D81471B6
S2140490D010880698201900C014C000B80698861B8D
S2140490E00091069892020160B83020D806711EBC22
S2140490F0637C784D5412F03240DE0472404804DB40
S21404910008720DDD0C72044BEF3014480698F20416
S21404911000C4E04000544412086201322140087C36
S214049120811140D91C72B1123032CF4A013AB1DAF9
S214049130107208D8067104D80871804C237C5670C7
S214049140684C441200C4A41E00A04414413AF324FC
S2140491500164415C412A047580B800C46040005430
S21404916081D8367140D90472237C084B0698F204E1
S21404917004BA1CB9767900C1204001B835797F213C
S2140491806121007906B906A901D806710298100271
S214049190804C307C0298640208D86A7100C154403E
S2140491A000B8141110D95E71584C441280BDA26DDB
S2140491B0FF25784C4412FC22513A2814104C00C265
S2140491C00CC101B824122814086228140862281452
S2140491D008622814304C304C00C11C4000B81411EE
S2140491E01814086100C5284001B85415FF350471E9
S2140491F010491814B04C44120862013206710298E1
S2140492000401804C08D80C7107BA24D8047106BA35
S214049210187004D80C7101BA40D80E7102BA0A70DC
S21404922005BA20D8047203BA204C4411C04C181452
S214049230086118149111383111429111186110D92E
S2140492400472EF3200C1084001B8141110311E61D7
S21404925011422814A1110861181406986C1B1814DE
S21404926000C1084001B814111861FF31181400C178
S214049270448001B814111814086118143088024880
S21404928006989403009308DB047101F800A027B045
S2140492900F3000A01088B111186180D90A7100C17E
S2140492A0884000B80811009100A000C4684000B8C7
S2140492B0441000A000C088400050041182610410CD
S2140492C082601050F07200A0541550451271069832
S2140492D002050698920407B8707802B841781EBA58
S2140492E05B7A5C7A5D7A00C220C001B824120698C4
S2140492F02A1900C5481F00A05415511400C3FF01C5
S2140493000000313D09647F3406989C0201585128B8
S2140493100475015841280E758111086102D904723A
S214049320FF0FCC7007B8727800F8EBBD00C0441F7E
S21404933000A00411113D10D91271FF33186300C147
S214049340781002B8381107B97479581000A0069836
S21404935092020D300472044809DC0472084800C105
S2140493601CC101B8141100C3D01E00A09115043509
S2140493701A7218131CBB08D804716C7B04D80471C9
S2140493806A7B1DBB2F7C5B7B1670044B18131CBBBF
S21404939008D804716F7B04D804716D7B217C0C3073
S2140493A0026006987E040698C40B00B8B1111861D2
S2140493B040D906720298580401BC00C2084001B89D
S2140493C000DC0A7124150265604A0A702C4A2415CA
S2140493D008654C4A043508D90471202400C13C1F92
S2140493E000A0141200DC327120D8067101B80C708B
S2140493F0F0DA0C720CDB087102B80698860448246E
S21404940000C3384101B834138F7B0E7102B991132F
S21404941008DB047203B928707C4914111110FD305E
S2140494200DDC1C7200C0A01E00A0041080D81071B1
S21404943000C0448001B80410E5200475804900C3C8
S214049440884000B8FFB80120114108710141181383
S2140494500824014200C1284000B8141101411C65CB
S2140494605141911520351E65514118132813481390
S21404947000C3844000B8341003D81671073005DCE6
S2140494801071B1108F780A7200C384C40350217B14
S2140494901DB8507800B800C13C1F00A014121C6010
S2140494A02150F0300152281100A04024076400C067
S2140494B0FFFF0100013C17B0022001584028067542
S2140494C018AC01EC00A0208800C020C001B804122B
S2140494D017B4211304123052F8711964402400C3DF
S2140494E05C1F00A0341014110698F60D1961009242
S2140494F011592129067600BB11590698D60D8762A4
S214049500313B0472215A412A00A000C2686000B8A8
S214049510B8B91F610D49181200A0308801B911614D
S21404952000C30000C0FF3110312800BC002D0C75AC
S214049530115418AC01EC312DF470196451134155D3
S214049540312C009300A000C3C00FFEFF50B2313A86
S214049550014250AA00A006983E07FFB0867808711C
S2140495605CB86B786E7800C2548001B800C0D81F0F
S21404957000A004100812B822217A237A52B841783F
S21404958001B80C6021A809B819604CA800C0FFD126
S214049590C1FF4FB2013A00C0002E300001424FAA6C
S2140495A024B86E78ACB9FFB004D804714CB923A9BA
S2140495B00698A80500C01390010006982E0500A082
S2140495C00698020519B81460FFB28C620F32826ADC
S2140495D0214006982E0549BC21B952B849B207DE87
S2140495E02A7105DE0871627C607C1D0C61796778DF
S2140495F064786B786278657863786078617C010C4F
S214049600010C6878020C69786C78020C00C22C8015
S21404961001B8277A287A267A6A78050C41790A0CE2
S214049620B11040D806710298BA06784A2B7A327A74
S214049630584A247A00C400011100404A00C010842D
S21404964000000812508800C584100100FBAD10BD50
S21404965001BB8A6B21B9FAA9C44A1812217A227A64
S21404966000C0341F00A00410FCA8826441103030EF
S2140496700129F9A9F8ADFBB08260FBA80330A06508
S2140496802110044820EC237A0410037A184A241183
S214049690DC4A01580029241004753150F8B11150E1
S2140496A081632A71514031400812FCB18461FCA9DF
S2140496B00F310E7117B0112817B111591028FA7608
S2140496C0C44AF9B11812217A227AA07000950812B9
S2140496D0F8A800C20C8001B8207A844A00B80812A0
S2140496E0020CA44A087A020C21B84178784A0B7A0C
S2140496F0127A00C2C81F00A0FFB008D80472184A25
S214049700241000DC0A7140A80422241041A80698FC
S2140497109C0200C2481F00A02410015100C4FF018F
S214049720000041391150081200A006983E0700BCFC
S21404973000C20C8001B8217A52B84978020C4878E5
S214049740020C49B8417852AC21AC204A087A067A11
S214049750077A49AC00A059B840785AB101D9FC72CE
S214049760427857B8407858B101D9FC72427800A0C4
S21404977000C20C8001B8217A227A21B8547852B8F3
S214049780BC4A24119979127107B915614CA96178FC
S21404979000BB03BC0C64147009B919614CA9417868
S2140497A001BB126300C4002E300000C0FFD1C1FF0D
S2140497B04FB1013941414FA9E44AC8B8081224AB55
S2140497C04CB823A80698A80500C004900100FFB171
S2140497D086790471084806982E0500C08009004062
S2140497E040A809B8FFB108D9047103B853A8B1104A
S2140497F004D80C7156BB607B57BA627A607A02D87A
S2140498000C7156BB607B59BA627A607A04B86E787B
S2140498103DB8607800C05638000000C1B08001B87A
S21404982014119979087200C0D604000000C124C03F
S21404983000B814119F79047208484CA82EB8FFB1DA
S21404984008D906714AA804704BA80FB834A800C0FB
S2140498500C5E000046B2014246AA00C12C4001B884
S214049860141108610631087100B90698501106985B
S2140498703E14B11101D90E710698921B02D90672D4
S2140498800698A00C06983814511406989204069864
S2140498902A110698641700A006984E1701D80A7174
S2140498A01CB85B7807B8757800B84CA84AA84BA8CB
S2140498B000C0F321FFFF46B1013946A904B86F780A
S2140498C000A0FABC1964415C512C00C0581F00A0CB
S2140498D00410012C0675069892040698780FB110A9
S2140498E0186005D8327140BA06980E1404B8657824
S2140498F0911004D816711CB86E7800C0684000B881
S21404990021780698781101400A721DB842780698A4
S2140499104A1402985E0B1DB8717804B86C7841B886
S214049920427863784478FFB104D906720298CA096B
S21404993000C004900100FFB18679047108480698B7
S2140499402E0500C32C1F00A000C274C000B8241447
S214049950481300BC48121C4B1C4A2414481300BC71
S2140499604812084B584A2414481301BC48124ABAF1
S214049970447A427A4BBA447A427AFFB086780472C2
S214049980617A4CBA647A657A3DBA607A4DB942B85F
S2140499903FBB5B7966796179020C6479050C63795F
S2140499A06079050C627965795A7900C2340102B887
S2140499B0241305B819603140081242B86A78020CBC
S2140499C04A78020C40BCFFB208DA06714ABA06703E
S2140499D04BBA627A657A677A667A6A79667B02989F
S2140499E0A40A00C32C1F00A000C274C000B824142C
S2140499F048131C4B1C4A241448133FBC48121C4AE8
S214049A0000BC4812084B444A2414481301BC4812AC
S214049A104ABA647A627A4BBA647A627AFFB3867B0D
S214049A200472617A4CBA647A657A3DBA607A01D96E
S214049A304E71647800C1708001B800C080000800D0
S214049A4008110698860B42B861784DB97F797E79FD
S214049A506A7868786278020C7B790F0C7A79140C31
S214049A607479417860787579050CFFB208DA067166
S214049A704AB804704BB8657801BC1664407002D9C5
S214049A803C710698860B42B84DB9687840784178A0
S214049A907F797E797B790F0C7A79140CFFB208DA19
S214049AA0087171794ABA067070794BBA7279657A18
S214049AB06A78020C4A78050C01BC1664020C4179DB
S214049AC040790C0C00C04C0102B848100698F20409
S214049AD000C4784000B8007C00C0A01E00A004119A
S214049AE080D93271911104D92C727F20212004115F
S214049AF0FD310DDD207200C0448001B80411E5215B
S214049B00147600C0244001B804118A790871207CB8
S214049B10104C207C2AB86278511400C0581F00A04C
S214049B200410012C17B001118768015841280E76DD
S214049B3005218769415C412D112D06700698920413
S214049B4042B84DBB7C7B6478020C29B86878511403
S214049B50404406750698920442B844782AB8427877
S214049B60FFB101D90C7100C1548001B8CBB80811FB
S214049B70911004D8147100C0A01E00A0041080D850
S214049B80067107B8537800F807B800C1CC1E00A0C9
S214049B9000C220C001B824122811777800F8B1104A
S214049BA09478387106989C02E4B9115911280676FF
S214049BB000B80C70A0B9115901290475A0B88260C8
S214049BC000C3C01F00A03413012B341000C3FFFFD2
S214049BD000FF42B13139114042A800A01DB091786F
S214049BE0FA7142B86478020C00BA29AA00C45480F8
S214049BF001B842B84DB900C3C04001B83413977BCE
S214049C00047240EC020C44785C7953AA0A0C2814BB
S214049C1042B84DB9FFB301DB2671244C00C3FF0FD5
S214049C20FF0138145479407841785579020C5B79F1
S214049C305A79140C5F795E794A784278347002DB7C
S214049C401471527951795079020C5B795A795F799B
S214049C505E791E7004DB1A7100C4FF07000000C39F
S214049C60342102B848133FBB467B020C5B795A7911
S214049C703DBB407B4CBB447B457B00C3301F00A0F0
S214049C803414403C207100C068C000B84810281343
S214049C901C4B1C48341448102813144B44483414E2
S214049CA0481028134AAA4BAA04B86D781DB85178F0
S214049CB05CB84B784E7800A000C074C000B804119D
S214049CC0108800B9181068480411108801B90B618F
S214049CD018102C4804111088008800C1231C0000AA
S214049CE018104AB864784BB86478260C28B000C1BB
S214049CF0FFFF0FF0113871B90B61114028A828B97D
S214049D007379747900C21010303045AA54790E0C59
S214049D1000C0E84001B8041100C23030101045AA53
S214049D200E0C0410008810880698620D00910090AE
S214049D3020888F618F600698620D0090886A2140A3
S214049D400112906A035800C13F3F00001138FFBC5F
S214049D50022441281138014245AA28B953794AB841
S214049D6044784BB8447800900091181000912C4821
S214049D70181000916848181000A091684360916913
S214049D804361115B012B112841603128315B00BA15
S214049D90302806763128204A416330280676312852
S214049DA0104A4163302806763128084A4163302831
S214049DB006763128044A4163302806763128024A5A
S214049DC0416330280476014A00A0115910D906715F
S214049DD00860086008D90471086004D90471046036
S214049DE002D90471026001D90471016000A000BAAE
S214049DF001D806710148112A1F61016001D8F67264
S214049E000138F67200A000C220C001B8241211590D
S214049E102129127300210E7100C238C001B8241221
S214049E200121212900A002B020D8147100C0B01E60
S214049E3000A0041002B9457906987613EA7003B0B8
S214049E409F78087200B806A800F806983E0700C572
S214049E50641F00A05088044D1CBC00C0B41E00A0A3
S214049E60811101D91E71407C009501150C4D508856
S214049E70044DFFBB1863315B04110698EE0D3129BF
S214049E80F8750698681A54150698921B01D9087234
S214049E900698580706700698F4071CBB547B069869
S214049EA04E1701D8067202981A0FFFB9012110380E
S214049EB0F67281129B7AF07100C2448001B82414B1
S214049EC000C0C01E00A0041001130020041040505F
S214049ED00C7200B90698280F18B90A7018B90698B3
S214049EE0280F00B900B806981E0F704A08B80698DE
S214049EF01E0F00C2284000B814B806981E0F00C2F1
S214049F00EC4001B80CB806981E0F202210B806982C
S214049F101E0F1088308806985807009300910698FC
S214049F20280F00C0C41E00A00412FFB9012121415D
S214049F301810009500F8312811280410081200A003
S214049F4004B831281128F8B1181000A00698800823
S214049F500E700698C40B0698800806987212069827
S214049F6012079112211900C02C4001B80A7809780A
S214049F7000F810B901BA0698041406982A1106982F
S214049F80641700C5641F00A081109D78FC7200F859
S214049F90911203321CB900C3A01E00A0341300C4DF
S214049FA0B04000541DB84278707903DE06714478D8
S214049FB03A707179A11020D806710298541080DB8B
S214049FC01C7102D8187205B80814A1101030024883
S214049FD0081400B808149110086008141DB86278B4
S214049FE0A11000DC0676517900BA06984E1701D8FF
S214049FF02272911120311D61911004D80E7200C195
S21404A000501F00A0141101D90A7120880698501117
S21404A010009200C1204000B801DB1871084C03DE32
S21404A0200471904C441400C3FF1F0000413BFF23FF
S21404A0303811944900C3384101B83413086380DBEF
S21404A0400C7103BA186206983C10087018620698D9
S21404A0503C100C490879097914102140081100A015
S21404A06000BD0698760210B903DC047100B901BA83
S21404A0700698041402D9067100404E7203B11861A2
S21404A0800F3106987811FFD82872811008D81871F5
S21404A09006DD0A710698760203DC0C720698BC117B
S21404A0A006984A140C7006DD10710698C2114870A2
S21404A0B020B804A806DD10720698800806981207D1
S21404A0C001F840B804A800F800C0A01E00A00413BD
S21404A0D0086301DB227191100111186111381DB952
S21404A0E010D8087144790298541002DBFA72A1134E
S21404A0F028DBF47203BD06981E11069880081DBA64
S21404A1007F7A0698F20400C5681F00A006987602B7
S21404A11000BA03DC1672044DA11002D804711C4D5B
S21404A12000C10CC101B80698AE045415212D06983A
S21404A1303E050298AA08911001550335515001199D
S21404A14000A000C14C1F00A0141001D842710148A1
S21404A1500860FE200E75811020D8087100C1501FBB
S21404A16000A0141101D9287100C02C4001B80412B3
S21404A170215108610F3118611152281000C008409F
S21404A18001B804119112215120311152211900A055
S21404A190811380DB067201B800A000C314C001B8A6
S21404A1A0341006302E726C4B34121C4B341018606C
S21404A1B002302072811080D8DE713410014A0862A1
S21404A1C00460803021508C480A717F234D2334105C
S21404A1D0013000A000BD06981E111CB847784578CB
S21404A1E0437802B8447800A0069880080698BC1104
S21404A1F000C5741F00A0541506983E050298AA08C8
S21404A200B1138F7B0A7200C384C40350017B069883
S21404A2103E1400C1384101B814118F790E7100C183
S21404A220B84000B800BA06983C1050BA06980E1407
S21404A23006987811FFD84A71911004D84872811094
S21404A24008601CD8407220D938721112FF3221518E
S21404A250347180218021111400C0D81E00A004137C
S21404A260FFBA3151113A215111531DB938107B7977
S21404A27040440E7200B900C2AC1E00A0181206704C
S21404A28004B860780698381400F800B900C2A440F0
S21404A29000541812644A0AB918121CBA507A517A31
S21404A2A01DB942795F7900A00698760207DC107221
S21404A2B0911000200A75069872120298660F069886
S21404A2C0120701B9911004D8047100B910BA06989F
S21404A2D0041400BA0040347100C0A01E00A004118B
S21404A2E0086101D9127104D9E2728110086001D89C
S21404A2F0DA711DB8647800C11CC101B80698AE04B2
S21404A30001B81160002A047600BA00C5781F00A0C0
S21404A3105415212D069872120698580700C57C1FFE
S21404A32000A000F800BC811108D9167280D92072EA
S21404A33001B910BA0698041400400E7101BC1070DE
S21404A3400698BC1106984A1420B804A800F8069883
S21404A350721281110231127100B900C21440005405
S21404A3601812244A02B918120698BC1100C5801F98
S21404A37000A054150698F01A0298AA0804110121A0
S21404A38014711CBA737A04200412281104200411D0
S21404A3900121F47200A00698F20401F806984E17FC
S21404A3A001D81671FFB9012110380E7281109B78FE
S21404A3B0087104B9677900F8911010D8287100C59F
S21404A3C01CC101B854110698EE0D00C5C81E00A0A5
S21404A3D054155129EA7507B876781DB8447801B83B
S21404A3E004A800F8B110186010D82E7100C05040B0
S21404A3F0005400C3084000B83114984C441134117A
S21404A400086101D9FA7144122810086228100862FB
S21404A410281008622810E8700298B0020698920283
S21404A420113804721E6202BB00C1D81E00A01411AB
S21404A43020390C72911210DA0672417B00A006983D
S21404A4403E1400C2A01E00A0241220DA0472617B0F
S21404A4501CBA527A00A01CBA727A811204DAFC7210
S21404A46000A01CB86B7800C0684000B82F7800A025
S21404A47006984E1701D83A7100C22C4001B8241031
S21404A4800360911120310151383111501D600812BA
S21404A4901DB9457900C2448001B8241200C0C01E0C
S21404A4A000A00410182000200410205004716579C0
S21404A4B010631EB9637900B902EC00CD114502ECB5
S21404A4C000CC01DB087100BB0298D61803B8411112
S21404A4D00731FA211C760621911210DA087102DD82
S21404A4E010721E7020B80698B20D3038147208B870
S21404A4F006987E0400C02C4000B82978207800F81E
S21404A500056020D8067102980C1602EC00CA05B83D
S21404A51023DA187104DBDA7120DAD67110DAD27213
S21404A5201EB8617800B801DA067202EC00C8911110
S21404A53010D9267100C1B81E00A014111150FF30A6
S21404A5400C720761A110115002300A7180DB0A7286
S21404A5500AB89E701DB97C791860911111402111BA
S21404A560C031114001191EB8411108D9047166782A
S21404A57020D904726578A11002D80672C0DA1E715A
S21404A5801EB8273123DD087210DB1072607825DDD3
S21404A5900A7121DD087208DB0471627803B8411180
S21404A5A007310872A1152035AA7102DD2072A111A7
S21404A5B020D9A07102D91672CCDA9872411140D90A
S21404A5C0927206B8054D5A720298AE14211140498B
S21404A5D0C0D94C71A0314115403502655141046122
S21404A5E0086308DA1E7204DA36721049A1150235B9
S21404A5F0067110DB0E7201340A7108DB22711EB874
S21404A6006778CC3211101A300ADC0872CCDE04717A
S21404A610FD3100C00D0F0C0D216001D85C7207B827
S21404A6200298D81400BA411108D90C7102EC00CA79
S21404A63005B830DAEC720734F031036101DA0471DC
S21404A640014900C0F300A3E3216001D8D27100C021
S21404A6509814406821604030014440DA0471204C6C
S21404A66004320262204A111006301F60014218317B
S21404A6701D6111420298F614204A00C005170850BE
S21404A6802160113001422088FFBB0DDA507100C1F1
S21404A690DE1B250180BC04DA107208DA0A7200C1D7
S21404A6A020841000E024A02408634143026401DAF5
S21404A6B006711E49024B00C0201F00A00863381014
S21404A6C0BC2002DA127101B91159A11380DB08719A
S21404A6D000C100FCFF0118100298621800C4A01EF6
S21404A6E000A0441080D87C710092D0DA06710DDA8E
S21404A6F00C711EBD437DEFBD0698140304620DDA8B
S21404A7008672A11105D95C7100C24040005424121F
S21404A7101424281401D9067202D9327140D91E7144
S21404A72002EC00CA211018320471FA2220D80472EE
S21404A7300822FE22087502EC00C8F87001D90E71D2
S21404A74002EC00C802D9067204DC187200C0A01E0F
S21404A75000A004101D6001D806711EB8647807B8FE
S21404A76073780298D61800C0A01E00A0041080308B
S21404A7700A7100C0C41E00A0041000A006984E175C
S21404A78001D82E71911010D828728110A0D8227288
S21404A79003B084781C7200C12C4001B814100DBAA2
S21404A7A0487A697A6B7A08111CB87B7807B875788A
S21404A7B000A0641000C6881F00A0C3B806987C02D8
S21404A7C000C4441F00A014BA281400B8011AB1101B
S21404A7D08F780A7200C084C4035001789110103038
S21404A7E0011905BA06980E1402D9067101B804A810
S21404A7F000C0A01E00A004130698641180DB067136
S21404A800029858141DBA7C7A01DB6A7100C2241FB0
S21404A81000A024111114FF3402EC00C8FF24FA76B9
S21404A82008610698C20D046111380F3004611114D2
S21404A830011141100698C20D01D8087203B8029897
S21404A840D8140C4A01DB2271241011281128041292
S21404A85002300471106200C0FFFF0000213800C2FD
S21404A860204000B8FF200812411008600698C20D68
S21404A87001D87C7120BC1033767100BB00C1201F48
S21404A88000A01415C021112C511218620F320E713B
S21404A890408851140698FA184143009451120865EA
S21404A8A01C620F320E71411151140698FA181C647A
S21404A8B041430865513B00C1DC1E00A0141111126F
S21404A8C031100F30127100BA056101D804711142BB
S21404A8D001600FD8F472311003601E30047201B8A0
S21404A8E0003A087204B80298D8140298C41600C035
S21404A8F0384101B804118F7914717F20692004113E
S21404A9000861303110DD06711DBA637A06981203A9
S21404A91000F830885088FF34087102ECFF24F87081
S21404A92002EC00CD1410595001440421FF22F272A7
S21404A9300F4C0095009300A000C1A81E00A014119F
S21404A94000A030880698421B8111086102D906725D
S21404A9500298061A1CBB557B086120D9067102981A
S21404A960F6190088A11018600698201908211415F5
S21404A970FC251EBB5C7B5D7B00C1084001B814113E
S21404A9800731FE21307608D82A725113FC2334137B
S21404A99004DB20711863FF33315B00C110C000B8BC
S21404A9A01411086180490C71FF31302954751EBB9F
S21404A9B07B7B10707B7B7C7B00DD04717D7B01BB25
S21404A9C03815EC25541300DF5471042505DF547143
S21404A9D05415211120880698EE0D009251293E75D3
S21404A9E000C1084001B8141102DB0C710731315B59
S21404A9F031292A760C7004DF0872016180D91E7230
S21404AA000698201900C010C000B80698861B069841
S21404AA1020191411FFD9607202984C1A0090009302
S21404AA2000A05415A111186110D9A672082508D8DB
S21404AA30A071082510D89A71208821110698EE0D69
S21404AA40FC255412112AF82554110C2520D8087117
S21404AA50F025541110252029047621591815009242
S21404AA600298B81907B97179811010D80A711CB800
S21404AA70447802B841781CB9747904B9677900F847
S21404AA808110A0D808711CB9497900A0086002D8C2
S21404AA90FA7106982019108806983E14106210DA87
S21404AAA0087108211415F025541100C20020FEFF79
S21404AAB0202912750698921B01D90A7206988008F6
S21404AAC00698120700941CBB41100C2006986413C9
S21404AAD041110821141006986413312844111112E8
S21404AAE00861FF31FF3201221052107218611814E7
S21404AAF004244413042438140C70186121411814D7
S21404AB0008240814029838144044147100C1AC1E7A
S21404AB1000A0141551131C630FDB0C7219650698FC
S21404AB200205411500A000C3784000B83413807BAA
S21404AB3006720698120706983E1408BB5114069827
S21404AB40B01A4415FC25541500C3784000B83413D5
S21404AB50807B047100A002983E051CB900C3A01EA9
S21404AB6000A03413086308DB1A718113A0DB067196
S21404AB70497910706979086302DB087204B9677949
S21404AB8000F800A08111086102D910711CB975790A
S21404AB90069820191411FF3100A0FFB900A0041074
S21404ABA008211411F421081100A08111106110313C
S21404ABB00E710698201908211411F821141100A00A
S21404ABC018AE040000000000F0AB04000100000012
S21404ABD00000000000F0490218AE04000000000067
S21404ABE014AC0400010000000000000000F049025C
S21404ABF038AC04004063598F404B4C000B000B00EC
S21404AC001A00FF7F7870002000000000BAB004002D
S21404AC100000000028AD04004063598F404B4C00F0
S21404AC200B000B001A00FF7F787000200000000065
S21404AC30B8B0040000000000FC1F010318B00400B4
S21404AC401CC0011000F807001CC0013014020800E4
S21404AC5050C001008741300424400601070062000A
S21404AC603870000000000000000000030068010FB8
S21404AC7040B8244058400101FC00690080400501AA
S21404AC802363E0119BC34A74F003000003800000B2
S21404AC90BE0A0000E040010133000000F040040159
S21404ACA0590B0000640483078813C83A90200A00EE
S21404ACB028410101001E00003C410B0100148C00D9
S21404ACC0141A21282E343B42495043557698BA0C20
S21404ACD028690000010000000721286414171A00E0
S21404ACE02004C869A1203A093C4201012900000059
S21404ACF0A080020170780300D5C00000A88001116E
S21404AD00F0010000A88001310542CB01AC8001119E
S21404AD10F0010000AC80013105228D00B0800101F5
S21404AD2000030002FFFFFFFFFC1F010368B00400DE
S21404AD301CC0011000F807001CC00130F502080012
S21404AD4050C001008741300C2440060107C0520061
S21404AD5000000000000000000000000300000000E7
S21404AD6000000000584001016402FF008040050115
S21404AD704B01A0089BC34A74F003000000000000C7
S21404AD8000000000E040010133000000F040040130
S21404AD9000000000640483078813C83A9C200A0055
S21404ADA028410101031000003C410B010000000093
S21404ADB0000000000000000000000000000000008A
S21404ADC00000000001000000000000000000000079
S21404ADD000000000000000003C42010100000000EA
S21404ADE0A080020170780300D5C00000A88001117D
S21404ADF0F0010000A88001310542CB01AC800111AE
S21404AE00F0010000AC80013105228D00B080010104
S21404AE1000030002FFFFFFFF0C4002000180140045
S21404AE207F400000204002000000000000000000F8
S21404AE303040070000000000000000000000000092
S21404AE40000000000000000000000000A007000052
S21404AE5050400100000000005C40020000000000BA
S21404AE6000000000A840010007000000B4400400F1
S21404AE7000400000FF4C000000410000FF4D0000B1
S21404AE8008C001000000000020C00110FF00000000
S21404AE9020C001300043000024C00400EC80B3034B
S21404AEA04375A802000000002E02000054C00300F0
S21404AEB00E2D09E654060708D1B6020064C0080041
S21404AEC00430000040201006C8F248181FE8F600B8
S21404AED0BD4B721511A3180510325476980A00005B
S21404AEE088C00100000000000800010104070000FB
S21404AEF01800010100000000200001010884000081
S21404AF001C4002011000000020F913045C400501F7
S21404AF104108000001000000B0070800A700000078
S21404AF2000000000944007010101103050707F7F3C
S21404AF300000000000000000000000000000000008
S21404AF4000000000E440010100000000EC400101A4
S21404AF507DA8D98B0041020100612000B756351246
S21404AF600C410301F95412002030042988BB400028
S21404AF702441010100000000304103016406660C10
S21404AF800C010000E853FA006841030164048307D7
S21404AF908813820000000000304203010000000015
S21404AFA00000000E00000000444201010000000002
S21404AFB010800101030000003880020111491000CE
S21404AFC00100000088800101000000009C8001014F
S21404AFD0EB400200B4800101370000018800020241
S21404AFE0000C00044C000000940001020004000061
S21404AFF0D00002020E00000090029608E40001024F
S21404B0003D094204F4000102000000001801010298
S21404B01060005102FFFFFFFF120000006666660034
S21404B02000000000CCB00400BCB004000000000027
S21404B030001A9A00005A620280841E000420FE0051
S21404B040114950020000000000000000000000004B
S21404B0500000000000000000B1841E000000000094
S21404B0600000000000000000120000006666660093
S21404B07000000000CCB00400BCB00400000C0000CB
S21404B080001A9A00005A620280841E0004200000FF
S21404B09011495002000000000000000000000000FB
S21404B0A00000000000000000B1841E000000000044
S21404B0B0000000000000000005040000E119000084
S21404B0C0E11900000000000000000000193F01061E
S21404B0D0041001000001010600102700000900000A
S21404B0E0000000000000000091E3010041E30100BD
S21404B0F04DE301003DE4010049760300E37B0300D1
S21404B100E77B0300EB7B0300EF7B0300F37B03008A
S21404B1100001030464EE01001000000024E10100B5
S21404B1201A00000079EB01001100000075E401002C
S21404B1301100000063E511000400000023E1110083
S21404B1400400000025E101000800000026E10100DB
S21404B1500A00000027E101000200000000000000D1
S21404B16000000000C5B20400BFB2040000000000E6
S21404B170C6B2040083750400000000007D75040058
S21404B1807F75040000000000817504009DB2040071
S21404B190CBB20400847504007E7504000000000031
S21404B1A082750400B8B104007B7504007C75040045
S21404B1B0807504007A750400000203040508090A71
S21404B1C00B0001020304051D2000B401080202005E
S21404B1D0AA00FFFFFFFFFFFFFFFFFFFF51990300D9
S21404B1E0A9400200256C020075090300356F0200B1
S21404B1F0B7820300B9820300BB820300BD8203004A
S21404B20035D00200D1A8020015EA0200210303008B
S21404B210455D0200B182030071AB0200B3820300F5
S21404B22049510200B5820300B16B03003D5602008B
S21404B2302741030000000000001300000000000087
S21404B2400000000001000000FDAE02000200000045
S21404B250AF9303000300000055AE02000400000094
S21404B2602993030005000000F5AD0200000000006D
S21404B270000000000023001B2200FF000000000066
S21404B2800C090202000000001C1A0B0303FF060848
S21404B2900402020204020A0B030302030480FF02F0
S21404B2A004FF010101010800000000000000005A2C
S21404B2B06967426565416C6C69616E6365303980A7
S21004B2C0008F8E8C80808006080C1080A6
S20C04B2CC109AFB7F010000004C
S21004B2D4E0B20400906B002000020000B2
S21404B2E00000000000000000FFFF00000100000056
S21404B2F00000000000000000000000000000000045
S21404B3000000000000000000000000000000000034
S21404B3100000000000000000000000000000000024
S21404B3200000000000000000000000000000000014
S21404B3300000000000000000000000000000000004
S21404B34000000000000000000000000000000000F4
S21404B35000000000000000000000000000000000E4
S21404B36000000000000000000000000000000000D4
S21404B37000000000000000000000000000000000C4
S21404B38000000000000000000000000000000000B4
S21404B39000000000000000000000000000000000A4
S21404B3A00000000000000000000000000000000094
S21404B3B00000000000000000000000000000000084
S21404B3C00000000000000000000000000000000074
S21404B3D00000000000000000000000000000000064
S21404B3E00000000000000000000000000000000054
S21404B3F00000000000000000000000000000000044
S21404B4000000000000000000000000000000000033
S21404B4100000000000000000000000000000000023
S21404B4200000000000000000000000000000000013
S21404B4300000000000000000000000000000000003
S21404B44000000000000000000000000000000000F3
S21404B45000000000000000000000000000000000E3
S21404B46000000000000000000000000000000000D3
S21404B47000000000000000000000000000000000C3
S21404B48000000000000000000000000000000000B3
S21404B49000000000000000000000000000000000A3
S21404B4A00000000000000000000000000000000093
S21404B4B00000000000000000000000000000000083
S21404B4C0000100000000F001080000000810002041
S21404B4D001002301040000001010002006003001C3
S21404B4E00100000014100020FFFFFFFFC0EA210146
S21404B4F0C0EA21010080000000F04902B06D00207F
S21404B50000600B0000800000B43A0020C800000071
S21404B510FE00000000000000B866040018100020BA
S21404B520FFFFFFFF6C6A040033000000F909010006
S21404B5303300000069450300FEE2030002E3030053
S21404B5400FE303001CE3030029E3030036E30300D0
S21404B55049E303005BE3030068E3030075E30300C9
S21404B56082E3030097E30300AAE30300BCE30300BB
S21404B570D1E30300E0E30300F1E3030000E4030087
S21404B58010E403001CE4030029E4030039E4030088
S21404B5904BE403005AE4030069E4030072E4030086
S21404B5A087E403009CE40300B1E40300D1E4030051
S21404B5B0DFE40300FEE4030019E503002CE50300C2
S21404B5C039E503004EE503005DE503006CE5030082
S21404B5D07EE5030090E50300A3E50300B6E503005B
S21404B5E0CCE50300000000000F00000003E80300A1
S21404B5F01AE80300FF00000000000000000000003E
S21404B6000000000000000000000000000000000031
S21404B610000000000030E70400C8180377F00300B9
S21404B6207CF00300A9F00300D4F0030002F1030049
S21404B63030F103005FF103008CF10300BCF103005A
S21404B640ECF103003CF20300FFFFFFFF00F80300E9
S21404B650FFFFFFFF0000040000000400005C260556
S21404B660146F002006000000EC8C040000000000AC
S21404B67001001900010000009C460020010019008A
S21404B680010000009C460020010019000100000093
S21404B6909C46002001001900010000009C46002082
S21404B6A001001900010000009C460020010019005A
S21404B6B0010000009C460020010019000100000063
S21404B6C09C46002001001900010000009C46002052
S21404B6D001001900010000009C460020010019002A
S21404B6E0010000009C460020010019000100000033
S21404B6F09C46002001001900010000009C46002022
S21404B700A84A00200000000000000000E8750400BD
S21404B710C4510020C86F0020845400204E640400E6
S21404B720060000000000000000000000000000000A
S21404B7304C8D0400648D040059640400831B0400CB
S21404B740FE000000F86F0020000000009454002063
S21404B750FC54002064550020000000000000000097
S21404B76000000000000000000000000000000000D0
S21404B77000000000000000000000000000000000C0
S21404B78000000000000000000000000000000000B0
S21404B79000000000DB710300388F0400FFFFFFFF8A
S21404B7A01F7503001B750300FFFFFFFF23750300CF
S21404B7B0FFFFFFFFBD0E0200FFFFFFFFFFFFFFFFBF
S21404B7C0FFFFFFFFFFFFFFFFFFFFFFFFFFFFFFFF80
S21404B7D00000000020A10700000000008DB2030056
S21404B7E00000000000000000000000000000000050
S21404B7F00000000000000000000000000000000040
S21404B800A45A0020B93602002D500200831B0400FF
S21404B810000000000000000000000000000000001F
S21404B820A45A0020513D020000000000831B0400BF
S21404B83000000000000000000000000000000000FF
S21404B840A45A0020794702002D500200831B0400EE
S21404B85000000000000000000000000000000000DF
S21404B86046650400A45A0020D161020000000000CE
S21404B870831B04000000000000000000000000001D
S21404B88000000000A45A0020D56A02000000000050
S21404B890831B0400000000000000000000000000FD
S21404B8A000000000A45A0020317B020000000000C3
S21404B8B0831B0400000000000000000000000000DD
S21404B8C000000000B80B0000A45A0020117F0200FC
S21404B8D000000000831B04000000000000000000BD
S21404B8E00000000000000000A45A0020F1870200B7
S21404B8F000000000831B040000000000000000009D
S21404B9000000000000000000A45A00206189020024
S21404B91000000000831B040000000000000000007C
S21404B9200000000000000000A45A0020EB8803007A
S21404B93000000000831B040000000000000000005C
S21404B9400000000000000000A45A0020A98C020099
S21404B95000000000831B040000000000000000003C
S21404B9600000000000000000A45A00204D910200D0
S21404B97000000000831B040000000000000000001C
S21404B9800000000000000000A45A0020B395030045
S21404B99000000000831B04000000000000000000FC
S21404B9A00000000000000000A45A0020C5E90200C0
S21404B9B000000000831B04000000000000000000DC
S21404B9C00000000000000000FB9A0300A45A0020B8
S21404B9D0910303002D500200831B040000000000A6
S21404B9E0000000000000000000000000A45A002030
S21404B9F0010A030000000000831B0400000000008E
S21404BA00000000000000000000000000FFFFD00758
S21404BA10B80B0000FFFFFFFFCEFAEFBEFFFFFDFFEF
S21404BA20FDFF0C002C01001E2C0140068000FFFFC9
S21404BA3004F8FFFF0C000000000000004000FDFFBB
S21404BA402C019C000000FFFFFDFFFFFFFFFF60EAE4
S21404BA508000800010C1CDAB0A013201FFFFFFFF5A
S21404BA60FFFFFFFFFFFFFFFFFFFFFFFFFFFFFFFFDD
S21404BA70FFFFFFFFFFFFFFFFFFFFFFFF01FF05FFC5
S21404BA80FFFF0101FFFF0201FFFF640250FF0F02E8
S21404BA9008031E050216010A0C05200705100101FD
S21404BAA00F080101010104FF030101FF0C01FF401F
S21404BAB05AB47F0150403000FFFFFF0B03FF050B15
S21404BAC001030105020201FFFFFFFFFFFFFFFF0165
S21404BAD00102FFFFFF010000BD4C0000954C000072
S80400931D4B
