S01B00006275696C642F72656C656173652F7A69676265652E73333714
S2140060000810002089B00000A9F800006B84030087
S2140060106B840300B1F80000B9F800006B8403003D
S2140060206B8403006B8403006B8403006B840300A3
S214006030BDF8000078CA04006B8403006B8403007C
S2140060406B8403006B8403006B84030059AB000071
S2140060506B8403006B8403006B8403006B84030073
S2140060606B8403006B8403006B8403006B84030063
S21400607029FE00006B8403006B8403006B8403001E
S2140060806B8403006B8403006B8403006B84030043
S2140060906B8403006B8403006B8403006B84030033
S2140060A06B84030055B4000035B400006B84030015
S2140060B06B840300013D02006B8403006547020009
S2140060C06BDD030067DD0300413F020081DD030056
S2140060D06FDD03003547020073DD0300A5470200AD
S2140060E0114E02000D2B0200114802006B840300C3
S2140060F06B8403006B8403006B8403006B840300D3
S2140061006B8403006B8403006B8403006B840300C2
S2140061106B8403006B8403006B8403006B840300B2
S2140061206B8403006B8403006B8403006B840300A2
S2140061306B8403006B8403006B8403006B84030092
S21400614082B030BF074BD3F8F030DB0704D500230E
S2140061500193019B052B01DD02B07047019B0133C3
S214006160F6E700BF00ED00E0F0B5114A114C124E04
S21400617000F00105E3695F0713D40DB9334213D16C
S21400618003EA00078F4207D10B4A1A40002A14BFC1
S2140061906FF001000020F0BD013AEBD16FF0020075
S2140061A0F9E74FF0FF30F6E76FF00100F3E700BFC6
S2140061B08096980000000350020001000B4B70B55B
S2140061C0D96911F480310DD101244FF48072084E44
S2140061D0084DF46020462C641A61FFF7C5FF34644E
S2140061E0EC6070BD6FF00100FBE700BF00000350DD
S2140061F000100350002003504FF4003238B50F4B08
S2140062000F4C9A6641F671330122E569E3630D4B44
S2140062100021DA60022360612120236105F48035C5
S214006220FFF7A2FF10B92120FFF79EFF0122064BC1
S214006230DA600DB10023E36338BD00BF0090005064
S21400624000000350001003500020035070B5134C9C
S2140062506061E3695B071ED40E4656F8043B8D1852
S214006260A361AE420BD10423002121202361FFF756
S2140062707BFF58B9BDE870402120FFF775BF0821A5
S2140062800846FFF771FF10B10423236170BD56F86E
S214006290043BA361E5E74FF0FF30F7E7000003504B
S2140062A02DE9F84315464FF40032184B89469A6696
S2140062B041F6713203F51C33DF69DA6301220646C4
S2140062C003F58053DFF84C8007F48037DA6055B961
S2140062D0284601220E4BDA601FB10022A3F50053B8
S2140062E0DA63BDE8F88306F5005404EA0804A41B44
S2140062F0AC4228BF2C46494622463046FFF7A6FF4A
S2140063000028E6D12644A1442D1BE0E7009000506B
S20C0063100020035000E0FFFF2F
S2140063182DE9F04F4FF0FD0BC9B09A460DF11B0959
S2140063289DF8503108AFCDF80C90CDF808B001971D
S214006338059303890446009383790E469046418860
S2140063488288407813F01CFA054650B10090A3885E
S214006358002062883A4913F057FD284649B0BDE840
S214006368F08F99F8000034F0D6FF38B12846A38895
S2140063786288344913F048FD8D25EEE75A463946BB
S21400638899F8000034F06FFF8346002851D0529BDE
S2140063981BB1BDF84C3198424BD8002399F80090B1
S2140063A80793A9F14102012A5FFA8BF123D83846F0
S2140063B80139254ADFF898C05FFA81FE734513DB7A
S2140063C8059B04210792C3B907AF18221F489FED03
S2140063D81A7B02FB060420460A460830394684ED36
S2140063E8027B18F093FB11E010F8011F01335140AF
S2140063F80CFB01F2E2E7059B33B123464A463846D2
S214006408009611F0E5F8A8E70829DED9B8F1000FDC
S21400641801D088F80090BAF1000F01D0AAF800B0B1
S214006428529B002B99D05A46184608A918F06EFBBE
S21400643893E7012591E700BF000000000000000078
S2140064480374040038740400C59D1C818010002065
S21400645893010001000000002DE9F04F93B0CDE94C
S2140064680A32DDE91C530E9353EC102BCDE90801D4
S214006478104619468DED060B1E9E17F0D1FD80B10D
S214006488DDE906014FF0FF32C54B17F0F1FD40B9C4
S214006498DDE906014FF0FF326FF4801317F0CAFDEE
S2140064A870B1DDE908019DED060B0E9B1E96CDE941
S2140064B81C53DDE90A3213B0BDE8F04F00F088B986
S2140064C80022DDE90601002317F0B4FD002800F0DD
S2140064D83381DDE906A303F1004BCBF30A5016F42B
S2140064E88063A0F2FF3008BF06250F9317F0C6FAA0
S2140064F89BA3D3E9002317F02BFB9BA3D3E9002328
S21400650817F070F9CBF31304894644F07F518046A0
S2140065180022A44B504641F4401117F061F994A3A9
S214006528D3E9002317F014FB02460B4640464946BB
S21400653817F058F917F0A6FD044617F09FFA8EA331
S214006548D3E900238046894617F002FB0022964BC3
S21400655817F048F917F096FD89A3D3E900230746F4
S2140065684946404617F0F4FA80463846894617F0FA
S21400657885FA85A3D3E9002317F0EAFA02460B4604
S2140065884046494617F02CF902460B46CDE90C233F
S21400659817F0DEFADDE90C238046894610461946D0
S2140065A817F020F90022CDE91001804B40464946F5
S2140065B817F0F8FB00227E4B17F014F902460B463C
S2140065C84046494617F0EEFB00227A4B17F00AF9C8
S2140065D802460B464046494617F0E4FBDDE90C2325
S2140065E88046894600204FF0804117F0F9F80246A9
S2140065F80B464046494617F0F5F802460B46DDE9D5
S214006608100117F0CFFB07F2FF3700226A4B17F08E
S214006618E9F800223B0517F09BFA52465B4680468F
S214006628894617F025FD002840F08980CDE90C89B9
S21400663804F16303C62B8CBF0527042731051BD539
S21400664853A3D3E900235046594617F007FD002800
S2140066587FD051A3D3E900235046594617F0EAFCE9
S214006668002876D00027A542C6BF2C1B04F1FF35AC
S21400667800253C4646F480660E9B9F422CBF4FF092
S2140066880008A3EB070816F0020903D0002F18BF6E
S2140066984FF000083CB1DDE90C235046594617F088
S2140066A881FB82468B46DDE906010022002317F0AF
S2140066B8C1FC10B10BF100439B46DDE9080126F446
S2140066C80063CDE90183DDE90A324BEC10AB009597
S2140066D800F07EF802465FB3DDE9091316F0200FD6
S2140066E800F10105089E0CBF65204520B047DDE98E
S2140066F808010523002205930A23002CCDE902325F
S21400670807F1FF374FEAD473B8BF64422A460193AD
S21400671804970A9B009436F06CFD0246B9F1000F08
S21400672806D00B9BC41A0B9B1A190E9BA34245D87E
S214006738104613B0BDE8F08FDDE906ABCDE60022C3
S214006748404649461A4B17F02DFB013CCDE90C0193
S2140067586EE7002D90D00F9B002B8DD0013D8BE768
S214006768FB799F501344D33FB3C8608B288AC63F33
S21400677861436F63A787D23F71A379094F930A4095
S2140067881655B5BBB16B0240EF39FAFE422EE63F0E
S2140067982D431CEBE2361A3F0000000080842E4191
S2140067A8FFFFEF7F0000F83F0000E03F00002C40AE
S2140067B800002440000018400000F03F2020DDE9DB
S2140067C80913089DA8470134ADE700BF0000000084
S2140067D82DE9F04F5BEC10AB97B0CDE90501DDE98C
S2140067E82058CDE90723504652465B465946229F15
S2140067F817F016FC70B90323CDE902870193AA4B5C
S2140068080093DDE90501DDE9072336F024FC17B01F
S214006818BDE8F08F4FF0FF326FF4801350465946AC
S21400682817F008FC28B10423CDE9028701939F4B93
S214006838E6E74FF0FF32504659469D4B17F018FCD6
S21400684868B19C4A07F00403002B08BF03229A4B42
S2140068581CBF13460422CDE902870192D0E75046B2
S2140068688DA3D3E90023594617F002FC38B98CA348
S214006878D3E900235046594617F0DCFB68B1DDE93A
S2140068880723DDE905014BEC10ABCDE92187209500
S21400689817B0BDE8F04FFFF7DFBD002200235046D3
S2140068A8594617F0C7FB002800F091805B46524611
S2140068B80020002116F094FF012382468B46099398
S2140068C817F4806400F08580092D40F28580002446
S2140068D830210EABA5F109020134202C03F8011B68
S2140068E8A5EB040901D09442F6D15946504617F054
S2140068F8C9FB724B054603EBC90393ED007B8DED90
S2140069080A7B17F0BBF802460B465046594616F067
S21400691867FFDDE90A2317F01BF902460B46CDE9A7
S2140069280C2317F0D7FB064617F098F802460B46D6
S214006938DDE90C0116F054FF02460B46CDE90C23A0
S21400694800225F4B17F094FB002848D001363046EB
S21400695817F084F802460B46DDE90A0117F074FBC7
S21400696808B100260135B9F1000F45D1284617F0C1
S21400697885F802460B465046594616F031FF002267
S2140069884F4B17F057FB10B9E90700D501350A2118
S2140069980EAB1A19202C0AD095FBF1F001FB105506
S2140069A8303502F8015B013405460028F2D107F0BD
S2140069B80302012A55D1B8F1000F52D0099A12B92C
S2140069C817F00C0F01D008F1FF38302240E009908C
S2140069D876E74FF0060988E7A946002485E70022EF
S2140069E8DDE90C01364B17F025FB0028BBD10EB1AC
S2140069F8F007B8D50136B6E70A210EAB1A19202CCF
S214006A080DD0B6FBF1F001FB1063092E03F130033D
S214006A1809F1FF3904F1010402F8013B11D83021CD
S214006A28A1440EAA202CB2D04C4504F101030AD189
S214006A3804F158020DEB02042E2204F8202C1C4602
S214006A48A5E70646DBE7A1541C46EBE71A550134D2
S214006A58444506D2202CF9D1CDE9028701940EAB25
S214006A68CEE6202CF8D0099B3BB12D2204F1580322
S214006A786B4403F8202C0134EEE77A0704D504F1BA
S214006A8858032B226B44F4E73B07E5D504F158037B
S214006A9820226B44EDE700BF0000000065CDCD4125
S214006AA80000000065CDCDC1F2910400F691040007
S214006AB8FFFFEF7FE9910400EE91040070D904000F
S214006AC80000E03F0000000070B58EB02C220021C8
S214006AD803A817F08BFE64234FF002320893CDE923
S214006AE805230B2301218DF834305B4B8DF81010ED
S214006AF81D880D4040F0A98008463AF04DFE0A224F
S214006B08564B574C1A704FF42873ADF812304FF0A6
S214006B18FF332360534B54491B8820460B82534B44
S214006B28534A1B68CD828B61524B0D621B884B8281
S214006B38514B1B68CB611DF033FF20B14FF41B711E
S214006B484E483BF0FCFE0521206837F0B0F920B12E
S214006B5840F27D2149483BF0F2FE206816F0FCFD25
S214006B68474B2068196836F01CFD0C253BF07CFA6C
S214006B78684309903BF078FA68430DEB05010790E7
S214006B88206818F0CFFA20B140F295213B483BF038
S214006B98D6FE256820F0A0FC00220146284636F0DE
S214006BA878FD20B140F2972134483BF0C8FE40F209
S214006BB80353344D344E2B80052396F90000AB70F2
S214006BC87F2801D11EF0D4F93378EB703BF04CFAED
S214006BD800EB80008000A8803BF046FA0023C00047
S214006BE84FF0FF31E880AB604FF0FF3018A3D3E9D1
S214006BF800233AF023FF2549206836F003FD206875
S214006C0802A937F0FBF920B14FF434711B483BF06A
S214006C1896FE042220680DEB020136F097FC042845
S214006C2804D040F2D72115483BF089FE01A901207F
S214006C3836F062F808F078FE01201EF02BFE32F0DF
S214006C48FEF91EF051FE1EF02BF90EB070BD00BF07
S214006C580A0020FF42030000E6620020E56A0020E2
S214006C689859002094F20400BC7200209CF204009C
S214006C78C917040092F2040098F2040021C904001F
S214006C88047000208C590020D87500203D18040098
S214006C980348044B834202D0034B03B1184770479E
S214006CA80C7600200C76002000000000064B0749F2
S214006CB8C91A891048BF0131491003D0044B0BB1DB
S214006CC801481847704700BF0C7600200C76002055
S214006CD80000000010B5064C237843B9FFF7D8FF2C
S214006CE8044B13B10448AFF300800123237010BD92
S214006CF87016002000000000D42D050008B5044BCF
S214006D081BB104490448AFF30080BDE80840CDE74E
S214006D180000000074160020D42D0500A3F5803A64
S214006D28704700BF154B002B08BF114B9D46FFF759
S214006D38F5FF00218B460F461148124A121A17F023
S214006D4855FD0C4B002B00D098470B4B002B00D062
S214006D5898470020002104000D000B4818F08CF816
S214006D6817F01CFD2000290030F034FF18F072F8E8
S214006D7800000800000000000000000008100020C6
S214006D8808100020486B0020E9EE0100032837B5FC
S214006D9804460D461FD1012B35D11378012B32D16D
S214006DA801F0C0FD012804460DD18DF800002648E4
S214006DB816F0FEFB03F0C0FB234601466A46022097
S214006DC803F016FC1FE0214816F0F2FB03B0BDE8FE
S214006DD8304001F0CDBD202817D101F0A3FD421E9A
S214006DE85042504101236A468DF800002946204645
S214006DF803F0FEFB164B1A782AB901221A7003F024
S214006E0849FB02F033FD03B030BD25280BD101F055
S214006E1889FD431E584258418DF8000001236A46F2
S214006E2829462046CCE72428EDD10023CDE90033B7
S214006E3803F0FAF910B100BACDE9000008236A4653
S214006E4829462420BCE700BF902D0400BD2D040071
S214006E58D363002007B5012120200DF1070201F0B9
S214006E68C9FB50B1012120200DF107028DF807104B
S214006E7801F0D0FB03B05DF804FB9DF8071001296C
S214006E88F8D00122084816F093FB01210DF10702FD
S214006E9820208DF8071001F0BDFB30F010FE4FF4EF
S214006EA8FA6001F0EFF9E5E7F52D040008B501F002
S214006EB8C5F900F01FFB0F4B1B788BB10E4803F08B
S214006EC883FB03F001FB02F0BDFC0C4803F014FC46
S214006ED830F07FFE02F030FDBDE80840FFF7BABF8D
S214006EE803F0A8FA064B1B781843C0B20028E5D171
S214006EF8EEE700BFD7630020CC260020956D000083
S214006F084B64002038B5124B1B78BBB103F0FAFB74
S214006F1801F008FD012805D001F004FD022801D083
S214006F2801F026FD0B4D2B783BB901F0FBFC012840
S214006F38044602D130F045FE2C7038BD03F07AFACC
S214006F48054B1B781843C0B20028DFD1E0E700BF26
S214006F58D7630020D26300204B64002070B590F8F9
S214006F6860300446114E00F11C0533B1C0E90760D5
S214006F782846BDE8704001F093BB008830F073FDEA
S214006F88A37884F84400834208BF01232846C4E94E
S214006F98076404BFE370237101F082FB2246208851
S214006FA80349BDE8704001F0BFBA00BF8B77030005
S214006FB84F77030070B5C37804460D461646002B77
S214006FC834D1D1B1214816F0F3FA0123E370E36C0B
S214006FD8A6600BB1E06D9847E368F61A63699E42AF
S214006FE821D2217E1A480131C9B2217616F0E0FA7C
S214006FF8A36D13B1217EE06D9847E57030F072FD01
S21400700815B3237903BBA268238A801A83421BD848
S21400701801231048237116F0CBFA236DA3B1E06D57
S214007028BDE87040184701232376E6E70029E4D137
S214007038094816F0BDFA636DE660E5702571002B09
S214007048DBD0E06D9847D8E770BD00BF1D2E040062
S2140070582E2E04005C2E0400492E040070B51E4631
S214007068838804460D46C18002810BB1868070BDB8
S2140070788178008830F0A6FB0123E370064BA680D3
S214007088C4E903340C34204601F00AFB294620469E
S214007098BDE8704030F01DBDD777030010B5017904
S2140070A80446B1FA81F10088490930F002FC2179DA
S2140070B86088B1FA81F1490930F0FBFB034B1A6886
S2140070C8A24204BF00221A6010BD00BF901600201E
S2140070D870B543790446A3B100880E4E04F108053E
S2140070E8336813B10C4B1B786BB1217930F0E1FB98
S2140070F864210A4B3460A3602846BDE8704030F02F
S214007108E8BC4088E9E7064816F052FA054B3221F3
S214007118A360F1E790160020D4630020A570000055
S214007128722E0400D970000010B5044620B3134828
S21400713816F03EFA012194F83800617150B1104BF0
S2140071481B6803B19847236BB3B1606B0121BDE898
S21400715810401847A37923B92179208830F0A9FB75
S214007168F1E72046FFF79AFF04F1080030F0B6FC76
S2140071782046FFF7ADFFE6E710BD00BFA82E0400C7
S2140071888C16002010B5044638B3144816F010FACA
S214007198002194F83800617150B1114B1B6803B197
S2140071A89847236BCBB1606B0021BDE810401847A9
S2140071B8A3793BB921792088B1FA81F1490930F0E1
S2140071C878FBEEE72046FFF769FF04F1080030F089
S2140071D885FC2046FFF77CFFE3E710BDB32E0400CE
S2140071E88C16002010B5044668B1074816F0E0F97A
S2140071F8637920461BB1BDE81040FFF7C3BFBDE862
S2140072081040FFF791BF10BDBF2E040010B50E4CFE
S2140072180E48214616F0CCF982210D4816F0C8F91A
S21400722882210220A21E01F0F5F9014630B134F899
S214007238022C0848BDE8104016F0BAB90648BDE862
S214007248104016F0B5B900BFEE5B0020CE2E040045
S214007258E92E0400F42E0400382F040038B5114C2B
S21400726882212246022001F0C5F9A51C014688B1F4
S21400727822880D4816F09CF92A460C4B03F12C017F
S21400728853F8040B8B4242F8040BF9D11B781370A1
S2140072982C23238035F8021C054A0648BDE83840EA
S2140072A816F086B9EC5B0020432F0400C32F0400B9
S2140072B8EE5B0020A12F040010B50C4C0C482146AC
S2140072C816F076F982212320A21E01F0A3F90146C2
S2140072D830B134F8022C0748BDE8104016F068B9FB
S2140072E80548BDE8104016F063B900BF6C5B002087
S2140072F8F02F04000E300400382F040010B5094C97
S21400730882212246232001F075F910B10023A370CC
S2140073182380054A054832F8021CBDE8104016F0DE
S21400732847B900BF6A5B00206C5B00204930040048
S21400733810B50C4C0C48214616F03AF98221242048
S214007348A21E01F067F9014630B134F8022C07484E
S214007358BDE8104016F02CB90548BDE8104016F0F8
S21400736827B900BFEA5A00206E30040094300400A3
S214007378382F040010B5094C82212246242001F03B
S21400738839F910B10023A3702380054A054832F85E
S214007398021CBDE8104016F00BB900BFE85A0020E2
S2140073A8EA5A0020D7300400114B70B51C88E4B1A7
S2140073B8104E35887E2D19D8C5F17F05ADB2AC4282
S2140073C805D92246611B0C4816F0F2F82C4633887D
S2140073D80A48224618440A4917F098FB33881C4482
S2140073E80023A4B234802644B37070BD0025E8E7B5
S2140073F8E85A0020EC5B002004310400EE5B002015
S214007408EA5A0020034B1B781BB18B4201D830F098
S21400741856BB70477A75002010B5044601460E48DC
S21400742816F0C6F8012C11D10C4B0D481A884FF6E9
S214007438FF739A421EBF0022094B5A7430F01FFA97
S21400744802F026FCBDE8104002F096BA0448BDE8F3
S214007458104030F016BA00BF3E3104002C750020EC
S214007468906F002070B500241A4D1B4E3378A34247
S2140074781BDC0024194D1A4E3378A3421BDC00246B
S214007488184D194E3378A3421BDC01F04BFA01283D
S21400749816481CD130F0F3F902F0FAFB02F06CFA49
S2140074A8BDE87040124801F05DBA2846FFF756FD61
S2140074B801346435DAE7284630F0C7F90134343544
S2140074C8DAE7284630F0FAF901343C35DAE730F0E6
S2140074D8D8F9E5E7DC26002031640020282B0020B8
S2140074E83264002074240020DA630020906F0020A5
S2140074F8217400002DE9F04F9FB0FFF7AFFEFFF7AD
S214007508FDFEB648B64C30F8021B02F0B1F8FFF79D
S21400751831FFFFF749FFB34B09A8099330F002FA89
S214007528054617F05FF8C2B21F2A627004D9AE4843
S21400753816F03EF800F09AFE2946A01C17F0E6FA68
S21400754809A830F0EFF9054617F04CF8C2B21F2A22
S21400755884F8212001D9A548EAE7294604F1220043
S21400756817F0D4FA102200210AA817F03FF91022C3
S21400757800210EA817F03AF91022002112A817F0D9
S21400758835F91022002116A817F030F9102200212C
S2140075981AA817F02BF909A830F0C4F94FF000091B
S2140075A804463225DFF88C82CDF80C902378002B21
S2140075B840F0BD80DFF880B28D4A9BF800700AADB7
S2140075C80EAC12A816AE1AA99F4202F1880200F362
S2140075D83985884CFFF746FF2378874F01933B7819
S2140075E8DFF858A2854E00939BF800309AF80020E2
S2140075F83178834815F0DCFF002033789AF80020AD
S2140076089BF800109D180D443978DFF834820D4435
S214007618217804460D444146EDB2834200F32B859B
S214007628DFF8E491012D38BF01254A4600234F466E
S2140076384FF482714FF6FF7403950398013398420E
S21400764813705180948002F10C02F6DC6D4B6E4983
S2140076586348BB6001F05EFAF879BB6800EB40004F
S21400766803EB800001F010F8FB796749013367489F
S214007678FB7102F0F1FD664B1B88A34203D06249FA
S214007688644801F071FB00255E4C3278AA4200F38C
S214007698FB844FF000080C255F4ADFF86C919AF8D7
S2140076A800003178404500F3038500EB01080C2103
S2140076B8002701FB08919BF800208823BA4200F3B4
S2140076C818850C2100274FF0940B96F800809AF83E
S2140076D80030494D984401FB089128784F4AB84233
S2140076E800F31E8537780C269AF800304FF000080D
S2140076F84FF0700A1F44074406FB0796DFF844B1AC
S214007708DFF8F09099F80030434500F31E8503999A
S2140077183D4801F047F8099B32491A468B4240F02B
S2140077282A853F481FB0BDE8F04F15F041BF532BE0
S2140077380AD163784C2B40F01181A378502B17D1CF
S2140077480122384B1A7013E0442B1AD16378A3F140
S2140077583002092A00F2E282601C30F0F0F8324B60
S214007768324A1978002385B2994202F1640204DC91
S21400777809A830F0D7F8044618E722F84A5C01331F
S214007788F2E7422B60D16378542B08D1A01C00F096
S21400779819FF1F4B188018462FF0B2FFE8E7601C49
S2140077A800F010FF0646E01C30F06EF90121024694
S2140077B8304630F025F964211B481C4C03785943A1
S2140077C8621866524FF4FA6111824FF4487151619B
S2140077D817490133558311650370C9E76A5B0020B2
S2140077E8CC6D0020EE5B00205D310400743104008F
S2140077F8981D0020D5630020D6630020D96300209A
S214007808A33104008C17002014170020E41600206B
S2140078182C75002094160020B81F0020DC1B0020C2
S214007828FF310400D463002031640020DC260020E9
S21400783817790300282B0020D7630020D863002080
S214007848C82100208C1A00204C2B26D1601C00F082
S214007858B9FE002234260746114630F0D1F8C3494F
S214007868087806FB00F328F8037008EB0302E378B1
S2140078781046693B18BF012393702FF0E6FF0023DC
S214007888BB48BA49436001230A78037402FB06869C
S2140078981A4406600A7003936AE7492B40F07C8115
S2140078A86378A3F14102032A00F2DF80601C00F02F
S2140078B889FE00221146074630F0A2F83423AB4E64
S2140078C8DFF8CCA2307803FB00F22AF802700AEB45
S2140078D80201E2780846693A18BF01228A702FF03A
S2140078E8B4FFA449002308460A6D3ABB582202FB97
S2140078F803003423327802FB03A303659E49002362
S2140079080846D1F8A420FAB9A82202FB03003423BB
S214007918327802FB03A3C0F8A430039B53B9944AF9
S214007928114652F8040BA8B93422307800FB02A29C
S21400793841F8232033780133337019E70133042BD9
S21400794801F15801D0D1D9E70133042B01F1A80180
S214007958D7D1E2E70133042BE3D1EBE7A3F14102E9
S214007968032A3CD8601C00F02DFE0646E01C30F0CA
S2140079788BF801210246304630F042F864227F4FE9
S2140079887F483978DFF8F0C14A43831886524FF4A7
S21400799848721A825A617B4A5D839A65E278A824FF
S2140079A8642A08BF0122784E08BF9A7033785C4371
S2140079B80CEB04020CF804304FF4007454800324D3
S2140079C814719471642401FB040090603220013322
S2140079D8DBB20131537182F8A0003970ACE7542B42
S2140079E87FF4C6AE00260DF12301A01C8DF8236097
S2140079F82FF0C8FF00283FF4BBAE9DF82320002ACE
S214007A083FF4B6AE4FF0640E4FF6FF77DFF86CC162
S214007A185B489CF80010DFF860A10EFB01F4031920
S214007A2883F860204FF448720753A8241A825A61D4
S214007A38554F544A01FB0E009A653B7801315C436A
S214007A480AEB04020AF8043040F2012490605480DD
S214007A58322003240133DBB216719471537182F815
S214007A68A0008CF800103B7082E6542B7FF480AEA2
S214007A7800230DF11F01A01C8DF81F302FF082FF88
S214007A8800283FF475AE9DF81F0000283FF470AE3E
S214007A98DFF800B19BF800600B2E3FF669AE23793D
S214007AA83A4FC6EBC601312B4FEAC60207EB010A6E
S214007AB8785401D0342B1ED10021601D8DF8231078
S214007AC80DF12301CDE904322FF05CFF00283FF4C6
S214007AD84FAE049B059A312B14BF04230123921B37
S214007AE817447B700123BB709DF82330FB7001366A
S214007AF88BF800603CE6322B7FF43AAE08A9601D8E
S214007B082FF040FF00283FF433AE0DF12101E01DB1
S214007B182FF038FF00283FF42BAE0DF1220104F1B8
S214007B2809002FF02FFF00283FF422AE0DF12301A5
S214007B3804F10B002FF026FF00283FF419AE0223AD
S214007B488AF8013004238AF802309DF820308AF833
S214007B5803309DF821308AF804309DF822308AF8E0
S214007B6805309DF823308AF80630C0E732640020D6
S214007B78906F0020B81F0020C82100203164002024
S214007B88DC2600200D740000D9630020DC6300208A
S214007B98282B0020DB630020522B50D16378542B0F
S214007BA876D100230DF12201A01C8DF822302FF08B
S214007BB8E9FE00283FF4DCAD9DF8220000283FF4DB
S214007BC8D7ADB54B1F78052F03D8B44A1678052EBF
S214007BD804D92146B24815F0EBFCC9E53C214FF024
S214007BE8FF3C7143DFF8C8A24AF801C001EB0A0B54
S214007BF801218BF8041000218BF838008BF806104A
S214007C088DF82310217959B10DF12301201D2FF08D
S214007C18B9FEA14BA14A18B19DF823108BF839106C
S214007C28582179439F4844184754C6EB06110AEB77
S214007C38810101360137E16416701F7098E5502BF4
S214007C4812D16378542B40F0438100230DF12301B1
S214007C58A01C8DF823302FF095FE00283FF488AD41
S214007C689DF82320904B6DE5572B09D1601C00F03A
S214007C78A9FC8E4EB060E01C00F0A4FCF06077E52E
S214007C88592B78D1601C2FF05AFE884B18606FE588
S214007C98413B032B3FF66CADDFF8FCA19AF80030A9
S214007CA8052B96D87D4E3378052B92D8601C00F0AD
S214007CB889FC0022114683462FF0A2FE3C23327828
S214007CC87B4F5A4327F802B04FF0010BB91881F8DA
S214007CD804B0E27872B1E01C00F074FC0022114691
S214007CE804462FF08DFE3C23327803FB02777C8017
S214007CF887F806B058229AF800306A485A4381181E
S214007D08835430786A4CC0EB001204EB8202CA64D3
S214007D180133421C32708AF8003029E54D2B7FF477
S214007D2827ADA01C2FF00BFE0021C0B2042828BFE8
S214007D3804200B464FF0880A8C465E4C5E4F267829
S214007D48DFF888B1F2189842D2B205DC00293FF471
S214007D580FAD304420700BE50AFB02FE07EB0E0160
S214007D6807F80E2081F802C0C1F854B081F858C050
S214007D7801330121E6E7582B6AD84C2B48D8432B09
S214007D887FF4F6AC601C00F01DFC0646E01C00F014
S214007D9819FC00220446114630462FF031FE002218
S214007DA8204611462FF02CFE3C203C4F404A3B789C
S214007DB800FB03FC02EB0C0122F80C604FF0010CF0
S214007DC8002681F804C08E7103EB0C01C9B2484343
S214007DD81452702402EB000E8EF80660374E981C7C
S214007DE838703078364F4443C3EB0313C1EB0111A8
S214007DF802EB83038EF804C002EB810207EB040C47
S214007E0838550130CCF80430CCF808203070AFE490
S214007E184D3B0B2B3FF6ACAC01A252F823F000BF4B
S214007E286D7E00007977000079770000D97E000023
S214007E387977000079770000797700007977000075
S214007E48897E00007977000079770000AF7F000010
S214007E58692B7FF48DAC601C2FF071FD80B22FF07B
S214007E682AFE85E4174B012019780023164A994202
S214007E7802F1A8027FF77CAC02F8A60C0133F6E7FD
S214007E880DF12301601C2FF07DFD00283FF470AC37
S214007E989DF823906CE400BFD8630020DA630020C6
S214007EA884310400B81F002030640020CC2600204F
S214007EB874240020D7630020981D0020D563002076
S214007EC88C1A0020D9630020C82100200001640015
S214007ED80DF12201601C2FF055FD00283FF448AC38
S214007EE89DF822600F2E3FF643AC03342378002B10
S214007EF83FF43EAC4C3B671C0C2B16D8DFE803F06F
S214007F081735150715151526151515154400384681
S214007F180DF123012FF036FD38B19DF8232006F128
S214007F2878036B4403F8502CE71C3C46DEE73846DB
S214007F380DF123012FF026FD0028F6D09DF823200A
S214007F4806F178036B4403F8402CEDE738460DF14C
S214007F5823012FF017FD0028E7D09DF8232006F10F
S214007F6878036B4403F8302CDEE738460DF123011E
S214007F782FF008FD0028D8D09DF8232006F17803B6
S214007F886B4403F8202CCFE738460DF123012FF079
S214007F98F9FC0028C9D09DF8232006F178036B4425
S214007FA803F8102CC0E7601C00F00CFB0746E01C2A
S214007FB800F008FB0646601D2FF066FD04460246E4
S214007FC8012138462FF01CFD2246304601212FF0AD
S214007FD817FD6421DFF8C4C16C4B9CF80020DFF85D
S214007FE8C0E101FB02F41F534FF4487718190782C3
S214007FF84761C0F858E04583501CC0B201FB00FA40
S21400800823F80A60942603EB0A0427826761604F08
S214008018C4F858E06583941C8CF800403C7802FB52
S2140080280132664300FB0133DFF878C10CEB060E1D
S2140080380CF806400134CEF80420CEF808303C7020
S214008048FFF796BB15F801CB02F8809C02F885CCA2
S21400805814F801CB013302F884CC10F801CB02F8EF
S21400806883CC16F801CB02F882CC11F801CB02F8C3
S21400807881CCFFF7A9BA4F790130974284BF0C71BB
S2140080884C71A831FFF7C9BA3DB119F8052C02EBB7
S214008098420204EB8204C9F808404946404601F00B
S2140080A8E1FF013508F1A80809F10C09FFF7EDBA58
S2140080B818EB01010AD0481E05FB0090C07900EBBA
S2140080C8400004EB800405FB01908460104605FB25
S2140080D80171049201F058FD31782E48414405FBA1
S2140080E8017101F02FFC049A08F101085832FFF7D5
S2140080F8D6BA17EB080F18BF11F8052C04911CBF49
S21400810802EB420204EB8204234A18BF8C6003FB8E
S214008118072001F081F9049901370C31FFF7CBBA33
S21400812817EB080F18BF11F8050C04911EBF00EBDB
S214008138400004EB80048C600BFB072000F0D8FF9F
S214008148049901370C31FFF7C8BA18EB070F18BFA8
S21400815816F8053C31461CBF03EB430304EB8304C7
S2140081680AFB08B018BFB46000F098FE08F10108D2
S2140081780C36FFF7C7BA13F8011D00297FF4CCAAFE
S2140081883B2102F8011CFFF7C7BA00BFDC26002017
S214008198D663002068240020981D00203164002043
S2140081A80D740000DC1B002007B5012121200DF10D
S2140081B8070200F01FFA18B99DF80720024B1A703C
S2140081C803B05DF804FB00BF7A75002007B5064BC0
S2140081D88DF80700187001210DF10702212000F024
S2140081E819FA03B05DF804FB7A75002007B502217A
S2140081F801200DF1060200F0FDF938B9044815F023
S214008208D7F9BDF8060003B05DF804FB0020FAE7CE
S2140082181C32040007B50221ADF806000DF106026F
S214008228012000F0F7F9014610B1034815F0C0F92F
S21400823803B05DF804FB00BF3D32040010B5FFF73D
S214008248D5FF04460146074815F0B2F9012106484D
S21400825815F0AEF924B9BDE810400120FFF7DABFE3
S21400826810BD00BF6D3204007F32040008B5044814
S21400827815F09EF900F0DEF92FF021FC2FF01CFC1B
S2140082889532040038B50446084D094B28462B603D
S21400829800F006FA002C18BF21462846BDE83840EC
S2140082A808BF4FF496712FF014BC00BF2C2C00208A
S2140082B8BF7903002DE9F043394D93B008AC074663
S2140082C8894690460FCD0FC40FCD00260FC495E8FB
S2140082D803000323012584E80300324C3248CDE925
S2140082E80366CDE905668DF80E30079602953AF0D6
S2140082F8C0FA2E483AF0BDFA32462D4920468DF887
S214008308176005F073FD334632462A498DF8190082
S214008318009020468DF82390CDF82C808DF82160AB
S21400832805F07EFD0A9020468DF8097005F0DEFC03
S214008338204608AA05A905F099FD02AA204603A921
S21400834830F0FBFD4FF400721B4B5A62194BE56088
S214008358626A920510D46BB94FF40072164B114836
S2140083685A6205F0C3FC11483AF086FA002013B0AA
S214008378BDE8F083013BEBE7002BEDD0094908A8E0
S21400838830F00EFE4FF400720B4B06485A6205F0AA
S214008398ADFC06483AF070FABDF82000E7E700BFE3
S2140083A828CA04000040005A78CC040074CC0400A4
S2140083B880841E0040420F000060005A0122034BD2
S2140083C81870034B1980034B1A70704734640020EA
S2140083D83475002033640020F8B5454B1B780BB97C
S2140083E80020F8BD434B1B78012B03D1BDE8F840AD
S2140083F82FF0E4BA404B1C884FF6FF739C42EFD030
S2140084083E483AF036FA0023260AE4B21A462146CF
S214008418304605F02BFC012E354604F0010335D016
S21400842815D9B51E012DDBD8002B0BBF4FF4807570
S2140084384FF080754FF470614FF070610BBF0127E5
S2140084484FF480370F204FF470202D4B11E0002B8F
S2140084580BBF4FF480754FF080754FF470614FF086
S21400846870610BBF01274FF480370F204FF4702040
S214008478244B1A6802401CD0BA421AD01A680A401E
S21400848832D11A6822EA01022A4316E0002B0BBFF3
S2140084984FF480754FF080754FF470614FF070613F
S2140084A80BBF01274FF480370F204FF47020164B70
S2140084B8DFE71A6822EA00023A431A602FF07EFACB
S2140084C8054600288CD0083644EA06102A460321BA
S2140084D8C0B2FFF7EFFE40F6FF73684300F2FF7086
S2140084E8B0FBF3F080B27CE795427FF479AFC8E73B
S2140084F833640020346400203475002078CC0400EF
S21400850828C3035020C3035024C3035010B5044C9B
S214008518237823B903483AF0ACF90123237010BD39
S2140085283664002078CC04002DE9F0431F4C85B053
S214008538074688469146FFF7E9FF23781BB902F0FD
S2140085483BFE012323707BBAADF80C3030220023A3
S214008558174E02FB03F4315DA51901BB0123335501
S2140085684FF0FF3304F1100012493044AB606F80BF
S214008578C5F80480C5F80C900AF016F904F108014D
S214008588042231440C4B009503A802F0EBFEA968C0
S21400859802460A4815F00CF805B0BDE8F08301332A
S2140085A8102BD6D1064815F003F8F5E735640020F9
S2140085B8542C0020E9790300FB790300A23204005A
S2140085C8D032040080B10278A2F14103032B0BD805
S2140085D840783038C0B2082806D8054B134413F83C
S2140085E8413C40EA032070474FF6FF70704700BFD3
S2140085F850CA040008B50B4642B101460448006854
S21400860803F0F8FFBDE808402FF04FBA022008BD77
S214008618FC6F002008B50B4642B1014604480068C6
S21400862804F070F9BDE808402FF03FBA022008BDF4
S214008638FC6F0020F0B50026124F8DB0FF23009384
S2140086480A223346386802A930F01CFAC0B102ABD9
S2140086581D4603EB800404E055F8043BB34228BFEC
S2140086685E1CAC423868E9D9296804F0D1FA0028BB
S214008678F2D02D28F0D00DB0BDE8F0402FF015BA96
S2140086880DB0F0BDFC6F002028B1034B0360034B10
S214008698436000238360704719000003A46F00201E
S2140086A8FF2307B50021044A009308300AF000F8B3
S2140086B803B05DF804FB00BFD57A03000B460449F7
S2140086C8024608680349097808B12FF01FBA7047B0
S2140086D8602F002038640020F7B50C4618B1292111
S2140086E819483AF02CF9246823685E795F88304682
S2140086F83946FFF7E3FFF0B18568E5B1A089227D2A
S2140087083946904291BF0020801AA36880B294BF71
S21400871803469B18E27C00903046A8470138032899
S21400872803D8DFE800F0080F0B0D0024204633F0CE
S2140087385CFB204600E0812003B0F0BD8024F5E70E
S2140087489324F3E78724F1E7F8320400F8B51546D2
S2140087580D4A044610680D4A0B46117850B1224659
S2140087682FF0D4F9034628B100210C27C678B14269
S21400877801DB0020F8BD07FB01F45A681019125BEC
S214008788AA42F7D00131F2E7602F002038640020B3
S21400879808B5034B1B6803B19847002008BD00BF07
S2140087A85C2F00202DE9F74F04460D460026454B62
S2140087B8454F1860454B197033010021F85C0136A7
S2140087C810F0CCFD0C2EF7D10C2D28BF0C254FF041
S2140087D8000901953C4EDFF800A13D4DDFF8FC800E
S2140087E8019B4B4502DC03B0BDE8F08F23784FF0C1
S2140087F8000B337063887380A388B380A379C6F8A8
S2140088080880B371E379C8F8005088F804304FF050
S2140088180003A768A8F80630E3795B450ADC01215F
S21400882816F8100B10F09AFD08F1080809F101096E
S2140088380C34D5E74FF0000338886B812880FB7826
S2140088484FF0000C2B81BA78C5F804A0002A0092D5
S2140088580CBF802240222A7379680AF10C0263450D
S21400886813DC03EB43030AEB830ABB6843B1009AA5
S2140088784FF6FF71B2FA82F2164B520933F045FAF8
S21400888814350BF1010B0C37C6E7B1F800E00CF114
S214008898010C22F80CEC91F802E00C3202F816EC07
S2140088A891F804E00C3102F815EC11F809ECBEF169
S2140088B8010F14BF4FF0100E4FF0110E02F814EC13
S2140088C8CDE700BF602F0020B446002038640020A3
S2140088D864350020E1860000642F0020E43700207D
S2140088E8014B1860704700BF582F002070B51288DB
S2140088F805460E46FFF72AFF044670B1027904992A
S214008908806815F0C5FF064B1B680BB9002070BDC4
S2140089183146284622889847F8E78620F7E700BFBA
S214008928582F002008B50FF0B5FD022806D00128FC
S21400893806D0044B18784000C0B208BD0120FCE7FA
S2140089480220FAE737640020054B10B51C682CB1E6
S214008958FFF7E8FF2346BDE81040184710BD00BFE4
S214008968542F0020014B1860704700BF542F00207A
S214008978034B1A781AB901221A700BF091BD70478A
S214008988376400200022024B1A70FFF7DDBF00BFD5
S2140089983764002037B50446002836D00FF07AFD35
S2140089A8022834D1608933F09DFDE079237A0038B7
S2140089B818BF0120012B637A08BF40F008000BB1EE
S2140089C840F0100063890BB140F00400257CA188B4
S2140089D8A2790DB1E36893B90F4B11F09BF8217893
S2140089E8084611F013F933F089F8044611F0CCF86C
S2140089F87CB100280CBF0020032003B030BDCDE9B1
S214008A080035064B11F086F8E9E70220F5E7012065
S214008A18F3E72046F1E700BF1C8104001F5004005E
S214008A2808B50DF09BFE014630B1044814F0C0FDB1
S214008A38BDE808400EF036BA08BD00BF6A33040029
S214008A48034B044A5B7C012103201370FFF7E2BD49
S214008A58906F00203964002038B50446FFF7F0FF11
S214008A68B4F57F4F0AD100251B4B1A8813449D7016
S214008A78FEF7CCFB2846FFF705FC06E04FF6017329
S214008A889C4207D115482EF0E2FE2046BDE8384045
S214008A9800F0A0BE4FF602739C4204D1104B187823
S214008AA8FFF794FBF1E74FF611739C4207D10025B8
S214008AB80C4B1A8813449D70FEF7FEFBDAE74FF658
S214008AC816739C42E1D10025074B1A8813449D7003
S214008AD8FEF72EFCCEE700BFEC5B0020906F002070
S214008AE87A7500206A5B0020E85A002010B5074C0B
S214008AF8012122460320FFF77DFD28B92378044A82
S214008B08003B18BF0123537410BD00BF3964002012
S214008B18906F0020F8B5664B32251A884FF6FF731B
S214008B289A4218BF03234FF008020C46614918BF43
S214008B380B70614B1A7030225D70DD7036259A70A6
S214008B485A71DA7134221D7139251A724FF40012DF
S214008B589D715A4D4264C564594D01220565594DAB
S214008B6886188565584DC667C565584D584E45667E
S214008B78584D80F848208566574D80F8542005677C
S214008B88564D80F860204567202580F8785080F894
S214008B98845000F12105C0F88850514D80F86C20AB
S214008BA8C0F88C50C0F8806080F89020C0F8941008
S214008BB8C0F8B8304B4B4C49C0F8BC300223C0F85C
S214008BC898104A4980F8C030C0F8A4100F21484BC6
S214008BD880F8A810C0F8C430464B4749C0F8C830DB
S214008BE88223C0F8AC10454980F8CC30C0F8B010E5
S214008BF80921434B434DC0F8D030434B80F89C20A6
S214008C08C0F8D430414BC0F8A000C0F8DC302B7C4C
S214008C1880F8B41080F8D820002B45D00E213C4BA5
S214008C2880F8E420C0F8E03005F11103C0F8E83019
S214008C380C2303FB0102374E01FB033356648226DE
S214008C48354F82F84860D764344A03445A64344A35
S214008C5883F8486000F144078E1CDA6431463846CB
S214008C6800F08CFD4FF0000EE279A16802EB42039B
S214008C784FEA830C21F80CE001EB83030121304412
S214008C880A44D8705F609970E271FFF78DFAFFF7B3
S214008C982DFFFFF747FE012808D12B7C33B1BDE82E
S214008CA8F84018482EF0D3BD0D21C1E7F8BD00BF27
S214008CB82C7500207B7500203A64002069CA0400E1
S214008CC80100200068CA04000200200067CA0400E9
S214008CD8050042000300200066CA040004004200A3
S214008CE807003000FDFF210012001001004042007E
S214008CF864CA040000FF440154CA04000600420087
S214008D08EC5B0020906F002002FF20017A7500209F
S214008D1801FF100111FF44016A5B002016FF4401A1
S214008D28E85A002013B504460D482EF0F4FC6422D9
S214008D38C0F30F43637083B2B3FBF2F3A0782370DB
S214008D48202201212EF004FFA078212201212EF0F6
S214008D58FFFE0449201D02B0BDE810402EF0B9BE43
S214008D682C750020E09304000B7870B583704CF6E1
S214008D781E0303804FF02013C362012380F83030AF
S214008D8880F83C30C3180364124B0446436402233D
S214008D98114A80F84830114B8263C3644063CA792D
S214008DA88D6802EB420305EB830004F12C0646604F
S214008DB80B4E45F8236000238360531CCB71094B88
S214008DC8201DC4E90134FFF76BFC2046BDE870405F
S214008DD8FFF7A8BFFDFF2100210020006ACA040093
S214008DE8010001032D8D0000437B044A0121137006
S214008DF800781230C0B2FFF70DBC00BF44640020F4
S214008E0838B504460078054D12302A460121C0B20E
S214008E18FFF7F0FB08B92B78637338BD446400206D
S214008E28024B53F820002EF05ABF00BF44380020EB
S214008E38012908B506D0022907D049B92EF046FF01
S214008E48002008BD2EF045FFFAE72EF045FFF7E7AD
S214008E58024814F0ADFB0120F3E700BF9733040087
S214008E6810B4054C114654F820001A46BDF80430D4
S214008E785DF8044BFFF7DCBF44380020002310B52C
S214008E88044683810364A0F844304830FFF708FCA2
S214008E98014BC4E9123410BDCD7C030038B5044636
S214008EA80B781A4A43700D4642F82300FFF7E6FF90
S214008EB82046FFF7A5FF4FF4401323610123144A09
S214008EC82375A261134A84F82030E261124A84F8B6
S214008ED82C306262114A84F83830A26204F10C021F
S214008EE822630F4A04F10D036263E363EA79A86814
S214008EF802EB420300EB830110344C60094C40F847
S214008F082340094B8B60531CEB7138BD4438002056
S214008F1843640020080020007C75002000FF300015
S214008F2801FF100102010104698E000010B47024CC
S214008F38427B0D48013A012904FB020006D00229AB
S214008F4808D059B95DF8044B2EF0C0BE5DF8044B46
S214008F582EF0BFBE5DF8044B2EF0BEBE03485DF88B
S214008F68044B14F025BB00BF8C1A0020B333040052
S214008F78B0F85C302DE9F0418B4204460E4638D0F6
S214008F88437B077C8BB31C4A12789A422DD37025F4
S214008F981A4A013B05FB032390F80F801B7B4246C9
S214008FA82EF0ABFEB845054601D1FF281FD13A463C
S214008FB83146204694F890302EF09FFE2F46054600
S214008FC8552212216078A4F85C602EF0C1FDFF2FB0
S214008FD803D039462046FFF7A9FFFF2D09D02946BA
S214008FE82046BDE8F0412EF0C8BEFF25DFE707465D
S214008FF8E6E7BDE8F08100BFD56300208C1A0020A4
S21400900841688268C978D27849B112B10321FFF75E
S214009018AFBF837B002B0CBF01210221F7E72AB1E3
S214009028837B002B0CBF02210121F0E7014814F0D6
S214009038BFBA00BFC4330400037BD3B14368DA78F1
S21400904812B18268D278A2B91B7933B1837B002B20
S2140090580CBF04210521FFF78BBF83681B792BB152
S214009068837B002B0CBF05210421F4E7014814F08C
S2140090789FBA7047F6330400084A437B05211370ED
S214009088837B5370C37B9370037CD370037B13710D
S21400909800780F30C0B2FFF7BDBA00BF45640020A5
S2140090A838B5044600780C4D0F302A460521C0B264
S2140090B8FFF7A0FA20B1BDE83840084814F078BA9F
S2140090C82B7863736B78A373AB78E373EB782374AE
S2140090D82B79237338BD00BF456400203234040062
S2140090E8024B53F820002EF092BE00BF6C380020CA
S2140090F8F8B504460B78424A43700D4642F82300FA
S214009108404E2EF0A2FEFFF7CBFF6268A3683E48EB
S2140091183E49D6641165D4655065C3E91410DE640B
S214009128DC654FF0987302266361012304F10C0195
S214009138E16137491032216204F10D01A162354917
S2140091482376E16204F10E016163334984F8243022
S214009158A16304F10F012164304984F8303061645A
S21400916804F11001E1642E4984F83C3084F8483054
S214009178216584F85460A265E879A96800EB400286
S21400918801EB820704F1140CC7F804C04FF4817C85
S214009198244F41F82270C218D2B202EB420241F8BC
S2140091A822C001EB820700227A601F4A84F87030DA
S2140091B822661E4A84F88830A2661D4A1D4BE2665F
S2140091C81D4AC4F88C3062671C4A8319A26704F1EA
S2140091D85C02C4F88020DBB2194A03EB4303C4F8E8
S2140091E8842084F8646084F87C6001EB8302603431
S2140091F85460144A033041F82320E871F8BD00BFD4
S2140092086C38002009900000D97D030041900000CA
S21400921801002001020010010300300104003001A3
S2140092280500210101FC01064A0021006CCA040061
S214009238510010006ECA04006FCA040055002100D1
S2140092486F001800120001042DE9F84F06460F4675
S21400925890469946244D05F1280A55F804BBBBF1FB
S214009268000F16D0012F18D158462EF067FEB042D0
S2140092780FD1B9F1000F0CD098F800300022003B4F
S21400928818BF012306218BF858309BF801002EF0F2
S2140092985FFC5545E1D1BDE8F88F022FF9D1584655
S2140092A82EF0EAFDB042F4D100231C4606E0042B5B
S2140092B807D018F80320013342EA04249AB29145ED
S2140092C8F5D8B4F57A7F4FF0FE0328BF4FF47A74CA
S2140092D85C434FF47A7304F5FA74B4FBF3F4002293
S2140092E808218BF85440D0E79438002073B516460A
S2140092F83349052EBDF8182051F8204030D0072EE7
S21400930851D0042E57D1002B57D0002A55D01D789F
S21400931820462A1E18BF012284F8545084F8582084
S2140093282EF00CFE01238DF80420194601AA01F040
S214009338ADF920462EF0A0FD4FF47A730446FE20C1
S2140093485D437F3501A9B5FBF0F02EF08EFD0A4689
S21400935833460221204601F099F9002002B070BD7C
S2140093685BB3012A29D91B780125B3FA83F252097F
S21400937884F8842094F8582084F8855013430BD139
S21400938820462EF0DBFD29462B4601AA8DF8045010
S21400939801F07CF984F858504FF4967104F15C009B
S2140093A82EF097FBD9E7002304F15C0084F885309B
S2140093B82EF094FBD1E70120D0E70320CEE700BFCC
S2140093C894380020134B022A07B553F8200018D00B
S2140093D802D82AB9002204E0402AFBD0412A16D136
S2140093E8012280F858202EF0A9FD01238DF80720C9
S2140093F819460DF1070201F049F9002003B05DF89F
S21400940804FB90F85820B2FA82F25209E9E70120E4
S214009418F4E700BF94380020F7B504460B78544AA2
S214009428437042F82300534B0D46C0E917305C30B2
S214009438FFF736F904F1580262614F4A4FF4801379
S214009448A261A21C22624FF40012626204F1540266
S214009458E2624A4AE360226304F15502A263484A7C
S2140094680123E26304F15602626400204FF098720A
S2140094782374237784F8283084F8343084F840300E
S21400948884F84C3004F1570384F88500A2642365F9
S214009498E979AB6801EB410203EB820604F10C079D
S2140094A87760384F43F82270374A04F12407B260D1
S2140094B84A1CD2B202EB420203EB82067760334FB5
S2140094C843F82270324A04F13007B2608A1CD2B2DE
S2140094D802EB420203EB820677602E4F43F82270B7
S2140094E8CA1CD2B202EB4202B06004F1480703EB92
S2140094F882067760284F043143F82270B060E9711D
S214009508264801F0EDF8A5798DB14FF47A72FE2061
S21400951894F8553001A953437F33B3FBF0F02EF08F
S214009528A4FC0A4604230221284601F0AFF8E57990
S2140095388DB14FF47A72FE2094F8563001A9534341
S2140095487F33B3FBF0F02EF090FC0A46042302218A
S214009558284601F09BF8607940B194F8573004210A
S2140095688DF8043001AA012301F090F803B0F0BD8D
S21400957894380020997E0300034030011000200133
S2140095881100200106000102CD9300000800010129
S214009598F592000001030102070001015192000044
S2140095A8024B53F820002EF0D2BC00BF943800209F
S2140095B8F0B51E4C002527780A24DFF880C0EEB2E6
S2140095C8B74207D905FB044E1CF80EE06E1C86450C
S2140095D807D142B9164C246834B3A446BDE8F04017
S2140095E860473546EBE7134804FB05014C79012C28
S2140095F80DD1CBB113788B710A2303FB0500BDE8A8
S214009608F0400D4B4288002118782EF0A1BA042CA1
S2140096180AD1032B08D9D3788B719378CB715378FA
S2140096280B7213784B72E7E7F0BD00BF4B6400205F
S214009638C03800206E5C002014170020645C0020F0
S21400964810B5094C237853B12EF04CFA074B1B681B
S214009658C01A40F6B733984203D900232370002077
S21400966810BD0120FCE700BF4A640020BC3800207B
S2140096782DE9F04F0024DFF800818946064685B0BC
S21400968888F8004000286ED0A346A7B2B94502D095
S214009698F35D3B2B4DD15F4548D998F800500B2D0C
S2140096A844D800238DF80E308DF80F30A4EB0B034A
S2140096B8DBB2052B52D106EB0B0A50460DF10E0114
S2140096C82EF09EFC002849D09DF80E200192002A14
S2140096D844D00DF10F010AF103002EF091FC00288A
S2140096E83CD00A216943214B019A58185A549DF8D0
S2140096F80F2062F0FF0242809AF80220452A24D002
S214009708562A26D0422A29D101224FF0100C0120D1
S2140097184FF00A0E0EFB05314A700022013581F81B
S21400972804C04871C1F8062088F8005001371FFAAF
S21400973887FB0134A3B29945A7D298F800100C48C5
S21400974805B0BDE8F04F13F033BF04224FF0300CDD
S214009758DDE702224FF0230C0420D9E759460548D6
S21400976813F026FFE2E705B0BDE8F08F6E5C002038
S2140097787C340400613404004B64002070B5002477
S2140097880126124B01EB41011D78114B00EB8101BC
S214009798E0B2854203F10A0201F10C0101D828461D
S2140097A870BD32F8080C063321F80C0C12F8060CBB
S2140097B801F8096C01F80A0C12F8050C013441F896
S2140097C8043C01F8080C1346E2E700BF4B6400208F
S2140097D86E5C002073B5194B00221D78184B1C468A
S2140097E8D1B28D4202D8002002B070BD5E88511CEE
S2140097F8B04203F10A0313D10A2101FB02414B7957
S2140098088879012B0ED18DF804000A2101FB02F09D
S21400981821184978205C01AA00F038FF0120E3E708
S2140098280A46DDE74D7A8DF807008DF804500D7A64
S214009838C9798DF805508DF80610E6E74B640020C8
S2140098486E5C002008B5064B1B7843B100F04EFF4F
S214009858044B18600448BDE8084000F041BF08BD46
S2140098684B640020C0380020B995000010B50A4B9C
S2140098781B7883B10122094B1A702EF033F9084B76
S214009888186000F059FEBDE81040002301461A464D
S214009898282000F0ADBE10BD4B6400204A640020AE
S2140098A8BC38002070B50E461346054614460A46D0
S2140098B80146204813F07CFE0A2E09D80A2E12D834
S2140098C8DFE806F0121111111111271711112C00DB
S2140098D840F201339E4210D04FF601439E4212D00A
S2140098E8B6F5817F1FD070BD2046BDE87040FFF7F3
S2140098F8B3B82146284600F079FB21462846BDE83D
S2140099087040FFF74DBE21462846BDE87040FFF779
S214009918E7BB2146284600F0F1F8EEE72046BDE80A
S214009928704000F05FBC21462846BDE87040FFF74F
S21400993877BA00BF9E3404000148FEF7D1BF00BFC7
S214009948AD9800004FF4C01330B5036001230371CF
S214009958074B8C688360CA7902EB420304EB8305E5
S2140099686860044844F82300531CCB7130BD00BF20
S21400997870CA04000400010138B50024044D55F8E7
S214009988040B08B12EF04FFB01340A2CF7D138BD72
S214009998C4380020042908B50AD172B16BB113780F
S2140099A81BB92EF06BFB002008BD2EF05DFBFAE716
S2140099B8034813F0FDFD0120F6E70320F4E700BF97
S2140099C8D134040010B4054C114654F820001A4649
S2140099D8BDF804305DF8044BFFF7DCBFC438002040
S2140099E80229024608B50ED004D839B910462EF01A
S2140099F845FB06E04029F9D0412907D110462EF04C
S214009A0833FB002008BD2EF043FBFAE7024813F0AC
S214009A18CFFD0120F6E700BFF134040010B4054C72
S214009A28114654F820001A46BDF804305DF8044B79
S214009A38FFF7D6BFC4380020C26C094B52791A709B
S214009A4882785A70C2789A70026D12B190F85420D3
S214009A58DA70007804210930014AC0B2FEF7DABD90
S214009A684C64002037B50D460446002841D04FF612
S214009A780273994201D12EF0D6FAE36CABB193F893
S214009A88382092B144F2030295421AD11A4B18783C
S214009A9858B1A37813B1012B18BF02238DF80430F0
S214009AA80421012301AA00F0F1FDE378022B02D07D
S214009AB820462EF0B8FA204603B0BDE83040FFF73F
S214009AC8BBBF44F201029542EFD193F83900002853
S214009AD8EBD00A22B4F856300221B3FBF2F35BBA95
S214009AE80022ADF806300423ADF804200DEB03027F
S214009AF8D9E703B030BD00BF30640020024B53F8EE
S214009B082000FFF7AFBF00BFC438002038B50446B2
S214009B180078084D09302A460421C0B2FEF76AFDCF
S214009B2830B96B78A370AB78E370EB7884F8543070
S214009B3838BD00BF4C64002038B504460078114D87
S214009B4809302A460421C0B2FEF754FDC8B9A378E6
S214009B582A78022B0CD004D863B920462EF08EFA49
S214009B6801E0FF2B0AD02046BDE838402EF05BBA4D
S214009B78002AF2D120462EF077FAF4E7002AF9D127
S214009B88EBE738BD4C640020F8B504460B78324A3B
S214009B980D4642F823004370FFF7B8FFE36C2F4AE0
S214009BA85C631A632046FFF7C7FF20462EF03BFA91
S214009BB84FF4801363600123E26C2372511DE16049
S214009BC8274923752161A11CA161216D002941D077
S214009BD884F8203084F82C3004F1540323630423DB
S214009BE82049E161E11C61621F49A16292B192F8C5
S214009BF839207AB11D4903EB430204EB8202516017
S214009C08022111720C2202FB034204F156010133B1
S214009C18D160DBB20627E979A86801EB410200EBC0
S214009C28820620F82270F3700123B370104B0434B8
S214009C38B3604B1C7460DBB20E4C03EB430340F876
S214009C48234000EB8302002353600B4B02319360E2
S214009C58E971F8BD0223C9E7C4380020AD800300C7
S214009C680340300101FF300102FF100101402101CD
S214009C78259A000008000100CD99000028B1034B82
S214009C881B78834234BF002001207047D863002029
S214009C9870B500250A4C0B4E3378AB4200DC70BD1D
S214009CA8D4F8A42042B123791BB16079FFF7E6FF08
S214009CB810B910462DF0BCFD0135A834ECE700BFFE
S214009CC8C8210020D963002008B54279014610460D
S214009CD8FFF7D4FFB0B1CB7858210B48013A042BD4
S214009CE801FB02000ED8012B08D81BB9BDE80840B6
S214009CF82EF0BAB9BDE808402EF0C0B9BDE8084055
S214009D082EF0C6B908BD00BFB81F002008B54279B6
S214009D1801461046FFF7B2FFB0B1CB7858210B4882
S214009D28013A042B01FB02000ED8012B08D81BB9F8
S214009D38BDE808402EF0A2B9BDE808402EF094B958
S214009D48BDE808402EF0A4B908BD00BFB81F002023
S214009D5810B586B00446FEF7E5FD012831D1E17856
S214009D6804292ED8DFE801F014333503030062799E
S214009D781046FFF783FF60B35820174B013A00FBE5
S214009D880233DB6C032958791DD1003818BF01202F
S214009D9863784FF480728DF804304FF48273ADF810
S214009DA806300623ADF8083001238DF80B30002363
S214009DB88DF80A0001A8CDE903238DF81430FEF7C4
S214009DC8E9FD06B010BDB0FA80F04009E0E70020D3
S214009DD8DEE70220DCE700BFB81F002010B586B01B
S214009DE80446FEF79FFD012831D1E278042A2ED8D2
S214009DF8DFE802F014143303030061790846FFF71E
S214009E083DFF50B35820164B013900FB0133DB6C7D
S214009E18032A5B791DD11A1E18BF012263788DF8B4
S214009E280A208DF804304FF48273ADF80630062306
S214009E38ADF8083001234FF480728DF80B300023FC
S214009E4801A8CDE903238DF81430FEF7A3FD06B06C
S214009E5810BDB3FA83F25209E0E70222DEE700BF3C
S214009E68B81F002010B586B00446FEF75BFD012833
S214009E7812D16378094A8DF804304FF48273ADF82E
S214009E8806304FF48073CDE90223002301A804931B
S214009E988DF81430FEF77EFD06B010BD08000701E9
S214009EA810B586B00446FEF73DFD012820D162783D
S214009EB8104B8DF804204FF4827294F8A01094F892
S214009EC8A10059701870ADF8062004934FF48072FC
S214009ED80223094901A88DF81430CDE90212FEF7CD
S214009EE859FD94F8A130013B18BF012384F8A1302E
S214009EF806B010BD506400200800050110B5837830
S214009F0804460BB30379022B0BD142791046FFF7B0
S214009F18B5FE30B158200D4B013A00FB02302EF04A
S214009F28B7F8A379022B02D12046FFF711FF204687
S214009F38FFF7B6FF02236078A4F86C305522BDE818
S214009F48104012212DF004BE10BD00BFB81F00201F
S214009F584388094A082113808388538083681B8AAC
S214009F68938090F8A03093718379D3710078043089
S214009F78C0B2FEF74FBB00BFE65C002038B50D4602
S214009F88044650B1836843B193F860302BB14FF65E
S214009F980173994204BF002303712178114813F016
S214009FA807FB4FF602739D420ED10F4B1B782BB959
S214009FB863712046BDE83840FFF7CABF62790AB128
S214009FC89342F6D20123F3E7B5F57F4FF1D1204649
S214009FD82EF0E4F8A378022B0CBF01220022A36817
S214009FE89A70E6E70D350400D8630020024B53F854
S214009FF82000FFF7C3BF00BFEC38002038B5044682
S21400A0080078144D04302A460821C0B2FEF7F2FA4A
S21400A01820B1BDE83840104813F0CABA2B886380D0
S21400A0286B88E978A380AA88A3681A82AB7984F833
S21400A038A030EB79A371094B1B780BB9637138BD57
S21400A04809B19942FBD9064813F0B2FA23780133CE
S21400A058F4E700BFE65C002027350400D86300203C
S21400A06850350400F8B504460B784A4A0D4642F8BF
S21400A07823004370FFF7C2FFA26822B192F860304F
S21400A0880BB100232371444BD465D364434B02269B
S21400A0985365434BA11C13654FF44013E36001233B
S21400A0A86161E1623F49103221632265211D3E4A03
S21400A0B8A1633E483E49626504F1A002A061E163DF
S21400A0C8E265E01C611D3B4A206261643A483B49F0
S21400A0D82266A21D2374237784F8283084F8343047
S21400A0E884F84030A16484F84C6084F8583084F8CA
S21400A0F864306062A266E879AA6800EB400102EB69
S21400A108810704F10C0CC7F804C04FF0060C2C4F5E
S21400A11842F82170C118C9B201EB410142F821C0CA
S21400A12802EB810700217960264F84F88030276784
S21400A138254F84F89830A767244F254BE767254FA7
S21400A14884F8746084F88C60C4F89C3004F16C065B
S21400A158831CC4F88470C4F890601F4F1F4EDBB28F
S21400A16803EB4303C4F89460C4F8887002EB8306D4
S21400A1787034746008261A4C42F82340C31CDBB2BD
S21400A18803EB430302EB8304043042F82360616068
S21400A198E871F8BDEC380020FB8003004581030019
S21400A1A8059F000001FF300104FF20011000300168
S21400A1B802FF200105FF300100FF300103FF2101E7
S21400A1C8070001084A00210072CA04005100100066
S21400A1D874CA040075CA0400550021006F001800F0
S21400A1E81200010410B508B1072811D1094C2368DC
S21400A1F873B1094A13602DF075FC0222074B2168DB
S21400A2081860074B07481A70BDE8104013F0D0B91D
S21400A21810BD00BF2039002018390020143900204E
S21400A228526400208535040010B5084C206860B1DB
S21400A2382DF058FC064B22681B68C01A4FF47A7338
S21400A248B0FBF3F0034B1344184410BD1839002034
S21400A2581439002080436D384FF0F17330B5036031
S21400A2680423114A037103778260104B104A036275
S21400A278C260104B01224362022302740E4A80F821
S21400A288283042610D4B0E4AC3628261CA798C68D7
S21400A29802EB420304EB830568600A4844F823008F
S21400A2A8531CCB7130BD00BF203900201C3900205C
S21400A2B801001800FDFF21005264002076CA040041
S21400A2C8070023010A00010401292DE9F047054685
S21400A2D8894616461F460AD14AB1002B3ED0324B55
S21400A2E8324A1C7810460023D9B28C4202D84FF066
S21400A2F800080CE092F8381069B3A9422BD13C222A
S21400A308317802FB03002DF0F5FA4FF0010800F053
S21400A31821F990B9FFF794F9044670B92DF0E2FBDD
S21400A328234A244912F8013B9D4219D151F824309A
S21400A338984215D2002341F82430B8F1000F31D1E5
S21400A3481D4B1C6874B33B46324649462846A4460D
S21400A358BDE8F047604701333C32C5E79846D6E784
S21400A3680134042CDED1154B00241978144B9A4678
S21400A378E2B29142E1D993F8602082B1AA420ED1A6
S21400A388642505FB04A2D36C0BB1D06D984705FB7A
S21400A39804A56B6D33B1E86DBDE8F0471847013486
S21400A3A86433E5E7BDE8F087DA630020742400200C
S21400A3B853640020243900203439002031640020FA
S21400A3C8DC2600202DE9F341003918BF0121044698
S21400A3D88DF807102DF086FB0022144D1449804690
S21400A3E81346AE460E4615F8017B5FFA82FCBC4261
S21400A3F819D051F8047B56F823000132874238BF3B
S21400A4086346042AEFD108F52F7046F823000EF8A5
S21400A41803400123204619460DF1070200F036F9DD
S21400A42802B0BDE8F0816346EDE700BF5364002044
S21400A4382439002010B5124B124A1C7800231846FF
S21400A448D9B28C420BD8104B104A1C780023D9B2CC
S21400A4588C420CD80E4B1B781844C0B210BD92F82C
S21400A468381009B10130C0B201333C32E8E792F83F
S21400A478601009B10130C0B201336432E7E700BFAB
S21400A488DA6300207424002031640020DC260020D3
S21400A498DB63002070B50024094E0A4D3378E0B21D
S21400A4A8834200D870BDC0EBC0002918C21C8B7848
S21400A4B8285C49782A4400F0E9F80134EEE700BF42
S21400A4C8DB630020DC63002008B5FFF7B3FF58B154
S21400A4D8064B074A1A6000F009F9064B186006484A
S21400A4E8BDE8084000F0FCB808BD00BF8C16002088
S21400A4F8CDA3000034390020D1A2000038B50546A7
S21400A5080A4C10B10023237038BD23780133DBB220
S21400A518022B2370F8D9064813F04AF825702DF058
S21400A528E9FABDE8384003482DF0E3BA98640020FD
S21400A538A6350400403900204FF6EF73044A108809
S21400A54898428EBF0023431C9BB21380704700BFFF
S21400A558F05C0020014B1878704700BF9764002015
S21400A5682DE9F04188B080460F4616460021152290
S21400A5780DF109001D4614F039F94FF6EF72114B2C
S21400A58831461C8803A89442ADF804408EBF0024C8
S21400A5980134A4B21C8004232A468DF806308DF8B0
S21400A5A807808DF80870ADF80A5014F0AFFA109BC3
S21400A5B8BDF83C200E9901A82DF008FE08B0BDE8AD
S21400A5C8F08100BFF05C002038B5044618B10FC80B
S21400A5D8054D85E80F0020462DF08BFA0122034B27
S21400A5E800201A7038BD00BF40390020996400204A
S21400A5F870B51C46244B0D461B7811468CB0002BB4
S21400A6083FD0202C3DD84AF65523ADF8003002231B
S21400A6188DF804508DF802302B0A002522468DF856
S21400A628050002A88DF803308DF807408DF806500F
S21400A63814F06CFA04F1080004F109012B466C4684
S21400A6482A4686B289B214F8015B013292B22B44CC
S21400A6589642DBB2F7D800F130020DEB020000F8A4
S21400A668303C002268462DF048FA0446B0FA80F0DE
S21400A6784009FFF743FF201E18BF012040420CB0D8
S21400A68870BD4FF0FF30FAE79964002010B5134C00
S21400A69896B02478F4B10024ADF816400DF11604EF
S21400A6A802944024019406AC0094FFF759FF78B949
S21400A6B80246BDF8161020462DF01FFA0446B0FADA
S21400A6C880F04009FFF71AFF201E18BF01204042FD
S21400A6D816B010BD4FF0FF30FAE700BF99640020AF
S21400A6E8014B1860704700BF3C390020014B1868C2
S21400A6F8704700BF3C390020014B1860704700BF08
S21400A708383900202DE9F0433E4B89B01B78002BE2
S21400A71875D03D4E3D4C33883F2B02D82DF0EBF9D3
S21400A728D8B93A4F07F101083488012C67D93B7825
S21400A738552B27D17B78AA2B24D1072C5FD9FD88E7
S21400A7486DBA0935ADB2402D24D93149023C2246AE
S21400A758881E14F09DF83480E6E70023308801AAA6
S21400A768C0F1400189B22044ADF804302DF0C9F993
S21400A7780028D6D1BDF804303288002BD1D0134437
S21400A7883380C8E7621E92B241462048328014F0F1
S21400A7987FF8C9E7AC4232D3294601AA38462DF0DD
S21400A7A873FD8146641B22463846791914F070F802
S21400A7B83480B9F1000FB7D19DF80600431F012B6E
S21400A7C812D8431F58425841124B134C1D6820702C
S21400A7D83DB1BDF80A309DF808109DF8070003AA99
S21400A7E8A847002323709FE70C4B1C68002C9BD0BF
S21400A7F8BDF80A30BDF8041003AAA04794E709B0CC
S21400A808BDE8F08399640020EE5C002057640020C1
S21400A818596400203C39002097640020383900200D
S21400A82800239B6AB3F5C04F03D21968064A9142C3
S21400A83803D00023037083607047012202709A6871
S21400A8489B694260F7E700BF07B0CD5E024B034A3C
S21400A8581A602EF0B5BF00BF0000002002020FF0FD
S21400A86873B5534B04461A781AB102221A7002B00E
S21400A87870BDCDE900220028F9D001261E7037F0F9
S21400A888D7FF4C4D4C4B186017F094F82B785BB9F3
S21400A89802F062FA40B949480823494A494900681B
S21400A8A801F0A8FE00B92E70474B5A6E62619B6E87
S21400A8B8464AA3614FF40043936603F188435968F8
S21400A8C8E16143499960196E2160596E6160D3F859
S21400A8D87011A160196CE160596C21613D49086CE2
S21400A8E81864496C5964012151664FF40051916609
S21400A8F81A6E560436D53849CA68D407FCD45B6E37
S21400A9085A0434D5354AD36B13F0430FFBD1344B76
S21400A9181A68531C31D04FF400139340314A13661B
S21400A9280423304C684623664FF48063236610235E
S21400A93823664FF4005323664FF0804323664FF494
S21400A948804301A963662DF003FD009B2366019BE7
S21400A95863662B78002B8AD0194B1A6822665B68C8
S21400A968636684E72049CA68D007FCD4C7E71F4A4D
S21400A978D36B13F0430FFBD1C9E71D4B1B78002B95
S21400A988CED14FF48072114B5A661A4A52681AB9D9
S21400A9984FF40011134A11664FF400725A66164BAC
S21400A9A85B68002BBCD14FF480020E4B1A66B7E7E3
S21400A9B89B6400209C64002070390020FC6F0020F7
S21400A9C87439002000710800008000500090005084
S21400A9D855CEAC0000C00054000004400000024CF5
S21400A9E8C86F002000900044000004500000025C7D
S21400A9F89A64002000C005500000065070B52C4D23
S21400AA0804462E78012E02D001232B7070BD002834
S21400AA18FCD02DF0C2FC01300BD02DF0BEFC40F26D
S21400AA280113984205D0234B234A5E66D368DE0797
S21400AA38FCD4224B22491B6E13F0040F4FF400532C
S21400AA4814BF1C4A1F4A9366CA6B12F04302FBD116
S21400AA5821681A4B196661685966A168C3F87011AF
S21400AA68E168196421695964E169C80748BF9A60B2
S21400AA78154B1A6801320DD1144A127852B9144986
S21400AA884968C90748BF1A60124A5268D20744BFC5
S21400AA9801221A606269104B5A66A2699A6616F015
S21400AAA891FF0E4B186837F0BEFE0023ADE700BFD7
S21400AAB89B64002000900040000004400080004492
S21400AAC80000024C00900050C86F00209A640020D6
S21400AAD800C0055000000650008000507039002065
S21400AAE870B50024A36AB3F5C04F23D21A68134B77
S21400AAF89A421FD1124E337813F0FD0518D14FF441
S21400AB0880341048FFF7ACFE032004F0B9FC0E4B67
S21400AB180320DC6004F098FC0C4B1C61AB6ADB6914
S21400AB28984704460748FFF769FF0CB901233370B6
S21400AB38204670BD4FF48174FAE700BF07B0CD5EBB
S21400AB489A6400205039002000A000440090004479
S21400AB5813B5204B1B7803B9FEE700231E4CCDE93E
S21400AB6800336A4608231D49206801F043FDF8B9FA
S21400AB781B4AD2F84031D2F840211F2B4FF0010370
S21400AB8811D9203A9340019A1A43019208236A463B
S21400AB981249206801F0B6FE124B134A1A602EF0CE
S21400ABA80FFE02B010BD9340009A1A430092EDE7DC
S21400ABB82D28F1D10A4AD2F84031D2F840211F2B6D
S21400ABC84FF0010385BF203A93409340019398BF06
S21400ABD80093DBE79B640020FC6F002000710800F0
S21400ABE800800044000000200B020FF038B5002556
S21400ABF8AB6A0446B3F5C04F10D21B6BB3F5C04F13
S21400AC080CD20748FFF72CFEAB6A20461B6B5B6826
S21400AC189847BDE838400248FFF7F0BE38BD00BF89
S21400AC287C39002013B50024A36A0190B3F5C04F01
S21400AC3813D21B6BB3F5C04F0FD20948FFF710FEAF
S21400AC48A36A01211B6B01A89B6998470446044820
S21400AC58FFF7D4FE204602B010BD4FF48174F9E722
S21400AC687C39002070B50026B36A0446B3F5C04F99
S21400AC780D4612D21B6BB3F5C04F0ED20848FFF72D
S21400AC88EFFDB36A20461B6B29469B699847044626
S21400AC980348FFF7B3FE204670BD4FF48174FAE709
S21400ACA87C39002070B50026B36A0446B3F5C04F59
S21400ACB80D4612D21B6BB3F5C04F0ED20848FFF7ED
S21400ACC8CFFDB36A20461B6B2946DB6998470446C6
S21400ACD80348FFF793FE204670BD4FF48174FAE7E9
S21400ACE87C390020F8B50027BB6A0446B3F5C04F88
S21400ACF80D46164611D21B6B7BB10948FFF7B0FD0F
S21400AD08BB6A20461B6B324629465B6A9847044650
S21400AD180348FFF773FE2046F8BD4FF40174FAE7C0
S21400AD287C39002070B50026B36A0446B3F5C04FD8
S21400AD380D4612D21B6BB3F5C04F0ED20848FFF76C
S21400AD488FFDB36A20461B6B29469B6A98470446C4
S21400AD580348FFF753FE204670BD4FF40174FAE728
S21400AD687C390020F0B50027BB6A0446B3F5C04F0F
S21400AD780D461646ADF5177D20D21B6BB3F5C04FB2
S21400AD881CD21048FFF76CFDBB6A20461B6B40F2CE
S21400AD9851225B6A01A99847044630B10948FFF773
S21400ADA82DFE20460DF5177DF0BD836A32461B6BD7
S21400ADB82946DB6A01A898470446EFE74FF4017472
S21400ADC8EFE700BF7C39002010B50024A36AB3F56E
S21400ADD8C04F10D21B6BB3F5C04F0CD20748FFF715
S21400ADE83FFDA36A1B6B1B6B984704460348FFF797
S21400ADF805FE204610BD0124FBE700BF7C39002075
S21400AE08F0B58FB0044601A80E461546FFF7EEFECD
S21400AE189DF80C30012B12D1B5F5002F27D8B4F5C4
S21400AE28002F24D86319B3F5002F20D821462A46C8
S21400AE38304613F06BFE002420460FB0F0BD002706
S21400AE48BB6AB3F5C04F15D21B6BB3F5C04F11D212
S21400AE580A48FFF705FDBB6A2A461B6B31462046A3
S21400AE685B6B984704460548FFF7C8FDE4E740F2E1
S21400AE780244E1E740F20114DEE700BF7C39002017
S21400AE88F0B58FB0044601A80E461546FFF7AEFE8D
S21400AE989DF80C30012B1FD1B5F5002F06D8B4F558
S21400AEA8002F03D86319B3F5002F13D940F20244D4
S21400AEB820460FB0F0BDE258013225D104339D423A
S21400AEC8F9D82A463146204600F082F80028EDD008
S21400AED80024EDE70023F2E70027BB6AB3F5C04F6E
S21400AEE815D21B6BB3F5C04F11D20A48FFF7B8FC52
S21400AEF8BB6A2A461B6B314620469B6B984704461E
S21400AF080448FFF77BFDD3E740F20344D0E740F25E
S21400AF180114CDE77C39002070B58EB0044601A830
S21400AF280D46FFF763FE9DF80C30012B22D144EA4C
S21400AF380503C3F30C03002B33D1B5F5002F04D952
S21400AF4840F2024420460EB070BDB4F5002FF7D884
S21400AF582544B5F5002FF3D8204604F5005400F034
S21400AF6829F8AC4202D00028F6D1E9E70028E7D055
S21400AF780024E7E70026B36AB3F5C04F14D21B6B6C
S21400AF88B3F5C04F10D20A48FFF76AFCB36A2946E1
S21400AF981B6B2046DB6B984704460548FFF72EFDDB
S21400AFA8D0E740F20444CDE740F20114CAE700BFF8
S21400AFB87C3900204FF4003208B5044B9A6637F007
S21400AFC8DFFEB0FA80F0400908BD00BF00900050D0
S21400AFD8134610B562B103439B070BD14FF40034F8
S21400AFE8054B9C6637F0C4FEB0FA80F0400910BDE9
S21400AFF80120FCE70020FAE700900050BFF34F8FCF
S21400B0080549064BCA6802F4E0621343CB60BFF3F7
S21400B0184F8F00BFFDE700BF00ED00E00400FA0513
S21400B02870B5D0B1C9B10E4E431E013913F8014FA1
S21400B0382046325D02F00302012A11F8012F08BFEC
S21400B04804F12000B55C05F00305012D08BF203289
S21400B058801A01D1002CE9D170BD0120FCE700BFA1
S21400B06891F104000348044A0449121A92102DF07C
S21400B078F9B900BF4061000018630000E46B0020C7
S21400B08808B5154B83F30A8800F030F8FFF7EAFF97
S21400B098124B13498B4212D30020124B12498B4293
S21400B0A818D3FBF73FFE186850F82240586840F857
S21400B0B82240013298688242F5D30C33EAE7002230
S21400B0C8F8E71C6844F8220001325C68A242F8D30C
S21400B0D80833E4E70022F8E708000020DC2D050026
S21400B0E8E82D0500E82D0500E82D05004FF4004181
S21400B0F8134B144A70B59A60D3F88820124D42F460
S21400B1087002C3F88820114A05F5005491664FF07E
S21400B118FF3222664FF6DF7262660222C3F8D0203C
S21400B128BFF34F8FBFF36F8F4FF44036032004F002
S21400B138A7F90320E66004F087F92E6170BD00BF0A
S21400B14800ED00E000600000008000440090005021
S21400B158054B1860054B1B6F03F00703032B01D143
S21400B16835F00CBC704700BFD86F00200080005038
S21400B1782DE9F04104464FF001080C250D4E0CB998
S21400B188BDE8F08194FAA4F0B0FA80F00F2808FA27
S21400B19800F2C8BF103824EA0204CABF05FB0062E2
S21400B1A805FB0062B4325768002FE8D09168C0B239
S21400B1B8B847E4E79C39002008B50C4837F059FB37
S21400B1C8192004F04FF928B1192004F059F919206C
S21400B1D804F03AF91A2004F045F928B11A2004F0C8
S21400B1E84FF91A2004F030F9002008BD78CC040086
S21400B1F82DE9F0410E461746054618B30F2923D801
S21400B2080378DBB1013BDBB2022B19D8104AD35CBA
S21400B2186A78D340DB0717D50E4BD3F81043ACB982
S21400B22837F006FB80463A462846314603F064F86F
S21400B238404637F0F8FA2046BDE8F0817F23E7E776
S21400B2480023E5E72224F6E72124F4E70224F2E7C0
S21400B258C8CA040000C0035010B5044610B30378EB
S21400B268E3B1013BDBB2022B1AD8104AD35C6278F2
S21400B278D340DB0718D537F0DBFA0122617823784C
S21400B2888A4030214B4341F2100103F1A04303F5F5
S21400B29870335A5037F0C7FA002010BD7F23E6E710
S21400B2A80023E4E72220F8E72120F6E7C8CA0400CE
S21400B2B810B5044610B30378E3B1013BDBB2022BAA
S21400B2C81AD8104AD35C6278D340DB0718D537F013
S21400B2D8AFFA0122617823788A4030214B4342F244
S21400B2E8100103F1A04303F570335A5037F09BFA68
S21400B2F8002010BD7F23E6E70023E4E72220F8E7D6
S21400B3082120F6E7C8CA040038B50D46044618B327
S21400B31811B30378E3B1013BDBB2022B1AD8104A0B
S21400B328D35C6278D340DB0718D537F081FA302231
S21400B3382378534303F1A04303F570335B696278BF
S21400B348D34003F001032B7037F06DFA002038BDA8
S21400B3587F23E6E70023E4E72220F8E72120F6E744
S21400B368C8CA04002DE9F0410D461646984604461C
S21400B37800284FD000294DD00178002940D04B1E18
S21400B388DBB2022B3ED8254AD25C6378DA40D20775
S21400B39801D4FF2940D1022E01D9042E3CD137F022
S21400B3A847FA23780746FF2B05D0324620462968F9
S21400B3B802F0E8FF28602B68013309D12378FF2BB9
S21400B3C806D1174B6078D3F824142DF01CFE28609D
S21400B3D829684B1C18D00C23124A03FB0122069B33
S21400B3E8C2F8048093602378FF2B04D001230E4A0A
S21400B3F88B40C2F82434384637F015FA002007E0A8
S21400B4087F22C2E70022C0E7384637F00CFA2D2024
S21400B418BDE8F0812220FBE72120F9E7C8CA04002E
S21400B42800C003509C39002000D0035008B502F035
S21400B43859FF054B00F0553020F05020C3F8200483
S21400B448BDE80840FFF794BE00E0035008B502F0D8
S21400B45849FF054B00F0AA3020F0A020C3F82004CE
S21400B468BDE80840FFF784BE00E003502DE9F04F22
S21400B478144605460E469B46C36B87B001225B6999
S21400B48802A960689847EB6B01225B6903A93046FE
S21400B498984702A82DF0E5FB074648B10023A37598
S21400B4A863754FF0FF33A360002007B0BDE8F08F48
S21400B4B803A82DF0E3FB0123A375237E04EBC30347
S21400B4C8DE611F846368B3420ED1206003A82DF0A6
S21400B4D8F7FB4FF0FF332075A360237D043B022B58
S21400B4E826D80023A375DFE723681A1A5342534168
S21400B4F8A37503A82DF0E4FB237D834218BFA77528
S21400B50803A82DF0BFFB074602A82DF0BBFB874219
S21400B51818BF002303A818BFA3752DF0BBFB07466A
S21400B52802A82DF0B7FB87421CBF0023A375D4E7FB
S21400B53803A82DF0A7FB80B1EB6B022230465B69AF
S21400B54804A9984704A82DF0ACFB0346207D0328E1
S21400B55839D8DFE800F03838040903A8F3E7CC2226
S21400B568237E04EBC3031A8401F06EFC109B18704C
S21400B57803A8277E2DF07AFB04EBC70787F822007E
S21400B588237E03A804EBC303B3F8209093F8227035
S21400B5982DF078FB804603A82DF07CFB8246B8F198
S21400B5A8000F15D0EB6B022230465B6904A998475A
S21400B5B804A82DF03BFB6075637D6BB90023A3756B
S21400B5C84FF0000838E0227E04EBC2021384CBE773
S21400B5D803A82DF016FBEEE794F81680B8F1000FD6
S21400B5E8EED0B9F1000F09D1DFB10123E375637E10
S21400B5F8002B4FD1012F42D1677614E06B6C06EB17
S21400B6080A015A4286EA010010421CBF0022A275AF
S21400B6185A1E0A409B1A9945D0D8A37D002BE3D121
S21400B628CEE7E37D43B94FF000084B465246314615
S21400B63828462DF061F8A060A27D12B123694B441C
S21400B64823611A49237E097899422AD90133237639
S21400B658BBF1000F27D032B3E37D23B3B8F1000F58
S21400B66821D1032F1FD0A1684B1C1CD0109B22464B
S21400B678009328460123FFF7F9FEA07513E095F816
S21400B688343063B9EB6A0133CFD1032FCDD1012310
S21400B698A376C8E7012FCFD0032FC4D1F7E7984683
S21400B6A8C3E70023A375A07DFFE600BFECCA04002D
S21400B6B82DE9F04F0E46984600238BB004464FF00F
S21400B6C8FF31104617468DF8133001F0A7FBB6F584
S21400B6D8801F20D2314605AA04F108002DF013FA7F
S21400B6E8451C014603D1237CBBB92D2010E0384603
S21400B6F801F094FB0122394620460DF113032DF084
S21400B7084DF80028EFD09DF8133088F80030002058
S21400B7180BB0BDE8F08FB01CE5D1E56A691C36D1E0
S21400B7282046616A2CF02EFF0546B31C18BF01237D
S21400B738DFF8CC900193636A626C0293236805A9CC
S21400B74802FB053AE36B05225B695046984705A855
S21400B7582DF022FB2DF045FB50462DF04DFB4FF00B
S21400B768000B824601464B1C05D0636C81EA0A0230
S21400B7785B42134211D0294620462CF003FF029B59
S21400B788AB422CD0BBF1000F2CD10546D3E723687B
S21400B798ED1A636CB5FBF3F5C7E7484601F03EFBC8
S21400B7A80DF1130349462046019A2CF0F7FF03468D
S21400B7B890B1B21C03D0D9F80020B2420CD19DF843
S21400B7C8132003930D4B88F8002049461A6838461C
S21400B7D813F09CF9039B9B46D9F80810C3E7BBF106
S21400B7E8000F82D0B6F5801F91D2314698F8003007
S21400B7F87A6804F1080001F03FFA88E7E8CA04000E
S21400B808784100202DE9F3410446174698460E462F
S21400B818184D816AE36A8B4201D04B1C02D102B0F4
S21400B828BDE8F081284601F0F9FA012229462046AB
S21400B8380DF107032CF0B2FF38B1434629462046DF
S21400B8489DF80720B8470028E9D0A9684A1C04D103
S21400B858696820462CF023FF0146012EDAD16B6872
S21400B86881EA0302636C5B421A4218BF4FF0FF314D
S21400B878D0E700BF4C4100202DE9F04F4FF0FF33D2
S21400B8884FF6FF720025044600F10806C0E90923B2
S21400B8988BB0C36205620563304688462DF004F90E
S21400B8A820462CF03FFE60BB204641462CF0BAFEF0
S21400B8B820462CF037FE60BB5E200BB0BDE8F08F4C
S21400B8C82368E26B606C576900FB0530052205A902
S21400B8D8B84705A82DF060FA012807460CD1294676
S21400B8E820462CF070FE012F024600D10132294670
S21400B8F820462CF036FE03E02DF078FA0028EED12C
S21400B9080135E3699D42DBD320462CF00BFE002868
S21400B918CAD000254FF0FF394FF6FF73CA46A8462F
S21400B928C4E90853E36998450AD3A5EB0905012D30
S21400B9382CD84FF6FF72636A93423CD16720BCE767
S21400B9482368E26B606C576900FB0830052205A97E
S21400B958B84705A82DF020FA834605A82DF0F3F978
S21400B968074658462DF03DFA68B1574538BFC4F823
S21400B9782480B94528BFB946BD4238BF3D46BA46B9
S21400B988236A0133236208F10108CBE74FF6FF73F9
S21400B99800256362E3699D42CBD2676C2068E36B3F
S21400B9A8052207FB05005B6905A9984705A82DF041
S21400B9B8CAF90135EEE7E26B676C2068694607FB53
S21400B9C8030055690522A84768462DF0BCF9626A47
S21400B9D82368606C4B4D00FB02302DF00DFA4FF0DB
S21400B9E8FF33A062E3622A466FF00101204605ABEA
S21400B9F8FFF75EFE002846D1AD6829462046E56278
S21400BA082CF06CFD206320B92046E16A2CF047FE36
S21400BA18E062294620462CF042FE0546A36A9D426F
S21400BA2833D120462CF02DFD00278046B946E36921
S21400BA3899453CD3B84559D92046616A2CF0A2FDF1
S21400BA480026054604F1400AB74212D8626C2368FD
S21400BA58694602FB0539E36B05225B694846984749
S21400BA6868462DF070F9534602464946E06B2DF0BD
S21400BA78C5F9294620462CF085FD0136B045054611
S21400BA88E2D1642019E7A56AB7E7294620462CF0D4
S21400BA9825FD236B294603440746236320462CF0DE
S21400BAA8FEFD0546002FB9D1C4E90B07B6E7636C5F
S21400BAB82568052203FB0955E36B05A95B6928463B
S21400BAC8984705A82DF068F92DF08BF958B1284647
S21400BAD82DF092F9014620462CF000FD636C143BCD
S21400BAE8984208BF013709F10109A0E730462CF053
S21400BAF8DBFF002320461946034AFFF783FE002093
S21400BB08DBE600BFA4410020938703002DE9F0413F
S21400BB18036B9046826B07689A4288BF8363426CC1
S21400BB28436A90B002FB0377C36B0E46052201A951
S21400BB385B6904463846984701A82DF02DF9012878
S21400BB480146307057D0656CE26B2368606AD2F89D
S21400BB5814C005FB0030052206A9E04706A82DF00C
S21400BB681BF901284FF0000523D0D4E90A32012139
S21400BB789342CDE90B458DF834800E958DF83C1030
S21400BB882AD1194620462CF08AFD236B626C1433A2
S21400BB989B1AE06223630C9B53B99DF83C303BB17B
S21400BBA8626A616C2368E06B01FB02312DF0ACF829
S21400BBB80C9DE36B05225B6901A93846984701A8E6
S21400BBC82DF0EAF830702846236BA26B9A4288BF9D
S21400BBD8A36310B0BDE8F081237C33B91C490BAAD7
S21400BBE804F1080001F096F8D5E72046194A0BAB91
S21400BBF8FFF708FECFE7237C23BB2246164904F14D
S21400BC08080001F087F8616A20462CF0DCFC616ABF
S21400BC18421C20462CF0A5FC054620B9236B626C16
S21400BC281344143B23632046A16A2CF038FD23688E
S21400BC38A062C01A636CB0FBF3F0606220462CF07A
S21400BC4871FDB6E700232046044AFFF7DBFDDAE776
S21400BC58B9C3000035C300002D880300C987030058
S21400BC6873B50D46D11E4A421C461B7E4A419A426F
S21400BC7826D129682368994222D3636899421FD837
S21400BC88114E0DF107033246FFF712FDC0B9726870
S21400BC986B689A4214D19DF80730DA1E5342534116
S21400BCA8227E93420CD1636901336361D4E903238E
S21400BCB8934205D22968A26842F82310013323610B
S21400BCC8012002B070BD00BFA44100202DE9F04F4E
S21400BCD89B4689B09DF848309046514A01931369AF
S21400BCE807465B450D46C0F09580D94653680093D5
S21400BCF8B9F1000F7BD0FB6B01225B6905A90098A0
S21400BD08984705A82CF0BAFF454B1B68984240F0A8
S21400BD18848005A82CF0BEFF0428064615D105A881
S21400BD282CF0BFFF009B04461E44019B002B3ED10F
S21400BD38804512D91C46A8EB0008384600992CF016
S21400BD48AEFCA9EB04090090D2E7FB6B02225B6904
S21400BD58009806A9984706A8E2E7A0EB08045C4501
S21400BD6828BF5C46032C4644ABEB040B1DD9FB6B83
S21400BD78294630465B69A208984724F0030304F076
S21400BD88030A1E441D44DDF80480BAF1000FD4D01F
S21400BD98FB6B012206A930465B699847524628463F
S21400BDA806A912F0B3FE5544C7E7A246EBE782465B
S21400BDB800F0030302932B1803930644039BA6EB99
S21400BDC80A00A3EB0A05029B9A4514D1BAF1000FA4
S21400BDD8B3D0FB6B012206A95B69984752462846F2
S21400BDE806A913F04FF80028DDD04FF0360948466C
S21400BDF809B0BDE8F08FFB6B012206A95B6998477E
S21400BE080422284606A913F03DF80028EDD1AAF129
S21400BE18040AD3E74FF06309E9E74FF06F09E6E74E
S21400BE28D04100202DE9F0410F46164698460446B4
S21400BE3888B060B390F83450FDB101212CF067FB50
S21400BE4800210E9BCDE90511CDE902379DF83C305F
S21400BE58CDF804808DF81C30237C04968BB90D49E8
S21400BE6801AA04F1080000F055FFDDE90553E06B70
S21400BE78002E08BF1D462CF0E3FC284608B0BDE897
S21400BE88F0812046044A01ABFFF7BCFCEDE7054607
S21400BE98F3E700BFF787030069BC00007FB590F89A
S21400BEA84260044601920DF10B030A4630461149DA
S21400BEB82CF0CEFC012E0546E36B17D132465B69A3
S21400BEC803A998479DF80B10039B019A59B19BB29A
S21400BED843EA0243012228460393E36B03A99B69BE
S21400BEE8984704B070BD62F30F03F3E701229B691D
S21400BEF801A9F5E7D04100202DE9F04F99B00E468C
S21400BF080D920A69416C0B931439D31DB3FBF1F3F8
S21400BF18013302EBC302036B04469342C0F001826E
S21400BF280023DFF804940893E36A48461946059305
S21400BF3800F074FFD6E9033707930B9B022B4DD10D
S21400BF48CC2F40F0D7810D9B3BB1314620462CF0D4
S21400BF58D5FC656C1490012044E00120079B656CB5
S21400BF681B68149300F0010000280CBF0423082364
S21400BF78782F0E9349D8059A6B1E1340ED1A3B1D71
S21400BF889D423CD2002F3DD0082D3ED800230425E4
S21400BF9806934FF0040A336806990B98C9F80030E0
S21400BFA8C9F810702CF090FE4FEA9A030F93059B81
S21400BFB889F814000393002309930C9304930A93B7
S21400BFC8616C039B4A1E1A408B1A27B35544AB4232
S21400BFD823D8236B5B1A134423632FE1782F656CF1
S21400BFE8B9D8F07D0D9B002BBCD0E36B01225B69B2
S21400BFF8706816A9984716A82CF044FEB4E70025E2
S21400C0080695C6E704250697C3E7012300254FF0E3
S21400C018080A0693BFE75345DBD3A3EB0A02974209
S21400C028039BB84628BF90469742534428D9012216
S21400C038D9F8101089F817208F4226D10399C9F825
S21400C0480410049299F817200AB399F81810039860
S21400C058CA1C09EBC202506004980131A2F8088095
S21400C068907289F81810B8F1000F07D00B9A022AB8
S21400C07840F08180099A72B1012209929B46ABE092
S21400C088049A002A18BF0322DBE70222D9E7039A9C
S21400C098C9F80420E7E70C9A4244032AEED9E26B73
S21400C0A81846956914A901220993A847099B0546CD
S21400C0B80028E1D03D2D40F01E8104F108030393CB
S21400C0C82368059A606CA2EB030ABAFBF0FA00FB39
S21400C0D80A302CF091FEE16A804620462CF0DFFA02
S21400C0E8A26A824200F00F81626CD9F80830511EAD
S21400C0F80B40216B2768891A0B442363089BE06270
S21400C108DF1BB7FBF2F7BA4540F0FA80059BB3EBA6
S21400C118080A12D0E36B4FEA9A0241469B69984791
S21400C1288346E36A059A5344E362236B03989B1A93
S21400C138434423632CF0B8FCDA462368616CE06B52
S21400C14801FB07312CF0CDFD20462CF0EBF92046FC
S21400C1582CF0E8FA2063BAF1000F00F0D4803269B8
S21400C168616CD31D1439B3FBF1F3013302EBC30240
S21400C1789042A5D2BFE00D9A002A77D1B8F1030FF6
S21400C1884FEA98026ED9E16B18468D6907991093A5
S21400C198A847109B0546C0B918F0030515D0079A9E
S21400C1A828F0030B02EB0B019B444FF0FF3215A857
S21400C1B815922A46109312F0A9FCE26B5846956928
S21400C1C815A90122A8470546109B9B46079A424494
S21400C1D80792002D40F08B80049B16A80193069BBF
S21400C1E8009399F814204346316800F0CDFDE36BC0
S21400C1F80F9A9B69039816A99847039A051E089BE9
S21400C20818BF1346089343465246204603992CF017
S21400C21873FA236B08F10302A3EB0A0322F0030266
S21400C2289B1AC9F808002363002D7FF443AF0C9BC4
S21400C238A7EB080743440C93CDF80CB020460399A7
S21400C2482CF02DFA00250390002F7FF4B9AE364A5D
S21400C2583168936804F10800E36252680B9B00F0AB
S21400C2680BFD49E09B46454607999EE79B4606F127
S21400C27820021092F27D7068A2B1002296F818C0CB
S21400C2880A99D5B2AC4511D9109D02F1010E35F8C0
S21400C29832508D4228D90E9806EBC2020144D06966
S21400C2A8084403E00E9A0A990A441044E26B15A95A
S21400C2B8556901221193A847159A0A9B1392E26BB7
S21400C2C8043395695846012213A90A93A847119B77
S21400C2D8054603EB0802A2EB0B02042A7FF679AFA9
S21400C2E828B90BF1040BC5E77246491BC9E7CDF818
S21400C2F820B088E770252F46384619B0BDE8F08F7D
S21400C3084FF0000A19E73269616CD31D1439B3FB84
S21400C318F1F3013302EBC302236B9342BFF404AE7E
S21400C328E9E71C27E8E700BF78410020032A2DE943
S21400C338F34106460D4617461C4606D1237A012BBE
S21400C34823D0012002B0BDE8F081DFF860800968DC
S21400C35842460DF10703FFF7ABF960600028EDD100
S21400C3689DF80720237A032AE8D0D8F804106A68CC
S21400C3789142E3D1012B2969D4F80CC007D1726920
S21400C3880CEB0103934202D92074207CDAE70831CB
S21400C3986144E1603B46012229463046FFF7ACFD82
S21400C3A860600028CAD00020CCE700BFA441002067
S21400C3B82DE9F341089C032A1746266806D1237AF6
S21400C3C8012B24D0012002B0BDE8F081DFF8908070
S21400C3D8304642460DF10703FFF76AF96060002809
S21400C3E8EDD12568D8F80400A96AD5F844C04840B5
S21400C3F8CCF100031840227AE1D1012A09D1E2687B
S21400C408D8F8103013447269934202D92074207CFD
S21400C418D9E72868EB6A1B1A081AB3FBFCF3B0FBCB
S21400C428FCF083420BD1706CF36A421E1340326BE9
S21400C438121A1344284633632CF031F9E862D8F808
S21400C4481020E36808321344E36001223B4604499F
S21400C4582068FFF751FD60600028B0D00020B2E7E2
S21400C468A44100202DE9F0410025604B0E46D3F884
S21400C478008004461D6018B921252846BDE8F081CD
S21400C48890F8347007B30A6803689A4240F0A380AD
S21400C4984A6843689A4240F09E808A6883689A424F
S21400C4A840F09980CA68C3689A4240F094800A6946
S21400C4B843699A4240F08F808A69C36B9A4240F07B
S21400C4C88A804B698361D8E768223946856B12F003
S21400C4D88DF9D6E90212336804F108002360736800
S21400C4E8A5636360336963617369A3612CF0EEFA30
S21400C4F8B36904F14000E3639B68984720B9676C0A
S21400C50817B16368B3FBF7F794F84330E761002B7D
S21400C518B2D00023656C2366002D64D0002F62D04D
S21400C5282368B3FBF5F205FB1233002B55D166687A
S21400C538B6FBF5F305FB1363002B4ED120462BF014
S21400C548BDFFA369043303449E4248D340F63472C1
S21400C5586369CC3B934244D8B5F5805F43D3032147
S21400C56820462BF0D4FFD4E90001E36B1B689847FC
S21400C5780546E36B0220DB689847CDB9414620465E
S21400C588FFF77AF96428054604D141462046FFF7A6
S21400C59873F90546666C5DB9236A2046143E5E4309
S21400C5A82BF08CFFA369043303449E4238BF5A25F8
S21400C5B8002D0CBF0123002384F8343007D1D4E9BA
S21400C5C800010B4A1368013313602CF019FBE06B6B
S21400C5D82CF036F951E75D254FE759254DE75A25E2
S21400C5E84BE75F2549E75B2547E700BF083B002088
S21400C5F8043B00202DE9FF410C4616461F4605461B
S21400C60880B390F834307BB3B1F5801F2ED2DFF8B4
S21400C618608001212BF07BFF2146424628460DF11B
S21400C6280F03FFF745F8044670B99DF80F30012B45
S21400C63811D1D8F81030BB4212D1024600903146CC
S21400C6482846FFF743FB0446E86B2CF0F9F820462B
S21400C65804B0BDE8F081022B14BF2D246024F3E754
S21400C6686324F1E72124F2E71124F0E72924EEE712
S21400C678D04100202DE9F04385B00C4617461E46EB
S21400C6880546DDF8308098B390F8343093B3B1F5AA
S21400C698801F31D2DFF8649001212BF038FF214645
S21400C6A84A4628460DF10F03FFF702F8044688B9F4
S21400C6B89DF80F30012B14D1D9F8102006EB08038B
S21400C6C89A4213D300904346324639462846FFF727
S21400C6D8FDFA0446E86B2CF0B3F8204605B0BDE832
S21400C6E8F083022B14BF2D246024F3E76324F1E7BC
S21400C6F82124F2E71124F0E72924EEE7D0410020B0
S21400C70873B50C461646054630B390F834302BB34E
S21400C718B1F5801F24D201212BF0F9FE21462846C8
S21400C728104A0DF10703FEF7C3FF044680B99DF8CB
S21400C7380730032B0CD0022B0CD1284609492CF0C5
S21400C748DDF83060E86B2CF07BF8204602B070BD50
S21400C7582D24F7E76124F5E72124F6E71124F4E70A
S21400C7682924F2E7D04100202DE9F3411E46002394
S21400C7780C4617460546336050B390F834304BB332
S21400C788B1F5801F28D2DFF8548001212BF0BFFEB8
S21400C7982146424628460DF10703FEF789FF044660
S21400C7A8A0B99DF80730032B10D0022B03BF012336
S21400C7B83B600423D8F8103018BF38603360E86B45
S21400C7C82CF03EF8204602B0BDE8F0812D24F6E7AE
S21400C7D82124F7E71124F5E72924F3E7D0410020C0
S21400C7E873B50446056B2BF069FE636E03449D42E1
S21400C7F82CBF00230123854294BF00252D1A207CD8
S21400C80884F85030656584F85800A8B100230C4EAB
S21400C8181A461946204600962CF034F90023054699
S21400C8281A461946204600962CF035F9E36828443F
S21400C838984294BF0020C01AE06502B070BD00BFE1
S21400C848FFFF0F002DE9F3471E4643690446B3422F
S21400C858884617469DF828904ED300258DF8075031
S21400C86820462BF02BFED4F830A082450AD2236A45
S21400C878B5EB430F06D2002220460DF10701FFF75D
S21400C88845F9B8B39DF80730012B05D1002220469C
S21400C8980DF10701FFF73AF9B9F1030F06D0314653
S21400C8A820462BF0FBFD256B854227D3144D4FF011
S21400C8B8FF31284600F0B2FA4B46294600222046A9
S21400C8C8C5E90376C5F80080FFF716FB236E054614
S21400C8D863B12046FFF784FF94F8503013B994F8F4
S21400C8E858301BB1236E04F150009847284602B012
S21400C8F8BDE8F0870135B3E76225F7E71C25F5E7BD
S21400C908A44100202DE9FF410F4690461E460546E5
S21400C91898B390F8343093B3B1F5801F31D21A4CDF
S21400C92802212BF0F4FD2246394628460DF10F0366
S21400C938FEF7BEFE024678B101234246009339460A
S21400C94833462846FFF77EFF0446E86B2BF078FF51
S21400C958204604B0BDE8F0819DF80F30012BEBD1DE
S21400C9682169B142E8D10093414633462846FFF78D
S21400C978ADF904460028DFD1E7E72124E8E71124CB
S21400C988E6E72924E4E700BFD04100202DE9F04778
S21400C99890F8423086B0012B05460391A1EB0207BA
S21400C9A840F0AA80FF2F03D81E464FF0640807E021
S21400C9B80226012B14BF4FF032084FF064080136E8
S21400C9C800244FF6FF79DFF844A195F84230012B92
S21400C9D814BF322364239C4202D35FFA88F40DE026
S21400C9E805AB2246514628462BF066FF95F842309E
S21400C9F8012B059B34D14B452DD1E4B295F8423036
S21400CA08012B14BF32226422121BB24217D3012E06
S21400CA1839D10022012B05978DF8132027D108223B
S21400CA2805A90DF113002CF003FA9DF81330059AAA
S21400CA3842EA032221462846FFF730FA40B102238D
S21400CA48324900932846CC23096803AAFFF7FAFE62
S21400CA5806B0BDE8F087DBB203B902340134B4E7A8
S21400CA68591CCAD09BB2002BF8D10134F6E7102225
S21400CA7805A90DF113002CF0DBF99DF81330059A83
S21400CA8842EA0342D6E7039A012B059223D10823EC
S21400CA98202205A90DF113008DF813302CF0C8F9E3
S21400CAA89DF81320120221462846FFF7F7F995F855
S21400CAB84230611C012BC9B21AD10028BFD12846C2
S21400CAC8BDF81420FFF7EAF90028B8D10234BDF8FB
S21400CAD81620E1B2AFE71023202205A90DF11300B6
S21400CAE88DF813302CF0A4F99DF813201204DAE719
S21400CAF80028A4D1059A9EE7B7F5803F4FF00106B7
S21400CB08BFF457AF4FF032085AE700BFD0410020B5
S21400CB1870B586B00E4605460392A0B390F834303A
S21400CB289BB3B1F5801F32D202212BF0F0FC3146C0
S21400CB382846184A0DF11703FEF7BAFD044618B939
S21400CB489DF81730032B0ED1022331460093284652
S21400CB58CC2303AAFFF776FE0446E86B2BF070FE9C
S21400CB68204606B070BD022B0BD10A4928462BF08A
S21400CB78C5FE039902468142EFD02846FFF706FF16
S21400CB88EAE76124E9E72124EAE71124E8E729240B
S21400CB98E6E700BFD0410020F7B50C461646054626
S21400CBA868B390F8343063B3B1F5801F2BD20221F6
S21400CBB82BF0ADFC21462846144A0DF10703FEF774
S21400CBC877FDC0B99DF80730032B14D0022B14D17B
S21400CBD80E4928462BF092FE471C02463946284640
S21400CBE8FFF7D4FE044606B13760E86B2BF028FE44
S21400CBF8204603B0F0BD2D24F7E76124F5E721248D
S21400CC08F6E71124F4E72924F2E700BFD041002014
S21400CC1830B50C46054685B028B390F8343023B3B3
S21400CC28B1F5801F23D202212BF071FC0DF10F0302
S21400CC38214628460F4AFEF73BFD034688B99DF86D
S21400CC480F20032A0DD003222146009202462846CA
S21400CC58FFF7F8FD0446E86B2BF0F2FD204605B01A
S21400CC6830BD2D24F7E72124F8E71124F6E7292418
S21400CC78F4E700BFD04100202DE9F043466886B3AC
S21400CC88056898464FF0000CA946AE4655F83C4055
S21400CC980CF1010CC4F31307013401D0B94217D0C4
S21400CCA8B4450EF1080EF1D12F46002403E0B44235
S21400CCB807F1080712D055F8343001340133F6D19D
S21400CCC8C1F3130141EA0851C7E90012BDE8F08331
S21400CCD841EA0851CEE90012BDE8F083B8F1030F27
S21400CCE803D101230372BDE8F083002303E0B342B7
S21400CCF809F10809F5D055F833400133C4F3075451
S21400CD08032CF4D1C1F3130343EA0853C9E90032EC
S21400CD18BDE8F0832DE9F0410646406882B0B8B118
S21400CD280F4690460024336853F8345003EBC40388
S21400CD38C5F30752C5F31301013506D05B683046C4
S21400CD48CDF80080B84718B1706801348442EAD339
S21400CD5802B0BDE8F08100BF024B1968024B1868A4
S21400CD68FFF780BBDC6F0020FC6F002008B535F0AD
S21400CD7852FD014B186008BDFC410020014B1868A5
S21400CD8835F044BDFC41002073B504462248012A0C
S21400CD9800EAC1119DF8185023F07C4007D9961E6A
S21400CDA8012E28D9073303F07F03194308E09DF8BE
S21400CDB81C300A43DB0603F0C053134343F06041BC
S21400CDC80023C4E900108DF80730B5B120222146AB
S21400CDD80DF107002CF02CF81A220DF10700211D82
S21400CDE82CF026F8082063689DF8072043EA82633B
S21400CDF8636002B070BD1143E2E71B220DF1070025
S21400CE0821462CF015F823689DF80720042043EAED
S21400CE18C2632360EDE700BF80FFFF0738B5094B04
S21400CE280D461A680021044611F0E0FC00234FF076
S21400CE38FF322383C4E900252361A260E382A37638
S21400CE4838BD00BFE8CA04000138C0B205289ABF3A
S21400CE58014B185C01207047EDCA04002DE9F0412B
S21400CE680746154600240E46596888B0490A01291F
S21400CE7822464FEA510104F10104F8D8DC78997883
S21400CE8824031B88C90201F4006104F480540C438F
S21400CE98C3F30A035203234492B24FF000089C18C7
S21400CEA8274B6FEA0444039325F07843ED4302A921
S21400CEB80DF107001B2202938DF807802BF0B8FFB0
S21400CEC89DF80720029B02A943EAC2630DF10700FA
S21400CED81B2225F07845049302958DF807802BF0E1
S21400CEE8A7FF9DF80720029B6FEA144443EAC26333
S21400CEF805934FF0FF330794069307A9BB690122F1
S21400CF0806F110009847BB6905A90446012206F1F8
S21400CF1808009847BB69404518BF044604A9012283
S21400CF28301D98470122404518BF0446BB69304665
S21400CF3803A99847404508BF204608B0BDE8F081D9
S21400CF4801009AB2044BD3F88420D206FBD4D3F857
S21400CF588400C0F3811070470040005038B5184B65
S21400CF680546D3F824010C4600F00700062823D807
S21400CF78DFE800F0040A121A1E0E1600012305B197
S21400CF88286004B1236038BD33F0D8FC0523F6E7E3
S21400CF9833F0D4FC0623F2E733F00AFD0323EEE76A
S21400CFA833F006FD0423EAE733F0FEFC0223E6E747
S21400CFB835F044FC0723E2E700231846DFE700BF06
S21400CFC80080005038B5104B0546D3F800310C46A3
S21400CFD803F00303022B0BD0032B0DD0012B0FD12C
S21400CFE833F0E6FC032305B1286004B1236038BD9E
S21400CFF833F0E4FC0823F6E735F020FC0723F2E7D5
S21400D00801230020EFE700BF0080005038B5104B22
S21400D0180546D3F820310C4603F00303022B0BD049
S21400D028032B0DD0012B0FD133F088FC052305B157
S21400D038286004B1236038BD33F0BAFC0323F6E752
S21400D04833F0B2FC0223F2E701230020EFE700BF2B
S21400D0580080005038B5104B0546D3F840310C46D2
S21400D06803F00303022B0BD0032B0DD0012B0FD19B
S21400D07835F0E6FB092305B1286004B1236038BD06
S21400D08833F09CFC0823F6E735F0DDFB0B23F2E7CC
S21400D09801230020EFE700BF0080005038B5104B92
S21400D0A80546D3F860310C4603F00303022B0BD079
S21400D0B8032B0DD0012B0FD135F0C2FB092305B188
S21400D0C8286004B1236038BD33F078FC0823F6E7FF
S21400D0D835F0B9FB0B23F2E701230020EFE700BF8A
S21400D0E80080005073B50D4600210E4B0191D3F811
S21400D0F88041064604F00304012C09D0022C0CD00B
S21400D1080C460EB1019B336005B12C6002B070BDB1
S21400D11801A8FFF77BFF0F24F3E733F045FC0190E7
S21400D128EFE700BF0080005038B5104B0546D3F82F
S21400D13840320C4603F00303022B0BD0032B0DD012
S21400D148012B0FD135F07CFB092305B1286004B10B
S21400D158236038BD33F032FC0823F6E735F073FB5E
S21400D1680B23F2E700231846EFE700BF00800050C5
S21400D17838B5144B0546D3F800020C4600F00700F5
S21400D18804281BD8DFE800F003090D111500012359
S21400D19805B1286004B1236038BD35F051FB09237A
S21400D1A8F6E733F00BFC0823F2E735F04CFB0B23CD
S21400D1B8EEE733F0E3FB0E23800AE9E70023184680
S21400D1C8E6E700BF0080005010B40D4C0B46D4F8BC
S21400D1D8204204F00304012C0AD0022C0CD008B11B
S21400D1E8002101600BB100221A605DF8044B7047FD
S21400D1F85DF8044BFFF70ABF5DF8044BFFF72ABF3C
S21400D20800800050B0F5207F1FD009D8B0F5007F09
S21400D21815D003D868B1B0F5C07F0AD000200CE05E
S21400D228B0F5607FFAD10B4BD3F88000C0F301103D
S21400D23803E0084B186FC0F3033001307047054B06
S21400D248D3F89000C0F30460F7E7024B186FC0F3FA
S21400D2588020F2E7008000504FF400320E4B014663
S21400D26810B500209A66FFF7CDFF484341F67132A5
S21400D2780A490B4B884294BF00200120DC69DA6318
S21400D2889A6822F4401242EA00529A60E20344BFC7
S21400D2980022DA6310BD00BF00900050005A6202F8
S21400D2A8000003505F2898BF094B4FEA501294BFFE
S21400D2B853F82230074B00F01F0029B103F58053BE
S21400D2C8012282401A60704703F50053F8E700BF52
S21400D2D8F4CA0400608200501FB50021B0F5807FB4
S21400D2E80446019100F0068100F29D80612800F254
S21400D2F895801F2805D8002840F0928033F03EFB22
S21400D308DCE0A0F12004412C00F28A8001A353F847
S21400D31824F000BF05D30000C9D4000005D30000E0
S21400D328C9D40000E9D40000E9D40000E9D400001C
S21400D338E9D40000C9D40000C9D40000A3D4000072
S21400D3485DD400001FD5000029D500005DD400007C
S21400D358C9D40000C9D40000C9D4000029D40000EC
S21400D36829D4000029D4000029D4000029D40000BC
S21400D37829D40000F3D400007FD40000C9D40000EC
S21400D388C9D40000C9D400003DD5000033D500003C
S21400D398C9D4000029D4000029D4000029D40000EC
S21400D3A829D4000029D4000029D4000029D400007C
S21400D3B829D4000029D4000029D4000029D400006C
S21400D3C829D4000029D4000005D3000029D4000081
S21400D3D805D3000005D3000005D30000E9D40000FB
S21400D3E829D4000029D4000029D4000029D400003C
S21400D3F829D4000029D4000029D4000029D400002C
S21400D40829D4000029D4000029D4000029D400001B
S21400D41829D4000005D3000005D3000080284BD08F
S21400D428019804B010BDB0F5A06F5ED028D8B0F54E
S21400D438607F50D019D8B0F5007F4CD004D8B0F52E
S21400D448C07F3FF45BAFEBE7B0F5207F38D0B0F590
S21400D458407FE5D133F092FA02464FF42070FFF78A
S21400D468D1FEB2FBF0F2520833E0B0F5806F37D049
S21400D478B0F5906FD4D1002101A8FFF76FFDCFE774
S21400D488B0F5E06F51D00DD8B0F5C06F43D0B0F509
S21400D498D06F45D0B0F5B06FC2D1002101A8FFF714
S21400D4A821FEBDE7B0F5F06F44D0B0F5086FB7D1F0
S21400D4B801A8FFF787FDB3E733F046FA0190AFE718
S21400D4C833F05CFA02464FF42070FFF79BFEB2FB7F
S21400D4D8F0F20192A4E733F037FA02462046F4E762
S21400D4E8002101A8FFF792FD9AE7002101A8FFF79F
S21400D4F86BFE95E74FF0E02302911B695B0705D5A5
S21400D50833F03CFA0290029B019389E703A902A82C
S21400D518FFF7A0FDF7E7002101A8FFF79BFD7FE7CF
S21400D528002101A8FFF724FE7AE7002101A8FFF7EB
S21400D538FBFD75E7002101A8FFF7B0FD70E700BF07
S21400D54808B58020FFF7C8FE034B98429EBF4FF4ED
S21400D5588032024B1A6708BD005A620200A00050CB
S21400D5681FB503460020B3F5807F01906FD027D8FB
S21400D578382B00F082800BD8243B092B0FD8092BB8
S21400D5880DD8DFE803F05F5F5F5F0C0C5A0C36754A
S21400D598522B57D007D83D2B3AD03E2B72D0019845
S21400D5A805B05DF804FB802BF9D1394B1B6F03F0EF
S21400D5B80703013B032BF2D8DFE803F03D36393B7F
S21400D5C8B3F5D06F54D019D8B3F5A06F55D00AD894
S21400D5D8B3F5806F36D0B3F5906FE0D1002001A97F
S21400D5E8FFF7BCFCDBE7B3F5B06F26D0B3F5C06F2A
S21400D5F8D5D1002001A9FFF72DFDD0E7B3F5006FC0
S21400D608ECD00AD8B3F5E06F3CD0B3F5F06FC6D1CE
S21400D618002001A9FFF742FDC1E7B3F5086FBED1A8
S21400D62801A9FFF7CFFCBAE705230193B7E7032361
S21400D638FBE70723F9E70223F7E7002001A9FFF72E
S21400D64851FDACE7002001A9FFF7E0FCA7E74FF083
S21400D658E02302901B695B0705D533F08FF90C238E
S21400D6680393039BE1E703A902A8FFF7F3FCF8E797
S21400D678002001A9FFF77CFD91E7002001A9FFF72C
S21400D688A3FD8CE7002001A9FFF74EFD87E700BF42
S21400D698008000504FF40022034B5A66012203F51F
S21400D6A880439A62704700BF0090005070B50446E9
S21400D6B88020FFF755FF032800F082804FF40022F1
S21400D6C8444B02215A6645F60E03434AC2F8803098
S21400D6D8424B9962012103F580539962936DD903F1
S21400D6E8FCD4D4E900131B0543EA0163E17B94F8F4
S21400D6F823500B43217B43EA0143617B43EA013312
S21400D708A17B43EA811313619169D4E904031B06DC
S21400D71843EA806301F000410B43A17EE07E0B43A1
S21400D728217E43EA0143617E43EA01239361E1696E
S21400D738136A002923F00D0343EA010314BF0121ED
S21400D748002143EA800343EAC103136294F82030B9
S21400D75894F82200916A4FEA431332D194F8216074
S21400D76821F0330143EA06130B4343F001039362A7
S21400D7781B49194B9A6D31EA0202FBD1022217495E
S21400D7888A621A659A6D5200FCD41A69A16822F456
S21400D798700242EA01521A614FF000420F4B9A613A
S21400D7A818B9022203F580539A6215B901220D4B67
S21400D7B89A6294F824301BB1074B0B4AC3F88020B2
S21400D7C870BD21F0330129430B4343EA40039362BB
S21400D7D8EFE700BF0090005000C0005000D0005097
S21400D7E80300014000E00050F1A7FFFF014B93F94A
S21400D7F8000070479E640020014B1880704700BFE9
S21400D80836750020B0F5207F10B50C4642D008D8F3
S21400D818B0F5007F33D003D888B1B0F5C07F0ED0FE
S21400D82810BDB0F5607FFBD11F4A4C1ED2F8803081
S21400D83823F0300343EA0413C2F88030F0E72BF0F5
S21400D84815FB2BF021FB4FF48031184B164A19674D
S21400D858136F013C23F4704343EA0433136733F031
S21400D8688DF80446FFF76EFBC0F1020120462BF048
S21400D87805FB00F035F8BDE81040FFF761BE0A4A20
S21400D8884C1ED2F8903023F0F85343EA0463C2F8EB
S21400D8989030C5E7044A4C1E136F23F4806343EAAE
S21400D8A884231367BCE700BF008000500090005038
S21400D8B808B50121022000F0E1F84FF42070FFF7C8
S21400D8C8A1FC054B18702BF0D1FA2BF0DDFA4FF4BB
S21400D8D88032024B1A6708BD9D64002000900050F5
S21400D8E808B54FF4C070FFF7F7FCBDE808400449D8
S21400D8F8884294BF012102214FF42070FFF782BFAF
S21400D90880F0FA0238B5044633F038F80546FFF7D3
S21400D91819FBC0F1020128462BF0B0FA01210020BD
S21400D92800F0ECF82CB1FFF7DBFFBDE83840FFF756
S21400D93807BE034B4FF420701978FFF763FFF4E730
S21400D9489D64002010B5224B70B94FF40031214A6F
S21400D9581860516602F598325268012A03D11E4AA9
S21400D968D2F800211A6010BD1B68002BFBD01B4A9A
S21400D9785268012AF7D0184A8020C2F80031FFF70B
S21400D988EFFD05281FD14FF4C070FFF73BFC0128B8
S21400D998044604D102214FF4C070FFF733FF072274
S21400D9A80F4B1A610122A3F580535A600B4A13697C
S21400D9B8DB07FCD5012CD6D12146BDE810404FF434
S21400D9C8C070FFF71FBF0122064B5A60CBE700BFA7
S21400D9D800420020009000500080005000C0015017
S21400D9E800E0015000D00150044A4178536F23F4F8
S21400D9F8407343EA01235367704700BF0040005056
S21400DA0810B5044610B10020FFF79CFF124A1369B0
S21400DA1843F00403136133F027FB2BF03AFA0F4B5D
S21400DA285B6E5B0142BF0E4B0E4AC3F8202434F0EF
S21400DA38F2FE35F0A1F934F0E9FE2BF02BFA02F0ED
S21400DA48FFF81CB9BDE8104032F098BF0120BDE8C9
S21400DA581040FFF777BF00BF00ED00E000800050E1
S21400DA6800E003500000FF0F034A0179D36E23F04D
S21400DA7830030B43D366704700400050F8B50446A1
S21400DA881C4BD3F88420D106FBD4D3F88430C3F3D8
S21400DA9881139C422CD032F057FF012C064602D147
S21400DAA821462BF0EBF934F0B6FE4FF00072124B1D
S21400DAB807465A6620462BF0F4F94FF480630D4D5E
S21400DAC8621E93402B676B6E9A0103D4D5F8843098
S21400DAD89B060AD5384634F099FE022C08D1304603
S21400DAE8BDE8F84000212BF0C9B9D5F88430EAE73C
S21400DAF8F8BD00BF004000500060005010B50C464E
S21400DB0808B932F021FF074B21461B783BB1064B7C
S21400DB18984204D80120BDE81040FFF7AFBF0220A6
S21400DB28F9E700BF9F640020005A62020278034BA0
S21400DB38012100201A70FFF7E1BF00BF9F64002094
S21400DB484FF0004238B5264B26495A6601224A60ED
S21400DB584AF6CD3103F50B235D6C1964154030BBCE
S21400DB689968C9070BD4002401221F4B5A6015B1C7
S21400DB781E4B1F4A1A642FF0E0FC204638BD1A498F
S21400DB888A601C4AD96ACC0705D4904201D107247A
S21400DB98EAE70130F6E79042E5D1F8E70132DC6AB9
S21400DBA814F0080406D08A42F8D10724DFE70022DA
S21400DBB81049F4E78A42F8D020220B4B0B495A62E8
S21400DBC80122A3F580539A6023460A4A486A8006CB
S21400DBD803D49342E9D00133F8E79342C7D1E4E788
S21400DBE8009000500050095000600950004009504D
S21400DBF83254FFFF40420F004FF0004238B5174B33
S21400DC08174C5A66012203F50C235A604AF6CD33A0
S21400DC18656C2364437893401343124AD363C378EE
S21400DC288178A2689B0043EA011322F0740213432A
S21400DC38A3600279837943EA022323614279C37990
S21400DC4843EA022363610078FFF77AFFEB0744BFD5
S21400DC58054B23642FF071FC012038BD009000505E
S21400DC6800400950004000503254FFFFF8B5044603
S21400DC780D461F4616464AB101238B403021184AE6
S21400DC8801FB0022F7B141F21001535004EB4403A4
S21400DC98072D4FF00F014FEA031316D8A80006FA0F
S21400DCA800F281400F4818442BF0FCF84EB90123C7
S21400DCB830210B4AAB4001FB042277B141F2100138
S21400DCC85350F8BD42F21001DFE7A5F108008000C6
S21400DCD806FA00F281400448E5E742F21001EFE751
S21400DCE800C0035004C003500CC003500121024674
S21400DCF800F5805310B55960244B2549C360536915
S21400DD080B40FCD19361C2F89830536913F4401F56
S21400DD18FBD15369D9052DD4936F5BBB53699B051B
S21400DD282AD4D2F8881039BB1046D36FD2F88C3074
S21400DD382BF0C7F8302391601161D1621162136726
S21400DD48C2F88030134B9A4208D142F26000124B58
S21400DD589064136551659065136651660D4B9A423B
S21400DD6802D1002010290AD10C4B02F5005253624A
S21400DD78936210BD536FCCE7D2F88430CEE701F13A
S21400DD88280443F824000131ECE700BF1200020023
S21400DD98520001000040005A00C002808F330F80F6
S21400DDA8084608B569B92A20FFF796FAB0B10C4BB1
S21400DDB8984206D90B4B9B68C3F302730133B0FB3A
S21400DDC8F3F0094B00F5742000F23F20B0FBF3F0A7
S21400DDD801387F2828BF7F20C0B208BD0120F0E7A1
S21400DDE8005A62020040005A40420F000B4B10B522
S21400DDF8994228BF19460C461AB92A20FFF76CFA2A
S21400DE080246631E1344B3FBF4F0A34228BF00F196
S21400DE18FF30032828BF0320C0B210BD005A620294
S21400DE2810B51048104C002B08BF04468C4228BF7B
S21400DE380C461AB92A20FFF74FFA02469DF8083012
S21400DE4840F2FF300133B2FBF3F2631E1A44B2FB12
S21400DE58F4F3A24228BF03F1FF33984228BF1846BE
S21400DE6810BD00BF80969800404B4C002DE9F04F3F
S21400DE782DED048BB64E0C4687B01546314600226B
S21400DE880746FFF7B3FF94F80580804538BF8046FD
S21400DE9838462BF016F820795FFA88F850B92A2009
S21400DEA8FFF71AFAB042014628BFB0FBF8F1384629
S21400DEB8FFF776FF4FF00009E37822781B015242FD
S21400DEC802F0020203F03003134362780004524261
S21400DED802F004021343A27800F4FE00524202F055
S21400DEE8080213434FEA087202F0E042134318434D
S21400DEF8E3882289B8603B616389DFF860A243EA59
S21400DF0802433B62574502D1B9F1020F08D10123FB
S21400DF1807F580577B6007B0BDEC048BBDE8F08F33
S21400DF2800222E788B488C49AC68964218BF01466A
S21400DF3833468A48CDF80080FFF772FF07EB0911D1
S21400DF488B6CA2B223F0435323F41D1323F44053DF
S21400DF5823F01F0306F003041C436B7882424FEA43
S21400DF68830303F01C0344EA0304AB7838BF024675
S21400DF781B03E87803F4E0432343040404F4E02492
S21400DF8823432C7C4FEA091C640504F460042343ED
S21400DF982C7909F1050B240704F0405423438B64BD
S21400DFA88C6C6F49C4F30234013C042C26D8DFE895
S21400DFB804F0252503101A00D1F88041240C2EB34E
S21400DFC8C2F309020AEB0B135A6009F1010914356A
S21400DFD898E7D1F88441002EF2D1D1F88C11A4B27A
S21400DFE80914490015E0D1F88441002EE8D1D1F88B
S21400DFF88C11240C091401EB41010AE0D1F8804188
S21400E008A4B2002EDCD1DFED577A06E0D1F88C11E9
S21400E018091407EE901AF8EEE77A01210CF1B44CD1
S21400E0280CF5804C2304DCF8483024F4C046C3F3CF
S21400E038820C0CF1010C01FA0CF107EE101A4FEAEB
S21400E048864648BF46F0004613F01C0FB8EEC79A3F
S21400E058F6EE008A424B4CD1D3F88C110BB208EE80
S21400E068103AB8EEC88A38EE278A002858D105A88C
S21400E078039200F013F9DFED3C7A28EE278A039A1C
S21400E0889FED3A7AC7EE097A9FED397A67EE877A76
S21400E098B1EE007AB6F1004F48EE077A0BD09FED46
S21400E0A8357A06EE104A77EE876ABAEEE86AF0EE38
S21400E0B8477A56EE267AF5EEC07AF1EE10FACBBF1E
S21400E0C8F1EE677A78EEE78A77EEE87AFDEEE87A98
S21400E0D8C8BFFDEEE77A17EE901AB1F5003F2EDBC3
S21400E0E86FEA56466FEA46461C484FEA0B114650FA
S21400E0F866E7D3F8901169EE286A09B207EE101A97
S21400E108B8EEC77AD3F8881177EE677A0BB208EEBE
S21400E118103A87EEA67AB8EEC88A38EE078AA4E7D9
S21400E128D5ED037ADFED146AF8EE677A87EEA67AFD
S21400E138F7EE046AC6EE877A27EE888AA0E711F516
S21400E148003FAABFC1F3110146F400360E43CBE7E1
S21400E158005A6202404B4C00809698000040005AD5
S21400E1680080E00F000000003D3B843F0000804335
S21400E178000020440000004900007A444FF40032B2
S21400E188054B9A6641F6713203F51C33DA630122B1
S21400E19803F50053DA6070470090005041F671327C
S21400E1A80121064BDA6303F50052D1600022DA63D8
S21400E1B84FF40032A3F518339A66704700000350F0
S21400E1C8044B1868421C02BF034AD2F89400186031
S21400E1D8704700BF0070002000400050CB784A7897
S21400E1E810B55B010C7843EA82030A79234343EAB5
S21400E1F802130C22424302F1B0421363012C02BF01
S21400E2088A78024B43F8202010BD00BFE8800350F0
S21400E21808B54FF0B0435A6802B960B15B680BB1F5
S21400E2282AF0CCFE4FF0B04130B10120074B5860C1
S21400E2382AF0C4FEC86008BD2AF0C0FE0223CB60E0
S21400E2482AF0BCFE0122024B5A60F4E70010005880
S21400E258002000584FF0B0414B6810B50BB12AF0BB
S21400E268ADFE01220B4BC4785A608378934043EA8C
S21400E278840344782343047943EA0413447943EA3D
S21400E288C4038B60044B5A600378C3F10203CB6067
S21400E29810BD00BF00200058001000584FF4803210
S21400E2A8064B5A6603F5E6235B69C3F3851282704C
S21400E2B803F03F021B0B427003707047009000503B
S21400E2C8024B1868C0F30740704700BF0080E00F95
S21400E2D80120034B9B680A3303F01F0398407047DE
S21400E2E80080E00F034BD3F82424D3F82004104012
S21400E2F8704700BF00C003502DE9F8431E4B054683
S21400E308D3F810334B1E0E2B0E46174690F8009087
S21400E31844781DD909B34FF000082846D7B134F021
S21400E32895FA09EB4903072C4FF00F014FEA031340
S21400E33815D8A400114808FA04F2A14018442AF097
S21400E34845FEBEB928468FB1BDE8F84334F07EBA1C
S21400E3588846E2E72AF049FEE3E78846E1E7083C14
S21400E368A400074808FA04F2A140E7E7BDE8F84326
S21400E3782AF03BBEBDE8F88300C0035004C0035033
S21400E3880CC003502DE9F0412B4B1746D3F8102349
S21400E3984A1C06460C46407804D1D3F824142AF0C2
S21400E3A832FE0446002C2FDB072C4FF0030532788C
S21400E3B82DDC4FEA840805FA08F529461F4802FAB4
S21400E3C808F22AF003FE294672781D4802F0030276
S21400E3D802FA08F22AF0FAFD012317F0050F194A87
S21400E3E818BF194903FA04F30CBFC2F81034C1F871
S21400E3F8103417F0060F18BF134AC2F81434012356
S21400E408104AA340C2F820342046BDE8F081A4F1A3
S21400E41808084FEA880805FA08F529460B4802FA5C
S21400E42808F22AF0D3FD7278294602F0030208485B
S21400E43802FA08F2CEE700BF00C0035000C403503B
S21400E44808C4035000E0035000D0035004C403502F
S21400E4580CC4035070B504462FF0B4F8064630B91D
S21400E4680FCC044D0FC594E8030085E8030030463A
S21400E47870BD00BF0442002047F6FF739A42F0B50D
S21400E48869D0022969D8364B5B5C012B65D8354DB7
S21400E498DE0005EBC30415F83330A178012B13D141
S21400E4A80025E078401AA84202D80844C0B2F0BD59
S21400E4B8431B6668A0EB530336F913609642D4BF35
S21400E4C81D4603F1FF30EEE760680028EFD0B0F98C
S21400E4D80040944204DBB0F902409442B8BF1446A8
S21400E4E883883544FF2B19BFC8232827B0F9063080
S21400E4F8B0F90870A3EB04030CBF0122002293FBBB
S21400E508F7F36E7813441BB29E4201DD002B01DA46
S21400E518731E1BB24FF47A7C00EBC305EA88AD681D
S21400E5285F1C14FB02521D4622EAE2723BB25C32C2
S21400E5389E42B2FBFCF204DD00EBC307BF8897429D
S21400E548EAD200EBC5039888904228BF1046884256
S21400E55838BF0846AAE7FF20A9E70020A7E700BFBC
S21400E56800CB0400044200200229F0B555D82C4BF5
S21400E578585C012851D82B4C04EBC00114F8300025
S21400E5884B6801280FD1C8788C78904294BFC4EBAA
S21400E5980001C4EB0201001BCAB28242C8BF0022B7
S21400E5A833F91200F0BD002B37D08878904202D39A
S21400E5B8B3F90200F6E7CC78B3F900009442F1D933
S21400E5C84C789988013CA1F1FF06714203F10405D5
S21400E5D8E4B2714103F10C07CEB2B44216D805EB8B
S21400E5E8C1014FF47A756A43B1F902404968521A74
S21400E5F804EBD47102EB610292FBF4F29042D1DB99
S21400E608B3F902009042CDDC10B2CBE737F831C040
S21400E6184E1C9445E3D33146DEE70348C2E700BF05
S21400E62800CB0400044200200080FFFF08B5044821
S21400E638FFF710FFBDE8084001202EF0C9BF00BF55
S21400E64804CB04007FB51422002101A810F0CEF8F0
S21400E658044B01A94FF0FF3002932EF0FFFF07B0DE
S21400E6685DF804FB006A18004FF40052034B0020C4
S21400E6789A660322C3F86022704700BF00900050D5
S21400E6884FF40052034B00209A660322C3F8602218
S21400E698704700BF00A000502DE9F04F894691B0A2
S21400E6A80DF1300B8246DDE91C6417460021102266
S21400E6B8584698461E9D10F099F81F9BB9F1000F12
S21400E6C804D16FF0860011B0BDE8F08F002FF8D0A7
S21400E6D80EB9002CF5D11A9A12B91B9A002AF0D155
S21400E6E80DB9002BEDD1209A002AEAD0424A90456F
S21400E6F802D0424A90457CD1BAF80020B2F5105FA5
S21400E70877D1BAF80220B7EBD20FDAD322F040015D
S21400E718802902D0B2F5807FD3D11CB9209B002077
S21400E7281C60D0E7AE421FD2321995421CD29C42DA
S21400E738C7D831462246284610F0AAF82F4B2E4650
S21400E748984526D014F00F03BBD1CDE90097CDE944
S21400E7580236CDE90443CDE906540893FFF784FF53
S21400E76850B16FF09200AEE7244A90450FD09C4215
S21400E778E8D96FF08900A6E7684606AA03A90EF04E
S21400E7885BFB0546FFF77CFF0543C7D0E9E79C42DD
S21400E798EFD81B9B0D2B94D101238DF830301A9B94
S21400E7A80DF1310203F10C0153F8040B8B4242F8C9
S21400E7B8040BF9D11B781370012310228DF83F3013
S21400E7C80023CDE90097CDE90A23CDE90236CDE945
S21400E7D80443CDE90654CDF824B00893FFF744FF68
S21400E7E80028BED1684609AB06AA03A90EF04CFB62
S21400E7F8C7E76FF0850066E7004440040013C004CE
S21400E8082DE9F04F91B09046DDE91A45DDE91C6B1D
S21400E8181F468946DDF878A021B96FF0860011B04A
S21400E828BDE8F08F002AF8D00CB9002DF5D116B93E
S21400E838BBF1000FF1D1BAF1000FEED0484B9F4262
S21400E84803D0484B9F4240F087800388B3F5105F9B
S21400E85840F082804388B8EBD30FDED323F0400223
S21400E868802A02D0B3F5807FD7D125B90023CAF80D
S21400E87800300020D3E7102D05D1394B9F42F5D143
S21400E888B44202D343E0B4423ED263199E423BD21E
S21400E8985D45C2D821462A4630460FF0F9FF304B70
S21400E8A834469F4238D00D3D5D4532D801238DF859
S21400E8B8303023460DF1310204F10C0153F8040BF5
S21400E8C88B4242F8040BF9D11B780D3413704FF4C1
S21400E8D88073ADF83E300CAB102209930023CDE9C7
S21400E8E80098CDE90A23CDE90345CDE90536CDE9FB
S21400E8F807530293FFF7B8FEF0B9684609AB06AAB5
S21400E90803A90EF0D5FA1FE0164B9F42CBD05D4503
S21400E91802D96FF0890082E715F00F037FF47DAF08
S21400E928CDE90098CDE90234CDE90453CDE9066572
S21400E9380893FFF799FE10B16FF092006FE76846EC
S21400E94806AA03A90EF08CFA0446FFF799FE0443BC
S21400E958F2D1CAF800508CE76FF085005FE700BF79
S21400E968004440040013C00410B54FF42F72002171
S21400E97804460FF03BFF8023C4F88C30054B04F1A7
S21400E9889C00C4F88430012384F88830BDE8104021
S21400E99829F02CBDD635040010B5D0F8A0400A469C
S21400E9A88CB92AF030FD044610B90024204610BD64
S21400E9B82D2896BF064B074953F82010064A0748E5
S21400E9C82AF067FEF2E7D0F8A4101046A047ECE756
S21400E9D888CB0400D9350400A032040009370400A7
S21400E9E8F8B590F88060044616B100263046F8BDA3
S21400E9F82AF03CFB0028F8D1012384F8803094F8EC
S21400EA08883033B1D4F884101F4884F888602AF018
S21400EA1840FE4FF0FF37D4F8B402421C1FD0C4F8AB
S21400EA28B47210F0FF052CD020462AF01CFB2946AD
S21400EA38204600F0A7FB0028EDD020462AF021FB50
S21400EA4894F888303BB1D4F884100F482AF021FE99
S21400EA58002384F88830002384F88030C6E72AF03C
S21400EA68FDFD431CDDD1D4F88C30D4F89420013B4E
S21400EA789A4204DB054A064906482AF00AFE012699
S21400EA88E9E70126C7E700BFA4480400A03204004F
S21400EA98E735040009370400F8B50B780446302B30
S21400EAA80D46164604D14B7803F0DF03582B11D0D9
S21400EAB8284F6A1E12F8011F002934D128460A2258
S21400EAC80FF084FD202C03460D4631D1B1FA81F0B3
S21400EAD840091AE04A1C1F4912F8013F8BB928461C
S21400EAE80FF080FD1C4B02382340032B12D1013453
S21400EAF8A41084420AD1A87837288CBF00200120A9
S21400EB0803E0CB5C13F04400E6D1F8BDCCBF01208F
S21400EB180020FAE7002CB8BF0334B0EBA40FD4BF2C
S21400EB2801200020F1E77B5C13F00400C2D1ECE77B
S21400EB3826B1084302D0013B61F100050122A2403C
S21400EB48013A1A40002D08BF9A420CBF0120002047
S21400EB58DBE700BF91F1040003000080F0B50378FE
S21400EB6801467B2B17D10646022400220B4F16F8C7
S21400EB78015F7D2D05D10B5D6BB9D24302F0010014
S21400EB8808E07B5D13F0440002D001320134EEE762
S21400EB98202DFBD0F0BD0020FCE700BF91F104005B
S21400EBA870B506460D460FF01DFD044630462AF0A1
S21400EBB870FD044EAC4200D370BD30462AF069FDA5
S21400EBC80134F7E77C3F04002DE9F84F044602219C
S21400EBD85148FFF7E5FF1E212068FFF7E1FF63684D
S21400EBE858682AF056FD4D482AF053FD67683B7B67
S21400EBF8FD2B12D8D7F808804FF0FF3640460FF0A6
S21400EC08F1FC0546DFF81091DFF870A1DFF84CB18B
S21400EC180C3717F8013BFF2B01D1BDE8F88F212BE5
S21400EC2818D8212B36D8DFE803F0377274111B1D6D
S21400EC381F213535353535353535232527292B2DEF
S21400EC482F3135353535353535353D33344C002D92
S21400EC582BD12EE0334C344AFE2B08BF1446F6E779
S21400EC68324CF4E7324CF2E7324CF0E7324CEEE73F
S21400EC78324CECE7324CEAE7324CE8E7324CE6E74F
S21400EC88324CE4E7324CE2E7324CE0E7324CDEE75F
S21400EC98324CDCE7234CDAE7314CD8E72AF0EDFCB7
S21400ECA801362AE0002DB4D02E4C202B06F10106A2
S21400ECB8AFD002214846FFF773FF1E214846FFF7EC
S21400ECC86FFF50462AF0E5FC594620460FF0E4FF51
S21400ECD82549002818BF214624482AF0DAFC3B7844
S21400ECE8202B02D12B202AF0C8FC21482AF0D1FC80
S21400ECF84DB118F806301F2B05D018F806001F2847
S21400ED0801D0AE42CADB05482AF0C3FC81E7194C9D
S21400ED189DE7194C9BE700BF1C810400A032040045
S21400ED2891360400A336040088500400EE3604002A
S21400ED38F5360400E6360400E2360400D936040048
S21400ED48CF360400C5360400DA360400D036040090
S21400ED58C6360400BB360400B4360400AB360400DE
S21400ED689036040096360400A1360400A448040031
S21400ED781A3A0400ED360400F43604007051040014
S21400ED882DE9F04F9BB005468B460024009203936E
S21400ED980FF028FC249F039B04901C6028463C60C8
S21400EDA80AAA09A92AF097FC064658B90A980FF045
S21400EDB819FC3446B046039B1860D5F89C3002937D
S21400EDC8029B1BB920461BB0BDE8F08F029BD3F808
S21400EDD80890B9F1000F6CD02E4416F8013B202B92
S21400EDE811D000260C23734309EB030A59F80330A5
S21400EDF80193002B58D0099B434555DB9AF8082009
S21400EE082AB1721C39E03B6801333B60E5E7396894
S21400EE18D5F894200793039B521A1A601AAB03EB93
S21400EE28880151F8403C0199184605930FF0F4FE06
S21400EE3806900028E5D101980FF0D4FBDDE90623FB
S21400EE480146DAF80400D7F800A090F80CC0BCF128
S21400EE58FE0F16D103F1FF3EC64512D0D0F800903B
S21400EE68059801920FF0BEFB0AF1010A019A504478
S21400EE782B5C23B1386008F101081646B2E701306A
S21400EE88F6E7D5F894200591A2EB0A028A4220DC20
S21400EE9858460FF0A7FB059901447B290DD958461B
S21400EEA81F4A009929F0C9FA2B46049A2A44934225
S21400EEB82CD1029B1B68029382E7DDE900125846B4
S21400EEC829F0BBFA5846174A0099013429F0B5FAD2
S21400EED897E7BCF1FE0F94D1013B434591D1D0F89A
S21400EEE800A0DFF840905AF80C2B22B9049B3B6030
S21400EEF8039B1A60D8E75846009929F09EFA4A46B6
S21400EF085846009929F099FA0134ECE713F8011BE2
S21400EF180029CCD14FF0200103F8011CC7E700BF39
S21400EF28FB3604007C3F04002DE9F047002486B039
S21400EF381C60DDE90EA8064689468AF80040116876
S21400EF48154888F8004017461D468DF81740FCF708
S21400EF5867F818B901242B6801332B600020D6F80F
S21400EF689C6036B914B1012388F8003006B0BDE8B5
S21400EF78F087B06868B14B460021CDE902A8CDE914
S21400EF8800750DF117022AF0DDF99DF81730002BF1
S21400EF98E8D13668E5E700BF003704002DE9F047FA
S21400EFA80446ADF5447D8022002104A802AF0FF088
S21400EFB81DFC80222046009703AB04A9FFF7E0FE5D
S21400EFC801283DD104A80FF00DFB03993B68461AAB
S21400EFD80B4426EAE6762344054604A8324601444E
S21400EFE818460FF093FD00228255D4F89060039BD4
S21400EFF83968D4F890201944B14212DCD4F8941039
S21400F008E81A0244C4F89020014404AAC4F89410EC
S21400F018D41825182B1B002B0DDC0DF5447DBDE8F8
S21400F028F087A05C2AF029FBD4F89030013601332B
S21400F038C4F89030DBE714F8010B2AF01EFBE9E76A
S21400F048EBDD24AD8022002128460DF5887A0FF0E6
S21400F058CDFB0DF110094FF40072002150460FF059
S21400F068C5FB4FF001084A46002312F8016BA6B903
S21400F07804A84AF828300FF0B5FA294633469845CA
S21400F0881CDB19F8016B0DF5887C5CF8042B8242B2
S21400F0980CD101F8016B0133F1E7202E03F10103CF
S21400F0A804BF4AF8283008F10108DEE70DF1100E13
S21400F0B87244D25CB242E8D00022EA54D4F8906097
S21400F0C8039BB3422FDC23462C4A04A92C482AF07B
S21400F0D8E0FA28460FF086FA0646039B3F68F61ABB
S21400F0E81F4426EAE672E01917441D44E11904F1A4
S21400F0F8900399423CD904F19803984238D26A1E84
S21400F10881190B1A002B27DD12F8013F00F8013B86
S21400F118D4F890300133C4F89030D4F894300133E2
S21400F128C4F89430EDE7D4F890300136E05C2AF065
S21400F138A4FAD4F890300133C4F89030C0E7D4F875
S21400F1489020013B0132C4F89020D4F89420013274
S21400F158C4F89420002BF2DC00232E44E355731BDE
S21400F168002B7FF75AAF15F8010B2AF086FAF6E758
S21400F17829460FF0CBFC3346ECE700BFD635040033
S21400F188053704002DE9F843D0E9245604460F460F
S21400F198002294F89830012B07D10A2F07D10023B4
S21400F1A884F898300020BDE8F88300F29F801B2F73
S21400F1B801D10223F4E70D2F0DD1012384F89830EE
S21400F1C80D202AF05AFA0A202AF057FA00230120BE
S21400F1D8C4E92433E7E74FF00008082F84F898803E
S21400F1E834D1454530DDB5420FD138462AF045FAC8
S21400F1F820202AF042FA013D38462AF03EFA013E1F
S21400F20804F80580C4E92456CCE7FBDA05F1FF3993
S21400F21838462AF032FA04EB0903A6EB090261190C
S21400F22818460FF035FB04F806800146013E4848AC
S21400F2382AF02FFA35464D4501DC4D46E2E7082010
S21400F2482AF01BFA013DF6E7ACD0DBE77F2F1CD18E
S21400F258002EA7DDB542A5DA6319691C21441846B5
S21400F268721B0FF015FB04F80680014639482AF091
S21400F27810FA0820013E2AF000FAB542F9D1D4F86F
S21400F2889430013BC4F894308CE70A2F98D0092FA5
S21400F29803D12046FFF782FE84E7D4F88C30013B82
S21400F2A8B3427FF77FAFB54204EB050805F10109C5
S21400F2B80CDB384688F80070D4F89430C4F8909080
S21400F2C80133C4F894302AF0D8F96BE74146721B2C
S21400F2D804EB09000FF0DCFA40462AF0DAF90820B9
S21400F2E8013E2AF0CAF9B542F9DDE2E7022B06D15B
S21400F2F85B2F01D1032353E784F8982049E7032BB3
S21400F3087FF450AF413F84F89820032F3FF64AAF6A
S21400F318DFE807F002070A16012120462AF05EF900
S21400F32840E74FF0FF31F8E7B542BFF63BAF605D08
S21400F3382AF0A3F9D4F890300133C4F8903031E7B6
S21400F348002D7FF72FAF013D0820C4F89050BAE78C
S21400F3580E370400083B040007B56B46054A1068DC
S21400F368516803C36846FEF747FC002003B05DF803
S21400F37804FB00BF40CC040030B58BB06C46174D7C
S21400F3880FCD0FC40FCD0FC495E8030084E8030023
S21400F398134BD3F84C2112031CD5A3F5FE431C8847
S21400F3A84FF6FF739C4208BF8C248DF81940FEF771
S21400F3B81DFA204480F308008DF818000948FBF76A
S21400F3C8C7FE6846FEF772F93220FEF715FA0020E7
S21400F3D80BB030BDD3F85041E4B2E6E748CC0400A1
S21400F3E80080E00F00F049020028ACBF00F1604042
S21400F3F8064B4FEA0111C9B2ABBF00F5614000F0F9
S21400F4080F0080F800131954704700BF14ED00E091
S21400F41808B533F00DFA0B4B1A7872B901221A7038
S21400F42833F001FA6FF0040210460132052152B299
S21400F438FFF7DAFF402AF7D108BDBDE8084033F0E9
S21400F448F2B900BFA0640020002807DB01234109A9
S21400F458034A00F01F00834042F82130704700BF7F
S21400F46800E100E0054B421153F8223000F01F007F
S21400F47823FA00F0C04300F00100704700E100E006
S21400F488002808DB01224309034900F01F008240D8
S21400F498603341F82320704700E100E010B50446C9
S21400F4A833F0B9F9024B1C6033F0B0F9002010BDF8
S21400F4B82442002010B533F0AEF9034B1C6833F035
S21400F4C8A5F9204610BD00BF2442002038B50C46DA
S21400F4D81546014610B9FFF7EDFF01462B462246B2
S21400F4E803480EF087F80028D4BF3720002038BD20
S21400F4F83598030008B500F017FC18B16A210248D1
S21400F50833F01DFA002008BD1337040008B500F0D4
S21400F51849F80C4A536A43F470235362EFF308839E
S21400F5284FF0CD31084A043B934208D200F070FAF7
S21400F538FFF7E0FFBDE808400448FEF78BBF43F836
S21400F5480419F1E700ED00E00800002004CB0400F1
S21400F55807B5042200200DEB02012DF0F7FF042862
S21400F56803D0D721044833F0EAF9019800F0DCF913
S21400F57803B05DF804FB00BF13370400082310B57A
S21400F5880C0A41400648C9B241F30002013B02405A
S21400F59813F0FF0382EA5101F6D184EA010010BD98
S21400F5A82083B8ED38B5FEF70BFE044629F000FDBB
S21400F5B8E3072AD401221046114600FA01F3234035
S21400F5C802F1010223D01D4B33F811301C48062BDC
S21400F5D8028844881B4920D14FF20F039C4219D158
S21400F5E8B2F5406F28BF4FF4C0624CF23C330A8035
S21400F5F8438040F201730A889A4201BF124B134AAD
S21400F608D2E90001C3E9000115E00021DBE7102A72
S21400F618D2D1DBE74FF4C062E7E740F20725AB42FA
S21400F6280AD14FF20F05AC4206D19A4204D14CF2E9
S21400F6383C320B80428038BD0B80DAE70CCE0400E3
S21400F648E06B0020F25C002028420020D86B0020E7
S21400F658014B1888704700BFF25C0020014B1888E1
S21400F668000A7047F25C0020044B05481B881A0AFB
S21400F678B3F5406F38BF00EB82007047F25C00209D
S21400F688DCCD0400044B1888044B020A53F82230D9
S21400F698C0B203EB80007047F25C0020ACCD0400DB
S21400F6A810B5044633F0BBF84FF20F02044B1C802B
S21400F6B85A80BFF35F8FBDE810402AF081B800BFBC
S21400F6C8E06B00206D4A2DE9F0416D4B55686D4C96
S21400F6D85D65516A99656C49D1F80002D865D1F81C
S21400F6E80412586B1966916A10F0040F5966D16AAD
S21400F6F84FF000009966116BD966516B1967D26B8B
S21400F708D8645A67D3E90E1218BF11465F4A914269
S21400F7181A655DD301F12000A04259D88869C5F35F
S21400F72808051864CE69062D5E6455D1584DA84262
S21400F73852D3584DA8424FD205884DF642608542AE
S21400F7484AD11868C3F890005868C3F8940040F285
S21400F7580170A242154604D22E680432B6F1CD3F97
S21400F768F7D00022C3E91E22C3E92022C3E92222D9
S21400F778641BDFF81CC1434DDFF818E19C648D421A
S21400F7882DD8D3E91EC7D3E92065D3E922414FF027
S21400F798000E013AD2B2FF2A3CD1BEF1000F05D0C6
S21400F7A8C3E91EC7C3E92065C3E92241B3F854304C
S21400F7B8C3F308030C2B3BD8022B54D9DA1E092AAC
S21400F7C851D8DFE802F03157404350505050504D62
S21400F7D80021C3E910112D494FF42060B9E755F808
S21400F7E8044D6445CBD37445C9D2E607C7D5002671
S21400F7F8294F57F8048FA045C1D00136062EF8D1F8
S21400F80832B1013AD2B202F11E0643F82640B6E7F4
S21400F8180522F8E7E0464FF0010EBC4637462E466E
S21400F82825460C464146B4E740F60120BDE8F0817F
S21400F8383B2B18D1194B9B6913F0020F40F2025369
S21400F84818BF1846F2E740F60320EFE740F6042212
S21400F85840F20173B0F5206F0CBF10461846E5E776
S21400F86840F60520E2E740F60722013B4E2B98BFFC
S21400F8781046DBE740F60220D8E700BF00ED00E0C0
S21400F888486B00200810002000E100E00800002077
S21400F89818630000602D0400BC6B00200080015A2D
S21400F8A800F00CB800F00AB800F008B800F006B887
S21400F8B800F004B800F002B800F000B872B61EF007
S21400F8C8080F09D01EF0040F0DD0DFF850E0AEE8A0
S21400F8D8FF1F6FF002000CE0DFF840E0AEE8FF1F05
S21400F8E86FF00E0005E0DFF834E0AEE8FF1F6FF0BB
S21400F8F806006946EFF309828EE807008646084840
S21400F908084C854501D3A54501D384F30888FFF73D
S21400F918D9FE84F30888FFF7C3FE0000486B002072
S21400F92848000020081000204BF6EF6283B2002B38
S21400F93808BF1346044A000C13804FF6CE2308BFB0
S21400F9481846024B188070473A7500203875002014
S21400F9580B4BB3F900201888002AB8BF80F0620065
S21400F96842001A80074AB2F9001013880029BCBF63
S21400F97883F4805383F00B03590011805840704776
S21400F9883A7500203875002007B5684600F01AF862
S21400F998DDE900010022034B03B05DF804EB2AF012
S21400F9A80BBA00BF3042002007B5009313460A463C
S21400F9B80146034829F0B4FF03B05DF804FB00BF16
S21400F9C8304200200249034A0160521A42607047DA
S21400F9D81076002000800020004870473042002043
S21400F9E838B54160044632F016FF054621460448FD
S21400F9F828F0FFFC2846BDE8384032F007BF00BFB5
S21400FA0858420020014828F0F1BC00BF58420020A8
S21400FA180222014B1A6770470040005070B532F05A
S21400FA28FAFE174E0546174832F023FF3378CBB94F
S21400FA3800F07AF9044620B1284632F0E7FE204660
S21400FA4870BDFFF7DFFF32F0EDFF0F4B1C6031F0A3
S21400FA588DFC0E4B0E4A1860536F43F00103536734
S21400FA682AF0C6F900F074F82AF0D9F9094B0024F0
S21400FA78186001232846337032F0C8FEDFE700BF5F
S21400FA88AD64002078CC04005C420020844200204C
S21400FA98004000506042002038B5044632F0BBFEF5
S21400FAA80F4D02462B78FF2B04D1B4B1BDE8384081
S21400FAB832F0ACBE1BB9002CF8D0012103E0002CB4
S21400FAC814BF0121FF210B44DBB22B70B3FA83F37A
S21400FAD804495B0910460B70E8E71946F3E700BFD0
S21400FAE8AA640020A9640020054B1B685843054BF0
S21400FAF800F5742000F23F20B0FBF3F0704700BF1B
S21400FB088442002040420F0073B50F4E04463378F7
S21400FB18834211D000238DF80430430001A88DF8E5
S21400FB2805300A4DFDF760FF40203CB1FFF7DCFFCB
S21400FB382B68181A2860347002B070BDFFF7D4FF1F
S21400FB482B681844F6E700BF7D750020BC420020ED
S21400FB5873B5002401A88DF80440FDF7E7FF20469A
S21400FB68FFF7D2FF2C4B2D4AD3F8003103F00303DE
S21400FB7813604FF400222A4B5A664FF400325A6636
S21400FB8831F06EF94FF4C870FFF7AEFF254B264AE2
S21400FB981860264913680134E4B20A2C41F8040BAD
S21400FBA8F9D1034400EBC00003441360204B214DF9
S21400FBB81B7813B3184BD3F8003103F00303022B5A
S21400FBC823D0032B24D0012B17D130F0F1FE0246A8
S21400FBD898B1194B194EDC6800231946C4F30B0478
S21400FBE8013404EB84040138E4FB06010EF092FAB3
S21400FBF8FFF77AFF2B6803442B601F20FFF774FF7C
S21400FC082B6803442B6002B070BD30F0D7FEDEE7E9
S21400FC1832F014FEDBE700BF00800050C44200202C
S21400FC2800900050884200208C420020904200201D
S21400FC38B1640020BC42002000C0015040420F00C2
S21400FC480122154B10B55A67144B154C1B7813B385
S21400FC58022032F0D8FEF0B131F00EFCD8B1A36D18
S21400FC68D90302D5E36D9A0715D40D4B9B6DDB07B8
S21400FC7811D401220B4B1A7032F0B9FEBDE81040C1
S21400FC88094B0A4A1860136F23F0070343F003036F
S21400FC98136730F073BE10BD00D00050B264002069
S21400FCA800C00050AF640020B8420020008000501A
S21400FCB80122014B1A707047B264002008B5FFF79E
S21400FCC863FEFEF7FDFA01280ED1144B04205A6E87
S21400FCD84FF480231249520358BF124A4B6601F567
S21400FCE81041086258BF53662AF0A1F8FFF790FB48
S21400FCF8FFF732FBFFF740FB0DF0C6FCFFF78EFE62
S21400FD0800F012F82AF094F8FFF700FC2AF09FF8A3
S21400FD182DF02AFBBDE808402AF08BB8008000507A
S21400FD280090005000A0005070B532F081FD144ECF
S21400FD3805463478FCB9134B1C60134B1C60134BF8
S21400FD481C6000F031F8012031F084FC31F076FCBC
S21400FD580F4B0246186020B9284632F064FD23206F
S21400FD6870BD234640F2E7310A480EF0D3F90A4B35
S21400FD78186001233370284632F055FD0020EFE75F
S21400FD88B5640020D8420020D4420020E04200207B
S21400FD98DC42002018FCFFFFD0420020014B186808
S21400FDA8704700BFD04200201FB50024194B1868C2
S21400FDB89A880290D3F806009B7A00901648ADF809
S21400FDC80C208DF8043032F054FD02A88DF8084057
S21400FDD88DF80C40FEF73EFA694601208DF8004083
S21400FDE8FEF7FCF940F2FF320C4B9A615A614FF06D
S21400FDF8B042936A13F00803FBD113620120FEF7A2
S21400FE0807FA0C20FFF73CFB0C20FFF71DFB04B09D
S21400FE1810BD00BF35CE040070CC0400002000588A
S21400FE2810B532F005FD4FF0B04304465B695A063C
S21400FE38074A03F0010003F0510348BF40F00200F0
S21400FE48536131F02FFB2046BDE8104032F0EBBC82
S21400FE580020005821282DE9F341054604D82C46F1
S21400FE68204602B0BDE8F08100240B4E0B4FDFF8A9
S21400FE7830800023CDF800801A461946386828F0E6
S21400FE8801FE8442EBD2222CE9D056F8043BAB4262
S21400FE98E6D00134EDE700BF54D10400FC6F002023
S21400FEA8FFFF0F002DE9F04F644E654D89B02AF02C
S21400FEB81AF831682868FCF7D5FA0446002827D0CF
S21400FEC833680024D3E900019A69126890473368BA
S21400FED804A89B699B689847336802209B69DB687F
S21400FEE89847326805985368E7B2B3FBF0F3BB420D
S21400FEF8916904F101044ED8CB680020984733680E
S21400FF089B695B68984731682868FCF7ABFA044633
S21400FF180027DFF844A1DFF84481DFF84491F4B9FC
S21400FF28484B2868DB5D002B00F08380D8F800601B
S21400FF3802AB314603AAFCF717FC2D2807D070B988
S21400FF48039B012B0BD031462868FCF761FEDAF8D4
S21400FF58003031461A682868FCF7DAFD044601378F
S21400FF68222F0AF1040A08F1040809F10109D6D17A
S21400FF78B4FA84F3344A5B0913702B681B7C33B1DC
S21400FF8829F07DFF18B1DB21304832F0D8FC204636
S21400FF9809B0BDE8F08F12680B6907FB0020984788
S21400FFA89FE7D8F8003003AA194402AB0191FCF782
S21400FFB8DBFB2D28034601992BD0286813B30BF1D9
S21400FFC8010B5FFA8BF18E422868EAD8204BDB5D7E
S21400FFD8002BC4D0F3B27E2B2868C0D8D8F80030DF
S21400FFE803AA06EB030B594602ABFCF7BDFB2D280C
S21400FFF8B5D059462868FCF70BFE0136044600289B
S214010008E8D0ACE7039B7BB999F80020029B9A429B
S214010018D5D099F80030DAF800202868FCF772FC89
S2140100280028CCD00446D1E70191FCF7F1FD0199EF
S214010038EFE7084BA346DE5DC3E700BFDC6F002091
S214010048FC6F002030D10400B76400209A37040002
S2140100580ED10400CAD0040040CE040054D10400D6
S214010068ECD00400F8B51F46214B04461B780D4614
S214010078164623B100F47E23B3F50E2F2BD0204667
S214010088FFF7E8FE2128044614D81A4B53F8201027
S214010098194B1B78ABB1194B212C18681DD8184B76
S2140100A81B5DD3B13268FCF733FD044650B129F025
S2140100B8E5FE07E0FF2807D93A46314680B229F01F
S2140100C8F1FB00242046F8BD4FF4A9710D4832F023
S2140100D836FC0021DCE70146DAE77F2D08BF00255C
S2140100E83B46324651FA85F1FCF70CFCDDE700BFCA
S2140100F8B664002054D10400B7640020FC6F0020C9
S21401010830D104009A37040008B5520829F0B9FE20
S21401011830B1BDE808404FF49C71024832F00FBC7C
S21401012808BD00BF2B3804002DE9F743C70705466D
S2140101380E46144604D540F2E311494832F0FFFB57
S214010148E10704D54FF4F271454832F0F8FB454B08
S21401015893F80080B8F1000F20D043F260239D4247
S21401016808D12246314640480EF0D0FC002003B0A4
S214010178BDE8F083C5F30B0705F44055B5F5805F78
S21401018814BF4FF40F204FF40E20234632467F212A
S214010198384303B0BDE8F043FFF764BF05F4704386
S2140101A8B3F5805F3FD1C5F30B05304A05F17E658F
S2140101B8631E2B44934230D82F46DFF8A49007EBF2
S2140101C80408474542D1AA070ED04FF6FF7336F802
S2140101D8022BA81E43EA024304220DEB02010193F7
S2140101E8FFF792FF0235023CA3070ED0023C24F02B
S2140101F80103F35A04226FEA03436FEA13430DEB34
S214010208020128190193FFF77FFF002CAED0224682
S21401021831462846FFF778FFA8E740F2FD11104857
S21401022832F08DFBC8E705F46043B3F5005F04D1EF
S214010238C5F30B0505F5FC25BEE740F20521084880
S21401024832F07DFB6FF00F074546B6E717F8013B1E
S214010258FF2BB6D04FF40471484632F070FBB0E776
S2140102682B380400B66400203C750020FF03E00F1D
S21401027810B500F077F829F050FE044618B100F0E2
S21401028879F8204610BD00F07BF804460028F6D120
S2140102980122014B1A70F2E7B8640020054B1B785F
S2140102A833B1054BC0F3130100221868FCF774BC80
S2140102B811207047B8640020FC6F0020144B2DE90C
S2140102C8F0411B7805460E461746FBB129F00CFE91
S2140102D8012805D9841EE4B2012C09D9212412E08B
S2140102E83B4631462846BDE8F041002200F052B8A8
S2140102F800F038F83B4600223146284600F076F8EA
S214010308044600F037F82046BDE8F0811124FAE7E4
S214010318B8640020124B70B51B7804460D46164685
S214010328E3B129F0E1FD012805D9831EDBB2012BD3
S21401033808D9212410E0324629462046BDE87040F7
S21401034800F040B800F00EF820463246294629F05B
S214010358E6FD044600F00EF8204670BD1124FBE7C2
S214010368B864002008B532F056FA014B186008BD8B
S214010378E4420020014B186832F048BAE4420020F3
S214010388024B1968024B1868FCF76CB8DC6F002042
S214010398FC6F002037B505460C46C0F31301084824
S2140103A8ED02006805D5224603B0BDE83040FCF7EB
S2140103B8A7B9009313462246FCF75CF903B030BD93
S2140103C8FC6F002030B405461346074A0C46C0F3B6
S2140103D813011068EA0203D5226830BCFCF798BB03
S2140103E8224630BCFCF78EBAFC6F0020F7B50546EE
S2140103F80F4614461E461BB92125284603B0F0BDF4
S2140104080029F9D029F070FD4BF23462ABB2934261
S21401041820D14FF0FF3322466946CDE900332548FF
S2140104283346FFF7E3FF08220546234968460EF0E0
S21401043829FD38B933462246694641F2F010FFF7DE
S214010448D5FF0546002DD8D13246694638460EF006
S2140104585DFBD2E741F2F01293420FD1174B3119E7
S21401046808299A6CDB6CC7D8CDE9002332460DEB18
S214010478040138460EF04AFB0025BEE702280BD1D8
S214010488C5F30C4332199342B6D3C5F30B0104F1F5
S2140104987E6432462144ECE7032809D1C5F30C43B0
S2140104A832199342A8D3C5F30B0104F5FC24F0E7EF
S2140104B80125A2E7021008C0E0D104000080E00F81
S2140104C810B52BF0DDFF2DF0D3F8BDE8104003463C
S2140104D801210220014A02F00BBC00BFC238040009
S2140104E813B5D0E9023253F822301C7820462BF097
S2140104F8D9FF2346009001210220024A02F0F8FBA8
S21401050802B010BDD6380400014B18782BF09FBBFB
S214010518B9640020FF232DE9F04F8FB01122002186
S21401052808A88DF813300EF061F908A82AF04DFDD9
S21401053801210220B04A08AB02F0DAFB41F2490376
S214010548AE4A0121022002F0D3FB06A82AF06CFE6F
S21401055808A90DF113002AF072FE02200021A84A0C
S21401056802F0C6FB00202BF0A3FB10B106A809F089
S214010578CDFB9DF92A3001210220A24A00939DF85D
S2140105882B3002F0B5FB2BF077FF831EDBB2FC2B7A
S214010598054631D8012102209B4A02F0A9FB012415
S2140105A89A4E9B4FDFF8D08223463246002102201E
S2140105B802F09EFB05A9E0B22BF060FF034650B19E
S2140105C8A0F11602012A40F2AA8042460121022021
S2140105D802F08EFB0CE09DF914303A4601939DF823
S2140105E816300121009302209DF8153002F080FB99
S2140105F80134E3B29D42D7D8BDF8284007F072FF10
S21401060823460021834A0090022002F071FB022053
S2140106180021814A02F06CFB00202BF049FB10B147
S21401062808A809F073FB01217C4A022002F060FB4E
S2140106382BF080FE04462BF07BFE23460121784AE8
S2140106480090022002F054FB08F024FC002102204E
S214010658744A02F04DFB9DF81330FF2B65D000213C
S2140106680220714A02F044FB01216C4A022002F082
S2140106783FFB2AF0E9FD012103466C4A022002F0FD
S21401068837FB07F007FF00210346694A022002F0FC
S2140106982FFB2AF0DFFD04462AF0DEFD2346012162
S2140106A8644A0090022002F023FB32F055F908F064
S2140106B899FC01210346604A022002F019FB002535
S2140106C8DFF8B88108F08EFCECB2A04233D832F0DD
S2140106D843F90123594A1946022002F009FB002072
S2140106E82BF0B5FA564B574C0093012100230220F4
S2140106F8554A02F0FDFA236863B1012102201B78EE
S214010708524A02F0F5FA2368012102205B78504A22
S21401071802F0EEFA2BF0A0FA0FB0BDE8F08F012137
S21401072802204C4A02F0E4FA62E7002102204A4A13
S21401073802F0DEFA98E7494B204603EB0416D6F892
S214010748089008F009FD8246204608F051FC444FFF
S21401075800280CBFC346BB46204608F0FDFC0AF03D
S214010768B7FA002808BF4746534600210220CDE9BC
S21401077800B73C4A02F0BCFAB37901210293B38868
S214010788022001937388384A0093337B02F0B0FA4B
S2140107980026DFF8ECB099F80430F4B2A34203D887
S2140107A832F0DAF801358DE714235C43D9F8007086
S2140107B802203A5B07EB040A9AF90C3000922B4A9E
S2140107C8002132EA230228BF5A461346284A02F075
S2140107D88FFA00202BF06CFA38B150463C5B2AF0B1
S2140107E8A2FD014620460AF0C1FA01210220214A4B
S2140107F802F07EFA0136CEE71739040026390400DE
S214010808423904006E390400493904005F3904008E
S214010818663904009B390400BB390400053A040014
S214010828C4390400E639040007580400F139040005
S214010838073A04001D3A0400333A0400AC3A0400AF
S214010848C43A040080470020B83A0400D23A0400AB
S214010858E63A040083390400A3360400B4460020AF
S214010868EE3804003E3A04005E3A04000B390400F0
S214010878943A04001C8104008E390400F6380400FA
S214010888FF3804002DE9F7430025134EDFF858809A
S21401089808F0A8FBECB2A04202D803B0BDE8F0838A
S2140108A82701204616F8079008F0A2FB0B4A4B468C
S2140108B8002808BF4246002102200092084A02F09A
S2140108C817FAF05D2AF0CCFC01210220054A02F055
S2140108D80FFA0135DCE700BFB4460020B5870400EF
S2140108E8013B04001C810400BF87040008B5836827
S2140108F85A681178C26853F82230A1F1650251424C
S2140109085141187808F02AFD30B9BDE808400121A0
S2140109180220024A02F0ECB908BD00BF0C3B0400F5
S21401092800210220014A02F0E3B900BF263B040079
S21401093800210220014A02F0DBB900BF543B040043
S21401094810B5044686B01822002168460DF04EFF01
S21401095868462BF0FBF8D4E9022052F8203002EB67
S21401096880021B788DF80B30516891F900108DF8CC
S2140109780A1091680988ADF808106168091A0329F0
S21401098807DDD26803F01F03127843EA42138DF895
S2140109980B30684607F054FE00210346024A02203F
S2140109A802F0A6F906B010BD703B040007B500209A
S2140109B82BF026FD00210090034B0220034A02F08B
S2140109C897F903B05DF804FB7D3B0400833B040004
S2140109D813B5D0E9023253F8221003EB82035B68A1
S2140109E8087819680023094CA222994208BF2146B3
S2140109F8C01A18BF01202BF0F7FC01210090044B08
S214010A080420044A02F074F902B010BD00F8FF078A
S214010A184A7D0400953C040013B5D0E9023203EB85
S214010A28820153F82230D1E901141878FF220038E0
S214010A3818BF0120237809682BF0D6FC0121009005
S214010A48034B0420034A02F053F902B010BD00BF5D
S214010A588E3B0400953C040008B5002101230C4A8E
S214010A682BF034FB0A482BF092F80020094909F0CC
S214010A78E5F900202BF01CF910B1054809F046F9F4
S214010A88BDE8084001210420034A02F031B900BF3D
S214010A98EA690020A33B04001C81040010B52AF073
S214010AA8DDFB034630B1BDE8104001210420054AAC
S214010AB802F01EB90121BDE810400420024A02F0E6
S214010AC817B900BFB13B0400C23B040010B52BF0B8
S214010AD862F8BDE81040034601210220014A02F0EF
S214010AE807B900BFCD3B040010B52BF025F8BDE8CB
S214010AF81040034601210220014A02F0F9B800BF5E
S214010B08E33B040037B5D0E90232012453F822301A
S214010B184FF6FF701D78FE2204FA05F100232BF02C
S214010B28D7FC2B46009021460420024A02F0E0F842
S214010B3803B030BDF73B0400D0E9023253F8223047
S214010B481B7823B101210220024A02F0D1B8024AD9
S214010B5813707047163C0400B964002007B5684650
S214010B682AF062FB07F0BEFC01210346084A022070
S214010B7802F0BEF8684609F0C9F807F027FF012118
S214010B880346044A022002F0B3F803B05DF804FBFA
S214010B982C3C0400463C040037B5D0E902454068C1
S214010BA854F82530401B0328D8BF002004EB8504E1
S214010BB8C8BFE06819786368C8BF00781A78A36860
S214010BC893F90030009001202BF0FCFB38B9012185
S214010BD80220084A03B0BDE8304002F089B8064B47
S214010BE80190009301210220044B054A02F080F887
S214010BF803B030BD573C04005F3C0400F9680400AC
S214010C08733C040007B501202BF0E4FB48B90090BB
S214010C1801210220084B094A02F06AF803B05DF880
S214010C2804FB054B0190009301210220044B054A61
S214010C3802F05EF8F2E700BF5F3C04008A3C04005D
S214010C48A8950400733C040008B5D0E9023253F8AD
S214010C58223018782BF072FB30B9044A0121BDE81E
S214010C680840042002F044B8014AF7E79F3C040014
S214010C78BB3C040008B5D0E9023253F82230188884
S214010C882BF05AFB30B9044A0121BDE8084004207C
S214010C9802F02EB8014AF7E7DA3C04000A3D0400E0
S214010CA873B50378044613F0050F0ED04588062D54
S214010CB817D1836801215B68174A1B7801938388DB
S214010CC804200093154B02F013F82378012B20D04B
S214010CD801210420114B124A02B0BDE8704002F00F
S214010CE807B835B98388012104200E4A02F000F8B6
S214010CF8EBE7012DE9D186680B49002009F09EF83B
S214010D08304609F003F829460420084A01F0F0FFA6
S214010D18DBE702B070BD00BF403D0400373D04006C
S214010D28923D04005D3D04007A3D04001C810400E8
S214010D382DE9F04F00268FB0364D09AC0FCD0FC404
S214010D482B6801210220344A236001F0D1FF344682
S214010D58DFF8DC902AF07CFAF5B2A8420BD82AF024
S214010D6877FA23460090012102202C4A01F0C0FFA1
S214010D780FB0BDE8F08F284605A92BF0C1FA034647
S214010D88002841D19DF81430032B39D904238DF856
S214010D9814302B4600210220214A01F0A9FF9DF8B4
S214010DA814300EAA02EB830300214A4653F8143C7A
S214010DB8022001F09DFF28469DF821A09DF815B058
S214010DC89DF81870BDF816802BF09CFA5346CDE9AD
S214010DD8028000210220CDE900B7124A01F088FFFF
S214010DE801340020E4B22AF063FF18B10DF11900AE
S214010DF808F08CFF002102200B4A01F079FF01E080
S214010E08002BC6D10136A5E700210220074A01F0CA
S214010E186FFFF7E7E8D10400A43D04001D3E040077
S214010E2861390400D13D0400A0320400F83D0400F5
S214010E38A4480400C3688268013BDBB252F8233039
S214010E4802201B78652B14BF00220121044B1BBF0F
S214010E5801211A70034A044A08BF197001F048BFF5
S214010E68A6750020343E0400423E0400D0E9023252
S214010E7853F822301A88014B1A8070473E750020B5
S214010E8807B5D0E9023103EB810253F821305268E5
S214010E981988054B0548128800930088012309F034
S214010EA829FC03B05DF804FBA90C01003E7500207F
S214010EB8C3688268013BDBB252F823305B78A3F142
S214010EC8660253425341014A13707047A9750020C0
S214010ED830B5D0E9023253F8223089B01D780123A3
S214010EE802AA194604462BF0F1F8012300931023B1
S214010EF802210DEB030220462BF0C9F8284604AA66
S214010F0802A92BF0FFFA044600202AF0D1FE18B1F8
S214010F182146044807F076FB0020034908F074FFD1
S214010F2809B030BD513E04001C810400002330B5D1
S214010F388FB00221009309AA122305462BF0A7F8C1
S214010F4805AA014609A807F0E1F8044698B123283E
S214010F5805D1134A0121042001F0CAFE09E021281F
S214010F6801D1104AF6E70346012104200E4A01F092
S214010F78BFFE0FB030BD01232846194603AA2BF041
S214010F88A5F805A903A82BF0BFFA054620462AF0BE
S214010F988FFE18B12946054807F034FB044AD9E7FD
S214010FA85E3E0400813E0400BC3E0400DD3E0400B3
S214010FB81C810400F0B5D0E9023253F8221003EB85
S214010FC882039B6805461F7887B038460E782AF054
S214010FD84FFE044608BBD5E9022101238DF80830E7
S214010FE8194452F8210002EB810200888DF8097035
S214010FF89268ADF80A00127804218DF80C2028466C
S2140110080DF10D022BF062F8304602A98DF8154055
S2140110182BF07AF904462AF01FFE334601210420F4
S214011028024A009401F064FE07B0F0BDF23E0400E7
S2140110382DE9F04101218EB00220274A01F058FE21
S214011048002005AB01AA09A92BF056FA002504468B
S214011058224E234FDFF898801CB128460EB0BDE813
S214011068F08102202B463246214601F041FE2046F9
S2140110782AF01EFE10B10AA808F048FE3A460021DA
S21401108802209DF8303001F033FE4246002102204E
S214011098079B01F02DFE00210220BDF82030114AE1
S2140110A801F026FEBDF8143000210F4A022001F097
S2140110B81FFE013501A82AF0F6FDEDB20121022036
S2140110C80A4A01F015FE284605AB01AA09A92BF024
S2140110D813FA0446C0E700BF243F04006A3F040031
S2140110E8723F040026580400873F04001C81040050
S2140110F87E3F04002DE9F047064698B0C0B92AF0AD
S214011108A5F8074600250EA82BF000FA01210220B3
S214011118384A01F0EDFD2C46DFF8E080DFF8E09074
S214011128DFF8E0A0BC4205D3284618B0BDE8F08732
S2140111380127E7E713A82BF0E9F9002E4CD0022384
S21401114806A913A88DF84C30FE242BF0D1F90028F7
S2140111583FD102A913A82BF0D1F99DF8593043F0D5
S21401116801038DF85930002E3DD123463146022021
S214011178214A01F0BDFD9DF859300AA943F0010343
S21401118813A88DF859302BF0B9F900202AF090FDF4
S21401119810B114A808F0BAFD0C9B424600210220A3
S2140111A801F0A6FDBDF82820002112F4007F0CBF2F
S2140111B84C23412312F0100F0CBF6E227922022015
S2140111C800924A4601F094FD06A82AF06CFD013506
S2140111D8EDB20134E4B2A5E720460AAB06AA13A984
S2140111E82BF088F9B3E752460021022001F080FD72
S2140111F8C1E700BF913F04006A3F04007E3F040038
S214011208CD3F0400C63F040030B5012499B00EA8AE
S2140112182BF07CF913A88DF838402BF00DF9C0B9DE
S214011228BDF84C1011EA040513D121460220444AA0
S21401123801F05EFD29460220424A01F059FD214689
S21401124802203F4A01F054FD214602203C4A01F0A3
S2140112584FFD06A90EA82BF04BF920B11022FF214D
S21401126806A80DF0C3FA04A82BF04AF9059B01213C
S2140112780220354A0093354B01F03AFD9DF81230AD
S21401128801210220324A0093304B01F031FD002142
S2140112982E4B304A022001F02BFD06A82AF003FD4A
S2140112A813A82BF033F902230AA913A88DF84C309A
S2140112B82BF024F900283FD10B9B00930121022033
S2140112C8254B264A01F014FD0121234B244A02200E
S2140112D801F00EFD0120FFF70DFF01211E4B214AEB
S2140112E8022001F005FD0020FFF704FF044629F05F
S2140112F8ADFF23460090012102201B4A01F0F8FCAD
S21401130801211A4B174A022001F0F2FCFFF790FE62
S2140113181749022803461748174A28BF0A460849A4
S21401132828BF01460092CDE9013102200121134A66
S21401133801F0DEFC19B030BD4FF0FF33BDE700BF4A
S2140113481C810400E03F04001E400400164004000F
S2140113582E40040083670400AA7504004140040077
S21401136851400400584004006140040075400400E0
S214011378DC3F0400ED5C04003F5D0400834004008C
S21401138810B5D0E9023253F822301C78201E18BF57
S21401139801202BF03DF8054A054B0020002C18BF0C
S2140113A81A46BDE81040034908F02EBDB0400400B7
S2140113B8AB400400B9400400D0E9023210B553F836
S2140113C822301C8820462BF025F82246BDE810401E
S2140113D80020014908F018BDFA40040037B5044654
S2140113E807F058F8014638B100200D4A0D4903B0F8
S2140113F8BDE8304008F008BDE368A268013BDBB2EF
S21401140852F8233008481D780123084A00936C2DAA
S21401141808BF0246102320462AF039FE03B030BD25
S21401142848410400504104008F7500207F75002054
S21401143813B583689A681278672A22D101A82AF018
S214011448FBFF0446A8B9BDF80420174908F0DCFCE0
S214011458BDF80430DA070AD413F0020F134B144A06
S21401146818BF1A461349002008F0CEFC19E0124AA4
S214011478F8E702461149002008F0C6FC2246104942
S214011488F1E7C26801A953F8220003EB82035B68FF
S21401149800681B68ADF804302AF0D4FF044600281B
S2140114A8ECD102B010BD00BF8341040076410400B0
S2140114B8E0680400A441040066410400B641040043
S2140114C8E2410400034A04491388C85401331380CF
S2140114D8704700BF025D0020BF64002073B5154D3C
S2140114E801242B78144E13F0040F0CBF0223042397
S2140114F8124A21461470328802200192EB5C104A87
S2140115080093104B5B8801F0F3FB002102200E4A82
S21401151801F0EEFB0D4B2946009332882346022044
S21401152801F02CFC21460220094A02B0BDE87040B1
S21401153801F0DEBBBF640020025D0020BE6400200F
S214011548F1410400F45C002016420400384204000D
S2140115581C81040070B516464FF48A52114B124D81
S214011568DA805980114B1B881A1E18BF012240EADF
S21401157882000F4A1278003A18BF012240EA021088
S214011588287063B103246B701B0AAB7009F00EFC5C
S214011598631C2855EE54074B02341C8070BD012489
S2140115A8F4E700BFF45C0020BF640020005D002063
S2140115B8BD640020025D002038B5D1E902320C4630
S2140115C8054653F82230024619880C4B1878FFF75F
S2140115D8C1FFE368A268013352F82330188828F05F
S2140115E8E0FC4DB1E368A268023352F8233018785C
S2140115F8BDE83840FFF766BF38BD00BFBA640020B3
S214011608F0B50546EB68AA68023352F82330084657
S2140116181C78294685B0FFF7CFFF204629F06FFED4
S214011628204E214F78B3204629F075FE0321441C2D
S21401163803AA284627F01CFD3288E4B2C2F1FF034C
S21401164803991B1B9BB28B4222443CBFC2F1FF038A
S21401165803930123032100933A449DF80C3028464E
S2140116682AF015FD039A022C338804BF0F48110A85
S214011678FA5408BFC15413441C44348005B0BDE86D
S214011688F040FFF72BBF204607F00CFC01233288F9
S21401169804460093032103463A4428462AF0F7FCF9
S2140116A83388E9E7025D0020BF640020C06400209B
S2140116B8052307B5012100930220044B044A01F0D3
S2140116C817FB03B05DF804EBFFF79EBD1F4204004D
S2140116D82642040013B504462AF0AAFE38B1CDE91D
S2140116E8004001210220034B034A01F001FB02B02E
S2140116F810BD00BF484104003D420400194B37B5F0
S2140117081B783BB901210220174A03B0BDE83040D7
S21401171801F0EEBAD0E90232144C53F82230012116
S2140117281D78638802200093114A2B4601F0E0FADF
S214011738104B25711B78104D63B1012102200F4A09
S21401174801F0D6FA20460E4A298803B0BDE8304093
S21401175829F076BB20460A4A298803B0BDE83040FE
S21401176829F030BCBE64002054420400F45C00201A
S21401177862420400BB640020025D00207942040036
S214011788BF6400202DE9F041D0E9023253F8221057
S21401179803EB82035A680C7817889A68DB68B2F8F4
S2140117A80080C6B01D780021304B0220304A0094D4
S2140117B8CDE9017801F09CFA002D0CBF6E23792340
S2140117C8012102202B4A01F093FAFF23002D0DF187
S2140117D8170606AD019320460CBF802340234246D8
S2140117E83946029600952AF0D0F80446002835D1E5
S2140117F8307829F08AFD0746B0B128462AF017FA4C
S2140118081D4BFD28A8BFFD200093234682B20DF18B
S2140118181901022001F0B2FA01210220174A01F04B
S21401182867FA46B0BDE8F081307829F074FD60B1FA
S21401183828462AF001FAFD28A8BFFD200E4B82B2E1
S21401184800930DF11A013B46E3E7307807F02AFBCF
S2140118580B4B0246009329460123DAE70090012143
S2140118680220084B084A01F043FADAE746760400F4
S21401187893420400B8420400CA8A04001C8104008A
S21401188838420400404B0400C2420400D0E9023248
S21401189853F8221003EB82032DE9F04F5A680F78AC
S2140118A8B2F800809A68C7B0B2F80090DA681B6987
S2140118B892F800A01E7800212F4B304A0446CDE945
S2140118C801890220009701F013FABAF1000F0CBF44
S2140118D86E23792301210220294A009606AD01F0DC
S2140118E807FAFF22002128460CF080FF304629F02F
S2140118F80CFD834608B30023052100932046FD23EB
S2140119080DF119022AF0C3FB2870BAF1000F0CBFBB
S214011918802340234A4641463846CDE9005629F0F9
S214011928FFFF0146144806F06DFE01210220154A04
S21401193801F0DEF947B0BDE8F08F304629F0EBFC40
S21401194860B1FD2305212046CDF800B00DF11A023D
S2140119582AF09DFB85F801B02870D6E70590304639
S21401196807F0A0FA059A0346009205212A46204662
S2140119782AF08DFBC9E700BF3976040093420400BC
S214011988D34204001C8104002DE9FF471C465B680E
S214011998E5685B1B00255FFA83F803952E46FFF77B
S2140119A8D9FDEBB298450BD90C9B9B5D282B39D8F2
S2140119B8202B00F2CB800136F6B2002B40F0C9800E
S2140119C8FFF78CFD04B0BDE8F087132A2FD801A1D4
S2140119D851F822F0A31A0100B51A0100C71A01002E
S2140119E8FB1A0100C9190100C9190100C91901002A
S2140119F8C9190100371A0100371A0100371A010000
S214011A08371A0100371A0100371A0100371A010080
S214011A18371A0100371A0100371A0100471A010060
S214011A28211B0100A3F13102D1B21329CDD9013608
S214011A38F6B2A3F14102032AC2D8422B6CD06C4FEE
S214011A4800213A88DFF8B0A1C2F1FE039BB2FF2B52
S214011A5828BFFF2301320091DBB22046524469B207
S214011A682AF0F1FA3B880AF8030001331844388053
S214011A7811E04FF00409E368A2682B4452F82330BA
S214011A881F68F8B209F1FF39FFF71CFD19F0FF09C5
S214011A984FEA1727F5D1013583E7E368A2682B4497
S214011AA852F823301878FFF70DFDF4E7E368A268CB
S214011AB82B4452F82330188828F073FAEBE7E368CA
S214011AC8A2682B4452F823301F68B7F1807F09D2E9
S214011AD8F8B2FFF7F7FCC7F30720FFF7F3FCC7F3E5
S214011AE80740E0E72B4601210820424A01F000F9A9
S214011AF866E74FF00409E368A2682B4452F82330DE
S214011B081F68F8B209F1FF39FFF7DCFC19F0FF0985
S214011B184FEA1727F5D1BEE7294603AA204627F03C
S214011B28A7FA0021324F344A3B88DDF80C9002EBC5
S214011B38030CCAB2914501F1010102D84B443B801E
S214011B48A9E710F802A00CF802A0F2E7242B3FF64A
S214011B5870AF013B232B3FF633AF01A252F823F0B7
S214011B68A31A0100B51A0100C71A01007B1A010061
S214011B78C9190100C9190100C9190100C9190100CB
S214011B88C9190100C9190100C9190100C9190100BB
S214011B98C9190100C9190100C9190100C9190100AB
S214011BA8A31A0100B51A0100C71A0100FB1A0100A1
S214011BB8C9190100C9190100C9190100C91901008B
S214011BC8C9190100C9190100C9190100C91901007B
S214011BD8C9190100C9190100C9190100C91901006B
S214011BE8A31A0100B51A0100C71A01007B1A0100E1
S214011BF8025D0020EC420400BF640020094B1B78FC
S214011C0823B101210820084A01F072B8D0E902324E
S214011C1853F82230054A1B88012113800820044AFC
S214011C2801F066B8BE64002012430400005D00207F
S214011C3854430400D0E9023253F82230054A1B788F
S214011C480121003B18BF012308201370024A01F046
S214011C584FB800BFBC6400207A430400D0E90232C2
S214011C6853F82230034A1B78012113700820024AD0
S214011C7801F03EB8BD640020A943040010B5D0E9C0
S214011C880232044653F82230132219880B4B18786F
S214011C98FFF760FCE368A268013352F8233018782E
S214011CA8FFF710FCE368A268023352F8233018786D
S214011CB8FFF708FCBDE81040FFF710BCBA64002027
S214011CC810B5D0E90232044653F822301122198899
S214011CD80B4B1878FFF73EFCE368A268013352F80D
S214011CE823301878FFF7EEFBE368A268023352F850
S214011CF823301878FFF7E6FBBDE81040FFF7EEBB88
S214011D08BA640020D0E9023253F82230034A1B781D
S214011D18003B18BF0123DB0013707047BA6400202C
S214011D2810B5D0E9023253F82230044619880E4B12
S214011D3806221878FFF70EFC0120FFF7C3FBE368BD
S214011D48A268034452F82330188828F02AF9E36871
S214011D58A268023352F82330188828F022F9BDE821
S214011D681040FFF7BBBB00BFBA6400202DE9F04363
S214011D78D0E902324FF0FD09013253F8221003EB85
S214011D8882035A68C7B017889A68B1F80080147831
S214011D9853F8043C002C0DF1170506AE18783A46A0
S214011DA814BF4023802341460295CDF8049000963F
S214011DB829F0EBFD034638B1184A0121082000F046
S214011DC897FF47B0BDE8F083201E18BF01200A22FE
S214011DD84146C000FFF7BEFB384628F0E2F82878EF
S214011DE8FFF770FB4A463146287829F03CFA044644
S214011DF828B10B4F3D88C5F1FF03984202DD234603
S214011E08084ADAE7024608483146284425440CF0D1
S214011E187DFE3D80FFF762FBD3E700BFDF4304008A
S214011E28025D0020FB430400BF64002010B5D0E922
S214011E380232044653F82230082219880B4B1878C8
S214011E48FFF788FBE368A268023352F82330187854
S214011E58FFF738FBE368A268013352F82330188885
S214011E6828F09FF8BDE81040FFF738BBBA64002099
S214011E7873B5D0E902320546023253F8221003EB55
S214011E88820353F8042C53F8083C0C781988234B22
S214011E98168818780622FFF75DFB0020FFF712FB6D
S214011EA8304628F07EF82046FFF70CFBEB68AA6858
S214011EB8033352F82330188828F073F8EB68AA68B9
S214011EC8043352F82330188828F06BF8204609F0B6
S214011ED86DF9E8B9204606F0E5FF052104460190AC
S214011EE801AA284627F0C4F8019B01469C4206D061
S214011EF8224631460A480BF05BFB02B070BD094D1D
S214011F0809482E882246304434440CF0C1FC2C8003
S214011F1802B0BDE87040FFF7E1BA00BFBA6400201E
S214011F2827440400025D0020BF64002073B5D0E991
S214011F3802324FF48A5153F82230104D1A88104B4A
S214011F48D9805A8000232A4600930121FF232AF0CC
S214011F589EF82B78044613F0040F0A4B08BF012697
S214011F681B7818BF032613B108F020FFA855064BA7
S214011F781C8002B0BDE87040FFF7B0BABF6400200D
S214011F88F45C0020BC640020025D0020D0E9023227
S214011F9853F82230034A1B78003B18BF01231370FD
S214011FA8704700BFBB64002010B50C4608B907F09F
S214011FB889FE024B18715C7110BD00BFF45C0020ED
S214011FC802462DE9F341D0E90253526855F8231029
S214011FD8D21A0C8805EB8301013BDBB255F8238046
S214011FE8294D022A4868C8BF8A682B78D8BFFF21BE
S214011FF80078C8BF11783BB901210220234A02B0F4
S214012008BDE8F04100F074BEFFF7CEFF06F06AFAAD
S2140120181F4F204E3B880146224600931E483346F2
S21401202829F09FFD0246C8B998F804103B885F2935
S21401203817D1CDE900364FF6FF712046164B28F02A
S214012048F3FE28B1034601210220144A00F050FE8F
S2140120580023134A2B701380124A137002B0BDE88E
S214012068F0814FF6FB718C4208D9CDE9003621463E
S214012078094B4FF6FF7028F035FFE2E72146064A7E
S214012088009628F061FFDCE7BE6400207244040075
S214012098025D0020BF640020F45C0020794404003F
S2140120A8005D0020BD640020002210B50A21044608
S2140120B81046FFF74FFA002027F073FF0122044B62
S2140120C81A70FFF70BFA2046BDE81040FFF778BFF5
S2140120D8E769002038B51C4615460123224629F033
S2140120E8F5FF60B9214628462AF0CCF9044620B106
S2140120F801210420034A00F0FBFD204638BD0024D8
S214012108FBE700BFA04404002DE9F0430C46154642
S2140121181F46D0E9022352F8231002EB8302936884
S2140121280E8893F80080D3688BB0B3F800903246D7
S214012138012106ABFFF7CEFFF0B90DF1200CF4B183
S21401214801232A884021CDE902C2CDE90471CDE9EF
S21401215800932221434606AA304629F0EEFF0B4B90
S2140121680B4A00930B4B0190002C08BF1346012124
S2140121780420094A00F0BCFD0BB0BDE8F0836246B6
S21401218828686968032303C22246DBE7FF44040084
S214012198E4440400DE440400EC44040007B50123CB
S2140121A86A46002129F092FF6846034908F04EFB6B
S2140121B803B05DF804FB00BFA90C0100D0E90232A8
S2140121C853F822300149188808F012BBA90C0100FF
S2140121D810B5D0E9023203EB8201496853F8223080
S2140121E809784FF48A52188829F097FFBDE81040FD
S2140121F8034601210420014A00F07ABD094504007E
S214012208D0E9023253F8223002214FF48A5210B52F
S214012218188829F074FFBDE8104003460121042000
S214012228014A00F065BD00BF224504001FB5D0E98C
S214012238023203EB820153F82230496818884FF4BA
S2140122488A5309880293094B094A0193094B1B785B
S21401225800931278084B29F0C8FF01210346042091
S214012268064A05B05DF804EB00F042BD045D0020A7
S214012278BF650020BE6500200E5D002039450400BC
S2140122882DE9F043D0E9023253F8221003EB82031A
S2140122985A680E8817789A68DB688BB092F80090AF
S2140122A8B3F800803246042106AB0446FFF712FF56
S2140122B828BB08AD01232A460521204629F006FF3A
S2140122C838B9042001210F4A00F012FD284628F0EB
S2140122D8ABFF4FF48A53CDE904930023CDE90253AB
S2140122E803232121CDE9008306AA3B46304629F07F
S2140122F824FF01210346044A042000F0F9FC0BB030
S214012308BDE8F083514504008045040038B5D0E99E
S214012318024303F18043023B02220F4954F823008B
S2140123289D000CF0AFFD60B90C4B0D491A78042AD4
S2140123380BD82C44A068008821F8120001321A70C4
S21401234838BD084B08491A78F1E70121BDE838403D
S2140123580420064A00F0CCBC746E0400BF65002059
S2140123680E5D0020BE650020045D00209245040035
S21401237808B5C368806803F18043023B0222064918
S21401238850F823000CF07EFD10B9044B187008BDF8
S2140123980022034B1A70FAE7746E0400BF6500202A
S2140123A8BE65002037B5D0E9023153F821208C00EC
S2140123B815784268521A012AC5BF1B195B686C0951
S2140123C81C78DCBF44F0180405F01F052946204692
S2140123D829F0CFFD034640B12346012104200E4AC9
S2140123E8009500F085FC03B030BD0121A94074B901
S2140123F82346FE224FF6FF702AF06AF801210346AB
S2140124080420064A03B0BDE8304000F071BCFE2245
S21401241841EAC461EEE700BFA8450400C8450400C8
S21401242870B5D0E9021551F8253001EB850104464F
S21401243818884B681A788B68052A1B8802D85E1E8E
S214012448072E0BD9012104200C4A00F051FCBDE8E7
S2140124587040012104200A4A00F04ABC6468641BE3
S214012468032CCABFC968074909682AF031F8BDE8CC
S214012478704002460449002007F0E0BCE645040027
S2140124880646040000F8FF072346040008B5D0E90D
S214012498023253F8220003EB82035968FF220388AD
S2140124A809684FF6FF702AF013F8BDE8084002469F
S2140124B80149002007F0C2BC3646040008B5D0E939
S2140124C8023253F8223005214022188829F017FED7
S2140124D8BDE8084002460249002007F0AFBC00BF2D
S2140124E85746040008B5D0E9023203EB8201486872
S2140124F853F82210027840230988312029F052FE29
S214012508BDE8084002460249002007F097BC00BF14
S2140125187846040008B5D0E9023203EB8201486820
S21401252853F82210027840230988332029F03AFE0E
S214012538BDE8084002460249002007F07FBC00BFFC
S214012548924604001FB5D0E9023253F8221003EB75
S21401255882039B6808881A780023D21A18BF0122BA
S214012568CDE9023302A94023D20129F02AFE01212E
S2140125780090044B0420044A00F0BAFB05B05DF84D
S21401258804FB00BFFF440400B046040007B5D0E9C9
S214012598023253F8223003214022188829F0AFFD71
S2140125A801210090034B0420034A00F0A1FB03B06D
S2140125B85DF804FBFF440400BF46040037B5C36852
S2140125C88268053352F8233004211D786A460123B0
S2140125D8044629F07BFD38B904200121064A00F09B
S2140125E887FB684628F020FE2B466A4600212046CF
S2140125F8FFF78AFD03B030BDD946040007B5D0E918
S214012608023203EB8201486853F82210027840230D
S2140126180988322029F0C6FD01210090034B0420C9
S214012628034A00F065FB03B05DF804FBFF440400B1
S2140126380A47040070B585690446EA0705F00206EC
S21401264805D476B1C5F3072029F012FB09E01EB1BF
S214012658B2210F4830F073F9A069C0F3810029F060
S214012668F6FAE3691BB9BA21094830F068F9204639
S21401267814F05AF9E3693EB1607E9847AB0706D075
S214012688BDE8704029F0E8BA20469847F6E770BDDD
S2140126981F47040008B514F05BFD28B1BDE80840E3
S2140126A84721024830F04BB908BD00BF1F47040058
S2140126B82DE9F041FF2B04460F4690461D469DF82E
S2140126C8186005D0FF2E03D0D521114830F037F910
S2140126D80023FF2D18BFAD000E4A1CBF45F00105AB
S2140126E8EDB222600C4AC4E9063818BFA561FF2E70
S2140126F8C4E901232361E76007D0A36943F0020315
S21401270823F47F4343EA0623A361BDE8F08100BFB3
S2140127181F470400E84200203D260100002310B5AB
S214012728054C03610460054CC261C0E901430123FD
S214012738C160836110BD00BFE84200203D2601004C
S21401274870B58669044606F00303032B0D4603D1CC
S214012758FC21144830F0F3F8FF2D16D0B20704D444
S21401276840F201110F4830F0EAF8284628F01CFF1D
S214012778FF28054604D14FF482710A4830F0DFF885
S2140127882DB204EB4514204670BDF307FBD5A369AB
S21401279813F00C0FF7D040F20B11024830F0CFF8C7
S2140127A8F1E700BF1F4704000023054AC0E90631C8
S2140127B803610260C360034A034B4260836070474B
S2140127C8E84200203D260100FD68020001482BF082
S2140127D89CBE00BFE842002001482BF0A2BE00BF05
S2140127E8E842002013B50E482BF069FE27F055FC89
S2140127F82AF00CFE2AF028FE2AF02FFEFCF728FF06
S2140128080446FCF73FFF2346009001210420054AB1
S21401281800F06EFA02B0BDE81040FCF71FBF00BF1B
S214012828E8420020B2470400022808B503D130F078
S2140128387FF8014B186008BD1843002008B50CF056
S21401284843FE0122044B1A7030F0FBF8BDE808403D
S21401285802490348FDF7C4B8C16500200870002086
S2140128681C430020014B1870704700BFC06500204C
S214012878024B187808B105F019BE70479F750020FD
S21401288808B5074B1B780BB1002008BDFFF7F0FF12
S2140128980028F9D106F0E4F9023818BF0120F4E758
S2140128A8C065002070B5FFF7EBFF174D20B1FFF7A5
S2140128B88DFF0428044613D82B781BB930F0C1F8CD
S2140128C801232B7027F0F7FB0446D8B12B781BB9E8
S2140128D8F7210E4830F033F8BDE87040FFF776BFB1
S2140128E827F0EBFB0028E7D02B785BB12FF093FF9E
S2140128F80646002101202EF023F930462FF086FFE8
S21401290800232B70204670BDC1650020D347040004
S2140129181FB5FFF7C7FF0446FDF740FAA04228BFD8
S214012928204688B103A92EF027FD034638B9CDE91C
S2140129380000064A0399064830F016F818B18E21A9
S21401294804482FF0FCFF012004B010BDBDA0030011
S214012958F8420020D34704000D4B70B51B780D4D87
S2140129680D4C0121002B0CBF2B46234602200B4A97
S21401297800F0BEF90A4B01211B780220002B0CBF80
S2140129882B462346BDE87040064A00F0B1B900BFA1
S2140129989F750020936E0400B26E04006948040017
S2140129A8C06500208848040010B5D0E9023253F803
S2140129B8223002201B780121002B15BF0124002498
S2140129C8044A054A00F094F92046BDE81040FFF78E
S2140129D849BF00BFA7480400C4480400D0E9023232
S2140129E853F82230034A1B78003B18BF01231370A3
S2140129F8704700BF9F75002038B50125084B1D702C
S214012A082FF009FF0446294628462EF099F8204655
S214012A182FF0FCFEBDE8384002490348FCF7E0BF4A
S214012A28C2650020107000204443002070B514F0E1
S214012A3815FC10F0070F1D4D11D02B785BB9012638
S214012A482E702FF0E8FE0446314630462EF078F810
S214012A5820462FF0DBFEBDE8704014F0C3B829F01D
S214012A6813FD0228E9D1124C2378032BE5D914F07B
S214012A78F5FB10B92378032B14D814F0B3F80446E1
S214012A880028DAD02B785BB100262E702FF0C3FE13
S214012A980546314601202EF053F828462FF0B6FE9B
S214012AA8204670BD4FF0FF34ECE700BFC26500203A
S214012AB8666A00201FB5FFF7B9FF0446FDF76EF9F1
S214012AC8A04228BF204688B103A92EF055FC03462C
S214012AD838B9CDE90000064A039906482FF044FFA5
S214012AE818B18C2104482FF02AFF012004B010BD2C
S214012AF887A6030024430020E348040010B5094CC8
S214012B080949002007F080F923681B68587928F0DE
S214012B1881FD23681B68587927F0BAFD04F092FEF8
S214012B28002010BD444800207149040008B529F06A
S214012B389BFC024628B1BDE808400020014907F081
S214012B4863B908BD9449040008B529F0A3FC0246F8
S214012B5828B1BDE808400020044907F055B95422B9
S214012B68BDE80840FF2102480BF040BEAC4904000E
S214012B78185D002038B504460D4629F08FFC02463C
S214012B8828B1BDE838400020034907F03DB9034B9A
S214012B9823F8145038BD00BFCA490400185D002048
S214012BA82DE9F34100240C4E0C4DDFF838800C4F0C
S214012BB856F8043B0BB9D8F8003035F8022B3946DD
S214012BC8009200202246013407F01EF92A2CEFD184
S214012BD802B0BDE8F08100BF1C7000206C5D0020CB
S214012BE8E64904001870002008B52A21034829F090
S214012BF84DFCBDE80840FFF7D3BF00BF6C5D002061
S214012C0807B5D0E9023253F822301A78292A0DD8A6
S214012C18084B53F822300BB9074B1B6807490020AD
S214012C2831F812100091064907F0EEF803B05DF886
S214012C3804FB00BF1C700020187000206C5D00208B
S214012C48E649040008B52A21034829F021FCBDE815
S214012C580840FFF7A5BF00BF6C5D002038B5D0E976
S214012C68023253F8221003EB82035B680C781D8846
S214012C780020044907F0C8F829462046BDE8384030
S214012C88FFF778BFF14904002DE9F34100240C4E03
S214012C980C4DDFF838800C4F56F8043B0BB9D8F8C2
S214012CA8003035F8022B39460092002022460134BE
S214012CB807F0AAF82A2CEFD102B0BDE8F08100BFD0
S214012CC81C700020185D0020E649040018700020DA
S214012CD810B5024627F0F2FC20B9044C236811B15E
S214012CE81343236010BD23EA0203FAE7C8700020E5
S214012CF80CB413B502460C4627F0E0FC60B9094B44
S214012D081B681A4208D005A9049801910AF064FCC8
S214012D1814B105482AF008FB02B0BDE8104002B01D
S214012D28704700BFC8700020F04C0400034610B579
S214012D38D3E9023253F8223008461C78211E18BF00
S214012D480121FFF7C5FF014648B9084A084B02208A
S214012D58002C08BF1346074AFFF7CAFF10BD00211B
S214012D680220054AFFF7C4FFF8E700BFF63804005B
S214012D78EE380400F24C0400084D04002DE9F04139
S214012D8805461F460C46DFF82C808E18B44201D142
S214012D98BDE8F0810021284614F8013B069AFFF7A2
S214012DA8A7FF002FF2D0424600212846FFF7A0FFD2
S214012DB8ECE700BF7C3F040002460249002007F00A
S214012DC823B800BF194D040010B5234C2348FF2132
S214012DD827F055F9207802281ED003282ED001287E
S214012DE804D02120BDE81040FFF7E6BF1C4B197838
S214012DF80029F7D002231B4A23701378052B0EBF30
S214012E0800230133DBB29942137003D105231370F3
S214012E180020E7E7052BFBD0124B1B78052B02D1C8
S214012E2803232370DDE7104A104932F8230007F020
S214012E38DFFC032323700028D4D110BD094B0C4AAC
S214012E481878094B03EB8001897833F8200007F0DE
S214012E589FFC0123EEE700BFC36500204C4300201A
S214012E68CC650020A1750020C05D00205930010006
S214012E78053001002DE9F04F0D46144695B0049033
S214012E88112200210FA89946DFF86C810BF0AEFCE1
S214012E9804EB45030393D9F800301C2B02D0039B9F
S214012EA89C4202D115B0BDE8F08F0123DFF844A19A
S214012EB88DF81C3023884C4AADF81E309AF800303D
S214012EC84A4D08EB83039B7828788DF820301368E1
S214012ED88DF81D00CDF821305368CDF8253028F03F
S214012EE8BDFE049B8DF8290021882878002B4AD13D
S214012EF828F081FB002844D09AF800300FAA38F849
S214012F08230007A927F0F6FB00283AD028F0A0F9F5
S214012F184FF0000B074606461C255FFA8BF29742D0
S214012F2834D8B7422BD99DF81C30032B1AD10FABD6
S214012F380193BDF8213000220421009301202C4B77
S214012F4806F0E8FD9AF8003008EB83039978274BDA
S214012F58187806F05BFE9AF80030002038F823103F
S214012F6828F0CFFD5DB107A9304629F0CDF9214BF0
S214012F7805461B78304638F8231029F0C7F9C9F8F2
S214012F880050023487E728F02DFBB3E710460BA95B
S214012F98059229F0B5F930B99DF82C1031B9059A82
S214012FA8B74208BF16460BF1010BB6E7BDF82E006F
S214012FB8BDF81E209042F6D19DF830009DF82020DD
S214012FC89042F0D19DF81C208A42ECD1032A14BF06
S214012FD8082202220DF121010DF131000BF052FFFA
S214012FE8002808BF0025DEE7C4650020A07500207C
S214012FF8964F0400A1750020C05D002013B5034656
S2140130080020114A9C6812780190052A03D01B7883
S214013018032B00D12CB9012002B0BDE81040FFF700
S214013028CBBE6268217801ABFFF724FF217A012025
S214013038E26801ABFFF71EFFFF21044802B0BDE8B6
S214013048104027F014B800BFA17500204C4300209B
S214013058094B1B78052B02D00378032B02D00120DD
S214013068FFF7AABE8168054A0B68054813604B68D6
S214013078FF21536026F0FBBFA1750020C465002020
S2140130884C43002038B50024114B124D1870124BD2
S214013098FF211C702C7006F0B9FD01220321104691
S2140130A80E4B06F037FD4FF6FF712246084628F00C
S2140130B82BFD044648B940F6B832FF21084826F0E9
S2140130C8CDFF01232B70204638BDFFF775FEFAE7C2
S2140130D8A0750020C3650020CC6500201C81040073
S2140130E84C430020144BF0B51A6814491368097844
S2140130F8587988420BD11249D78808460022114DC3
S2140131081E792B78D4B2A34203D8052C0AD1002005
S214013118F0BD0C88BC4202D18C78B442F7D001329B
S2140131280431EFE7A342F2D120F82270013300EB15
S214013138820086702B70EAE744480020A0750020BC
S214013148C05D0020CC650020FF2307B50021044A96
S21401315804480093FFF7ACFA03B05DF804FB00BF20
S214013168D12D01004C4300201FB5B423032104468A
S214013178ADF80E3028F036FA98B121232046009390
S214013188002203210DF10E0328F0DBFB0446002084
S214013198054B064A0649009406F036FE204604B05A
S2140131A810BD8624F3E700BF434D0400504D0400CC
S2140131B8654D0400D0E9023253F82230034A1B78E1
S2140131C8012113700220024AFFF792BDBC75002048
S2140131D8744D04000122014B1A707047BC7500201B
S2140131E80A4B90F805111B7890F8082119448A4271
S2140131F8BCBFB2FBF3F103FB11234FF0FF32B8BF9C
S214013208DBB202FA03F380F80A317047BC75002076
S2140132182DE9FF410446057F867EDFF870806E4300
S214013228237F98F8002013449D4212DB607F60B923
S214013238238B029363690193237C00936288A31D01
S214013248217805F0EFFDFF232370002004B0BDE8C8
S214013258F081E37EAB42E9D9A77E228BF119914230
S214013268A4BF921BD7B205EB0323E3813A46334644
S2140132782946204627F058FA0028E7D1637F3744C5
S214013288013301356377BEB2EDB2C9E7BC750020DC
S21401329837B5054629F06EF80D4B04461B68694696
S2140132A81B78032B82BF0B4B1B881B18284688BF2D
S2140132B89CB229F0E7F838B9684629F05DF818B9DC
S2140132C8044B1B8823449CB2204603B030BD00BF84
S2140132D88047002046750020084B1B78FF2B0BD132
S2140132E8074B1B78FF2B07D1064B1B78022B03D005
S2140132F84FF4807028F048BC704700BFCC7000209F
S2140133089C4400206C43002010B50446FF2126F09B
S214013318B6FE054B9C4202BF0023A4F588742370B1
S214013328BDE81040FFF7D8BF7C4400202DE9F047E0
S2140133389A462A4B81461B7888461646BDF8205081
S214013348002B49D0FF2D3ED938252846BDE8F08701
S214013358234B0C223146A01D636184F80090A4F823
S21401336802800BF095FAA289414642F4004242F0E7
S21401337840022046A28127F0E9F92A4651466069AB
S2140133880BF086FA41464846A21D258328F033FDF0
S214013398A0760028D8D00544013DB5FBF0F0FF28FB
S2140133A8D2DC0023E0762046A383FFF731FF0546EB
S2140133B880B923794FF48070B37228F0A8FB227C79
S2140133C8099B1A80C1E7074C2778FF2FC0D040F623
S2140133D80345BAE72770F2E70225B6E7BC75002071
S2140133E8CE6500209C440020B0F9063010B5002BAD
S2140133F825DA144C2278237CFF2A02D0827A9A4254
S21401340807D0114C2378FF2B17D0827A237C9A4257
S21401341813D169B9637F013BDBB263775BB90B4AAA
S214013428237F1278204613442377FFF7F1FE0146DF
S214013438204627F09AF9FFF74FFF012010BD00201C
S214013448FCE700BF9C440020CC700020BC7500201F
S2140134582DE9F04F9A46B1F9063091B0002B0D468A
S2140134681746DDF86880049080F22981B8F80030A4
S214013478FF2B04D94FF4B871A6482FF060FAA64B73
S21401348800241A7893F80401B3F80211002A40F0D0
S214013498A5802E7AA14A1278B24240F2AF80022263
S2140134A8A3F802711A70AA7AFF2483F8042100226D
S2140134B8A3F8084183F80521A3F80621B8F80020E7
S2140134C8954883F80C21FFF78BFE3846FFF7E0FE98
S2140134D8214600EB4002924826F0C0FD4FF480706A
S2140134E828F015FB8C4C94F80A91B9F1FF0F20D1FE
S2140134F88A4A94F8053112781344B34219DC94F8D1
S2140135080C1184F80531B4F80631204601FB023364
S214013518A4F80631FFF764FE0122824B38461A707A
S214013528FFF7B6FE494600EB400204F5887026F020
S21401353895FD94F80531B34260D8DFF8E0B19BF801
S21401354800C00CEB0302964258DA764994F8082133
S2140135580878013A002853D0964205DAB8F80020D0
S21401356884F80C2100220A70B6FBFCF901220CFB38
S214013578196994F80A015FFA89F902FA09F2D1B2CF
S214013588024076B92889000A844584F8080108D9D2
S2140135982046CDE906210593FFF722FEDDE906213F
S2140135A8059B94F80A01014384F80A1182B994F834
S2140135B80921B4F806C1013284F80921B8F80020B7
S2140135C8DAF800100CEB0200FF2826DD032323702F
S2140135D894F80831013B9E4230D138E0AE7A8642F3
S2140135E802D18F4200D11C462E7A002C7FF47BAF85
S2140135F8002A3FF44FAF012A3FF44CAF01205FE0A9
S2140136089642B1DA94F80C1198F800209142ABD0A2
S21401361804F58870FFF778FEF0E794F80CE1F31AE2
S2140136280EFB03C3A01C10FA83F005920BF030F9C9
S21401363894F80831059A013B9E4244D0012394F838
S2140136480A2103FA09F3013B1343FF2B04D122464F
S2140136582946384627F07BF894F8083194F809216A
S2140136689A42CBD19BF80030B2FBF3F103FB11224F
S21401367812F0FF0218BF13462278022A26D1264ADC
S214013688023410785178012804BF013151700122A3
S21401369824F8022CEA88B4F8041122F04002EA80E1
S2140136A894F809210A44591E94F80A3113FB01F3C8
S2140136B81344A8F80030CAF80040FFF70DFE0020B2
S2140136C811B0BDE8F08F84F80B21C0E769790029AD
S2140136D894D0032A92D1B4F8062194F80B1108AEB7
S2140136E811445A1E94F80C31284613FB02F30B4476
S2140136F800219BB2A21CA8F80030CAF80020CDE928
S21401370800710296049907F05FFD8921304628F07A
S2140137186FFB7DE79B4D04006C430020BC750020C1
S2140137287C440020CD65002013B5044618B1012855
S2140137380BD002B010BDFF2301460093064A074886
S214013748FEF7B6FF064B1C70F3E7FFF743FDFF22B3
S214013758044B1A70EDE700BF113301007C440020CA
S2140137686C4300209C44002013B501A909F0FEFF14
S214013778044648B9BDF806309DF80420034906F00A
S21401378843FB204602B010BD8120FBE7324E040001
S21401379813B5694609F0F6FF044688B9BDF8023044
S2140137A89DF80020074906F049FB2046019906F0D6
S2140137B89DFA2046044906F027FB204602B010BDB4
S2140137C88120FBE7564E04007C4E040037B5694657
S2140137D809F0FCFF044618BB9DF801309DF800204F
S2140137E8104906F02BFB104D9DF80120E3B29A42D2
S2140137F806D800200D4906F007FB002003B030BDAF
S2140138080198630003F4FF7302220021184428F08C
S21401381808FA29460246002006F010FB0134E3E7C1
S2140138288120EBE77E4E0400AD4E04001C810400A7
S21401383813B501A909F0A0FF044648B9BDF806303A
S2140138489DF80420034906F0DFFA204602B010BDB1
S2140138588120FBE7B74E040030B500240B4D85B038
S2140138686946E0B228F04CFD50B99DF80030032BAC
S21401387806D12946BDF805309DF8012006F0C4FAA0
S2140138880134202CECD105B030BD00BFDE4E04005B
S21401389808B50020034906F0B7FABDE80840FF203E
S2140138A800F0DEBAF04E04002DE9F04F85B006466A
S2140138B80D46174626F099FF044640B130463A466B
S2140138C8294626F07CFF002005B0BDE8F08F4FF0B2
S2140138D803094FEA15285FFA84FA6946504628F024
S2140138E80FFDB8B99DF800B0BBF1000F12D16946BB
S2140138F850468DF800908DF805508DF806808DF8A5
S214013908016028F001FD02460028D7D0584606492E
S21401391806F07AFA0134202CDDD10020034906F09E
S21401392873FA8920D0E700BF054F04002C4F040026
S2140139381FB5002304468DF80F3026F041FF28B145
S2140139489DF80F3063F07F038DF80F30182301932D
S2140139580DF10F030022009304214023204627F08F
S214013968DFFF024618B10020024906F04DFA04B0FE
S21401397810BD00BF474F04001FB502A909F014FF88
S214013988044688BBBDF80820184906F057FA2046B1
S214013998039906F0ABF92046154906F035FA4FF6B5
S2140139A8F672BDF80810134C4B1E9BB2934219D8F9
S2140139B82368039A1B685879FFF776FF23681B79F3
S2140139C8012B0BD8BDF808300022CDE900030421ED
S2140139D8094B092006F09EF828F004FA6FF0FF005C
S2140139E804B010BD8720E9E78120F9E7664F040097
S2140139F87C4E0400444800207D4F040070B5044600
S214013A088AB005AD1122002128460AF0EFFE2046AD
S214013A1804A909F0BDFE044600283AD11E4EBDF899
S214013A2810201E4906F0F0F932681379012B28D8C0
S214013A384FF6F670BDF810104B1E9BB2834224D881
S214013A481368587926F0D1FE08B333682A461B68EE
S214013A58BDF81010587926F0B1FEBDF810300122D5
S214013A680421CDE9004309200D4B029506F052F8D2
S214013A7828F0B8F9034620B100200A4A0A4906F098
S214013A88C3F96FF0FF000AB070BD8724E5E78B2401
S214013A98E3E78120F7E700BF44480020804F040091
S214013AA8954F0400994F0400A44F04002DE9F047F0
S214013AB89AB004A909F084FE0446002840F0B580AF
S214013AC89DF810205B4906F0B9F925465A4E9DF82F
S214013AD81020EBB29A4254D80020584906F094F9BF
S214013AE89DF81050002D40F099802C462E46544FD4
S214013AF806A9F0B228F004FCC8B99DF81830032BC3
S214013B0815D13B689DF819201B685B799A420ED13E
S214013B189DF81D2005F168036B4403F8402C9DF8B9
S214013B281E200235013403F83F2CEDB2E4B201360B
S214013B38202EDDD19DF810300BB1002C77D00AABC2
S214013B48CDE90143FF2302220421009309203D4BBE
S214013B58039505F0DFFF28F045F9034660B19DF8A7
S214013B681020002A5FD0384A3849002C08BF0A4678
S214013B780020374906F048F96FF0FF001AB0BDE893
S214013B88F08705986B0003F4FF730222002118449E
S214013B9828F047F831460246002006F04FF901356D
S214013BA895E70598730003F4FF7302220021184471
S214013BB828F037F8002780465FFA80FA06A9F8B297
S214013BC828F09EFB00BB9DF81830032B1CD1D9F8B2
S214013BD800309DF819201B685B799A4214D19DF82C
S214013BE81D30534510D19DF81E30C8F307229A425E
S214013BF80AD105F168036B440235013403F840AC79
S214013C0803F83F2CEDB2E4B20137202FD6D10136A6
S214013C189DF81020F3B29A42C3D88BE70025DFF847
S214013C2820902E46F4E7084AA2E78120A6E78B20D3
S214013C38A4E700BFFE4F0400AD4E04001C8104003B
S214013C48444800201D500400CF4F0400ED4F0400E7
S214013C58215004002DE9F04389B002A909F09EFD20
S214013C680446002867D1BDF80820344906F0CCF888
S214013C784FF6F672BDF80850DFF8D4906B1E9BB26B
S214013C88934254D8D9F8003029461B685F793846DC
S214013C9826F0ABFD00284CD026465FFA86F840464B
S214013CA803A928F02DFB28B92946384603AA26F089
S214013CB889FD20B90136202EEFD14FF0FF08404686
S214013CC828F01CFB014658BB112203A80AF08EFDFA
S214013CD82946384603AA26F072FDD9F800301A7923
S214013CE8012A18D81B68BDF80810587927F05AFF1A
S214013CF8BDF8083003220421CDE900430920104B02
S214013D0805F008FF28F06EF8034620B100200D4A9A
S214013D180D4906F079F86FF0FF0009B0BDE8F083A9
S214013D2802460A49002006F06FF80124D5E78724E1
S214013D38D3E78B24D1E78120EFE700BF4350040087
S214013D487D4F040081500400A44F04005A5004001B
S214013D58444800202DE9F043DFF894800020D8F885
S214013D68003021491B688BB05E79002506F04CF8B7
S214013D7801275FFA85F9484601A928F0C1FA0446E1
S214013D8890B99DF80430032B0ED19DF80530B34247
S214013D980AD1484628F0B2FA0146A0B102461349AC
S214013DA8204606F031F827460135202DE1D1D8F80E
S214013DB8003000211B68587927F0F4FE87F00100CF
S214013DC80BB0BDE8F083112205A80AF00FFDBDF877
S214013DD809403046214605AA26F0F1FC2146304620
S214013DE827F0E0FEE0E700BF8E5004005A500400BA
S214013DF84448002037B5694609F0DCFC044638BB60
S214013E08BDF80020134906F019F8134D204601990C
S214013E1805F06CFF2046114905F0F6FF2B681B6874
S214013E28587927F0CEFF70B14FF6F672BDF800103C
S214013E384B1E9BB2934209D82B68019A1B68587986
S214013E48FFF732FD0446204603B030BD8724FAE763
S214013E588120F9E7A2500400444800207C4E040063
S214013E687FB505460024E6B26946304628F048FA8A
S214013E78A8B99DF80030032B11D19DF80130AB424B
S214013E8804D0FF2D0BD19DF80D3043B9304628F0EC
S214013E9835FA024618B10020034905F0B5FF01348A
S214013EA8202CE0D104B070BD5A500400034B1B68A7
S214013EB81878012808BF0220704700BF80470020F5
S214013EC8D0E9023253F822301A78024B1A7000F001
S214013ED8E7BA00BFCD66002070B5D0E902456B1E73
S214013EE8DBB254F8230003221B490AF0CBFF54F82F
S214013EF8253004EB8504197863681A78A2F10B0358
S214013F080F2B05D915490020BDE8704005F07CBF88
S214013F1801290FD1124C9140236840B90B43114A2D
S214013F2823600020BDE870400F4905F06DBF23EA05
S214013F380103F4E702290CD101230C4903FA02F222
S214013F480B6818B913430A4A0B60EAE723EA020327
S214013F58F9E70A460749D6E7C6500400CA500400DE
S214013F68F0700020E0500400E8500400EC700020D7
S214013F78FB5004000551040007B5D0E9023103EBF4
S214013F88810253F821300B491B785268012B0A4BE2
S214013F9808BF0B4612684FF000001A600092074AE5
S214013FA8074B084918BF1346074A05F02DFF03B00B
S214013FB85DF804FBF0700020EC700020205104002E
S214013FC8185104002A5104000CD2040038B5254AB9
S214013FD8254B264C0020264905F016FF00202549CA
S214013FE805F012FF22682449002005F027FF206803
S214013FF8224C234D05F0E2FE2146002005F004FF81
S2140140082A682049002005F019FF286805F0D6FE21
S2140140182146002005F0F8FE1B4B1C491A781C4B5C
S214014028002053F8223005F0EFFE00F00DF919498B
S2140140380246002005F0E8FE174B00201A781749BB
S21401404805F0E2FE164B17491A78002005F0DCFE4B
S21401405804F020FABDE8384002461349002005F06E
S214014068D3BE00BF0CD2040044510400F0700020F7
S2140140784B5104005351040061510400053A0400F1
S214014088EC70002072510400FB6600208351040086
S214014098F470002096510400E0660020AA5104003E
S2140140A8DF660020BC510400CE51040007B500F0BD
S2140140B871F8054B0090054A0020054905F0A4FE55
S2140140C803B05DF804FB00BFE45104000CD2040001
S2140140D8654D0400F8B504460B4F0C4E0C4D0020F8
S2140140E80C4A0D4905F090FE20463B78297832782F
S2140140F8F4F748FC00233B7033702B70FF21BDE8B2
S214014108F840064825F0BBBFFB660020DF660020A6
S214014118E06600200CD20400E9510400BC440020EB
S21401412837B51248FF2125F0AAFF114B187810F071
S214014138100505D0002003B0BDE8304003F01CBFD1
S2140141480121B42004F020FB04460A4B0A4A0B4915
S2140141580090284605F058FE2046FFF7BBFF4FF4AF
S214014168806003B0BDE8304027F00EBDBC44002097
S214014178FB660020005204000CD20400654D0400C2
S2140141880021024A0248FEF7C9BA00BF29410100C8
S214014198BC44002008B5054B1B7823B11720FFF750
S2140141A899FF002008BD0220FCE700BFFB6600203F
S2140141B810B550B1054B00F1100250F8044B90426F
S2140141C843F8044BF9D1024B197010BDE166002083
S2140141D8F166002037B5174D04462B78DB0626D541
S2140141E80090154B0020154A154905F00DFE1E2CAA
S2140141F80BD0652C09D0032C19D0002028F000F923
S21401420840F61C40FFF766FF0DE028F021F94FF451
S214014218FA63B0FBF3F202FB1300C218FF21094848
S21401422892B225F01BFF2B7823F010032B7003B0F6
S21401423830BD00BFFB660020195204000CD20400F2
S214014248654D0400BC440020014B1879704700BF37
S214014258D45D002070B54C4E8EB0337803F0FB0267
S214014268A3F10905022AEDB258D0042B41F604122F
S21401427857D0A3F108014B424B415B001343434817
S214014288ADF80C3026F0E1FA48B9414B3F4A03F144
S214014298100153F8040B8B4242F8040BF9D13D4B3D
S2140142A81B78002B3FD03C4B0DF10E0203F1100199
S2140142B853F8040B8B4242F8040BF9D103A828F0F3
S2140142C8BFF82328044610D1012D49D80020334AC7
S2140142D8334905F099FDBDF80C3003A823F40053C3
S2140142E8ADF80C3028F0ACF80446002C41D14FF458
S2140142F80C7028F0A3F8044600283AD103F0FAFE19
S214014308012D36D8274A01AB1068516803C32649E0
S21401431801A828F0F9F878B319242AE043F604121C
S214014328A7E70223AAE73378042B0DD0082B0BD076
S2140143381E4B0DF10E0203F1100153F8040B8B42CC
S21401434842F8040BF9D1B9E7104A0DF10E0302F150
S214014358100152F8040B8A4243F8040BF9D1ADE771
S214014368337803F0FB03022B03D10020104905F034
S2140143784BFD20460EB070BD044901A828F0C4F8CC
S21401438804460028C8D1F4E7FB660020CF66002063
S214014398E6520400F1660020E16600200CD2040013
S2140143A83D520400F7520400FCD1040000530400F7
S2140143B89852040070B5002686B00446252028F0D9
S2140143C825F81622002116480AF010FA154B1E6029
S2140143D8154B1878FFF76AFD022814BF012304233A
S2140143E803208DF8083028F05FF804238DF8103084
S2140143F80E4B02A80593039403F030FD05460C4BBB
S2140144080C4A19680C4B3046A14208BF1346009463
S2140144180A4A0B4905F0F8FC284606B070BD00BFED
S214014428D45D0020DC440020FB6600201D47010007
S214014438F070002018510400205104000CD204002A
S2140144481153040008B5134A1378042B09BF124BFD
S21401445801331B78C3F10603DBB2137003F0FD02C8
S214014468092A04D11720FFF735FE172008BD0A4A86
S2140144781278002A14BF052206229A4207D1074B52
S21401448818680028EED0FFF795FF4D20EEE70020CC
S214014498ECE700BFFB660020F1660020EC70002008
S2140144A873B51E4C1E4E23683268134334D01D4B19
S2140144B81B6853B31C4D2B783BBB03F0EBFFF8B9D5
S2140144C84FF4806027F023FB184B24681B7894B1BF
S2140144D8C3F102032B7003F047FD2046FFF76AFF7E
S2140144E804460020124B134A1349009405F08CFC2D
S2140144F8204602B070BDC3F1060334682B70EAE7A4
S2140145080121B42004F040F9EAE70020094A0B49E2
S21401451805F07AFC0224E4E70224E9E7F0700020BB
S214014528EC70002080470020FB660020F166002022
S214014538595304000CD20400654D04003F5304008F
S2140145482DE9F347384D394E00202A792B8838490A
S21401455805F05AFC3268287922FA00F010F00100BA
S21401456802D1344905F050FC334F3C783CB108225F
S214014578324933480AF086FC041E18BF0124DFF8C6
S214014588DC80DFF8A490DFF8B4A014E098F8000007
S21401459849460130C0B288F8000027F029FF0028F4
S2140145A835D13C783CB10822514625480AF06AFCC8
S2140145B8041E18BF01242A793368D340DB07E5D5E2
S2140145C8002CE3D100922B881E4A1F49204605F08D
S2140145D81BFC1E4B1878FFF769FC012303221249BE
S2140145E827F00CFF1A4A054613780133137010B9E1
S2140145F802B0BDE8F08720462B46124A154905F059
S21401460803FC284602B0BDE8F047FFF763BD00206B
S214014618114905F0F9FBFFF715FF0028E8D102B0AC
S214014628BDE8F04700F01CB8D45D0020DC4400204B
S2140146385F53040090530400FA660020F2660020D7
S214014648E25D00200CD204005F540400FB660020E3
S214014658DF6600200054040029540400CE660020BA
S2140146682DE9F041214C224D2378002055F82330BE
S214014678204A214905F0C8FBFFF7ECFD03461D4E0D
S2140146881E4FDFF874802BB92378042B15D8B3B9DD
S2140146981B4B15E032463946002005F0B5FBFFF7FF
S2140146A8D1FE00BB2378324655F82330414605F043
S2140146B8ABFBFFF7CFFD0346E5E7092BE8D1114B26
S2140146C800201B68104A11491360114B187027F017
S2140146D88FFE20B1BDE8F0410120FFF7FBBCBDE825
S2140146E8F041FFF72DBFBDE8F08100BFFB66002053
S2140146F8F47000200CD204007F5404008C5404008B
S214014708EC700020F0700020DC440020D45D00200E
S214014718CE66002070B51C4C23789BB3838913F4AE
S214014728407F2FD0056835B12A46BDE87040002085
S214014738164905F069BB27F059FE154E0346307039
S214014748144A2846144905F05FFB33781BB1BDE8C7
S2140147587040FFF785BF2378082B0CD8042B0CD89C
S2140147680E4B1B78C3F1060323700D4BBDE8704052
S2140147781868FFF71FBE0A2BF2D1BDE87040182053
S214014788FFF7A8BC70BD00BFFB660020B754040045
S214014798E06600200CD20400E4540400F166002010
S2140147A8EC70002030B5464D03460446454A0020C5
S2140147B8454987B005F028FB2B782BBB01A827F0C5
S2140147C8A5FE022301A88DF8043027F08DFEB0B9A6
S2140147D83E4901A827F08AFE88B1152C0FD127F08B
S2140147E837FE47F23153B0FBF3F202FB130000F534
S2140147F81C50103080B203F0BFFB07B030BD162C3A
S214014808FBD103F0F3FBF8E7152C2AD100202D4A3B
S2140148182F4905F0F9FA2B78042B11D0082B0FD065
S2140148282C4B1B78DA070BD401A827F003FE18B91E
S214014838BDF804309B0703D42B7843F010032B7084
S21401484827F006FE4FF4FA63B0FBF3F2FF2102FBF2
S2140148581300C218204892B207B0BDE8304025F0D0
S214014868FDBB27F027FE04460028C6D12B78013B5E
S214014878092B1ED8134A194905F0C6FA184A1949C8
S21401488813780133D8B2107027F0B2FD60B1204614
S214014898154905F0B9FAFFF7D5FD0028ADD107B0DF
S2140148A8BDE83040FFF7DCBE07B0BDE83040FFF793
S2140148B847BE40F61C4007B0BDE83040FFF70ABCCB
S2140148C8FB6600200CD2040008550400FCD1040045
S2140148D81F550400CD660020BC4400203255040054
S2140148E8CE660020D45D0020295404002DE9F0414D
S2140148F80B4686B004460E4617463A49024600203D
S21401490805F082FA4FF000080123CDE901380DF1D0
S21401491816030093424640230621204627F035F821
S214014928054640B102463049404605F06DFA28462C
S21401493806B0BDE8F0819DF816202AB936B90020E0
S2140149482A4905F061FAF2E7012EF8D082F0010350
S214014958002027498DF8173005F056FA9DF81730CC
S2140149680DF1170633B310230022CDE900630621A3
S2140149784023204626F0D4FF064630B132460020B2
S2140149881C4905F041FA3546D1E74FB908212046BA
S21401499826F028FE20B120469DF8171027F003F9C7
S2140149A80521204626F01EFE0028C0D0204627F006
S2140149B8F7F8BCE74FB90821204626F013FE20B1C8
S2140149C820469DF8171027F0EEF810230022CDE9AF
S2140149D8006306214023204626F0A2FF064600284B
S2140149E8DED0CBE7615704007D57040096570400D4
S2140149F8B6570400D6570400002208B5034B1146E3
S214014A081B681B685879FFF771FF08BD44480020EA
S214014A1808B5044B00221B6801211B685879FFF76B
S214014A2865FF08BD4448002008B5044B00221B68F2
S214014A3802211B685879FFF759FF08BD4448002032
S214014A4810B50123002488B001A88DF80430CDE9FB
S214014A580244F5F7E5FE20469DF80420124905F0C4
S214014A68D3F92046039A114905F0CEF92046029A51
S214014A780F4905F0C9F910220E4B0DEB02011888F3
S214014A8840F0604040F48010FBF718FC20460A49C5
S214014A9805F0D4F904A827F006F92046074905F0D9
S214014AA8B3F908B010BD00BFEF5704000E58040054
S214014AB82D580400DCD104004C5804001C81040065
S214014AC808B525F0F3FE0020024905F09DF90120FE
S214014AD808BD00BF695804000023054A8360C36007
S214014AE8044BC0E9002311B14FF6FF730B807047E2
S214014AF849101CB22630021110B5044660B10020D8
S214014B08064905F081F9052C06D002F0CBF90449CF
S214014B180246002005F078F9012010BD7D580400F2
S214014B288E58040037B500216A4601AB054625F0C4
S214014B387EFF044668B100220F49104605F064F965
S214014B4802F0B0F90D490246002005F05DF903B000
S214014B5830BD0B4905F058F9012024F081FE01F01B
S214014B6899FF431C02D008F025F8F0E721462846AD
S214014B78FFF7A6FFEBE700BFB75804008E580400FE
S214014B88FF58040038B5054601F084FF044626F0B0
S214014B98D2FF4DB100200E4905F036F9631C14BF4B
S214014BA82046002007F0C8FF25F08EFE022804469E
S214014BB805D0012805D10020064905F025F920462B
S214014BC838BD0020044905F01FF90024F7E700BFA7
S214014BD81C590400365904004F59040008B5002032
S214014BE8034A044905F010F9BDE8084000F050BD35
S214014BF8F96804006859040008B50020034A044906
S214014C0805F002F9BDE8084001F0CAB98759040061
S214014C18685904001FB5D0E9023253F822306846B5
S214014C281C78214601F0D0FB684601F073FC28B9D0
S214014C382246044905F0E8F804B010BD6846FFF7B7
S214014C4871FFF9E78D5904000020014905F0DCB829
S214014C58A95904007FB50DF1060102A8FFF73CFF2C
S214014C680020264905F0D0F80020BDF80820244980
S214014C7805F0CAF80020BDF80A20224905F0C4F854
S214014C88039A0020204905F0BFF800201F4905F0C7
S214014C98D5F84FF6FF73BDF806209A4229D00020B2
S214014CA81B4905F0B1F800201A4A1B4905F0ACF873
S214014CB800201A4A1A4905F0A7F800221949104691
S214014CC805F0A2F80020154A174905F09DF80A22B2
S214014CD80020164905F098F80A220020144905F024
S214014CE893F80A220020134905F08EF807B05DF8FC
S214014CF804FB0020104905F087F8D4E7B8590400EA
S214014D08D0590400E9590400025A04001B5A040049
S214014D1826580400E0930400315A0400C02709000D
S214014D28505A04006F5A04008E5A0400AD5A040003
S214014D38CC5A0400EA5A04002E5A040008B500208A
S214014D48034905F061F8BDE80840012001F0FAB909
S214014D58085B040008B50020034905F055F8BDE8CE
S214014D680840002001F0EEB9215B040030B5104B75
S214014D78104D1B5C85B08DF80F302B7804468342A6
S214014D8806D00D4B0D4953F82020002005F03CF8BD
S214014D9830232C700A4801930DF10F030093062265
S214014DA880231921007826F0BBFD05B030BD00BF71
S214014DB823D204000367002030D20400395B0400C4
S214014DC8A37500201FB5232303900193064803AB60
S214014DD80093012280231921007826F0A1FD03986B
S214014DE805B05DF804FB00BFA375002073B5164D2A
S214014DF804462B78154ECBB125F087FD012815D032
S214014E08346040F6B244124B1B78072B17D02D7826
S214014E18C5B925F07AFD031E18BF01230D48009574
S214014E2822461921007826F0FFF803E000233360B4
S214014E38002CE8D1201E18BF012002B070BD022543
S214014E480123EBE70025FBE700670020E04400208C
S214014E5803670020A375002008B50448FFF7C6FFBE
S214014E68BDE808400220FFF781BF00BFC027090040
S214014E7810B5064C208826F097FE608826F094FE2A
S214014E886068BDE8104026F09EBE00BFE4440020DE
S214014E987FB523238DF813300DF1130302930423F2
S214014EA80648019305AB0093012280231921007857
S214014EB826F06BFD059807B05DF804FBA375002086
S214014EC82DE9F047DFF84C91044699F80000904622
S214014ED80F4626F069FB0B2899F8002005D9BDE88E
S214014EE8F04700203F4904F08FBF00263E4B3F4D58
S214014EF81E803F4BDFF820A103EB00135B880120DF
S214014F082B802A7104F0A8FE05F050FF04F0A4FED9
S214014F18204604F0A1FE0123042C8AF800300BD8A1
S214014F28022C45D89C4216D02346BDE8F0470020FF
S214014F38304A314904F068BF062CF5D130462F496E
S214014F4804F062FF384604F087FEFFF791FF97B139
S214014F588AF800600FE04FF6FF76294F3888801BE5
S214014F6818BF012004F078FEFFF782FF3888B042A8
S214014F7801D026F019FE19236B8099F8003000201D
S214014F882B71204B1B786B71EB8843F04003EB8049
S214014F981D4B198826F0B5FD034620B12246002090
S214014FA81A4904F031FF4046BDE8F047FFF71EBF37
S214014FB8304604F051FEFFF75BFFFFF769FF26F066
S214014FC802FE134B1B78002B0CBF3F20202004F059
S214014FD843FE042CCFD14FF4806026F0E5FD322045
S214014FE8C7E700BF4C5B0400F85D0020FC5D0020AD
S214014FF8B4460020404B0400985B04007B5B040029
S214015008EC5D0020A275002040750020B15B04000D
S214015018FF660020A37500200067002038B5044607
S21401502805200D46FFF7A2FE184B1A884FF6FD73AA
S2140150389A4207D10020164904F0E6FEBDE838403A
S214015048FFF70ABF65B1134A13780133DBB2092BA0
S214015058137014D90A2200200F4904F0D5FEEDE793
S214015068012C0ED10B4B1D700C490D48FFF734FD72
S214015078BDE83840002101200A4AFFF721BF012C6C
S214015088F2D0BDE838400748FFF7B0BE40750020AB
S214015098EB5B040002670020165C0400EC5D002050
S2140150A8E4440020E093040008B50649002004F013
S2140150B8ABFE0548FFF736FDBDE808400021084667
S2140150C8FFF7ACBF5A5C0400E4440020814237B5C0
S2140150D80346154608D2002000910F4A0F4904F0EE
S2140150E893FE002003B030BD0C1A224600200C495E
S2140150F804F08AFE40F6BB5322460020094904F014
S21401510883FE4FF47A735C43074B01209C4294BF9D
S2140151182C602B60E6E700BF404B04006B5C040084
S214015128A85C0400C35C040080EE360010B5044693
S2140151380820FFF71BFE0D4B3CB91C700021BDE88B
S214015148104006200A4AFFF7BBBE1B78092BF5D983
S2140151580A220020074904F057FE0020064904F0F9
S21401516853FEBDE81040FFF79FBF00BF026700204F
S214015178C0270900EF5C0400305D040073B51F4DBD
S2140151882C7834B100201E4902B0BDE8704004F006
S2140151983BBE0220FFF7EAFDFF221A4E1A4B307873
S2140151A81A7026F001FA0B2807D9204632781749D3
S2140151B802B0BDE8704004F027BE154B15490093B0
S2140151C801EB0011012319224FF6FD70498805F0FD
S2140151D891FA70B12046104904F016FE00220F4BD2
S2140151E80F481C700F4B1A7002B0BDE87040FFF7ED
S2140151F8FDBD01240C492C70EEE700BF01670020B5
S214015208415D0400A3750020A27500204C5B0400D4
S21401521815550100B4460020825D04000067002091
S214015228C027090002670020A85D040038B5144DA0
S21401523804462B78052B21D91249FFF75DFC24B9C2
S21401524818B9114904F0E0FD0424104B195D21B981
S214015258BDE838400846FFF769BF032C06D02B780F
S214015268052B03D006200A4AFFF72AFE0021094B20
S21401527808461970BDE83840FFF7D0BE38BD00BFF4
S21401528803670020E4440020CA5D040019D2040024
S214015298C02709000067002030B5044689B00720FA
S2140152A8FFF764FD052C0AD100222A4B03A91A70C0
S2140152B802A804AA01F0FEFD30B1022045E09CB91F
S2140152C80122244B1A700224224D287878B1421EF6
S2140152D8504221495041FFF755FC022304462B70E2
S2140152E8022C0ED10A200FE0022CE6D1EBE7631F51
S2140152F85A424FF0050018495A4125F00DFB04465D
S214015308EEE7032C04D10020FFF770FD09B030BD8D
S214015318062C06D10020114904F076FD01232B70D6
S214015328E0E70F4A0F4B2878002C18BF13460E49A2
S2140153380E4A0094002808BF0A4600200C4904F0CB
S21401534863FD201E18BF0120400009B0BDE83040AB
S214015358FFF76CBFFE660020E4440020055E0400EB
S214015368FE5D0400F75D0400E65D0400F05D0400E0
S214015378405E040013B51F4C0620FFF7F7FC2278A1
S214015388092A09D900201C4904F03EFD042002B070
S214015398BDE81040FFF74ABF184B1B782BB3002017
S2140153A824F082FA25F0B1FA68B9FFF771FD144BBB
S2140153B8196825F0A1FA02460420002102B0BDE8CA
S2140153C81040FFF77DBD01A825F09DFAFF2809D1F9
S2140153D84FF4FA6023780133237002B0BDE8104019
S2140153E8FFF704BD0198FFF7EDFC4FF4FA620320BE
S2140153F8E3E700BF026700205B5E0400FF6600204B
S214015408F4440020F023F0B589B0CDE90003344810
S2140154188023002219210078324E334F26F080FA75
S2140154280020324904F0F0FC3246394603A801F060
S21401543841FD032804462E4D1CD10626039A2D4904
S214015448002004F0E1FC0398FFF7BCFC0020396853
S21401545800F0ACFE2E7001F09FF900220446264BA0
S21401546830461A70FFF782FC84BB09B0BDE8F040ED
S214015478FFF780BF28BB7268204904F0C5FC2146A7
S21401548804A8FFF729FB059B726893420BD02046B8
S2140154981B4904F0B9FC072305202B7009B0BDE8A9
S2140154A8F040FFF7F9BE1A462046164904F0ACFC50
S2140154B80523002101202B7009B0BDE8F040FFF755
S2140154C8ADBD0020104904F09FFCF1E7042C05D07F
S2140154D8042009B0BDE8F040FFF7A8BE09B0F0BD4A
S2140154E8A3750020E4440020F4440020935E0400E1
S2140154F803670020C45E040002670020FF5E040004
S214015508385F04008C5F0400C85F0400F7B50446E2
S214015518876800202378364D012B287004D0354B38
S2140155283549187004F070FC26785EBB334B1B783F
S214015538FF2B04D103B0BDE8F040FFF78DBC304B1C
S2140155481B78032B11D82F4C0320FFF70FFC694655
S214015558208826F097FF002843D02B49208805F09D
S21401556847F920B12E70FFF777FC03B0F0BD012490
S214015578204B26491C7004F047FC0320FFF7F6FB76
S2140155882C70F2E7012E25D13B78002BEDD01B4D70
S2140155982B78FF2BE9D1A68802F0A4FF864206D114
S2140155A800201B4903B0BDE8F04004F02DBC194BA0
S2140155B8A2881B783BB132B11749002003B0BDE879
S2140155C8F04004F021BC7B6814491B782B700D4B06
S2140155D81A80F2E7032E08D108226846A16809F066
S2140155E857F96846FFF70EFFBFE700232B70A1E7C0
S2140155F80067002001670020E35F0400A275002011
S214015608036700204075002015550100A85D0400B9
S21401561803600400FD66002029600400546004004D
S2140156287FB5094B1A78FF2A0AD1187001F088FB52
S2140156380022064B0DF1060102A81A80FFF74CFA64
S21401564807B05DF804FB00BFA3750020EA5D0020E3
S214015658152838B517D10C4B1D78A5B926F0F8FED4
S214015668C4B2012C38BF01240120FFF77FFB28466E
S2140156782246064904F0C8FB4FF47A706043BDE839
S2140156883840FFF7B3BB38BD0367002071600400DC
S214015698034B1B78022B01D8FFF770BD704700BF7C
S2140156A80367002070B5284C25F02AF92578274E7F
S2140156B8BDB10020264904F0A7FB264A137801331A
S2140156C81370002323703378062B0AD1BDE8704087
S2140156D8214B1868B0F5FA6F38BF4FF4FA60FFF738
S2140156E885BB3378013B082B2CD8DFE803F0050986
S2140156F80D2B13191D222700BDE87040FFF7C8BF00
S214015708BDE87040FFF73ABD00232370BDE870403E
S214015718FFF7A2BB2946BDE870400120FFF77EBC13
S214015728BDE87040FFF726BE0220BDE87040FFF7CF
S214015738B3BD0120BDE87040FFF7F8BCBDE8704076
S214015748FFF7B2BC70BD00BF0067002003670020EA
S214015758A060040002670020E044002010B905207C
S214015768FFF764BD034B1B78062B01D1FFF79ABFE1
S214015778704700BF036700202DE9F0478E6805468D
S21401578833189A780C46092A8EB008D90020A349FE
S21401579804F03AFB852420460EB0BDE8F08750B9E0
S2140157A88B899F49895C8B4205D200919D4904F0FB
S2140157B82BFB8024EFE79C4BE7881B889F4236D05B
S2140157C89A490978012932D932B13A4600209849CE
S2140157D804F01AFB7E24DEE7964B1A70934B267963
S2140157E81B78052B03D0012B3AD8FFF751FF5EB97A
S2140157F83146204626F0FCFA0346002851D03046AA
S2140158088D4A8E4904F000FBD4F80880A48998F8DC
S214015818037098F80450002E4CD13046884A8949BE
S21401582804F0F2FA00210120FFF7F8FB4FE000210F
S214015838804B1970072A00F28A8301A353F822F0D5
S214015848E55701009359010093590100A55B010032
S214015858A55B0100A55B01003B5E01003B5E010004
S214015868022B17D102F03EFE8742B3D00020764ABB
S214015878764904F0C9FAFFF781FC46BB3146204653
S21401588826F0B6FA034610B36B4A6C49002004F0BA
S214015898BBFA1CE06E4A00206E4904F0B5FA0124F2
S2140158A879E7A3681B78DA06AED432466A4904F06B
S2140158B8ABFAA9E700210AA8FFF70EF9032F08D9C2
S2140158C85F4B664A66490097002004F09DFA00245B
S2140158D861E76B1E632B04D9594B604A61490095F1
S2140158E8F2E7614BE4B2DB5D9C4209D0CDE90143A6
S2140158F80020534B594A5D49009704F085FAE6E7BC
S21401590857B3A4B222460521404626F08AF9BDF8C7
S2140159182830834203D04A4B554A5649B6E7012FE9
S2140159281AD022460721404626F07BF9BDF82A30D0
S214015938834203D0424B4E4A4F49A7E7032F0BD168
S21401594822460921404626F069F90B9B984203D165
S2140159583B4B474A494999E7642D3FF463AF26F024
S21401596877FD6423C0B2B0FBF3F203FB12030133E5
S214015978DBB29D42BFF456AFCDE900530020304B51
S2140159883B4A3F4904F040FAA1E7284B1B78052B10
S21401599801D03C4A7FE7EB1CDBB2277BF45C44B1C1
S2140159A823460020374A384904F02EFA00210C46CF
S2140159B80BE00F2F0DD81023204634490093314AA7
S2140159C83B4604F021FA802401210020FFF726FB3C
S2140159D8E1E60435EDB220462A4A2D4904F014FAC8
S2140159E87A1B7119D2B206A824F09DFF05443A46DF
S2140159F8E9B2304626F012F9264D069A2B68264F4C
S214015A089A42386001D100284AD1244900201D4A0B
S214015A1804F0FAF985240121D7E700BFBD60040028
S214015A285CD20400D560040040750020036700209E
S214015A3804610400006700207A61040082610400A2
S214015A480A6204001F6204004861040055610400EC
S214015A58AA610400B7610400D4610400346204003A
S214015A683C620400566204001FD2040074620400FB
S214015A78C9660400AE620400D8620400006304002C
S214015A88276304005B63040075630400A4630400D1
S214015A98BB630400E4440020F4440020E4630400EB
S214015AA800F08EFF3E68B0420AD200F089FF9D4999
S214015AB803463246204604F0A7F98924012184E7E3
S214015AC8079A6B689A4205D12046974A974904F087
S214015AD89BF96BE79649097859B19A4209D220464B
S214015AE8944904F091F996210620934AFFF7E8F9BC
S214015AF85CE7924A924905A801F0DCF9079E48B985
S214015B086A68964206D88F4904F07EF90520FFF7A1
S214015B18C3FB40E6324600208B4904F075F9396824
S214015B280027002000F042FB00206E60FFF74AF9CC
S214015B38864B06201F80FFF719F9854B1F7001F069
S214015B48B1F90646F8B94FF6FF73824A0AA81188D2
S214015B58994214BF13463B466A88298801F012F910
S214015B680AA800F0D7FC58B10AA801F0DDF938B147
S214015B783046794904F048F90420FFF757FB0AE64E
S214015B88FFF7F8FB07E6042805D1744B19211878A6
S214015B9825F061FAFFE538467149EBE7714B1B784A
S214015BA8062B01D0704A76E6DFF8A0A1EB1C94F824
S214015BB80C90BAF80080DBB22EB930466B4904F077
S214015BC823F98724E7E5F75C2C1D972FE4B22FD03D
S214015BD825D8812F71D0952F67D017BBB9F1100F33
S214015BE87FF6E7AD31194A460AA824F09CFE04441C
S214015BF8E4B221464A46304626F010F8231DDBB2A9
S214015C08053416F803A0E4B2A9EB04035345054688
S214015C1866DA009338465346534A5549C7E5982FDE
S214015C2843D03B460020504A524904F0EDF8C8E7F5
S214015C38B9F10A0F7FF6BDAD1FFA89F721463A4634
S214015C48304625F0EBFF05F1080104463A46C9B28D
S214015C58304625F0E3FF0AAA01462046FFF736FA42
S214015C6808B9454B0A93B9F10C0F12D905F10C0185
S214015C783A46C9B23046DDF8288025F0D2FF0446F8
S214015C8802463E49002004F0BFF8AAF80040444402
S214015C980A940A9C3A492246002004F0B5F82046A0
S214015CA8FFF7A4F824F037FE11E63649002004F081
S214015CB8ABF80320FFF7BAFA09E6334C23786BB141
S214015CC824F01CFE50B10020304904F09DF8002352
S214015CD8237024F020FEFFF74DFBF8E52C49E5E795
S214015CE8DFF8A49099F8003043B9FFF7D1F8854258
S214015CF8034607D01C4A27490095E5E524F005FE2A
S214015D080128F2D110220D480AA909F0BBF810B9EA
S214015D18BAF13F0F42D9144A1F49002004F074F81B
S214015D284FE700BF036404005B6304003B640400A0
S214015D38FC66002070640400C0270900E4440020C3
S214015D48F4440020FF5E0400B1640400EA5D00200C
S214015D5802670020EC5D0020D3640400A3750020D0
S214015D68F264040003670020186504002D6504002A
S214015D785A6604003C660400E09304006865040063
S214015D8893650400B2650400FF660020CE65040032
S214015D980D66040096660400D26604006D4B187002
S214015DA899F800304BB124F0A9FD30B1284624F00B
S214015DB8A8FD042807463FF48AAD514628463219FD
S214015DC824F0E2FE28B10020634904F01DF80420FF
S214015DD870E799F80030554463B124F08FFD48B157
S214015DE8FF2FF4D0012F3FF472AD032F16D124F004
S214015DF890FD05462846FEF7E5FF044602460521BE
S214015E08564824F0B7FD564B1B689C420AD32046D9
S214015E1824F0B5FE0520FFF73FFA58E524F077FD94
S214015E288046E7E74046FEF7E1FF00287FF44FADDE
S214015E3851E74C4B1B7803F0FD03082B01D04A4A67
S214015E4829E5A48935B1F27822B10020474903F043
S214015E58DBFF2EE7E4B22246F11C0AA824F063FD14
S214015E68434BBDF828201988054691420DD04FF6B8
S214015E78FF718A4209D03C4A00203E4B3E4903F056
S214015E88DDFFBDF828203D4947E7BDF82A20598897
S214015E9891420CD04FF6FF718A4208D0324A002050
S214015EA8374B354903F0CAFFBDF82A20EBE70B9AB2
S214015EB85B689A420AD0013208D02B4A2E49002044
S214015EC8304B03F0BBFF0B9A2F4926E7A4B2E91C17
S214015ED82246C9B2304625F0A1FEE91DC9B20746D9
S214015EE82246304625F09AFE431C014606D1082074
S214015EF8FEF73CFF2548FEF779FFE8E4384606AA90
S214015F08FFF7E4F8A8B9214B0693214B002219782C
S214015F18204B187824F0E3FC069C2046FEF766FF23
S214015F28224600201C4903F06FFF0920FEF71EFFDA
S214015F38CDE440F6B733069A9A42E6D840F6B83228
S214015F480020164903F060FF40F6B833DCE78124E9
S214015F5821E400BF026700200567040028670400E3
S214015F68F4440020036700203167040046670400F4
S214015F78E4440020C86204006D6704002658040043
S214015F88F262040088670400856F040080EE36001C
S214015F98A2750020A3750020C06704009567040059
S214015FA808B50420FFF742F90020FEF7DFFE0023BC
S214015FB8054A19211370054A1370054B1878BDE870
S214015FC8084025F048B800BF006700200167002098
S214015FD8A375002010B5164B164C1A78164B0020E0
S214015FE853F82220154903F00FFF2178144B154A60
S214015FF80020002918BF1A46134903F005FF237825
S2140160082BB1124B00201A68114903F0FDFEFEF76A
S2140160183FFF0446FEF73CFF0E4B196824F09DFC33
S2140160282246BDE8104003460B49002003F0ECBEAB
S214016038036700200067002030D20400DC670400F4
S214016048B26E0400936E0400E9670400E044002081
S21401605803680400F44400201C68040038B50146AF
S21401606804460020FFF788FB054698B1E37C00202C
S2140160780A4A0B4903F0C8FE2379042B0AD029469D
S214016088204625F0B5FE034620B10020054A0649FC
S21401609803F0BAFE6FF0FF0038BD00BF404B0400A6
S2140160A8446804007A6104008261040010B513464E
S2140160B8094A127882420DD163B1084A0020146851
S2140160C80A46074903F0A0FE2146BDE81040012014
S2140160D8FFF752BB10BD00BFA3750020444800203F
S2140160E86668040010B50D4B1C782CB1BDE810404D
S2140160F800200B4903F088BE6420FEF763FE4FF6C6
S214016108F0716FF00F02074B0320C3E90012224615
S2140161182146BDE81040FEF7D3BE00BF0367002046
S2140161289F680400E4440020014B1870704700BFC4
S214016138FF66002000210620014AFEF7C1BE00BF07
S214016148C0270900014B1870704700BFFC66002085
S214016158114B2DE9F04107460D4618680F49101AEC
S214016168096824F0FAFBDFF840800D4E98F80040E5
S2140161780346FF2C307004D0A8420AD32C44A04210
S21401618807DB3A460020074903F03EFE337888F8D5
S21401619800303078BDE8F081FC440020F844002047
S2140161A804670020CD690400A475002050EA0102A6
S2140161B808D0FF22054B091A1A70054B1860054BC3
S2140161C81960704711461046FFF7C2BFA475002034
S2140161D8FC440020F84400202DE9F04FAFB006AD8E
S2140161E8284600F0FDFD0026624FDFF8D0912846CC
S2140161F800F090F9044648B900F0BEFD5E49024633
S214016208204603F001FE2FB0BDE8F08F3946002086
S214016218F2B203F0F9FD284616A900F0FFFD044680
S21401622820B15649002003F0EFFD8FE0BDF8582055
S214016238534903F0E9FD49462046BDF85A2003F0C4
S214016248E3FD2046BDF85C204E4903F0DDFD2046FF
S214016258BDF85E204C4903F0D7FD2046BDF8602006
S2140162684A4903F0D1FD2046199A494903F0CCFD65
S2140162782046BDF86820474903F0C6FD2046464932
S2140162880DF16A0203F0C0FD44492046239A03F043
S214016298BBFDBDF85C30D90705D520469DF8902092
S2140162A83F4903F0B1FDBDF85C309A0714D50020CC
S2140162B83C4903F0C3FDBDF85830B3F5807F4FD194
S2140162C8002025F0F5FC18B10DF1910003F01EFD34
S2140162D80020354903F098FDBDF85C305B070BD507
S2140162E80020BDF8B220314903F08EFD0020BDF82C
S2140162F8B4202F4903F088FD062228460DF116031F
S2140163080AA924F059FB044690BBBDF81620294972
S21401631803F07AFDDFF8A8A0DFF8A8B00DF1280889
S214016328BDF81610A2B2914210D9B8F8002051460D
S214016338002003F069FD0134D8F8042059460020EE
S21401634803F062FD062C08F10808E9D16C462046E0
S21401635800F05AFD94E80F00013685E80F0046E77D
S2140163680123202200200DF1910103F0B1FCAFE7D3
S214016378114957E7DF690400AC6B0400E8690400BB
S2140163880C6A0400406A0400596A0400726A040030
S2140163988B6A0400A46A0400BD6A0400D26A040079
S2140163A8EE6A0400076B04001C8104001A6B0400E3
S2140163B8336B04004C6B04007F6B0400256A0400F1
S2140163C85D6B04006D6B04002DE9F04188B004ADE7
S2140163D8044628468846002700F002FD6E464745D3
S2140163E807D195E80F0084E80F00204608B0BDE8FD
S2140163F8F081304600F008FD96E80F0085E80F00AA
S214016408284600F087F801370028E8D1014B0FCB62
S214016418E9E700BFD4D404001FB5D0E9023253F827
S214016428223068461978FFF7CFFF684600F07CFDF2
S21401643848B1042809D1074A0020074903F0E4FCBB
S21401644805B05DF804FB054AF6E70020044903F0A9
S214016458DBFCF5E748750400C76B0400FE6E040014
S214016468D364040010B5D0E9023203EB820149680F
S21401647853F8223098B00C6804A81978FFF7A4FFDF
S21401648803AB40220093214608AB04A800F0E2FCC7
S214016498024628B100200E4903F0B6FC18B010BD1C
S2140164A8039808A900F007040122C0F3C70003F007
S2140164B855FC039908A8091B0144064801232246EE
S2140164C8008803F005FC044803F03EFCE6E700BF3D
S2140164D8D76B0400085E00201C810400F0B5044652
S2140164E80D460B4BEF880FCB84E80F00AB882E893F
S2140164F89B0741BFD5F83900D5F83D1004F10803CC
S21401650803C3EA682046278066806260F0BD00BF44
S21401651868D20400102208B5034908F0B3FC003815
S21401652818BF012008BD00BFD4D4040008B526F062
S21401653816FCC288FF219208012A38BF01220248A8
S21401654823F08CFD012008BD0C45002038B5134604
S21401655890B10120274A1070274A00201160274A67
S21401656813600A46264903F04FFC02F09DFB254BB3
S2140165781870022002F09EFB26F00CFCE8B91D4DAF
S2140165881D4C2B782BB926F0EAFB2268C368134406
S21401659823601A4B24681B689C4229D226F0DFFB2D
S2140165A8C168204606F0AAF8002402462C7050B9A5
S2140165B826F0F0FBFFF7BAFF03E0FFF7B7FF002866
S2140165C8DDD0012038BD20460F4903F01DFC0D4BD8
S2140165D8187802F06FFB00200C4903F015FC00F058
S2140165E891F908B900F0AEF92046FFF7B7F8E8E7E1
S2140165F80124ECE70667002004450020004500203A
S214016608FE6B0400056700202A6C04004A6C04002F
S21401661838B500F04BFA044600F042FA241A26F080
S2140166289EFB054618B9B1211B482CF088F9AB88A2
S21401663803F00303032B03D0B22117482CF07FF98C
S21401664800F02EFA054624F02AFA01238340013B7E
S2140166582B4203D0B42110482CF071F924F01FFA0C
S21401666801238340013B234203D0B5210A482CF07D
S21401667866F905F019FE054624F011FA4FF4806311
S214016688B3FBF5F3C440A34205D2BDE83840BA21AE
S21401669801482CF054B938BD606C0400FF2108B5D8
S2140166A8044823F0ECFCBDE80840002211461046D9
S2140166B8FFF74CBF0C450020F7B504460E4600F020
S2140166C889F8054626F04BFBC3682B449C4220D329
S2140166D824F0E5F92C44C440013C114F3B68DEB177
S2140166E8A34219D101340023ADF8043000F0E4F9CF
S2140166F8054605F0D9FD103504FB005405F0D4FD18
S21401670801A90246204605F021FE24F0D8F9386092
S21401671804E04FF0FF34E0E7A342E4DB03B0F0BD4A
S214016728207100204FF0FF320A4B10B51A60002284
S214016738094B1A7000F0B4F9044600F0B7F921467F
S21401674802460120FFF702FF00280CBF01200420A3
S21401675810BD00BF207100200767002038B500F083
S214016768D1F808B9002038BD094D0A4C2B7823B951
S21401677824F0A5F9012320602B70246824F08FF9F2
S21401678801348440EED000F025F82044EBE700BF42
S214016798076700202071002070B50D4C2368002B78
S2140167A801DA012070BD00F07BF9054626F0D7FA1C
S2140167B82468C66824F073F9013404FA00F1294400
S2140167C801208A19FFF7C2FE0028EAD00420E9E76B
S2140167D820710020024B18680C3024F0A0B900BFC5
S2140167E824710020FF2307B50021044A04480093BA
S2140167F8FBF75EFF03B05DF804FB00BFA56601006A
S2140168080C4500200E4B70B51C680546036804F558
S21401681882641C440E46FFF7DDFF2B68834208D2CC
S21401682832681A44824208D9C31A012033602C60A0
S21401683870BD044A126813441C1A0020F7E700BF0B
S21401684824710020084500202DE9F04FB3F5803F5C
S21401685887B00F469846019003D3002007B0BDE8DD
S214016868F08F03A904A8CDE90332FFF7CBFF002474
S214016878824600F10109DFF888B05FFA89F9019BC1
S214016888DDE90356AAB27BB13046109926F06EFAB6
S2140168980028E2D1B9F1020F2BD1DBF800300493BE
S2140168A8019B03BB2F4421E03946304605F04EFDD7
S2140168B80028D2D1BAF1000FECD0002CEDD105F0AA
S2140168C8F3FC2E44B6FBF0F303FB10600028E4D07B
S2140168D805F0EAFC05A902463046059405F036FDA2
S2140168E80028DAD0B9E7109B2B441093A8EB0505CE
S2140168F80395631C4B454FF00104C0D32046ADE712
S214016908084500207FB56B460C4A1068516803C3DA
S21401691890680C2218600A4B0DEB0201186826F0E5
S21401692825FA0C2268460DEB020108F0ABFAB0FA1C
S21401693880F0400907B05DF804FB00BF78D2040078
S214016948247100201FB5084A01AB1068516803C3BB
S214016958906801A91860054B0C22186805F0F6FC2A
S21401696805B05DF804FB00BF78D20400247100204E
S214016978F7B5044615460E4681B9072A03D80024FA
S214016988204603B0F0BD0D4B80791968E3790630CF
S21401699800EB03200C3180B224F0CBF80027214607
S2140169A82B46324638460097FFF74EFF0446002826
S2140169B8E5D039467019FFF77FFEE1E7247100201C
S2140169C8024B1868A0F50060704700BF30710020C0
S2140169D810B58AB0684606F09DF810F0FF0027D17A
S2140169E8009BFBB1174C01A9206006F00BF810F0CC
S2140169F8FF001DD12268009B9A4204D34FF4DD7133
S214016A0811482BF09CFF019B104A11491360029A0A
S214016A1813440B600F49A3F500630A600E4A13601E
S214016A28009B63B940F2CF1107482BF088FF06E0B8
S214016A38044A034612680020084903F0E5F90AB03B
S214016A4810BD00BF28710020136D04000845002002
S214016A582C7100203071002024710020BB6D0400C9
S214016A6808B5FFF7B5FF26F07AF950B126F077F9A1
S214016A78064B02691B689A4203D2B32104482BF0DD
S214016A885EFFFFF7C5FD012008BD00BF307100207D
S214016A98136D0400014B1868704700BF2871002069
S214016AA8014B1868704700BF08450020014B18685D
S214016AB8704700BF2C710020014B1868704700BF53
S214016AC82471002010B5FFF749FE04462849002026
S214016AD803F09AF90020274903F096F90020264981
S214016AE803F092F90020254903F08EF9244B002083
S214016AF81A68244903F088F922462349002003F03E
S214016B0883F9FFF767FE21490246002003F07CF966
S214016B181F4B00201A681F4903F076F91E4B1F4CBD
S214016B281A6800201E4903F06FF9226800201D49E3
S214016B3803F06AF94FF4806200201B4903F064F9F8
S214016B48226800201949103203F05EF922680020F5
S214016B5817490C3203F058F922680020154902F546
S214016B68826203F051F9BDE8104005F0D1BA00BFC2
S214016B783A6E0400776E0400966E0400B66E040042
S214016B8828710020E16E0400006F0400236F0400E2
S214016B9808450020466F04002C710020247100204F
S214016BA8696F04008C6F0400AF6F0400D26F040095
S214016BB8F56F0400187004002DE9F04194B00446FE
S214016BC80D460020482102AA23F0C4FF18B95349EC
S214016BD803F01AF919E060220021204607F006FEA4
S214016BE804224F4902A808F04DF990B16DB19DF8FD
S214016BF80B30002001939DF80A309DF80820009379
S214016C0848499DF8093003F0FFF8012014B0BDE8A3
S214016C18F081BDF80C20B2F5807F228003D042496E
S214016C2803F0F2F8F1E7BDF81420BDF80E10228142
S214016C38DDF816206180E2600499BDF81A206160CB
S214016C48228284F8320007AD04F112020FAE2B46F9
S214016C5803CBB342106051601D4602F10802F6D11B
S214016C680F9B324A63631360314B1022184600218A
S214016C7807F0BCFDE288A388028022894280E26888
S214016C8842600BB90020C1E700263546A388D9071C
S214016C9809D536B105F150026A4412F8482C84F831
S214016CA838200135EDB29A0714D5208823F068FEFE
S214016CB807466EB102AB03EB05080246414604F1EE
S214016CC8390007F023FF3A4641461A4807F01EFFE7
S214016CD82F44FDB2A3885B070DD556B105F15003C5
S214016CE86B4433F8482C33F8463CA4F85A20A4F8E9
S214016CF85C300435EDB2002EC4D1482D02D9304699
S214016D080D4965E72946382002AA23F023FF08B96A
S214016D180A495DE738250126B8E700BF3B7004003D
S214016D2884D204006D700400A37004002C45002072
S214016D383045002038450020BE7004000E7104005E
S214016D4830B50B4C99B025786DB9FFF789FE68B157
S214016D5829466846FFF730FFB0FA80F0054B400930
S214016D68187001232370002019B030BD0120FBE7FD
S214016D780867002009670020014B1878704700BF94
S214016D880967002070B51E46134B044618881D4631
S214016D98884298B002D15B88934206D00F4B0FCB3E
S214016DA884E80F00204618B070BD96B100216846E9
S214016DB8FFF702FF0028F1D1BDF804305B0708D5BC
S214016DC83388BDF85A209A42E8D8BDF85C209A4222
S214016DD8E4D395E80F00E3E730450020D4D4040057
S214016DE8064B10B51B7804462BB9054B0FCB84E828
S214016DF80F00204610BD034BF8E700BF09670020C7
S214016E08D4D404003045002010B50446024B0FCBFD
S214016E1884E80F00204610BDD4D404000B4B10B5EF
S214016E281B78044608467BB10021FFF7C5FE48B922
S214016E3810222146064808F025F8003818BF012018
S214016E48C0B210BD0120FBE70120FAE70967002060
S214016E58304500202DE9F0410E4690460E49102295
S214016E681F4608F00FF8044670B90C4B3A461D68E1
S214016E783046AD1B454528BF4546294623F06AFEE0
S214016E8828B9074902F0C0FF0120BDE8F081069B3A
S214016E9820461D60F9E700BF304500202C4500203C
S214016EA80E7104000022024B1A70FFF73BBC00BFAC
S214016EB8096700202DE9F0419CB00F46164680462A
S214016EC8FFF74CFC054602461549002002F09CFFD8
S214016ED8382D20D9012104A8FFF76EFE0446D0B943
S214016EE8119B04A93B606F463846FFF7F7FA97E807
S214016EF80F0086E80F00119BAB4297BF01210324C0
S214016F08084AC8F8003094BF1170C8F800502046E7
S214016F181CB0BDE8F0810022024B01241A70F6E786
S214016F28407104000967002070B5084D00262B78CB
S214016F3853B1FFF7F7FB04461022002104482E70D0
S214016F4807F054FC204670BD3446F5E70967002073
S214016F583045002008B50020064902F055FF064BCB
S214016F6800201A78054902F04FFFBDE80840FFF7F0
S214016F78A9BD00BF5F71040009670020897104007C
S214016F8803460120024AC3E9032000221A7070470B
S214016F980100FEFF2DE9F0410024264E264FDFF8BA
S214016FA8A88088B000F0D4F9A5B2854202D308B00B
S214016FB8BDE8F081284603A923F002FEA2B23146B5
S214016FC8002002F03BFF9DF80D2012B39DF8121029
S214016FD8BDF81030402914BF6E2179210020CDE973
S214016FE800313946BDF80E3002F028FFBDF81420EE
S214016FF81AB10020114902F021FF9DF80C00BDF8D6
S214017008182070B9079B0E490093BDF81A3002F094
S21401701815FF00200B4902F0F7FE01342BF09CFC0B
S214017028C0E7BDF81C304146009300209DF81A3091
S214017038EDE700BFA2710400A8710400CB7104003B
S214017048D57104001C810400FC71040010B500F021
S214017058ABFABDE810400346024A0020024902F096
S214017068D3BE00BF777D0400953C0400D0E9023208
S21401707853F8223010B5188800F086FABDE810409B
S2140170880346024A0020024902F0BEBE24720400EA
S214017098953C040010B5D0E90232002486B08DF87C
S2140170A8044053F8221003EB8203097801A88DF8EF
S2140170B805105A681288ADF806209A681288ADF845
S2140170C80820DA681278ADF80C40A24214BF4022B4
S2140170D880228DF80A201A691288ADF810205A699C
S2140170E89B691288ADF812201B68059300F0D0FB47
S2140170F8034A03460349204602F086FE06B010BD41
S214017108C6500400953C040038B50024064D2BF003
S2140171180FFC45F824000634C02CF8D10020BDE841
S2140171283840024902F070BE801000202B7204001D
S21401713830B5002087B0204902F066FE00201F49BE
S21401714802F062FE00201E4902F05EFE2BF0F0FB04
S21401715800240546A0B201A9013423F031FD202CF4
S214017168F8D12BF0E5FB1749421B002002F04CFE34
S2140171781549002002F048FE2BF0DAFB04460120F0
S21401718800F09EF82BF0D4FB0E49021B002002F0FB
S2140171983BFE0E49002002F037FE2BF0C9FB0446E1
S2140171A823F0FFFC2BF0C4FB021B0020054907B0A7
S2140171B8BDE8304002F028BE57720400867204000B
S2140171C8B6720400D3720400E2720400FC72040072
S2140171D810B50C4603F07CFD08B9032C12D101F05A
S2140171E859F904280ED001F055F905280AD00648A1
S2140171F802F0BAFC1C2801D124F080FCBDE810403E
S21401720802F0C2BC10BD00BFB5AB03002DE9F04FBC
S21401721800274FF0FF36DFF8A4B0264C87B0BBF83E
S2140172280030B8B2834209D8731C3BD03246FF21DE
S214017238214807B0BDE8F04F22F010BF01A923F09E
S214017248BFFC9DF8050001F05BFFF8B19DF80480CE
S214017258B8F1000F1AD1BDF810A0BDF812902BF0A6
S21401726867FB18210246BBB24B43E018E158007C85
S2140172784FF47A73A2EB010C50B103FB0AF3634592
S2140172880ED30B44981A864228BF06460137C6E72E
S2140172984D466B43FAD06345F5D31944881AF2E78D
S2140172A84046F0E7FF21044807B0BDE8F04F22F05A
S2140172B8E6BE00BF8010002040450020EE5D00209D
S2140172C82DE9F041014688B058B1022810D023F0C4
S2140172D891FC78B3D221194808B0BDE8F0412BF0EB
S2140172E82EBBFF23164A17480093FBF7E1F9EEE792
S2140172F800244FF001082746134EA5B2284603A9D5
S2140173088DF80D7023F05CFC9DF80D0068B101F056
S214017318F7FE20B19DF80C300BB986F810800134C1
S214017328202C06F11806E8D12546084B1D80FFF7E4
S2140173386DFFCCE708B0BDE8F08100BF1C73040000
S2140173487D7601004045002080100020EE5D00207B
S214017358014B1888704700BFEE5D00202DE9F04FFD
S214017368634A077D89B004466249002002F066FD3B
S214017378002024F09DFC20B12368218A588803F058
S214017388F5FC00205C4902F03FFD637DDFF874914F
S214017398002B236808BF08205988574B18BF0020C0
S2140173A80093228A4FF0090314BF4FF080084FF06C
S2140173B8400802F089FBA289BB1C93420CDB24F02F
S2140173C811FD034620B100204C4A4D4902F01CFD30
S2140173D8012009B0BDE8F08FA068791C89B2C55DA7
S2140173E824F01FFC0337012D0646BFB213D82368C5
S2140173F8324659885879238A0093434624F059F827
S214017408824600283ED1862002F026FC284602F055
S21401741823FC304668E08520F6E703A923F0D0FB75
S2140174289DF80C30AB4223D123689DF80D105A798C
S21401743891421DD1BDF80E105A88914218D1BDF857
S2140174481020B24214D19DF81220424510D1BDF841
S2140174581410228A91420BD1002D38D0BDF818108D
S214017468E288914204D19DF81A201B799A422ED0BF
S2140174780BF1010BB9F800305FFA8BF08342CCD8D8
S2140174888B20C1E74FF0000BF4E79AF8020002F0F0
S214017498E3FBBDF8180024F087FBBDF81A0024F0BA
S2140174A883FB9AF8020003F081FE002883D19AF83C
S2140174B8020001F0F7FC0546079E002D3FF47BAF5E
S2140174C8F0B2013D02F0C8FB360AEDB2F5E700203E
S2140174D802F0C2FB284602F0BFFB304624F064FBEC
S2140174E8012DD2D1BDF81C0024F05EFB63E700BF76
S2140174F8AB730400836704001C810400B87304009E
S214017508D5730400EE5D00202DE9F04391B069467D
S214017518804623F055FB0023194F8DF80130388833
S214017528431E98B28045388009D16946404623F003
S2140175384FFB684623F033FB11B0BDE8F0834FF0EC
S214017548180905A923F03CFB0E4C3E880AAD09FB39
S21401755806460FCE0FC596E8030009FB084485E8E2
S21401756803000AAE404605A923F032FB0FCE0FC42E
S21401757895E8030084E8030069463888D7E700BF22
S214017588EE5D00208010002008B5064B1B8883425C
S21401759805D9FFF7B9FFFFF739FE002008BD2720F8
S2140175A8FCE700BFEE5D002038B5074D2C882CB9E6
S2140175B8FF21064822F063FD204638BD601E80B2D2
S2140175C8FFF7A2FFF2E700BFEE5D0020404500206E
S2140175D82DE9F3479A4618239DF82890244FCDE9BC
S2140175E8001203FB09731446D3E9022324F0D9FCDD
S2140175F8064620460D4603F0D9FD04F0FD03382B58
S21401760880460FD1009432462B460021DAF8100046
S21401761823F001FBB8F1010F1BD135431ED102B08F
S214017628BDE8F087392CDAF810300BD107EE906AEE
S21401763807EE103AF4EEC77AF1EE10FAACBF012065
S2140176480020E7E79E4275F100032CBF01200020C9
S214017658E0E7B8F1000FE2D10028E0D0182303FBD9
S214017668097701233B7402B0BDE8F047FFF7CEBDAA
S214017678801000202DE9F04F00252E46A846AA4680
S2140176882C46DFF8BC91D1B0694BA8B21B8883425F
S21401769809D81CB161882079FFF79AFDFFF7B6FD76
S2140176A851B0BDE8F08F0BA923F08AFA2BF040F908
S2140176B81823AFB27B4309EB030B59F80330059047
S2140176C89DF82D00049301F01BFD002800F0AE8004
S2140176D89DF82C10002940F0A980DDE90432D01A63
S2140176E84FF47A72BDF838305343834200F29E80D5
S2140176F89BF8103043B9BDF83A30002B00F096805D
S2140177085343834200F29280FD230022CDE90132E1
S21401771810AB00930DF119020DF11A03E9B20BA88B
S214017728EEF7F6FD002877D1BDF81A30DA1C049377
S214017738D2B214B33F4B9DF82D101B8813442279FF
S214017748914214D1BDF82E10628891420FD19DF84E
S2140177583220B8EBD21F0AD1BDF83420524506D1E3
S214017768B3424DDD0020344902F04EFB01E0B3423E
S214017778F8DC61882079FFF72BFD02F041FA044610
S2140177889DF932002D4BC043C00F0093BDF834203D
S2140177980A23BDF82E10C0009DF8328002F094F935
S2140177A89DF82D304FF0000B23714FF48A53FF26B6
S2140177B8BDF834A04FEAD818E38007A95FFA8BF022
S2140177C824F09EFDC0B2B0B99DF81D109DF82D207D
S2140177D8914210D1BDF81E10BDF82E2091420AD153
S2140177E822469DF829109DF81C0024F004FBB0429F
S2140177F828BF3046C6B20BF1010BBBF1200FDCD116
S214017808BDF8300024F0D0F99DF8190002F024FAEA
S214017818049910A802F034FA182300225F4309EBF2
S21401782807031A742BF084F849F8070001352BE78B
S214017838EE5D0020F85D0020947404001C810400AD
S2140178488010002070B500240126104D8AB02B88C0
S214017858A0B2834204D80AB0BDE87040FFF7D6BC90
S21401786805A923F0ADF99DF8150001F049FC50B1C2
S2140178789DF814303BB91A46CDE901360093E1B2BA
S21401788805A8EEF745FD0134E1E700BFEE5D0020EF
S2140178982DE9F0430389DFF858818BB0B8F80090DA
S2140178A800930446837982884188407823F001FE54
S2140178B8002800F09580E78927B1A389BB4200F22A
S2140178C891800027B8F80030BDB2AB4214D84D46B7
S2140178D801264FF6FF73E2899A4226D146B9B8F8CF
S2140178E80030AB4202D92846FFF70EFEFFF78EFCA2
S2140178F800200BB0BDE8F083284605A923F060F9FF
S2140179089DF814307BB92268059B5340FF2B0AD893
S2140179186368069E5E4036F07F4604D1BDF81C209B
S21401792823899A42D5D00137CCE7E2689A422BD010
S214017938002E53D1D4E90323CDE9082305A823F063
S2140179482EF90028D5D1B8F80030AB4204BF6B1C1D
S214017958A8F800302AF0ECFF18236B43234AE9B253
S214017968D050D418002305A81A46CDE90133009350
S214017978EEF7CEFC18B100220023C4E902232846FC
S21401798805A923F025F9B1E7234605AA04F1100C49
S214017998174618685968083303C763453A46F7D146
S2140179A81868386005A823F0FDF80028C0D01F2DF8
S2140179B81AD800238DF8143063788DF8153063884B
S2140179C8ADF81630A388ADF81830A3798DF81A30BB
S2140179D82389ADF81C300028B0D1ABE70020E6E7D4
S2140179E8862086E7872084E7892082E780100020A2
S2140179F8EE5D00202DE9F04FB04A90F814908DB056
S214017A080446AF49002002F019FA002024F050F984
S214017A1820B12368218A588803F0A8F90020A949CB
S214017A2802F0F2F9637DDFF8B8A2002B14BF8023B9
S214017A3840230293236808BF08205988A14B18BF22
S214017A4800200093228A072302F03EF800230393BE
S214017A58A28909F10305954211DB039B13B9184660
S214017A6802F0FAF824F0BEF9034620B10020964A3F
S214017A78964902F0C9F901200DB0BDE8F08FA0685B
S214017A8809F1010189B210F8096024F0CAF83246F2
S214017A98804603468E490020ADB202F0B5F98EB194
S214017AA8012E00F08A808527384602F0D5F8304640
S214017AB802F0D2F8404624F077F8852FD2D0012379
S214017AC8039376E0A06809F10401A28989B2475DAB
S214017AD824F0A7F809F10601A289049089B2A068E2
S214017AE824F09FF83A4605900090049B3046794961
S214017AF802F08AF909F1080938461FFA89F503F0F0
S214017B0855FB002857D1384601F0CCF929460346DB
S214017B188146A289A06824F075F86F4983463046E5
S214017B2802F08CF9A1684A4629443346304602F0E9
S214017B38CFF83046634902F067F9A9441FFA89F578
S214017B482368424659885879238A0093029B23F072
S214017B58B0FC18B18378BB4240F0AC80483FFFB216
S214017B68092F05D840F21133FB40DB0700F1A4804A
S214017B7800238DF81C30236807A85A798DF81D2034
S214017B885B88ADF82080ADF81E30029BCDF82CB08E
S214017B988DF82230238AADF82430049BADF82830BE
S214017BA8059BADF82A30FFF773FE074600287FF4D9
S214017BB87BAFA9464CE7B346C2E72946A289A06827
S214017BC824F02FF84FF0000B0246074643490020E1
S214017BD802F01AF909F10509BAF800301FFA89F511
S214017BE8BAF800201FFA8BF94A4503D81F2B31D95A
S214017BF8892759E7484607A9049322F0E1FF9DF82B
S214017C081C20049B012A22D122689DF81D00517967
S214017C1888421CD1BDF81E005188884217D1BDF88C
S214017C282010414513D19DF82210029881420ED1A9
S214017C38BDF82400218A884209D1BDF82800E188C8
S214017C48884204D19DF82A10127991421BD00BF173
S214017C58010BC5E7012299468DF81C202268517947
S214017C688DF81D105188ADF82080ADF81E100299C8
S214017C788DF82210218AADF82410E188ADF8281075
S214017C8812798DF82A2007A8ADF82C7022F087FF04
S214017C98074600287FF408AFBAF8003048469945E9
S214017CA808BF09F1010307A908BFAAF8003022F0A6
S214017CB88FFF7EE78D27F7E68C27F5E6BF7404006D
S214017CC8836704001C81040020750400D573040032
S214017CD8C7740400E47404000575040010750400F4
S214017CE8EE5D00202DE9F04F0746884691460025AF
S214017CF889B09A46BDF848B09DF84C60149C224B52
S214017D081A88A8B2824235D903A922F059FF9DF8EC
S214017D180C201D4BB2BB9DF80D10B94232D1BDF8EF
S214017D280E1041452ED1BDF8101049452AD19DF8AF
S214017D381210514526D1BDF81410594522D13046A6
S214017D48029201F0AFF8A6F14103012B01460AD8C9
S214017D58204623F06CFF0D4B0D4A204484420CD17B
S214017D680421029302ACEDB232462046009503ABDD
S214017D78FFF72EFC09B0BDE8F08F14F8011F4B4041
S214017D885343EBE70135BBE7EE5D0020C59D1C813B
S214017D98930100011FB50F4C2478C4B142EA0322AF
S214017DA89DF818308DF8051042EA43220A4BADF8C3
S214017DB80C201A78094B8DF80610079903EB021365
S214017DC800908DF80400DB6868460291984704B075
S214017DD810BD00BF0A6700200C6700206045002020
S214017DE873B51A4DFF211A4822F049F92B7853B377
S214017DF8184C194E2378180106EB03131A7A59689A
S214017E08305C24F009FB4D281DD0E0B10123002188
S214017E182278CDE900311201B25CC0B2FFF7BAFF91
S214017E280A2223780A480133DBB2B3FBF2F102FBDC
S214017E381133FF2123702B78013B2B7002B0BDE86C
S214017E48704022F014B902B070BD00BF0A67002066
S214017E58004600200C67002060450020F8B5104F4A
S214017E683E780A2E1AD00FC8DFF840C00D4D9CF890
S214017E780040013605EB041585E80F000A23013496
S214017E88E4B2B4FBF3F203FB12440748FF218CF873
S214017E9800403E7022F0EBF80020F8BD0120FCE718
S214017EA80A67002060450020004600200B67002076
S214017EB80021024A0248FAF731BC00BFE97D0100F9
S214017EC800460020002337B50C46124D12492A7881
S214017ED8CDE9003312018A5C01230146E0B2FFF7BF
S214017EE859FFA4B90D490A788AB10A202B78013AB4
S214017EF80133DBB2B3FBF0F40A70FF2100FB143345
S214017F0807482B7003B0BDE8304022F0B0B803B084
S214017F1830BD00BF0C670020604500200A670020BE
S214017F280046002008B500F0BDF850B1054B064ADA
S214017F380649052808BF1A46BDE80840002001F092
S214017F4863BF08BD347504001C8104005575040020
S214017F5808B5032024F07AFA10B90122014B1A70E9
S214017F6808BD00BF0D6700200022024B18781A7062
S214017F78704700BF0D6700200246FF21014822F026
S214017F886DB800BF20460020114B37B51D78C5B91E
S214017F98FF21104822F073F8FFF7DAFF0446009035
S214017FA80D4B28460D4A0E4901F02EFF4CB10D4BDC
S214017FB81B78DB0605D5284624F022FA204622F04F
S214017FC85FFC094B186803B0BDE83040FFF7D4BF23
S214017FD80D6700202046002072750400A075040075
S214017FE8654D0400FB66002034710020FF2101481E
S214017FF822F045B82046002070B51A4E054633785B
S2140180080C466BB30020184A184901F017FF032CD9
S21401801801D0652C20D11649002001F00FFF224619
S2140180280020144901F0F0FE0020134901F006FF74
S214018038012329460822002001F04AFE00200F49A4
S21401804801F0E2FE032C88BF0023204688BF337068
S214018058BDE87040FCF7BEB8012CE0D00849DBE764
S21401806870BD00BF0D670020A07504004F510400C5
S214018078B375040006580400D17504001C81040079
S214018088C9750400014B1860704700BF34710020A1
S2140180980021024A0248FAF741BB00BF917F01005E
S2140180A820460020054B10B51C782CB90448FF2142
S2140180B821F0DDFF204610BD0520FCE70D670020F6
S2140180C820460020F8B50024074B084E1D68084FC7
S2140180D8E3B29D4204F1010400D8F8BD394656F8CA
S2140180E8230021F083F9F3E740F0040044F004008C
S2140180F80072002010B5044C23780BB124F096F9D1
S2140181080123237010BD00BFA57500202DE9F74394
S214018118254B0D4616460446019350B14AB1042331
S21401812801AA12F8011BA94235D0013B13F0FF033F
S214018138F7D1212003B0BDE8F08317F8010F90FAB4
S214018148A0F0000E21F08EFB014608EB07039945C7
S214018158F3DCCAB2C1F30F2392FAA2F293FAA3F39D
S214018168120E1B0E03EB0223DB43621912F8020CF4
S21401817899B2DBB298420CD112F8013CB3EB112F3D
S21401818807D132462146284603B0BDE8F04324F01D
S214018198ADB82320CEE74FF6FF71671EA5F1020999
S2140181A8C4F10108D1E700BF080A0E12F0B515465A
S2140181B88FB00E4607462AF067FC254B02A81C78A6
S2140181C824F038F915F0FD0F3BD028B9BDF8083072
S2140181D89B0701D5032D36D01DF02EFE58B309A8EE
S2140181E824F094F90323306871688DF824300AABBB
S2140181F803C39DF83130012D43F002038DF8313069
S21401820819D105A909A824F079F9002818BF02246C
S21401821823F022FD032D18D80E4B0F4A0020CDE976
S214018228004753F8243052F825200C4901F0ECFD9C
S21401823820460FB0F0BD032DEAD1042C08BF002458
S214018248E6E70324E4E72C46E2E70324F0E700BF69
S2140182580E67002078D4040068D40400D87C040093
S214018268014B1870704700BF0F670020024B1A6851
S21401827818608260704700BF38710020024B18688A
S21401828800B14068704700BF3871002070B50446D9
S21401829800250A4B1B687BB100211E8807E05A6837
S2140182A802EB0110013145B9021B554255418AB20C
S2140182B89642F4D89B68EEE7184670BD38710020E0
S2140182C82DE9F04F1E46002393B0022E0746884636
S2140182D81446DDF870909DF874A0ADF81A3040F297
S2140182E8C08099F800305A0729D5042E40F2B98083
S2140182F899F804B000255F4B33F83520002A00F0C2
S214018308B68001350A2DF7D1209B002B40F0AD80B1
S214018318FF250023207908AA0DF119018DF81930D7
S21401832823F012FC70B1BDF82C309DF8190023809B
S21401833823F08DFC0790C0B113B0BDE8F08F99F813
S21401834802B0D7E7207923F02FF90B28059000F221
S2140183588A80207923F08CFC07900028ECD1464AC5
S214018368059B02EB03135B8823804FF6FF73002FF0
S21401837808BF434662880021CDE900235846524685
S214018388238802F0FDFD18B1E38843F02003E3805B
S214018398209B07A90DA8CDE90D34CDF83C90ADF882
S2140183A84080ADF842608DF844708DF845A023F002
S2140183B8DCFB08B10798BFE7484602F025FDA01D7B
S2140183C802F010FD22464146384623F014FDB0421D
S2140183D827D3E3882246C3F30E03E3809DF87C3057
S2140183E841460393BDF87830384602930DF11A03D7
S2140183F8CDE90093F3B222F04AFE209B079003B31F
S214018408F8B9BDF81A2042B1092D06D81B4B03EB63
S214018418C5018A80209A43F83520112023F077FB7E
S2140184281CE0BAF1000F0AD10DF11A03CDE9006379
S21401843822464B4641463846FAF778FFDDE73820AC
S214018448DBE7052807D1E388DB0607D500230120EB
S2140184580793FFF705FF079B002BDED023F0FCFBF5
S214018468A8E7012068E7212066E71C2064E7EDB24B
S2140184784FE700BF48460020B44600204446002087
S2140184884FF6FF72024B1A805A809A80704700BFD7
S214018498F05D002010B5044C2379FF2B02D123F0A0
S2140184A8F3FF2071207910BDF05D002010B50C4C4B
S2140184B82379FF2B08D1002023F0C9FB20B923F02C
S2140184C8E3FF207123F0C8FB2079022805D0043881
S2140184D8012894BF0020012010BD0020FCE700BF42
S2140184E8F05D00204FF6FF7310B5044C22889A42BF
S2140184F802D123F0BFFF2080208810BDF05D002048
S21401850810B5FFF7BDFF40F61D439842044607D84D
S214018518B0F5416F05D2182826D8152848D829D08D
S21401852810BDA0F541630D2BFAD801A252F823F02D
S2140185387D8501007D8501002985010029850100C9
S2140185482985010029850100298501002985010061
S214018558CD850100DF850100798501007985010057
S214018568798501007985010040F606439842D7D1FE
S2140185781C4920E0FFF7B6FF1B490246002001F020
S21401858843FC152C05D123F05FFFBDE8104023F00E
S214018598F5BA164B164A1749B4F5416F08BF1A467D
S2140185A8002001F031FC23F0E8FA23F0E7FAECE7C3
S2140185B81628DDD11049002001F026FCBDE8104040
S2140185C823F001BC22F04AFEBDE8104002460B49E2
S2140185D8002001F019BC0020BDE81040084901F050
S2140185E813BC00BFFC7D0400A97D04001C810400A7
S2140185F8A47D0400C57D0400E57D0400117E040009
S214018608397E040007B5094A0346108831B9084A75
S214018618084903B05DF804EB01F010BC0091064A66
S214018628064901F00BFC03B05DF804FB085E002068
S2140186389C4A0400597E0400404B0400654D040022
S2140186480D4B37B51B68044693B11D780389012D78
S21401865808BF02250093C37A084A0020084901F09A
S214018668D3FB2146284603B0BDE8304023F0C4BEFC
S214018678022003B030BD00BF80470020CE7E040034
S2140186887D7E0400002010B523F0E1FA0D4B1B682F
S21401869863B15A78052A03D862B1052402220AE092
S2140186A8FF2AFAD00020084901F0AEFBBDE81040C9
S2140186B823F0D2BA1446104623F0FAFE204623F0D9
S2140186C8F5FEF3E780470020D37E040013B5134C6C
S2140186D8002023F0BCFAFFF7D3FE23689BB101A85C
S2140186E822F0AFFD78B923681A789DF804309A42CB
S2140186F809D0D91E032906D9D11E012903D9012A71
S21401870807D1022B05D1032301A8ADF8043023F0C5
S21401871879FE02B0BDE8104023F09EBA80470020DB
S21401872800231946034A01330A2B918042F8081B95
S214018738F9D17047444600207FB50E46054623F01A
S21401874863FE2A46044603460D49002001F05CFBF9
S21401875896B10C4B36211A889B78ADF80C208DF80B
S2140187680E300323002200934FF6FC7003AB8DF8FE
S2140187780D5023F08AFD0446204604B070BD00BFA4
S214018788F47E0400E4D40400FF2810B50C4604D196
S2140187980020044901F038FBFE202146BDE81040C0
S2140187A8FFF7CABF0D7F0400F8B51E460B880746BB
S2140187B80C461546002B64D14A88B1F902100020F0
S2140187C80029B8BF6B78304901F01EFB6288132A6E
S2140187D81DD002F5FF437F339BB2052B23D8A2F5A4
S2140187E80042013A052A1ED8DFE802F0193F1D03A8
S2140187F83C09264A2649002001F006FB13E0254AD3
S2140188082349002001F01AFB2A792349F3E7022EAF
S21401881894BF4FF6FF72B5F801202049EBE7002018
S2140188281F4901F0F1FA33462A462146384624F014
S21401883866FE70B933462A462146384624F061FE5C
S21401884848F2210362889A4203D13846697823F0B0
S21401885884F96388B3F5004F02D9082023F094F908
S2140188680120F8BD2A790F49C5E70F4A08490020B3
S21401887801F0E4FA032E94BF4FF6FF726A880B499B
S214018888B9E70020EDE700BF487F0400707F0400C9
S214018898777F0400887F04008E7F04009C7F040095
S2140188A8B47F0400CE7F0400F07F0400F57F040047
S2140188B82DE9F04116888AB0DFF88C80ADF80E30C5
S2140188C80DF10E03C8F8002015460093324610AB8A
S2140188D807460C46FAF7BCFD90BB109B8DF82400A2
S2140188E80693BDF80E3004A8ADF81C30AB898DF898
S2140188F81070ADF820306B890594ADF81E60ADF8A0
S214018908223023F030F9D8B921463046BDF80E306A
S214018918109A01F0C9FF98B921463046BDF80E30C5
S214018928109AFFF741FF58B9CDE90060394620464D
S214018938BDF80E30109A02F049FB08B9C8F80000D5
S2140189480AB0BDE8F08100BF40460020F0B585B00A
S21401895804AB03E9030000231C469DF80D609DF84F
S2140189680E70154AD9B202EBC1004568EDB99DF8FB
S2140189780C30284600939DF80A209DF80B300F49C5
S21401898801F05CFA26B1324628460D4901F056FA3E
S2140189980C4A0020002C18BF2246BDF808300A49A8
S2140189A805B0BDE8F04001F02FBA12F831100133D6
S2140189B8B94208BF2C46D5E78CD4040007800400CA
S2140189C8188004000B4A04001C8004004FF6FF734D
S2140189D810B5084C88B062889A4207D102A90DF1F1
S2140189E8070022F02CFCBDF810306380608808B0C0
S2140189F810BD00BFF05D00202DE9F04F85B0894617
S214018A0892461C460746BDF83850BDF83C80109E75
S214018A18002833D00346464A0020464901F00EFA9C
S214018A282388002B76D040F20912934274D0424A2A
S214018A384249B3F5827F08BF0A46CDF804806188AB
S214018A48002000913E4901F0F9F9238893B1B8F165
S214018A58020F0FD933783B4913F0010F3A4A18BF72
S214018A680A4659074FF000004CBF3379B3783749A7
S214018A7801F0E4F90020364901F0C6F9002335492A
S214018A8831F83320AA4249D1334A52F833B0002389
S214018A9831F83300DA00A84246D100202E490A44AC
S214018AA8908041F8330047B9238833B9B4F90230C6
S214018AB8002B02DB082023F02AF8012023F064F8B3
S214018AC89EB13578EB0710D515F0040004D0424660
S214018AD80121304623F0A5F8CDE901704346224628
S214018AE851464846009622F0BCFDBBF1000F06D061
S214018AF84346224651464846CDE90067D84743468D
S214018B08224651464846CDE9006722F070FA05B07C
S214018B18BDE8F08F114A90E7114A8EE701330A2B18
S214018B28AED14FF0000BB2E701330A2BB0D1BAE74A
S214018B3848410400438004000C4A040031800400C4
S214018B4851800400348004003C80040082800400C4
S214018B581C81040048460020444600202A80040060
S214018B682E8004000D4BF0B54FF00C0C1F880546FF
S214018B7800230B4EDCB2BC4201D30020F0BD0CFB37
S214018B8804F43019345DAC4205D144888C4202D1D4
S214018B9804799442F2D00133ECE700BF4275002015
S214018BA84871002073B501262B4D2C4C2A462046C9
S214018BB8FF2300210096F9F77BFD2A462046FF236E
S214018BC800210096F9F774FD2A462046FF23002166
S214018BD80096F9F76DFD2A462046FF2300210096E8
S214018BE8F9F766FD2A462046FF2300210096F9F785
S214018BF85FFD2A462046FF2300210096F9F758FD17
S214018C082A462046FF2300210096F9F751FD2A46F9
S214018C182046FF2300210096F9F74AFD2A462046FA
S214018C28FF2300210096F9F743FD2A462046FF2335
S214018C3800210096F9F73CFD2A462046FF2300212D
S214018C480096F9F735FDFF232A46002120460096AF
S214018C58F9F72EFD02B070BD25A903009446002041
S214018C682DE9F84300244FF00C090C4B0C4F1E78E5
S214018C78DFF830803A88E5B2954202D33046BDE83F
S214018C88F88309FB0585FF21A86821F0FFF918B9C3
S214018C98AB799E4238BF1E460134EBE710670020C9
S214018CA84275002048710020014B1878704700BFB4
S214018CB810670020014B1870704700BF106700202E
S214018CC8F8B506460C4622F03DFF0546C8B93046BB
S214018CD822F06AFC0B2815D80B4B03EB00131F7BFD
S214018CE887B95A88012122809A88304662809B7902
S214018CF8237100F037FA39466071304600F032FACF
S214018D08A07101252846F8BDB446002070B5044672
S214018D180E46154622F048FC0B2802D94FF6FF707E
S214018D2870BD094B03EB00131A7B002AF6D146B92E
S214018D3801222946204600F03DFA0028EED0008898
S214018D48EEE7012EEAD1F4E7B4460020FF2313B577
S214018D580DF1070104468DF8073022F0F1FE18B12F
S214018D689DF8070002B010BD074B03EB04131B7BED
S214018D780BB1FF20F6E7204600F03AF90028F8D0B4
S214018D88204600F0E9F9EDE7B446002013B5F6F7FA
S214018D9865FC0446F6F768FC22460346124900209D
S214018DA801F032F800F084FFFFF7BAFC00F0A6F8ED
S214018DB80221084602F074FDFFF764FC41F24900FF
S214018DC823F090FB4FF0FF130093FF2368468DF8BE
S214018DD8043023F065FB4FF4004023F043FB0020EA
S214018DE823F060FB02B010BDD180040038B50546FB
S214018DF822F0C6FE90B9284623F080FA044628B128
S214018E0840F60443984214BF88248D2423462A46F4
S214018E180020034900F0F8FF204638BD8D24FBE703
S214018E28E98004002DE9FF4705460E461746984691
S214018E38BDF83090DDF834A0BDF83840CDF8009084
S214018E48CDE9014AE4B2FFF7D7FD43463A46314633
S214018E582846CDE90094CDF808A024F019FBFF2197
S214018E68034B044A044804B0BDE8F04700F01ABEB4
S214018E78FC5D0020F85D0020E8680020044B0146F0
S214018E881888102240F0404040F48010F7F716BAD0
S214018E98DED10400024B18685968FFF757BD00BFBA
S214018EA8B22C05000123064AD15C814202D1054A4B
S214018EB8D05C704702335F2BF6D10020704700BFA5
S214018EC8E6D40400E7D4040070B500220446094B32
S214018ED81D78094BD0B2854201D8FF2070BD1E7897
S214018EE8A64204D10029F9D05E7BF607F6D40132F2
S214018EF81033EFE711670020B44600202DE9F04152
S214018F0898B06B46304A1068516803C390680CAA3B
S214018F1818602E4B14469C4603F118061546186829
S214018F285968083303C5B3422A46F7D112AA174629
S214018F38274B03F11806154618685968083303C500
S214018F48B3422A46F7D1234A03AB106851684FF05B
S214018F58010E03C3906871681860DCF830000022BF
S214018F6806AB03C30C21EC46B068CDE909221860AC
S214018F78194BDFF86C801970184B0DEB01060B9234
S214018F8806AD09A91CF8010B0132187034F8020B5A
S214018F980C2A588037F8020B83F80DE0988016F8EB
S214018FA8010B03F1100303F80A0C15F8010B08EB83
S214018FB8C00043F8080C11F8010B03F8040CE1D1C2
S214018FC818B0BDE8F08100BF0381040056D804003C
S214018FD86ED804001081040011670020B4460020F2
S214018FE850D50400014B1878704700BF1167002060
S214018FF8034B03EB0013587B00F00100704700BFDA
S214019008B4460020F0B504460846D9B100220E4BF6
S21401901811461F780D4B1D46D6B2B74201D800201F
S21401902810E01E78A64206D09E68F688314489B2BA
S21401903801321033F0E75E7BF607F9D505EB02152A
S2140190480180A868F0BD00BF11670020B446002063
S2140190582DE9F347894690461D46074618B900206C
S21401906802B0BDE8F0870029F9D0002AF7D0002B16
S214019078F5D0002400780DF10601ADF80640FFF79B
S214019088C1FF0028EBD039460DF10602BDF806608F
S21401909822F07FF907460028E1D00DF10602BDF857
S2140190A806A022F09DF90028D9D0C9F80070C8F8A2
S2140190B80000037913F0200219D1DB0614D4BDF899
S2140190C806300C4A564413FA86F612FA86F20BE074
S2140190D81A790C33920642BF13F8092C891889B2FB
S2140190E89842F5D8044A0A4401202A60B8E721467E
S2140190F8024BF5E7346800201267002090D7040079
S21401910808B50021FFF7E0FEFF2817BF044B084605
S21401911803EB0013587B18BF00F0010008BD00BF21
S214019128B44600202DE9F0410D4616461F4622F0AA
S2140191383BFA0B280AD8074C3B4604EB001032468C
S2140191482946BDE8F041806822F0FBB90020BDE859
S214019158F08100BFB4460020014B0001185C70473F
S214019168B446002070B50C4622F01EFA0B281BD810
S2140191780F4B03EB00139A68C2B100231426184656
S2140191881579D9B28D4200D870BD116806FB031156
S214019198097B34B911F0800F1CBF0130C0B201330E
S2140191A8EFE711F0400FF7E70020EDE71046EBE791
S2140191B8B4460020F8B50D46164622F0F5F90B28F8
S2140191C80BD80F4B4FF0140C03EB00139A680023CF
S2140191D81C461779D9B28F4201D80020F8BD10680D
S2140191E80CFB0300017B46B911F0800F03D0AC429B
S2140191F8F4D00134E4B20133ECE711F0400FF5E79F
S214019208B44600202DE9F04F064600243A4B87B0B5
S2140192181B783A4F0093009B9C4207D2FF2E08D03A
S214019228304622F0C1F90B28044606D907B0BDE836
S214019238F08F07EB04131B7B2BBB23014FF00008B1
S214019248019307EB041A14E014221B6802FB053588
S2140192582B89B3F5967F01D929F07EFB4FF00009DB
S2140192684FF00C0B29891FFA89F291420ED808F1A2
S2140192780108019B5FFA88F5FB189B681A79AA42D0
S214019288E2D8FF2ED2D10134E4B2C4E71FFA89F03E
S2140192980BFB00F06B6819180A7912F0100F23D12E
S2140192A89AF800E012F0400F8DF80CE0B5F800E0EF
S2140192B8185AADF80EE00CBF4FF0400E4FF0800E76
S2140192C8ADF8120028468DF810E022F02EF8530764
S2140192D8ADF81400C8780AD50228896800D9096843
S2140192E8002203A822F0FDF809F10109BAE70228CD
S2140192F88CBF89680831F3E711670020B44600205F
S214019308052370B5094A06881488B44208D19578A9
S214019318047B2C403F2C03D90D4201D0506870BD08
S214019328013B02F10802EFD11846F8E700D804001D
S21401933870B50024074D084E2B78E0B2834200D85A
S21401934870BD06EB0010437BDB0701D522F00BFA54
S2140193580134F1E711670020B4460020F8B50C4641
S21401936800210546FFF7B0FDFF2829D0154A06015A
S21401937802EB00135B7B03F001016CB143F00103C0
S2140193881644A142737305D0C4B100B202EB0010B3
S21401939822F0E9F90120F8BD2346F1E77B4311687D
S2140193A82846CA18127BC95AD20921F048FE013448
S2140193B8B268E3B211799942F0D8EBE71427F7E7D8
S2140193C80846E8E7B4460020F0B59446497D20B340
S2140193D839B3012918BF042100254FF6FF702F461F
S2140193E82A46144E3488644511D196F803E01EEADD
S2140193F8010F0CD0B4789C4209D30AB1BC4206D8F6
S2140194081EF0100F03D08AB1BC420CD370B90135D7
S214019418072D06F10406E5D1F0BD002908BF08218D
S214019428D8E70221D8E727460020F0E72746012299
S214019438FAE700BFE4D704002DE9F04F0A9FBDF80C
S21401944824E09DF82C809DF830904C7D78B394B339
S214019458012C18BF04240025194800F11C0C0688A5
S21401946896421ED190F803B01BEA040F19D08678ED
S214019478464516D31BF0100F91F80FA004D0BAF189
S214019488000F0ED0B1F810A0BAF1000F09D1A94506
S21401949813D0AE4511D95E553E88013501363E805A
S2140194A8ADB204306045DAD10120BDE8F08F002C5A
S2140194B808BF0824CDE70224CDE70020F5E700BF62
S2140194C8E4D704002DE9F04F0024B1F57C4F0E4691
S2140194D838BF4FF0010BA246A1464FF6FF781F464C
S2140194E828BF274B85B028BFB3F800B0009001927B
S2140194F85C4503D3404605B0BDE8F08FB6F57C4F12
S2140195080CD3204B3A4603EB840331465B8800981C
S214019518FFF708FE054680B300232AE03A4631469F
S214019528009822F071F8F5E70C229CB254436A6859
S2140195380199105B02EB040C884219D3B9F1000FAC
S21401954801D0504514D861462846CDE9023221F0AB
S214019558ECFE029B60B1039A125BB9F1000F03D0CF
S214019568524501D3804503D9924680464FF00109FA
S21401957801332A899CB2A242D6D80134A4B2B7E7ED
S21401958846D5040048D504002DE9F04F91461A4601
S21401959800238BB08DF82020BDF850208DF81C00D4
S2140195A8ADF81E10ADF8242005460F461A4604A944
S2140195B807A8159C9DF858609DF85CA09DF860B0BA
S2140195C89DF864800493ADF8229021F036FF049844
S2140195D850B92B46CDE90079644A654900F014FC78
S2140195E886200BB0BDE8F08FBAF1000F14D183784E
S2140195F8B34206D050465D4A5E4900F005FC8D2010
S214019608EFE7037913F0010306D11846574A5A497A
S21401961800F0FAFB8820E4E703795B072CD583681A
S2140196285A689B6805920693807822F09CFC049BF6
S2140196380546DF782146022F03463A4610D805A884
S21401964822F04DFC81462B463A46214606A822F0D2
S21401965846FCB9F1010F01D001300DD18720C0E7D2
S214019668059822F03CFC0128F8D02B463A462146BC
S214019678069822F034FCEFE7BBF1000F6FD1049F88
S2140196884FF6FF722146B87821F0EDFD00286BD021
S214019698BDF82430C5B20093CDE902549DF82030B8
S2140196A8BDF82220BDF81E109DF81C00019622F078
S2140196B856FA002895D1BDF82430CDE90254009316
S2140196C8BDF822209DF82030BDF81E109DF81C001C
S2140196D8019622F022F8002883D121469DF86820B9
S2140196E807A821F0FEFE00287FF47BAFB8F1000F33
S2140196F807D03B462046BDF81E209DF81C1021F0D9
S21401970893FFBDF82430BDF82220BDF81E109DF841
S2140197181C000093CDE901649DF82030FEF7E2FABB
S214019728BDF82430BDF82220BDF81E109DF81C0097
S2140197380093CDE902549DF82030019622F00EFAE6
S214019748BDF82430BDF822200093BDF81E109DF800
S21401975820309DF81C0021F0B8FF002041E70020CA
S214019768064900F051FBF8E701203AE71D8104009D
S2140197782981040055810400698104007D81040063
S2140197887FB500258DF80830BDF820308DF8040027
S214019798ADF80610ADF80A20ADF80C306946BDF8EC
S2140197A82830099A01A80B9E009521F046FE04462A
S2140197B830B916B1009B9B783370204604B070BD53
S2140197C88928FAD12846024900F01EFBF5E700BFB2
S2140197D89A8104002DE9F04F4FF0000AC7B0FFF751
S2140197E801FC5FFA8AF6B04202D847B0BDE8F08FAE
S2140197F85B4B36019A5D00205A4900F005FB0020B4
S214019808594900F001FB00230593554B9DF8144078
S21401981833449B681A79A24202D80AF1010ADEE7A4
S21401982814224FF000091B6802FB043422891FFA30
S21401983889F39A4202D8059B0133E5E70C231FFA00
S21401984889F803FB08F8D4F804B029F085F80BEB7F
S21401985808052B79454913F0400F3BF80830228854
S2140198684FF000000093424B18BF0B46414900F0E9
S214019878E5FA2946204621F058FD074600283CD13E
S2140198883D4900F0DBFA2979DFF814C111F0010F20
S2140198983A4818BF604611F0020FAA78EB7832D121
S2140198A8DFF800C111F0100F354918BF6146CDE940
S2140198B800010020334900F0C1FA2B793BF8082053
S2140198C813F0400F4FF0000B4FF0FD030DF1180891
S2140198D82188CDE9023BCDE9007821480CBF402319
S2140198E88023805DFFF74CFF86280ED1264900208D
S2140198F800F08AFA09F1010998E70246234900208F
S21401990800F09CFABFE72249D1E7A87821F0FDFCD0
S214019918D8B1404622F08BF9421C92B20123414647
S214019928002000F0D5F93946208801F001FA4FF6F3
S214019938FF73984207D0174B174903EBC0035A68C1
S214019948002000F061FA1549D1E7A87821F0E3FC78
S21401995820B1404622F070F9821CDEE7EA78DDE79E
S214019968B4460020EC810400FA810400C481040096
S214019978C98104003A820400B1720400D18104004E
S214019988D48104004E8204006A8204000B87040016
S214019998DC810400D0D80400915104001C81040025
S2140199A8CE810400E48104002DE9F04FC7B0BDF86C
S2140199B844A10646BAF1040F0D4614461F46BDF8E3
S2140199C840B163D9CDE9013B00920B4602463049C6
S2140199D8002000F019FAFD230DF117090DF11808FA
S2140199E83046029322463B462946CDE900B8CDF8D3
S2140199F80C90FFF7C5FE0646B8B9FD22414699F810
S214019A08000021F030FC0746C0B1AAF104038342E6
S214019A1838BF8926204622F0C7F88EB1304600F0B6
S214019A281BF9304647B0BDE8F08F009023462A461A
S214019A380020184900F0E8F90027EBE78926E9E74E
S214019A48DFF85CA0BA1CBAF80030C3F1FF039A42EB
S214019A5819DA304600F000F999F8000000F0FCF831
S214019A68BAF800900C483A4641464844B94405F0CD
S214019A784DF8AAF8009023462A463046074900972B
S214019A8800F0C2F9CDE7892000F0E6F88926C8E794
S214019A9876820400B1820400E8680020D8820400B7
S214019AA8F85D002010B5044C206004480180044984
S214019AB80A60044A136010BD7C470020F65D00204A
S214019AC8784700207447002030B587B00AAC0D46A9
S214019AD854F8041B0093CDE90114134609490246BC
S214019AE8094809880068059421F05EFF4FF48A52F8
S214019AF8064B1B681880064B1B685D80DA8007B02A
S214019B0830BD00BFF65D00207C4700207847002066
S214019B187447002008B410B587B009AB0C4653F853
S214019B28041B0092CDE9011302460B490B48059325
S214019B3809880023006821F037FF4FF48A52084B42
S214019B481B681880074B1B685C80DA8007B0BDE885
S214019B58104001B0704700BFF65D00207C4700202A
S214019B687847002074470020044A034611680448D1
S214019B78044A09881268006821F0EFB9784700207E
S214019B88744700207C470020044B054A1B6812686E
S214019B981988044B186821F053B900BF784700208C
S214019BA87C4700207447002007B5074B1B681B88B5
S214019BB80192064A12680092054A126821F0A1F934
S214019BC803B05DF804FB00BF784700207C470020FF
S214019BD8744700201FB51446064A12681288CDE954
S214019BE801430091044B05491B68096821F065F992
S214019BF804B010BD784700207C4700207447002039
S214019C08014B1868704700BF74470020024B1B6859
S214019C1818715971704700BF7447002010B50024A9
S214019C28084B1C70FEF75EFC074BFF221880214686
S214019C38064804F0DBFD064B1C80064B1C605C6086
S214019C489C6010BDF2690020FA5D0020E8680020DB
S214019C58F85D0020FC5D002007490B88FE2B9FBF9E
S214019C68064AD054581C80B29DBF088000F1FF30C8
S214019C7880180020704700BFF85D0020E8680020C3
S214019C88F8B5094F0D463B885C18FE2C0ADC074ED2
S214019C980A46A4B20146F01804F0FAFD3C80641B9B
S214019CA8A019F8BD0020FCE7F85D0020E868002050
S214019CB8024B034A00201A60704700BF8047002005
S214019CC84CD50400014B1878704700BFB4460020F5
S214019CD830B4044D044C002B0CBF2B46234630BC35
S214019CE821F0CEBF38420400AB83040070B50546A8
S214019CF808460C4621F09BFF611C0246024B28468B
S214019D08BDE8704021F0BCBFCA8A040000B50378DC
S214019D1889B0069343783E220593837808490493CD
S214019D28C378039303790293437901938379009364
S214019D38C3790448008800F081F809B05DF804FB8F
S214019D4806830400085E0020024B02460249188872
S214019D5800F05AB8085E0020A44804002DE9F04730
S214019D6805460E4617460024DFF84480DFF844A06F
S214019D78DFF84490AC4201D1BDE8F087B8F800009E
S214019D8806EBC4015346082221F07AFF0134B8F8DD
S214019D9800003FB9044AA54208BF4A46034900F0F5
S214019DA84DF8E7E74A46F9E71C810400A348040092
S214019DB8085E0020AB8304009F3204002DE9F041C1
S214019DC80E4E0446308821F073FFA8B100250C4FCB
S214019DD8DFF83080E3070AD518B94146308800F025
S214019DE82DF830882A46394600F028F80020013533
S214019DF81B2D4FEA5404EDD1BDE8F081085E002022
S214019E08FD6E04004E8004000EB417B505A904467D
S214019E1851F8040B019103F0DFFB01210220054AEA
S214019E28F8F766FF044B1C8003B0BDE8104003B08A
S214019E38704700BF1C810400085E00200EB417B5E9
S214019E4805A9044651F8040B019103F0C5FB034B21
S214019E581C8003B0BDE8104003B07047085E0020C0
S214019E6813B503680446587900F032FF90B92368A1
S214019E785A88032A0ED0E17C5B79CDE90021164980
S214019E88164AFFF7C1FF0121204621F0B1FF012044
S214019E9802B010BD637D012B0AD0637D33B92368F8
S214019EA8228A5988587921F08BFB48B9C3200AE0E1
S214019EB82368228A5988587921F08BFB0028ECD030
S214019EC8204621F0F7FE064B1B78002BDFD110F554
S214019ED8807FDCD0C1B2D7E7338304002B8304002C
S214019EE8E9690020002970B50F491D460F4B144635
S214019EF80CBF6E227922002808BF0B4600200C49A9
S214019F08FFF79CFF0B4E2544AC4205D1BDE87040D7
S214019F1800200949FFF778BF3146002014F8012BC5
S214019F28FFF78CFFF0E700BF6C8304006283040030
S214019F3875830400A98304003A6604002DE9F04FEE
S214019F48C27C8BB00592427D0368002A14BF80222A
S214019F584022077D0446856886895879B846B3F84D
S214019F680290069200F0B4FEA0B9059B052B05D811
S214019F786FF02D03059A1341DB070BD5B9F1030FD3
S214019F8808D0AB490020FFF73FFF0121204621F00A
S214019F982FFF76E0E37B1BB1228A002A00F0B78107
S214019FA8607D0022B0FA80F05B4203F00403DFF81C
S214019FB88CB2400943EAC000ABF80020FFF74CFE1C
S214019FC8E37B1BB3208A21F0EFFD8246A07CFFF7D6
S214019FD843FE059A162A00F29A81DFE812F0190064
S214019FE89E016C005600D2016C009201D9019A01BB
S214019FF8E001E701EE013901020298019801980192
S21401A0081402580214027002390102029A46DDE768
S21401A01800204B46874A8849FFF7F6FE0120FFF7DE
S21401A0281BFE08F10207B74229D8414632462846A0
S21401A03821F0F7FD8046236842465879BBF8003080
S21401A0484946C3F1FF039BB20193238A0093069BFB
S21401A05823F058FA10B11FFA87F8E2E72368424658
S21401A0685879BBF800304946C3F1FF039BB2019308
S21401A078238A0093069BFFF797FC8928EBD121F0EA
S21401A088B1FE01200BB0BDE8F08F4FF0000B0420A5
S21401A098FFF7E2FDF31E0893089B984552D3BBF1E0
S21401A0A8000FECD1E37B94F81480002B0CBF02223E
S21401A0B80422624B1A804FF0000B0420FFF7CCFDF8
S21401A0C85F4608F1030A564540F29D8032464146EE
S21401A0D8284621F0A6FD05EB08039B78F21EAA4444
S21401A0E8A2EB080207905146184692B2099321F04E
S21401A0F8BAF80890002879D02268099B5079CDE9EA
S21401A10801A3238A49460093DDE9063221F0DAFBEA
S21401A11882464A460020079B4949FFF78FFEBAF157
S21401A128000F55D10BF10103504646495FFA83FBF0
S21401A138FFF76AFE089B08F1030813FA88F81FFA66
S21401A14888F8BEE732464146284621F06AFD05EB07
S21401A15808039F78089B08F10301A3EB080229442A
S21401A168824692B23846099121F07DF8079068B385
S21401A17823680999587902970191238A52460093D0
S21401A1884946069B21F0EEFB0746B8B10BF10103E1
S21401A19838465FFA83FBFFF75FFD504621F004FD62
S21401A1A853464A4600202649FFF72EFE3A46002027
S21401A1B82549FFF729FE802F3FF471AF079B08F169
S21401A1C8030813FA88F81FFA88F865E78027DDE799
S21401A1D85046FFF741FD079821F0E6FC0137524645
S21401A1E800201949FFB2FFF70FFEA3E78720FFF704
S21401A1F833FD079821F0D8FC0137872212490898C1
S21401A208FFB2FFF701FE059B052B3FF43AAF002F7F
S21401A2187FF435AFBBF1000F05D10C495846FFF75F
S21401A228F3FD8021B2E63846FFF716FD27E700BFA3
S21401A238F6380400B683040003840400F85D0020A1
S21401A248C083040003830400DC830400E68304005F
S21401A2580599A84AA84B0020152918BF1346CDF81A
S21401A2680090A64AA649FFF7CFFD059B0C2B14BF05
S21401A27816200D20FFF7F0FC32462846394621F015
S21401A288D0FC059B3D440C2B0646AD7835D1192DDF
S21401A29828BF1925E37BB3B14FF6FF73278A9F4280
S21401A2A811D1206832464946069B4079FFF70AF9DC
S21401A2B8B84208D0BAF1000F05D020828AF800000B
S21401A2C8000A8AF801000020BBF80070FFF7C4FCFA
S21401A2D8236832465879059B4946A3F1150CDCF1EB
S21401A2E8000343EB0C03CDE90153238A0093069B35
S21401A2F821F05CFA834BD855C1E6132D28BF1325E8
S21401A308C8E72046FDF776FB00287FF4BAAE812120
S21401A3183CE62046FDF722F8F6E7B9F10A0F05EB09
S21401A3280708A6EB070A21D1DFF8DCB19BF8003055
S21401A338E3B1E37BD3B9BAF1080F17D132463946F0
S21401A348284621F06EFC88B998F8023073B998F857
S21401A3580320E22A0AD13246391D2846059321F000
S21401A3685DFC21F02AFD059B8BF8003041464846E6
S21401A3781FFA8AF223F0C8F800287FF482AE00217B
S21401A38804E6F21B484692B2E91921F007FCF3E706
S21401A398F21B484692B2E91921F0C3FBECE7F21B1F
S21401A3A8484692B2E91921F0E6FBE5E7F21B484672
S21401A3B892B2E91923F0AAF8DEE72368EE5D587928
S21401A3C8238A0137ED5D0193069B32464946009381
S21401A3D82B4621F02AF92A463146484621F0A3FBA6
S21401A3E84FE605987A1CE95DB31AA0F11606704285
S21401A3F870410039009018BF012148469BB22A4493
S21401A40821F093FBB8E7059BEE5D112B3D446F7871
S21401A41838D11220FFF720FC0025E37BB3B14FF6B5
S21401A428FF73B4F81080984510D133464A46214642
S21401A4382846FEF7C9FF404508D0BAF1000F05D0F7
S21401A44820828AF80000000A8AF80100BBF800801A
S21401A458DFF8B0A0C8F1FE0292B208F1010300923B
S21401A46853444A4621462846CDE90267CDF804B04A
S21401A478FEF7E2FFBBF800300AF808000133ABF834
S21401A4880030FCE51420FFF7E7FB0125C5E77B1C38
S21401A4989E422CD3EF5D1D44003F18BF0127F31AD7
S21401A4A89EB233462A4639460020FFF71BFD009622
S21401A4B82B463A464846218A21F03BFB5CE77B1C43
S21401A4C89E4214D3EF5DF61A003F18BF01271D44BC
S21401A4D8B6B233462A4639460120FFF703FD0096F1
S21401A4E82B463A464846218A21F021FB44E70020BC
S21401A4F8C8E500BF1C810400B1830400F78304008B
S21401A50801840400E8680020E769002038B54FF6A2
S21401A518FB750446A9424FF001019DF8100098BF4B
S21401A52843F40043217023816260A0720223002055
S21401A538084A0949FFF768FCE07A084B40F6CA0260
S21401A54803EB4010FF211FF089FDBDE838400420C9
S21401A55821F0DDBA118404001C840400C4470020DD
S21401A56830B5054685B028B91D4905B0BDE8304067
S21401A578FFF74ABC0024007B21F069FB2046194AF4
S21401A58819492C70FFF740FC184BE87AFF2103EBBA
S21401A59840101FF074FD2046154B02019A5C22B943
S21401A5A801300428F9D121F0EFFA696899B1B5F9B3
S21401A5B808302A899B1303F002038DF80430C2F38E
S21401A5C80E03ADF806304FF6FF73ADF808300023DA
S21401A5D801A80393884705B0BDE8304021F03CBB8D
S21401A5E8478404001184040079840400C4470020C9
S21401A5F8844700200948037873B91946084AD37274
S21401A6080133042B1173117051601181917202F19B
S21401A6181002F4D101230370704700BFE8690020D7
S21401A6288447002008B5FFF7E5FF002305491A010E
S21401A6388A5C01EB03101AB10133042BF7D1002011
S21401A64808BD00BF8447002070B50D460646FFF7D3
S21401A658D1FF0023094800EB0514A17AB14205D1C0
S21401A668217819B12B4400EB031070BD0133042B7C
S21401A67804F11004F1D10020F7E700BF8447002059
S21401A68810B50446FFF7B6FF0E4B9C4212D003F1F5
S21401A6982002944210D003F1400294420ED0603357
S21401A6A89C420DD10323084800EB0310BDE8104077
S21401A6B8FFF756BF0023F6E70123F4E70223F2E784
S21401A6C80020F3E7C44700208447002070B5002423
S21401A6D8064D074E2846324600210134F8F71EF883
S21401A6E8042C05F12005F5D170BD00BFC447002034
S21401A6F889A601002DE9F34105460C4617469846FA
S21401A708FFF790FF064640B91C4A1D49FFF77CFB38
S21401A7180224204602B0BDE8F0814FF6FB739D4245
S21401A7280AD94FF6FD739D4204D00020134A1549F5
S21401A738FFF76AFB4FF6FD75434621463A4628461B
S21401A74821F023FB044600F02FFE804634B1234651
S21401A75800200A4A0C49FFF757FBDAE73B46204632
S21401A768064A0A49FFF750FB062329463046089A47
S21401A778CDF80080FFF7CAFECBE700BF11840400BE
S21401A78886840400B0840400E58404000E85040071
S21401A798F7B506460C461746FFF744FF054638B98F
S21401A7A8104A1149FFF730FB0224204603B0F0BDDA
S21401A7B821464FF48A52304621F0AFFC044600F099
S21401A7C8F3FD34B123460020064A0849FFF71CFB6F
S21401A7D8EBE7009004233A4631462846FFF796FEF3
S21401A7E8E3E700BF1184040086840400368504006C
S21401A7F8F7B506460F46FFF715FF054638B9104A5E
S21401A8081049FFF701FB0224204603B0F0BD0022E1
S21401A81840231146304621F05FFE044621F05AFED9
S21401A82834B123460020064A0749FFF7EDFAEBE75D
S21401A838009001233A4631462846FFF767FEE3E7CC
S21401A84811840400868404006985040073B50446EF
S21401A8580E46FFF7E7FE054638B9104A1049FFF7D6
S21401A868D3FA0224204602B070BD002220461146C3
S21401A87821F034FE044621F02DFE34B12346002093
S21401A888064A0849FFF7C0FAECE700902346324625
S21401A8984FF6FC712846FFF739FEE3E711840400FA
S21401A8A886840400978504002DE9F04188461078CF
S21401A8B800219EB014461D46FFF7C6FE0646002830
S21401A8C800F0FD800778002F7BD0B8F8001000292B
S21401A8D840F0F5800389B8F8022043F4004082422C
S21401A8E840F0ED80617800296BD1A2F50042062A76
S21401A8F800F2E580DFE812F0A100A100E300E30022
S21401A9080700B8006900E3880D3DADF824302389B7
S21401A91815F00105ADF8263063798DF82830E37A0D
S21401A92803F1060214F812208DF814308DF81C2055
S21401A93842D10BA98E46069104F10C005FFA85FCFC
S21401A9489C4500F1020009D210F8018C10F802CCDF
S21401A95801350CEB082C2EF802CBEFE701EB43018F
S21401A9681A440891D2B2590001F10D009A42C0B2B8
S21401A9780BD025186D78205C7831694400EB0520EA
S21401A988013321F84C0CDBB2EDE7B6F90820338920
S21401A998002AACBF01220322C3F30E038DF8082058
S21401A9A86288ADF80A3005ABADF80C20049302A90D
S21401A9B8304621F0D5F904E0424A43490020FFF722
S21401A9C823FA38461EB0BDE8F081042D02D83D4A68
S21401A9D83E49F3E72379053DADB29D42B4F80280BE
S21401A9E802D0384A3A49E9E73A4A3B4B0020002D5B
S21401A9F808BF13463949334ACDF80080FFF704FAF1
S21401AA0805348DF81450B6F90830069485B1002B34
S21401AA18ACBF012303238DF82C303389ADF8308081
S21401AA28C3F30E03ADF82E3005AB0D930BA9BFE7A4
S21401AA38002BACBF06230523EDE70B2DC7D9D4F8A9
S21401AA480200D4F8061013F4004F05AA03C20CBF7F
S21401AA58042203228DF82C206289C3F30E03ADF875
S21401AA683020ADF82E30DFE7042DB0D96388ADF875
S21401AA78303023790533DBB29D4206D00020114AD7
S21401AA8817490095FFF7C0F99BE70E4A00201549BC
S21401AA98FFF7BAF9B6F908203389002AACBF0122B4
S21401AAA80322C3F30E03ADF82E3005AB0D93631DD9
S21401AAB8069323798DF82C208DF81430B6E70027F5
S21401AAC87FE700BF11840400C4850400EC850400F8
S21401AAD800860400B44004001C8104002786040094
S21401AAE84486040085860400304BF0B5B0FBF3F2CB
S21401AAF84FF4616503FB1200B0FBF5F3DCB205FB0E
S21401AB0813033C25B3FBF5F3DBB2A0EB04104B7142
S21401AB18C3EB0313A0EB83004FF4FA630B8040F2F8
S21401AB2801134B8001230C711F4600246425204E17
S21401AB388871944200D1F0BD91F802C013B1BCF1FE
S21401AB48020F2BD006EB0C0010F801ECC878704504
S21401AB580BBF012001300CF1010CC0B208BF81F80F
S21401AB6802C0C87088780D2816D10B888F700133FB
S21401AB789BB298070B8014D1B3FBF5F005FB103098
S21401AB8880B280B94FF4C870B3FBF0FC00FB1C33ED
S21401AB989BB2B3FA83F35B090134CAE74FF01D0E83
S21401ABA8D4E70023F8E70123F6E700BF8051010048
S21401ABB892D8040010B5044688B006A9FFF794FF9A
S21401ABC89DF81E300A4803939DF81D30049402939D
S21401ABD89DF81C309DF81A200193BDF818300549D8
S21401ABE8009300889DF81B30FFF70EF908B010BDDA
S21401ABF8085E00209E860400026808B51188154B79
S21401AC0819805188598051791971117959714FF400
S21401AC188A51D980D28812F0200F0CBF0A464FF409
S21401AC288B528169DA800C4A137831B9C0880B498E
S21401AC3823F002030880137008BD43F00203137063
S21401AC48074B15221846013103F022FE002200F8B0
S21401AC58012CF1E7FC5D0020F2690020FA5D002076
S21401AC680B5E002010B5184C2368587920F09CFC20
S21401AC780B2822D8154B03EB0010027B237F9A4240
S21401AC881BD12368428819888A4205D04FF6FF707F
S21401AC98814212D1120410D42279023A012A06D925
S21401ACA8A37B63B9BDE810400748FFF747B9198980
S21401ACB858791FF0AFFD0028F2D1002010BD0248D8
S21401ACC8BDE81040FFF7CCB848480020B44600203D
S21401ACD808B520F069FC0B2896BF024B0020185CCB
S21401ACE808BD00BFF769002008B5002020F0AFFFB7
S21401ACF8FF2020F08CFC20F0AFFF20F054FEFEF77A
S21401AD0871F901210246064803F070FD054BFF2143
S21401AD18054A0648FEF7C6FEBDE80840FEF708BB2A
S21401AD28F7690020FC5D0020F85D0020E868002037
S21401AD38F0B5002204464FF6FF750B4F90B237F870
S21401AD4830600346AE4201D12846F0BDA64209D17D
S21401AD58B4F57C4FF9D307EBC3035B888B42F4D079
S21401AD680029F2D00132E9E7D0D8040010B504462C
S21401AD78FFF7DEFF094A034610884FF6FF72934233
S21401AD8814BF074A2246BDE8104017BF02EBC303AB
S21401AD9804495A680449FFF751B800BF085E002005
S21401ADA8D0D80400C186040091510400034B1878DA
S21401ADB80130C0B2187000F07F007047A7750020F8
S21401ADC8044A137818B143F001031370704703F06F
S21401ADD8FE03FAE7F2690020014B1870704700BFBE
S21401ADE8F569002038B1074B1B78012B04D103887D
S21401ADF843F0400303807047022BFCD1038823F0FD
S21401AE084003F7E7F569002068B1074A1378012B74
S21401AE1807D1064B1B781370037843F010030370B1
S21401AE2801E0022BF8D07047F4690020F36900208E
S21401AE387FB50121264B274E197033780246D9076C
S21401AE4844D42549096881B10868C1888D0641BF7F
S21401AE58224CE18841F02001E180C1884C0641BFBF
S21401AE681E48C18841F04001C1801D4D1D49287802
S21401AE78097840074CBFE97069701B4913F0020452
S21401AE88098809D0164A194820F063FE337823F05A
S21401AE980203337004B070BD154B18884FF6FB7368
S21401AEA8984208D80B46CDE9005201460B4A20467F
S21401AEB820F027F8EEE74FF6FF73CDE9014200933D
S21401AEC80A46074B05491FF0F8FFE3E70020E1E7CC
S21401AED8E9690020F269002044480020FC5D002052
S21401AEE8E8680020A8750020F85D00200A5E0020AA
S21401AEF8FA5D002070B503790446012B0D46164607
S21401AF0831D883681B78DB0600D561B3A37B13B9F8
S21401AF18E37C0B2B27D00022144B1A80637DB3FAEF
S21401AF2883F35B09D800E37BABB9FEF795FEA07CFB
S21401AF38FEF792FE0B20FEF78FFEE07CFEF78CFEF6
S21401AF482846FEF789FE2046FFF756FE3046BDE83E
S21401AF587040FFF76DBF40F00400FEF77DFE208AC3
S21401AF6820F022FEE3E7002070BD00BFF85D002058
S21401AF78024B0A4601461868FFF7BCBF4448002042
S21401AF88F0B4054618460F4B0C461B78BDF8101052
S21401AF98012B0D4E01D0377827B1002333700020DE
S21401AFA8F0BC70470CB9002AF9D143B14FF65743A4
S21401AFB8994204D02B462246F0BC20F0B0BD0120B1
S21401AFC8EEE700BFA9750020F66900202DE9F04FCD
S21401AFD8684C4FF0000A25468446964698460F4622
S21401AFE8654B664E83F800A00FCE0FC596E80F0096
S21401AFF885B085E80F00DDF83C90BDF8383072461C
S21401B0080093394643466046CDE9019400F0DCF8E2
S21401B018DFF89081064670B90025FEF7FFFD162277
S21401B0280021574803F0E2FB00232846C8F8003001
S21401B03805B0BDE8F08F534BA27CC8F800401A70E3
S21401B048514B1B78002B36D020F0B9FE4F490246EB
S21401B0585046FEF7F3FE22685046537952884C490B
S21401B0680092A289FEF7EAFE504620F021FE20B1A2
S21401B0782368218A5888FFF779FEE37B23B10020ED
S21401B088228A4449FEF7DAFEA36800201A78E37C90
S21401B09841490093A37CFEF7D1FE207DA289A168D1
S21401B0A8121A01440123002092B2FEF711FE002075
S21401B0B83A49FEF7A9FE2F48FFF79EFD2D4822F0D4
S21401B0C81CFA054630BBB9F1000F25D12168E08886
S21401B0D80B8801904988BA1E032A00918CBF00226A
S21401B0E801220121E07CFFF74BFF38B923685B7921
S21401B0F8FF2B3AD0FFF7B6FD05468EE72368DB88B7
S21401B1089A06F3D40121264C1A48217020F070FEC5
S21401B11884F80090354680E7B9F814309B07E5D4E3
S21401B1287AE75846FEF718F882465846FDF760FF54
S21401B13888B123685046228A598820F038FA50B1D7
S21401B1483846FFF759FD236889F804A083F805A057
S21401B158FFF788FD00B9284605460136FDF742FF88
S21401B1685FFA86FB5845DCD857E70026014FDFF81B
S21401B1783890F3E748480020E9690020B0D8040071
S21401B1880A5E0020A8750020A6750020DA8604004D
S21401B198E38604000487040010870400053A0400C7
S21401B1A8F669002044480020FC5D00200023054A7B
S21401B1B8D15C814202D31A44507870470233DBB21D
S21401B1C8F6E700BF9ED8040073B515462E781A46D2
S21401B1D816F0040F0CBF032605269E42089C08D9C4
S21401B1E8224A234900960020FEF70EFE002002B0F0
S21401B1F870BDBDF8183021712060E380A560A2817A
S21401B2082B7803F00103A3732B7803F00403002BB8
S21401B21814BF01210021E1732978C1F3C0016175CA
S21401B2284FF00101217518D0284620F0FAFC237D3D
S21401B238208202332375227D531CDBB22375A95C59
S21401B2480232D2B2A1742275EB5CE374A3899A42E6
S21401B25805D900920749054AC5E72382EBE7079B0C
S21401B2680120A36100232377C1E700BF48410400FA
S21401B278538704006F8704002DE9F7430024204F05
S21401B288DFF89C80DFF89C90E0B221F059F8FF289F
S21401B29805460FD12346012102201A4AF7F728FD51
S21401B2A8194B013418781EF0DBFA152CECD103B0D3
S21401B2B8BDE8F08346B238EA260328BF4B4601218B
S21401B2C80093022057F82430104AF7F711FD002E94
S21401B2D8E6DA0923E340DB070AD50D4A0D4B15F0DC
S21401B2E8010F18BF1A4601210220F7F701FDD7E71B
S21401B2F80A2CD5D1084A094B15F0010FF1E700BF12
S21401B308E8D80400C8870400AA750020F08704005E
S21401B318A18704008B870400BD870400B387040057
S21401B328B44004001C81040008B5542200210248D8
S21401B33803F05CFA002008BDF85E002008B5542228
S21401B348FF21024803F052FA002008BDA45E00203F
S21401B358024B23F810100020704700BFA45E00209F
S21401B368002310B4074ADCB2A14203D85DF8044BA7
S21401B378FFF7DABF2A2BF9D032F8024B20F8134030
S21401B3880133F0E7F85E0020002310B5054A99421C
S21401B39801DD2A2B00D110BD32F8024B20F81340EC
S21401B3A80133F4E7F85E0020024B187800F07F00BE
S21401B3B8704700BF036A0020034B18780130C0B2FB
S21401B3C8187000F07F007047036A002030B51C46ED
S21401B3D800238BB0ADF82220021D92B2012A0E9DE1
S21401B3E8ADF82030ADF81E10ADF81C3003D94FF675
S21401B3F8FF7290420FD10022CDE90352CDE9012414
S21401B408094B01461B784FF6FF70009307AB20F0F7
S21401B418B5FF0BB030BD0146CDE90153184600947F
S21401B42807AA20F0C7FFF4E7AB75002038B5054634
S21401B4384FF480500C4603F0DFFB4FF4805328602E
S21401B448236030B940F2A511BDE83840014827F01D
S21401B45876BA38BDDF88040000487047D6610020F8
S21401B468014B1878704700BFC7750020014B188834
S21401B478704700BF4A750020014B1878704700BF17
S21401B488C0750020014B1878704700BFB7750020BB
S21401B498014B1878704700BFBA750020014B187821
S21401B4A8704700BF086A0020014B1870704700BF3C
S21401B4B8086A0020014B1878704700BF076A002009
S21401B4C8014B1870704700BF076A0020014B1878B7
S21401B4D8704700BFBB750020014B1888704700BF36
S21401B4E8487500202DE9F74F414B424A0193424BDC
S21401B4F8DFF844911B78DFF84481DFF844E1DFF890
S21401B50844C13E4F3E4E3F4D3F49404802EB431A29
S21401B518019B524503F1200309F1200908F120088F
S21401B5280EF1200E0CF1200C07F1200706F120067B
S21401B53805F1200501930FD100221146344B324DF7
S21401B5481C78344E344B314FD0B2844203F1200379
S21401B55846D803B0BDE8F08F304B314C536000231A
S21401B56849E907432F4CDFF8E0B048E907432E4C7A
S21401B578C2E902304EE907432C4C11604CE90743F7
S21401B5882B4C136147E907432A4C49E9050348E967
S21401B59805034EE905034CE9050347E9050349F8A0
S21401B5A8201C48F8201C4EF8201C4CF8201C47F894
S21401B5B8201C46F8201C46E90743019C45E907B3C9
S21401B5C8DFF888B046E9050345E9050344E907B30A
S21401B5D844E9050345F8201C44F8201C203297E767
S21401B5E843E9085643E9061743F8101C0132ABE74E
S21401B5F8904B0020B04C0020CE750020F04B002068
S21401B608D04B0020B04B0020645A00201C81040057
S21401B618C57500206DFB0200304C0020C5A4020051
S21401B62875EC030025B902004D440300CFFC030066
S21401B6380DDC0200F3C20300904C0020704C002081
S21401B648504C0020104C00207D710300C9A1020057
S21401B658002208B5074B1A605A6020F02DFE064BEB
S21401B668187020F029FE054B1870054B1A78054B03
S21401B6781A7008BD065A0020636A0020626A002014
S21401B688B8750020616A0020002100B593B008460D
S21401B6986A460AF085F90146C8B90E4B0E4A09935F
S21401B6A80E4B0D920A930E4A0E4B0E920B930E4AB0
S21401B6B80E4BCDE90F230C930D4B6A4611930AF0F6
S21401B6C825FC003818BF012013B05DF804FB0120E3
S21401B6D8FAE700BF89E70300C1B202008DE903005B
S21401B6E8F17B020035C30300C1C90200EDE903007E
S21401B6F811AD0200084B1878112806D8012809D977
S21401B708064BC34003F001007047A0F143035842BB
S21401B7185841704700207047656A002034000200CF
S21401B72808B5064B1B78013B022B05D80020FFF70E
S21401B738E1FF0138C0B208BDFF20FCE7666A0020B9
S21401B748044B00F1100250F8041B904243F8041B06
S21401B758F9D17047676A0020044B03F1100253F8C9
S21401B768041B934240F8041BF9D17047676A00200E
S21401B77830B5002491B0114B0546214614220BA87A
S21401B788CDE9094303F032F8102209ABCDE90044AC
S21401B7980693CDE90452CDE90252094B09490AA894
S21401B7A8F2F77AFF04460AA821F050FC1CB1A02142
S21401B7B8054827F0C4F811B030BD00BF002480004A
S21401B7C800444004676A00206A89040070B50024B2
S21401B7D890B0154B05460E46142221460BA8CDE916
S21401B7E8094303F003F8102209ABCDE90044069398
S21401B7F83146CDE90452CDE902520C4B0AA8F2F7BC
S21401B8084BFF04460AA821F021FC1CB1BA210848BE
S21401B81827F095F8099B102B03D0BB21044827F085
S21401B8288EF810B070BD00BF0024800000444004AC
S21401B8386A89040030B50D4600218FB0124B0446C4
S21401B848142209A8CDE9071302F0D0FF102207AB8E
S21401B858CDE90242CDE90042049329460B4B08A8DC
S21401B868F2F7CEFF044608A821F0F0FB1CB1D1215F
S21401B878074827F064F8079B102B03D0D221044809
S21401B88827F05DF80FB030BD002480000044400466
S21401B8986A890400014B93F95A0070479C590020A5
S21401B8A80022034B1870034B1970034B1A7070472C
S21401B8B8786A0020796A0020776A00202DE9F04F1F
S21401B8C8DFF89080064698F800300D4685B0002BC4
S21401B8D83AD04FF6FB73984236D84FF0000B1C4F00
S21401B8E8DFF874A03C7898F800305FFA8BF94B457E
S21401B8F89AF8000011D9484402AA0DF10601C0B20F
S21401B90816F0B2F9082229460DEB020003F0BAFA3E
S21401B9180BF1010B0028E6D14C463B78A34208D12F
S21401B92898F80020631CDBB29A423B7004BF0023E0
S21401B9383B70324629469AF800301C44E0B205B0FE
S21401B948BDE8F04F16F07EBA05B0BDE8F08F00BF2F
S21401B958776A0020796A0020786A00202DE9F74F77
S21401B96806460D4614461F464FF0010BDFF8789041
S21401B97803F10C0A15B903B0BDE8F08F102DA846DF
S21401B98828BF4FF010083A46164B5FFA88F152F86E
S21401B998040B524543F8040BF9D101919AF800209B
S21401B9A811481A70002389F80F4089F800B089F801
S21401B9B80E30FFF7DDFE324601340B480199E4B23A
S21401B9C812F801CB10F8013B83EA0C0302F8013C9C
S21401B9D8931BDBB28B42F3D3A5EB080816461FFA76
S21401B9E888F5C7E77B6A00207A6A00202DE9F04FC0
S21401B9F89046914685B00090981A029383B20193B7
S21401BA08009B0F46354903F10C0453F8045BA34227
S21401BA1841F8045BF9D11B78314E0B70492333701A
S21401BA28019BF0731B0A3046B373FFF7A1FE022190
S21401BA38BB460D46737888EA030373704FF0000A15
S21401BA481DE0C5F11004A9EB0A039BB2A4B29C42FF
S21401BA5828BF1C4600231FFA83FCE8186445C0B2B9
S21401BA681FD82544EDB2A344102D54441FFA84FA76
S21401BA7805D1002530460391FFF77AFE0399D14593
S21401BA88DFD807EB080B25B115480391FFF770FEC1
S21401BA98039901294FF000050DD00121DDF8049026
S21401BAA8CCE71BF803C016F800E001338CEA0E0C4D
S21401BAB806F800C0CFE7029B09491F44094B3846E0
S21401BAC81C78224603F022F82A4621463846009B6F
S21401BAD805B0BDE8F04FFFF741BF00BF7B6A002005
S21401BAE87A6A0020CF75002030B540780C460128C8
S21401BAF84FF0110387B001F1100516D1144A01A9B8
S21401BB080AF08CFF234601AC2246186859680833A8
S21401BB1803C2AB421446F7D111230D4A002001A9EE
S21401BB280AF07CFF002007B030BD0120094A01A9B0
S21401BB380AF074FF234601AC224618685968083390
S21401BB4803C2AB421446F7D11123024AE6E700BF07
S21401BB5875E4010079EB010030B50C46407887B0F2
S21401BB6801284FF011030DBF0B4A0C4A012001A909
S21401BB7818BF01A90AF052FF234601AA05AD1446CB
S21401BB8803CCAC4218605960224603F10803F6D18B
S21401BB98002007B030BD00BF75E4010079EB010055
S21401BBA810B50C4688B01A230C4A01A901200AF0E0
S21401BBB835FF21460DF10E0304F1100251F8040B6E
S21401BBC8914243F8040BF9D11A230020034A01A92C
S21401BBD80AF024FF002008B010BD00BF24E10100D0
S21401BBE8F0B58BB004460D4622F03FFDA8B101A87A
S21401BBF813F00CFE88B1667B271D16F0020F05D0E0
S21401BC080822384601A903F03DF9D0B901AB46F040
S21401BC18020603CB6060796066731A230A4A03A991
S21401BC2801200AF0FBFE29460DF116030DF1260246
S21401BC3853F8040B934241F8040BF9D100200BB0DA
S21401BC48F0BD2D20FBE700BF24E10100F0B5054655
S21401BC58071D00220C463846082193B022F097FCAF
S21401BC686A7B0646D0070BD5687808A921F00BF839
S21401BC78DDF83D306B60DDF841307B6080B10BE06C
S21401BC88910709D5D2000121384602F0800221F039
S21401BC9807F8FF28687002D12D2013B0F0BDD6B181
S21401BCA8687801A920F084FF9DF81C305B0604D54E
S21401BCB84FF4C6710A4826F042FE234603AD07AC88
S21401BCC82A4603CAA24218605960154603F10803BA
S21401BCD8F6D10020E1E708A920F0D5FFCEE700BF9E
S21401BCE8E88904002DE9F04106468AB01F480F4648
S21401BCF815460024FFF730FD002C01A914BF4FF0AC
S21401BD085C0C4FF0360C10238846184A12F8010BC3
S21401BD18013B8CEA000013F0FF0301F8010BF5D193
S21401BD2805A823F09AFA4246102105A823F099FAA5
S21401BD38C4B93946324605A823F0FBFA2A460DF15E
S21401BD48140C0DF1240E634603CB73451060516045
S21401BD589C4602F10802F6D114B10AB0BDE8F0819A
S21401BD680124C9E72A461021E5E700BFAA6A002090
S21401BD782DE9F04791460D46C0B09DF82041DDF803
S21401BD8828811E46DFF87CA09DF824310746224606
S21401BD98494640468AF8003002F0B8FE9DB123466F
S21401BDA8324641463846FFF721FEB44207D9A11B61
S21401BDB83B46012289B208EB0600FFF7CFFD0020BB
S21401BDC840B0BDE8F087A11B3B46012289B208EBCB
S21401BDD80600FFF7C3FD22464146684602F096FE76
S21401BDE83246694638462346FFF700FE9AF8002091
S21401BDF80DEB040109EB040003F044F80028DED03B
S21401BE082C20DDE7CF75002038B50346104601F132
S21401BE18100451F8045BA14242F8045BF9D10449C5
S21401BE281BB1FFF7D3FC002038BDFFF703FDFAE787
S21401BE38AA6A002030B5054689B0694620F02DFD6E
S21401BE486B8804ACABB122462946684620F0C5FC8F
S21401BE580E4A08AD234603CBAB42106051601C4620
S21401BE6802F10802F6D10948FFF76AFC002009B07A
S21401BE7830BD6B46054D1A4603CAA2422860696062
S21401BE88134605F10805F6D1EDE700BFAA6A0020BA
S21401BE9850B10B4B0B4A03F1100153F8040B8B42BC
S21401BEA842F8040BF9D17047064B054A03F1100115
S21401BEB853F8040B8B4242F8040BF9D1704700BFC4
S21401BEC8AA6A00208A6A002008B51022024802F0F1
S21401BED8DFFC002008BD00BF9A6A002008B50846A6
S21401BEE81022024902F0D4FC002008BD9A6A0020FC
S21401BEF810B5044686B001A9114A112301200AF09B
S21401BF088DFD9DF8143001A8E37023F09CFD80F0A8
S21401BF1801000C4A01A96070112301200AF07EFD78
S21401BF289DF8143001A8A37023F08DFD80F0010060
S21401BF38207011F0F7FF6060002006B010BD00BF4A
S21401BF4875E4010079EB010010B5044686B01123AB
S21401BF58134A012001A90AF061FDA3789DF814206F
S21401BF689A4207D08DF81430002011230C4A01A9F3
S21401BF780AF054FD11230B4A012001A90AF04EFDCF
S21401BF88E3789DF814209A4207D08DF814300020E3
S21401BF981123044A01A90AF041FD06B010BD00BFED
S21401BFA879EB010075E401002DE9F04186B00646FB
S21401BFB803A80C4614F078FC054600284AD1BDF8BB
S21401BFC80C30980646D510222946204602F00EFC6B
S21401BFD801A813F01BFCC0B1777B06F1040817F023
S21401BFE8020F06D00822404601A902F04BFF00289E
S21401BFF82ED101AB47F0020703CB7060C8F80410D6
S21401C0087773238843F008032380238843F00203C9
S21401C018238012F0CBFF606022F027FB30B10E4B75
S21401C0281B68A360238843F0040323800B4B1A681C
S21401C038D1035EBF238843F010032380130203D580
S21401C048238843F400632380284606B0BDE8F081C0
S21401C0582D25F9E72425F7E7E04C0020E44C0020DD
S21401C06810B5D0E9023253F8223090B01C6840224D
S21401C0786946204620F07AFE034630B12246002063
S21401C0880549FDF7C1FE10B010BD0122694608201A
S21401C098FDF764FEF7E700BF7E8A040070B500F07E
S21401C0A8B1F800280CBF6E22792200201349FDF74B
S21401C0B8ABFE00F0A7F8F0B120F06CFE00280CBF2C
S21401C0C86E22792200200E49FDF79EFE08220020E6
S21401C0D80C49FDF799FE00250B4C0C4E234654F8E7
S21401C0E8042C314600200335FDF78EFE182D04F189
S21401C0F80C04F3D170BD3F22E4E700BFB68A040002
S21401C108CD8A0400DD8A0400084E0020FC8A04005B
S21401C11870B520F024FE044621490020FDF774FE80
S21401C1282CB92046BDE870401E49FDF76DBE00F0EB
S21401C138BBF805461C4B62690020002A08BF1A4650
S21401C1481A492668FDF760FEA28800201849FDF7FF
S21401C1585BFE1849E2880020FDF756FEA38822896F
S21401C16813F010001ABF002013491449FDF74CFEBE
S21401C178E26800201249FDF747FE226900201149AE
S21401C188FDF742FE104A114B0020B6F5817F38BFF5
S21401C19813460F492A46BDE87040FDF735BE00BF75
S21401C1A8318B04003E8B04002E5A04005F8B04007A
S21401C1B87D8B04009E8B0400BB8B0400D88B040087
S21401C1C8F68B0400148C0400298B04001F8B0400D2
S21401C1D8328C040038B5014600230C25084A05FBB5
S21401C1E803F4A0181459013404D10C2202F050FBB0
S21401C1F8002038BD0133082BF1D10120F9E700BF33
S21401C208044E0020034B1878012894BF0020012013
S21401C218704700BFBC6A002038B50446044D28782C
S21401C228A04203D0214620F07AFD2C7038BD00BF0D
S21401C238BC6A002000B58FB03422002101A802F0A4
S21401C248D5FA01A8EEF7D2FC0598D0B182680E4B54
S21401C258B2F5803F34BF92B2C2F38F2241881A8169
S21401C268028828BF41F010011A6042689980DA8076
S21401C278C268DA6002691A6142695A61027E184622
S21401C2881A760FB05DF804FB884D0020054B1B7825
S21401C29820B1012B04D80220FFF7BEBF012BFBD823
S21401C2A8704700BFBC6A002010B5084C237853B904
S21401C2B820F055FD0123237028B10368B3F5817F6B
S21401C2C824BF037E2370207810BD00BFBB6A002000
S21401C2D870B5184B1B78012B2BD820F023FD164D73
S21401C2E8024616490020FDF78FFD0120FFF7CEFF15
S21401C2F82E78FF2E1DD1FFF79DFFC8B184886022D6
S21401C3083146C4F340040E482C7002F06FFA6022DE
S21401C31831460C4802F06AFA5CB1FFF7C5FF0428FB
S21401C32807D9BDE8704040F22B11074826F007BB35
S21401C338287070BDBC6A0020D0750020558C04009A
S21401C348044E0020A44D0020678C04002DE9F04F10
S21401C358DFF884928DB003AB07468846144699E801
S21401C368070083E80700FFF7B3FFFFF79DFF944B2D
S21401C37806461D784B46012D40F07081012840F293
S21401C3887281B7FBF0F200FB1272002A00F06B8193
S21401C3988C4900228B46D1F800C0BCF1FF3F04D07F
S21401C3A8087A6044874200F019810132082A01F1AF
S21401C3B80C01F0D193E8070006AE0DF1240A86E8D1
S21401C3C807008AE80700FFF76FFFB7FBF0FB00FBE3
S21401C3D81B7BA0EB0B094A46414606460AA8099765
S21401C3E88DF82C9002F092FB00224FF00C0E764945
S21401C3F802E00132082A0ED00EFB02F000EB010C17
S21401C40808580130F5D19AE807008CE807006F490B
S21401C4180A7801320A70A14504DD4FF4E2716C48CE
S21401C42826F08DFAA41B5C444F44A1B217FA84F493
S21401C438B4FBF6F206FB1242C8448E1A91B1A41A4E
S21401C44808EB060107A88DF82020069402F05EFB8B
S21401C45806A8FFF7BFFEFF2804D140F2D9115C48B1
S21401C46826F06DFAB6B2B6B10320FFF7D5FE802ED8
S21401C4780AD832464146574802F048FB3246384603
S21401C488544920F057FC05460220FFF7C5FE28460A
S21401C4980DB0BDE8F08F0025F9E74FF40E714C4852
S21401C4A826F04DFA464B1B78012B00F0E380002C52
S21401C4B836D00320FFF7B0FE802C2FD822464146FF
S21401C4C8444802F023FB22463846424920F032FC13
S21401C4D805460220FFF7A0FEDFF8F09099F8003035
S21401C4E893B1039CFFF7E0FE374B002798461A687E
S21401C4F8511C04D0197A411A521A944224D0013791
S21401C508082F03F10C03F2D1002DC0D1039B013390
S21401C518C1D003A8FFF75EFE0546B8E70125D8E7B0
S21401C5282546D9E740F26D21294826F008FA012563
S21401C53824E0012D30D0802E2FD832462549039885
S21401C54820F0F8FB054628E0002DA0D10C247C43FA
S21401C55808EB04039DF814A093F808B00AEB0B0344
S21401C568802BDFDC1B4B524604A9184602F0CEFA94
S21401C578211D5A464144504402F0C8FA0C2303FBD5
S21401C58807839DF814201B7A13449E42D1D040F2AB
S21401C59873210F4826F0D3F901250220FFF73CFE48
S21401C5A899F8003013B1013B89F800304FF0FF339A
S21401C5B808EB040248F80430C2E9013367E700BF14
S21401C5C8D0750020044E0020A44D0020BA6A002031
S21401C5D8678C0400084D00204CD904004FF00C0A63
S21401C5E80AFB02B3187AA6EB00095FFA89F9A14596
S21401C5F801D35FFA84F90AFB02FA0AF10405284412
S21401C6084A464146584402F081FA0BEB0A031A7A65
S21401C618A4EB09044A44D2B2B242A4B21A7219D19E
S21401C62803200193FFF7F8FD32460BEB05015BF893
S21401C6380A0020F07FFB05460220FFF7EDFD4FF0CC
S21401C648FF32019B4BF80A20C3E90122002D7FF433
S21401C6581EAFC844002C3FF41EAF4F44104B1B7846
S21401C668012B7FF424AFB7FBF6F306FB1373002BFD
S21401C6787FF413AFE319B3FBF6F506FB1535002D6A
S21401C6883FF415AF641B5B1B08EB04012A4604A89C
S21401C6980393A4B202F03AFA8DF8145007E700BFE4
S21401C6A8D075002070B5134B1B78012B0CD1FFF702
S21401C6B80FFE0026104D55F8043C013306D103360B
S21401C6C8182E05F10C05F6D1002411E00320FFF71A
S21401C6D8A3FD55F8044CFFF7E7FD29460246204618
S21401C6E820F028FB04460220FFF796FD002CE6D032
S21401C6F8204670BDD0750020084E002070B505464E
S21401C7080C46FFF7E5FD0520FFF786FD214628467E
S21401C71820F01EFB06460220FFF77EFD00220A4B8C
S21401C7282C441968481C08D0A94206D3A1423EBF2A
S21401C7384FF0FF31C3E9001199600332182A03F15B
S21401C7480C03EED1304670BD044E0020D0E902320B
S21401C75853F8223010B51C68204600F095FA28B127
S21401C7682146BDE81040024800F022BF10BD00BFB8
S21401C778E58C040008B5D0E9023253F8223018686F
S21401C78800F06CF920B1BDE80840024800F010BF7F
S21401C79808BD00BF078D04002DE9F041D0E902323B
S21401C7A853F8221003EB82035B680F681D789AB072
S21401C7B8642D04D96421114800F0FAFE64252A463E
S21401C7C8384601A900F002F9044698B90C4800F069
S21401C7D8EFFEDFF8348001AE013DA54202DC1AB057
S21401C7E8BDE8F0813919404616F8012B00F0E0FE45
S21401C7F80134F2E7034800F0DBFEF0E72A8D040077
S21401C8084A8D0400748D0400618D04002DE9F047FB
S21401C81800252D4FDFF8E080DFF8E0908CB0284641
S21401C82803A900F0EFF810B10CB0BDE8F087049B3F
S21401C8382946039A0093384600F0BAFE404600F0AF
S21401C848B7FE059910290CD810290CD8DFE801F095
S21401C8580F14320B340B0B0B360B0B0B0B0B0B0B92
S21401C8683A0020292CD0194800F0A2FE07E0184803
S21401C87800F09EFE0135D2E7164800F099FE0699AB
S21401C888484600F095FE0799134800F091FE1348B4
S21401C89800F08EFE1024DFF868A00DF11F06504642
S21401C8A816F8011F013C00F083FE14F0FF04F6D1D0
S21401C8B80B48DDE70B48E0E70B48DEE70B48DCE70B
S21401C8C80B48DAE70B48D8E78F8D0400348E04004E
S21401C8D8E48D0400F48D04005A8E0400728E040060
S21401C8E8A0320400FC8D0400048E04000D8E0400A2
S21401C8F8188E04002F8E0400D38D0400438E040086
S21401C908838E040010B50B4C8EB023785BB9EEF716
S21401C918E7F8014650B9012301A82370EEF766F936
S21401C928054B049A1A6020780EB010BD034800F033
S21401C9383FFEF8E7BD6A0020D8500020898E040023
S21401C94800B58FB0FFF7DEFF002829D001A8EEF763
S21401C9584DF9059B1448198800F02AFE059B1348D3
S21401C9685969134B002908BF194600F021FE059B9B
S21401C9781048598800F01CFE059B0F48196900F0FD
S21401C98817FE059B0D48D96800F012FE059B0C485A
S21401C998197E00F00DFE0B4B0B48196800F008FED7
S21401C9A80FB05DF804FB00BFC68E0400D88E0400E5
S21401C9B82E5A0400EA8E0400FE8E0400128F04002C
S21401C9C8268F0400D85000203A8F040070B506461A
S21401C9D815460C4679B172B1FFF794FF68B1214646
S21401C9E82A463046EEF70CFA014618B1044800F01C
S21401C9F8DFFD012070BD2120FCE71120FAE700BF0A
S21401CA084C8F040037B505460C46FFF77BFFE0B1AF
S21401CA18114B1B68AB421AD9CCB1002124222046FF
S21401CA2801F0E4FE214628461BF0A9FC88B92846F1
S21401CA3801AA04F10801EEF795F920B140F2064380
S21401CA48C01A18BF012003B030BD1120FBE7212012
S21401CA58F9E70120F7E700BFD8500020F0B593B0FA
S21401CA680546FFF74FFF002845D0254B1A68AA420E
S21401CA7807D829462348013A00F09AFD212013B029
S21401CA88F0BD05A8EEF7B2F8284603A91BF077FC17
S21401CA9898BB049A22F4FF57C2F30C0327F01F072A
S21401CAA82BB14FF400532946174800F081FD039E29
S21401CAB87FB125F051FF30464FF40051EEF72CFABE
S21401CAC83346044606F5005650B9039BF31ABB4293
S21401CAD8EFD32A4639460D4800F06AFD002406E0E1
S21401CAE800902A464FF40051094800F061FD201EC7
S21401CAF818BF0120C3E71120C1E70120BFE700BF27
S21401CB08D85000207A8F040028900400E79004008B
S21401CB189690040010B5044638B1FFF7F3FE30B11D
S21401CB280020044B1B68236010BD2120FCE7112060
S21401CB38FAE700BFD850002010B50446FFF7E2FE1A
S21401CB48B0B10C4B1A68A24206D821460A48013AE7
S21401CB5800F02EFD212010BD25F0FEFE40F25122E8
S21401CB6820460649EEF7BEF8003818BF0120F2E75E
S21401CB781120F0E7D85000207A8F0400844E002058
S21401CB8810B50446FFF7BEFE70B121460848EEF719
S21401CB98C9F840F20323984208D040F2012398428C
S21401CBA80CBF0520012010BD1120FCE70020FAE784
S21401CBB8844E00202DE9F0412D4D04462F68FFF7DD
S21401CBC8A1FE002851D02968A14207D84A1E294843
S21401CBD8214600F0EDFC2120BDE8F0812648EEF75D
S21401CBE861F8DFF894800246B0B943462E6896424B
S21401CBF822D1BE4214BF3A4606F1FF3212BB314675
S21401CC081D48C8F80040EEF72DF8014600B31B484A
S21401CC1800F0CEFC0120DFE72046EEF703F80446D5
S21401CC2838B10146164800F0C3FC201E18BF012083
S21401CC38D2E7EDF70BFEF8E753F8041B8C42DDD07C
S21401CC480132D4E70C499200081D01F021FED6E70F
S21401CC5829680948EEF726F8044610B1014609483E
S21401CC68D6E7EDF7F3FD2046B6E71120B4E700BF97
S21401CC78D85000207A8F0400644E00202D910400BD
S21401CC880391040060910400F8B50446FFF73AFEE4
S21401CC98002845D0234B1A68A24207D821462248C5
S21401CCA8013A00F085FC21242046F8BD1F4800F013
S21401CCB87FFC25F051FE40F251221D492046EEF731
S21401CCC811F840F20327054625F046FE184E65B1D1
S21401CCD840F203239D421AD02946164800F068FC04
S21401CCE80124154800F064FCDEE725F035FE2946E8
S21401CCF83046EEF717F8B84209D040F201239842B9
S21401CD0803D10E4800F054FCE1E70546DFE721466B
S21401CD180B4800F04DFC2046FFF74CFF0446E0E7C1
S21401CD281124C1E7D85000207A8F04009791040097
S21401CD38844E0020B7910400A03204003A6604002D
S21401CD48CF9104000322024B186019615A63704799
S21401CD580000025C3F22034B1A631022DA610322A9
S21401CD689A6370470000025C024AD36B9B07FCD4A7
S21401CD78704700BF0000025C044B9B6A13F0240F47
S21401CD8814BF012000208000704700BF0000025C2D
S21401CD9808B5FFF7F1FF084BDB6B23F47F4323F05D
S21401CDA8EF03003B18BF012350EA83001EBF012290
S21401CDB8024BC3F8FC2F08BD0000025C00F0FF3FE1
S21401CDC84368182B0AD0202B1DD0102B2BD1174BBC
S21401CDD8D3F80434DB010AD401207047134BD3F887
S21401CDE804349A01F8D50B6843F008030B6003680E
S21401CDF80F4A934210D10B6843F040030B6000239F
S21401CE08436000207047094BD3F804345B01E3D52F
S21401CE180B6843F00403E9E7064A9342F1D10B682D
S21401CE2843F08003EAE70720704700BF0000025C72
S21401CE38BF6A0020BE6A00200B4607B50749D1F82D
S21401CE480414C90708D5002100920246084600F0D6
S21401CE5843F803B05DF804FB0120FAE70000025C22
S21401CE680B4607B50749D1F80414C90708D5009237
S21401CE7801210246002000F02FF803B05DF804FBFC
S21401CE880120FAE70000025C13B5084CD4F8044404
S21401CE98640709D5CDE900230B460021024608465A
S21401CEA800F044F802B010BD0120FBE70000025C68
S21401CEB813B5084CD4F80444640709D5CDE9002312
S21401CEC80B4602460121002000F030F802B010BDE2
S21401CED80120FBE70000025CF0B51C465B681546BE
S21401CEE88DB01A07129E1AD1CBB17268934216D129
S21401CEF80C4B0D4A53F8217009AB07CA83E80700A3
S21401CF081A462946CDE90533CDE90333CDE9016350
S21401CF18009447F480701FF08EFF0DB0F0BD072017
S21401CF28FBE700BF64D9040058D90400F0B51D46D4
S21401CF3816466A688DB0DDE91273E2B178688242F6
S21401CF4819D15A68102A16D10C4A09AC52F821C0D0
S21401CF580B4A07CA84E8070022463146CDE905444C
S21401CF68CDE90344CDE9017400954CF480601FF0C7
S21401CF7862FF0DB0F0BD0720FBE700BF64D90400CF
S21401CF8858D9040010B50A46044619B1024B0021C7
S21401CF981B68984710BD00BF6CD9040010B5114C2A
S21401CFA82378580744BF23F004032370237899078E
S21401CFB805D500F05DF8237823F002032370637823
S21401CFC81BB10023084A6360536000230821064802
S21401CFD86370FFF7D7FF2378DA0744BF23F001030E
S21401CFE8237010BDDC500020E050002038B51A4CE4
S21401CFF862782378022A01D1072B11D0DD0712D5D2
S21401D0082378980707D400F02BF82378054643F0D1
S21401D0180203237080B96278237882B15A0716D53D
S21401D0280025284638BD1CF01CF82378054643F031
S21401D038010323700028E3D0FFF7B0FFF1E7D90713
S21401D048ECD5064962604A6002226270E6E743F060
S21401D05804032370E4E700BFDC500020E050002002
S21401D0680122024B002083F8F0207047E850002088
S21401D0782DE9F0410A4C002526464FF00108032702
S21401D0882046C4F81C80277601351FF0C2FF062DFE
S21401D09804F12804F4D1002386F8F030BDE8F081C5
S21401D0A8E85000202DE9F04F984691B00B1E0A93E0
S21401D0B8B44B914614BF83469B4600251A9E98F8A2
S21401D0C8000070B94D4538BF2A464B464FF0000060
S21401D0D80A9928BF09F1FF32D847284611B0BDE89A
S21401D0E8F08F252808F1010806D02A464B460A99EA
S21401D0F86C1CD8472546E2E70023414611F8012B68
S21401D1082B2A16D00AD8202A16D0232A17D0A2F1FD
S21401D1183000092834D800270A2418E02D2A05D01B
S21401D128302AF4D143F001038846E6E743F00203C8
S21401D138FAE743F00403F7E743F00803F4E743F09C
S21401D1481003F1E7884604FB0722A2F1300741469F
S21401D15811F8012BA2F130000928F3D998F800201C
S21401D1682E2A52D198F8011008F10102A1F13000D7
S21401D178092843F480633ED800244FF00A0E11E0D4
S21401D1882A2A08D156F8047B8846002FBCBF43F0EC
S21401D19802037F42E2E70027E0E702460EFB04119E
S21401D1A8A1F13004104610F8011BA1F1300CBCF1B6
S21401D1B8090FF2D99046424612F8011B6C292DD068
S21401D1C825D8682933D06A293BD04246904618F8B4
S21401D1D8010B672860D8572836D8452808D084D93F
S21401D1E8462800F0188147287FF47FAF43F4006390
S21401D1F843F0200327E12A2906D156F8044B08F103
S21401D208020824EAE474D6E790460024D3E7742992
S21401D21801D07A29D9D143F48073D7E798F8011059
S21401D2286C29F8D143F4407308F10202CEE798F866
S21401D2380110682902D043F08003C7E743F0C00312
S21401D248F2E743F40073C1E7A0F158020F2A3FF64C
S21401D2584CAF01A151F822F001D30100F3D001002F
S21401D268F3D00100F3D00100F3D00100F3D00100A0
S21401D278F3D00100F3D00100F3D00100F3D0010090
S21401D28801D301006DD4010001D3010043D401008C
S21401D29823D4010043D40100A0F16901C9B20F29C2
S21401D2A83FF623AF012249F2410C8A4012EA0C02EA
S21401D2B818D10A2900F0158107297FF416AF43F023
S21401D2C8210305930823CDE903431023CDE9012360
S21401D2D856F8043B2A46009358464B460A991FF0CF
S21401D2E888FFA8E06F2800F05E8110D9782808D159
S21401D2F8102223F00C0310E0582839D0622800F0D9
S21401D30854810A2223F01003642806D0F1E769281D
S21401D3184FF00A0223F01003F6D1590548BF23F04F
S21401D3280103692803F4007101D0642840D111B3C0
S21401D338073626F00706B24670685AF8081BCDE984
S21401D348077300230593C30F0028029306940B4620
S21401D358049202DA4B4260EB4000CDE900304B46BE
S21401D3682A4658460A991FF086FF05465646A6E6F7
S21401D37843F02003BCE7D90506F1040A04D5316851
S21401D38805E000BF5DD0030058060CD53178CDE91D
S21401D3980224CDE9047300294FEAD1730193B8BF7B
S21401D3A84942009120E01906E9D5B6F90010EEE7E2
S21401D3B879B1CDE907730023CDE9042306F1070AFD
S21401D3C82AF0070A06940293FAE80223CDE9002315
S21401D3D8C5E7D80506F1040A0DD5CDE90473CDE9EC
S21401D3E802240191336800934B462A4658460A9907
S21401D3F81FF0FFFEB9E7590607D53178CDE9047362
S21401D4080023CDE902240193CBE7316813F0800F9E
S21401D41818BF89B2F2E743F02003CDE90173073656
S21401D42826F007060094B6EC020B4B462A465846E9
S21401D4380A99E9F7CDF9054641E600F0DF004728E5
S21401D44801D143F40063CDE90173073626F00706D8
S21401D4580094B6EC020B4B462A4658460A99E8F75A
S21401D468FBFFE8E713F0020426D04FF0010A6B1C15
S21401D4780B932A464B460A9916F8040BD84774B3F9
S21401D48854460B9A21E04B4620200A99D8470AEBC6
S21401D49805020AF1010A5745F5D83A1E18BF0122B6
S21401D4A8002A07F1FF3308BF002307F1010A1D44CC
S21401D4B808BF4FF0020ADAE7A246E8E7551C4B46D2
S21401D4C820200A99D8472A460134BC42F6D3A7EB4E
S21401D4D80A03574538BF00230B9A1A440B920B9D33
S21401D4E8EDE53246002C52F8046B14BF21464FF086
S21401D4F8FF310B9232463144107808B1914211D16E
S21401D508A2EB060A13F480620C9202D0A24528BF49
S21401D518A24613F002030D931BD1AAEB05032A4674
S21401D5280F9308E00132E7E7531C0E9320204B4681
S21401D5380A99D8470E9A0F9BD318BB42F4D3A7EB88
S21401D5480A03574538BF00230AF101021D4403EBBD
S21401D558020AAB1B0E9304E01C464B462A460A9960
S21401D568D8470E9BF51816F8010B28B10C9B002B13
S21401D578F3D0631E002CEFD10D9B93B12A46AAEB7C
S21401D588050405E0561C4B4620200A99D847324622
S21401D5981319BB42F6D3A7EB0A03574538BF002336
S21401D5A81D440B9E8BE50822A3E60222A1E600BFD6
S21401D5B80FB41FB506AA52F8043B02A903920092BB
S21401D5C804484FF0FF32FFF76DFD05B05DF804EB38
S21401D5D804B070471FD303001FB5034600914FF0F0
S21401D5E8FF3203A90248FFF75DFD05B05DF804FBAD
S21401D5F81FD303001FB5CDE90201009302A9134604
S21401D60803484FF0FF32FFF74DFD05B05DF804FB08
S21401D61827D303001FB5094B094A1868094B01A906
S21401D6281860094B1360094A0192094A1268CDE944
S21401D63802231BF039FD05B05DF804FBE8710020F4
S21401D6481C42002020420020DC71002038C804005B
S21401D65898540020014B18681BF03ABDE871002069
S21401D66838B5F1F727FF0446064D2B68D3F8B00204
S21401D678F1F714FF28681BF03EFD2046BDE8384048
S21401D688F1F70CBFE871002010B5234CF0F702F84B
S21401D698F0F70EF9236F012023F0070343F0030385
S21401D6A82367F0F72FF91D4B00209B6A9B075EBF87
S21401D6B801221B4B9A62D4F8203123F0030343F06E
S21401D6C80203C4F82031D4F8243123F0070343F0C9
S21401D6D80203C4F82431D4F8403123F0030343F09D
S21401D6E80103C4F84031D4F8603123F0030343F052
S21401D6F80103C4F86031D4F8403223F0030343F041
S21401D7080103C4F84032D4F8003223F0070343F08B
S21401D7180103C4F8003210BD0080005000C000505C
S21401D72800E00050064B1B681A7A022A01D81AB97B
S21401D7387047032A00D070471B68024A1360704777
S21401D748EC710020985400200022024B5A60DA60DF
S21401D7581A6070479C54002008B501F011FD00229C
S21401D768014B1A7008BD00BFC06A00200A4601496D
S21401D7781FF03DBE89F104000A4601491FF037BE75
S21401D78884F104000A4601491FF031BE7DF1040008
S21401D7980A4601491FF02BBE7AF104000A460149E0
S21401D7A81FF025BE77F104000A4601491FF01FBE87
S21401D7B872F104000A4601491FF019BE6DF1040012
S21401D7C80A4601491FF013BE68F104000A460149DA
S21401D7D81FF00DBE61F1040081F0004102E000BFB8
S21401D7E883F0004330B54FEA41044FEA430594EA13
S21401D7F8050F08BF90EA020F1FBF54EA000C55EA4E
S21401D808020C7FEA645C7FEA655C00F0E2804FEA1E
S21401D8185454D4EB5555B8BF6D420CDD2C4480EA00
S21401D828020281EA030382EA000083EA010180EA30
S21401D838020281EA0303362D88BF30BD11F0004F7E
S21401D8484FEA01314FF4801C4CEA113102D04042B4
S21401D85861EB410113F0004F4FEA03334CEA1333EF
S21401D86802D0524263EB430394EA050F00F0A78007
S21401D878A4F10104D5F1200E0DDB02FA0EFC22FA02
S21401D88805F2801841F1000103FA0EF2801843FAF6
S21401D89805F359410EE0A5F120050EF1200E012AE7
S21401D8A803FA0EFC28BF4CF0020C43FA05F3C01825
S21401D8B851EBE37101F0004507D54FF0000EDCF19E
S21401D8C8000C7EEB00006EEB0101B1F5801F1BD347
S21401D8D8B1F5001F0CD349085FEA30004FEA3C0C4B
S21401D8E804F101044FEA445212F5800F80F09A8041
S21401D8F8BCF1004F08BF5FEA500C50F1000041EB45
S21401D908045141EA050130BD5FEA4C0C404141EB48
S21401D9180101013C28BFB1F5801FE9D291F0000F43
S21401D92804BF01460020B1FA81F308BF2033A3F1F2
S21401D9380B03B3F120020CDA0C3208DD02F1140CE9
S21401D948C2F10C0201FA0CF021FA02F10CE002F124
S21401D9581402D8BFC2F1200C01FA02F120FA0CFC1D
S21401D968DCBF41EA0C019040E41AA2BF01EB045166
S21401D978294330BD6FEA04041F3C1CDA0C340EDC64
S21401D98804F11404C4F1200220FA04F001FA02F3A7
S21401D99840EA030021FA04F345EA030130BDC4F165
S21401D9A80C04C4F1200220FA02F001FA04F340EA5A
S21401D9B80300294630BD21FA04F0294630BD94F00B
S21401D9C8000F83F4801306BF81F480110134013DF2
S21401D9D84EE77FEA645C18BF7FEA655C29D094EA63
S21401D9E8050F08BF90EA020F05D054EA000C04BFE1
S21401D9F81946104630BD91EA030F1EBF00210020CC
S21401DA0830BD5FEA545C05D14000494128BF41F06A
S21401DA18004130BD14F580043CBF01F5801130BDCE
S21401DA2801F0004545F0FE4141F470014FF0000059
S21401DA3830BD7FEA645C1ABF194610467FEA655C0A
S21401DA481CBF0B46024650EA013406BF52EA0335AC
S21401DA5891EA030F41F4002130BD00BF90F0000F9A
S21401DA6804BF0021704730B54FF4806404F13204D6
S21401DA784FF000054FF0000150E700BF90F0000F8F
S21401DA8804BF0021704730B54FF4806404F13204B6
S21401DA9810F0004548BF40424FF000013EE700BF86
S21401DAA842004FEAE2014FEA31014FEA02701FBF16
S21401DAB812F07F4393F07F4F81F06051704732F048
S21401DAC87F4208BF704793F07F4F04BF41F400219F
S21401DAD8704730B54FF4607401F0004521F00041FD
S21401DAE81CE700BF50EA010208BF704730B54FF087
S21401DAF800050AE050EA010208BF704730B511F088
S21401DB08004502D5404261EB41014FF4806404F1BF
S21401DB1832045FEA915C3FF4D8AE4FF003025FEA45
S21401DB28DC0C18BF03325FEADC0C18BF033202EBC9
S21401DB38DC02C2F1200300FA03FC20FA02F001FA23
S21401DB4803FE40EA0E0021FA02F11444BDE600BFC6
S21401DB5870B54FF0FF0C4CF4E06C1CEA11541DBF75
S21401DB681CEA135594EA0C0F95EA0C0F00F0DEF840
S21401DB782C4481EA030621EA4C5123EA4C5350EA25
S21401DB88013518BF52EA033541F4801143F4801376
S21401DB9838D0A0FB02CE4FF00005E1FB02E506F007
S21401DBA80042E0FB03E54FF00006E1FB03569CF05C
S21401DBB8000F18BF4EF0010EA4F1FF04B6F5007F62
S21401DBC864F5407404D25FEA4E0E6D4146EB0606D4
S21401DBD842EAC62141EA55514FEAC52040EA5E505D
S21401DBE84FEACE2EB4F1FD0C88BFBCF5E06F1ED807
S21401DBF8BEF1004F08BF5FEA500E50F1000041EB3E
S21401DC08045170BD06F0004646EA010140EA0200EA
S21401DC1881EA0301B4EB5C04C2BFD4EB0C0541EA0C
S21401DC28045170BD41F480114FF0000E013C00F321
S21401DC38AB8014F1360FDEBF002001F0004170BD45
S21401DC48C4F10004203C35DA0C341BDC04F114045E
S21401DC58C4F1200500FA05F320FA04F001FA05F2EA
S21401DC6840EA020001F0004221F0004110EBD370B7
S21401DC7821FA04F642EB06015EEA430E08BF20EAE3
S21401DC88D37070BDC4F10C04C4F1200500FA04F386
S21401DC9820FA05F001FA04F240EA020001F0004118
S21401DCA810EBD37041F100015EEA430E08BF20EA8B
S21401DCB8D37070BDC4F1200500FA05F24EEA020ED3
S21401DCC820FA04F301FA05F243EA020321FA04F002
S21401DCD801F0004121FA04F220EA020000EBD370B9
S21401DCE85EEA430E08BF20EAD37070BD94F0000FB9
S21401DCF80FD101F00046400041EB010111F4801FED
S21401DD0808BF013CF7D041EA060195F0000F18BF9D
S21401DD18704703F00046520043EB030313F4801FD9
S21401DD2808BF013DF7D043EA0603704794EA0C0F93
S21401DD380CEA135518BF95EA0C0F0CD050EA4106A9
S21401DD4818BF52EA4306D1D181EA030101F0004126
S21401DD584FF0000070BD50EA410606BF104619464E
S21401DD6852EA430619D094EA0C0F02D150EA01365A
S21401DD7813D195EA0C0F05D152EA03361CBF10469B
S21401DD8819460AD181EA030101F0004141F0FE413A
S21401DD9841F470014FF0000070BD41F0FE4141F4BE
S21401DDA8780170BD70B54FF0FF0C4CF4E06C1CEABE
S21401DDB811541DBF1CEA135594EA0C0F95EA0C0F73
S21401DDC800F0A7F8A4EB050481EA030E52EA03352E
S21401DDD84FEA013100F088804FEA03334FF080554F
S21401DDE845EA131343EA12634FEA022245EA11157C
S21401DDF845EA10654FEA00260EF000419D4208BF2D
S21401DE08964244F1FD0404F5407402D25B084FEAD9
S21401DE183202B61A65EB03055B084FEA32024FF485
S21401DE2880104FF4002CB6EB020E75EB030E22BFE2
S21401DE38B61A754640EA0C005B084FEA3202B6EBA2
S21401DE48020E75EB030E22BFB61A754640EA5C0051
S21401DE585B084FEA3202B6EB020E75EB030E22BFE1
S21401DE68B61A754640EA9C005B084FEA3202B6EBE2
S21401DE78020E75EB030E22BFB61A754640EADC00A1
S21401DE8855EA060E18D04FEA051545EA16754FEA03
S21401DE9806164FEAC30343EA52734FEAC2025FEA21
S21401DEA81C1CC0D111F4801F0BD141EA00014FF0B0
S21401DEB800004FF0004CB6E711F4801F04BF014381
S21401DEC80020B4F1FD0C88BFBCF5E06F3FF6AFAE9D
S21401DED8B5EB030C04BFB6EB020C5FEA500C50F12D
S21401DEE8000041EB045170BD0EF0004E4EEA1131B0
S21401DEF814EB5C04C2BFD4EB0C0541EA045170BDB7
S21401DF0841F480114FF0000E013C90E645EA060EFA
S21401DF188DE60CEA135594EA0C0F08BF95EA0C0F28
S21401DF283FF43BAF94EA0C0F0AD150EA01347FF470
S21401DF3834AF95EA0C0F7FF425AF104619462CE747
S21401DF4895EA0C0F06D152EA03353FF4FDAE1046AA
S21401DF58194622E750EA410618BF52EA43067FF4FB
S21401DF68C5AE50EA41047FF40DAF52EA43057FF48B
S21401DF78EBAE12E74FF0FF3C06E000BF4FF0010C96
S21401DF8802E000BF4FF0010C4DF804CD4FEA410CFA
S21401DF987FEA6C5C4FEA430C18BF7FEA6C5C1BD0C7
S21401DFA801B050EA410C0CBF52EA430C91EA030F48
S21401DFB802BF90EA020F0020704710F1000F91EAA5
S21401DFC8030F58BF994208BF90422CBFD8176FEA73
S21401DFD8E37040F0010070474FEA410C7FEA6C5C41
S21401DFE802D150EA013C07D14FEA430C7FEA6C5C48
S21401DFF8D6D152EA033CD3D05DF8040B704700BF74
S21401E0088446104662468C461946634600E000BFC1
S21401E01801B5FFF7B7FF002848BF10F1000F01BD93
S21401E0284DF808EDFFF7F4FF0CBF012000205DF85E
S21401E03808FB00BF4DF808EDFFF7EAFF34BF0120E3
S21401E04800205DF808FB00BF4DF808EDFFF7E0FF7C
S21401E05894BF012000205DF808FB00BF4DF808EDCD
S21401E068FFF7CEFF94BF012000205DF808FB00BF34
S21401E0784DF808EDFFF7C4FF34BF012000205DF816
S21401E08808FB00BF4FEA410212F5001215D211D55E
S21401E0986FF47873B3EB625212D94FEAC12343F097
S21401E0A8004343EA505311F0004F23FA02F018BF19
S21401E0B8404270474FF00000704750EA013005D1E2
S21401E0C811F0004008BF6FF0004070474FF00000A5
S21401E0D8704700BF4A0011D212F5001211D20DD5B1
S21401E0E86FF47873B3EB62520ED44FEAC12343F050
S21401E0F8004343EA505323FA02F070474FF00000FA
S21401E108704750EA013002D14FF0FF3070474FF0A8
S21401E1180000704753B94AB9002908BF00281CBF38
S21401E1284FF0FF314FF0FF3000F08CB9ADF1080C1D
S21401E1386DE904CE00F006F8DDF804E0DDE9022317
S21401E14804B070472DE9F04F099D0E4604460F4668
S21401E158002B47D18A429446B2FA82F35AD943B180
S21401E16802FA03FCC3F120029F409C4020FA02F207
S21401E17817434FEA1C461FFA8CFE220CB7FBF6F132
S21401E18806FB117701FB0EF042EA0742904208D9D6
S21401E1981CEB020201F1FF3702D2904200F23C81E9
S21401E1A83946121AA4B2B2FBF6F006FB102200FB9F
S21401E1B80EFE44EA0244A64508D91CEB040400F105
S21401E1C8FF3202D2A64500F22A81104640EA0140F3
S21401E1D8A4EB0E0400211DB1DC400023C5E9004371
S21401E1E8BDE8F08F8B4205D90DB1C5E900010021C4
S21401E1F80846F5E7B3FA83F100294FD1B342C0F0D8
S21401E2080281824240F2FF800846002DE8D0C5E927
S21401E2180047E5E7002B40F0AF808A1A4FEA1C4E0C
S21401E2281FFA8CF70121B2FBFEF60EFB1620220C14
S21401E23842EA004207FB06F090420FD91CEB0202A5
S21401E24806F1FF382CBF4FF001094FF00009904244
S21401E25803D9B9F1000F00F0DC804646121AA4B2C1
S21401E268B2FBFEF00EFB102200FB07F744EA02445D
S21401E278A7420FD91CEB040400F1FF322CBF4FF064
S21401E288010E4FF0000EA74203D9BEF1000F00F0B1
S21401E298C9801046E41B40EA06409CE7C1F1200409
S21401E2A88B4006FA01FC00FA01FE22FA04F7E64062
S21401E2B88A401F4320FA04F34FEA174843EA0C033F
S21401E2C81FFA87FC4FEA1349B6FBF8F008FB1066FD
S21401E2D849EA064600FB0CF9B1450ED9BE1900F10C
S21401E2E8FF3A2CBF4FF0010B4FF0000BB14503D995
S21401E2F8BBF1000F00F0A2805046A6EB09061FFAF4
S21401E30883F9B6FBF8F308FB136603FB0CFC49EA32
S21401E3180646B4450ED9BE1903F1FF382CBF4FF097
S21401E32801094FF00009B44503D9B9F1000F00F00F
S21401E3388280434643EA0040A6EB0C06A0FB028C0B
S21401E34866454346E14602D307D1C64505D2B8EB32
S21401E35802036CEB070C0138E1465DB1BEEB030224
S21401E36866EB090606FA04F422FA01F3CE401C43CA
S21401E378C5E90046002133E702FA03FCC3F120028F
S21401E38899409C40D6404FEA1C4E20FA02F21FFAEA
S21401E3988CF7B6FBFEF00A430EFB1066110C41EA39
S21401E3A8064100FB07F68E420ED91CEB010100F16F
S21401E3B8FF382CBF4FF001094FF000098E4202D9F1
S21401E3C8B9F1000F34D04046891B92B2B1FBFEF674
S21401E3D80EFB161142EA014206FB07F191420ED9DD
S21401E3E81CEB020206F1FF382CBF4FF001094FF073
S21401E3F80009914202D9B9F1000F16D04646521AC1
S21401E40846EA00410FE7841A66EB03020120174625
S21401E418FBE6023E624421E702396244C1E66444EF
S21401E4280238D3E66444023834E7023E6244E6E73B
S21401E43802386144C8E7023B3E447BE702383E4463
S21401E4485BE700BF704700BF2DE9F04F924685B0E5
S21401E45889461E460D46554A0390294615F8014B2E
S21401E468135D13F00803F8D12D2C7CD02B2C4ED03D
S21401E4784FF0FF3102936FF00043CDE9001336F0F9
S21401E488100851D037464FEAE6783A464346DDE962
S21401E4980001FFF73FFE002383468E4618461946BD
S21401E4A8A44613E0ACF13704A6421FDD002B09DBB6
S21401E4B883457EEB010305D38E4508BF83453BD1D3
S21401E4C8A24239DA4FF0FF3315F801CBACF130042C
S21401E4D8092CE9D9ACF14104192CE3D9ACF1610452
S21401E4E8192C03D8ACF15704A642DFDC5A1C2FD0EE
S21401E4F8029A12B1404261EB4101BAF1000F03D012
S21401E508002B48D1CAF8009005B0BDE8F08F4FF04F
S21401E518FF30029336F010086FF000432C7801F1B3
S21401E5280205CDE90003ADD1302C25D0002E3AD115
S21401E5380A27B0463E46A8E700FB08F307FB013367
S21401E548A0FB07010B44201843EBE4710123BBE74A
S21401E5582223039A1360BAF1000F17D005F1FF3989
S21401E568DDE90001CEE74FF00047009301232C7840
S21401E5788D1CCDE9017382E72B7803F0DF03582B56
S21401E5880CD086B90827B0463E467EE7DDE900018D
S21401E59805B0BDE8F08FCDE90001DFE710276C78FC
S21401E5A802353E4671E710273E466EE791F10400B4
S21401E5B84AE700BF10B4044C13460A4601462068D1
S21401E5C85DF8044B40E700BF1C72002010B4044CF1
S21401E5D813460A46014620685DF8044B34E700BF37
S21401E5E81C72002020F0030110F00300C0F10000A7
S21401E5F851F8043B00F1040C4FEACC0C6FF0000212
S21401E6081CBF22FA0CF213434FF0010C4CEA0C2CF7
S21401E6184CEA0C4CA3EB0C0222EA030212EACC12D7
S21401E62804BF51F8043B0430F4D0C2F1000102EAF9
S21401E6380102B2FA82F2C2F11F0200EBD200704761
S21401E6482DE9F04780460C464548264614F801EB66
S21401E65810F80EC01CF0080CF7D1BEF12D0F5BD0D8
S21401E668BEF12B0F3AD0654633F010003ED04FF07E
S21401E678FF379A46B7FBF3F703FB07F96FEA090971
S21401E688002630460EE0AEF1370C63451DDD002E40
S21401E69804DBB84202D833D1CC4531DD4FF0FF3622
S21401E6A814F801EBAEF1300CBCF1090FEDD9AEF15F
S21401E6B8410CBCF1190FE6D9AEF1610CBCF1190F8A
S21401E6C803D8AEF1570C6345E1DC731C1CD005B1C9
S21401E6D840420AB1F6B91160BDE8F08733F0100080
S21401E6E894F800E0654606F10204C0D1BEF1300F89
S21401E6F817D06BBB0A234FF005091A4F9A46BFE796
S21401E70800FB0AC00126CBE722233046C8F80030B2
S21401E718002AE1D0611EDEE794F800E00125B41C6A
S21401E728A2E7207800F0DF00582807D083B908232D
S21401E7384FF007096FF060479A46A1E7102394F84F
S21401E74801E04FF00F0902346FF070479A4697E7D9
S21401E75810234FF00F096FF070479A4690E700BFF5
S21401E76891F10400999999196AE700BF10B4044C0D
S21401E77813460A46014620685DF8044B60E700BF69
S21401E7881C72002010B4044C13460A460146206841
S21401E7985DF8044B54E700BF1C7200200F4B70B5A0
S21401E7A80F4DAB42A3EB050607D0B6100024013483
S21401E7B855F8043B9847A642F9D80A4D24F0CCFAF6
S21401E7C8094B5E1BAB424FEAA60606D0002401346D
S21401E7D855F8043B9847A642F9D870BD0476002040
S21401E7E804760020047600200876002070B5860797
S21401E7F847D0541E002A3ED0CAB2034601E0013C67
S21401E80839D303F8012B9D07F9D1032C2CD9CDB2A6
S21401E8180F2C05EB052505EB054535D9A4F1100C9C
S21401E82803F1100E1A462CF00F064FEA1C1CB644CC
S21401E838C2E90055C2E9025510327245F8D10CF109
S21401E848010214F00C0F04F00F0C03EB021213D0A4
S21401E858ACF1040323F003030433134442F8045BC6
S21401E8689342FBD10CF003042CB1C9B21C4403F843
S21401E878011BA342FBD170BD64461346002CF4D19C
S21401E888F9E703461446C0E71A46A446E0E700BF80
S21401E89888420ED98B1883420BD900EB020C002A4A
S21401E8A86ED0624613F801CD994202F801CDF9D12E
S21401E8B870470F2A0FD8034602F1FF3C002A5FD0A3
S21401E8C80CF1010C013B8C4411F8012B614503F84E
S21401E8D8012FF9D1704740EA01039B0751D1A2F1F4
S21401E8E8100301F1200C70B523F00F0501F1100E8D
S21401E8F800F110041B09AC445EF8105C0EF1100E12
S21401E908103444F8205C5EF81C5C44F81C5C5EF825
S21401E918185C44F8185C5EF8145CE64544F8145C28
S21401E928EAD1013312F00C0F02F00F0C01EB0311C0
S21401E93800EB031329D0ACF1040C1C1F8E462CF0F7
S21401E94803064FEA9C0C1E445EF8045B44F8045F19
S21401E958B442F9D10CF1010402F0030203EB84037B
S21401E96801EB840102F1FF3C4AB10CF1010C013BB9
S21401E9788C4411F8012B614503F8012FF9D170BDBC
S21401E988704702F1FF3C03469AE76246EAE700BF92
S21401E9982DE9F04F82468E463F4875461EF801BB64
S21401E9A810F80B4014F00804F7D1BBF12D0F5BD01B
S21401E9B8BBF12B0F6FF0004904BF9EF800B005F1BC
S21401E9C8020E33F0100010D1BBF1300F04D0002B2B
S21401E9D85ED10A231F4609E09EF8000000F0DF001A
S21401E9E858284ED0002B53D108231F460025B9FBC3
S21401E9F8F7F6284607FB16980EE0ABF1370C634589
S21401EA081DDD002D04DB864202D321D1E0451FDA45
S21401EA184FF0FF351EF801BBABF1300CBCF1090F06
S21401EA28EDD9ABF1410CBCF1190FE6D9ABF1610C8C
S21401EA38BCF1190F03D8ABF1570C6345E1DC6B1C2D
S21401EA480AD004B140420AB1CDB91160BDE8F08FD1
S21401EA5807FB00C00125DDE72223CAF800305AB1BA
S21401EA680EF1FF314846F0E79EF800B04FF0004936
S21401EA7805F1020E0124A4E74846BDE8F08F814659
S21401EA88EEE710239EF801B00EF1020E1F46ADE721
S21401EA9810231F46AAE700BF91F10400242B02D8D1
S21401EAA8012B00D074E710B500F02EFA1623036088
S21401EAB8002010BD10B5242A084C1346246807D830
S21401EAC8012A05D00A4601462046BDE810405FE700
S21401EAD800F01AFA16230360002010BD1C720020ED
S21401EAE810B5242A084C1346246807D8012A05D0ED
S21401EAF80A4601462046BDE8104049E700F004FAF8
S21401EB0816230360002010BD1C720020844641EACB
S21401EB18000313F0030349D1403A23D30B6803607B
S21401EB284B6843608B688360CB68C3600B6903617D
S21401EB384B6943618B698361CB69C3610B6A036265
S21401EB484B6A43628B6A8362CB6AC3620B6B03634D
S21401EB584B6B43638B6B8363CB6BC3634030403132
S21401EB68403ADBD230320BD30B6803604B68436004
S21401EB788B688360CB68C36010301031103AF3D2CB
S21401EB880C3205D351F8043B40F8043B043AF9D259
S21401EB98043208D0D2071CBF11F8013B00F8013B2C
S21401EBA801D30B8803806046704700BF082A13D339
S21401EBB88B07B1D010F00303AED0C3F10403D21A09
S21401EBC8DB071CBF11F8013B00F8013BA4D331F861
S21401EBD8023B20F8023B9FE7043AD9D3013A11F8E1
S21401EBE8013B00F8013BF9D20B7803704B78437070
S21401EBF88B78837060467047024B014618681BF095
S21401EC0839B800BF1C720020024B014618681BF079
S21401EC1834B800BF1C720020CAB384460B4630B510
S21401EC2804460843800719D09CF800000C78A042D7
S21401EC3812D150B3012A28D0E64603E01CEB030F95
S21401EC4823D010B31EF8010F11F8014FA2EB0E03E3
S21401EC58A04203F1FF33F1D0001B30BD032A07D8C9
S21401EC68E2E7043A11D01EF0803F0ED1032A10D9EC
S21401EC782068194653F8045BA446A0F1013E043403
S21401EC88A8422EEA000EECD0CEE7002030BD104692
S21401EC987047A4461946C7E780EA010C1CF0030F23
S21401ECA837D110F0030C20F0030021F0030150F8CF
S21401ECB8042B08BF51F8043B0ED08CF0030C6FF000
S21401ECC87F434FEACC0C23FA0CFC51F8043B42EA8A
S21401ECD80C0243EA0C0300BFA2F1013C9A4201BFB1
S21401ECE82CEA020C1CF0803F50F8042B51F8043B28
S21401ECF8F2D04FEA02604FEA1222012828BFB0EB91
S21401ED08036F08BF1B0AF4D003F0FF03000EC01AF6
S21401ED18704710F0030F0AD010F8012B11F8013BC9
S21401ED28012A28BF9A42F4D0A2EB030070474DF897
S21401ED38045D50F8042B01F0030521F0030151F896
S21401ED48043B022D26D04DD822F07F45B5EB132F74
S21401ED58A2F1013C2CEA020C0DD11CF0803C08BF44
S21401ED6851F8043B0AD185EA0205B5EB036F0CD1CD
S21401ED7850F8042BE8E74FEA13235BE03CF07F4C9E
S21401ED8854D10B784FEA126554E04FEA126503F046
S21401ED98FF034FE04FEA0245A2F1013C4FEA154551
S21401EDA82CEA020CB5EB134F18D11CF0803C08BFB7
S21401EDB851F8043B07D185EA0205B5EB034F09D1A3
S21401EDC850F8042BE6E75FEA0C4C2FD10B884FEA84
S21401EDD812452FE04FEA03434FEA12454FEA134321
S21401EDE828E000BF02F0FF05B5EB136FA2F1013C66
S21401EDF82CEA020C0DD11CF0803C08BF51F8043BEC
S21401EE080AD185EA0205B5EB032F0AD150F8042B7F
S21401EE18E8E74FEA13630DE012F0FF0F06D051F84A
S21401EE28043B4FEA122523F07F4303E04FF000002E
S21401EE3820BC704705F0FF0203F0FF00012828BF39
S21401EE48904204BF2D0A1B0AF4D0A2EB000020BC96
S21401EE58704700BF08B5064B044613B1002100F001
S21401EE68AFF8044B1B6803B19847204619F0F8FA27
S21401EE78C9EF0100E4550020002301461A4618464A
S21401EE8800F048B8032A30B415D941EA000484468C
S21401EE980B46A40704D0541E0FE0043A032A08D9E7
S21401EEA81946604653F8044B5CF8045BA542F4D057
S21401EEB8F1E760461946541E7AB1431E0139021914
S21401EEC801E09A4209D013F8010F11F801CF604505
S21401EED8F7D0A0EB0C0030BC7047002030BC704760
S21401EEE838B5074D074C2C1BA41005D0013C55F826
S21401EEF8043D9847002CF9D1BDE8384023F032BFCD
S21401EF080C76002008760020014B1868704700BF71
S21401EF181C720020F0B5264C83B006460F462568BD
S21401EF2805B36C681F2C3FDCA6B1D5F8880048B33A
S21401EF38D0F800114FF0010C40F82420022E00EB07
S21401EF4884020CFA04FC4CEA0101C0F80011C2F86C
S21401EF58803010D0631C002002346B6045F82470A2
S21401EF6803B0F0BD13491448216010B10068C1F818
S21401EF788800104DD5E7D0F8043143EA0C03C0F8F1
S21401EF880431E7E70D49CDE9002369B14FF48470F0
S21401EF98FFF732FE40B100216C68C0E94011DDE997
S21401EFA80023C5F88800C5E74FF0FF30D8E700BF53
S21401EFB874560020E85500200000000001EC01000E
S21401EFC82DE9F04FDFF8B49083B0D9F8006096B316
S21401EFD8884601907568D6F888706C1E2BD4013562
S21401EFE807F1800B06EB8505B8F1000F26D173688B
S21401EFF82A68013BA3423BD000232B60BAB1D6F85E
S21401F00804A05FB30123D7F80011A3400B4225D013
S21401F018D7F8040157F8241003422BD101989047DA
S21401F0287368D9F8002053451ED1B2421CD1013C61
S21401F038043D631CD8D103B0BDE8F08F4FB15BF82F
S21401F04824304345D3D0013C043D621CF3D0002F45
S21401F058F5D1013CEFD3013CFBD2ECE7904773684E
S21401F068D9F800205345E0D0002AE4D01646B1E787
S21401F0787460C3E708469047D2E700BF745600207D
S21401F08813B5044669461EF09FFA20461EF0E3FBB8
S21401F098FF28024606D020469DF80010EFF764FACE
S21401F0A802B010BD0048FBE70080FFFF2DE9F041E4
S21401F0B88AB001AC05460B462746194A02F1200CD0
S21401F0C8264610685168083203C662453446F7D1A9
S21401F0D8002B08BF3B46002710681C4630603846A0
S21401F0E803F10C0690B95FFA87F84246284621884C
S21401F0F81EF0D3FC50B942462846E1881EF0DEFCD5
S21401F10820B94246314628461EF0EAFC0137032F4D
S21401F11806F1080604F10204E4D10AB0BDE8F0815C
S21401F128A8F20400F0B589B005460E4601F034FE93
S21401F138044600BB01AC06F10C070FCF0FC497E8D5
S21401F148070084E8070001A9284605F0F1FC2846CF
S21401F158311D1EF060FF044648B92846074901F0EC
S21401F1685DFA044618B9284601F0E0FD044628462B
S21401F1783168FFF79BFF204609B0F0BDA0F20400F6
S21401F18801491EF074BA00BF250D020070B5164E6F
S21401F198032804460D4633781ED023FA04F202F0FB
S21401F1A80102AA421DD053B10122A240A54023EA7A
S21401F1B802032B43DBB233704BB1012070BD2DB176
S21401F1C80A4B01201B6898473378EDE73570074BE3
S21401F1D800201B689847F0E79A07DED003F0FC0387
S21401F1E8E9E7002070BD00BFC26A0020B4580020BD
S21401F1F8F8B505460C4623F00EFB104F06463B783D
S21401F20833B1012D04D01CB90D4822F025F83C7005
S21401F21821462846FFF7BAFF0A4B04461B783BB936
S21401F2283B782BB91EF00DFC10B1074B1B689847AD
S21401F238304623F0EBFA2046F8BD00BFC36A00202B
S21401F24888580020C26A00206C720020054A0B46C6
S21401F258117831B100211170034A012152681878DA
S21401F26810477047C36A00206C72002038B5074DF6
S21401F27804462B78834207D001F0B8FC20462C7050
S21401F288BDE83840F0F708BC38BD00BFC16A0020A9
S21401F29838B5044680B123F0BEFA01210446084673
S21401F2A821F04EFC01210B4A08461AF0B7FD20460C
S21401F2B8BDE8384023F0AABA23F0ADFA0546214640
S21401F2C8012021F03DFC01202146024A1AF0A6FD44
S21401F2D82846EDE71CC904001B4B022910B5187017
S21401F2E802D0032904D010BD184B1B78002BFAD185
S21401F2F805F08CFB0028F6D04FF00052144BC3F8EB
S21401F3088020BFF34F8FBFF36F8F01F047FC0028B3
S21401F318E9D001F03BFA0028E5D10E4B1C6834B160
S21401F32823689847BDE81040002001F053BC1EF042
S21401F3389AF9094B186023F05AFB084B18602046C7
S21401F34801F034FCEEE700BFD2750020C16A002048
S21401F35800E100E0D8580020B0580020AC58002042
S21401F36838B504460D4605F051FB80B14FF0005202
S21401F378124B1A6001F012FC48B9012D07D801207A
S21401F38801F028FC0E4B1B6823B15B6898470D4BB0
S21401F3981C7038BD23F02BFB0B4B1A68801A1860BB
S21401F3A822F008F84FF47A72084B1B6802FB00300B
S21401F3B81EF05BF9012001F0F9FBE8E700E100E047
S21401F3C8D8580020D2750020AC580020B05800202C
S21401F3D8F0B585B023F01FFA344D04462B7823B1D7
S21401F3E8334821F039FF002852D121F0BFFF02AA85
S21401F3F803A91EF010FB0346002838D01EF01FFB99
S21401F408029B98421CD100202A4B03991B682A4E5E
S21401F4189942307020D90027C91A012324482B7035
S21401F428264A3346CDE9007723F0BDFA002837D1BE
S21401F438234A1378D90701D53178F9B1204611E066
S21401F4481EF0FBFA029B984228D000231846194959
S21401F458194A0968137003910121FFF797FE0023E3
S21401F46820462B7023F0D2F9002005B0F0BD2046C7
S21401F4782B7023F0CBF9212005B0F0BD03F0FE0375
S21401F4881370002BDAD10F4B1B6898472046E9E723
S21401F498204623F0BBF90E2005B0F0BD0220B3E7E5
S21401F4A8032320462F703370F3E700BFC36A00209A
S21401F4B888580020A8580020D175002055F2010070
S21401F4C8C26A0020B458002070B523F0A4F9184D7C
S21401F4D804462B7823BB174A17491370174B184A4B
S21401F4E818481A60184A194E5A60F0F779FA1849F6
S21401F4F81848F0F775FA184B80203360EEF730F8A5
S21401F508052804BF154B3360154B5B6F03F4407336
S21401F518B3F5007F02BF0222124B1A6001232B703B
S21401F528F0F7C6FB204623F071F9002070BD00BF36
S21401F538C46A0020C36A0020CCF204006C72002062
S21401F548D9F3010078580020F9F10100B4580020D9
S21401F558D4F204008058002075F2010099F20100E7
S21401F56800400050A85800202DE9F0438F788046C7
S21401F5780F2F0C4685B003D9212005B0BDE8F083CE
S21401F58827B90123374A00201370F6E70D784E781D
S21401F598EDB9002EF0D194F90310E08802F00CFEC4
S21401F5A82128E9D055EA0603A088DFF8C89013D0C9
S21401F5B802F066FE4FF60403B9F8002001469A42A7
S21401F5C84BD1AE42334638BF2B4600262DE0082DD8
S21401F5D8D2D8082ED0D8DEE702F052FE4FF6040540
S21401F5E801464FF60500204A136E9BB2AB4208BF90
S21401F5F80346B1F5803FA9F800300FD90223082544
S21401F608136680230126C2F880302B4649084FF638
S21401F618FF720139914228BF114608E0802301266E
S21401F62808251666C2F880302B460029EFD100223D
S21401F63802920122013FFFB2009201972A4608F181
S21401F648F80002F0C7FC1EB14FF48012074B5A654A
S21401F658074BA2681A60022394E703480266A9F8D2
S21401F6680030AEE7C56A002000C001B800D001B876
S21401F678C05800205275002010B50446D0F818214D
S21401F6880B4B4FF40061C3F8CC2090F82420D2012C
S21401F69802F4006205F0D6F894F8243013F0100F3F
S21401F6A84FF4007314BF034A034A136410BD00BF26
S21401F6B8003E00B0001002B8002002B8431C07D074
S21401F6C86FF0FF02034B10405A62A3F5805358624D
S21401F6D8704700BF00E000B8F8B504460F46164666
S21401F6E823F099F80546A047044620B1284623F09A
S21401F6F88DF82046F8BD04F05FFA04220549D1F8D2
S21401F708F03E23EA07033343C1F8F03E024B1A647E
S21401F718ECE700BF003000B0002002B800F0180384
S21401F728182B0AD003070AD440F2011310F0100070
S21401F73818BF1846034BD86770470020FAE7012020
S21401F748F8E700BF003F00B0044B1868830654BFB3
S21401F758C0F30F204FF6FF70704700BF64590020B2
S21401F76838B10368044A002B08BF1346034A1360DE
S21401F7787047014BFAE700BFBDD603007872002038
S21401F78810B4D0E9524122400B4052EA030104D09A
S21401F79803495DF8044B096808475DF8044B704750
S21401F7A8787200200F2938B505460C460ED801F0A8
S21401F7B833FA01280CD1074A2846936E23F00F0323
S21401F7C8234393661EF09BF9002038BD2120FCE7F1
S21401F7D80220FAE7003F00B0014BD86E704700BF21
S21401F7E8003F00B0014B0020D9667047003F00B0CB
S21401F7F803282DE9F347884655D82C4B13F8009073
S21401F8082B4B1E5C2B4B13F800A023F004F807467D
S21401F81804F01EF9054640B100230022CDE9003365
S21401F82801200023002103F03FFF04F019F948B135
S21401F83800230022CDE90033002000234FF40041C5
S21401F84803F032FF6EB31C4BDC6C04F008041B4B50
S21401F8583146DC64484604F00DFA524631464846BD
S21401F86804F096FA164BDC646DB1164B1868D0F89E
S21401F8789010F83003F008F813490868FFF71EFFE0
S21401F8884FF0FF330B60B8F1000F04D00F4B002187
S21401F89803205B689847384602B0BDE8F04722F077
S21401F8A8B5BF3446D3E702B0BDE8F087E4F20400FA
S21401F8B8E0F20400DCF20400004000B8006000B882
S21401F8C8005000B870590020747200206C72002035
S21401F8D80F4A136C13F0A00F15D1506C10F00400EA
S21401F8E813D10C4BD3F8F03E23F07F4323F0FF03EC
S21401F8F85BB1D368C3F30362092A07D0B2F10C00DF
S21401F90818BF01207047002070470120704700BFCC
S21401F918000002B8003000B070B50D46064620B9A2
S21401F9281A4B1B68A3B10E2011E001F075F90128E6
S21401F93829D1174B93F90040C4F12704641BC4F17D
S21401F9481C03002BB8BF5B42232B0CDD212070BDA6
S21401F958A1F10B03002BB8BF5B42232BF6DC0C4B43
S21401F96819700020F3E786F8265022F054FF094A5A
S21401F978E402136A04F4FF2423F4FF231C431462ED
S21401F98822F044FFEDE70220E1E700BF70590020AE
S21401F998C66A002000C000B818B9034B93F90000E6
S21401F9A8704790F926007047C66A002010B5FFF721
S21401F9B863FE03F0A7FB22F02EFF0A4A0121D2F8C4
S21401F9C8C83E044623F02003C2F8C83E0222064B6E
S21401F9D808469A60054B5B689847204622F016FF52
S21401F9E8002010BD003000B0001002B86C72002074
S21401F9F8094B08465A6A91020BD4D3F80021D2075C
S21401FA0808D4D3F8803013F4706F14BF0120002097
S21401FA1870470120704700BF004001B8F8B50D4691
S21401FA28D0F8903002EA010423EA01032343C0F820
S21401FA3890303D4A01F00B0323EA0401D1642340C8
S21401FA48A2F580526F070646D36410D50121FFF749
S21401FA58CFFF60B104F0B0F84FF4007314F0040F50
S21401FA6814BF324A324A53620422324B1A64E906F8
S21401FA7806D514F0100F14BF00221B222E4B5A6510
S21401FA882A061DD5230616D54FF40012274B1A62EF
S21401FA98012203F58053C3F8002122F0BCFE0E2193
S21401FAA80746032002F040FE40F20122224B384668
S21401FAB8DA6222F0ABFE214606F1F80002F0E4FE17
S21401FAC8EF0503D5E00529D502F0FEFDA90503D506
S21401FAD8A20526D502F004FE15F0600F09D0D6F867
S21401FAE8E41030461DF0E7FD8022144B9867144B4E
S21401FAF81A612B0510D504F05FF8124A14F4006F4A
S21401FB08D2F8F03E14BF43F0006323F00063C2F856
S21401FB18F03E0422074B1A640020F8BD02F0CEFD21
S21401FB28D4E702F0D7FDD7E7006000B8005001B867
S21401FB38006001B8002002B8004000B8003F00B0DD
S21401FB48000002B8003000B0014B1868704700BFCB
S21401FB58CC58002037B522F05EFE0024012300228F
S21401FB68CDE90034002305461946104603F09CFDEE
S21401FB78022002F003F9064B21461C60054B0220C1
S21401FB885B689847284622F041FE204603B030BD00
S21401FB98D45800206C7200202DE9FF4102290D4639
S21401FBA816469846039004D1FFF7D4FF04B0BDE883
S21401FBB8F08122F030FE1E4F04463B683BB1B3424B
S21401FBC805D022F023FE002321203B60EEE7194BE7
S21401FBD80022C3F800803E60002301264FF000088B
S21401FBE810461946CDE9006603F05EFD124B022069
S21401FBF883F8008002F0C2F843462A46022003A989
S21401FC0802F0DAF80D4B039A1A6008B92046D8E7CD
S21401FC180B4D2B689847212804D0204622F0F6FD84
S21401FC280020C3E731466B6802209847F5E700BF16
S21401FC38D4580020D0580020C86A0020CC5800208C
S21401FC486C720020044B5B6E5B054EBF0120034BB4
S21401FC58187800F00100704700C001B8C86A002093
S21401FC680A78022A11D0101F4242424152004B78AC
S21401FC781201022B0BD0191F4B424B415B00054961
S21401FC88054842EA8312FFF727BD0122EFE7012361
S21401FC98F5E700BFF0FFFF00690C02000B78022BA6
S21401FCA810D0181F434243415B004A78022A0BD002
S21401FCB8111F4A424A4152000F21044843EA820270
S21401FCC8FFF70ABD0123F0E70122F5E7950C0200CC
S21401FCD82DE9F8430E780446042E0D4690F8248143
S21401FCE80BD100275FFA87F9484601F0BBFC08B13B
S21401FCF84E4602E00137042FF4D1304601F0B2FC3B
S21401FD08002849D094F82431B34209D1AA88D4F8F6
S21401FD18A4309A4204D16A88B4F826319A4238D077
S21401FD2884F82461AB883046A4F828316B88A4F897
S21401FD382631AB8804F59275C4F8A430FF2384F8FD
S21401FD4829301DF05AFF84F82800284601F04AFC9D
S21401FD5818BB284601F07CFCF8B9D4F8E03053B15A
S21401FD6894F82411414506D02046B3F91220EEF73F
S21401FD7883FB84F82D01204601F0B8FC0949A4F854
S21401FD8828010123084AD1F8FC1004F1F80003F011
S21401FD9883FA0020BDE8F88321200C2384F8243157
S21401FDA8F8E700BF004F00B0A43F00B070B50546A5
S21401FDB890F824010C460C281FD0FF2901D12120D8
S21401FDC870BD1AB14FF0FF320D4B1A601DF015FFCA
S21401FDD8064695F8240101F07BFC844228BF0446B8
S21401FDE8E4B2B44238BF3446E0B285F8290001F0DF
S21401FDF879FDFF28E3D00020E2E70220E0E700BF14
S21401FE087C72002010B590F8243104460C2B44D09F
S21401FE18D0F8E03080F82810DBB3D0F8F020D2B95B
S21401FE2890F82D318B421CD300222046FFF7BEFFE7
S21401FE3848BB1B4B1B7813F0FD0F23D1204601F05E
S21401FE4855FC18490123184AD1F8FC1004F1F800AA
S21401FE5803F022FA16E0B0F94020B3F912309A42BC
S21401FE68E2DD0022204694F82D11FFF79FFF50B9D6
S21401FE78C4F8E00020461EF06AF84FF6FF73984271
S21401FE88014601D1002010BD2046BDE8104004F00F
S21401FE9877BFFF2380F82930F4E70220F3E700BF95
S21401FEA856750020004F00B0A43F00B0F0B51D46BF
S21401FEB8144B04461B780F46164685B05BB1D0F83E
S21401FEC8E030E3B102AAB3F912300092002219F029
S21401FED8BAF805B0F0BD02A91DF076FB9DF808102A
S21401FEE83A462046EEF7C8FA014626B92A4620467B
S21401FEF8FFF75CFFEDE72046FFF784FFE9E71846C2
S21401FF08E7E700BF03CB0400D0F89830012B01D1F6
S21401FF180020704770B5054650498EB01DF0C0FEEA
S21401FF28D5F8E0600146AC8DC5F8E40026B1336823
S21401FF3813B15B68002B6BD122F06DFC22F066FCD6
S21401FF480123D5F8E4108DF80E30B389D6E90120DF
S21401FF58E31A9BB200FB03224148ADF80C30036854
S21401FF680292994207D028461DF0A5FB80223D49FA
S21401FF783D4B88671A613D4C3B4E00F04DFE01280B
S21401FF88FBD1236CD907F8D4336CDA01F5D4D5F84C
S21401FF98E41028460D919DF80E20029908AB02F050
S21401FFA837FE002831D100F037FE0128FBD12E4A52
S21401FFB82E49136CDB01FCD40B6CDE07F9D408A9B7
S21401FFC801A803F047F800BBAA8D294B5A6495F897
S21401FFD8243060F3410385F824301DF0B5FDD5F8CB
S21401FFE8E03002465B691968431EDBB2FD2B0491BB
S21401FFF814D9CC1C12D91F4B01311B6815D0D81C3B
S21402000810D8284604A904930AE002200EB070BD50
S2140200181A68032A90D99B6A5B0E94E7284604A9B5
S2140200281DF07CFD00200EB070BDD91C04D82846F1
S21402003804A904931DF072FDD5F84C319B0506D42D
S21402004895F8243043F0020385F82430EAE7284678
S2140200584FF480311DF0ABFFE4E700BFFC4F00B061
S214020068BC580020003F00B0000002B800C002B82A
S214020078008001B88872002010B50C4619B11DF030
S21402008809FD00B10434204602F0FAF8024B404259
S214020098C3F8E00E002010BD003000B0438E70B5E5
S2140200A893420C4615461CD3436C8B4208BF002469
S2140200B822F0B1FB4FF49C530B490646CA68C2F3BA
S2140200C80362D340DA0702D50B6C9B0304D40122E1
S2140200D82946204601F05CF8304622F097FB0020BD
S2140200E870BD2120FCE700BF000002B82DE9F84FDA
S2140200F8074615460B4611B92120BDE8F88F002A97
S214020108FAD0032905D8002201F0ACF903460028E4
S214020118F2D01C889A78B4F5804F02F0070180F076
S214020128CE80A1F1070C187993F805B0DE88DCF1C9
S214020138000343EB0C0305292B7394BF0023C2F379
S2140201480013C2F3801C6B73930985F810C003F082
S2140201580203C2F3C00C43EA0C03C2F34012E8746B
S2140201686B74AA74D7F89030AE82D80600F19380E2
S2140201780639012900F28F80B7F81290D7F81C804A
S21402018809F1FF394F4B083C04EA09045B6D18F87D
S21402019804300021802B0CBF6FF07F03323B04F142
S2140201A8010418BF5BB204EA0904AB73631D03EAD1
S2140201B809035A1CA96002EA090218F8022018F86C
S2140201C8036097F825A046EA022636B2BAF1000F6F
S2140201D85FD1F10456D5D7F8E43013B11B68022B69
S2140201E805D841F24D724C21002004F0F7FDD7F8ED
S2140201F8E420C6F30B0392F82420DB000AB1B3FB13
S214020208F2F39B4508D83BB1CBEB0B2BBBFBF3FBBE
S2140202186FEA0B0B5FFA8BFAD7F8EC3023B150462D
S21402022895F90E1098478246013485F80FA004EA1D
S214020238090418F80410013404EA090418F804300A
S214020248013404EA090441EA032118F804300134A7
S21402025804EA090441EA034118F8043041EA036152
S21402026816F4804305D0184BDB6EB3FA83F35B09AA
S2140202785B0038466A7C03F0CBF806232860AB712D
S21402028800203AE718F804A04FEA4A0A5FFA8AFA00
S214020298C2E78A46C8E700230020EB730B4BDA69ED
S2140202A8C2F30723120448BF63F0FF035AB212F1DF
S2140202B8800F1CBF323B5AB2AA730346DEE70220FF
S2140202C81BE700BF004000B8003F00B000C000B8FF
S2140202D806238B7190F8253043B1054BD3F8C4201A
S2140202E80B6802F01F0203EBC2030B600020704784
S2140202F8003E00B011F5004F1FBF01F30E01044B7C
S214020308C1F30E01002014BF99642120704700BF74
S214020318008001B8F8B504460E4619B990F824309C
S2140203285A0647D44FF6FF73218ED4F8E4709942E2
S21402033804D0354B1B680BB120469847334D2B68C3
S214020348BB4255D0324B1B683BB11FB13A68002AF4
S21402035850D0BF683946204698470727204601F0FE
S214020368C5F9002E3AD004F0C7FA0620294B94F9AC
S214020378262093F900302849C3F127039B1A0A6AF4
S214020388DB0222F4FF2203F4FF2313430B62D4F8A2
S214020398E420224B2A60986701F01CFB0025012105
S2140203A81F4A204B1170204683F884501DF0A7FB85
S2140203B82846F8BD4FF6FF71144DD0F8E4702A6847
S2140203C866F386139742018680F8243017D0104BBE
S2140203D81B68002BB9D101F089F9072712493B4659
S2140203E8124AD1F8FC1004F1F80002F055FFBAE7F9
S2140203F80127B3E71746204639469847ADE701F086
S21402040875F90127EAE700BFC8580020BC58002043
S214020418C4580020C66A002000C000B8006000B8B1
S214020428C76A0020003F00B0004F00B0A43F00B0EB
S214020438054A12681AB190F81E1119B910470846EB
S21402044802F092B901487047B858002000FEFFFF34
S214020458334B2DE9F7431C6801F4007900F00103D9
S214020468174653EA090206460D4632D04FF00008F0
S21402047823B30023002201200021CDE9008803F0DF
S21402048813F941462046FFF7D3FF01224146E0858D
S21402049810461DF00EFDD4F8901004F1F80002F094
S2140204A8F3F920490868FFF709F94FF0FF330B60A4
S2140204B894F8243043F0040384F82430B9F1000F8A
S2140204C807D0012120461DF072FD25F4007506436B
S2140204D80D432B4632462046FFF752F9FB070FD547
S2140204E81149124A08680021136811600121104A4E
S2140204F8117003B198470F4B002102205B6898479A
S21402050817F00E0F08D04FF409723B21002003B0F3
S214020518BDE8F04304F062BC03B0BDE8F08300BF58
S2140205287059002074720020D0580020D458002039
S214020538C86A00206C72002008B5582200210648B6
S214020548FEF754F91022FF210448FEF74FF904F08B
S214020558D3F9002008BD00BFF43E00B0383F00B013
S21402056873B574210C236D22A0F81411822180F829
S21402057824314FF6FF734FF0FF35C0E941120026CB
S214020588C0F8002164220446838580F82A301E4B70
S214020598C0E94322C36300F1480343641B4B80F857
S2140205A82660C0E90C35C0F8A450058503F060FA49
S2140205B82046FFF7C1FF94F926102046FFF7ACF94C
S2140205C86023134A40F6FF71D3644FF03A42116330
S2140205D81167104A2946D36440220F4B20461A64F4
S2140205E8D4F89020FFF71AFA0E230022CDE900333A
S2140205F840F202231046194603F056F801F046F870
S214020608304602B070BD00BF0700FFFFFFFF400084
S214020618004000B8005000B8002002B810B50C46DA
S214020628FFF78AFFCCB1A378082B18D8E278082AF5
S21402063815D843EA021313F0FF030CBF1946616884
S214020648084AC2F8F410217882F84811617882F8CC
S2140206584B3182F8491104F04FF9002010BD2120D1
S214020668FCE700BF003E00B0012A10B512D8032BE3
S21402067810D803EB82020123074C934094F84A01F0
S214020688DBB221B10343002084F84A3110BD20EAC8
S2140206980303F8E72120F9E7003E00B0044BD3F83D
S2140206A8F03E13F0806F14BF23200020704700BF6F
S2140206B8003000B00246F8B5B0F8284100F1F80557
S2140206C8FFF7ECFF0B688E68013304BFD2F80031DF
S2140206D80B604B68013304BFD2F80C314B60771CB1
S2140206E83BD1D2F80831CF688B607E1C3CD1D2F859
S2140206F804610F69CE60013704BFD2F8F8700F6143
S2140207084F69013704BFD2F8FC704F618F69013711
S21402071804BFD2F810718F618F6967BBC0F1640499
S21402072808688C6110B16D2838BF6D20C2F8083190
S2140207384B68C2E94006C2E943340B692846C2F848
S214020748F8304B690F49C2F8FC30D1F8FC10072381
S2140207580D4A02F0A1FD0020F8BD04F16D031B1A34
S214020768B34238BF3346BEE704F17406361ABE42B1
S21402077838BF3E46BDE76D34241ABC4238BF3C46F5
S214020788CEE700BF004F00B0A43F00B070B522F01D
S21402079842F805460B4E00F03FFA012805D02846D7
S2140207A822F034F80224204670BDF36813F0706F06
S2140207B8F1D1F46814F08054EDD1284622F026F8D8
S2140207C8F1E700BF000002B838B522F024F84FF669
S2140207D8FF710A4A13888B4203D122F017F80E20BB
S2140207E838BD074C074D1B046566A4F5805463663E
S2140207F8118022F00BF80020F2E700BF54750020A3
S214020808006001B80000FFFF2DE9F74304460F46D3
S21402081815461E46FFF75CF838B3A38A2BB3204664
S2140208281CF014FF78B9744BD3F8F02E1EB10E20C4
S21402083803B0BDE8F08302F03003102BF7D002F0C5
S214020848C002402AF3D0DFF8E08102F05BFCD8F859
S2140208581430DE07EBD521F0DEFF0646032001F052
S2140208688BFB20B1304621F0D1FF0220E0E7D8F812
S214020878142012F00608F5D1304621F0C7FF5E4B69
S2140208884FF400612046D3F8F09ED3F8D06E03F0FA
S214020898EDFF40B14FF400720121584B08461A6426
S2140208A842461DF006FB3946204604F069FA524BCA
S2140208B8C3F8F09EC3F8D06E0028B9D194F8243055
S2140208C8980601D4002D57D0C5F3400003F03AF934
S2140208D8022315F4807F1FBF494A002113644FF094
S2140208E83A420BBF454A91611364536303F064F9B5
S2140208F84FF4806315F0040F14BF424A424A15F0BB
S214020908400F53624FF004023C4B28461A644FF0DD
S214020918400314BF3D4A3E4AC2F88830FEF7FEFE40
S21402092820461CF0BDFF38B14FF4807315F0010F56
S21402093814BF334A314A1364A90646D54FF6FF72E6
S214020948E38F93420FD0334A3349526E100CC2F3E8
S21402095801120132B3FBF2F308802A4A2A492F48C9
S2140209681B0448665366003D18BF012594F82430D8
S21402097865F3451384F8243020461DF08BF8F0B151
S21402098820461CF08DFFD0B14FF40031204603F00C
S2140209986DFF431C03229BB2214801A91DF01AF9D8
S2140209A89DF8042002F00703052B9DF8053015D1A3
S2140209B812070DD443F480731A4AC2F8D8300020BE
S2140209C803B0BDE8F0431DF012B9FFF7FDFECAE713
S2140209D813F0040F09D19DF80630EBE703F0300256
S2140209E8202A05D113F0010FF4E74FF48073E3E7EA
S2140209F89DF80630E0E700BF003000B0002002B8DD
S214020A08001002B8005001B8006001B800D000B863
S214020A1800E000B8004001B8547500200000FFFF4F
S214020A280C0000BA003E00B000C001B82DE9F34140
S214020A380646884615461F4621F0EDFE0446032064
S214020A4801F09AFA38B1204621F0E0FE0E2420463C
S214020A5802B0BDE8F081042001F08EFA0028F2D137
S214020A68204621F0D3FE01232A4641463046FFF7A8
S214020A78CBFE04460028EAD1DFF8C8805FB388F8C0
S214020A88000039463046FEF76FFD00284CD198F82C
S214020A980030012B1CD02022244B1A64244B9B6F57
S214020AA8B3F5817F1FD201201DF0BAF821F0B3FEFC
S214020AB8204B06461B680193CBB901F0DDFA15F008
S214020AC8800526D101F01CFB284603F00FF825E026
S214020AD803F022F8BBE798F80030012BF8D0002B79
S214020AE8D9D12124B3E78022134B1A61DBE704200D
S214020AF801F044F900230122042001A901F05CF95F
S214020B080028DAD103F070F82124304621F07EFE60
S214020B189DE70022094B9A6701F0F2FA084B012179
S214020B285B6800209847F0E7044690E7001002B892
S214020B38003F00B0C0580020000002B800C001B84C
S214020B486C720020C56A002008B50B4BD3F84C110E
S214020B584B1C10D011F080410DD1084B1B6813B105
S214020B680320FEF745FE4FF08062054BDA64012249
S214020B785A6102229A6208BD0080E00F705900206E
S214020B88001002B84FF40022034B186C03F500530A
S214020B981A64C0F3C0407047000002B8024B586996
S214020BA800F00100704700BF00C001B8084B5A6940
S214020BB8D10707D508B901F0BDB85B69DA0706D4CC
S214020BC801F0AAB85B69DB0701D40028F8D17047A0
S214020BD800C001B84FF0806310B1024A53617047F3
S214020BE8014AFBE7001002B8002002B8202350B1E1
S214020BF8064AC2F8F433064B196C11F0010104D107
S214020C08032002F093BA034AF3E77047001002B8CB
S214020C1800C002B8002002B80F4BDB68C3F30363B8
S214020C28013B0B2B0FD8DFE803F006060C06060678
S214020C3806080A080808022070470420704705209C
S214020C48704703207047054B5B6913F0060F0CBF0D
S214020C5801200420704700BF000002B800C001B897
S214020C68094AD368C3F303630B2B08D06FF490507A
S214020C78184100F0010080F0010040007047106C37
S214020C8810F48030EDD17047000002B80C4AD368E1
S214020C98C3F30363062B07D8042BD8B20BD8C31E9C
S214020CA85842584140007047072B06D1D2F84401F3
S214020CB80028ECD17047022070470020704700BF1A
S214020CC8000002B8094BDB68C3F303639A1E012AC5
S214020CD88CBF00220122012B02701EBF4FF4026253
S214020CE822FA03F303F001030B707047000002B800
S214020CF8094AD368C3F30363032B01D0072B08D131
S214020D08536CDB0605D4906C80F00800C0F3C00074
S214020D1870470020704700BF000002B8024B00224E
S214020D2819681CF09ABE00BF24F3040010B5FF220F
S214020D384FF6FF7104461CF0B0FE68B9FF224FF664
S214020D48FF7120461CF0BAFE30B92046BDE81040B6
S214020D58FF2202491CF0C4BE10BD00BFECF204001C
S214020D6810B55B0743EA02439DF8082043EAC163CD
S214020D78520502F0BC621A43064942F4C872044697
S214020D8803F060FD002220461146FFF787F900208F
S214020D9810BD00BF9007E12D37B50C460546094A37
S214020DA809490A4801F038FB94F828302846009387
S214020DB894F82B3094F8292094F82A10FFF7D0FFDD
S214020DC803B030BD88F3040090F3040058F304001F
S214020DD808B5FFF78DFF88B1094BDA6912030DD5FE
S214020DE8186C10F4003009D19B6C13F0100F4FF0FA
S214020DF810030CBF034A044A936408BD0220FCE7AA
S214020E08000002B8001002B8002002B8034610B567
S214020E1800B3124AD16909031ED5546CC4F381146F
S214020E28032C15D0022C17D122460D49B1F8D4004E
S214020E3801F10061801A01F5357101441846FDF783
S214020E4865FE064A0472926C120A4272002010BDAF
S214020E580822EAE72120FAE70220F8E7000002B8AB
S214020E68003E00B00A68064B12F0802F1CBF42F202
S214020E780101C3F82812C3F88822C3F88C227047E7
S214020E88004001B8F0B585B06C460E460B4B0746D7
S214020E9815460FCB84E80F00094BD3F84822009278
S214020EA826B16B1EDBB2FD2B88BF32602A4621466E
S214020EB838461CF033FE05B0F0BD00BFF4F204005D
S214020EC80080E00FF0B585B06E460D4B07460D461E
S214020ED80FCB86E80F001CF037FE31460446024662
S214020EE838461CF07DFF4DB140B9FF2C1BBF04AB42
S214020EF803EB8404009B54F8103C2B6005B0F0BD4D
S214020F08F4F2040030B50823054685B080B9094ACC
S214020F18C2F8FC3351B96C46074B0FCB84E80F0076
S214020F28064B2A4621461868FFF7ACFF05B030BDC7
S214020F38034AEDE7001002B804F3040070590020D3
S214020F48002002B84FF03A43D3F81421D2031ED534
S214020F584FF480320E49C1F81421A1F58051C1F828
S214020F6818215A6DD1B2C2F30722C3F8A410C3F8E7
S214020F78A4200422C3F8A4200022C3F8A420C3F89D
S214020F88A420C3F8A420C3F8A420C3F8A42070475A
S214020F98002000BAF0220B4B01219A64A022A3F586
S214020FA880539A644FF03A43426CC3F8F410FC211B
S214020FB8C3F8CC10C3F8D0204FF40052C3F8F02080
S214020FC8704700BF006000B8F8B50D464FF03A44C7
S214020FD81746064621F01FFC01230421074A6363CD
S214020FE8E76026616561C2F81411054AC2F88431C1
S214020FF821F00CFC0DB102236363F8BD002000BA91
S21402100800E100E02DE9F04105460124006800F001
S2140210180700063004FA00F3A868EC685E1EA042D1
S21402102862D000EA060E6C6810441E430640A3EB24
S2140210380E000EEB040C8242644618D9D31A0EEB45
S214021048030298B1431E052B04D94B1CACEB0303D1
S214021058022B59D80B460844ACEB010E03EB0E01E3
S21402106813F8014B83420C70F8D101466C688AB1BA
S214021078531E052B01F1010302D9E01A022812D8E1
S2140210880A44611E00E0013313F8010C934201F88A
S214021098010FF8D121F0BFFB0223AE60AB62BDE8B8
S2140210A8F04121F0B3BB0B46204622F0030E8E44D5
S2140210B853F804CB734540F804CBF9D122F0030366
S2140210C8D01A920701EB030C04EB0307E2D0CA5CC2
S2140210D80128E254DED09CF8013002287B70D9D071
S2140210E89CF80230BB70D5E7042A35D90878043A4A
S2140210F8A86148780431A86111F8020CA86111F8B1
S214021108010CA861A8688CE70B4620F003070F4479
S214021118ACEB010E1C684EF803400433BB42F9D10F
S21402112820F0030310F0030F01EB030EA0EB0304F9
S2140211380CEB030728D011F80380012C0CF8038067
S21402114822D09EF80130022C7B7018BF9EF802301F
S214021158084418BFBB7088E7013A032A12D8DFE8AA
S21402116802F00F1507020B4613F8012B1946AA615F
S2140211780A4612F8013BAB61114611F8013BAB6116
S2140211880B78AB61BDE8F08108446EE70A46F3E7E0
S21402119838B50B46154601464FF03A4468B1012267
S2140211A81048C4F8F4201A46FFF72CFF25B14FF072
S2140211B83A430422C3F8F42038BD73B1D4F8D820D1
S2140211C89A4284BF0122C4F8F4204FF03A42C2F889
S2140211D8D4300223C2F8F430E8E70123C4F8F43026
S2140211E8E4E700BFCC0000BA38B5044621F013FB8A
S2140211F84FF03A420121238F054651674BB3B3FAA3
S21402120883F3C3F11903DBB2A069C2F8B410C2F8BB
S2140212188C300723C2F89000C2F8B0304FF4A023EF
S21402122802F50052C2F81431A2F58052C2F81831FB
S21402123800220C4B1A600C4B1B6C5B0209D54FF450
S21402124880020A4B04F1F8001A64D4F8901001F0F0
S2140212581BFB0023638707232846A387BDE838407D
S21402126821F0D4BADC580020000002B8002002B8E8
S2140212782DE9F84305460C46B1B1D0F81880078F19
S21402128821F0C9FAB5F83AC0791E01EA0C0323F030
S2140212980702032C0646DFF8F8E042445ED1DEF881
S2140212A8004024B921F0B2FA0E20BDE8F88324F0F3
S2140212B80104DEF8000020F00100A04253D100230A
S2140212C8CEF80030238894426FEA43436FEA5343CA
S2140212D823803ED1AB8F08EB07091846083880B240
S2140212E802F108044C4528BF4446082804D9B4F835
S2140212F800E0BEF5804F40D263440F431B1A3B40C2
S2140213089BB26B87A887947811884FF03A42C1F34C
S2140213180C019165C2F89830C2F8B0004FF48022EA
S214021328174B04F00704C3F814210122154BC3F81F
S2140213388421FFF707FE042C0BD14FF48002124BD0
S21402134805F1F8001B6C114B1A64D5F8901001F0E1
S2140213589BFA304621F05AFA0020A6E7601E0128BA
S21402136898BF1446A5E7A88F4344E31A48BFDB197B
S21402137808389842A6DC304694E72246AEE700BF15
S214021388002000BA00E100E0000002B8002002B81F
S214021398DC580020154B10B519688A8F4B8F088FBA
S2140213A813440138073B8C69034023F007031C44A7
S2140213B802F108034FF03A429BB28B87C2F8B0306C
S2140213C84FF480220A4BC3F814210122094BC3F8B2
S2140213D88421A07800F00700042803D1064AD368BF
S2140213E81B03FCD4054B1C6010BD00BF70590020BF
S2140213F8002000BA00E100E0000002B8DC58002035
S21402140810B5064C216839B1CB0703D4044B1868CB
S214021418FFF72EFF0023236010BD00BFDC58002014
S214021428705900204FF480320C4B0D49C3F818212E
S2140214384FF03A43C1F81421D3F8AC10D3F88C20F5
S214021448012302F0070206329340C1F30C01083B5F
S214021458994201D8FFF776BD704700BF002000BA50
S214021468001000BA2DE9F04780460C4616468769F2
S214021478058F21F0D0F9B8F83A2005F1FF3C02EAC8
S2140214880C0323F00701032C82463944B8F83C00C3
S21402149819D14A4C24689CB90244073A02EA0C025B
S2140214A822F00702BC183B44E31A48BF5B19834282
S2140214B810DB504621F0AAF900242046BDE8F08742
S2140214C824F00104EFE7012C02D0022CEBD10838F5
S2140214D80C46E8E7002E3FD08C4241D14FF03A4204
S2140214E8D2F858904FF03A41D1F8AC20B8F81270BA
S2140214F8C2F30C02934247DA2588B5F5804FD8D254
S214021508A378C5F30C0503F007037A1EA5EB0905B5
S2140215183A43052B337005EA02052DD82DB2E84367
S21402152840F241420421C00F03F058FC7580E3786C
S2140215383374D8F81C207B1E03EA0903D118B1605D
S214021548A9B213FA85F5AF422FBF0023FF1AB78058
S214021558F26024BFB180F360504621F057F9ACE739
S214021568A4F10802974284BFED0802EBC502B2F85E
S2140215780090C9F30C09B5E7114B5B6D003B18BF29
S2140215880123A5EBC305C9E74B6D7A1EA3EB090336
S2140215983A431A400B4915B2002DCB680BDCC3F34D
S2140215A80363D81E43424341DB0033708B6C728060
S2140215B81B0A3374BDE70823F7E700BFDC58002090
S2140215C8004000B8000002B8054BA822D3F84C0128
S2140215D83121431C0CBF0120C0F3807003F0FEBB10
S2140215E80080E00F38B5134D0446297819B9202231
S2140215F81148FDF7FBF86188104A237851800021CC
S21402160813700F4A022BC2F8CC104FF0FF010D4A96
S2140216180D4B11704FF007010C4A4FF00000C2F84C
S214021628FC130CBF04220122C3F8FC2301232B70EF
S21402163838BD00BFC96A0020E03F00B056750020DA
S214021648004001B8D5750020001002B8002002B884
S214021658034B1A6802609B8883800020704700BF8D
S2140216685675002010B5044600F03AFF064BD3F82C
S214021678F83724B983F40033C3F3404010BDA31EE1
S21402168858425841FAE700BF000002B84FF63F72C8
S2140216980A4BD3F8FC37934206D0094AC3F3011320
S2140216A81370E022074B1A7041F66A02064B1B6853
S2140216B8B3FBF2F3054A1360704700BF000002B896
S2140216C8D6750020D7750020FC580020E058002068
S2140216D820B1022804D1034B18787047024BFBE767
S2140216E800207047D6750020D77500202DE9F74FE1
S2140216F8D0F8A4204C21022A38BF0222064690F8C7
S21402170824B16B48013A036AD0F8CC506948C3F34F
S2140217188213D9400368DFF8C0A19342DFF8BC9170
S214021728654BDFF8BC8101F0010116D11C788C42AA
S21402173813D19AF800405C450FD1D6F8A84064B198
S214021748AC420AD196F8295099F80040A54204D12D
S214021758B8F8040003B0BDE8F08F98F800400260BD
S21402176820461970FFF7B4FF002900F0888004238A
S2140217784FF07F4000255149C1F8B830504BC3F8A6
S214021788B80096F829301B06C1F8B8304FF08051D9
S2140217984A4B2C04C3F8B41040F27121494B1B681B
S2140217A8B3FBF1F319215343182BB3FBF1F173D8AA
S2140217B8002C7BD0B4FA84F2C2F12002C2F10F03E5
S2140217C8012B38BF0123D440A14201D2013B640851
S2140217D86A1C03F01F0152008A403B4F121B9208F4
S2140217E8C7F8B0201A0242EA03121343019305EB24
S2140217F8052305EB0325354B40F6970218682B217F
S214021808003818BF012003F0E9FAFA222F4B02FB30
S21402181804F01B6840F6FF72B0FBF3F00A23584345
S2140218282B4B00F57A74C3F8C420019AA3F58053AB
S214021838C3F8C420A3F58053C3F8CC50D3F8CC30F1
S21402184800F58C50C7F8FC30C6F8A850214D143065
S2140218582C6001F0ABFC4FF47A72C7F8A400C7F804
S214021868F8002B68B4FBF2F0B3FBF2F3A8F80430E6
S21402187896F829308AF800B089F800306AE7002C12
S21402188814BF1025202596F82930834294BFED18F8
S2140218982D1805F0FF0579E7B1FA81F234B1B4FAEA
S2140218A884F3D21A002A89DC0F238DE70F238FE7E9
S2140218B8004001B87C720020CA6A0020001002B8F4
S2140218C8002002B8FC580020003F00B0E058002074
S2140218D8006001B8E4580020D4750020D3750020B3
S2140218E85675002010B5114B01461B78104C0C2B70
S2140218F802D1FF20207010BD18461CF07EF9024661
S2140219081846FFF7E5FE884228BF0846C0B290424E
S21402191838BF10462378C0B28342ECD0054B2070FD
S2140219281868FFF7E3FE2078E5E700BF5675002043
S214021938D57500207059002010B5044603F066F8E5
S21402194878B1154B1B786BB964B1144B1B784BB145
S214021958134B1B78013B012B04D84FF40042114B62
S214021968DA6410BD104BDB6C1B04FAD420F053FF6C
S214021978044602F021F94FF400420C4B2046BDE81B
S2140219881040DA6402220A4BC3F87C240422054B70
S2140219981A6420F03BBF00BFCB6A0020CC6A002046
S2140219A8E8580020002002B8000002B8001002B86A
S2140219B800D003500122024B00201A70FFF7BCBF6A
S2140219C8CB6A00200022024B01201A70FFF7B4BF30
S2140219D8CB6A00204FF48022014B9A64704700BFFE
S2140219E8005000B8F7B50646544C00F079FD0121C0
S2140219F83A20EBF757FC524B2578524F1E7085BBA0
S214021A082846FFF799FF2378013B012B19D8E37B79
S214021A1801A88DF80430237C8DF80530E9F748FCD8
S214021A28C7F87C544FF6FF72474BC3F88420F82257
S214021A38A3F58053C3F884200022424BC3F87C24C3
S214021A480DE04FF6FF72404BC7F87C54C3F884206B
S214021A58F822A3F58053C3F88420C7F87C543B4B7E
S214021A685BE00020FFF768FF2378013B012B08D8CC
S214021A78E37B01A88DF80430237C8DF80530E9F75E
S214021A8817FC0023C7F87C34002ECBD062685AB302
S214021A982F4B1B6803EB5203B3FBF2F3013B1B020B
S214021AA843F0F80326782849022E2A4A1ED0032E27
S214021AB84FF6FF75234826D0012E38D143F002038D
S214021AC8C1F88450C2F884300723C0F87C34E37B1C
S214021AD801A88DF80430237C8DF80530E9F7BCFBA5
S214021AE80120FFF729FF17E0F823DBE74FF6FF7020
S214021AF843F00103C1F88400C2F884300622114B71
S214021B08C3F87C24E3E743F00503C1F88450C2F81F
S214021B1884300423C0F87C340F4B4FF080420020F8
S214021B28DA644FF480220B4B9A6403B0F0BDC1F816
S214021B388450C2F884300023ECE700BFE85800203F
S214021B48CC6A002000C00350006000B8002002B82B
S214021B58FC580020005000B8001002B8F0B52B4F11
S214021B6806463D4604460FCE0FC5336885B02B6041
S214021B7800F0B6FC01213A20EBF794FB0022244B36
S214021B88C3F87C24A17A627A42EA0142C3F888241E
S214021B98217CE27B42EA0142C3F88424217B627BF1
S214021BA841EA0240C3F880043B78032B2AD8DFE8D0
S214021BB803F022020C178DF8041004218DF8052074
S214021BC80DEB01000022E9F713FBE37B00228DF8F8
S214021BD80830237C042102A88DF80930E9F708FBAF
S214021BE8637A01228DF80C30A37A042103A88DF8B3
S214021BF80D30E9F7FDFA074B187805B0BDE8F04056
S214021C08FFF7F0BE212005B0F0BD00BFE85800205F
S214021C1800C00350CC6A0020034BDB6C002BBCBF11
S214021C28024BC3F888007047000002B8004000B8AC
S214021C382DE9F04700F0AEFC4FF47A762D4BB0FB58
S214021C48F6F618604FF4FA73734307462A48190ED5
S214021C581B021818294A4FF0000341F10001FCF74D
S214021C6859FA274BA0F5807205461A6320B948220E
S214021C782B2103F0B3F801254FF47A724FF0000ACD
S214021C886A43534650083102FCF744FA1C4B1D4A75
S214021C98B7F57A7F9A601C4B4FEA056819601B4BAA
S214021CA88946044618604FEA152505D29B222B2141
S214021CB8504603F093F801264FF47A73A8FB030103
S214021CC803FB05117308C01841F1000100233246D0
S214021CD8FCF720FA0E4B023419600E4B49F1000944
S214021CE8A408186044EA8974054B013C9C63BDE865
S214021CF8F08700BFFC58002020A1070040420F00D2
S214021D0800C001B8021101000C5900200859002031
S214021D1804590020005900201022044BC3F88421DD
S214021D285A600122024BDA60704700BF00E100E009
S214021D3800C001B81022064BC3F88421C3F88420D9
S214021D48BFF34F8FBFF36F8F0422024BDA607047E0
S214021D5800E100E000C001B810B50446A242A2EBBA
S214021D680000A3EB010104D2034B01399B6B01333C
S214021D78184401F0030110BD00C001B838B50125AA
S214021D880A4B02019D504FF480730446084A83406A
S214021D98536620F040FD074AA540137823EA050358
S214021DA81370BDE8384020F031BD00BF00E101B82D
S214021DB800E001B8D56A00202DE9F84F1646054618
S214021DC88A461F4620F027FD022E00F091808046A4
S214021DD820F02EFD5A4B5B4AD3F8209092F8914099
S214021DE85A6EE4B2520744BFD3F82090013404F086
S214021DF8030420F018FD4846214600F02FFA8446D0
S214021E08DAF80000012E04BF01306044ACEB000C87
S214021E1808BFCAF80000BCF1804F7DD300F030FA44
S214021E288145A1EB040188BF454BDFF838C188BF5E
S214021E3801F1FF3101F0030188BF9B6BA0EB090E8D
S214021E480CF80510A1B1F90742BF41F61F723E4BC6
S214021E585A67BA0742BF3C4B3C4A5A677B0742BF9F
S214021E680022374B9A673C0742BF0022344B9A65DA
S214021E7811244FF0010A324B05F11002120103EB4E
S214021E88051BCBF80C0132499C501A6A0AFA05F46B
S214021E98586E0B78A2EB0902E4B2234372450B7024
S214021EA825D34FF48073AB40034220D11CF805209B
S214021EB8002A40D10EB3274AF807536607D541F6DB
S214021EC81F7140F20110204B596750675967B907CE
S214021ED806D51D4B1D4A1F491F485A6748675A6749
S214021EE87A0742BF01221D4B1A613B071AD44046A5
S214021EF820F08CFC0120BDE8F88F194A2D0142F823
S214021F0805A042F89C3C20F086FC11490B7823EA8F
S214021F1804030B7020F07AFC404620F077FC002081
S214021F28BDE8F88F2120FFF777FE4FF48032044B86
S214021F384046DA60DCE7074A40465366D8E700BF01
S214021F4800C001B8003E00B000E001B800001F1F44
S214021F58D56A002000D001B800000101000002B8CE
S214021F6800E101B8CD6A0020024B1878003818BF85
S214021F7801207047D56A0020034B1030000118581C
S214021F8800F00100704700BF00C001B870B50646F1
S214021F98FEF704FE044608B1FFF7CCFE00230A4DFE
S214021FA83046AB61EB612B6200F06AF9074BC9B2A7
S214021FB883F8911028622CB1FFF7AEFE4FF08062CC
S214021FC8034B1A64002070BD00C001B8003E00B082
S214021FD8002002B82DE9F0419DF818800D46B8F1A8
S214021FE8000F08BF0022214EB5F5803FB1680746AC
S214021FF821F4700141F4A001B1609DF820409DF8DB
S2140220081C104FEA042444EA016444EA031444EA2E
S214022018084444EA02044FF0180140F2E9222CBFB1
S21402202800200120746502F0D9FE3564B8F1000F6D
S2140220381AD00F4BBC68D3F888306D2C38BF6D2485
S2140220485B0606D500F082FB18B10A4BB3FBF0F329
S2140220581C44204600F014F90130854238BF00229D
S214022068024B34BF5A645864BDE8F08100C001B818
S21402207800C000B800093D0038B51A4B5D6C35BB88
S21402208810242020FFF7C8FD174B9C6002F04EFB79
S2140220982022164BC3F8842101F0D2FC48B12A4606
S2140220A800200821FEF7D4F9114B5C66A3F580538D
S2140220B81C67104AD36803F07063B3F1807FF9D9BE
S2140220C8084B0D4A5A6741F201429A6738BD01F039
S2140220D8B7FC0028F4D0094B054A5366A2F580528D
S2140220E81367EDE700C001B8001002B800E100E08F
S2140220F800E001B8000002B8011B01181000002019
S21402210808B52120FFF788FD4FF48032014BDA60CC
S21402211808BD00BF00C001B8F8B5184D04466B6A82
S2140221281B0426D500F086FB6B6AA0FB044613F058
S214022138787F4FEA9367C3F34450C3F3044505D147
S21402214840F25A422B2102F049FE0120AD01B5FBAE
S214022158F0F010EB871005D140F25F422B2102F017
S2140221683DFE01200246002320463146FBF7D2FFF9
S214022178F8BD00F0EBFAA0FB0401F9E700C000B8CE
S2140221880246012030B50B4CA0F12003C0F1200511
S21402219824FA05F504FA03F32B4304FA00F59542EC
S2140221A88B4100D330BD0F2801D00130ECE7FF2069
S2140221B8F8E700BF40420F0010B50C46FFF7ACFF29
S2140221C8C30943EA4163C01A61EBD111FFF7D8FF8E
S2140221D8FF2814D00F220C4B40F01000C3F88820BA
S2140221E8A3F58053C3F88800A3F580535B6ADBB275
S2140221F8802B06D02046BDE8104000F007BB212001
S21402220810BD0220FCE700BF00E000B838B520F099
S2140222180FFB084B084A1D6A92F891405A6EE4B2C0
S214022228520744BF1D6A013420F0FDFA284604F01E
S214022238030138BD00C001B8003E00B00346064A96
S214022248103302EB00111B01D1F80C01D158C1F36F
S21402225840011BF0F0BC00BF00C001B8064B1B686B
S214022268434303EB8171054B1B68A3FB003013F154
S214022278004341EB00007047045900200059002033
S2140222880C4A20F04043014610B5002014684FF06F
S2140222980042E4FB0320084A890F126802FB030087
S2140222A8064B9B6B984204D901330131C01A01F0E0
S2140222B8030110BD085900200C59002000C001B8BF
S2140222C8044B01F0F071103041F00301000119507F
S2140222D8704700BF00C001B808B52220FFF79CFC73
S2140222E84FF48022014BDA6008BD00BF00C001B877
S2140222F870B51646054600B3F9B1F2B14268104BFE
S214022308006803321B68920800F13040984704467A
S21402231888B9EA68A86803323146920800F1304064
S2140223281BF0A2FC044630B9D5E90402214600F1A6
S2140223383040FCF75BFA204670BD2124FBE700BF5D
S2140223488472002070B50C68651C15D0C4F302664A
S2140223589E42C4F3074530D1A4B294422DD804EB6A
S2140223688506B24229D2141BA50824F003040E5986
S214022378340F04D0012C08D00022212402E06B1C62
S21402238851F82320C0E9002470BD0E4C34F81330EF
S21402239842EA03431A686B1C51F8234001EB830197
S2140223A84B6822405E4036F0704404D11B0F032B64
S2140223B804BF8B681A430024E4E7013501EB850164
S2140223C8C1E700BF1CF3040007B501A8EBF766FFD8
S2140223D89DF80530022B02BF40220B4BC3F8FC23A4
S2140223E8C8220A4B5A650A4B0A4AD3F86032DBB24D
S2140223F8FF2B08BF03239B0043F47F53C2F8F8332E
S21402240803B05DF804FB00BF001002B8008001B8F4
S2140224180080E00F000002B8836810B4074C03F18E
S214022428304324681B689C4203D15DF8044BFFF7CF
S2140224385FBF00205DF8044B704700BF987200200B
S2140224480022012108B51E4B1A645A649A641D4A72
S214022458516102219162DA68C2F303620D2A01D041
S214022468002AF8D1112218499A631848184AFFF721
S2140224783FFF00F0E9FF174A93685BB9164A93686C
S2140224889BB94FF080620F4B5A61012203F58053C5
S2140224985A6108BD1149D268096803F13043032A14
S2140224A8ECD943F8041B043AF9E70C49D2680968E0
S2140224B803F13043032AE4D943F8041B043AF9E744
S2140224C8000002B8001002B888F8040070F304008E
S2140224D88CF3040058F3040040F3040098720020BA
S2140224E8012341F6FF710D4AC2F8803291660C4A02
S2140224F853600C4A53600C4A5360A2F580425360FC
S214022508A2F54042536002F5C032536002F580429B
S2140225185360A2F500425360704700BF0090005017
S21402252800D000B8001000BA005001B838B503242D
S214022538FFF7D6FF114A124B124DDA64FFF744FF33
S214022548114BC3F8E0400123EB6400F0DBFD4FF4C7
S21402255860736B614FF40073EB641BF0F5FA0021AD
S214022568FEF7D0FC8022094B1C64A3F580535C64FA
S214022578074BC3F884215A6038BD00BF0048F000F4
S214022588000002B8001002B8005001B800A002B855
S21402259800E100E008B51EF0D7F9044B1B6FC3F341
S2140225A800430133B0FBF3F008BD00BF00800050C3
S2140225B870B5044698B1B1B13A4A52F8043B834220
S2140225C813D10023384A116CC907FCD4374800EBEC
S2140225D883001BF052FB364B106001221A6470BD52
S2140225E801330C2B02D1334D2CE0012352F8041B85
S2140225F8A142F5D1304A32F81330E3E7C2F3016359
S21402260835F81300110C93B211F0FE0F43EA00439B
S214022618606820D00434CAB2022A216808D9D4E9EC
S2140226280160033AC3E9001698600C340C33F3E7EA
S21402263804D16268C3E90012083403E0012A01D112
S214022648043419602268531CD8D10022164B1A602B
S21402265803F58053C1E7120F072AEDD8DFE802F028
S2140226680704090D1013181DC04303F5005318601C
S214022678E2E71A6842401A60DEE703F58053F6E797
S2140226881BF0CEFAD8E7012203F580538240F2E720
S214022698012203F500538240EDE71A6830EA020287
S2140226A8FBD1C9E71059002000C002B8404000B06C
S2140226B800D002B81CF30400CA6200200122014BB3
S2140226C8DA647047001002B80122014BDA647047D8
S2140226D8002002B84022014BDA647047002002B894
S2140226E84022014BDA647047001002B80B4B1B6895
S2140226F8D3F8E43023B11A68022A01D9186A704757
S214022708074B9A6D90B238B1064BC2F307421B6864
S214022718DB085343B3FBF0F0704700BF7059002044
S214022728004001B8FC580020064BDB68C3F303637D
S214022738984206D1044A936E23F0F00343EA011145
S21402274891667047000002B8003F00B0054B1B6850
S214022758D3F8E43013B11A680A2A01D8FFF7C6BFBD
S214022768186C7047705900202DE9F74306461BF08F
S21402277850FA00248046DFF8909020F04CF80DF1CD
S214022788070105460DF10600FEF79CFA9DF806308D
S2140227988BB9721C29D01BF03CFAA0EB0804284619
S2140227A820F034F89DF8063013B99DF807303BB38D
S2140227B8A642E2D824E0D9F80C3013F4603FE8D0F9
S2140227C8D9F818001BF0ACFA731C074603D01BF0A6
S2140227D820FAA0EB0804284620F018F817F5007F20
S2140227E8E0D0384603B0BDE8F083284620F00EF85D
S2140227F89DF80630002BC0D19DF80730002BBCD1BF
S214022808004FEEE700FEFFFF00C000B810F1800F91
S21402281804D04D28CEBF7F20323040B2FF22044B70
S214022828C0B25A62A3F5805358620020704700BFB0
S21402283800E000B80B4A10B5136E0B4C116E03F08D
S2140228480703E35CC1F3CD0101FB0333126E0748AD
S214022858C2F3454202FB033300688001B0FBF3F083
S21402286810BD00BF004001B814F30400FC58002055
S214022878044BD3F8AC3010B1C3F30332027003F042
S2140228880F007047000002B8094B01F080011B6C6C
S21402289803F480030B4309D14FF40012054B1A6266
S2140228A8837F1BB10122044BC3F80021704700BF87
S2140228B8000002B8006001B8005001B82DE9F04FD8
S2140228C8404F804685B038680C461AF0BFFE20B9DD
S2140228D80024204605B0BDE8F08F22460021404677
S2140228E8FBF784FF384B5D6915F00105F0D102F05D
S2140228F819F906460028EBD03F6838461BF027FB36
S2140229084FF6FF73984234D04FF060512F4E304B3B
S214022918304AD3F82090D6F88C3011624FF0006116
S214022928A2F58052116224220421C6F88C202A4A73
S2140229384FF4804B91604FF480520027DFF8A4A032
S214022948CAF868B0F262A7421ED30421234A9160ED
S214022958A2F5F032C2F88C304FF060521D4B1A6264
S21402296809EA02031E4A13624FF480421D4B9A6616
S214022978AFE7314638461BF08EFA0146384602F073
S214022988FFF90028C0D0A3E7B26E5104FCD5B2689E
S214022998D205F9D5CAF868B0D6F890200135012DC7
S2140229A80392D0D9E21B042AA8BF042208EB070028
S2140229B803A901930092FCF7A9F8009A019B3A44EE
S2140229C897B2C0E770590020000002B8004000B86D
S2140229D8004001B8006001B8001002B8002002B832
S2140229E8005001B8006000B84FF604014FF6050221
S2140229F8044B01201B6C9BB28B4208BF1346024A4B
S214022A08136670470080E00F00C001B82DE9F74F43
S214022A1881460F464FF0FF35FFF7F8FB0026019078
S214022A288A462C463046DFF8D8B006F110031B015A
S214022A385BF8033003F00308B8F1010F15D13046EE
S214022A48FFF7FCFB02460B4601985146FFF784F94E
S214022A58DBF8643006F10802D340DB0739D5002FCD
S214022A6840D000252C463E6040460136082EDCD172
S214022A7860B3234A0027D2F808C0916B0CF440339F
S214022A880131A4FB0141641941F10001B3F5003F8D
S214022A9830D1536B0CF4405C013347F10006BCF5A9
S214022AA8805F22D1156B15F5807505FB06F647F192
S214022AB8000203FB0266A5FB03323244594304FBB9
S214022AC80212A3FB04341444C9E9003403B0BDE877
S214022AD8F08FA84271EB0403C6D207B13E600546E2
S214022AE80C46C1E73D463C46BEE7320242EA13625E
S214022AF81B02E3E7136B13F5807347F10002DDE769
S214022B0800C001B808B51BF01FF90122054B93F85F
S214022B188D3002335B00DBB202FA03F3024A5361DA
S214022B2808BD00BF003E00B0002000B82DE9F34102
S214022B3805460F4668461146FFF768FF0646B0B1D7
S214022B48AFB1DDE900321B0A43EA0263A5FB038440
S214022B58094B120A05FB02441A6812B9FFF71AFD56
S214022B680246002340462146FBF7D4FA3860304630
S214022B7802B0BDE8F08100BFFC5800204FF00052BA
S214022B88014B1A60704700BF00E100E04FF00052A8
S214022B98034BC3F88020BFF34F8FBFF36F8F704786
S214022BA800E100E0F8B50B46002213F8044B944205
S214022BB825D91D68854224D106245A791D79124BD7
S214022BC888181E6804FB0503104F33F8063C7B433F
S214022BD8B3420ED900238A5A7A43964202D804FB95
S214022BE80300F8BD9D42FAD9013304FB03F2825A68
S214022BF8F2E740F244423D21002002F0EFF80020BE
S214022C08EFE708330132D2E74059002040420F006E
S214022C1800202DE9F84FA2FB018BC74EC74F18EBD1
S214022C28060699466BF10003B74270EB030307D218
S214022C3840F23E220E2102F0D1F80220BDE8F88FBB
S214022C48D9F814A00C461546BAF1000F04D0DAF8E3
S214022C580030032B00F21B81B94BBA4A9F6BA3F5CF
S214022C688043D3F8EC30C7F314075E00B64B48BF70
S214022C7847F400171B6ED2F8FCA058074EBF4FF455
S214022C8840039B0503F0E0731F43B04BD3F8E430D0
S214022C98990748BF47F0807747EA45671DF088FEE0
S214022CA8012D0646C9D10028C7D0A94B984200F084
S214022CB8FD8003F5122303F5F863984200F05A8163
S214022CC8A44B984200F0A781002502462B46002016
S214022CD84FF00071FBF71EFA2B46013008FB03F390
S214022CE8C7F3130100FB0B33A1FB0662A8FB0080A7
S214022CF801FB0522034420339B09C9F80030F60C71
S214022D08954B46EA4236FA021C6058BF7642934B07
S214022D18934D34441E602C60BAF1000F00F008810F
S214022D28FB014FF000038F49C7F381528A5C1946AC
S214022D3848BF6408002EB8BF764292066008C2FBF7
S214022D4806012246FBF7E6F9DAF800100E2908D93A
S214022D587D4B7B4A926BDE69D3F80C31F60600F19E
S214022D682881C0F3130017F40017C9F8040014BF2B
S214022D78C42040F207107C4ADAF81860A2FB04C2A4
S214022D884FEA521200FB02F24FF4FA73B2FBF6F263
S214022D9818BF002702FB03F3A4FB00C0FA33A3FB09
S214022DA8063604FB07006345864138BF0132D2B2B5
S214022DB842F4006CC9F808C0002A00F0BB80DAF8B2
S214022DC81C70A2FB070624B1B4FA84F30E2B40F358
S214022DD8D880E303002E40F0D180B3FBF0F67000F3
S214022DE800FB0220A0FB07834FEA044EC6454FEAC3
S214022DF8144474EB030309D352001044A7FB008360
S214022E08C64574EB030306F10106F6D2C6F30E03B3
S214022E184CEA033C4CF000630629C9F8083049D945
S214022E28DAF83030002B45D00023C9F80C30C9F840
S214022E3810301DF0BDFDDAF83010FFF7B3FE044679
S214022E4818B18378002B40F0CC801DF077FDDAF8B5
S214022E583010FFF7A7FE0446002869D08378002BB7
S214022E6866D040794FF4AE62003818BF01203D2183
S214022E7801F0B4FF207940F2715200384FF03D015C
S214022E8818BF012001F0AAFF237962794BE0042BD0
S214022E98DAF828707FF402AFFB014CBF4FF4400308
S214022EA807F0E07327F0E0771F43F7E600232F4882
S214022EB81D4613E71DF07CFD2C68002C00F0AF8041
S214022EC8B4FA84F3D3F1020358BFDC40284B9C4281
S214022ED888BF6408002875D0B4FBF0F3642100FBB1
S214022EE8134201FB02F2904203F1FF3200F2A6807F
S214022EF85D085308013D1B0243EA0515C9F80C5044
S214022F081DF022FD002800F09080B4FBF0F2642148
S214022F1800FB124401FB04F4A04200F28D80531E0B
S214022F2852085B08013A1B0243EA0213C9F810303A
S214022F38002083E6212081E6006CCA88807C814ACC
S214022F48008001B8004F00B0004001B8000002B887
S214022F5800F04902005A62024859002044590020EB
S214022F684059002028F30400D34D62100A3BB2DF12
S214022F783FBE4025002335481D46AFE610460026CC
S214022F8830E7C3F10F0E03F1110806FA08F820FA23
S214022F980EF040EA0800AEF1200826FA08F840EAE1
S214022FA8080026FA0EFE013004FA03F34EF1000674
S214022FB810E702F4801203F400131A4308BFC0F5A0
S214022FC88010CEE6631EA51E5B086D08013B2D0227
S214022FD845EA031540F2C2422B21002001F0FEFE0C
S214022FE88CE7407940F25552003818BF01203D213F
S214022FF801F0F4FE207940F25652003818BF01203C
S2140230083D2101F0EBFE237962791B0243EA0213A3
S214023018C9F80C3019E700230D481D465EE66FF026
S2140230281F0500287FF46AAFD4E740F2E5422B2159
S21402303801F0D4FE621E72E71446FBE79D1E6D0879
S2140230485308013B2D0245EA031557E7313641DCA2
S214023058D694BFD610B5044686B059B9214B4168F6
S214023068D3F8FC30827A2048059300686B46FFF74F
S214023078CFFD69461D4B0A685A631A4BD3F8FC30D3
S21402308833B34B6843B11A4B1A4AC3F80C214A6841
S214023098A3F58053C3F80C218B6843B1144B164A28
S2140230A8C3F8EC208A68A3F58053C3F8EC20134AC9
S2140230B8C868D2F8743123F4EE630343C2F8743155
S2140230C8D2F86C31096923F4EE630B43C2F86C310B
S2140230D8002022890A4B9A6203F5A033186406B0C8
S2140230E810BD00BF004F00B070590020008001B824
S2140230F8006001B8FFFF0F00FFF8FF0F000002B8DC
S214023108004000B8064B9A6E920607D55B6E002BF7
S2140231184FF48043B4BF034A034AD364002070477F
S21402312800800050002002B8001002B8064B1A6C45
S2140231389207FCD4022240EA01205860034B1A6424
S2140231480122034B1A70704700C002B800D002B8BA
S214023158D66A002040B10368012B05D90069034BE3
S214023168002808BF184670470048704730F3040026
S21402317810B590B10468012C0FD902696AB11168BA
S214023188094B102C196051685960916888BFD2683B
S214023198996094BFD960DA6010BD102200210248F7
S2140231A8FBF724FBF8E700BF50590020084BC1176D
S2140231B81A68A2FB000302FB013310F1807043F188
S2140231C80003400E40EAC310803820EAE0707047D9
S2140231D8605900200722194B70B5DA63184B194A52
S2140231E81D68194BEC08E005C0184FEA153141F185
S2140231F800010023FAF78EFF144B154E1860154887
S214023208FFF7D4FF4042C6F8DC0049F65800FFF73D
S214023218CDFFC6F8A8001048FFF732F8024660B19C
S214023228E301500818184FEA15714FF0000341F1F0
S2140232380001FAF76FFFC6F8B40070BD000002B8C6
S214023248FC58002065CD1D00B2E60E00605900202D
S214023258003F00B07011010040420F0010B504464E
S21402326898B10B4BD3F8FC00FFF782FF4FF47A7342
S21402327803FB04F0074BA0F57A60DA689B681044F3
S214023288C01ABDE81040FFF791BF49F64040F8E77C
S214023298004F00B0505900202DE9F843054608466D
S2140232A814461E46FFF764FF05B306F0020716F03B
S2140232B804061DD1D7B14FF47A706B685843002BB9
S2140232C840F08C80FFF772FF20636B69002B00F0DA
S2140232D88C804A4AD0684FF47A7202FB0300A0F543
S2140232E8FA50FFF763FFE062002E58D1BDE8F88374
S2140232F82869002869D04FF47A7358433F4BA0F5E3
S2140233087A609B68C01AFFF751FFA062A88B002854
S2140233185ED04FF47A735843384BA0F57A609B68B0
S214023328C01AFFF743FFE061354BE968D3F800801F
S214023338002950D04FF47A735943304BA1F57A617D
S2140233489A685B68891AC91A2E4BC8171A68DFF872
S214023358BC90A2FB011302FB003311F1807143F10A
S2140233680003490E41EAC3118039274B2162D3F87C
S214023378C4306362D9F8003053B140461AF08AFB6B
S21402338830B12246D9F800301C49D8F8D8009847F8
S2140233980021A869FFF762FF6063002F8BD1A86837
S2140233A830BB47F23050FFF701FF60614FF47A7086
S2140233B82B6858432BB1114B1B6803F51C5310336B
S2140233C81844FFF7F3FEA06190E749F640409AE7F3
S2140233D849F64040A5E749F64041B5E7074B1B6862
S2140233E803F51C53103318446CE747F2305078E75D
S2140233F84FF47A735843A0F5FA50D4E75059002090
S2140234087059002060590020003F00B04C59002037
S21402341838B5054608461C461AF01EFC0246D5F87C
S214023428E400FFF797FE4368A018002B044AA8BFDB
S2140234384FF4FA721A44034B92FBF3F2104438BD67
S2140234480CFEFFFF18FCFFFF70B588B06D46124CE5
S2140234580FCC0FC594E80F0085E80F00D82200218C
S2140234680E48FBF7C3F9AC2200210D48FBF7BEF95C
S214023478202200210B48FBF7B9F91AF015FE0A4B71
S2140234881B783BB16D46044E0FCD0FC695E80F006C
S21402349884E80F0008B070BDE03F00B07C3E00B084
S2140234A8543F00B0E04F00B0C96A002008B51FF0CC
S2140234B8B2F90E4B1A78A2B90D4A126812F4843F72
S2140234C80FD10C4A1021D1641B7863B9084B1B68CC
S2140234D8DB0508D4074B2022DA64BDE808401FF053
S2140234E895B9054AEEE7044BF5E700BFDC6A00200B
S2140234F8A8140020002002B8001002B80A4B197857
S21402350801F0FF0229B10021197008499202C1F898
S2140235180421597801F0FF0229B10021597093025B
S214023528024AC2F808317047D76A0020005000B82D
S214023538064BD3F8F00E064B5B6C1A0103D4054B08
S2140235489B6E1B0401D500F580707047003000B0F2
S214023558000002B8004000B810B51FF05CF90E2152
S21402356804460320FFF7E0F840F20122034B204608
S214023578BDE81040DA621FF049B900BF004000B843
S21402358838B51FF048F94FF00043244C0546C4F8F6
S2140235988030BFF34F8FBFF36F8F0123C4F8843098
S2140235A8BFF34F8FBFF36F8F0223C4F88430BFF385
S2140235B84F8FBFF36F8F0423C4F88430BFF34F8F47
S2140235C8BFF36F8F0823C4F88430BFF34F8FBFF35F
S2140235D86F8FFFF7DBFA1023C4F88430BFF34F8FE0
S2140235E8BFF36F8F2023C4F88430BFF34F8FBFF327
S2140235F86F8F4023C4F88430BFF34F8FBFF36F8FAB
S2140236084FF48063C4F88430BFF34F8FBFF36F8FD5
S2140236182846BDE838401FF0F9B800BF00E100E0D0
S21402362838B51FF0F8F805464FF000430A4C2360F9
S214023638012363600423636008236360FFF79EFA2E
S2140236481023636020236360402363602846BDE836
S21402365838401FF0DBB800BF00E100E0012370B578
S214023668074C2370074B1E68074B3240D3E90053BA
S21402367819402840FCF7ECFE0023237070BD00BFFB
S214023688DA6A002068590020A81400200022044B99
S2140236981A70044B197811B11A70FFF707BF7047F2
S2140236A8DB6A0020DC6A00202DE9F047DDF820A05E
S2140236B803EA0108099B06460D4602EA000703EAE2
S2140236C80A09BAF1000F40F05281031F0B4300F0BB
S2140236D81281052871F1000380F0E88050EA0103A0
S2140236E800F07881431E0B4300F02881FFF748FF5D
S2140236F8B94AD2E9004323EA050324EA06043C430E
S21402370843EA0807B54BC2E900471E6826EA0A06D6
S21402371846EA09061E60FFF7C9FE14F02A4F14BFD0
S21402372848F202034FF40043AD4AB007D26EAD48E2
S21402373848BF43F4005383EA020122EA0302C26640
S214023748A94A0B408166D366C4F38042120321035A
S21402375848BF42F48072E30648BF42F40052A34BC5
S214023768A50648BF42F400726006D3F80C3248BF7A
S21402377842F48062210648BF42F400629C4882EA0C
S214023788030123EA0203C0F80C329A4B0A4017F4E4
S214023798007FC0F80812C3F80C22974B07F4007291
S2140237A800F0048101224FF4802583F88820E30480
S2140237B848BF45F48035A00348BF45F48015A107E5
S2140237C848BF45F4001514F4001FDFF8688206D0D7
S2140237D8D8F800001AF066FC08B945F40025E2029B
S2140237E848BF45F40035FB06844B48BF45F48005C0
S2140237F81A6A834985EA020323F001031A400A6219
S2140238081D40CB617F4B16F0010F1D627E4B7F4A2F
S21402381818BF1A467E4B7D071B6F48BF42F00062F0
S2140238287C4882EA030123EA020303677A4B0A40CA
S21402383841661A67794A04F00103926CA0F5803053
S21402384883EA020122EA03028264754A0B40416453
S2140238589364D8F80020200248BF724B92F8F620EC
S21402386858BF714B610748BF43F4806322B114F412
S214023878C06F18BF43F4807332074FF03A42BDE870
S214023888F047D2F8181148BF43F0004383EA010212
S21402389822F4A02265481140C0F818111340C0F857
S2140238A81421634AC2F81831FFF7BABEA0F580633E
S2140238B80B4306D020F48063A3F500730B437FF412
S2140238C815AF1EF0A8FF4449D1E9003223EA0603E1
S2140238D822EA050242EA08023B43C1E90032554A97
S2140238E8126892F8F610514A09B313F4C06F1ED044
S2140238F84FF4807311E01EF08EFF374AD2E900318A
S21402390823F004033B4341EA080157EA0807C2E9E1
S21402391800314FF48063454A0BD0C2F81431A2F541
S2140239288052C2F81831BDE8F0471EF06FBF4FF458
S2140239388073C2F81831C2F81431F4E71EF06BFF30
S214023948254AD2E9003123F001033B4341EA080144
S214023958C2E900310123384A57EA08071BBF5364F5
S214023968A2F580529364936408BF5364DBE750EA77
S21402397801037FF4BBAEBAF1010F7FF4B7AE1EF0B7
S2140239884AFF164A136823F0010343EA0903136041
S2140239984FF480631F4AB9F1000F04D05366A2F5AC
S2140239A880521367BFE713675366BCE793F888101D
S2140239B871B183F88820214BD3F8A41003F500537D
S2140239C8C3F8A410C3F8A0104FF05023C3F8A420DD
S2140239D80025ECE6BDE8F087A81400206859002008
S2140239E8004000B8006000B8005000B8004001B8B7
S2140239F8006001B8005001B8003F00B0000002B8ED
S214023A08002002B8001002B8041C000304180003C1
S214023A1800C001B800E001B800D001B800C000B884
S214023A2800D000B80D0A0A09090A0A09002000BAD5
S214023A38001000BA7059002000E000B8004000509C
S214023A48024B5868C0F3C000704700BFA814002095
S214023A58024B186800F00100704700BFA814002047
S214023A68024B5868C0F3C030704700BFA814002045
S214023A7810B50446FEF75AFDFFF782FD2046FDF70D
S214023A8889FAFEF7DDFCFEF7D3F8FEF745F9FFF7ED
S214023A98A1FB13490723134AD1F8FC1004F1F800D6
S214023AA8FFF7FAFB4FF080710020FEF709FC4FF093
S214023AB800720D4B4FF400110120C3F80021FEF7E7
S214023AC8FFFBFEF791FF20B940F29232142101F073
S214023AD885F91AF042F9BDE810400120FDF782BFC9
S214023AE8004F00B0A43F00B000D001B88023074AB8
S214023AF81364082340B11364054AD2F8C83E23F07B
S214023B082003C2F8C83E7047024AF4E7001002B81B
S214023B18003000B0002002B810B51EF07CFE01216D
S214023B2804460020FFF7E2FF044B1961044B5B686A
S214023B3898472046BDE810401EF068BE000002B84E
S214023B486C720020F8B5194C0546207840F2E4421B
S214023B58B0FA80F03E21400901F040F955B9607884
S214023B6840F2E442BDE8F840B0FA80F03E2140094F
S214023B7801F034B94FF440660D4F0E4DD7F80431B4
S214023B8840F2E442C3F381232370C5F804616078E7
S214023B983E21B0FA80F0400901F020F9D7F8083142
S214023BA8C3F381236370C5F80861F8BDD76A00209D
S214023BB8004000B8006000B8F8B5084C084D236C01
S214023BC80423084F2B64236C5B0300D4F8BD042639
S214023BD802203E641AF024F82E64F4E7000002B8C5
S214023BE8001002B8002002B8A82238B51A4B1D6C7D
S214023BF803F500531A6410229A60A3F5804302F173
S214023C0800521A675A66FFF779FC144B1B7813B9E9
S214023C180320FEF7B3F80024114B9C67FFF7CCFF8E
S214023C28104A114BD2F8F01E0B40C2F8F03E04229E
S214023C380E4B1A640E4BAA06C3F8D04008D503F5F5
S214023C4880739B6FB3F5817F22BF8022024B1A6175
S214023C58BDE83840FCF7B8BD000002B8D96A0020B3
S214023C6800C001B8003000B0DF0000FF002002B834
S214023C78003E00B010B551B920B3154BDB681B0ED9
S214023C8813F00E0F1ED1134B1B6CD9071AD4FFF76D
S214023C9863FC0F4C0020FEF7EBFD032801D0092831
S214023CA805D1A36ADA07F5D4636CDB03F2D4FFF70F
S214023CB883FF0122084B5A6102229A62042203F504
S214023CC880531A644FF4C062044BDA6210BD00BF18
S214023CD8000002B800C002B8001002B8006001B8BE
S214023CE808B503210920FEF71FFD2022014B1A61A1
S214023CF808BD00BF000002B80D4A10B5D2F8A030C1
S214023D08D2F8A4100B40B3F1804F0CD34FF04040CA
S214023D180849094CC1F8A400D467C1F8A0004FF4BA
S214023D288021064AD161034AC2F8A03010BD00BFFE
S214023D3800400050006000500000FF01001002B86A
S214023D4838B505461EF067FD0E4B04461868FDF7A3
S214023D584BFA35B1FFF79AFC2046BDE838401EF00C
S214023D6855BD094B1B78002BF6D0084B1D78002D45
S214023D78F2D1FFF78BFC2A464FF480400021FFF76A
S214023D886DFCE9E770590020DB6A0020DA6A002039
S214023D982DE9F84F5A4B06460D4614461B6C002A68
S214023DA840F0AB8013F0A00F14BF4FF001094FF09C
S214023DB80009FCF709FDA0234FF0000ADFF85C8132
S214023DC80320C8F84030FDF7D9FF0420FDF7D6FFD8
S214023DD84C4FFFF75BFC4C4B4FF0040B7B67C7F866
S214023DE878A0FFF7E9FE494B4FF48071D3F8C82E46
S214023DF842F02002C3F8C82EFF22C8F80820404A1C
S214023E081161D3F8F02E42491140C3F8F01EC8F8E3
S214023E1840B0C3F8D0AE7B6913F0060F04D0FEF7A5
S214023E285BFA5846FDF7AAFFB9F1000F08D04FF41F
S214023E380062384B1A644FF40042A3F5E0339A66E0
S214023E4866B1354BDB6C180701D4FFF785FBFFF725
S214023E5847FF0420FDF792FFFFF750FB284B5A69ED
S214023E68D10748D5DA6812F0706FFBD12B4B2C4A73
S214023E781A642C4A936E23F0F003936615B1204613
S214023E88FFF75EFF284BD3F84C315A1C01D05B0073
S214023E9802D50122214B5A616CB31F4BDA6E03F529
S214023EA800539A6603F5D0331B6A1C4A23F00103B3
S214023EB8D3611E4BD3F80C1203F50053C3F808124D
S214023EC803F50053D3F8841003F5005399674FF0AF
S214023ED83A43D3F8181103F50053C3F81411144BD8
S214023EE8996C03F500535964124903F580335966F1
S214023EF84FF608431364BDE8F88F4FF0000958E7F9
S214023F08000002B800C001B800000101003000B08D
S214023F18DF0000FF001002B8004000B8002002B818
S214023F2810003000003F00B00080E00F004001B8EB
S214023F3800C000B85000002F9D4B2DE9F04F9F6E31
S214023F48DB6E85B01F409B4B9F664FF03A43D3F813
S214023F581451D3F818311D40974BC3F81451974B98
S214023F68D3F80822D3F80C3202EA0309944BC3F8B2
S214023F78089203F52043DA691B6A02EA0308914BA2
S214023F8808F47702DA61904BD3F80422D20605D4F5
S214023F98D3F80431C3F30016DB0653D51EF03BFCF8
S214023FA88A4B5A695E6E1B6F12F0060F06EA030604
S214023FB8874A26F0007314BF4FF0010A4FF0000A32
S214023FC823F400637407536606D5824A92F8913042
S214023FD80133DBB282F891301EF018FC002F00F095
S214023FE8E48017F4004300F0D5801EF014FC014666
S214023FF8FFF79EFA0446784BD3F800B0DBF80020A9
S214024008DBF800309A42FBD0DBF800209A42FBD05D
S214024018FFF78EFAA04217D108461EF0F7FB6F4B41
S2140240281C606F4BD3F840B01BF4E0520ED124F05C
S2140240387F4424F0DF040CB9FFF7D6FD4FF0807BEF
S214024048002414E0B246C9E70446D7E70192FFF710
S214024058CBFD5C4B019A1BF480541A6440F09C809A
S2140240681BF4806F0CBF4FF0805B4FF0806BB80775
S21402407815D55B4A5348126C02F460410164002964
S21402408800F08D80110400F18D8012F4005F0CBFE1
S2140240984FF000524FF0006200244BEA020BC7F3BF
S2140240A840377F004F4A2A40002A4BD015F4206F2B
S2140240B80AD040F6A3120621002000F08FFE002048
S2140240C8FFF73EFE25F48025EB0506D5FF213D4A7F
S2140240D84BF4C06B9160FFF73FFA15F0090F0BD04F
S2140240E840F6B8120821002000F078FEFFF7F8FD27
S2140240F84FF03A420121516315F0106F0CD040F68A
S214024108C1120921002000F069FEFFF7E9FD00222E
S21402411811461046FDF73CF815F4202F0AD040F653
S214024128C9120721002000F059FE0020FFF708FEFA
S21402413825F48025E80301D5FDF774F9002DB8BFEC
S21402414847F0080769070ED54FF03A42126B12F489
S214024158005F4FF4005217BF174923490A634BF40E
S214024168000B08BF0A636A0548BF4BF0040B15F438
S2140241788023019300F0A480FDF70CF90138062885
S21402418834D8DFE810F01A011D011A0120012301B4
S214024198260126019B4653E74FF0804B50E74FF027
S2140241A8007279E74FF0004276E7BB463C4679E76D
S2140241B8004000B8006000B8002000BA004001B80D
S2140241C8006001B8002002B800E100E000C001B8B3
S2140241D800E001B8003E00B0E8F20400645900208E
S2140241E8000002B8090B0B89001000BA40F6FA1252
S2140241F80321002000F0F2FD4FF03A400121D0F8EA
S2140242088C20D0F8AC3002F00702063201FA02F22D
S214024218C3F30C0CA2EB0C0292B2072A12D9774A05
S214024228126C53020ED4764BC26CC06E5B6D5BB1D9
S21402423802F0070206329140C0F30C00091A89B24E
S214024248072901D84BF4007B6E4A1278002A37D029
S2140242584FF03A42D2F8142112F4A02F30D16A4A0B
S2140242686A4912789AB9F20411D40A787AB14FEAEE
S214024278DB02674842EA447282F00102D0F8F00E86
S21402428802F00102520020FA02F2930718D1042023
S214024298FDF774FD5F4A60485067FFF7F7F95B4918
S2140242A80A784AB95D4A127832B15D4A5D4912689F
S2140242B80BEA02020A4201D14BF4804B26F48056DE
S2140242C8B9F1000F1DD019F4805F18BF4BF4802B8C
S2140242D819F4807F18BF4BF4002B19F4005F18BF3F
S2140242E84BF0100B19F4007F18BF4BF0200B19F493
S2140242F8806F18BF4BF0400B19F4006F18BF4BF0D5
S214024308800BB8F1000F3AD018F4802F18BF44F487
S214024318007418F4803F18BF4BF4805B18F4801FB3
S21402432818BF4BF4003B18F4001F18BF4BF0020BE3
S21402433818F4003F18BF4BF4801B18F4800F18BF00
S21402434844F0100418F4002F19D0314AD2F8C82EB7
S21402435812F0C00F13D02949CA68C2F30362032AAF
S21402436801D0072A05D14A6CD00602D48A6C1107F6
S21402437832D54FF400212C4A28F40028D161002EA9
S21402438800F01881320540F18A802848DFF88490C8
S214024398C2782749002A51D04FF40063013AD2B2B4
S2140243A84B66C27032B9234A1278C2B140F601414E
S2140243B8214A5167002200216EE04BF4803B1BE73E
S2140243C84BF4006B18E74BF4806B15E74BF4807BD5
S2140243D812E74BF0080B0FE74BF4001BCFE7D9F8B0
S2140243E8782012F4A05F15BF4FF4807240F601429F
S2140243F8C9F85820C9F87820DCE700BF000002B8E0
S214024408004000B8DC6A0020DB6A0020DE6A002072
S214024418003000B000C001B800000101DD6A0020CB
S214024428A8140020088D0100002002B8CD6A0020DA
S21402443800E001B8D96A002000D001B80320FDF7D1
S2140244489DFCD9F81420A34B12F0060F04BF41F6C0
S2140244581F72A149A14808BF4A674FF400619E4AE5
S2140244685166D9F8142012F0060208BFC9F8782057
S214024478B3F88E2012F400615DD022F40062A3F82D
S2140244888E20027802F0FF09002A58D1FDF724FF91
S214024498FFF7AAFB4A4620214BEA020B0C43B3005D
S2140244A809D52E20FDF7B8FB4FF000518A4A44F092
S2140244B8080411675166F00606D52B20FDF7ACFBFB
S2140244C81021854A1167516616F0306F05D1F1043E
S2140244D85DD5BAF1000F00F0A780320111D5292068
S2140244E8FDF79AFBFFF7ACFA48B17D4A7D487A4950
S2140244F84A66026700F54050C068430422D444F076
S214024508040416F0007A28D00420FDF737FC27208A
S214024518FDF782FBFFF768FB4FF000716E4A5166A3
S214024528714AD2F8F01E490678D4704A0221916080
S21402453844F0020428E002784FF40052ACE74FF445
S214024548004238E70A6720204A66FDF765FB2D20F9
S21402455844F00C04FDF760FBD3E716F0807FDFF823
S214024568909146D00420FDF709FC2820FDF754FB5D
S214024578D9F87820002A39D1FFF736FB564A584927
S21402458844F00104116751660021594A91653204C4
S21402459805D5584A126890474BEA000B0C43730538
S2140245A808D555498A78002A00F08E80013A8A7022
S2140245B8002217433A4658462146FFF74FF8019B12
S2140245C80BB1FCF71DFF01224C4B05F00435C3F86E
S2140245D814514B4B18F4002FC3F884211EBF4FF416
S2140245E80022424BDA6105B0BDE8F08FC9F878A020
S2140245F8C4E7F004C8D50420FDF7C0FB414AC9F851
S2140246087420FDF769FED9F8642012F0407FBBD10A
S2140246182A20FDF701FBFFF7E7FA81E7D2F8C82E52
S214024628930685D4384A81E733490A7952B1013A62
S214024638D2B20A7112B92B4A3449516700224BEAA0
S214024648020BA4E70420FDF799FB0320FDF796FB6F
S214024658274A2C4951671EF0DEF881460DF10F00F5
S214024668FEF706F92A4A824612780AB1FEF774FF5E
S214024678BAF1030F0ED1DFF8A0A00020FEF7F8F873
S214024688032807D1DAF82820D007F6D4DAF8442027
S214024698D103F2D49DF80F20032A06D101211D4A20
S2140246A8484611701EF0B2F8C8E74FF03A42D2F800
S2140246B8142112F4A02FF1D1FEF7E8FF48461EF0A7
S2140246C8A5F84FF48042BAE70220FDF757FB01220D
S2140246D86FE700BF003E00B000E001B8D96A0020CC
S2140246E81000002000D001B8003000B0002002B848
S2140246F800C001B880720020CD6A0020002000BAEF
S21402470800E100E000000101001002B80000010DFF
S214024718DF6A0020DB6A0020000002B80122024B92
S2140247281A62DA61704700BF002002B8094A08B563
S214024738D369116A0B40084923F47F00DB07C86176
S21402474806D5D1684FF0FF30C1F3036119F00FFBAD
S21402475808BD00BF000002B8002002B80C4A08B51F
S214024768536C926C13400B4A5364DB070FD50A4B03
S21402477840F663421878122100F0010000F02EFB82
S214024788BDE80840002201200021FEF767BF08BDE9
S21402479800C000B800E000B8A814002070B5174D95
S2140247A82C6C6B6C1C40164B24F00202E1071A6450
S2140247B805D540F6CA420020296800F00FFBA2077A
S2140247C81AD502220E4B1A646B68DBB2A3B9FDF740
S2140247D81DFD04460D460B4ED6F8F433DB060BD504
S2140247E8FDF714FD02460B4620462946FDF7B4FAA5
S2140247F8652871F10001EFD370BD00BF008002B8D2
S21402480800A002B8000002B838B50B4C0B4DD4F81D
S2140248188430DB0706D4A36FD4F884201340084AF2
S214024828936738BDD5F804311A06F0D5FFF7B6FFF8
S2140248388023C5F88431EAE7008001B800E100E089
S21402484800A001B870B514460D461DF0E4FF064BED
S214024858D3F8C86E74402C407440C3F8C84E1DF096
S214024868D5FF06EA050070BD003000B0034BD3F84A
S214024878C83E99430CBF012000207047003000B0A4
S2140248882DE9F04117460A43012A1D469DF81840AD
S2140248989DF81C60DDF8208029D8B44227D2082E5D
S2140248A825D8032B23D8B8F1000F20D00A460021BA
S2140248B8FBF7DAFEFF21EB009940C943DFF834C064
S2140248C808F1FF38FF00E2B2964202D80020BDE89F
S2140248D8F0813D190CEB8505D5F8F82018F8010F7C
S2140248E80A4098401043C5F8F8000134EBE7212047
S2140248F8EDE700BF003E00B01E4BD3F8C83E13F0EB
S21402490801001ED01C4B93F84C001C4A40F08073E2
S214024918C2F8CC304FF480131949C1F8B430A1F567
S2140249288051C1F8B830D2F80C31DBB2FF2B1FD059
S214024938984294BF0020012040F61F623C2100F0F6
S2140249484DBA1A06E1D40F4A92F84B1121B1DB068A
S21402495802D592F84801D8E74FF480120020084B97
S2140249680649C3F8B820C1F8CC00C3F8B42070478B
S2140249780120E1E7003000B0003F00B0004000B878
S214024988006000B8003E00B0034B1868034B0028CE
S21402499808BF1846704700BF6C590020C42B050094
S2140249A82DE9F843DFF860900646D9F800800846F5
S2140249B81746B8F1000F03D00E242046BDE8F88348
S2140249C806B3336801331DD1E1B100F073F805462A
S2140249D80028F1D0C9F8000000F092F8284619F02D
S2140249E81FFA044640B14046C9F8008000F088F82D
S2140249F8284619F010FAE0E73560002FDDD0284681
S214024A08B847DAE72124D8E770590020024B18681D
S214024A18003818BF0120704770590020002108B5D9
S214024A28024B08465B689847002008BD6C72002057
S214024A38431E033306D8044B984228BF18466428F8
S214024A4838BF6420704700BF40420F0038B505469D
S214024A580C4641B10B6833B11B68013303D0CB68EF
S214024A680BB18B684BB919F0BEF800204FF4C1722F
S214024A78412100F0B3F9212038BD0846FCF7A4FD11
S214024A8800230A4A85F83031C5E93743C2E90033BC
S214024A9863694BB1064A422110684FF4D272C31AB0
S214024AA85842584100F09AF90020E5E7C06D002008
S214024AB8FC580020F8B504461DF0ADFE0026074651
S214024AC80E4B1B6893B19E68AEB196F82420D207A7
S214024AD811D435460FCC0FC50FCC0FC523682B60F3
S214024AE896F8243043F0010386F8243038461DF041
S214024AF88DFE3046F8BD1B68E4E700BFA8720020AA
S214024B0810B5044618B9054B054A136010BDFAF7E6
S214024B1827FED4F8E830002BF6D1F4E707DE0300C8
S214024B28A4720020014B1868704700BFC06D0020B1
S214024B3808B502460868FFF77BFF08604868FFF773
S214024B4877FF48608868FFF773FF8860C868FFF7D2
S214024B586FFF0B69C860581C03D00B48834228BFF6
S214024B6803460B614B69581C03D00748834228BF8B
S214024B78034688694B61FFF75BFFBDE8084088611A
S214024B881046FBF797BD00BF40420F00D0F8E03052
S214024B982DE9F04105460C4613B1838D8B424CD065
S214024BA8D5F8DC30002B4BD09E68002E48D0D8684B
S214024BB8002845D0013800B200281ADB002106E09A
S214024BC8128A591CA24217D209B2884211DB0B1864
S214024BD803EBD3735B1003EBC30206EB8202B2F855
S214024BE80EC003F1FF3EA445EAD90FFA8EF08842BA
S214024BF8EDDA2120BDE8F0814FF6FF7299B29142B4
S214024C08F7D09BB203EBC30306EB83062846B6F936
S214024C18122095F82411D5F8F080E9F72DFC0746FE
S214024C28B8F1000F04D00023324628461946C0477A
S214024C38AC85C5F8E06085F82D710020BDE8F081E6
S214024C480E20BDE8F08100BF2DE9F04782B0044689
S214024C580F461646FBF796FF00285ED1454D2B6891
S214024C68D4F8DCA0D4F8E0800BB1534562D04FF0FC
S214024C780009AF60FBF7D0FF0128074651D12B6821
S214024C88DAF80010D8F8002013B1186888425CD009
S214024C98204618F0B4FEC5E900A8D4F8F0508DF8FE
S214024CA80760002D58D00022204611460DF1070352
S214024CB8A8472046FBF728F90546B9F1000F0FD09A
S214024CC876B9D4F888300BBB012F05D025B12A4B0C
S214024CD8002103205B689847284602B0BDE8F087A3
S214024CE8B5FA85F040F207523321400900F076F80B
S214024CF831462046FBF70EFB204B05461B6841460D
S214024D0820469847D4F88830002BDDD000224FF48E
S214024D1800732046FAF734FDD6E70023154D6B607C
S214024D289DE700210120FAF763FDFBF775FF0128CE
S214024D38FBD1A4E76B68002B99D0434597D1AB68A3
S214024D489F4215D04FF0010993E7696811B10968C7
S214024D589142A0D059689BE794F8281094F82D3110
S214024D683246994228BF19462046FBF71FF8A0E7A5
S214024D780025B1E7C06D00206C720020A4720020E6
S214024D88F8B50E4605461DF046FD31460746284646
S214024D98FFF7FCFE044620B138461DF037FD2046D4
S214024DA8F8BDFBF7D1FE224631462846FFF74CFFF0
S214024DB8044638461DF02AFD2046F8BD38B5044D8F
S214024DC8044C054B286021601A601DF079F938BD3D
S214024DD874590020AC7200207859002010B550B9DA
S214024DE80548064B0160064802601868054B1860BD
S214024DF81868FFF7E3FF10BDAC7200207059002058
S214024E08785900207459002010B51DF004FD084B8F
S214024E1804461B683BB1984728B1002200204FF48D
S214024E288061FEF71BFC2046BDE810401DF0EEBC74
S214024E387C5900200023F0B585B0CDE901330393F1
S214024E48124B134D1B78134E8DF804301DF0F0FCF0
S214024E582A78337804469A420F4F0CD0317838684D
S214024E6801AA297018F0B8FF50B140F608210B487D
S214024E781DF065FD04E0386818F08EFF0128EDD0B5
S214024E8820461DF0D0FC05B0F0BD00BFAC75002072
S214024E98E0750020E17500209859002021C9040019
S214024EA8F8B52B4B1B7823B140F6FC3129481DF088
S214024EB846FD1DF0BDFC284B07461C8814F0060468
S214024EC809D001214FF480701CF066FC3846BDE814
S214024ED8F8401DF0A8BC21464FF480701CF05CFC1C
S214024EE8204600F0ABFF022808D180221B4B802107
S214024EF8186818F00DFBFFF79DFFE7E7204600F05D
S214024F089DFF054638B1012807D040F631411148C1
S214024F181DF015FDDAE70246E8E7FF220F4E104BB2
S214024F2830681A70FFF77AFD306818F035FF0128E6
S214024F38CCD02A462946306818F030FF21462C2065
S214024F481CF056FC21460A201CF052FCBEE700BFA5
S214024F58E56A002021C90400E6620020985900206C
S214024F68E0750020002101481DF05CBA007300209D
S214024F787F2837B5044610D14FF6FF73022217482A
S214024F880DF10601ADF80630EBF798F9BDF80640C4
S214024F98E2054CBF6FF04A0464B21DF049FC104BA0
S214024FA805461C700F4B1B88DB0710D50E4B1B786B
S214024FB8002B0E4B0CBF21466FF07F01186818F0C5
S214024FC8D5FA20B140F6786109481DF0B8FC2846A3
S214024FD803B0BDE830401DF026BC00BF641002C016
S214024FE8D8750020E6620020E66A0020985900205C
S214024FF821C9040010B514F022F860B114F021F8A3
S2140250080B4A80B141F20D03BDE8104041F20D0192
S21402501807481CF013BD074B1A781B799A4204D12D
S21402502800220023F0E70D23EEE7034AF9E700BF64
S214025038400D0300AC750020488D0100F8B5164EE9
S2140250480D46337802F0010423B140F2C531134805
S2140250581DF075FC124B134F1D60134DA4B1134B74
S214025068997801B1012120201CF096FB2B783B7021
S2140250780F4B1C780F4B00211C70042333700E480C
S214025088BDE8F8401DF0CEB9214620201CF084FB6E
S2140250982B783B70EEE700BFE56A002021C90400C2
S2140250A888590020E26A0020E27500208C59002008
S2140250B8E36A0020E46A0020007300202DE9F84322
S2140250C81DF0B6FBDFF8A0810546B8F80030614C43
S2140250D813F4807F03D0237873BBFFF7E1FE002129
S2140250E808461CF085FB5C4B1A78FF2A13D01A7800
S2140250F802F0FF0632BBFF221A702378052B0AD16C
S2140251080023284623701DF08EFB304618F0CDFF8C
S2140251181DF08EFB05462378504E062B09D13378B0
S214025128FF2B06D03378022B15D100214C481DF0F0
S21402513879F9FF2333702BE000214FF480701CF0BE
S2140251482BFBCCE71A78012A4FF0FF0214BF33264E
S2140251584C261A70D4E7337813B13378012B22D150
S2140251681CF0BAFB07463E4896F8009001F0DCFBB6
S214025178FF235FFA89F9337077B1B9F1010F44D189
S2140251886421374884F800901DF04CF9FFF752FE68
S21402519828461DF048FB06E0284627701DF043FB0C
S2140251A8384618F082FFB8F800301B0605D50021ED
S2140251B880201CF0F1FA17F04FF901F0F1FA294EA7
S2140251C8308000B32778012F42D11DF03FF80546FC
S2140251D810B301301DF091FC00F44060B0F5006F8A
S2140251E81AD10422394628461CF070FF28441DF0BE
S2140251F884FC4FF6FF7398420ED10020318800F0E7
S214025208FFFC00233380BDE8F8830023284623707A
S2140252181DF009FB3F20C4E7114801F085FB002179
S21402522808462170012500F09DFC23780BB9FFF78C
S21402523837FE0020318800F0E3FC00233380002D7F
S214025248E1D020780028DED1BDE8F84319F078B816
S2140252580025EAE7E56A0020DF750020DE750020F3
S21402526800730020E4620020E662002008B51346B8
S2140252780A461946064B186818F005FA30B1BDE812
S214025288084040F2F44103481DF059BB08BD00BF70
S2140252989859002021C9040008B513460A4619463B
S2140252A8064B186818F0E9F930B1BDE8084040F234
S2140252B8FB4103481DF043BB08BD00BF98590020B8
S2140252C821C90400024B1878431E584258417047B9
S2140252D8E56A002008B5064B1B7823B140F2255133
S2140252E804481DF02CFBFFF7DBFD002008BD00BFBD
S2140252F8E56A002021C9040008B5054B01EB8101C7
S2140253081868490018F034F9002818BF212008BD8B
S2140253189859002008B5044B1868F9F7B1FE0A2315
S21402532890FBF3F040B208BD98590020014B18785C
S214025338704700BFE175002008B5044B186818F0DE
S214025348CBFDB0FA80F0400908BD00BF985900208E
S21402535838B5124D0C462B78012B04D940F246512B
S2140253680F481DF0ECFA21460020FFF7E5FF90B142
S2140253780C4B1C702B785BB9FFF792FD0A4B93F91E
S21402538800100A4BC901186818F00FFE002038BD35
S214025398FFF750FDF2E72120F9E700BFE56A002093
S2140253A821C90400E1750020E76A00209859002008
S2140253B808B5074B186818F08DFD30B1054BB3FBDE
S2140253C8F0F083B20BB1184608BD0120FCE700BF17
S2140253D89859002040420F002DE9F3475C4E012001
S2140253E81DF0AAFA3388990704D440F63F41594873
S2140253F81DF0A5FADFF8808198F80030053B012BEE
S21402540804D940F6414153481DF099FA524F3B6879
S21402541823B940F644414F481DF091FA348814F0F7
S214025428200478D0012122201CF0E2F94FF47A7485
S214025438FFF7BEFF3B681B780933434304EBC304FC
S21402544898F80030A5B2062B0BD11CF00DFE0446C8
S214025458FFF7AEFF602358430C2303FB04002844DF
S21402546885B2D7F800903D4B99F800801C7808F171
S214025478FF381FFA88F8002C52D133885A0505D40B
S21402548809F101001DF039FBC0F340143449354ACE
S214025498887812784B7812FB00F2334F93423B70AF
S2140254A8A4BF9B1A3B703B78CA78BD60934238BF4C
S2140254B813463B7013F0CBFD002833D013F0C5FD1E
S2140254C8012814BF1025082525430023DFF8ACA0C1
S2140254D80093802243464946DAF8000018F07AF824
S2140254E820B14FF43B611B481DF029FA1F4BDAF82E
S2140254F8000019781E4B197033889B0614D52A4665
S2140255081C4B009718F066FCC0B9002002B0BDE834
S214025518F0471DF011BA214622201CF069F987E7E8
S2140255280024B3E72546D0E72A460F4B18F050FC6E
S214025538014618B925201CF05BF9E6E72146262025
S2140255481CF056F940F6F43102481DF0F8F9DCE78B
S214025558E662002021C9040088590020E86A002073
S214025568AC750020E26A0020B0720020E1750020C7
S214025578E07500208C590020E56A00209859002022
S214025588184B10B51B889B0704D440F6A66116482C
S2140255981DF0D5F9154B1B78053B012B04D940F6AF
S2140255A8A76111481DF0CBF9114B1B6823B940F6C9
S2140255B8A9610D481DF0C3F900240E4B0E4921209F
S2140255C81C701CF015F9014618B9BDE81040FFF723
S2140255D803BF022804D12046BDE810401CF09EB93D
S2140255E810BD00BFE662002021C90400E56A00205B
S2140255F888590020E06A0020A1570200F8B55A4CE4
S21402560823889A0704D54FF43E7158481DF097F937
S214025618574801F089F91DF00BF9238805465B0700
S2140256280DD54FF0FF3018F01CF8524B1B68C01A05
S214025638B0F5717F03D9002104201CF0ADF8284686
S2140256484D4D1DF0F0F82B78042B32D11DF0F0F8F2
S214025658238806465F0708D5454800211CF0E2FE67
S2140256683046BDE8F8401DF0DEB81DF0DCF81DF047
S214025678DFF8424B06461B78414F13B92388590573
S2140256880FD50523012102202B701CF085F8FFF7A1
S21402569877FF30461DF0C7F83B68DA78394B1A7040
S2140256A8F8BD386801301DF028FA8206E9D50623C7
S2140256B8E8E7062B4DD1344B1B78FF2BF0D1334E3F
S2140256C813F0C7FC3378002B3DD01DF0B1F82388C1
S2140256D805465B0705D5264800211CF0A3FE28468A
S2140256E8BFE71DF0A0F83378013B33701DF0A0F831
S2140256F80446012102201CF04FF8FFF741FF20461E
S2140257081F4C1DF090F8206801301DF0F6F900F4E1
S2140257184060B0F5006F13D12468012104222046A8
S2140257281CF0D4FC20441DF0E8F90146184B04206E
S2140257381A783378D21AD2B2BDE8F8401DF0A6B964
S2140257484FF6FF71F2E740202B70BDE8F84018F0DC
S214025758ACBC012BA4D100232B700E4B1868FFF7A4
S2140257685DF93F20F1E700BFE662002021C9040088
S2140257780073002084590020E56A0020E86A0020A9
S21402578888590020E16A0020DE750020E26A0020BF
S214025798E27500209859002008B50A4B1A7882B993
S2140257A8012210281A7004D040F69D6106481DF0A2
S2140257B8C6F8002120201BF0EFFFBDE80840FFF7DF
S2140257C80BBE08BDE06A002021C9040008B5094BD3
S2140257D81B88DB0604D440F2C35107481DF0AFF815
S2140257E8102000211BF0D8FF044B1868BDE80840BB
S2140257F818F0E7BAE662002021C90400985900208A
S214025808012208B5074B1146186818F0C7FA002196
S2140258182C201BF0EDFFBDE8084000210A201BF0F3
S214025828E7BF00BF98590020014B4008185C704734
S214025838DA75002008B513460A461946064B186854
S21402584817F027FF30B1BDE8084040F6E9410348A3
S2140258581DF075B808BD00BF9859002021C904007C
S21402586808B5044B186818F097FA013818BF0120D3
S21402587808BD00BF98590020054B10B54C002246BB
S2140258880146186817F062FE031B5842584110BDBD
S2140258989859002070B505461CF0CAFF0E4B0F4EED
S2140258A81B880446DA07357008D50D4B0D4D1B7854
S2140258B8012B08D90121286818F0F0FB2046BDE81C
S2140258C870401CF0B0BF1BB113F0B7FBC305F1D490
S2140258D8317881F00101EEE7E6620020D9750020F2
S2140258E8E66A0020985900200C4B10B51B8804461F
S2140258F8DB0711D5FFF77EFB094B84F0010208216E
S2140259081868D20017F004FE30B1BDE8104040F621
S214025918367104481DF013B810BD00BFE6620020B9
S2140259289859002021C9040008B5044B0146186896
S21402593817F0BAFE003818BF012008BD9859002093
S21402594810B50A4C23787BB1FFF75AFF00210420D2
S2140259581BF022FF002102201BF01EFF00232370EB
S214025968BDE81040FFF79CBA10BD00BFE56A0020EC
S21402597838B5094800F0E8FC0024084D95F844308C
S214025988E0B2834200D838BD05EBC000043000F010
S214025998DBFC0134F2E700BF3C5A00209C59002089
S2140259A808B5104602494822F9F7B0F8002008BDA3
S2140259B8F459002008B505481DF035F9014620B906
S2140259C8BDE8084001481CF02DBD08BD2073002024
S2140259D8002238B51C4B15461C461A700132082A96
S2140259E85D609D8043F8085FF8D148220021174879
S2140259F8F8F7FCFE4FF6FE73A4F868306FF48033AF
S214025A08E365134B00211A88124B1868F8F7EEFE66
S214025A18114BC4E91255C4E9283584F8445084F871
S214025A285050656584F8A850E9F792FFFF220B4BA1
S214025A38012118700A4B00201A70E1F745F8002079
S214025A48FFF7B8FF002038BD9C590020F459002003
S214025A584C750020D87100200000FFFFE96A00207C
S214025A683E6B002010B5AC24084B04FB0030836C58
S214025A7853B990F850403CB931B1C0E912122046E9
S214025A88FFF798FF204610BD2120FCE79C5900200E
S214025A98AC2370B503FB00F5094E731993F8504012
S214025AA85CB9204610F0AAFC735D204643F0020358
S214025AB87355FFF77FFF204670BD0120FCE700BF45
S214025AC89C590020AC235843024A135C23F0030374
S214025AD8135470479C59002070B516461F4A044650
S214025AE81278C2BBAC211E4D01FB00518A6C92BBD8
S214025AF891F850203AB1022B2DD191F8441007297B
S214025B0807D91C2026E091F844100729F9D8012B5A
S214025B1808D0AC2000FB0450CA00011D0C30F8F770
S214025B28B7FE0021AC2303FB04F000249DF81430D2
S214025B3800EBC1012944CB71049B8E808B602B1825
S214025B4893F84420204601328C7183F84420FFF7EC
S214025B5831FF204670BD0120FCE700BFE86A00203E
S214025B689C590020F8B5234B04461B780F46002B99
S214025B783ED1AC23204D03FB0053B3F8A03023B923
S214025B8840F245311D481CF0DAFEAC2202FB0452F4
S214025B98D2F8A46036B192F8A33039460020B2F89B
S214025BA8A020B047AC2300216343EA18A2F8A0104D
S214025BB8C2F8A410482192F8A82001FB02322A440F
S214025BC8D2F89820964213D0EB5C9B070CD5AC22F1
S214025BD86243AB5C204623F0020343F00103AB5456
S214025BE8BDE8F840FFF7E6BE10F02AFC0028EED122
S214025BF8F8BD00BFE86A00209C59002078C9040056
S214025C082DE9F04F89B0059008460D461CF01EFB9C
S214025C18044618B9212009B0BDE8F08F28461CF0C2
S214025C2831FBC0B20838215C221892F802A004910F
S214025C38D1785268277803920022B4F80130ADF87A
S214025C481E20434A029192F800B0BBF1000F08D01A
S214025C58404B1B681BB120464FFA8AF29847002031
S214025C68D9E703F00703022B70D0013409225946FC
S214025C7820461CF02BFA023F3F1A3B0606465FFAFE
S214025C8887F8C7D4344FD7F89090B9F1000F27D1C8
S214025C9800210DF11E0B434622460846CDF800B0F9
S214025CA810F0E4FAC3B20546002B4BD1BDF81E002D
S214025CB818F03FFAE0B9BDF81E0018F036FB814628
S214025CC8BDF81E0018F035FAF0B906EB08020123F3
S214025CD82146584692B200F07BFDD0B119209AE7C9
S214025CE85B465A4601212846C8470028D0D191E784
S214025CF8D7F89430BDF81E00002BDCD0A1199847BF
S214025D080028D8D1022086E742464846A119F8F765
S214025D18FDFEBDF81E001CF099FA029B059A037256
S214025D28049B80F809A08372039B1BBAC360AC234A
S214025D3803FB027393F85020BDF81E0022B1DB6CF9
S214025D4803B19847E8B266E7BB6FF9E7012062E756
S214025D58E86A0020805900209C5900202DE9F84363
S214025D6808460F46164602F1010918F0E3FA80467D
S214025D78384618F0D7F9042856D1384618F0F6F9F6
S214025D8848F661054FF6FF7248F64103294C9042E1
S214025D9808BF1D46B4F85C10301D1CF0B0FE38462D
S214025DA818F0E4F90146B01D1CF0A9FEB4F85E101E
S214025DB806F108001CF0A3FE06F10A0438460DF0A8
S214025DC867FF10B145F01005ADB2294648461CF0EB
S214025DD896FE384618F0A9FA424601462046F8F7D3
S214025DE895FE384601211CF069FA4444074660B11C
S214025DF81CF048FA054638461CF028FAEDB2014669
S214025E082A462046F8F782FE2C440B4AA41B13782F
S214025E180134591C1170F37034703046BDE8F843EB
S214025E28092201211CF052B948461CF066FE4C466F
S214025E380546C3E79C590020E96A0020AC2210B543
S214025E4848245043094B1A1892F8A81004FB01007C
S214025E58034493F87700022806D092F850301BB90C
S214025E68032818BF012010BD0020FCE79C5900201B
S214025E7870B508B1012070BD234C94F8A850002DC7
S214025E88F8D12946B4F85C20FFF706FA29462846D0
S214025E98B4F85E20FFF7EAF92946284604F16002BC
S214025EA8FFF7C8FC94F87730002BE3D0284694F81E
S214025EB85860FFF73BFA864215D1002094F95A50EB
S214025EC8FFF728FA854216D10020FFF7B7FF0446E7
S214025ED800201CF0B1F80028CDD02146BDE870405D
S214025EE80020FFF7F7B9284694F85810FFF730FA5B
S214025EF80028E2D0BFE7002094F95A10FFF7FCF911
S214025F080028E1D0B7E700BF9C5900200346AC2022
S214025F1810B51446164A00FB032292F877000228A8
S214025F280CD1E07F022809D141B11249097801292A
S214025F3813D992F85810227891420ED11846217831
S214025F48FFF7FAF990B1482221460B48F8F7DEFD2A
S214025F5800201CF071F808B9002010BD044B93F815
S214025F68A8000028F8D1FFF783FFF5E72120F4E719
S214025F789C590020B2750020F459002038B5AC238D
S214025F880D4C054603FB004300205A6DD86483F87F
S214025F98500012B15865FFF719FCF5F7C1FBFF2848
S214025FA81EBFAC2303FB054484F8A8000020FFF7B5
S214025FB85FFF002038BD00BF9C5900207FB51D4CEE
S214025FC894F8A83023B1002084F8A800FFF750FF01
S214025FD894F85A30B4F8A0608DF80F3026B940F21B
S214025FE8FD2115481CF0ABFC144B31461D680020F9
S214025FF82A46FFF7B3FEE46F02469CB10DF10F0383
S21402600801930023294630460093A04702462C787F
S21402601854B920462146FFF7A5FD2046FFF7CAFCDD
S21402602804B070BD0122F2E729460020FFF706F801
S214026038F6E700BF9C59002078C90400D8710020F2
S21402604838B5494B1C78002C58D1484800F06CFCEF
S21402605820461BF0F1FF002850D0454C2378D9077C
S21402606833D594F850201AB123F00303237045E081
S21402607823F00103237010F0CBF9237805469A071C
S21402608801D510F0BBF9294600200FF053FF40B99E
S2140260982378284643F001032370BDE8384010F001
S2140260A8ADB90023482284F8A33094F8A83084F8BF
S2140260B8A25002FB0343D3F89830A4F8A000C4F811
S2140260C8A430BDE83840FFF779BF94F84400B0B171
S2140260D804F1A003251D95E8030083E80300FFF7F3
S2140260E86DFF94F844202846D20004F10C01F8F714
S2140260F8CFFB94F84430013B84F8443038BDA26C98
S21402610862B99B0711D52378002023F0020343F0D7
S21402611801032370BDE83840FFF74CBC0123A06496
S21402612884F85030904723789EE710F089F90028C3
S214026138E9D194F8A83073B1F5F7F2FA94F850302A
S214026148002BDBD1FF2818BF84F8A800BDE838402A
S2140261580020FFF78DBED4F88C30002BECD0984781
S2140261680028CBD1E8E700BFE86A002020730020A9
S2140261789C59002070B5044600201BF05DFFAC2336
S2140261885C430B4E351995F850300BB1002070BDA4
S2140261980028FBD007481CF046FD0028F6D1335DE0
S2140261A8002BF3D195F84400B0FA80F04009EEE7E8
S2140261B89C5900202073002010B5084A034618F0A0
S2140261C8C7F814684FF6FF7203EB40039C42184662
S2140261D803D9018802339142F8D010BD585A0020DC
S2140261E82DE9F047204F05463B88A3B3B0F90230A5
S2140261F8002B30DBDFF87C801C49D8F80000F8F763
S2140262084BFD20B94FF4EA7119481CF098FB00269A
S214026218DFF85CA0DFF860903A88B3B29A4204D8F6
S2140262284FF4EB7150461CF08AFBD9F80030B2B234
S21402623853F83200D8F8001003EBC20468B943F8E2
S2140262483210A38828460133A38018F081F8E38821
S21402625803EB4003E380BDE8F087F8F71DFD01363F
S2140262680028D9D1EDE700BFE862002045C904003E
S2140262784FC90400407300204C5A002038B5094C18
S214026288094D22682B689A4204D94FF48771074849
S2140262981CF055FB28682368C01A20F0010080B25B
S2140262A838BD00BF585A0020605A00204FC9040063
S2140262B838B5124C124D21462846F5F7B7F823682A
S2140262C80BB12B681BB9DE210E481CF038FB2A6876
S2140262D80D4B0E491A60236823F0010313440B6022
S2140262E80B4B1A602AB9BDE83840F82105481CF05D
S2140262F826BBFFF7C3FF6428F5D938BD505A0020DD
S214026308545A00204FC904005C5A0020605A0020E4
S214026318585A002038B5094C094D22682B689A420B
S21402632804D34FF48A7107481CF009FB28682368CF
S214026338C01A20F0010080B238BD00BF5C5A0020A7
S214026348605A00204FC904002DE9F0411D4B04464F
S2140263581B78012B24D100881BF05AFF0546D8B1BA
S2140263680426DFF864802C461CF062FA07462046AC
S214026378FFF736FF638843EA08036380A05B1BF0D7
S21402638847FF044638461CF04EFA1CB1B4F90230F0
S214026398002BE9DA062E01D1BDE8F0810626E2E7EF
S2140263A8022BF9D11CF044FA024620881BF030FF73
S2140263B818B10388C3F30E0323801046BDE8F041E4
S2140263C81CF031BAEA6A00200080FFFF2DE9F04F80
S2140263D80024BA4B97B006461C801CF029FA012303
S2140263E8DFF8EC82B64F3B70B8F80030A8F80040E9
S2140263F8ADF81630B34B1B6801931CF014FAB24B77
S21402640821461A88B14BD2001868F8F7EFF90DF151
S2140264181600FFF799FF002E3CD1DFF8B8924FF02E
S214026428000B0125D9F80040019B9C4239D3BBF1E9
S214026438000F39D1002DF2D0D9F80040DFF898A223
S21402644825462246019B9A4273D302230DF1160073
S2140264583B70FFF779FF002E40F08F80D9F8006076
S2140264683246AA4280F0A28090881BF0D1FE18B16C
S2140264780388C3F30E039380D0881BF0C9FE18B1B5
S2140264880388C3F30E03D3801046FFF795FE024631
S214026498E7E79847E3B256F823300134002BF8D1E1
S2140264A8BBE7BBF1000F3ED00BF1FF335FFA83FB6D
S2140264B816AB03EB8B0252F8402CB2F90200518855
S2140264C80028B1DA4B04AFD4924641F48040931DBB
S2140264D82AF8020F02933AF8020F1BF099FEF0B15F
S2140264E8B0F902E0B0F802C0BEF1000F17DB6FEA9F
S2140264F84C4C6FEA5C4CA0F802C00390FFF770FEA3
S214026508BBF10F0F8FBF002516AB039A03EB8B0068
S2140265189EBF0BF1010340F8402C5FFA83FB029BF7
S2140265289A45D8D180E72046FFF746FE224604461B
S214026538C3E7104617F00CFF8346B2F9020011882B
S21402654800280AEA010108DA20461BF057FE08432B
S21402655881B204EB4B0402EB4B0510461180FFF7A1
S2140265682BFE02466EE798475FFA8AF356F8233000
S2140265780AF1010A002BF6D170E74FF0000AF3E79A
S2140265883046FFF719FE82467EB1B6F902307188A8
S214026598002B0ADA3088C0F30E001BF039FE86425A
S2140265A803462DD1C1F30D0171805646AE42E7D39C
S2140265B8DFF81CA11CF03CF900210646504617F0ED
S2140265C82AFF1BF025FE0546002800F08780304685
S2140265D81CF029F9284617F0BBFE064620461BF093
S2140265E80DFE81467600324629462046F8F750F9CF
S2140265F8002249460DF116001CF0EDFA3444D9E79C
S2140266081BD9304617F0A4FEC1F30D014200718073
S2140266181846314692B2F8F73BF9C6E75046FFF7F6
S214026628CBFDD146854203D9B0F90230002B01DAF8
S214026638824603E0FFF7C0FDF4E7B146554507D9A1
S214026648BAF80000C0F30E001BF0E2FD8245E5D35F
S214026658B9F1000F30D0B9F80000C0F30E001BF0F5
S214026668D7FD034638B93346CB46994513D8B145C4
S2140266789BD0D946ECE7484617F06AFEB9F80220DE
S2140266884946C2F30D02A9F80220420092B2184601
S214026698F8F7FEF8E7E718460193FFF78DFD019B2A
S2140266A89B46854203D9B0F90230002B01DA03462D
S2140266B8DBE7FFF781FDF4E7CB46DAE7EA6200207C
S2140266C8EA6A0020585A0020E86200204C5A002045
S2140266D8EC6200205C5A00200080FFFFBDF81630EE
S2140266E83870A8F80030044B30461C601CF09BF843
S2140266F817B0BDE8F08F00BF585A00202DE9F041C8
S21402670805461BF085FD0F460446D8B11CF04DFA27
S21402671820B940F2FB4120481CF011F928461BF02C
S214026728B1FD05462046FFF747FDBD42064609D09D
S21402673804D840F2035118481CF001F92588ED0BDD
S21402674802D02781BDE8F0816780204617F000FE58
S214026758074604EB40081CF06BF8104B1A68B24266
S2140267680AD1C3F800801CF05EF82A464046BDE807
S214026778F041FF21F8F73AB8A6EB0806B5B21CF0C6
S21402678852F8072DF1D90023083D44F81730C8F807
S2140267980430A8F80250D5E74FC90400585A00201A
S2140267A838B51CF045F800210546044817F033FEB4
S2140267B8044628461CF037F8204638BDEC6200200E
S2140267C8024B1888B0FA80F040097047EC62002045
S2140267D82DE9F74F044600881F461BF019FD884628
S2140267E8154606461CF0E1F920B940F2FE613F481C
S2140267F81CF0A5F83388DB0B009306D033892B44AC
S2140268083381002003B0BDE8F08F20881BF03AFDE4
S21402681882463046FFF7D0FC01901CF009F8DFF8F4
S214026828D0B0019BDBF8002081469A421DD1FFF7C3
S21402683825FDA84204D248461BF0F5FF1A20E1E7D8
S2140268480AEB050373803FB120881BF0FFFC2A463B
S21402685841465044F8F75AF93046FFF7ADFCCBF8F4
S214026868000048461BF0DFFFCBE71BF0DCFF208862
S2140268781BF008FD2844009980B21BF05BFD064613
S2140268880028DBD01BF0E2FC814620881BF0DEFCE9
S214026898824620881BF0F6FC514602464846F8F720
S2140268A835F93046AFB11BF0D1FC074620881BF0FD
S2140268B8E9FC2A4641463844F8F728F90121208897
S2140268C81BF0FCFC0121024630461BF00BFD26801D
S2140268D897E71BF0BBFC804620881BF0D3FC2A46B1
S2140268E839464044F7F782FFE8E700BF4FC904007D
S2140268F8585A0020342101481CF021B863C9040004
S214026908036910B55BB18268064B9A4201D1002032
S21402691810BD44691CF00CF8201AF9D5F7E74FF0B9
S214026928FF30F5E7FD68020082681C4B70B59A4294
S2140269380446056819D11BF07BFF236923B1A342DD
S21402694806D100222A601A61BDE870401BF06BBFB0
S2140269581A4611461269A242FBD12A68A24208BF09
S21402696829600B6100232361EEE7036993B198421D
S2140269786E6803D19D210A481BF0E1FF2B46B442FC
S21402698809D122699D4218BF1A614FF0000308BF59
S2140269986A60236170BD33463669F0E7FD68020017
S2140269A863C904002DE9F047074600254FF0010A9F
S2140269B8154EDFF858808AB0347914B90AB0BDE8A3
S2140269C8F087D6F8009087B900972A46B8F80010DC
S2140269D8234603A81CF096F92246484603A9E9F777
S2140269E899FC2544EDB20836E6E7224603A948464E
S2140269F8E9F764FCCDF800A023462A46B8F800104A
S214026A0803A81CF07FF9ECE7FC2B0500EE620020D9
S214026A180148FFF799BC00BFEE6200209C46174B60
S214026A28F7B5054608461988164611B1144B1C7860
S214026A38CCB1014662463046BDB103B0BDE8F0406F
S214026A48E9F73CBC1C44E4B208373B79002BF0D08B
S214026A583A689642F6D185F00105224600951CF062
S214026A6851F903B0F0BD074FEFE7E9F753FCB0B2B0
S214026A7803B0BDE8F04015F0F3BC00BFEE6200209C
S214026A88E3750020FC2B050010B5074C238843B19C
S214026A980020FFF787FF0020FF22044B20801A7091
S214026AA810BD0220FCE700BFEE620020E37500205E
S214026AB8142810B518D8082805D115F04AFDC401BF
S214026AC8E4B2204610BD0E2802D115F045FDF6E7C1
S214026AD8064B53F82040002CF3D00A282478F0D12D
S214026AE807F0C2FB0443EBE7FF24EAE74C2C050059
S214026AF8014BB3F8680070479C590020004870475D
S214026B08065A0020014B1878704700BF5E6A0020BC
S214026B18014B1878704700BF616A0020014B187055
S214026B28704700BF616A0020204B022810B5204C2F
S214026B38187002D00438012822D82378042B0BD0E8
S214026B4800211C481BF06EFC2378033B012B03D95B
S214026B58002119481BF066FC184B1B689A0022D5C0
S214026B6813F0805F40F6114418BF4FF44164204684
S214026B7816F0A4F8C8B92046BDE8104015F06EBC59
S214026B880C48FFF7D1FE0C48FFF7CEFE17F0BCFE06
S214026B982378033B012B03D816F08AF81624E6E777
S214026BA80DF0BAFFFAE71524E1E710BD656A002082
S214026BB8666A002064730020504C0020E44C0020D3
S214026BC8024B187800F00F00704700BF656A002075
S214026BD8034B187800F00F00831E5842584170473E
S214026BE8656A002008B517F07AFEC0B117F090FE65
S214026BF8A8B10FF01BFD90B90A4817F0C3FB70B195
S214026C08094817F0BFFB50B115F0ABFC38B116F0C7
S214026C1857F820B9BDE80840044817F076BC0020AB
S214026C2808BD00BFF062002024630020645A0020DA
S214026C3830B505460C4693B081B910B9002013B09A
S214026C4830BD1023214A69460120FFF7E7FE9DF86A
S214026C5805305A1E052A28D91720F0E718220021DF
S214026C682046F7F7C3FD002DEBD1FFF7B1FF30B38F
S214026C7815F01FFB6A4601460020FEF791FEBDF896
S214026C880430204623819DF80230A3729DF8003016
S214026C98E37218F002F8002304F11401237304F1D6
S214026CA8100004F0F7FDE081C8E7094A9DF80410D1
S214026CB812789142D0D12B70002CD6D1BEE7054B64
S214026CC81B78033B022BD3D9C6E700BF64EE01004C
S214026CD8B9750020656A002030B593B005460C46A3
S214026CE8FFF776FF20B90C4B1B78033B022B10D814
S214026CF815F0DFFA6A4601462846FEF751FE0020DE
S214026D089DF80230607023709DF80030A37013B0AF
S214026D1830BD1720FBE700BF656A0020054B1878D0
S214026D28012805D000F0FD00A0F131035842584171
S214026D38704700BF656A00202DE9F3410E46002120
S214026D4805461BF042FF0023124FADF806002B80C3
S214026D580DF1060017F016FB044610B102B0BDE8A6
S214026D68F08121460DF1060017F055FB80461BF010
S214026D786DFA438AB34207D99B1B43822246414691
S214026D8828461BF028FFE3E743895B07E0D53B88E4
S214026D98F3E700BF4E75002008B50A48FFF7C4FDA2
S214026DA809484FF47A71FFF7C7FF074817F0EAFA5F
S214026DB830B9BDE808404FF47A7102481BF032BB7E
S214026DC808BD00BF447300205C7500201FB501464D
S214026DD8002201A81BF0F6FB064801A91BF058FF83
S214026DE820B11BF033FA4089C0F3400005B05DF8C5
S214026DF804FB00BF5C75002030B585B00D46002246
S214026E08014601A81BF0DEFB084801A91BF040FF5B
S214026E1850B11BF01BFA0446014608222846F7F72B
S214026E2837FD6089C0F3400005B030BD5C750020B0
S214026E3810B5044C204617F0DCFA6388181A80B29C
S214026E4810BD00BF5C750020F8B50546F8B10021F4
S214026E580F481BF0BAFE0446A8B10D4F20461BF099
S214026E68F5F906461BF09AFB830705D4082229463D
S214026E783046F8F707F838B1214638461BF0C9FEFF
S214026E8804460028EAD10024201E18BF0120F8BDB7
S214026E985C75002010B50C46014606481BF0F8FE45
S214026EA830B11BF0D3F943891C4214BF01200020DD
S214026EB810BD00BF5C7500201FB51446024601A827
S214026EC81BF080FB074801A91BF0E2FE40B134B173
S214026ED81BF0BCF9142201462046F7F7D9FC01201C
S214026EE804B010BD5C7500201FB50146002201A83B
S214026EF81BF068FB094801A91BF0CAFE58B11BF033
S214026F08A5F94389024613F0020004D0507B80F0AC
S214026F180800C0F3C00005B05DF804FB5C750020ED
S214026F280146014817F08BBB5C750020F8B504468D
S214026F380E46142000211BF0FDF90546204617F0E0
S214026F4858FA6388834225D925B33146204617F076
S214026F5876FB08BB28461BF079F907460A22314613
S214026F68F7F796FC082206F10A0107F10A00F7F776
S214026F788FFC0A4B1B887B82238823B94FF47A71CD
S214026F8807481BF04FFA2046002229461BF023FE2C
S214026F980020F8BD1C20FCE72E20FAE74E750020DC
S214026FA84473002010B5044686B0B0B11BF0F6FA5A
S214026FB810F0020011D1CDF80E006168CDF812006B
S214026FC8ADF81600206801AB03C32289044801A95C
S214026FD81A80FFF7ABFF06B010BD2120FBE700BF03
S214026FE85C750020F8B50D4616461F46044648B39B
S214026FF81BF0D4FA30BB2046FFF792FFE0B12146D9
S21402700811481BF045FE1BF021F9438905734673A8
S214027018877343F0020321894381204601F0F2F97F
S214027028FF28044606D001F0F3F818B10022074BF1
S21402703843F82420002004E02046FFF7B3FF002888
S214027048DDD0F8BD2120FCE75C750020204A002030
S214027058F7B59DF824400D4601949DF82040064653
S21402706800941F460DF076FC4FF6FF7188420446E0
S21402707810D0BB0711D4284600F0CCFF20461BF0E0
S21402708805FBFF281FBF084A32F8103023F4804356
S21402709822F81030204603B0F0BD02462946304694
S2140270A817F0D4FAEAE700BFB462002073B50E46BA
S2140270B8014614481BF0ECFD0546D8B11BF0C6F88D
S2140270C843890446334012D09B0736B20BD5002EAE
S2140270D809DAA17B437B0289007B01910121009199
S2140270E82146FFF7B5FF638923EA060363816289AF
S2140270F812B1012002B070BD2946024817F0AAF95B
S214027108F7E700BF5C7500200148FFF71DB900BF0E
S2140271185C7500201FB50C460B4A014601A81BF0F9
S21402712851FA01A8FFF7FCFE60B101A907481BF057
S214027138AFFD1BF08BF8036823604368002063608A
S21402714804B010BD2D20FBE7BA2C05005C750020A4
S21402715813B53E4C12F082FBD4F8FC311020C3F370
S21402716807430193FFF7A4FC000650D50020FFF75B
S2140271789FFC01064BD5019B802B3ED1236A9A07BA
S21402718804D440F61544204602B010BDE3699B07B6
S214027198F7D52F4816F03DFE012016F0A1FF12F093
S2140271A870FB04460028EED100F086F9294817F04D
S2140271B886F900F0F1F9E8F7CBF912F04EFB0AF07F
S2140271C8F1FC0AF043FDF4F78DF9F4F741FAF4F707
S2140271D85BFA04F003FD15F0BEF915F0BFF915F0D9
S2140271E872FD1D480CF00CFC07F092FE15F02AFD05
S2140271F80028C8D015F028FDC5E7019B812BC0D111
S214027208D4F80C315B00BCD5D4F80C31BFE710209B
S214027218FFF74EFC0006BCD40020FFF749FC010627
S214027228B7D5019B802B05D1084B1A6AD207A8D579
S214027238DB69ACE7019B812BA3D1044BD3F80C2165
S214027248002A9EDAD3F80C31A1E700BF0080E00FCF
S214027258690345EC645A0020D56D020010B517F094
S21402726850FB70B301F0B8FB80F00104E4B20020D2
S214027278FEF7F6FA44EA800424B217F030FB10BB95
S2140272880220044316481BF0CEFC44EA4014154874
S2140272981BF0C9FC24B244EA001413481BF0C3FCD2
S2140272A824B244EA801411481BF0BDFC24B244EA16
S2140272B840240F481BF0B7FC24B244EAC02080B230
S2140272C810BD0124D3E70B4817F05CF80028D7D086
S2140272D8094817F057F880F00100C0B24000D0E71E
S2140272E8A473002088740020E84C0020087400204C
S2140272F868740020F06200202463002008B501F0BC
S21402730847F90EF0DFF8FDF7D9FE154817F03AF8F8
S21402731808B906F065F9134817F034F808B907F003
S214027328E1FD03F059FC0CF01DFD0F4817F0F9F8C3
S2140273380E4B1B78043B022B09D80D481BF073FC36
S21402734828B1FFF78BFF102801D109F07DF915F057
S2140273580AF917F089F9BDE808400648FFF736B873
S214027368F062002024630020645A0020666A002027
S21402737888740020C42C0500014B1868704700BFAB
S21402738898590020F8B54FF6FF77104B06461B783B
S2140273980C46033B012B0F8009D830460AF0BAFC8C
S2140273A84FF6FF73984220800ED000200DE00CF0B6
S2140273B823FEB84205462080F7D1304600F002FD8B
S2140273C8A8422080F1D1E8E72D20F8BD666A0020A1
S2140273D84FF6F77370B5984204460D4686B05AD8EB
S2140273E817F043F9A04207D108222C492846F7F796
S2140273F84FFA002006B070BD294EB6F86830A34290
S2140274080AD10022082106F16A0017F0C0F818B956
S214027418082206F16A01E9E7ACB1224B1B78033B66
S214027428012B1AD8002301221946204600930AF097
S2140274381BFBFF2823D1294620460AF0BFFC80F012
S2140274480100C0B2D6E7184B1B689B07E5D428464E
S21402745808F0DCF90028E0D0CBE7204600F06AFF07
S214027468FF2806D129462046FFF754FE0028D9D120
S214027478BFE7294600F080FF0028F3D0B9E702A943
S21402748818F021FB0028D6D1DDF80D302B60DDF888
S21402749811306B60ADE70120ACE700BFEB6A002055
S2140274A89C590020666A0020E44C0020014B1870A4
S2140274B8704700BFB975002010B5054C0822214652
S2140274C80448E8F7FBFE204617F009F910BD00BF8E
S2140274D8EB6A002034B608C000487047EB6A002002
S2140274E8082208B50349F7F7CDFCB0FA80F0400940
S2140274F808BD00BFEB6A0020014B1870704700BF3A
S214027508596A0020074B44F6FF701A7840F6FF7354
S214027518012A18BF1846044B1B780BB140F40040EA
S214027528704700BF666A0020596A0020F7B50D4604
S214027538044616461F460021284601F0F1FF0B4B6B
S214027548002183F859402A463346204600970EF013
S214027558AFFC014630B10222204603B0BDE8F04037
S21402756800F006B8012003B0F0BD00BF9C59002009
S21402757813B513460C461AB1022A0CBF134601234A
S2140275880021044A019100922246FEF7A5FA02B0AB
S21402759810BD00BFEDE9030000B5002093B0FEF76A
S2140275A817FA1E4B18880CF031FA1D4B1D491A782B
S2140275B800200EF0A1FD342200216846F7F716F9DE
S2140275C80B238DF800306FF4803301934FF6FE7369
S2140275D8ADF8103003238DF81D30134B134A089369
S2140275E8134B10680993134B51680D93124B6A4656
S2140275F80E93124B0F93124B1093124B119302AB2E
S21402760803C300210846FEF781FC6A4601210020D2
S214027618FEF77CFC13B05DF804FB00BF467500203D
S214027628CC7500203CD90400497A0200EB6A002097
S21402763889E70300C1B20200F17B0200C1C9020059
S214027648EDE9030011AD0200014B1878704700BF40
S214027658F36A0020014B1888704700BF6075002047
S2140276682DE9F74F814610460E4690461BF045FA1E
S214027678DFF840B105469BF8003033B94A4B1B6821
S2140276881BB94A4B1B68002B7FD015F4406A05F0DD
S21402769840071BD19FBBB5F5804F61D24FF480746B
S2140276A8B9F1400F73D0B9F1800F63D0B9F1100F5A
S2140276B86BD100239BF800003D4AD9B2884264D9B0
S2140276C832F8021B0133A142F7D166E008F1030043
S2140276D81BF013FA4FF6FF73984214BF01240224D4
S2140276E887B1052705F44043B3F5004F44F0080474
S2140276F825D0B5F5804F24D244F4807421E0544650
S2140277080327EFE7B5F5804F4FF00507F4D3BAF530
S214027718406F14BF02200820384440441BF0EDF99D
S214027728019016F0BFFF019B05F4404598420CBF36
S21402773844F0080444F00404B5F5004F01D144F0BF
S2140277488004BAF5006F0FD108EB07001BF0D5F9D5
S214027758054616F08AFFA842A2D144F010049FE715
S214027768544603270220D7E7BAF5406F08BF44F00D
S214027778200495E70C4B1B683BB10022D1B233F8C4
S214027788110033F91110002903DA002008E0074B2C
S214027798F1E7A04202F10102F0D106B134800120DD
S2140277A803B0BDE8F08F00BF745A0020785A002054
S2140277B84E6300203B6B0020034B1A78022A04BF54
S2140277C809221A70704700BFF46A00200C22034B85
S2140277D81A211A700320002202F024B8F46A002044
S2140277E80C2208B5054B1A211A700022104602F020
S2140277F819F80022024B1A6008BD00BFF46A00207E
S214027808805A00200C2270B50D4B05461E781A7059
S21402781830B93046BDE8704000221A2102F002B89C
S214027828084B1C78E1B21A29F3D825FA04F3DB07C9
S21402783803D54422304601F0F5FF0134F2E700BFD3
S214027848F46A0020E57500200C22024B1A7015F027
S21402785830BA00BFF46A0020F0B50C8805460E461A
S2140278688BB0E4B94FF6FF77ADF8247015F034FA0A
S21402787810B902200BB0F0BDCDE90340CDE90544AE
S214027888134A0294B2F85C306032019300923B4687
S2140278984CF60101FF2009AA18F05EFC3080284643
S2140278A817F079F80B4C70B1237863B1013BDBB261
S2140278B82846237017F06FF838B12078B0FA80F0AF
S2140278C84009C0B2D6E70523F2E70120F9E700BF70
S2140278D89C590020E4750020034B11461B6803B12F
S2140278E8184714F079BD00BF805A00200C22024BBC
S2140278F81A700AF0F1BC00BFF46A00200148FEF7CD
S21402790823BD00BFF26200207FB505460C46164628
S2140279181AF06CFF00286BD1062D03D85223EB40D1
S214027928DB071AD4B4F1006F05D3E30E1C3B032B16
S21402793818D94F202EE000222F4B1A602F4B1D70AD
S21402794816F04EFE03460A2D54D8DFE805F02D1829
S2140279583E49182518535341360002F03BFCB4F151
S214027968006FE2D20022244B042D1A60234B1D70AE
S214027978E6D1022001F02EFC16F032FE0346012262
S21402798802921F4A01921F4A00921F4A3146204617
S2140279980EF088FE04B070BD314620461B4A04B07D
S2140279A8BDE870400EF066BE31462046184B194AAE
S2140279B804B0BDE870400EF041BE00220292164A9C
S2140279C80192104A0092154AE0E702220B4B1A70FF
S2140279D800221046124904B0BDE87040FEF742B8CD
S2140279E8002202920F4A0192064A00920E4ACDE7F8
S2140279F84D20CFE70120CDE7805A0020F46A002008
S214027A080D780200497A0200D9E90300F5780200E7
S214027A18E9770200E17802005178020061780200F4
S214027A28C1770200D57702009BE9030008B50EF07D
S214027A3869FE0C22014B00201A7008BDF46A002069
S214027A48F0B585B0ADF8060018B9762164481AF084
S214027A5876FFBDF8060016F065FB0446BDF806007C
S214027A6816F060FB082846D00C2CBDF8060042D15A
S214027A7816F05BFC07461BF040F80DF10F010646B0
S214027A88BDF8060014F050FD002879D0092200211E
S214027A9838461AF01BFB9DF80F301033C518BDF890
S214027AA806001AF0EFFBEDB2854269D22946BDF808
S214027AB806000EF035FF06F44C4416F440660546FA
S214027AC814D0F81C1BF019F84FF6FF73984208BF3B
S214027AD844F04004B6F5006F08D1781D1BF00DF887
S214027AE84FF6FF73984208BF44F010049DF80F3013
S214027AF85BB3072D44D1BDF8060016F009FB044611
S214027B08BDF8060016F00EFB082817D0A30615D5F2
S214027B1824F0200189B2BDF8060016F0E4FABDF892
S214027B28060016F002FC002109221AF0CFFA00F12C
S214027B38100189B20DF1060018F037FC0022BDF8D4
S214027B48061028481BF047F81AE0082D16D8BDB1CB
S214027B58013D072D14D801A353F825F0C17B020076
S214027B68CD7B0200897B02008D7B0200897B0200A6
S214027B78D97B0200FF7A0200DF7B02007C2D24D02C
S214027B8805B0F0BD24F48844A4B2B4F5084FF7D182
S214027B98BDF8060016F0C1FABDF806100BF0D0FFC5
S214027BA80028A8D0BDF8060016F022FB00220146DF
S214027BB802201AF06BFFE3E724F48064A4B2B4F55B
S214027BC8484F97E7B4F54C4F94E7B4F54C4F92D02C
S214027BD84CF6500301E04CF640439C428AE700BF4D
S214027BE871C90400F06200202DE9F7430F4690465B
S214027BF8994606461AF02AFB044630461AF042FB15
S214027C08C5B2083D2C44E178094BA2781970094B95
S214027C1831461A70002043463A46CDF8009012F0D4
S214027C28D2FA003818BF012003B0BDE8F08300BFBF
S214027C38186B0020176B00202DE9F04FDFF8408103
S214027C48DFF8409198F8002099F8003006469A42E4
S214027C5885B004D340F2191142481AF070FE304635
S214027C680DF10F011AF0C6FC20B14FF48E713D4893
S214027C781AF065FE98F800709DF80F403D1B15F047
S214027C88FF0530D04FF0FF3C374B01211B78A1404F
S214027C98184699F800304FF6FF790CFA03FC0023D1
S214027CA8324A01F1FF3E0193C1F1000A9DF8043001
S214027CB8984243D8122004FB00002D4BA0F1120173
S214027CC805EBC5025200194404F101091844F6F7F7
S214027CD8DFFD4FEA89092748A9F104010144AA00F1
S214027CE84844F6F7D5FD224904EBC40201EB4203E9
S214027CF821F81260204A013712784FF6FF71DA73BC
S214027D081A745A7412025A801C4A0D2012781A7172
S214027D1810225A7100229A73C3F80620C3F80A2062
S214027D28144B43F8242088F800701AF0AFFE0EB9F8
S214027D3808F05CFF204605B0BDE8F08F13884B4577
S214027D480AD053680AEA030B03EA0E030B4403EB52
S214027D584B0343EA0C035360019B08320133019339
S214027D68A4E700BF84C90400C67500207C4A002028
S214027D78A4600020204A0020186B0020F56A002024
S214027D885F6A0020C47500202DE9F04107460025E9
S214027D980A4B0B4E93F80080ECB2A04503D8FF249A
S214027DA82046BDE8F08108223846B11DF7F76AF882
S214027DB801350028F4D01236EEE700BF5F6A0020CD
S214027DC8A460002008B5FFF7DFFFFF281DBF00B23A
S214027DD8044B00EBC0004FF6FF7018BF33F81000D4
S214027DE808BD00BFA460002007B50DF107011AF010
S214027DF801FC30B19DF80730034803EBC30300EBE0
S214027E08430003B05DF804FBA46000202DE9F843A4
S214027E18294E044633785D1E2D1A8342EDB204D8E5
S214027E284FF4A17125481AF08AFD0123A3404FF0AA
S214027E38FF305F1E3B4400214FF6FF7E6FEA0308C1
S214027E481F4A92F800C01F4A127890401E4ACBB2C8
S214027E589C4523D8BDB127B204EBC4041B48640072
S214027E6805EBC50204F11201014452002044F6F75C
S214027E780FFDBF001648AA00391D014402F0FC0295
S214027E883844F6F705FD33780022013B33704FF687
S214027E98FF71BDE8F8430E201AF0F8BD1388734543
S214027EA807D0536808EA03093B4003EB5903034328
S214027EB8536008320131CAE75F6A002084C90400A9
S214027EC8C6750020C47500207C4A0020A4600020E5
S214027ED8204A002010B50A4C207858B9094B1B785E
S214027EE81A2B03D9992108481AF029FD0322074BB1
S214027EF81A7010BD0138C0B2FFF788FFECE700BF62
S214027F085F6A0020C475002084C904005B6A0020EA
S214027F182DE9F04705461AF0D1FEFF28044624D17B
S214027F28DFF884901E4B99F800201B789A422BD2D1
S214027F382846BDE8F047FFF77FBE38883B795045AC
S214027F4818D86F2B4FEA131214D85B0710D01237C3
S214027F5808F1010899F800105FFA88F6B142ECD8E1
S214027F680023104ADEB28E4214D32046BDE8F087BC
S214027F78022AECD90DF0E2F90028E8D12946304663
S214027F88BDE8F04716F048BD4FF000084FF6F77AFE
S214027F98044FDFE7107901338F28EFD81232E1E772
S214027FA8C4750020A46000205F6A00204FF6F773AD
S214027FB8984210B514D8FFF7ABFFFF2810D0134C21
S214027FC800B200EBC00004EB400412F055FB104967
S214027FD838B962880B7802EB0313A3EB121363809B
S214027FE810BD227C637C09789A42E273237461741A
S214027FF807D98B4203D213468B4228BF0B461B0275
S214028008EDE78A42F8D31346F9E700BFA4600020DA
S214028018186B00202DE9F04106460F4600240E4D47
S214028028DFF8388098F80030A34201D8BDE8F0811E
S214028038082229463046F6F725FF40B935F8063CA9
S214028048BB4204D02046FFF7E1FE013CE4B201340D
S214028058E4B21235E6E700BFAA6000205F6A002095
S214028068F8B5054608460E46FFF78EFEFF2830D0BE
S2140280781D4B294653F820703046FFF7CBFF28469B
S214028088FFF746FFFF28044625D10CF083F8FF28A1
S2140280980AD1164C207838B114F00EF92378B0FBC2
S2140280A8F3F202FB1300C0B2294616F0B5FC0446EA
S2140280B823B20F4D03EBC30305EB430508223146F3
S2140280C8A81DF6F7E5FB2B79204603F00F032B7164
S2140280D8F8BD0027D3E7074B1B78002B18BF0027ED
S2140280E8014B43F82070E3E7204A0020C4750020BD
S2140280F8A4600020E675002038B50B4B04461B78B2
S2140281080D46834204D840F25A2108481AF017FC52
S214028118074804EBC40400EB44002946BDE838408F
S21402812808220630F6F7B4BBC475002084C90400DA
S214028138A460002070B5044608460E461AF0BEFD36
S214028148FF28054610D02046FFF71EFEFF2807D058
S214028158084B1B7823B9084B53F8202043F82520F0
S21402816821462846FFF7C8FF31462046BDE870403C
S214028178FFF750BFE6750020204A00202DE9F84395
S2140281880024804601272646114DDFF84C9099F8C0
S2140281980030A34210D83E430134E4B21A2C4FEA08
S2140281A8470705F11205F2D14FF0FF30094B1B784D
S2140281B898403043BDE8F8832B884345EBD02846E1
S2140281C816F082FC0328E6D82B796F2BE3D8E3E770
S2140281D8A4600020C47500205F6A002010B5084C11
S2140281E800EBC00004EB400423795B0707D1204666
S2140281F816F06AFC237923F007031843207110BD92
S214028208A4600020014B1878704700BFE77500206D
S214028218014B1878704700BFE675002070B51A48FB
S214028228FEF782FB194B1B78033B012B28D805F077
S214028238A3FB03F057FBBDE870404FF47A5112488F
S2140282481AF0F0B823798F2B4FEA131111D801319F
S214028258204616F069FC062901D8032909D1237994
S214028268002223F007034FF6FF710F2023711AF03E
S2140282780DFC123401353278EBB29A42E2D8D6E7D0
S2140282880025034C034EF6E764730020666A002056
S214028298A46000205F6A00200022084B1878084B6A
S2140282A8D1B2884203F1120300D8704713F80D1CA6
S2140282B8013221F0100103F80D1CF1E75F6A002075
S2140282C8A46000202DE9F04702261227DFF85C900A
S2140282D8DFF85C8099F8004000250CE007FB05F300
S2140282E838F803A00021504616F003FC10B15CB122
S2140282F8013CE4B2013599F80030EAB29342EDD86F
S214028308A34204D14FF6FF7A5046BDE8F08713F031
S214028318D3FF99F80030012EA3EB040390FBF3F287
S21402832802FB1300C4B2EDD00126D5E75F6A00202F
S214028338A460002010B504461AF0C0FCFF2808D135
S21402834820461AF0A3F9FF281FBF024B1B78C01855
S214028358C0B210BDC4750020044B00211A78044B25
S21402836804481B781A449200F6F740BAC4750020EF
S214028378CB750020204A002010B5134B0C461B78FC
S21402838886B0834212D9114900EBC00001EB4001C6
S214028398082220460631F6F77BFA002208212046F4
S2140283A816F0F5F880F00100C0B206E0C01A01A97E
S2140283B8C0B20CF02BFA10B1002006B010BD01AB0B
S2140283C803CB20606160E8E7C4750020A460002043
S2140283D808B5074B024653F820308B4206D91520BB
S2140283E84FF6FF711AF052FB002008BD0120FCE789
S2140283F8204A0020024B013143F82010704700BF84
S214028408204A00202DE9F34781460C4600272A4ECB
S214028418DFF8ACA09AF80030FDB2AB4210D8694635
S214028428204617F085FCC0B3082269464846F6F788
S21402843829FD90B34946204616F01CFEFE2537E075
S21402844806F10608082241464846F6F71BFD90B98B
S2140284584FF6FF739C422BD03388A34228D020467F
S2140284681AF014F9FF2814D14946204602B0BDE88E
S214028478F047FFF7F5BD14B912360137CAE7338855
S214028488A342F9D100220821404616F080F80028B7
S214028498F2D12846FFF7BAFCCCE7494600201AF084
S2140284A8C5F8FF28054603D0044B1B780344DDB203
S2140284B8284602B0BDE8F087A4600020C4750020F4
S2140284C85F6A002008B5FFF7E7FE054B1B78013BFD
S2140284D8012B03D8BDE808400CF084B908BD00BFDC
S2140284E8666A00200F4B1B7883420CD8C01A0E4AC5
S2140284F8C0B232F81030D90411D443F4805322F8AB
S214028508103001207047094B00EBC00003EB400314
S2140285185A79D10603D442F010025A71F1E70020C4
S214028528704700BFC4750020B4620020A460002013
S214028538F0B5134B06461B78FBB100251148DFF849
S2140285484CC090F800E0104807781F44E8B2864509
S21402855801D80020F0BD7C1B94FBF3F003FB10440B
S2140285680CEBC4003CF83440B44204D1002AF1D1E2
S21402857884788C42EED00135E8E71846EAE700BF71
S214028588C6750020D04C00205D6A00207C4A002078
S21402859870B511F054F914250F49104E0B7832882D
S2140285A830809B1A03449BB2B3FBF5F405FB1433E5
S2140285B80B700B49E2B20B78934292BF00239B1AC8
S2140285C8DBB2032A0B7088BF002306499EBFD2007F
S2140285D80B68D3400B6070BDF86A0020F462002076
S2140285E85C6A0020D04C0020084B1868084BC2B2C0
S2140285F81B789A4208D2074BC0F307201B7898428A
S21402860834BF00200120704701207047D04C00205C
S214028618C6750020F76A0020F8B505461746FFF724
S214028628E3FF064610B9184B1A783AB921200122F8
S2140286384FF6FF711AF02AFA0020F8BD1348DFF841
S21402864854C003780133B3FBF2F402FB143303700D
S2140286580F48DCF8002000EBC30420F8335002F180
S2140286680132A1703846CCF80020FFF787FDE67085
S214028678606015F0FAFFA84201D10120DDE7E37831
S2140286880133E370F9E700BFC67500205D6A002073
S2140286987C4A0020D04C002010B50B4C0B4A23789D
S2140286A8063B137011F0CBF80022094BFF21188005
S2140286B8084B09481A602278D200F6F797F804227F
S2140286C8064B1A7010BD00BFC6750020F76A002058
S2140286D8F4620020D04C00207C4A00205C6A00200D
S2140286E848B139B1044B1B780B70044B1B780370E6
S2140286F80120704708467047F66A0020E875002091
S2140287082DE9F84307461AF013F905461A481AF0EF
S2140287188AFA1A4B48B31C683C1B2C44A4B20022A3
S214028728174BDFF864901B78164D99F8006005EB36
S21402873803155FFA82F8464509D9AB8805F1100099
S214028748A34215D9B21A29461201F6F7A1F801363C
S21402875889F80060AC80B8F1000F03D139460648A4
S21402876819F060FE2846BDE8F8833C461D60D6E749
S21402877805460132DDE700BF84730020845A0020D4
S214028788FA6A002020490020FB6A00202DE9F74FEC
S2140287981AF0CEF84FF0000E284D294F2978294CAA
S2140287A897F800A004EB011303EB0A120092F346B3
S2140287B85246DFF898801FFA80FC0646B8F8000092
S2140287C8ACEB0009A0EB0C001FFA89F9019000989F
S2140287D8984217D1BEF1000F00D02970524503D235
S2140287E800203A70FDF7E6F83B7823B32B78164854
S2140287F804EB0314A188C8F8006003B0BDE8F04F84
S21402880819F010BEB3F804C0CC450FD84FF0010ECD
S21402881893F802C001310CF1FF3C013AA3F804B008
S21402882883F802C0C9B2D2B21033D0E701988444A2
S214028838A3F804C0F8E703B0BDE8F08FFA6A002090
S214028848FB6A00202049002084730020845A0020F6
S2140288587FB56C461E4B1F4D1E78013EF6B21E7043
S21402886895E80F0084E80F001B4B28461A7805F196
S214028878100132441201F6F70BF89DF8026016F062
S2140288880F0511D1BDF808000EF0C4F9360918BF55
S21402889829464FF00002BDF8000008BF039904B04D
S2140288A8BDE8704003F0F4BCBDF80400FFF728FFEB
S2140288B80346828804ADADF80420224603CAAA42BB
S2140288C818605960144603F10803F6D104B070BD67
S2140288D8FA6A002020490020FB6A0020F8B5002426
S2140288E8084D094F094E3B783178E2B20B449A425A
S2140288F804F1010400DBF8BD2846FDF725FD103516
S214028908F1E700BF20490020FB6A0020FA6A00202F
S21402891870B5134B06460D46104612491A78124B86
S21402892809781B780B44934206DB1F204FF6FF712B
S2140289381AF0ACF8002070BDFFF7E2FE013506809B
S2140289488570044619F0EFFFE0800EF069F940F6EC
S21402895802432081E3600020FDF72CF80120EAE7B5
S214028968C3750020FB6A0020FA6A00202DE9F84346
S21402897886460023144FDFF85C803E7898F800504D
S21402898812497219DCB294421CDA4FEA041C31F816
S2140289980C900133F14501EB0410F3D1631CD21A93
S2140289A80CF1100C12016144F5F772FFA5428BBF59
S2140289B805F1FF3506F1FF3688F800503E700CB90F
S2140289C8034B1C70BDE8F883FB6A00202049002090
S2140289D8F96A0020FA6A0020044B054A1B781278C6
S2140289E8D3420CBF01200020704700BFFA6A00205D
S2140289F8FB6A0020024B1878003818BF012070471F
S214028A08FA6A0020002108B5084B09481970094B74
S214028A181970094B1970094B1A781201F5F7E6FE18
S214028A28BDE808400648FDF77FBF00BFFB6A002086
S214028A3820490020FA6A0020F96A0020C37500203F
S214028A488473002010B50B4C23784BB10A4803F008
S214028A58ABFD58B1084B0121188815F048FF08B934
S214028A68002010BD0122054B1A70FAE7FFF7F0FE48
S214028A78EAE700BFFA6A002020490020F96A0020C7
S214028A8810B50E4B1B78BBB10D4C238883424FF0B2
S214028A98000311D10B4AE160137049B9A378103369
S214028AA8A37016F01AFA18B9A37823F00F03A37066
S214028AB8FFF7CEFE012010BD1846FCE7FA6A002032
S214028AC820490020F96A002070B592B00C46064686
S214028AD813F0EFFBE17A05460020FCF72DFC28B3DD
S214028AE894F90A0015F061FD10BB134BE27A294689
S214028AF883F85820A27A83F85A206A46FCF750FF71
S214028B084FF6FE739E420CBF4FF6FF7323896A46E2
S214028B1829460020ADF80660ADF80430FDF7F6F9F0
S214028B2840B92289054B5A8012B070BD5520FBE722
S214028B385620F9E72120F7E79C590020885A00209A
S214028B4810B50446014608220948F5F7A1FE237B1C
S214028B58022B0AD8002B14BF3122012205490B70BA
S214028B6817234B61044B1A7010BD00230122F5E748
S214028B788C5A0020885A0020656A00200146102375
S214028B880120014AFDF74ABF64EE0100014B586115
S214028B98704700BF885A0020014B1878704700BFFC
S214028BA8885A002010B5054C2378112B03D0E221F1
S214028BB8034819F0C4FE4123237010BD656A0020DD
S214028BC88FC90400064B01461B78042B04D1054ABC
S214028BD8137E053313767047034819F023BC00BF8B
S214028BE8666A0020885A0020A473002008B5064842
S214028BF8FDF7AAFB0548FDF7A7FB13F0A1FCBDE8A5
S214028C08084001F003BB00BFF06200202463002086
S214028C18064B1878332806D000F0EF00A0F143037D
S214028C285842584170470120704700BF656A0020C5
S214028C38002208B5074B4FF6FE701A7015F021FD94
S214028C484FF6FF7015F03AFD034B5869BDE8084029
S214028C5813F004BC656A0020885A002008B5064B43
S214028C68187838B10548FDF74BFE4FF47A73B0FB17
S214028C78F3F0C0B208BD00BF5A6A0020904C00202C
S214028C882DE9F0438BB00746154698460E469DF8E2
S214028C98489049B9104605AC19F0F8FC21460BF085
S214028CA8B5FD172818BF2646B9F1000F0AD1124B90
S214028CB81B781BB9284617F060F8D0B92846FEF785
S214028CC813F902E0284617F058F880F00104E4B2D7
S214028CD89DF850302A4602939DF84C303146CDE92D
S214028CE8009338464346039415F05FFF0BB0BDE881
S214028CF8F0834C46ECE700BF616A00202DE9F04F8E
S214028D0897B099469DF88830BDF880B0219D0893A3
S214028D189DF88C300E4658460FA90492079317F012
S214028D28A6FC05B3002800F0208195F801A00FAC38
S214028D38CAF3400A8E4B19F0800F1B7814BF4F46B1
S214028D4849F08007022B17D04FF6FF78002D40F027
S214028D5887810225584615F0E0F92B4642462146F9
S214028D6815F0FCFCBCE0584615F058FA04460028F4
S214028D7800F0FB80AA46DDE71EB97E4B1B78002B67
S214028D88E2D00DF13A012046FEF7FCFA584615F0F5
S214028D9858FA012838BF0120C3B2059395B3281D97
S214028DA819F0ABFE804609F002032046069315F03A
S214028DB837FC214609908146002019F037FC069AAE
S214028DC8099B12BBFF2820D1F2F75CFB6A4A12788D
S214028DD8824200F032814FF6FF72099B934214D109
S214028DE8FEF726F8002800F028814FF6F773984514
S214028DF823D916F00FF911A98146FEF7E9FA0028D9
S214028E08F7D02EE0BDF83A80CDE74FF6F7729045D8
S214028E1820D8934211D898450FD0194622460AA858
S214028E2819F0D0FB0A980B9913AB03C3BDF8302090
S214028E38022113A81A80FEF739F9404611A9FEF74F
S214028E48C7FA024628B9082111A815F0A0FB00287F
S214028E5866D0C1464FF6F67209F1FF339BB29342CB
S214028E68C7D8BAF1000F03D1444B1B78002B60D148
S214028E78584615F052F9059B4A46019301232146A6
S214028E8800933B46FEF7E4F84FF6FF739842804697
S214028E9800F0D380014600220AA819F093FB0A982C
S214028EA80B9913AB03C3BDF83020022113A81A800E
S214028EB8FEF7FCF8002D3FF44DAF002E40F0D280AE
S214028EC845460123C7F3C0074246CDE9016321465A
S214028ED82B4604980397CDF800A015F066FEA84620
S214028EE8BAF1000F0FD04FF6FF7398450BD04046E5
S214028EF819F0CCFBFF281FBF214A32F8103023F4A2
S214028F08804322F81030089B7BB315F0AEFB249BF7
S214028F18014600934246234607980CF0EDFC24E0EF
S214028F280822204611A9F5F7ADFF00287FF461AFA5
S214028F388FE7002D64D0134B1B68980727D5049B30
S214028F480F2B21D0281D19F0D8FD02230121CDE9C7
S214028F5801310023C7F3C0070246009321464FF6A5
S214028F68FF730498039715F020FE17B0BDE8F08F3C
S214028F78656A00205A6A00205E6A0020616A00203C
S214028F88B4620020E44C0020079B012BDAD1281D8E
S214028F9819F0B3FD804619F079FB0990404619F09E
S214028FA88DFE4FF6FF71BDF83A208A4256D04245EA
S214028FB8099B53D1FF2B4AD0184616F0F4FE784088
S214028FC810F0EF0F14BF01230023BDF83A000993EF
S214028FD819F05CFB0690BDF83A0019F06FFE099B83
S214028FE866B14FF6FF7CBDF83A10614506D041459A
S214028FF804D0069A0240D2B2FF2AA3D1002BA1D1EE
S214029008224649460AA819F0DDFA0A980B9913ABC4
S21402901803C3BDF8302058461A8015F07EF83A4643
S2140290280146059B13A8FDF7DDFF30B94FF6FF731F
S214029038BDF8548098457FF43DAF4FF6FF789DB152
S2140290480126281D19F059FD4546804639E7FF28AE
S21402905804D0069BB3FA83F35B09B6E70023B4E7AA
S2140290680226EEE70026ECE7012573E60022014B0E
S2140290781A767047885A002008B50B4B1B78022BC5
S21402908810D10A4B1B78033B012B0BD9084B1878D7
S21402909800F00100FEF730FA0023064AC2E901335F
S2140290A8538008BD0020F3E7656A0020666A002040
S2140290B85A6A0020885A002038B5174D2B78033B89
S2140290C8012B1CD8154BB3F868204FF6FF739A424B
S2140290D815D10320FDF728FD02F0CEFBFFF7CCFFE3
S2140290E82B78033B012B01D909F0FCF8002018F075
S2140290F8A3FF78B1BDE83840002015F024B9FDF783
S214029108FDFC0446FDF7F4FC0146204608F05EFB2B
S2140291180220DFE738BD00BF666A00209C5900209F
S21402912808B5114A114B58611378032B1BD0D3B1DB
S214029138332B01D0432B10D10D4B1B78033B012B4D
S21402914805D803231370BDE8084013F087B913F057
S21402915885F9BDE80840FFF7AFBF21231370BDE8C5
S214029168084002F09DB908BD656A0020885A0020AA
S214029178666A002038B504461348FDF7D5FB134B3C
S2140291881B78013B012B1DD8114D5CB92B7823B1F6
S21402919840F619402C7013F061F90024FFF76CFFB3
S2140291A8204638BDFF2C05D04FF47A710648614335
S2140291B819F038F92B78002BEFD1012340F6184026
S2140291C82B70E8E70224E9E7904C0020666A002044
S2140291D85A6A002038B5114D04462B78834218BFC8
S2140291E8287013F071FD80B124B9204613F06EFD85
S2140291F802220DE0012013F069FD2B781A1F012ABE
S21402920805D9062BF4D1032202E0002CF5D101225F
S214029218BDE838400021084615F0EDBB666A002016
S21402922830B5044685B068460D46FFF7A7FC94B1EC
S21402923800212846144A02F043FB144B20681B7888
S21402924861688DF80430124B1B788DF8053002AB36
S21402925803C306F0B1FA0F4B93F8582093F85A3026
S2140292688DF803208DF8023015F01CFAADF80000D0
S21402927815F0FBF91023ADF8060069460020064AE9
S214029288FDF7CCFB05B030BD00F8FF07B975002026
S214029298666A00209C59002064EE010010B5144B43
S2140292A804461A78134B002083F8582018F0C4FE98
S2140292B810B1002015F047F800210846FFF7B0FF66
S2140292C80D4B1B78033B012B0ED813F0F1FC2046FE
S2140292D8FCF754FE40F6174013F0C0F80023074A7E
S2140292E81380074A138010BD0BF016FCEFE700BF89
S2140292F8FC6A00209C590020666A0020CA62002088
S214029308C86200201FB504466846FFF737FC54B10A
S21402931800238DF80530102369460020064AFDF71B
S2140293287DFB04B010BD15F0A0F9ADF8060015F0E7
S214029338B9F9ADF80000EEE764EE010010B5014693
S21402934804460020FBF7F8FF90B10C4B1B78023B53
S214029358032B0FD80A4B1C7019F048FA60B9094A51
S2140293680949FCF77FFB003818BF0120800010BDB2
S2140293785520FCE70220FAE74D20F8E7656A002048
S214029388FC6A002069CA0200A5920200F8B50646E1
S21402939819F02CFA044668B918F04EFE50B1064D7C
S2140293A8204695F8587085F8586014F0CCFF10B12E
S2140293B885F858704D20F8BD9C5900202DE9F041DB
S2140293C880461846033B012B0E46174602D918B1AB
S2140293D821243CE0FFF7FEFE294B1B78012B4CD0DC
S2140293E8284B1D78022D08D0032D46D1B8F1000F60
S2140293F803D1254B1B689B073FD43320FDF794FB0C
S21402940801F0E8FCB6F1006F34BF204B0522314666
S2140294184FF0060038BF1A78FEF776FA044628BBDD
S2140294281B4D2873012000F029FF15F03BF96880D0
S2140294382846B8F1000F0DD0022300F8043B15F0B9
S2140294482CFC6C732F613946304612F041FF2046D9
S214029458BDE8F081012300F8043B15F01EFC6C738E
S2140294682F613946304612F032FFF0E72846FDF7FC
S2140294785BFBB8F1000FF4D0E5E70224E7E700BF8C
S214029488666A0020656A0020E44C0020E975002020
S214029498885A0020034B187818B9034B034A1B78DE
S2140294A8D05C7047646A0020666A0020B72D050003
S2140294B838B5174B04461B78033B012B06D8437B6B
S2140294C8DB0703D590F9090013F0F1FB0025114BD1
S2140294D883F859502079FFF759FFFFF7DBFF6188B9
S2140294E82488034622462846FEF720F8044620B17A
S2140294F81720FFF715FE204638BD1723064DC8214C
S21402950806486B6118F08EFF03232B76F3E700BF3D
S214029518666A00209C590020885A0020A4730020FE
S214029528F0B51A4D06460C4693B0A5F8680005F144
S2140295386A0729BBC5F86A10796012F0BAFE6A464D
S21402954801460020FCF72CFAD5F86A30ADF8106010
S214029558CDF812307B68CDF8163012F0AAFE6A46AD
S21402956801460020FCF7D2FC4FF6FF73B5F86800F8
S214029578984203D014B1064912F0ADFE13B0F0BDFE
S21402958808223846F5F784F9D7E700BF9C59002029
S214029598065A00202DE9F041DFF8B8801F4698F8F1
S2140295A8003005460C4616461BB102252846BDE87D
S2140295B8F081531E052BF8D819F018F90028F4D1B3
S2140295C83B7B032B14D14FF6FE739C4212D1012E1D
S2140295D809D0022EE9D115F048F84FF6FB739842E7
S2140295E803D815F042F8044604E015F013FDFAE72E
S2140295F8012EDAD0EDB939462046FFF765FA054658
S2140296080028D3D198F80030332B03D0532B1CBF35
S2140296180E4B18613046FFF7DDFD00214FF6FF704E
S214029628FFF77EFF0A4B1B78002BBFD00BF048FAD9
S214029638BCE7397B721ECB1E5942594150425041F3
S21402964807F054F905460028D5D0AFE7885A002017
S214029658EA750020656A00202DE9F8430546884623
S214029668914615F002F83F4E04463378033B012B29
S21402967806D86B7BDB0703D595F9090013F017FBB1
S21402968814F0F3FF384B394F188015F00BF8384BA7
S2140296981880FDF72DFA374B1880FDF72FFA0822A7
S2140296A801463548F5F7F4F814F0A8FF334B18705E
S2140296B82879FFF76BFE00216888FFF731FFFDF770
S2140296C82DFB60B14FF6F672631E9BB2934206D923
S2140296D815F0A0FCB7F8683004468342F8D0204656
S2140296E814F0CFFF288814F0E9FF4946B7F8680057
S2140296F8C047044628B91920FFF712FD1920BDE80D
S214029708F883B7F8681014F047FD00231C4D87F855
S21402971859302B7803F0FB03022B02D0204615F0B3
S21402972834FA002220461146FFF7F2F80446A8B19A
S21402973817236B613378042B09D1C821114818F016
S21402974871FE03232B7684F00100C0B2D7E74FF4EC
S21402975816710C4818F066FE0023F3E71720FFF789
S214029768DFFCF0E7666A0020FA6200209C590020B7
S214029778F8620020F6620020FD6A0020056B0020D1
S214029788885A0020A4730020F0B50C461E460B46E5
S2140297982049074689B004F1140053F8045B834253
S2140297A841F8045BF9D11B8802AD0B80D4F80E0091
S2140297B8D4F81210238803C5ADF8103023798DF833
S2140297C812208DF8133000233A468DF814304FF6DF
S2140297D8FE71012002ABFFF7DDFEC8B902A8FFF74B
S2140297E8AFF9237B4BB10C4D0C4B01AA294601203D
S2140297F8019313F038FA2A781AB92046FFF758FE6A
S21402980803E020460199FFF727FF08B9044B1E70AC
S21402981809B0F0BDFC620020885A0020B9EC0300AB
S214029828066B002001232DE9F341304E05460F460C
S21402983800202F491446737300F0EEFC13F039FA31
S214029848DFF8AC8038B9012D01D9042D0FD1214695
S214029858384612F0C7FD102000210AF07FFC0028C7
S2140298683CD0002002B0BDE8F041FCF7A3B8002CBB
S214029878F1D1204B1B78212B03D0062B01D0532B7A
S21402988802D101F00DFEE6E7FDF748FA0028E2D01D
S21402989800F0EEFC28B9307BC0F11800FFF740FC58
S2140298A8D9E7154B41462046019300F0B5FC20B196
S2140298B840F61901114819F042F801AA0B4998F81E
S2140298C80C0013F0D0F932781AB90948FFF7F0FD00
S2140298D8C1E701990648FFF7BFFEBCE7FFF78AF81B
S2140298E80028BED102B0BDE8F08100BF885A002029
S2140298F8FC620020656A0020B9EC03008FC90400E8
S2140299081FB5144B04461B88DB0707D44FF6FF70B7
S2140299180021FFF705FE002004B010BD0A230E4AF8
S214029928012001A9FDF77AF84FF6FF73BDF80C205F
S2140299389A42EBD00822FF2101A814F028FE00283C
S214029948E4D10CB90120E7E7BDF80C0001A9FFF73E
S214029958E7FDF7E71463002026E1010038B50C4658
S214029968154614F08EFE03F0AFFE29462046FFF792
S214029978D7FD00F07DFC48B1074BDB790E2B28BFDC
S2140299880E230133DBB2054A137038BD044B1B782D
S214029998013B18BF0123F6E7FC6200201C6B00207F
S2140299A8666A002038B500220821044614F0EFFD46
S2140299B80546C8B914F059FE2A464FF6FF71FFF756
S2140299C8CDFF2046217CFFF72BFC6269E189207CCB
S2140299D801F076FF054B1B78012B01D107F0F6F84C
S2140299E8FFF76AFB002038BD0120FCE7666A002004
S2140299F838B51D46FFF7CEFD0446C8B92B7B284668
S214029A08032B03D1BDE83840FFF7CCBFFFF798F821
S214029A18084B25469C8114F0F1FD0121064B814036
S214029A281A780620FDF770FF044608B1034B1D702E
S214029A38204638BD885A0020E9750020656A00204D
S214029A4830B5012087B0FFF75BFF6B460446144A21
S214029A581068516803C384B905F0BCFE02A8FFF774
S214029A688DF84FF6FF752246BDF80E002946FFF719
S214029A7875FF12F036FC07B030BD6B46094AD2F8BD
S214029A886A00D2F86E10B2F8685003C305F0A2FE58
S214029A9802A8FFF773F86A46BDF80E00E6E700BFAD
S214029AA8F75204009C59002073B53A4B04461B78BB
S214029AB81BB10224204602B070BD18F097FE00289B
S214029AC8F7D100F0E5FB14B12288334B1A80002147
S214029AD80DF10700FDF7ACF8002856D115F0CEF8C0
S214029AE804460028E6D12D4D9DF80700FFF772FBC5
S214029AF82B785A1E012A1FD8FFF7A2FF2B78033BA2
S214029B08012B01D801F014F9FFF7D6FA012014F058
S214029B183CFD034600283AD12A78033A012AC9D8D6
S214029B281D4A108810F0020521D0052201201C4982
S214029B38FFF744FC0446BDE7033B012B04D8204646
S214029B48FFF7DEFE0028D7D12B78053B012BB1D8CC
S214029B58FFF776FFFFF7B0FA2B78052B0CBF042029
S214029B680520FCF7E1FF012014F00FFDE2E70D4E99
S214029B780223314601200C4AFCF750FF33885B0764
S214029B8898D5284601F0E8F894E7172492E70446A1
S214029B9890E700BF656A002014630020666A00200A
S214029BA800F8FF07C662002027E101007FB50024FF
S214029BB8184E194D3278E3B29A4201D804B070BDF5
S214029BC84FF6FF73B5F868209A421AD0134B1B88D3
S214029BD8DB0714D5124AB5F8683010685168ADF834
S214029BE80C3001AB03C30F4A0A23002001A9FCF775
S214029BF815FF022300200C4A0C49FCF70FFF01341C
S214029C08D8E700220821064814F0C1FC0028F6D13D
S214029C18DCE700BFC57500209C59002014630020AD
S214029C28065A002026E1010027E10100C66200204C
S214029C3810B501F0CFF802F013F8D8B10E48FCF7C9
S214029C4873FE0E480E4C017A0E30FFF7E9FA2378B7
S214029C581BB100F0BFFA002323700022094B1A73C7
S214029C68FFF72AFA08F056FD01F044F9BDE810405D
S214029C78FFF79CBF10BD00BFA4730020FC62002043
S214029C88066B0020885A002010B52548FCF74CFEC3
S214029C9801F0E6FF30B1234B1B781BB9BDE8104034
S214029CA8FFF7C6BF01F0DCFF78B11F4C237E83B1F5
S214029CB8C8211B4818F0B6FB0021237E0846013B44
S214029CC82376BDE81040FBF7E3BEFDF727F8002829
S214029CD8EBD1FDF723F8154B1B7858B9112B03D097
S214029CE803F0FD03412B19D1BDE810400E4B58690D
S214029CF8FFF716BA332BF7D10D4B188814F0C1FCB0
S214029D080C4B188814F0DAFC0B4B0C491888FFF732
S214029D1807FC0B4B1878FFF739FBE5E710BD00BFC9
S214029D28A4730020616A0020885A0020656A002011
S214029D38FA620020F8620020F6620020FD6A00201F
S214029D48056B00202DE9F04F0F4685B002AD04469C
S214029D5829463846914616F08AFC4FF0000B824692
S214029D683846CDF804B014F0E0FA4678022C80465D
S214029D7806F0020609D85CB1FCF7D0FF04460028B4
S214029D8848D1754B01241B7865E0043C022C3AD96D
S214029D98FCF7C4FF384614F041FA00240546A046EC
S214029DA8DFF8D8A1384614F0C0FA50F809300DF199
S214029DB80500019318F0A1FE9DF807B00746B8F112
S214029DC8000F4DD1BBF1000F5BD0DFF88C9199F8EC
S214029DD800300BB1002E63D0002C61D05F4B1B788D
S214029DE8022B5DD1BBF1000F53D1384614F049FC63
S214029DF858465946FFF714FA08F08CFC40F6074016
S214029E0812F02CFB34E014F008FFFCF787FF044638
S214029E18F8B15C464EB1524B1B78012B02D0043B7C
S214029E28012B0BD805B0BDE8F08F4B4B1B782BB136
S214029E384B4B1B7803F0FB03022BF3D0BAF1000F4F
S214029E48404608BF002516F005FC4FF0010882467A
S214029E58A8E7414B1B78002BF0D0002EEED1E1E7A5
S214029E68BAF1000FAED05046FDF73AFB0028A9D14A
S214029E78002018F0E1F80028D4D0002014F063FA85
S214029E88D0E74FF6F7739F429FD91720FFF748F996
S214029E98EEE7FCF743FF48B13248FCF745FDF4E726
S214029EA8FCF73CFF10B1BBF1000FF5D1FCF736FF0B
S214029EB80028DDD02846FDF767FFFF28DFF89CA0BC
S214029EC8294C03D09AF80030012B04D12946B4F85D
S214029ED86800FEF7C5F8FEF781F92A463846B4F850
S214029EE86810FFF73BFD214B214A93F906301B0207
S214029EF813809AF80030012B19D0312B14BF432354
S214029F0811238AF800301B4B1648196818F08AFA8B
S214029F1800F00EFF0023124C99F80010237641B980
S214029F28104818F07FFA40F61B436361A0E7112336
S214029F38E7E7B8F1000F03D016B1FFF779FEF2E7AC
S214029F480D4B1B78042BEED10521064818F06AFA49
S214029F5809232376E7E700BF616A0020656A0020C6
S214029F68885A0020A47300209C590020FC62002016
S214029F7812630020C4730020666A0020EB6A002081
S214029F882DE9F043084693B00E4614F0CEF909229E
S214029F980021804618F09AF80446304614F03EF936
S214029FA8052207460DF1090330460AA912F0B0FA4F
S214029FB8022881461DD09DF8093031461C440023EC
S214029FC8E4B204F1100218F8045001200093D2B249
S214029FD810F0F9F868B1072D09D855B1013D062DDC
S214029FE807D8DFE805F00918068A062541007C2D01
S214029FF845D013B0BDE8F0835B4B1B78013B012BC1
S21402A008F7D8304614F089F80023324619460094E9
S21402A01814F007FEEDE7554B1B78012BE9D1544B9C
S21402A02818780028E5D122463146FFF78BFEE0E78E
S21402A0384D4B1B78013B012BDBD8384609F0DCFF79
S21402A0484FF6FF739842044606D0304614F065F879
S21402A0582246394614F071FB444B1B78022BC8D1B2
S21402A068384612F0BDF9C4E73F4B1B78013B012B7B
S21402A078BFD8494630460AAA00F01EF9B9E73A4B55
S21402A0881B78013B012BB4D8A04498F8012098F815
S21402A0980230652AADD16D2BABD1304618F0F2F8F6
S21402A0A81334E4B28442A4D20822394603A8F4F749
S21402A0B8EFFB214630460DF10A0216F01BFA00287D
S21402A0C897D1BDF80A30002B93D005A809F0B0FA4C
S21402A0D80123284DBDF80A002B7018F0D3F8044661
S21402A0E8BDF80A0018F0B2F8E2B2034605A903A8BA
S21402A0F812F010F900232B707BE71B4B1B78013BF1
S21402A108012B3FF676AF06220021404617F0DEFF07
S21402A118404418F0F2FC0746FCF758FE04460028AE
S21402A1287FF467AF304613F0F3FFC3047FF561AFE1
S21402A13846F204030121ADF8143038460223CDE96D
S21402A148004405AA16F025FA054600283FF451AF42
S21402A158394614F021F8304613F0DFFF2246294626
S21402A168FDF706FA45E700BF666A0020656A002022
S21402A178885A0020376B002008B5084B187050B173
S21402A188074B1B883BB14FF47A710648594318F0BF
S21402A19849F9002008BD0120FCE700BF586A0020E4
S21402A1A862750020904B0020014B1878704700BF5C
S21402A1B8586A0020014B18800020704762750020FC
S21402A1C808B5FCF7B1FB0022014B1A7008BD00BFA8
S21402A1D8586A002010B50024044B05481C80054B1D
S21402A1E81C70FCF7A1FB204610BD00BF16630020BA
S21402A1F8C8730020106B002008B50348FCF794FBD0
S21402A208BDE80840FFF7E6BFC87300200148FCF720
S21402A2189BB800BF16630020F7B5134B04461B789D
S21402A2280E46EBB183421DD90021104818F0CDFC2A
S21402A238002501460D4F09B9012009E0AC4209D1B3
S21402A2480024162322463046009418F05BFD20466A
S21402A25803B0F0BD384618F0DCFC01350146EAE7E3
S21402A2681820F5E72720F3E7106B00201663002076
S21402A278014B1878704700BF106B002025289DBF39
S21402A288024B187000202120704700BFEC75002092
S21402A298012307B51846064A0DF10701FCF7BEFB6F
S21402A2A89DF80720034B1A7003B05DF804FB00BF45
S21402A2B829E1010064750020F8B507460E461446E3
S21402A2C813F0ACFF1A4B05461B78022B2FD1194800
S21402A2D818F0A9FC58BB284612F037F938B32246BC
S21402A2E83146384612F02DF908B311F0E5FF044658
S21402A2F8384613F012FF104B012E1A784FF00F0350
S21402A30803FA02F39BB2B4FBF3F203FB124404F122
S21402A3180104A1B206D1094B094A1E702B681360C4
S21402A3286B6853600348BDE8F84018F07BB8F8BD80
S21402A338656A0020B04C0020EB7500200F6B0020E9
S21402A348076B002084B010B502AC84E80F00082220
S21402A35827480DF11601089CF4F794FD08BB9DF8F2
S21402A36815309A0705D4234B1B7803F0FD03312BCF
S21402A3781DD121496378097803F00F028A4203D077
S21402A388012922D1022A12D1227882B91B09022B6C
S21402A3980DD11A4BA0781B78022B1AD1C0F3800075
S21402A3A806E000220821124814F0F1F820B900202D
S21402A3B8BDE8104004B07047114BBDF808205B8812
S21402A3C89A42CCD0002BCAD0F1E70229EFD1012A53
S21402A3D8D9E7030609D40B4BB3F86820BDF80A3050
S21402A3E89A42E4D1FEF714FCE2E70120E0E700BF58
S21402A3F88C5A0020656A0020B9750020666A00201B
S21402A408885A00209C590020284BF0B55D88002306
S21402A41887B08DF80830264B0DF10B001B7805F037
S21402A428010743F020038DF8093014F036FC6FF06C
S21402A4387F43ADF813308DF8153014F0ACFC1D4B85
S21402A4488DF816001B7805F01006DB00DCB2F1F773
S21402A45819F8194B1B7883422CBF44F0040344F0C6
S21402A46884032FB1A9061ED426B143F0020301E0E5
S21402A478AA07F9D4002108468DF80A3017F05AFFC1
S21402A488ADF8060058B101230F2202A90DF1060005
S21402A498FCF79EF918B90DF1060012F0E1FBBDF8BB
S21402A4A8060007B0F0BD43F00103DDE7647500203F
S21402A4B8B97500201C6B00205E6A002010B5FCF7F8
S21402A4C833FA0A4B1B78022B0CD1094B1B78033B39
S21402A4D8012B07D9074C207828B1002012F038F84B
S21402A4E80023237010BD14F0FBF8F9E7656A002014
S21402A4F8666A00200F6B002084B02DE9F0478EB004
S21402A50816AC84E80F00DFF878C1594BBCF8020095
S21402A5189DF85DA010F001049DF96220BDF870E078
S21402A5289DF875909DF976709DF878509DF97A1089
S21402A5389DF95E809DF860601B7835D09DF87D0099
S21402A548C0F34004C0F38000002B4AD0494B1B7866
S21402A558022B09D18A4244DB24D1A81BC0B2802828
S21402A5688CBF0020012016E0434B1B78012B01D13B
S21402A578002C7AD078B19CF800301E335BB29F422A
S21402A588D4BF002701279845D4BF00230123BB4226
S21402A59806D18A42E0DA0EB0BDE8F04704B070474A
S21402A5A83846F8E70020F6E710F0020F18D0C3B1D5
S21402A5B8490814BF01200020520814BF01230023B3
S21402A5C88342E8D1AB1BDBB2802B0AD9AE42E9D173
S21402A5D8B84506DB49D1CA452CBF00200120DAE778
S21402A5E80BB90120D7E7AE4216D002AC1CAF0FCF8C
S21402A5F80FC497E8030044F8040B2180DDE91A012A
S21402A60816AB0090ADF804100FCB12F023FB00280F
S21402A618E7D1AE42A1D1BEE7BDF8583073451ED089
S21402A62808AC0DF1700CBCE80F000FC49CE80300E0
S21402A63844F8040B2180114C638873450FD1082215
S21402A648211D0DF12E00F4F71DFC024638B908212B
S21402A658201D13F09CFF10B96388002BC1D1B845A2
S21402A668BFDBC2D1CA45BCD3BFE7204693E700BFCB
S21402A678106B0020666A0020656A0020885A00204F
S21402A6886475002084B02DE9F04F8FB06A4E18AC7E
S21402A69808AD84E80F00162200212846F4F7A6F82B
S21402A6A833783BB90024654B32781B789A4239D204
S21402A6B8002726E00021624818F087FA0027044699
S21402A6C8B846DFF87C91002C45D13FB12246394680
S21402A6D85B4813F0BFFE3378013B33703378002BA8
S21402A6E8E0D0002156484FF0000918F06EFA4F469F
S21402A6F88046CA46DFF848B1B8F1000F6CD1002F81
S21402A708D1D01621002218A813F02AFE014648B115
S21402A718002F00F08B802246494813F041FE33781A
S21402A72801333370454B32781B789A4207D944482E
S21402A7380022018813F08EFE3378013B337033789B
S21402A748012B03D13F49404817F06CFE0FB0BDE815
S21402A758F04F04B070470022214616232846CDF84B
S21402A768008018F0CFFA1622294618A8F4F78AFBB2
S21402A7780028EBD09DF864209DF824309A4225D113
S21402A788BDF86020BDF820309A421FD108220DF18C
S21402A7982E010DF16E00F4F775FBB8B902AF0DF194
S21402A7A8600CBCE80F000FC79CE8030047F8040BD0
S21402A7B839800EAB13E903000090ADF8041095E853
S21402A7C80F00FFF799FE0028C0D0274621464846C4
S21402A7D818F01FFA044676E7162300224146284652
S21402A7E8CDF800A018F08EFA02AF0DF1600CBCE8A6
S21402A7F80F000FC79CE8030047F8040B39800EAB1E
S21402A80813E903000090ADF8041095E80F00FFF76F
S21402A81873FE074620B1B9F1000F04BF44468146CD
S21402A8284146584618F0F5F9804665E73A46044820
S21402A83818F0D1F973E700BF106B0020EC75002002
S21402A8481663002020BF0200C87300202DE9F04FCF
S21402A858002104469FB00DF14008162240460E918C
S21402A868CDE90C11CDF83B10F3F7C0FF05222046C0
S21402A8780DF11F0316A911F04BFE0228074600F039
S21402A888F880204613F051FD064618F036F9814640
S21402A898F01C18F032F9ADF84000701D18F02DF9CA
S21402A8A8012FADF84200204640F0E68013F03DFD49
S21402A8B80546204617F0CAFC0D3502232D1A0093CA
S21402A8C8214643460820EAB20FF07DFC002800F035
S21402A8D8D080204613F02EFD012F83469DF84D307A
S21402A8E840F0E38000252F4643F001038DF84D30F3
S21402A8F816AE3388022B4DD1F178204602310CF081
S21402A9080FF81B2846D1F178204603310CF008F8D8
S21402A91819283FD1F178204604310CF001F84A286C
S21402A92838D14FF0050AF1782046013151440BF030
S21402A938F7FFF1780590514420460BF0F1FF059B8E
S21402A94800EB032083B200F03F02932B059240F0FF
S21402A9589B800023F778214602375744FFB23A46CF
S21402A96800930CA80F2318F0CDF907F10F01204623
S21402A97815F056FD07F111010546204615F050FD63
S21402A988ADF84200059B023353445FFA83FA3379E3
S21402A9985345C8D806360DF17603B342A9D19DF8B9
S21402A9A84D20C5F3C03363F3410220468DF84D208F
S21402A9B813F052FC8DF84400204613F042FC8DF842
S21402A9C84500204613F042FC9DF83230BBF1190FC1
S21402A9D8C3F3C3028DF84720DDF833208DF846000E
S21402A9E8CDF84E20DDF83720CDF8522094BF00224D
S21402A9F89DF83E208DF8482003F003028DF84A2081
S21402AA086E4A1278022A9DF84D200CBFC3F38003C3
S21402AA18DB0963F382026A4B8DF84D201B78022B02
S21402AA2857D1BDF8406013F03DFE864251D108A8C2
S21402AA3814F033F9BBF1190F48D908220DF14E016B
S21402AA4808A8F4F71FFA00283DD1B9F5004F02D03E
S21402AA58B9F5624F0DD140F6FF7325F440459D4285
S21402AA6807D1002208210DF14E0013F090FD0028B0
S21402AA783FD01FB0BDE8F08F13F057FC05462046BE
S21402AA8817F0E4FB073518E7412B7FF47BAFF17824
S21402AA982046023151440BF043FF4A4B1B78C3F160
S21402AAA8B30318448DF849006CE76FF30003F01DF2
S21402AAB88DF84D3018F021F80CA90546204614F0FA
S21402AAC820F90B276BE700F0B3FFBEE700F0B0FFF4
S21402AAD8CFE7B9F5004F02D0B9F5624FC9D140F6B3
S21402AAE8FF7325F440459D42C3D1BBF1190FC0D967
S21402AAF8B7E7BBF11A0F06D007F11F0142462046F8
S21402AB08C9B212F0AFF8304C304D637BDBB12B780C
S21402AB18012B1DD1012323730CAB029314AC94E8CA
S21402AB2803000090ADF8041098E80F00FFF70AFC3F
S21402AB3890B194E803000090ADF8041098E80F006E
S21402AB48FFF7A0FD08E0FCF7E9F80028DFD0E1E708
S21402AB5803F0FD03042BDDD02B78012B01D0042B48
S21402AB6887D11B4BDDF84E001B78DDF852108DF8A6
S21402AB782230BDF84030ADF820309DF84D30C3F392
S21402AB8840038DF823309DF8313003F00F038DF81B
S21402AB982C309DF848308DF82D3009AB03C30D4B89
S21402ABA81B681BB1414608A8984762E79DF94620EC
S21402ABB89DF8451008A811F011FC5AE7666A0020AD
S21402ABC8656A0020176B0020885A0020F46A002065
S21402ABD8166B00207C5A00202DE9F043424B434C6A
S21402ABE81B7885B0033B012B22D817F0A1FE2378E9
S21402ABF8022B31D13E4A1468A0422DD03D4910603E
S21402AC080A68121B10443C4A0860127872B1013A6C
S21402AC1893403C2253434FF47A72534398421BD9CB
S21402AC28032005B0BDE8F043FBF77EBF0A23F2E730
S21402AC3817F07EFE2378022B0ED12D4A1568A842FD
S21402AC480AD00027DFF8BC802C4E1060451B98F807
S21402AC580030FCB2A34202D805B0BDE8F08356F82D
S21402AC68243020462B4446F8243017F067FDC307E5
S21402AC784FF0000910D5204609F0FEF970B156F8D3
S21402AC882430242B08D9102200232046CDF8009021
S21402AC9809F00CFA46F824900137D8E7184B1B5DE2
S21402ACA813F00F031FBF03F1FF32022393403C2227
S21402ACB80CBF0A2353434FF47A72534356F82420A0
S21402ACC89A42E9D9204609F067F902A915F030F840
S21402ACD828B1204609F060F902A911F0FDFA2046CB
S21402ACE815F0BCF8D8E700BF666A0020656A00203F
S21402ACF8DC4C0020D84C0020B4750020F44A002012
S21402AD080A6A0020CB750020064B1B88DB0708D58D
S21402AD180022054B43F82020044A135C63F00F0315
S21402AD281354704718630020F44A00200A6A002069
S21402AD3808B517F0FDFD0022024B1860024B1A6098
S21402AD4808BD00BFDC4C0020D84C0020014B186818
S21402AD58704700BFD84C002008B50C48FBF7E4FD46
S21402AD68FBF736FF80B10A4B0322B3F868100120BE
S21402AD7811F09AFF4FF47A71064B04481B88594320
S21402AD88BDE8084017F04EBB08BD00BFE8730020B8
S21402AD989C59002044750020014B188000207047FB
S21402ADA868750020044A054B1870138823F00303BD
S21402ADB8184310800020704718630020B5750020DD
S21402ADC8034B1888C0F30E00003818BF01207047DE
S21402ADD8C662002008B5FFF7F3FF30B10020044929
S21402ADE80223044A0880FBF719FE002008BD00BFAC
S21402ADF8C662002027E10100024B1888C0F30E0045
S21402AE08704700BFC66200200023084A012013705C
S21402AE18074A08491370084B084A1B7843F004038C
S21402AE2813800223064AFBF7F9BD00BF136B002006
S21402AE38126B0020C6620020B57500201863002039
S21402AE4827E1010013B514468DF80710DAB9CAB21D
S21402AE580E2A18D80E4B1B881341DB0713D517F09A
S21402AE6815FCFF2811D09DF807200A4B0DF10701A3
S21402AE781A5400F58330012200F58070E5F74AFA85
S21402AE88204602B010BD0124FAE70224F8E700BF04
S21402AE98687500200A6A002030B5012100240B23B9
S21402AEA885B0104D019400918DF80C308DF80D0088
S21402AEB80323B5F8680003AA8DF80E4015F069FB5F
S21402AEC868B1B5F8681014F005F840B10522064BCB
S21402AED864211A70054B06481C7017F0A3FA05B0D1
S21402AEE830BD00BF9C590020126B0020136B002057
S21402AEF808740020064B1B78033B012B06D8054B2B
S21402AF081B781BB9044B1878FFF7C6BF704700BFFB
S21402AF18666A0020116B0020B475002010B515482B
S21402AF28FBF702FD144B1978F9B9144A13787BB16A
S21402AF38013B1370124B1B78042B02D10846FAF712
S21402AF48A7FDBDE810404FF496710A4817F06ABA92
S21402AF580C4A128802F00302022A0AD1BDE81040FF
S21402AF68032201200849FEF729BABDE81040FFF778
S21402AF78C1BF10BD08740020136B0020126B00209E
S21402AF88666A0020C662002000F8FF071FB50C2379
S21402AF988DF80C300B4B0C461B88012123F004035A
S21402AFA88DF80E3000238DF80D00CDE900132046EB
S21402AFB8032303AA15F0EDFA10B1214613F08AFF0F
S21402AFC804B010BD18630020F8B5064613F010F951
S21402AFD80546304615F001FB411C044689B2304648
S21402AFE80BF09EFC02340746A1B230460BF098FCE2
S21402AFF8394602462846FFF725FF022816D0294674
S21402B008FFF7C4FF0A4B1B8803F00303022B0DD17C
S21402B018284617F03BFBFF2808D00022054B43F8CA
S21402B0282020054A135C63F00F031354F8BD00BFD3
S21402B03818630020F44A00200A6A0020084B1A788F
S21402B0485AB10223013A93404EF660225343032133
S21402B0580448B3FBF1F117F0E5B942F21073F6E7CC
S21402B068B47500200874002070B505461748FBF72B
S21402B0785BFC0122164B28461A7015F0AEFA411CE4
S21402B088044689B228460BF04BFCA11C064689B238
S21402B09828460BF045FC0F4C022320802146002050
S21402B0A80D4AFBF7BBFC86B9238803F00303022B81
S21402B0B803D1FFF73DFEFFF7C1FF23885B0704D5E0
S21402B0C8BDE870400548FFF747BE70BD087400200B
S21402B0D8136B0020C662002027E10100E8730020F7
S21402B0E82DE9F0431F4C0546238889B0002B33D040
S21402B0F81D4E00214FF4807009F09CFA3378DB0766
S21402B10828D50121208817F0D9F80746208813F099
S21402B1180CF9023017F0F1FC05A98046208815F0D4
S21402B12862FB3378384613F0020F104B18BF00251F
S21402B138B3F8009017F0A6F80646384617F086F8D1
S21402B148F6B20290424606212846CDE9009605AB9D
S21402B15811F002F900232380054809B0BDE8F04340
S21402B168FBF7E2BB20630020146B00201C63002060
S21402B178287400202DE9F047304F80463D880E4659
S21402B18814469946ADB3104612F0DDFFB0F5006FCF
S21402B1982FD1204612F0EAFF824617F077FAFF28E8
S21402B1A827D02EB1264A32F810302B4322F8103018
S21402B1B8B5F5007F36D0B5F5806F33D0B5F5807F0C
S21402B1C817D1204B1B88A3421CD14FF6FF718A4524
S21402B1D80FD0204612F0E0FF284609F059FA50B977
S21402B1E83046FFF77DFF0023174A1380174A3B8035
S21402B1F81370BDE8F0870220002108F0AFFF002890
S21402B208EED1F0E7104D2B88A342F2D14FF6FF712C
S21402B2188A45EED024B1204612F0BEFF00232B80CA
S21402B2280023E3E70023094A3B80137031464B4666
S21402B23822464046BDE8F04713F0D4BB1A63002006
S21402B248B4620020206300201E630020F96A0020F2
S21402B25810B5044640F62140FFF742FF01214FF49D
S21402B268807009F0E7F978B10022084B1C80084B79
S21402B2781A700BF0D5FCBDE81040064B1880064B3A
S21402B2880648198817F0CEB810BD00BF2063002004
S21402B298146B00201C6300204675002028740020CA
S21402B2A8044A137818B943F001031370704743F041
S21402B2B80303FAE7146B00202DE9F04FDFF84C91F0
S21402B2C887B099F80060002E40F08C80DFF840B115
S21402B2D8DFF840A19BF80030F4B2A34207D8002258
S21402B2E8424B1A8007B0BDE8F04FFDF7ABBB2046CD
S21402B2F83AF8145008F0C0FE8046002860D020466F
S21402B30808F04AFE15F40071074645D001464FF686
S21402B318FF720E2013F001FF0546002850D039466A
S21402B32812F03AFF4FF400730027304E204633805F
S21402B3383AF8142022EA03032AF8143010220023CB
S21402B348009708F0B3FE2A4B1B88DB0707D5294B64
S21402B358294A43F82470135D63F00F031355182027
S21402B36800216043254B264C0093019101232A466F
S21402B378205CFAF7B1FB002814BF0123002389F8E2
S21402B388003005D13388B3F5807F01D11D4B188074
S21402B398404607B0BDE8F08F680513D5059113F04F
S21402B3A839FE012205990346009207203A46CDE95E
S21402B3B80111FDF765FC4FF480630546002DB3D1F5
S21402B3C8013687E7104B18880028F9D0EA05F7D522
S21402B3D8394612F0E1FE0C4B1D880A4B1D804FF4CD
S21402B3E88073EBE74FF00008D2E700BF1A6300202D
S21402B3F818630020F44A00200A6A00207DB1020081
S21402B408801300201E63002020630020F96A0020B3
S21402B418CB750020B4620020042230B501F0400348
S21402B42887B0002B054614BF012400248DF80C2093
S21402B4388DF80D1004D004A914F07AFC38B304ABC6
S21402B448CDE9004301210223284603AA15F0A1F8F4
S21402B4580446F0B1104B1B78033B012B04D80F4B64
S21402B468B3F8681012F098FE4FF6F7739D4209D9A2
S21402B478322202212046FDF74BFA80F00100C0B2C4
S21402B48807B030BD2946204613F024FDF5E7012013
S21402B498F6E71920F4E700BF666A00209C590020E8
S21402B4A810B5FFF797FC04F0DBFF13F06CFB0020E7
S21402B4B814F039FC17F09AF908B1FCF7B7FA204CE1
S21402B4C82378532B12D1032323700023FF22194615
S21402B4D80120FDF773FF002016F0AEFD10B1002024
S21402B4E812F031FFBDE8104011F0E2BB062B01D086
S21402B4F8212BF0D10120FDF705FF4FF6FE7013F061
S21402B508C0F84FF6FF7013F0D9F80020FDF732FEA8
S21402B5180020FDF75FFEFDF7AFFD00F087FB11F098
S21402B528CAFB2378212B02D1FDF782FBD3E7002042
S21402B538FBF7FAFA00214FF4004014F0F6F9CAE7CE
S21402B548656A002010B50A4C0A48FBF7EDF923781D
S21402B558062B02D10120FDF7D5FE2378062B01D053
S21402B568532B03D1BDE81040FFF79ABF10BD00BFAA
S21402B578656A0020487400202DE9F84FDFF8CC8071
S21402B58804460E461746FFF725FC98F8005015B9EC
S21402B5980220BDE8F88F212DFAD0DFF8B49099F88A
S21402B5A80030012B01D1A306F2D4274817F03BFB43
S21402B5B80028EDD114F0200439463046DFF894B05E
S21402B5C8DFF894A005F00F051BD010F083FE012DBE
S21402B5D88BF80070AAF8006033D1212388F800306F
S21402B5E8FFF75EFF0020D4E7212388F80030FFF734
S21402B5F857FF00214FF6FE70FDF792FFFEF7D6FAC8
S21402B608F0E710F066FE012D8BF80070AAF80060CD
S21402B618EAD0062321464FF6FD7088F80030FFF779
S21402B628FBFE40F6020240F2262199F80030064850
S21402B638033B012B88BF114616F0F4FE002CD1D12D
S21402B648D7E75323E6E700BF48740020656A002060
S21402B658666A0020156B00206A7500202DE9FF41F6
S21402B6680F460546511C38460BF05AF9044638462A
S21402B67812F05BFE0646023017F03FFA424B80464F
S21402B6881B7804F04002022B02D0043B012B06D89A
S21402B6983E4B1B68580205D5A10603D452B304B024
S21402B6A8BDE8F08132B33A4A1278D11E012917D87A
S21402B6B8384BB3F86830AB42F1D17378180714D513
S21402B6C8304614F0C7FFFBF70BFF0028E7D001222D
S21402B6D8294604F0200004B0BDE8F041FFF74CBF4D
S21402B6E8022ADCD1DF01DAD4E7E712F0BEFF4045D2
S21402B6F8D5D1ECE7264B1B78013B012BCFD87378C4
S21402B708D906CCD502A9384614F0B1FF002002A902
S21402B71816F08CFFFF2806460BD0A20601D413F0BB
S21402B7281FFB304608F038FC04F0BAFE304614F028
S21402B73895FB284617F0C2FAFF280DD0FCF766FBE1
S21402B74814F0200608D112F090FF28B133460222E0
S21402B758284602A905F0E0FF12F087FF00289ED1CE
S21402B768A3069CD402A94FF6FF73022228460EF0BF
S21402B778EBFC4FF6FF72034600922846022202A905
S21402B78810F09AFE8BE700BF656A0020E44C0020A2
S21402B798666A00209C59002038B504460D4616F005
S21402B7A875FFFF28034615D00B4A127842B10B4A9A
S21402B7B832F81020520403D514F050FB002038BD8E
S21402B7C8184613F0CDFA204645F04001BDE8384049
S21402B7D8FFF722BE0120F2E7616A0020B462002069
S21402B7E838B5054612F0A1FD0446284614F0F5FEC3
S21402B7F8411C89B228460BF093F842060DD56378A9
S21402B8081B070FD5204614F025FF0146002016F028
S21402B8180DFFBDE8384014F021BB0348BDE83840A8
S21402B828FFF790BE38BD00BF4874002038B54FF603
S21402B838FF75A842044617D012F034FFA04213D070
S21402B8484FF6FD72094B198891420DD9084A12889B
S21402B858AA4201D0A24207D11C804FF47A71BDE8F1
S21402B8683840044816F0DEBD38BD00BF50750020CB
S21402B8786C750020704C002008B50448FBF754F895
S21402B8884FF6FF72024B1A8008BD00BF704C0020AC
S21402B8985075002037B505460C4608236946012030
S21402B8A8064AFBF7BBF815B19DF806302B700CB1AB
S21402B8B8009B2360BDF8040003B030BD25E10100FB
S21402B8C807B508238DF80600ADF8041000926946FD
S21402B8D80020034AFBF7A2F803B05DF804FB00BF9A
S21402B8E825E10100024A13780BB1013B1370704739
S21402B8F8546A002008B512F0E1FE00214FF6FF72E6
S21402B908054B08461A80FDF78BFCBDE8084040F652
S21402B918164010F0A3BD00BF5075002008B5FBF70F
S21402B92803F80A4B1B78023B032B08D84FF6FE7324
S21402B938074A108898424FF6FF7301D1138008BD54
S21402B9489842FCD0BDE80840FFF7D4BF656A0020DD
S21402B9585075002010B5084B1B78042B0AD012F03D
S21402B96884FE002104460846FFF794FF231A58422D
S21402B978584110BD0020FCE7666A0020F0B5002694
S21402B98889B00546CDE90566ADF81C6014F025FEBB
S21402B9980A23024604462946009605A817F0B2F975
S21402B9A89DF815309DF814701F2B27D803A813F09E
S21402B9B874F908220DF1160103A8F3F763FA06468E
S21402B9C8E0B9092F1CD1FFF7C5FFB8B1144B1B7895
S21402B9D8A3B1144B1A884FF6FD739A420ED9124C2D
S21402B9E8124A23780433DBB223701278013AB3EB97
S21402B9F8820F03DD58B20EF0FCFD267009B0F0BDCA
S21402BA080A34E4B2214628460AF08AFF13F0CEF931
S21402BA18611C284614F004FDFFF708FFEEE700BF96
S21402BA28CD75002050750020546A0020B37500209A
S21402BA3838B5134B1B78033B012B20D9114B4FF615
S21402BA48FF711B78ABB1104D2B888B4217D112F0C1
S21402BA5829FE4EF6602104460C4816F0E3FC4FF623
S21402BA68FE7322462B800021BDE83840092013F0D9
S21402BA78ABB9074A13888B421CBF0133138038BD03
S21402BA88666A0020CD75002050750020704C002094
S21402BA98C262002010B5044661B1FF2112F0E6FB2F
S21402BAA80021204612F0E8FB12F016FB014620465B
S21402BAB812F0E8FB2146BDE810400022014817F0C4
S21402BAC88AB800BF246300202DE9F0410D461746C8
S21402BAD8044612F02AFC06782846FBF777F9294628
S21402BAE88046204612F058FB12F0BFFDA84206D147
S21402BAF820460121FFF7CEFF0120BDE8F081284647
S21402BB08B8F1000F0AD0FBF7EFF950B9144B3A46D2
S21402BB182046BDE8F0411978FCF7FABE14F02DF974
S21402BB28F3E706F00306012E08D012F09EFD002366
S21402BB382246294602F030FF0028D9D1204612F0C4
S21402BB48E7FA430505D52046BDE8F041002112F084
S21402BB58CEBE204614F0E4F8B0FA80F04009CCE7EE
S21402BB68B175002010B586B0044614F036FD104BA9
S21402BB780246186819790290D3F805005B7A0132F2
S21402BB888DF8143000238DF80C100490214600938B
S21402BB9892B2052304A817F0B5F8052204A902A84C
S21402BBA8F3F770F9B0FA80F0400906B010BD00BF8E
S21402BBB8202D050008B50748FAF7B6FE064B1B788F
S21402BBC8033B012B05D8BDE8084000210846F9F7D3
S21402BBD85FBF08BD68740020666A002008B5114871
S21402BBE812F072FC104B1B78012B06D8FF2009F0C6
S21402BBF8FDFBFCF751FD08F09DFCFCF76BF902F023
S21402BC086BF9FFF701F914F07FFE0BF05BFBFCF70C
S21402BC18F9FE0BF085F810F061FBBDE8084003F06A
S21402BC28B1B900BF645A0020B275002008B5EFF714
S21402BC3877FDFF2803D0094B1B78012B06D9002075
S21402BC4809F0D4FBFCF728FD08F074FCFCF742F96F
S21402BC5802F042F9BDE8084003F094B9B275002034
S21402BC68064B1878112806D000F0FD00A0F1410313
S21402BC785842584170470120704700BF656A002045
S21402BC882DE9F0410446FCF7AFFC18B10026304611
S21402BC98BDE8F0811D4B1B78033B012B09D81C4BD2
S21402BCA8B3F868104FF6FF739942EFD0204612F0A9
S21402BCB873FA184B022120461A88FCF729FE064614
S21402BCC80028E3D0204612F030FB90F8078005469D
S21402BCD8043016F012FF074612F0C7FC4146024629
S21402BCE83846FCF799FCA81C16F007FF4FF6FF73B8
S21402BCF8984202D12046FFF7ABFA2B789B07C6D1AB
S21402BD0801212046FFF7C6FEC1E700BF666A00208B
S21402BD189C590020226300202DE9F04F002585B0AB
S21402BD280746039512F001FB0646043016F0E5FEB8
S21402BD388046B01C16F0E1FE33780446404600936F
S21402BD4816F0A4FC82464046FBF740F83378BAF170
S21402BD58FF0F0CBF83464FF0010B9A070AD112F069
S21402BD6884FC404514BFD9464FF00109B3791BB984
S21402BD780320B9E0A946F9E712F077FCA04205D1FC
S21402BD8812F073FC0446994B1B7836E0984B1B78E6
S21402BD98052BF8D0033B012B03D8964BB3F8684023
S21402BDA8F1E7204616F0A7FF737840B313F00402B3
S21402BDB8DFF838820BD198F800301A442146384604
S21402BDC8D2B2FFF781FE0028D2D000208CE0384697
S21402BDD814F0C5FB0146054638460AF0A1FD421C8A
S21402BDE852002946384602F0FE0213F033F87378FA
S21402BDF823F00403737098F800300022DDE75B072F
S21402BE0826D5384614F0ABFB0146064638460AF0F5
S21402BE1887FD824606F101091FFA89F9494638461E
S21402BE280AF07EFDDFF8C481BAF1000F01D0FF28C0
S21402BE3805D10022494638460AF086FDDBE7B11CE2
S21402BE4801EB4001C9B2384614F0EAFA0446D2E7D2
S21402BE58204603AA02A914F0E0F80546B9F1000F35
S21402BE684AD0009B03F0C003802B0ED1FF23204646
S21402BE788DF809300BF03EFAFF281BD00DF10902A7
S21402BE880DF10A010BF02AFC14E0402B34D19DF880
S21402BE9808308BB3FF2320468DF809300BF02AFAB8
S21402BEA8FF2807D00DF109020DF10A010BF016FC66
S21402BEB82D281CD13378404603F03F03337016F022
S21402BEC81AFF10B912F0D1FB8046002342461946E3
S21402BED8204608F04FFE00283FF44AAFC822072142
S21402BEE838460AF055FF012005B0BDE8F08F9DF8E8
S21402BEF80930FF2BDED12546039838B99DF808206D
S21402BF08002A62D1394B2C461B7856E709F032FADA
S21402BF18039AFF280346127908D1CDE900204FF488
S21402BF28E171354816F00BFDDDE90023B9F1000F83
S21402BF38E4D002F03002102A0AD0202ADED1BBF161
S21402BF48000F24D05146184609F016FC0028D5D111
S21402BF58DFF8A89099F80030012B45D0204610F05B
S21402BF6883FE28B92A4621464046F37913F0D8FFBD
S21402BF78A54212D1039A137923F00C0313719DF884
S21402BF880830ABB92C46194B1B78302215E7039BB1
S21402BF981B7913F00C0FDBD1B0E799F80030022BAF
S21402BFA8E8D0039A137923F00C0343F00403E5E779
S21402BFB80121204612F09DFD20B920460BF09AF981
S21402BFC8FF280FD0094B1B78DFE70121204612F025
S21402BFD890FD00287FF4D7AE20460BF08BF9FF2899
S21402BFE87FF4D1AE02207FE7A542D9E7226300207C
S21402BFF8666A00209C59002005CA0400196B0020B6
S21402C00838B50E4B04461B780D46033B012B10D958
S21402C01800F108039BB2012B0DD812F026FB002371
S21402C02802462946204608F0A5FD80F00100C0B267
S21402C03838BD0120FCE70220FAE700BF666A002046
S21402C0482DE9F041064610460D4614F0C6FAA0F150
S21402C0581004E7B256FA84F42146EA1B04F10E00ED
S21402C068F2F716FC2823DFF84480F35598F80030D8
S21402C078637301F045FF611C0246012010F02EFE94
S21402C08808220949601DF2F703FC98F8000013F02D
S21402C098BAFC05F10E0130463B460022C9B201F051
S21402C0A8E1FF1220BDE8F081EB6A0020606A0020FA
S21402C0B82DE9F04F89B0044612F037F905462046B6
S21402C0C812F096F80746281D16F017FD8146A81C9A
S21402C0D816F013FD0390384695F807A016F00BFEE7
S21402C0E82B780490990761D12146042002F0C2F801
S21402C0F800285BD0204614F070FA014620460AF063
S21402C1080FFC820752D1204614F067FA01462046F1
S21402C1180AF006FC10F00303059347D12046FFF702
S21402C12821FD002842D0204614F04CFB461C20462F
S21402C13816F0A8F8F6B206F10A0B834580F29F803D
S21402C148504A06AB1068516803C3711C20460AF0B1
S21402C158E7FB3146804620460AF0E2FB594600EBEA
S21402C168082820460AF0DCFB8346059B2146B21CBB
S21402C178009306A8082316F0C5FD1FFA88F820467D
S21402C18812F036F85A46414610F09CFD0122404607
S21402C19806A901F09BFB002871D102200BF036F8A5
S21402C1A8013003D1404606A9EFF788FB12F05DFA84
S21402C1B848453A46514608D112F0C9FC00285ED1D5
S21402C1C809B0BDE8F04F01F077BB484612F0BFFC55
S21402C1D8002854D12C4B1B781BB93946484612F016
S21402C1E853FE3A4651464846FCF716FA002846D009
S21402C1F8297811F0030102D12046FFF74BFCAB79F0
S21402C208002B3CD0214B1B78DA1E012A37D9062B85
S21402C21835D06B78DB070DD503982E7A13F092FC8F
S21402C22810B3F30803F01C0326F01F06334343F04B
S21402C23801032B724FF6FF71204611F0ADFF049BE7
S21402C248DBB910F039F800F03F0202212046FCF76D
S21402C2585FFB4FF6FF73039A9A4210D1204609B045
S21402C268BDE8F04FFEF7F4BF06F01C031C2BE1D026
S21402C278042B04D9043E2E72DCE70022E5E709B057
S21402C288BDE8F08FF75204005C6A0020666A002058
S21402C2982DE9F04385B004460E46174611F042FFD4
S21402C2A80C2820467BD112F040F80922002115F00E
S21402C2B80DFF00F11005EDB2294620460AF030FBC4
S21402C2C8042853D006D8012815D0022822D005B053
S21402C2D8BDE8F0837C28FAD1204615F0D3FF054640
S21402C2E8204615F0B3FF02463046E9B205B0BDE86F
S21402C2F8F04310F00DB846B91321204614F090F812
S21402C30805B0BDE8F04312F0D9B905B0BDE8F04370
S21402C318FCF7ACBE9D4B1B78013B012BD7D82046B9
S21402C328E91C0AF0FDFA074686B978B9691C204660
S21402C33814F076F80546214613F053FB3A4629468A
S21402C348102005B0BDE8F04316F0A0BB0025082370
S21402C3582146152200950DEB030016F0D3FC28465D
S21402C36802A916F063F913F079FDB0E7884B1B783B
S21402C378022BACD146B9FEF73FFDC2070AD5FEF737
S21402C388D7FC002F08BF3F26304605B0BDE8F0436D
S21402C3980FF0CABFFEF714FD0028F0D0F1E711F03F
S21402C3A8C4FF8046043016F0A8FB074608F10200D0
S21402C3B816F0A3FB4FF6F773984205460CD8754A53
S21402C3C8138801339BB213800BB9734A13801EB1CC
S21402C3D8714A13880133138098F8009009F003090C
S21402C3E8B9F1010F40F08380204614F0F6F80146B2
S21402C3F820460AF095FA043809283FF668AF01A3E2
S21402C40853F820F035C40200D7C20200D7C2020091
S21402C41859C40200D7C20200D7C20200D7C202001D
S21402C42841C40200D7C2020041C40200204605B039
S21402C438BDE8F043FFF7D4B9544B1B78042B7FF4BE
S21402C44846AF0021084605B0BDE8F043F9F720BB21
S21402C4584E4B1B78013B012B3FF639AF404614F092
S21402C468F9F800274D4B01465B898DF80A70ADF83E
S21402C478083000283FF42BAF384616F0D7F80546A2
S21402C488204614F0AAF8421C03232146009792B2CB
S21402C49802A816F037FC9DF80A30E6B93C4A12782C
S21402C4A8022A18D1BBB9FF2DBDF808400AD03C4A6B
S21402C4B8214632F81530284623F4806322F81530D0
S21402C4C813F0ABFC204613F089FD0022214610200B
S21402C4D816F0DCFAFBE6022B3FF4F9AE2BB9304B2A
S21402C4E833F815305B053FF5F2AE28463BE7B9F15F
S21402C4F8000F7FF4ECAE3146204604F0BBF8002E5F
S21402C5083FF4E5AE4FF6F7739D423FF6E0AE98F875
S21402C5180160284616F0040620D113F0ACFD044646
S21402C52828467CB113F029FC0346F0B90C22009089
S21402C5382946384612F006FE0C22002339462846BB
S21402C548009308E013F019FC0346B8B9154A0090A0
S21402C55812782946384612F0F5FDB8E613F00DFCB7
S21402C568034678B90B220090F3E70622334629469B
S21402C5783846009612F0E6FD0622DEE723460094C9
S21402C5880622E6E74B46CDF80090F9E7666A0020F1
S21402C598656A0020CA620020C8620020202D0500B5
S21402C5A8B4620020EE7500202DE9F04F05888BB0A6
S21402C5B80446284611F0B9FE8046043016F09DFA65
S21402C5C8074608F1020016F098FA05A901902846CF
S21402C5D814F04DF8284614F000F801460646284698
S21402C5E80AF09EF998F80030029003F00303012B34
S21402C5F80CBF82464FF0FF0A16F095F9B4F806B05B
S21402C608814612F032F898F80730009038460393BD
S21402C61801F08AF8002838D1019801F085F8002838
S21402C62849D1FCF7B9FAA9EB0B0B1FFA8BFB81462B
S21402C638FAF774FB002844D1FFF712FB002840D112
S21402C648A14B1B78033B012B42D8BAF1060F00F028
S21402C658BE80BAF1040F00F0BA80FFF701FB20B1E2
S21402C668029B03F00303012B32D0FAF7B1FA28B97A
S21402C678964B1B7803F00F03062B6FD1944B284674
S21402C688B3F8681011F088FD22E0284611F04DFE36
S21402C698023016F032FA4FF6F773984206D9039B21
S21402C6A823B92846FFF75EFA0028B5D1A37823F007
S21402C6B80F03A37054E0019816F01DFB0028B0D1B2
S21402C6C8F4E7A9F104095FFA89F9B9F1020FB7D8B4
S21402C6D8BAF1010F40F0A280284611F047FD4FF646
S21402C6E8FF7398426AD100233146284607AA13F0F8
S21402C6F8D8FB80460028D9D042799DF82530934247
S21402C70809D9711D284689B20AF01EF9A37823F0C2
S21402C7180F030233A3700FF0CFFD7E23B0FBF3F2B4
S21402C72802FB130303F58073A3809DF8263013F0EB
S21402C738180F0BD0A378190708D1009BBB4205D067
S21402C748384698F8052005A90FF0FEFD9DF8270043
S21402C758003818BF01200BB0BDE8F08F2823A3804D
S21402C7680020F8E7584B1B78033B012B5FD940F6AD
S21402C778B8339B459AD80FF09FFDFF238DF81330E8
S21402C788002300F03F00C0F5FA70A08007A90DF15B
S21402C79813008DF81C30FBF7A3FF054698F8071020
S21402C7A8384612F0C8F9002D80D09DF81C20013AB0
S21402C7B8032A7BD8DFE802F0807A697D4FF6F773A2
S21402C7C8019A9A4224D898F80130DA0720D42846E3
S21402C7D811F0CCFC16F02CFA012808BF3D4BA278C3
S21402C7E809BF1B78FA2303EB830303EB830302BF19
S21402C7F89B00FA339BB212097FF458AF5B45FFF4ED
S21402C80855AF0FF059FD00F01F001030A08053E01E
S21402C8182D4B1B78033B012BA9D8D8E74FF6F773A5
S21402C828019A9A429ED898F80130DB079AD4BAF150
S21402C838020F53D10123314607AA284613F031FBCB
S21402C848074611F012FFBDF82230984236D1002F63
S21402C8583FF42CAF01227B883146284608F00EFBAF
S21402C8681D4A13780133DBB288F8073013707B88C9
S21402C878BDF81E209A421FBFA37823F00F03023387
S21402C888A3704FF4C873A38016E0009BBB4213D074
S21402C89800283FF40BAF426801323FF407AFC27874
S21402C8A89DF813309A42BFF401AF05E0009BBB42E5
S21402C8B802D0A2781209EBD101204CE7184616F0EE
S21402C8C81AFA0028C3D182E7666A0020656A002041
S21402C8D89C590020C3750020636A0020BAF1030F32
S21402C8E87FF475AF009BBB427FF471AF711C28467C
S21402C8F889B20AF015F80C287FF469AFFBF7E2FC58
S21402C9084FF6FF73984201463FF461AF284611F08E
S21402C91843FC5CE72DE9F3410446008811F005FD67
S21402C9280546043016F0E9F80646A81C16F0E5F89F
S21402C938074615F0F8FF05463046B4F8068000F0BC
S21402C948F3FE064648B9384600F0EEFE58B9194ACC
S21402C958A3781278033A012A0BD8A378002623F084
S21402C9680F03A37021E0384616F0C5F90028EED169
S21402C978F3E71B09F1D1A5EB0805ADB2B5F5C86F0B
S21402C988EBD80DF10301384601AA019313F045FBD3
S21402C9989DF80350014645B94FF6FF73984204D0F6
S21402C9A80126208811F0F8FBA580304602B0BDE8C3
S21402C9B8F08100BF666A00202DE9F04105460C4664
S21402C9C811F0B0FB082802D10120BDE8F081201D35
S21402C9D816F093F80646284694F8078011F008FCE5
S21402C9E80746284611F094FB010612D5184B1B7809
S21402C9F8042B0ED1174B1B78022B0AD1164BB3F811
S21402CA0868204FF6FF739A4203D000210846F9F7CA
S21402CA183FF8124B1B78002BD6D1A01C16F06DF8E7
S21402CA284FF6F773984202D86378DA070DD523785B
S21402CA389B070AD13A464146304612F088F880F0FB
S21402CA480100C0B200F00100BFE70120FAE700BF0C
S21402CA58666A0020656A00209C5900201B6B00202D
S21402CA682DE9F04F9DB0044611F05CFB05462046C2
S21402CA7811F058FB08285AD14FF40043102200211F
S21402CA882046ADF8503012F0E5F9204615F0DEFBE8
S21402CA980DF0D4FD002321461A460C2000930DF013
S21402CAA892FB98B3204615F0D1FB14A90246102033
S21402CAB8FAF7D6FD0501204615F0C8FB14A902466A
S21402CAC84020EDB2FAF7CCFD10B120460FF008FC74
S21402CAD8204615F0BBFB14A902468020FAF7C0FDD3
S21402CAE8B8B99DB1102517A806F0A2FD2046BDF8D4
S21402CAF8507015F0C7FB0646204615F0A7FB2946D8
S21402CB080090F3B2384617AA0FF088FC1DB0BDE8AD
S21402CB18F08FBDF8503017A8ADF85E40ADF85C301F
S21402CB2810F0CAF80028DCD145F08005DBE720467D
S21402CB3811F04BFBB0F5006F40F00581204611F06E
S21402CB4857FB0646042D40F00181204611F0E0FA14
S21402CB5880F40060C0F3C02000223146400015F081
S21402CB6895FF954B1A78022A0DD0FFF779F850B937
S21402CB7802F0FD03312B06D0043A012A03D98F4B63
S21402CB881B78002BC2D02146022001F073FB0590C9
S21402CB980028BBD02046ADF8464011F0C6FB044636
S21402CBA8BDF8460011F024FB0546201D15F0A5FF2A
S21402CBB8A31C83461846039315F09FFF12A907463F
S21402CBC8BDF8460013F053FD63780690BDF846009C
S21402CBD894F80080099313F000FD6378064608F07F
S21402CBE8030828460C93FAF7F1F8B8F1010F0CBFC0
S21402CBF8032302230E93724B08BF4FF00B091D80C6
S21402CC08237818BF4FF00A0903F03C03082B0D904F
S21402CC187FF47CAFBDF8460015F034FBB0427FF6D1
S21402CC2875AFB8F1010F03D0237898077FF46EAF7B
S21402CC38644BB3F86830AB420DD1634A634BB2F922
S21402CC48001093F90030002900F0A58001EB0313C9
S21402CC58A3EB211313804FF0010AA6F11003DBB2EF
S21402CC6807938DF8453010224846BDF84610CDF891
S21402CC7800A00DF145030DF0A6FA00283FF446AFD2
S21402CC88099B13F002030A9300F00A81504B1B78A3
S21402CC98002B3FF43BAFBDF84690484613F09DFC88
S21402CCA8002308904846CDE917331993ADF8683043
S21402CCB811F09EFA089B039003F10E01484689B2CA
S21402CCC813F05EFC002870D000234946089A0093A9
S21402CCD817A80E2316F016F850460DF15D0110F04F
S21402CCE80BF89DF869300B9004939DF85C30282B5E
S21402CCF85BD10DF16100FAF7F3FB0F90002854D1CF
S21402CD08049812F080FE0F9B002867D1314B049AD4
S21402CD181B78D31A190648D404F04CFD50453CD16A
S21402CD2815F006FE2C4E0546346824B104F048FD7C
S21402CD382C1B844239D30023FF2219461846FCF7D7
S21402CD483DFB356031E04FF6FD76FBE64FF6FF70A9
S21402CD58301A18BF012000223146400015F096FE10
S21402CD680C2D0DD12146012001F084FA00283FF44B
S21402CD78CDAE214600201DB0BDE8F04FFDF700B944
S21402CD882DB920461DB0BDE8F04FFDF75FBD042D56
S21402CD987FF4BCAEE5E61B025CE704F00BFD022856
S21402CDA803D104F0E9FC0028BAD00022192003991E
S21402CDB815F06CFEAAE600BF656A00201B6B002011
S21402CDC8406300209C59002012630020176B002045
S21402CDD8616A0020606A0020AC5A0020102148468A
S21402CDE8089ACDF800A012F04CFC0028DDD0A64B1D
S21402CDF8049A1B78934240F0AA8003990DF16102C7
S21402CE0814A815F0DFFB012114A8FAF743F88246A6
S21402CE1848F2030114A8FAF749F9BAF1000F03D049
S21402CE28082114A80FF003FF484613F0F4FB0399F1
S21402CE380DF16100FBF7E6FAFE288246B5D0FF2818
S21402CE480AD1039815F03AFFFF28824600F0878039
S21402CE580DF16101FBF750F98B4B049A1B7893424C
S21402CE6800F0A38050460B99FBF7B2FA00283FF46D
S21402CE784DAE50460B99FBF7BDFA23789A070FD1A9
S21402CE88484613F0AAFB0146484609F049FD00F059
S21402CE980300012804D103980DF16101EEF70EFD97
S21402CEA8BDF8460011F034F9030440F185802046A7
S21402CEB815F023FE40F4007189B2204615F01FFED5
S21402CEC800224FF40041BDF8460011F012F9DDF8D1
S21402CED81490012310220093BDF846100E980DF107
S21402CEE845030DF070F900283FF410AE032866D10A
S21402CEF8204615F002FE40F4007189B2204615F06D
S21402CF08FEFD284615F0F7FE002840F0B780DDF84B
S21402CF181490B8F1010F40F0C1800320BDF8461006
S21402CF2801F0A8F9002840F0B9803146BDF846005D
S21402CF3809F0F6FC0F2801467FF6E8AD4FF6F773C0
S21402CF489F423FF6E3AD284611F0E8FFDEE550467D
S21402CF58049903F049FD00287FF44FAF25E72378AC
S21402CF6803F00303012B08D1484613F036FB0146AB
S21402CF78484609F0D5FC082892D0444B1A78444B08
S21402CF881B789A4209D20DF161010398FBF768F8FB
S21402CF98039815F093FE82465EE7A01C15F0ADFDD9
S21402CFA84FF6F7739842EED9FFE65046FBF79AFA21
S21402CFB800283FF457AF5CE74FF0000989E7284698
S21402CFC815F099FE0028A4D00A9B002B58D1B9F177
S21402CFD8000F53D1B8F1010FBDF846009DD0314677
S21402CFE809F09EFC8246DFF8B09099F80030002BD4
S21402CFF85FD011F03AFB87427FF488ADB8F1010F93
S21402D00840F08280BAF1070F78D8BAF1050F7FF69A
S21402D0187DAD204B1B78022B02D0043B012B03D894
S21402D02899F80030002B4BD00C9B980640F1BB8039
S21402D0380D9B002B40F0B380284615F027FBFF28EF
S21402D04840F0AD805D457FF461AD069B002B00F095
S21402D058A48012AB46F204020124ADF85C200193C8
S21402D068214602232846009417AA13F092FA0028AB
S21402D0783FF44CAD214611F03AFC47E5DDF8149032
S21402D088284607F053FD44E7606A00205F6A0020DE
S21402D098C4750020656A0020616A00203146BDF822
S21402D0A8460009F03DFC0A9B824613B9B9F1000F07
S21402D0B899D0A84B1B78022B02D0043B012BB3D87D
S21402D0C8284600F031FB814600287FF41FAD11F098
S21402D0D8CCFA854222D1A04B1B78033B012B19D8E8
S21402D0E89E4BB3F8684011F0C0FA4B4601460D2233
S21402D0F82046CDF8009012F025F807E5AAF10E03AF
S21402D108DBB2012B85D901E50AF00303012B7FF474
S21402D118FDAC7EE7012000F0A5FBF7E4284615F0F3
S21402D128EAFD58B911F0BEFA4FF6FF73984205D0D9
S21402D13815F05CFB10B92846FAF738FF284615F0B2
S21402D148DAFD88B111F0AEFA4FF6FF7398420BD0AB
S21402D15815F04CFB40B9B8F1010F02D1BAF1060F2F
S21402D16802D0284607F04CFA069BA3B919460122B4
S21402D178584600F0ABFB814600287FF4C7AC204631
S21402D18813F068FA4A460146384600F09FFB002824
S21402D1983FF44AAFBAE412A9E9E7069B5AE763786E
S21402D1A823F0200363704FF6FC739F4275D16A4BD7
S21402D1B81B78033B012B7FF6A9ACA3790BB1013B85
S21402D1C8A3716378590727D50023584617AA14A9C6
S21402D1D8179312F022FF1798F0B108F0CBF88146A1
S21402D1E8384615F053FA179A0146137903F03000B9
S21402D1F8102806D003F00C0008281CBF23F00C03E6
S21402D2081371137903F03303202B05D1FF2903D0BA
S21402D2180122484608F078FA284615F037FAFF2819
S21402D2281EBF00224E4B43F82020099B03F001093B
S21402D2384FF6F7739F4200F21381B9F1000F40F0E0
S21402D2481C812946584611F01FFE11F00EFA874235
S21402D25800F0DF80384615F04EFD00284AD0B8F1B7
S21402D268010F30D1BAF1010F20D14A463146BDF836
S21402D278460007F05FFE384615F03DFD394B1B7831
S21402D288002B78D1584615F036FD002870D138465E
S21402D29815F031FD00286BD138E44FF6FD739F4236
S21402D2A88BD12D4B1B78042B87D12FE4384615F0EB
S21402D2B822FD50B3BAF1030F27D13146BDF8460016
S21402D2C811F078FF22E4384615F015FD384612F0BC
S21402D2D854FD002848D0002339465846BDF8462053
S21402D2E801F05AFB00283FD00021BDF84600FEF7A1
S21402D2F8D1FB0BE4384615F0FEFC18B1B8F1010F65
S21402D308D8D0E3E7B8F1010FE0D1164B1B78002B13
S21402D318B8D0BAF1050F2ED111F0A7F98DF85C0036
S21402D32811F0A3F9000A8DF85D000123022217A95D
S21402D3380DF14600F9F74CFA00287FF4E7AB711CAA
S21402D348BDF8460089B209F0D9FA037801330370AA
S21402D35811E000BF656A0020666A00209C5900201A
S21402D368F44A0020CA7500209A4B1B78002B89D0F5
S21402D378B8F1010FCDD063785A070CD5BDF84640F0
S21402D388204613F0ECF8411C89B2204609F0B6FA9A
S21402D3980378013B0370904B1B78033B012B30D874
S21402D3A8B8F1010F06D1BAF1050F1FD111F05DF9D8
S21402D3B8834522D1BDF84600FEF7AEFC02281CD1F2
S21402D3C80021584617AA08F021F930B1037945809A
S21402D3D803F03C0343F04003037100237F4A0093A3
S21402D3E839465846127811F0ADFE06E0BDF84600FA
S21402D3F8FEF792FCBAF1030FE0D1002239461C2050
S21402D408D6E4BDF84600FEF787FCB8F1010FD5D181
S21402D418F0E7B8F1010F7FF467AF0AF1FF330C2B80
S21402D42800F2AA8001A252F823F000BF97D40200A5
S21402D43897D40200C3D20200ADD40200BDD40200C3
S21402D448E1D4020003D502002FD5020045D502001A
S21402D45845D5020051D5020069D5020075D50200ED
S21402D468B8F1010F00F09480B9F1000F08D1BDF8A9
S21402D4784600FEF71DFEFFF749BBB8F1010FCCD0F8
S21402D488237A03F00303012B7FF440ABEFE7AAF1FC
S21402D49802035A423146BDF846005A4107F04AFD91
S21402D4A8FFF734BB32465846BDF84610FEF7D6F8A4
S21402D4B8FFF72CBB711CBDF8460089B209F030FA9A
S21402D4C80236F6B20246BDF846305846009612A90B
S21402D4D80AF054F8FFF71ABB3F4B1B78013B012BA7
S21402D4E83FF614AB079B0121009300202346BDF8A4
S21402D4F8462011F096FBFFF709BB374B1B785A1EDE
S21402D508012A07D90120079ABDF84610FCF71AFC2B
S21402D518FFF7FCBA022B7FF4F9AAF9F7FFFB0028FB
S21402D528F0D1FFF7F3BABDF8460006F069FEFFF73A
S21402D538EDBABDF84600FEF721FA98E7BDF84600B0
S21402D548FEF71CFAFFF7E2BA234B1B78013B012BC6
S21402D5583FF6DCAABDF84600FDF736FDFFF7D6BA59
S21402D568BDF84600FDF780FDFFF7D0BABDF84600C5
S21402D5780FF09CFBFFF7CABA334622465046BDF860
S21402D58846100FF065FB00287FF4C0AA5146DAE47D
S21402D5980AF1FF330C2B3FF6B9AA01A252F823F080
S21402D5A897D4020097D40200C3D20200ADD4020078
S21402D5B8BDD40200E1D4020003D502002FD5020032
S21402D5C83BD502003BD5020051D5020069D50200C0
S21402D5D875D50200CA750020666A0020EE7500201E
S21402D5E810B50021114810F016FF0446E8B110F0F5
S21402D5F828FE0F4B1870204610F028FE0D4B1870A8
S21402D608204610F029FE0C4B1870204610F029FE12
S21402D6180A4B1860012015F08FF92046FFF720FA0A
S21402D628BDE81040002015F087B910BDF062002052
S21402D638186B0020176B0020166B0020A45A0020D7
S21402D64870B5164E044633680D46E3B110F06AFD0F
S21402D6580C2818D1204610F068FE0922002104463C
S21402D66814F034FD235C042B0DD10D4B1B78033BC1
S21402D678012B08D80B4C25B10B4B22781B789A4203
S21402D68803D300232370002070BD0848316814F0C5
S21402D698C9FE2378012001332370F5E7A85A002033
S21402D6A8666A00201A6B0020ED7500206874002058
S21402D6B8014B93F90100704712630020014BB3F83F
S21402D6C8680070479C59002070B50024124D2C70D3
S21402D6D8EDF7D8FEE6B2B04212D8104B1B78013BE3
S21402D6E8012B04D800214FF6FF70FBF719FF002222
S21402D6F80B4B1A700B4B198801B11A80012070BDAA
S21402D708304615F01BF8C30748BF2B7804F101040E
S21402D71844BF01332B70DBE75E6A0020666A00208E
S21402D728556A0020C462002038B50B4B05461B78A4
S21402D73873B101335C08094B188814F087FD00237F
S21402D74830F81320AA4205D00133DAB2A242F7D340
S21402D758002038BD0120FCE7556A0020C46200207C
S21402D76830B5054685B008460C4615F0C0FAFF28BF
S21402D7780CD011F04FFC012200210346CDE901121C
S21402D788009221462A460720FBF77AFA284614F022
S21402D7987DFFFF2804460FD014F0D0FFC2070DD530
S21402D7A8204614F0CBFF830708D40B4A32F814300D
S21402D7B843F4806322F8143005B030BD11F02AFC19
S21402D7C8012200210346CDE90112009207202A46CB
S21402D7D8FBF756FAF0E700BFB46200204FF6FA727B
S21402D7E8431E9BB2934270B504462AD8FFF79CFFA5
S21402D7F838BB194B1B78042B23D0204615F05EFA4B
S21402D808FF2801D0FAF702FB204612F0DFFB08B128
S21402D81807F0C6FD2046114E04F046FA20460EF0E2
S21402D82891FD31780E4D69B1288814F00FFD054632
S21402D83801461E220230F1F72BF82C8033781E2B75
S21402D84807D970BD202014F075FD28800028EBD17A
S21402D858F7E702333370F4E7666A0020556A002059
S21402D868C462002037B5134B05461B78022B1FD11E
S21402D87810F0FBFE044610F0F8FEFFF7AFFF11F0BB
S21402D888C9FB10F0FEFE0020FBF73CFD40F6074001
S21402D8980EF0E4FD3DB100230D2221464FF6FD7041
S21402D8A8009311F04FFC03B0BDE8304004F032BFDD
S21402D8B803B030BD666A0020034B1B7813B90120FB
S21402D8C8FFF7D0BF704700BF5C6A0020F7B5044672
S21402D8D80D46174610F0C9FE0646002D47D04FF6ED
S21402D8E8FB739C4243D82046FFF71EFF30B1A64280
S21402D8F804D1204B1B78033B012B38D92046FFF76F
S21402D90813FF10B1012003B0F0BD20460EF0EAFC6A
S21402D918C0B1A642F6D00CB369462046F9F758FDC0
S21402D9280246D8B90821684610F031FEB0B9082276
S21402D93869462846F1F7A6FA80B12946204611F02C
S21402D94899FBDFE7A642E6D12846F9F7C9FD28B9CA
S21402D9580120FFF787FF06F0DFFDD3E73FB1214638
S21402D9682846FAF7E7FB2146284604F0B9F90020CC
S21402D978C9E700BF666A0020044A13782BB1013B48
S21402D988DBB213700BB9024A13807047556A00203F
S21402D998C46200200148F8F7D7BC00BFC462002062
S21402D9A82DE9F047804617460D468CB061B903AE9E
S21402D9B800211B4815F009F94FF000090446DFF864
S21402D9C860A01CB920461DE00E46F1E7002221465B
S21402D9D824233046CDF8009015F094F908224146E3
S21402D9E83046F1F74FFAA8B9337C9BB96FB945B9F7
S21402D9F82A4621460A4810F02DFD0A4A1388013B9A
S21402DA08138001200CB0BDE8F0873B88B2895340EA
S21402DA185B06ECD52146504615F0FBF80446D0E7DF
S21402DA282863002026630020024B1888003818BF97
S21402DA38012070472663002040232DE9F04397B063
S21402DA48074611A88946ADF80E300EF091FD02235E
S21402DA588DF84430002304AE31463846049373608A
S21402DA68F9F7B6FC0546002840F0958038460FF0D0
S21402DA78FBF8804610F0F9FD0446002840F0BB800B
S21402DA8899F80130042B40F0B980EDF707FD02281B
S21402DA9840F08480EDF702FD022840F08B8096E87D
S21402DAA8030003238DF8443012AB83E803009DF885
S21402DAB85130002143F00603102209A88DF8513090
S21402DAC8F0F794FE09A911A80EF0E7FE40B111A8D6
S21402DAD80EF04EFD30460DAB09AA11A90EF0E2FF74
S21402DAE8BDF846300DA943F0040311A8ADF8463038
S21402DAF80EF02CFF102209F10A010DA8F1F7C2F95F
S21402DB080546002872D1EDF7C9FC022806D131462F
S21402DB18FF2009AA0EF0E8FE00286AD13424002560
S21402DB28EDF7BCFC022808D19DF851301B0704D437
S21402DB3830460DF10E0111F0BDFC2146304611F0BB
S21402DB48E2FC10238DF8183004238DF81A30334679
S21402DB58002203CBCDF81B00CDF81F1006A80B2118
S21402DB688DF8195010F0FCFB024638B1002D14BF90
S21402DB78012303233146384603F078F8B8F1000F3C
S21402DB8809D0342C07D106A83246394614F01AFDB5
S21402DB9806A80FF04FF817B0BDE8F08323462146D3
S21402DBA83046009411AA01F05FFE00283FF472AFD7
S21402DBB8AD25C6E7EDF772FC012891D1104B1B681C
S21402DBC803F08403842B8BD196E8030002238DF896
S21402DBD844301023ADF8463012AB83E803009DF8B4
S21402DBE8513043F002038DF8513079E73324AD25DE
S21402DBF896E7052494E72C46A325A2E7AA25A0E7DC
S21402DC08E44C00202DE9F04336488DB0F8F78CFE38
S21402DC1814F08EFE344D2B68C41A4FF47A73B4FB94
S21402DC28F3F4A4B214B114F083FE28602F4F4FF613
S21402DC38FF763B88DFF8B880ADF80A3000233B80D1
S21402DC4800210DF10A0010F0E6FB054658B9284BEC
S21402DC581B882BB14FF47A712248714314F0E2FB09
S21402DC680DB0BDE8F0834FF0000924234A46294642
S21402DC78CDF8009003A815F045F8BDF81A30A3426F
S21402DC8894BFDB1A1B1B9BB2ADF81A30CBB910F047
S21402DC98ECFCBDF8183003F04003184380B218B9FC
S21402DCA8322103A80EF0C0FBBDF818301B0602D5B9
S21402DCB808980EF0C6FDB8F80030013BA8F8003008
S21402DCC8BEE79E4228BF1E4601234A4629460093BF
S21402DCD803A8242315F016F84A462946384614F0AF
S21402DCE87AFFADE7F04B0020B05A002028630020E8
S21402DCF826630020F0B50446304A8DB01068516895
S21402DD0801AB03C3A378012B54D1162200210DF1CF
S21402DD181A00F0F76BFDD4F82110D4F81D0003ABF7
S21402DD2803C32388190644BF62680892DA050BD52E
S21402DD38221D08AE04F114073546106851680832E9
S21402DD4803C5BA422E46F7D1ADF8183013F00403CD
S21402DD5818BFA3690593EDF7BFFB0023ADF81A00B9
S21402DD688DF81C3010F081FCE0B906A903A811F062
S21402DD78A1FB0022242103A810F0F2FA0446D8B127
S21402DD880020FFF73FFF002221460D4814F023FF2C
S21402DD980C4A0020138801331380FFF733FF002054
S21402DDA80DB0F0BD082201A903A8F1F76BF8002808
S21402DDB8DFD0DAE70220F3E71920F1E7F75204008A
S21402DDC82863002026630020F7B5044600200E4686
S21402DDD8FFF718FF104B1B88A34202D8212003B076
S21402DDE8F0BD00210D4814F0F0FE002501460B4F49
S21402DDF80029F3D0A54208D100242423224630461F
S21402DE08009414F07FFF2046E9E7384614F001FF35
S21402DE1801350146ECE700BF266300202863002090
S21402DE280148F8F791BA00BF28630020014B18880A
S21402DE38704700BF2663002030B5154A8DB051687A
S21402DE480546106801AB03C307A80EF091FBDDE98F
S21402DE580101032308AC84E803008DF81C309DF802
S21402DE68293003A943F0020307A88DF829300EF0DB
S21402DE7814FD10B12D200DB030BD23462868696800
S21402DE8803C303A907A80EF0EDFC0028F3D0F1E7B8
S21402DE98F752040070B50C4611460E4A23781278DB
S21402DEA8064613F0200542EA0302227018BF611DD7
S21402DEB80822F0F7EDFC002D0CBF05200D20D4F843
S21402DEC80130B3602378337303F01803082B08BFB6
S21402DED8013070BD616A0020042307B501200DEBEE
S21402DEE80301054AF8F79AFD019B044A1B031360CF
S21402DEF803B05DF804FB00BF63E51100D44C0020B4
S21402DF0810B5064C2368C3F30B0313B90448E2F7AB
S21402DF18C5F92068431C236010BD00BFD44C0020FE
S21402DF2863E51100014B1868704700BFD44C002007
S21402DF3807B50020054B064A186004230DEB0301BB
S21402DF480190F8F76BFD03B05DF804FBD44C002093
S21402DF5863E511007FB511230A4A012001A9F8F7E3
S21402DF685DFD094B9DF814201A70084B1B780BB1FF
S21402DF78052B05D10EF09FF9012007B05DF804FBCA
S21402DF880020FAE779EB0100606A0020616A002047
S21402DF982DE9F04F0646CBB0884600880121174681
S21402DFA814F08CF92E4B3A463188ADF8160006A8BE
S21402DFB811F03CFB0DF1280B5A464146C41930882D
S21402DFC811F0BEFAE4B208EB0003A34208BF044607
S21402DFD805464FF004091CBFA4EB0804E4B2234626
S21402DFE85A460121CDE900090BEB050ACDF808B01F
S21402DFF82D1B06A8EDF7BCFEEDB20BEB040300934F
S21402E008019523465A464146308811F0C7FA3488A5
S21402E0183946204608F084FC394600F0F8022046C5
S21402E02808F092FC0121308814F048F901234A4688
S21402E038514680B10DF11600F8F7CAFB01210446D5
S21402E048BDF81620308814F04DF9B4FA84F0400969
S21402E0584BB0BDE8F08F3046F8F7BAFB0446F4E753
S21402E068EB6A00202DE9F04FC9B00446884692466E
S21402E078C118224A04A81F46FFF70CFF4FF00409EE
S21402E088C519EDB208AB0293A5EB0A0BA8EB0A0377
S21402E0985FFA8BFBA8EB0506DBB2F6B204EB0A02C4
S21402E0A8009301215B46CDF8049004A8EDF760FEC4
S21402E0B806F590730DEB03025A44A2F580721368B4
S21402E0C808A844F80830E35D324623F00703E35510
S21402E0D82C442146F0F71AFD08ABCDE9019308AAAD
S21402E0E800230121009604A8EDF742FE3246204698
S21402E0F808A9F0F70BFD49B0BDE8F08FEB6A0020DF
S21402E108F8B5064612F05EFB811C054689B2304613
S21402E11812F036FAF0B1EDB12946304608F000FCA6
S21402E1281228074616D80C4B691C1C5C89B2304666
S21402E13808F0F6FB2C44052FE4B205D1052809D8C9
S21402E148064B1B5C1C44E4B221463046BDE8F84048
S21402E15812F016BA0020F8BD662D0500602D0500DF
S21402E168F8B5054612F039FA0446284610F0DDF8E6
S21402E178A11C074689B2284612F002FA00283ED0A9
S21402E188002C3CD02146284608F0CAFB0646611CED
S21402E198284689B208F0C4FB0F2E30D8194B9B5D6F
S21402E1A8E118731E89B2092B0ED8DFE803F00905B9
S21402E1B80D0D120D0D181E1EC40644BF083189B275
S21402E1C8820601D5083189B22846BDE8F84012F021
S21402E1D8D7B97B78DB0612D501EB4001F3E700F0EE
S21402E1E81F0000EB40000144EDE71F2805D8092E62
S21402E1F80ABF4000022080B2F5E7C828E4D0002013
S21402E208F8BD00BF792D0500F8B5064610F08DF862
S21402E21809220021054613F059FF00F1100428468A
S21402E22814F06BFCE4B207462146304608F078FB49
S21402E2380546304614F026F8BA05A0EB0403DBB20E
S21402E2480AD47C2D0AD0082D0AD8064A505D984270
S21402E2588CBF00200120F8BD1220F8E70320F6E75D
S21402E268FF20F4E78A2D0500014B1878704700BF97
S21402E278EF75002038B5114B04461B7808469BB943
S21402E288012038BDA24205F101050FD103EBC103F7
S21402E2985B6898470028F3D11E2022464FF6FF7186
S21402E2A814F0F4FB0020ECE70025054BE9B213F85E
S21402E2B83120002AE6D11446EEE700BFEF750020AB
S21402E2C8302D05004FF6FF7307B502220DF1060141
S21402E2D80348ADF80630E2F71DF803B05DF804FB14
S21402E2E8603202E0002307B5ADF80430134B9842BB
S21402E2F821D10B88DA0703D5232003B05DF804FB87
S21402E3089B0748BF4FF47F434FF002020C480DF1BB
S21402E318060148BFADF80430E1F7D0FF4FF6FF73A9
S21402E328BDF806209A42E7D10222054801A9E1F77C
S21402E338F1FF0020E1E72120DFE700BF1FD1BACABC
S21402E348603202E0002313B50222038004460DF170
S21402E35806010F48E1F7B2FF2D2801D0112805D192
S21402E3684FF6FF73ADF80630FFF7ACFF9DF80630A0
S21402E378BDF806201BB1238843F001032380002042
S21402E388FF2A82BF238843F00203238002B010BD0F
S21402E398603202E0034B1B78002B14BF4420562041
S21402E3A80E307047616A00202DE9F04F8DB0179C39
S21402E3B806468946CDE90223BDF85870D588ADF8D9
S21402E3C816103CB9EC0605D500970EF0C8F80DB045
S21402E3D8BDE8F08FC5F380242B054FEA043448BF06
S21402E3E844F40064A80511D544F080040A2E00F20D
S21402E3F86981DFE816F09A002F00170037006701D8
S21402E4086701370010009A0037009E00E90548BFEA
S21402E41844F04004EAE74FF001084FF0020B4FF0D1
S21402E428000A14E008A95FFA89F011F04CFBDDF83F
S21402E4382500DDF8291006AB03C3A44B33F81930C0
S21402E448ADF816304FF00008C3460DF1180A002F33
S21402E4585DD125E006AA0DF116015FFA89F003F0F0
S21402E46803FCEFE74FF6F773994540F22B8115F454
S21402E478026F40F02781964B1B78022B03D0043B91
S21402E488012B00F2218147BB032E4FF001080CBF77
S21402E4984FF00C0B4FF0080BBA4624F4C074A4B223
S21402E4A88C4B18884FF6FF73984206D08A49F8F7BD
S21402E4B88FFF10B124F48054A4B2039B384600930D
S21402E4C8BDF81620534644F4027108F051FAADF826
S21402E4D82000002838D1192079E7384613F0D2FEF2
S21402E4E80246FFF757FF032E08BF0138824201DDB6
S21402E4F838206CE7032E4FF001080CBF4FF00C0BC8
S21402E5084FF0080B4FF0000A24F4C074A4B2029B22
S21402E5181B889BB91A463946062000930BF076FEEE
S21402E5280028BDD140F6014051E74FF00008C34627
S21402E53875E74FF001084FF0030B70E700233946E2
S21402E5481A4607200093E9E74FF6FF73614A1188D7
S21402E55899421CD00FF0E9FE03465E4A0430118841
S21402E568039314F0CCFA5D49039B097814F4805F90
S21402E578D9715949574A1FBF086898604868D860D1
S21402E5884FF6FF7313804FF0FF330B604B6059460C
S21402E598029A08A808F0A8FA00289CD0504C2378BB
S21402E5A8002B3CD1A7B1384613F06CFE0746BDF8DF
S21402E5B8200013F067FE23780744002B14BF1222AC
S21402E5C80022EB1003F0040317443B44842B8FDC31
S21402E5D815F400570AD0BDF8204020460FF098FDE3
S21402E5E840F4806189B220460FF07DFDA6F108034B
S21402E5F8012B05D801221021BDF820000FF079FD65
S21402E608179BBDF8204043B32046BDF816100FF0FE
S21402E618C3FDBDF82030179A00201380D7E6AA0655
S21402E628C0D56B0103F020030A2E14BF43F0010382
S21402E63863F07E03DBB2B8F1000F08D00021524621
S21402E648009108A800F086FE0028ABD0BFE61A465E
S21402E658514608A811F015F9F6E7204611F0BDFF55
S21402E668179B02462146042000930BF0CFFD002894
S21402E6783FF458AF0A2E18D84FF4D963F340DB0795
S21402E68813D5072E0AD00A2E08D0BDF8200010F09F
S21402E6980BFC80F00100C0B2800098E608A80EF0D5
S21402E6A8E6FA0028F1D0042091E617B125F04005D5
S21402E6B8ADB22B463146BDF820005FFA89F201F06A
S21402E6C81BFF84E6012082E6162080E60C60002006
S21402E6D8656A00206E750020F0750020266B002003
S21402E6E8616A0020F7B50F469DF828100446DDE952
S21402E6F80B061D46F1B94FF6FF739C421CBF174B1B
S21402E7081C804FF000041CBF154B1A70BDF824007D
S21402E71808F080FA00232A46CDE900433946062047
S21402E7289DF82030FFF740FE10B90EB1AB7A337071
S21402E73803B0F0BD78B14FF6FF739C421FBF074B7C
S21402E7481C80074B1A7000220FF00AFE04460028A7
S21402E758DCD11920ECE72120EAE700BF6E7500201D
S21402E768266B00202DE9F04788469DF828100746B4
S21402E77816461D469DF820A0BDF824900B9839B180
S21402E78858B300220FF0ECFD044610B9192025E014
S21402E7980C464FF6FF739D421FBF114B1D80114B4F
S21402E7A883F800A04FF6F7739E4208D80E4B4FF632
S21402E7B8FD761A784FF6FF73002A18BF1E4648469B
S21402E7C808F028FA00233A46CDE90843314643467C
S21402E7D8BDE8F0470320FFF7E7BD2120BDE8F08734
S21402E7E86E750020266B0020046A00202DE9F0478B
S21402E7F886B09DF838600546DDE90FA80C46174630
S21402E8089946B6BB374B1B78022B1DD125BB4FF654
S21402E818F7739C4214D80026484608F0FBF90023F2
S21402E8283A46CDE900632146FF232846FFF7BCFD9A
S21402E83838B9B8F1000F04D0BB7A88F8003000E087
S21402E848012006B0BDE8F087043B012BDED9084656
S21402E8580EF00AFA10B31DB3022D31D1ECF70CFEF6
S21402E868A042EDD9204B33F814204FF6FD739A4296
S21402E87819E0BAF1000F32D01A4B1B78022B05D1D9
S21402E888FFF788FDB042E6D23820DAE7043B012BD0
S21402E898F6D908460EF0E8F90028F1D11620D0E796
S21402E8A84FF6F7739C42CBD8002EB4D031460022DE
S21402E8B850460FF055FD06460028ADD11920C0E790
S21402E8C8012DBDD104AA0DF10E01E0B203F0CCF978
S21402E8D8064B1B78A342B3D9BDF80E20C5E7212004
S21402E8E8AFE700BF656A00200C600020BE750020F6
S21402E8F830B5104B87B005460C461868596803AA07
S21402E90803C298680C4910609A88DB8852BA23F0CA
S21402E9184003ADF812300023CDE90043ADF81020CD
S21402E928FF23098803AA0720ADF80E50FFF73CFD1F
S21402E93807B030BD346300204063002038B50C466B
S21402E9481146124A124D108022682A6062686A606E
S21402E958A268AA60E288500616D5EA88520613D537
S21402E96861B1002218460FF0FBFC014650B16088E0
S21402E978FFF7BEFF0522074B1A7038BD084611F08E
S21402E9886DFDF2E71920F5E70220F6E7406300205E
S21402E99834630020376B00202DE9F04F074689B014
S21402E9A8104615461C468A4611F017FE01462846AA
S21402E9B807F0B6FF064628460FF0B7FC043014F0F8
S21402E9C89CF880460FF051FE804550D0B2074ED1D3
S21402E9D8DFF8AC80284605A9B8F800B011F003FFA6
S21402E9E89DF81930A8F8007003BBBDF81430EBB9CF
S21402E9F828460FF09AFC023014F07FF84FF6F773A9
S21402EA08984294BF4FF000094FF0010901230134E0
S21402EA18E4B22A463846CDF8009005A9039303F0D7
S21402EA28C5FE039B40B901339C421ED20020A8F8BB
S21402EA3800B009B0BDE8F08F022CF8D1012BF6D150
S21402EA480C4A0D4BA3F800A01378591C11700B4AF8
S21402EA587F3B16F00C01137007D1BDF81A305B061F
S21402EA6803D5BDF81600FFF743FF0223D1E70020BF
S21402EA78DFE700BF636A00206E750020266B002061
S21402EA88406300202DE9F04FABB00F46ADF81E00EC
S21402EA980FF04BFC00F1020A0646504614F02DF819
S21402EAA8BDF81E400546204611F097FD0146204651
S21402EAB807F036FF814600F00308301D14F01DF8F3
S21402EAC8434C20800FF0D1FDA8422DD04FF6F773A5
S21402EAD89D4229D87378DA0726D4284611F04DF9CC
S21402EAE830B101232946BDF81E202088FFF754FFBF
S21402EAF80FF0BBFD364B1B8883420FD1BDF81E4074
S21402EB08204611F06AFD0146204607F009FF10F07C
S21402EB180C0103D1BDF81E0001F0ACFD00222D4BFE
S21402EB281A602BB0BDE8F08F2B49BDF81E0011F015
S21402EB385AFE2A49BDF81E0011F099FD0028274BF7
S21402EB4808BF0023234ABDF81E0013600FF079FBA6
S21402EB58234B1870BDF81E000FF078FB214B187077
S21402EB68BDF81E000FF07DFB1F4B186000238DF8C2
S21402EB782230002F3ED0184BDB889B063AD50FF082
S21402EB8874FD10B3194B1B689D071ED4B8F1010F0C
S21402EB9814BF082318230DF12202009200220DF159
S21402EBA81E00114600F0D6FB20B3B8F1010F9FD124
S21402EBB80F4B1B78112B9BD110F002FF002897D120
S21402EBC840F61D40F9F7E2FF92E70823E3E700BFA5
S21402EBD840630020B85A0020346300201E6B0020D1
S21402EBE8186B0020176B0020A45A0020E44C002063
S21402EBF8656A0020504613F080FF8246BDF81E0064
S21402EC0813F040FBA0F11005EDB22A4631460AA8D9
S21402EC18EFF77CFFFF238DF82F304FF6F7739A45F0
S21402EC2840F2DF80B8F1010F00F0E780B8F1020F7A
S21402EC3800F04681B8F1000F7FF45AAFA44DBDF834
S21402EC481E00EB88ADF8240004930FF06EFBBDF8A7
S21402EC5824600746304611F0C0FC0146304607F0ED
S21402EC685FFE8DF82300B81C7E7813F046FF074631
S21402EC780FF0FBFC06F00106B4F8009003906C88CF
S21402EC88002E7FF435AF4FF6F77A42464946574587
S21402EC988CBF0620082013F0F9FEBDF824B05846AB
S21402ECA811F09BFC5946024643460420CDF80080E4
S21402ECB80BF089FA574583460AD8B5F90620EB8839
S21402ECC8002A05DB580603D541462046FFF710FE04
S21402ECD8BBF1000F3FF40CAF2B88002B5AD16B798F
S21402ECE8002B57D14FF6F7730DF126019F42BDF858
S21402ECF8240094BF4FF0000B4FF0010B10F042FFB8
S21402ED08DFF8D8A100F1FF38BAF800301FFA88F108
S21402ED180593EB88BDF82600069307F001FE069BCE
S21402ED2804990190009322465B460598C1F3401168
S21402ED380DF0A7FF00283FF4DBAE0423062000935D
S21402ED48BDF82610624B5FFA88F20BF03CFA0028F0
S21402ED583FF4CEAE48F202036A889A4205D1BDF85D
S21402ED682410BAF8000000F08DFF594D09AA29466A
S21402ED780DF123000DF083FF034600287FF4B8AE9A
S21402ED882104BAF80000BDF8242060D52346294697
S21402ED9810F00DFF9DF823304D4D03F00C030C2B9D
S21402EDA875D1288910F0CEFE00283FF4A1AE039B49
S21402EDB8002029894B4514BF0226032602F02CFEA2
S21402EDC8444B18704FF6F7739F42BDF8240075D867
S21402EDD8A4F138025342534132463D4904F066FCD8
S21402EDE886E6B8F1020F6BD0394BB3F90630002B22
S21402EDF826DAB8F1010F7FF41DAF0FF036FC238830
S21402EE0883423FF475AE0520BDF81E10FFF732FAAE
S21402EE1800283FF46DAE2E4AD3885B0607D500233A
S21402EE28CDE900330A20FF232188FFF7BDFA3A46C8
S21402EE389DF822302188BDF81E0002F023F957E615
S21402EE4829460AA800F070F80028D2D050E6022117
S21402EE58DFF88C8088F800102946CDF800B003F059
S21402EE68A5FC132C96D0EB885D0493D41A4B1B781A
S21402EE78D80703D598F80020022A8BD099077FF581
S21402EE8837AE98F80030012B7FF432AE82E70022C4
S21402EE982B79124800936B791146008802F0E4FD3C
S21402EEA80C4B18709DF8233003F00C03082B89D1FD
S21402EEB8039B4B4514BF0426052683E701238BE7ED
S21402EEC84846BDF81E20024901F048FB10E600BF7E
S21402EED834630020366B0020066A00204063002058
S21402EEE8276B002010B5002108480FF094FA044654
S21402EEF850B101460420FFF7BDF928B12046BDE807
S21402EF0810400121FFF7BEBD10BD00BF24630020DC
S21402EF18034BFF211A7803489200EFF767BC00BF3D
S21402EF28BF7500200C49002070B5451804464FF0FE
S21402EF38FF31AC4212D1104B10481A78054600230E
S21402EF48934211DB0E4C2078431CB3FBF2F602FB0D
S21402EF58163345F82010237000200CE014F8010B35
S21402EF68E0F70CFB0146E4E750F8044BA14201D057
S21402EF780133E5E7012070BDBF7500200C4900206B
S21402EF88286B0020042307B501200DEB0301054A70
S21402EF98F7F744FD019B044A1B03136003B05DF8B0
S21402EFA804FB00BF23E11100B45A0020014B186885
S21402EFB8704700BFB45A0020014B1868704700BF5C
S21402EFC8B45A002010B5064C2368C3F30B0313B9D2
S21402EFD80448E1F763F92068431C236010BD00BFAC
S21402EFE8B45A002023E111002DE9F04F93B00393A1
S21402EFF80023DDE91C79069399F8003083460DA8AC
S21402F00804930E4615460DF0B3FA99F8003013F03D
S21402F01803043ED0039B0DF1250A8DF82430002206
S21402F028082138460FF0B3FA002870D028880FF067
S21402F0387CF999F800301C074CBF0430023013F0F4
S21402F0485CFD07A98046F7F7D7FE9DF824300446EC
S21402F058980633D5288806F10D0111F091FAA8B161
S21402F06800230093384608232988721D13F04AFEA7
S21402F07899F8003003F01803182B4AD1B8F1000F9C
S21402F08847D0A94BB3F86830434542D040F60A4306
S21402F09827E02888711D11F073FA0028F6D000942C
S21402F0A805233246298809A813F02CFE9DF8243039
S21402F0B80DF1240A03F018030393B0E714BB39468C
S21402F0C84046F8F785F90028D2D099F80030990713
S21402F0D8DCD0402322462146404610F016FE40F673
S21402F0E8094399F8002012F0030440F0F7802888B4
S21402F0F803930FF07DF8224601461A2013F0C6FC49
S21402F108039BEBE007AB03CB38607960B0E74FF6BA
S21402F118FF780DF097FD044620B104213846F7F72C
S21402F12893FE04461E9B002B5AD009231E990DA84F
S21402F1388DF834300DF096FB209B0BB1209B06937E
S21402F148039B002B40F08E800DA8ECF773FE99F80F
S21402F15800309A0700F09880FFF734FF51460246BF
S21402F16801200DF0BBFD99F800309B0710D55946D3
S21402F178288811F0FEFA0BF1090350FA83F35FFAB6
S21402F18883FB5946288811F0CBFA00EB0B06F6B239
S21402F19899F8003013F0C20F0AF104030DD09DF857
S21402F1A82420624942F020028DF824200A68CAF810
S21402F1B804204A685A600AF10C03012209A8009240
S21402F1C81B1A324629889BB213F09CFD32465946D2
S21402F1D82846FEF7DDFE002800F0A48000237DE026
S21402F1E81F9B5BB19E460DF1340CBEE80F00ACE8DF
S21402F1F80F00DEF80030CCF800309DE7049B594635
S21402F20803F020032888049307F08AFB10F0030F04
S21402F2180CBF012300230593049B059A003B18BFE5
S21402F228012342EA430300930DAA06AB38461F9908
S21402F23800F01AFB049A034682B1002880D0059B88
S21402F2480DAA0093384606AB1F9900F00DFB03463D
S21402F25899F8002022F0200289F80020002B3FF4BB
S21402F2686FAF3EE7039B102B06D1BDF8363043F04E
S21402F2780103ADF8363067E7039B182B4FD1BDF86C
S21402F288363043F00203F4E701200DF125010DF0B4
S21402F29833FD99F80030824613F0040F288821D1EE
S21402F2A8069B1BB3002C35D00EF0A2FF00220146A7
S21402F2B8162013F0EBFB84B17FB14FF6FF73984527
S21402F2C80BD000230DA91A4638460DF0EBFB39463B
S21402F2D840469DF835200DF0CDFC0123184613B0A4
S21402F2E8BDE8F08F002CDFD1104F01E0002CDBD1F7
S21402F2F800233246009359463B4610F0C2F90028CE
S21402F3083FF4C4AE002C3FF469AF069A0AF1010333
S21402F318136063E71B685345C6D80124E8E740F63E
S21402F3280A43DBE71923D9E79C590020EB6A002039
S21402F338002307B5054A0648136004220DEB0201AE
S21402F3480193E0F7E7FF03B05DF804FBB45A002028
S21402F35823E111002DE9F04F0446B1B000888DF87C
S21402F3682F3016468A4611F038F90146814620881B
S21402F37811F0D6F900EB0908208811F023FA0023C9
S21402F3889DF82F505FFA88F815F001070790ADF838
S21402F398363008D101460DF13602208811F0AAF857
S21402F3A808B1ADF8367016B9CDE90E660EAEFEF7A0
S21402F3B83BFB18B145F020058DF82F500023CDE908
S21402F3C8033302930DF12F03CDE900632246534619
S21402F3D841464846FFF708FE0546002800F0CA8060
S21402F3E89DF82F3013F0010747D123F020038DF83C
S21402F3F82F300FF03AF968B17C4A10AB10685168A2
S21402F40803C3184600F002FA0546FEF70FFDBBB224
S21402F41898423BD83A9B13B100233A9A1370BDF828
S21402F4283630CBB10121208812F048FF27880546DE
S21402F438002800F0CA800121384612F03FFFBDF8C6
S21402F44836700546384612F01DFF002300903A46ED
S21402F4581946284610F0D1FF0023CDE9033302935C
S21402F4680DF12F03CDE9006322465346414648462E
S21402F478FFF7BAFD054600287CD00FF0F6F80028FC
S21402F48840F0BA80284631B0BDE8F08F18AB14AA0F
S21402F49826A9F8B20DF05BFB002840F094800822FB
S21402F4A810A927A8EFF7EEFC8346ADB19DF8A53064
S21402F4B813F0020F08930FD0082212A927A8EFF715
S21402F4C8E1FC48B9089B590706D53A9B13B10123B4
S21402F4D83A9A1370089507E03A9B002B61D1BBF164
S21402F4E8000F70D1002308930DF1740C14AB0FCBE8
S21402F4F88CE80F00BDF83630CBB10121208812F017
S21402F508DDFEB4F800B000284FD00121584612F0AC
S21402F518D5FEBDF8362083461046099212F0B2FE92
S21402F52800231946099A0090584610F066FF304B99
S21402F5380DF1740B0493002303930DF12F03CDE909
S21402F54800632246534641464846CDF808B0FFF7C0
S21402F5584BFD002837D1002D33D012AA5B464FF454
S21402F56882714FF4005000F0D9F8089B13B126A810
S21402F5780DF0F9F80FF079F888B11E4B1B689A0758
S21402F5880DD4FEF751FA50B1184A18AB10685168F4
S21402F59803C3002226A918A80FF050FF00BB0025B7
S21402F5A870E700233A9A137099E7BDF836200A9056
S21402F5B81046099212F066FEDDE9092307990090C3
S21402F5C8B2E72A46CAE701371FE7BDF836B05846FB
S21402F5D812F058FE2B4600905A463846079939E7E5
S21402F5E826A918A80FF066FFD3E700BFF752040053
S21402F5F8E04C0020E44C00209DF82F3003F0110365
S21402F608102B7FF43FAF3E4B1B78432B7FF43AAF69
S21402F6183C4B1B685B067FF535AF208808F1050171
S21402F62810F0AEFF834600283FF42CAF41462088F0
S21402F63807F076F9344B10F0200F08BF1E4612A8C2
S21402F64800F0E4F80822314612A8EFF71BFC00285F
S21402F65852D0314612A80DF0CEFA012326AE0093F8
S21402F6683246002314A912A800F0FEF800287FF4F8
S21402F67809AF12AB0DF12F07CDE903600290009394
S21402F68822465346414648460197FFF7ADFCA8B3C3
S21402F698BDF89A30102043F0080318AA14A9ADF84A
S21402F6A89A300FF0A8FE00287FF4ECAE12ABCDE934
S21402F6B80360CDE901700093224653464146484608
S21402F6C8FFF792FC054600287FF4DCAE18AB4FF431
S21402F6D89071002012AA00F021F84FF00051002085
S21402F6E810F023F9BBF1000F3FF459AF4FF08051E9
S21402F6F8002010F01AF952E78346AEE714ABE6E7A5
S21402F708656A0020E44C0020065A002001461A23A7
S21402F7180120014AF7F782B924E10100F0B516463E
S21402F72891B0074609A80D461C46FFF7EFFF3EB103
S21402F738336845F04005CDF826307368CDF82A3090
S21402F7481B4B1A6822EA070242EA050119604B04B3
S21402F7580DD5BDF824200B0A03F4E243C9B222F4FD
S21402F768E3420B4322F07F021343ADF824301A23F8
S21402F7780020104A09A9F7F751F9B4B104A80CF009
S21402F788F7FE02236A468DF810301546234604F122
S21402F7981006144618685968083303C4B34222464A
S21402F7A8F7D1294604A80DF05DF811B0F0BD00BFE8
S21402F7B8E44C002024E1010047F2FF10044B1968CC
S21402F7C841F48042014041F480411A6010F0ADB81D
S21402F7D8E44C002000B589B0FEF7BCFB01A8FFF791
S21402F7E895FF0948BDF804200168130221F0FF01BD
S21402F7F803F4E2030B43D2B2134343F48043036099
S21402F80809B05DF804FB00BFE44C002010B50C4BB1
S21402F8180446186888B0830706D54FF0FF3323607E
S21402F8280120636008B010BD10F04000FAD001A8AD
S21402F838FFF76CFFDDF806302360DDF80A30EFE7E5
S21402F848E44C002008B5074B02461B6813F0400339
S21402F85805D118461946FFF761FF012008BD0020AA
S21402F868FCE700BFE44C00202DE9F0479EB0804636
S21402F8780C461D4691469DF898A0A2B116463046FB
S21402F8880CF076FE1AF0020F0FD004B917AC224617
S21402F8983146404601AB0DF038F90DB100232B6016
S21402F8A81EB0BDE8F0870DAEE9E701AB314640462B
S21402F8B805AA0DF0F7F873780AF0010AFF2B26D08E
S21402F8C8002840F0B68054B105AA09AF134603CB08
S21402F8D8BB42206061601A4604F10804F6D125B1DD
S21402F8E87278554B03EB82032B60BAF1000F01D1F5
S21402F8F80020D5E7BDF80430D906F9D418204FF60B
S21402F908FF71727813F0C2F840F60E40C8E74B4F04
S21402F9183DB10EF0AAFE10B13B689A072BD500231C
S21402F9282B603B6803F03003102B01D0202B24D128
S21402F93817A8FFF7EBFE082240460DF15E01EFF727
S21402F948A1FA20B13B6803F04403402B15D0BAF164
S21402F958000F15D109A80FF0ECFF02233370002C14
S21402F9684CD1B9F1000FC3D00EF07FFE60B3301D44
S21402F978FFF74CFFBCE7324BD2E740F60A408FE768
S21402F9883B68DB03E6D509A80FF0D3FF02233370E2
S21402F99874BBB9F1000FB1D00EF067FEF0B1301D9E
S21402F9A8FFF734FFAAE73B6803F08403842B2CD0C6
S21402F9B809AB0DAF1A4603CABA4220606160134605
S21402F9C804F10804F6D105E025463B6803F08403F3
S21402F9D8842B28D0301DFFF719FF26E03B68012547
S21402F9E803F08403F4E73B68012503F08403DDE7AC
S21402F9F80EF03BFE0028F6D00125D9E70EF035FEBC
S21402FA0805460028CFD00025D2E712A80CF0B0FD94
S21402FA18022312A88DF84830ECF70CFA2246082181
S21402FA284046ECF75FF910237380002D3FF460AF71
S21402FA3864E72D2034E700BF68480020E44C002025
S21402FA48E04C002049B9084B197849B14EF66023B4
S21402FA58594328B1054812F0E5BC41F28831F8E767
S21402FA680248F6F761BF00BF056A0020304C002046
S21402FA7870B586B005460EF0F8FD10B9022006B03D
S21402FA8870BDF7F745F80028F8D001A8FFF7BEFEC4
S21402FA9806460028F2D08DB92E4B1C6814F00204D4
S21402FAA806D02D4B1B78112BE8D12C4BB3F86840A7
S21402FAB84FF481630221ADF80C3023E02846F7F7AD
S21402FAC80FFD0028DAD1234B1C6814F0020406D076
S21402FAD8214B1B78112BD1D1204BB3F86840082252
S21402FAE8294601A8EFF7CEF90028E1D04FF40273B1
S21402FAF800260A21ADF80C302B68CDF80E306B685C
S21402FB08CDF81230002203A80EF02AFC024608B9E5
S21402FB181920B4E70F4B196801F03003102B17D0E1
S21402FB28202B14BF01230323490001F004010B43D1
S21402FB382046002101F09AF80028E9D00021012089
S21402FB48FFF780FF16B10122054B1A70002096E7D0
S21402FB580323E9E7E44C0020656A00209C5900204C
S21402FB681D6B002030B5002585B0CDE90055F6F7A7
S21402FB78DBFE0EF07AFD1E4C60B905F0AFFF0D25D0
S21402FB88002108462170FFF75DFF294668460CF0FB
S21402FB984BFC18E023784BB3164917480A780078C6
S21402FBA8904223D90132012B0A700ED12A464FF40D
S21402FBB8A071284602F012FDC0B2B8B941F28831E7
S21402FBC80E4812F02FFC05B030BD022B09D128468C
S21402FBD802A9F7F7FDFB0028EED102A8FFF748FFB7
S21402FBE8EAE7032B02D101F0FBF9E5E70425C7E7AC
S21402FBF8296B00202A6B0020F8750020304C002064
S21402FC0870B51B4A1B4D04465168106886B02E789C
S21402FC1801AB03C31EB10224204606B070BDF6F738
S21402FC28CFFF0228F7D10EF020FD0028F3D003A854
S21402FC3800F03AFE082201A90DF10E00EFF722F9AC
S21402FC48A0B10D4B32464FF4A07130461C7002F03C
S21402FC58C5FC04460028DFD10123084A41F2883150
S21402FC6807482B70137012F0DDFBD5E72324D3E781
S21402FC78932D0500296B0020F87500202A6B0020BA
S21402FC88304C0020F0B50C4600219BB02B4F0646A0
S21402FC98492207A80691EEF7A9FD3B78012B34D135
S21402FCA89EBB0DF10E0120460FF06CFF0546BDF80F
S21402FCB80E0012F0E7FA441BE4B2BDF80E10234613
S21402FCC82A46009606A813F01DF8304604A9F7F748
S21402FCD87FFBD0B9CCB19DF81920B2B9BDF8233054
S21402FCE803F47E43B3F5285F1ED3B3F5385F0ED30D
S21402FCF81349BDF80E000B6843F400030B6029464F
S21402FD080CF093FF18B104233B701BB0F0BD012220
S21402FD180C4B04A81A70FFF7ABFE41F288310A486A
S21402FD2812F080FB0223EFE711463A70FFF78AFECD
S21402FD381E2104A80CF078FBE7E700BF296B002019
S21402FD48E44C00202A6B0020304C0020014B18702F
S21402FD58704700BF2A6B0020014B1878704700BF17
S21402FD68296B0020014B1870704700BF296B0020D2
S21402FD782DE9F04F0446408891B00E298846ADF822
S21402FD881A0079D094F80890A7790EF0CEFA09A945
S21402FD980546BDF81A00E67910F025FDBDF81A00EA
S21402FDA80EF0B6F9420542BFBDF82A3043F40053B6
S21402FDB8ADF82A30E379DB0642BFBDF82A3043F4B1
S21402FDC88053ADF82A30BDF82A30980613D5022F8C
S21402FDD857D10CA9207A0FF076FEDDF83500DDF84B
S21402FDE8391007AB03C307AA0021042300910DF1BB
S21402FDF81A00FFF7AFFA0121BDF81A0012F05EFAF0
S21402FE08022F824649D1474B33F81950B8F1000FF2
S21402FE187ED0BDF82A2051067AD54FF6FB739D424E
S21402FE2876D8414B1B78033B012B04D83F4BB3F8DB
S21402FE386830AB426CD0D30502D5284610F025F8B8
S21402FE48BDF82A30D80463D5002F33D1BDF81A007E
S21402FE580EF05EF9C10663D548F23403BDF82620D3
S21402FE689A4209D1324E3078FF2805D00322294615
S21402FE78FBF782FBFF2333700023236011B0BDE833
S21402FE88F08F012F01BF237A2A4A03EB430302EBC2
S21402FE98830314BF00229A1CA6E7012F05D10C2360
S21402FEA803FB09F3234AD55AB0E7A81C12F025FE2D
S21402FEB80546ABE7284601F0F7FEBDF81A000EF035
S21402FEC827F9C206C8D463895046059312F0DAF9B0
S21402FED88346504612F0BAF9059B02905FFA8BF0F9
S21402FEE84A46394601900093404609AB0CF034FA6C
S21402FEF8B8F1000F14BF0B20092016F0030218BF32
S21402FF0802F1FF32294618BFD2B212F0BFFDA3E7AC
S21402FF18BDF81A000EF0FCF8C3069DD4002FD2D105
S21402FF28A946D0E70C600020666A00209C5900208B
S21402FF38FC7500204C5F002038B500240F4B104D8E
S21402FF482A78A24205D8C2B9BDE838400D48F6F765
S21402FF58EBBC598869B9013AD2B2A2422A70EFD0EC
S21402FF68121B184603F110011201EEF791FC034624
S21402FF78E6E701341033E4B2E2E738BD6C48002005
S21402FF882D6B00208874002070B51A4B1A4A1D780B
S21402FF980023DCB2A54200D870BD14466688013339
S21402FFA8864202F11002F4D1E379A588E16003F0F3
S21402FFB840028DB9CAB123F00403E3710EF0B5F915
S21402FFC8037803F07F03037021880029E4D1BDE893
S21402FFD870400A4812F026BA00216580A180002ADD
S21402FFE8E9D1BDE87040FFF7A7BF2046FFF7C0FE7D
S21402FFF8F7E700BF2D6B00206C48002088740020AD
S2140300082DE9F047044686B040880F4615460EF09D
S2140300188CF9A3798046082B52D8DFE803F0052E1F
S2140300281851515151510500023012F066FD002D4A
S2140300384ED06946F7F7CCF9002841D1684601F057
S214030048DDFEB0FA80F0400906B0BDE8F08702A9E5
S214030058207A0FF038FD6B466E46DDF80D00DDF8A6
S2140300681110334A03C3237A32F81390314AD05C0B
S21403007875B131460FF04BFDE6E7237A2E4903EBBD
S214030088430301EB830231F82390907A961CEFE73B
S2140300984FF6FB7AD14515D9304603F0ADFF4FF638
S2140300A8FF739842054615D00146304601F018FE00
S2140300B8554508D9E379DA060ED440F62243E360B9
S2140300C80020C1E74D46294608F1020012F017FD45
S2140300D80120B9E74D46EDE74FF6FC78454512D1C2
S2140300E803F00C030C2B1CD1DFB130464FF6FD7121
S2140300F801F0F6FD40F61F412046E160FFF738FEA3
S214030108FFF71AFFDCE74FF6FD739D4209D100237C
S214030118304619461A4602F02DFB4146304601F092
S214030128DFFDE37943F00C03E37140F62343C6E7A8
S2140301380C600020116A00204C5F002073B504464B
S21403014840880E460EF0F1F8023012F0D6FC0CF09A
S2140301588BFD18B1A11C201D0CF08BFDE6B1E579CB
S2140301680135EDB2E57115F0400514D0EBF77EF9CD
S2140301780122054600212046FFF742FF18B1394BF6
S2140301881B882B449DB2384B1B78042B01BF354B79
S2140301981B885B199DB22580002231462046FFF74F
S2140301A82FFF20B360880EF0C0F8E2792F4922F0BB
S2140301B80C03E3710B7805460133DBB20B70C3718E
S2140301C82B4BA61C1B780BB3E37998061ED5294937
S2140301D8097871B159060CD592070AD5002204236B
S2140301E8114630460092FFF7B5F810B1E06002B04A
S2140301F870BD00220123114630460092FFF7AAF885
S21403020820B1E37943F00303E371EFE730460CF0DC
S2140302182EFD0028EAD16088FBF77EFD0328E6D882
S214030228DFE800F0020D1D19E37943F00403E371D8
S2140302381B06DCD5104B1A78104B1A70D7E740F616
S2140302482443E360E37943F00803E3712B7803F070
S2140302587F032B70CBE740F62543E360C7E740F6FA
S2140302682643FAE746750020666A0020636A00207C
S214030278616A0020F9750020096A00202C6B0020AB
S2140302882DE9F74F064612F04EFB5F4B0546B3F8CB
S214030298009018805D4BA0EB09041B78A4B2A34218
S2140302A898BF00234FF000084FF6FF7788BF1B1B45
S2140302B8564A88BFDBB21370DFF864B1A9EB0003B4
S2140302C80093534B5FFA88F2197891420ED80EB111
S2140302D8FFF732FE4FF6FF739F4200F08E803946D3
S2140302E84C4803B0BDE8F04F12F09CB8BBF80220A8
S2140302F8002A3CD0484B9BF807201878BBF800A088
S214030308042818D00020BAF1000F08BFA2462044DC
S214030318504523D2BBF80010009B1944ABF80010D5
S214030328002E4ED002F04802482A4AD100215846E9
S214030338FFF704FF45E00192F6F790FF30F010034D
S214030348019ADFD1FAF702FD344B019AB3F800C0DD
S2140303588445D7D9ACEB000080B2D4E702F00C0092
S214030368042807D10022ABF800200BF1100B08F184
S2140303780108A6E7510602F0030C02F008000ED5A2
S21403038828B3BCF1030F25D1DEB1DBF80C105846B1
S214030398002908BF4FF44261FFF7EAFC11E040B3B7
S2140303A8BCF1010F25D11206EED44FF4C862ABF8A0
S2140303B800209BF8072022F0030242F002028BF883
S2140303C80720BBF80020974228BF1746CDE703202F
S2140303D88445D9D213060ED50C4B1A780AEB0200BD
S2140303E8844208DA4A44521B0AEB0201ABF80010AF
S2140303F8E7E70120ECE7012199E7064803B0BDE8E3
S214030408F04FF6F791BA00BF2A6300202C6B002042
S2140304182D6B002088740020666A0020467500202D
S2140304286C480020F8B500250A4E0B4F3378ECB21B
S214030438A34204D8BDE8F8400848F5F785BF07EB9C
S2140304480414A01CF5F780FF201DF5F77DFF013582
S214030458ECE700BF2D6B00206C48002020630020CB
S21403046870B500240B4D0C4E2B78A34208D81B1BE3
S214030478DBB22B706BB9BDE870400848F6F754BA80
S21403048806EB041040F621410134FFF771FCE4B291
S214030498EAE770BD2D6B00206C48002088740020A6
S2140304A82DE9F041002506462F46114CDFF8448017
S2140304B898F80020EBB29A4203D8BDE8F041FFF75C
S2140304C83BBD60880DF031FF023012F016FBB042D8
S2140304D80AD16088F8F74AFA00230E21184662887C
S2140304E803F086F92780678010340135E0E700BFFC
S2140304F86C4800202D6B0020F8B5154EDFF858E041
S21403050835789EF800E0134FAE454FEA051C07EB17
S214030518051419D0002503F4835343EA1323A17162
S2140305282272E371608027F80C50A58006F078FBEA
S21403053840F60243E360337860810133284633701C
S214030548FFF79EFE2846F8BD40F60340FBE700BFCC
S2140305582D6B00206C480020BD7500202DE9F04F58
S214030568344B0D461C78174685B05CB9B1F906803E
S214030578DFF8C890DFF8C8A0DFF8C8B099F80030ED
S214030588A34202D805B0BDE8F08F0AEB0416B0887C
S21403059800B9708801A910F026F9AA7A9DF80E30DA
S2140305A89A4244D1B8F1000F0FDA297A9DF80C2045
S2140305B82B89914209D8204800780844824236DAC3
S2140305C8521A1B0A1341D90731D5384610F0FAF8E0
S2140305D8BDF80A3004469A0602D5EB889B06D1D5A1
S2140305E8F37903F00C03042B08D17088F8F7BEF9E7
S2140305F8002372881946184603F0FAF80021304695
S214030608FFF7B6FBFFF798FC384611F03BFE84422B
S21403061808D2337A01228BF800302946002338465D
S21403062803F044F8B8F1000FACDA0024A6E7013467
S214030638E4B2A3E72B6B0020BC7500202D6B0020CB
S2140306486C480020366B002008B512F06CF9074B8F
S2140306581B88C01A80B2B0F5807F05D9BDE808406C
S2140306680021034811F0DEBE08BD00BF2A63002040
S214030678887400202DE9F04788B004460D460FF02D
S214030688ACFF0146204606F04BF910F0030340F092
S214030698848010F00C0F06D12946204608B0BDE822
S2140306A8F047FFF771BC20460DF032FDC10659D45A
S2140306B820460FF092FF0146204606F031F907461A
S2140306C820460DF032FE0646023012F016FA05A949
S2140306D88046204607F00C0796F806A010F083F825
S2140306E873780C2F0CBF03270627012113F0010F7D
S2140306F8204618BF032711F0E1FD2B4B81461B78D4
S214030708033B012B1DD9BAF1010F1AD94FF6F7731C
S214030718984502D8337A1F2B13D9301D12F0EDF9FA
S214030728F17982460EF007FA06465046F7F726FD95
S214030738DEB173685A1C04D0834340F6284308BFC7
S2140307481D461A4B1B88A34212D1B5FA85F04009F9
S214030758FAF7A6FD20460DF009FD002201460720FC
S21403076812F094F908B0BDE8F08740F62845E8E7A4
S21403077806F056FA8246484611F084FD0646484671
S21403078811F064FDF6B20290424639462846CDE992
S21403079800A605AB0BF0E0FDDCE7012BE2D110F079
S2140307A80C0FDFD178E700BF666A002020630020BD
S2140307B8002210B5094B1C78094BD1B28C4201D8DC
S2140307C8002010BD197A814202D19979022902D0F4
S2140307D810330132F1E70120F3E700BF2D6B002049
S2140307E86C4800200146002210B5084B1C78084BBD
S2140307F8D0B2844201D8002010BD187A884202D1AC
S21403080898790128F8D010330132F1E72D6B0020D0
S2140308186C480020002210B40A4B1C780A4BD1B24D
S2140308288C4203D85DF8044BFFF786BB197A8142DE
S21403083805D19979012902BF0021198059801033FF
S2140308480132ECE72D6B00206C480020044B1B6834
S21403085813F0300F03D0202130200FF066B870470E
S214030868E44C0020002310B5044608491A4601EA5A
S21403087800414FF07F60FEF751FFE30703D50021E1
S21403088830200FF052F8002010BD00BF000072079A
S214030898044B5B8823F4784323F08D0303800020FE
S2140308A8704700BFE44C002008B500220346C3F88F
S2140308B80220C3F806200B4A02301268D1B212F09F
S2140308C8200F18BF41F010011980930701D4FEF7D3
S2140308D89DFF054B1B78023B032B8CBF172000207C
S2140308E808BD00BFE44C0020656A002038B50546FD
S2140308F80C46FDF72FFB98B10E4B187878B10E4BC4
S2140309081B681A040FD58CB113F0420F00D17DB1C2
S21403091803F44073B3F5407F0CBF0020232038BD93
S21403092840F60840FBE740F60B40F8E72046F6E7B4
S2140309382320F4E7616A0020E44C0020F0B504465F
S2140309488DB007A80D4616460BF012FE102200219E
S21403095803A8EDF74BFF5CB1234603AC03F110077E
S214030968224618685968083303C2BB421446F7D1AF
S214030978012703A986EA070307A88DF81C708DF8D4
S2140309881D300BF060FF80EA070401A8E4B2EBF71A
S214030998AFFAB6B101A88DF80650EBF7D5FA64B1ED
S2140309A8002303A907A88DF81D300BF05BFF0C4B3B
S2140309B81B78432B01D1F7F7CFFC0A4B1D700DB0FC
S2140309C8F0BD01A88DF80750EBF7BEFA002CF6D059
S2140309D803A907A88DF81D700BF044FFEFE700BFC7
S2140309E8656A0020606A0020F0B5012593B00746C3
S2140309F80DA80C460BF0BCFD05A90DA8ADF83450A0
S214030A080BF04BFF01A8EBF773FA09A90DA88DF8AD
S214030A1835509DF806600BF040FF0DA89DF807506B
S214030A280BF0D1FE70BB731BDBB2802B28D91FB12A
S214030A38A64225D0A54223D105A90DA80BF012FF7F
S214030A4803A8EBF755FA03A88DF80F60EBF77CFAC3
S214030A580122294609A8FFF771FFF7F733FD01219D
S214030A684FF4007003F0E6FDFDF75CFAB0F1004FB3
S214030A7801D9FDF75DFA044B18780BF0D3FC012077
S214030A8813B0F0BD0020FBE7606A002070B50E4681
S214030A98144605460320FFF765F946F0040229467F
S214030AA820460BF039FF0022014B1A6070BD00BFC9
S214030AB8E04C0020F0B587B00788054610220021D1
S214030AC802A8EDF793FE3E4B1B78002B76D1BC05A8
S214030AD85ED407F08403842B63D00022394C114676
S214030AE81046FFF72BFF17F4045F276005F102068D
S214030AF81CD0B9040AD5304605F0A4F900284ED10F
S214030B08236823F4005343F48073236030460EF0BF
S214030B189AFF002842D10BF027FD18B9236843F43F
S214030B2880332360236843F02003236022680DF193
S214030B38060042F400432360FFF7AAFE12F4805F20
S214030B48BDF8063031D043F02003ADF806302168EF
S214030B58334611F0400218BF05F123024FF07F60B9
S214030B68FEF7DCFDBDF80630DA0703D50021302092
S214030B780EF0DBFE23689B0506D5012295F82210A6
S214030B8805F11200FFF7DAFE00200F4B186006E0A7
S214030B9805F112000EF057FF00289AD0292007B057
S214030BA8F0BDB80799D52320F9E723F02003ADF85D
S214030BB80630FDF7BDF9FEF7BBFBC8E70220EEE7F4
S214030BC8656A0020E44C0020E04C002008B5054B7D
S214030BD81B7833B1FFF73AFEBDE808400248FEF734
S214030BE831BE08BD616A0020EB6A002010B5154BBC
S214030BF81B78D3B1144B1B78033B012B15D9002064
S214030C080FF0E4F9044698B1EAF760FC237913F089
S214030C18300F0AD148B1012803F0CF0206D0811E4F
S214030C284B424B415B011343237110BD1023FAE774
S214030C38F7F7DAF80028F8D021462046BDE8104032
S214030C4804F096B8616A0020666A002008B50DF0BD
S214030C580CFD054B18B91868C0F3800008BD186862
S214030C68C0F30050FAE700BFE44C00202DE9F04F2C
S214030C78064689461046002189B01546984605F06B
S214030C884FFE102807460AD86A4B0341DB0706D4EB
S214030C98C8F340049DB9002009B0BDE8F08F664B41
S214030CA81C78002CF6D0FFF7D1FF00280CBF4FF4B2
S214030CB8F0744FF4D074FC4004F00104EAE74FF0F4
S214030CC8000A18F0010F5346524629464FF005000E
S214030CD8CDF800A00CBF4FF0080B4FF4027B09F0C9
S214030CE895FA0028D7D0C823324600935946534668
S214030CF8284605F03DFEADF80E000028CBD018F0C8
S214030D08080A4AD14FF6F773A7F10F02D2B29E42EA
S214030D188CBF09230123012A01D843F04003474A1D
S214030D288DF810301378591C11708DF81130002C7B
S214030D384FD09DF81030052F43F020038DF8103060
S214030D4833D03F4B1D78002D5AD04FF6F773002546
S214030D589E424FF00F0248D9012304A90DF10E0055
S214030D68F5F736FD002896D1002C4DD1BAF10001CF
S214030D7833463A4618BF0121BDF80E00CDF8009059
S214030D880BF07CFFADF80E00002884D018F0040F93
S214030D984DD031460EF09EF87EE749460DF10E001B
S214030DA805F02AF80028ADD175E70121BDF80E0035
S214030DB811F084FA012105F0B3FD0123834013F0F3
S214030DC8620F1CD11E4B1B78E3B14FF6F773182539
S214030DD8BEE71B4B25461B780222002BBCD04FF6DA
S214030DE8F7739E42B8D8052FB6D0BAF1000FB3D121
S214030DF89DF8103043F040038DF81030ACE710250B
S214030E080F22A9E71825FBE7BAF1000F0AD0022339
S214030E184A46009029460DF10E00FEF79BFA002875
S214030E28A4D038E741235246CDF800A0F2E70EF0E7
S214030E383BF831E79FFEFEFF616A0020626A0020E6
S214030E48536A00202DE9DF431E46144B80461B6871
S214030E580F469B0791460A9C1BD4204614B10BF0F9
S214030E68F5FEC0B20622CDE902403B460020CDE996
S214030E7800890B490FF031FB024650B10021002EC2
S214030E880CBF01230323084604B0BDE8D043FFF78D
S214030E98EDBE002004B0BDE8D08300BFE44C0020BC
S214030EA89DC904002DE9F04F8DB081468A461F463A
S214030EB893469DF85C803AB903A8FEF7A7FCB0BB37
S214030EC800200DB0BDE8F08F1546002223211046FA
S214030ED80DF046FAADF80A000028F1D011F0B6F97D
S214030EE80523044618F0100F00F8023B677020D05D
S214030EF811220021EDF77AFC04F11306032F4FF0B5
S214030F08080237D159463046EDF7C2FCC8F38013BA
S214030F1806F1090533720BF095FE00283ED0002330
S214030F282B706B700123033505F8013C36E003ADDF
S214030F38CBE7012610221699EDF7AAFC06FA07F363
S214030F4813F0620F02D104F11206D7E707A80BF0D5
S214030F580FFB05A88DF81C60EAF7CAFF9DF8162054
S214030F6818F0200F9DF8173008BF134604F1130630
S214030F78A374C3E751463046EDF78AFC012306F10E
S214030F880802121B28460093BDF80A10082392B2DB
S214030F9811F0B8FE042F06F11005BCD02D1BA9B21C
S214030FA80DF10A000FF001FA002889D118F0040F92
S214030FB80BD0484611F06AFBFF281FBF074A32F8D2
S214030FC8103023F4804322F81030434651464846EF
S214030FD8BDF80A20FFF74AFE73E700BFB462002095
S214030FE870B5032690B08DF807600DF03EFB18B970
S214030FF80224204610B070BDF5F78AFD0028F7D006
S21403100802AD2846FEF702FC0028F1D01B4B1C68ED
S21403101814F00204ECD140F20F43194AADF8243019
S214031028136804A8CDF826305368CDF82A300BF099
S2140310389FFA95E8030005AB83E80300062304A894
S2140310488DF81D308DF81060EAF7F4FE01210DF1D6
S2140310582E020DF10700EAF745FE22461A2109A8D3
S2140310680DF07EF9024608B91924C2E7012329467A
S2140310782046FFF7FBFD0028BBD1F5E7E44C00202C
S214031088EB6A00202DE9F04F06460F46002199B07B
S2140310981F2210A803930F91EDF7A8FB30460FF015
S2140310A89CFA0146304605F03BFC8DF81B0030469B
S2140310B80DF03BF99DF81B3045788146C5F340058E
S2140310C89806304648BF45F002050FF07BFB0446FA
S2140310D8304611F0D7F80023001B5FFA80FA009316
S2140310E85346232B28BF2323224631460FA811F045
S2140310F809FE002840D19E4B9DF83C801B789DF83E
S2140311083DB0002B3BD0FFF7A1FD00280CBF4FF4E2
S214031118F0734FF4D07323FA08F3D9072FD5AA0729
S2140311282DD4B8F1080F24D1BBF1040F24D1FAF754
S21403113897FD08BB012322460093314605200DF18F
S2140311481B0309F040F8B8B1A8F10508B8F10D0F6C
S21403115812D8DFE818F02800A001C701EC01F50152
S2140311681100110011001100FB019D02A902D7020C
S214031178D702B8F1050F08D019B0BDE8F08FB8F15B
S214031188100F05D1039B002BF6D0FAF769FDD1E7BC
S214031198FAF766FD0028CDD0B8F1050FCAD0B8F126
S2140311A8110FC7D0E8E7BBF1050FE5D830460DF0B9
S2140311B81FF8059009F1020011F09FFC81460DF116
S2140311C81E00FFF765FB01239DF83D70BB4013F037
S2140311D86203039305D0BDF81E309B0701D5AE07FF
S2140311E8CAD50DF042FA0028C6D0FAF739FD08B971
S2140311F8002DC1D00DF13E0A50460EF024FC039B89
S2140312080490BBB1032F9DF84EB01AD10DF14F04CD
S2140312180DF02BFA814540F01781032DACD19DF8CC
S21403122856105246003918BF01210DF14E000BF037
S21403123832FDA1E7032FDDF80CB07BD10DF14E0488
S214031248E6E74C4B1B689C0729D5FF2208210DF1BE
S21403125857000DF09CF9804608BB034601460DF17E
S21403126857020220FEF75AFA0DF0FFF981450DF1F1
S21403127857060DF14F0422D04FF6F773994540F2FF
S214031288E8800022082120460DF081F9002800F0A6
S214031298E080002259465046FFF750FB6CE70DF1F5
S2140312A857060DF14F0430460EF067FB002846D06C
S2140312B80DF0DBF9814540F0C8804FF00008204662
S2140312C8F6F70EF9002800F0C080012F58D0042F37
S2140312D87FF452AF0EF074FB10B1032D7FF44CAFBE
S2140312E8049B002B7FF448AF324602215046FFF793
S2140312F8CDFB214B1B7863B1FFF772FEFEF72CFD7F
S214031308022806D10120FEF721FD01210846FEF733
S21403131899FB1A4B1B78022B1FD1032130460BF07F
S21403132883F8FEF719FD014600287FF425AFFEF77C
S21403133889FB21E70DF156060DF14E04B3E70F4B73
S2140313481B78432B7FF418AF012F7FF415AF0DF0EE
S2140313588CF9814579D1B846B1E7412B7FF40CAFB8
S214031368044B1B6858057FF507AFF8F761FC03E7DE
S214031378616A0020E44C00201D6B0020656A00208B
S214031388B64C2378022B22D02378412B3FF4F4AEB5
S214031398049B33B9FAF764FC594602465046FFF7EE
S2140313A8CDFAFAF75DFC00283FF4E6AE0EF008FB2C
S2140313B8AB4F98B13B681A0502D42378432B0DD15B
S2140313C8AB070BD440F61A40F7F7E0FBD4E60EF06B
S2140313D8F7FA0028D8D0A907D6D4CDE6386810F08F
S2140313E8020002D1059903F0C3FC2378112B16D10A
S2140313F83B685F0513D50020FEF73AFB0446002832
S2140314087FF4BAAE0DF009FC40F61C40F7F7BEFBB6
S21403141821462046FEF716FBF7F7C4FBACE6AC07F7
S21403142801D5FFF713FAB8F1000F9ED00BF09CF81E
S21403143818B94FF480310EF078FA0022894B3046FB
S2140314481A600EF091FA90E70026039B002B7FF4B0
S21403145813AF4FF6FF73204608A9ADF82030F5F70B
S21403146891FF20B120460DF0DBF8ADF820004FF6CB
S214031478FF73BDF8200098423FF47EAE049B3246C5
S214031488002B0CBF042315232146CDE900A33B46B6
S214031498FFF708FD70E60DF0E8F800287FF46CAE59
S2140314A8714B1B78002B3FF467AEA80704D46C4B2C
S2140314B81B6899013FF560AEBAF10C0F0DF14500B4
S2140314C894BF002412AC11F018FB02469DF847009F
S2140314D803283FF651AE394600940DF13D0304F058
S2140314E80BFA49E60DF13D00F5F7FAFF28B102229B
S2140314F839460020FAF740F83EE65C4B1B78013B7A
S214031508012B3FF639AE0DF13D0002F075FD4FF69F
S214031518FF739842044606D10DF13D000DF080F89E
S214031528A0423FF429AE0021FAF736F924E6EA0783
S2140315387FF522AE2A4638460FA904F0DBFA1BE6E7
S2140315489DF83D100120FFF74FFA15E6474B1B7829
S214031558013B012B3FF610AEEB077FF50DAE0DF101
S2140315683D0002F049FD4FF6FF7398420546804654
S21403157840F080800DF13D000DF052F840450546D9
S214031588074677D10DF13D00F6F71CFCB842054631
S2140315983FF4F2AD304610F075FE00220934E4B28B
S2140315A8071BFFB2394610460CF0DAFEADF81C00EE
S2140315B800283FF4E1AD4FF0010900232A4608212D
S2140315C8CDF8009005F0D4F9ADF81E0000283FF4D6
S2140315D8D3AD214630460FF0CCF84FF0000A8046CC
S2140315E81622514609A8CDF820A0EDF7FFF8434682
S2140315F822463146CDF800A008A811F083FB4B46D7
S214031608424608A90DF11E00F5F7E2F800287FF414
S214031618B3ADA7EB0807FFB2394607A80EF0C5FE19
S214031628284611F033F8FF2818BF114A444418BF58
S21403163832F81030E4B21CBF23F4804322F810308B
S214031648BDF81C0023463246002100970EF0D5FE4F
S2140316582946BDF81E000DF03DFC8DE5656A0020A1
S214031668E44C0020E04C0020616A0020666A0020F3
S214031678B4620020284611F009F8FF28074689D0E7
S214031688F6F7C6FD002885D0384603F099F881E7B3
S2140316981E4B1B78013B012B3FF66EAD2A46384698
S2140316A80FA9FCF7C9F967E5194B1B78022B20D15C
S2140316B8002F7FF461AD08A8FEF7A8F800283FF4CA
S2140316C85BAD144B1F709DF83D30002B14BF64248C
S2140316D86524FEF741FB032806D138463946FEF74C
S2140316E8B1F93846FEF73EFB214608A80AF09CFEE9
S2140316F842E5043B012BDBD938460BF0B5FA002844
S214031708D6D139E530460BF0B1FA35E5666A0020DE
S214031718656A00201D6B00202DE9F34105460E4639
S214031728174698460EF04CF9044640B101233A464C
S21403173831462846CDF80080FFF784FB04460EF0B2
S2140317483FF930B1FFF782FA78B10A4B1B689B0161
S2140317580BD400233A4631462846CDF80080FFF7D7
S21403176871FB002C0CBF0446012404F0010002B0F0
S214031778BDE8F081E44C002070B58AB005A80AF0ED
S214031788F7FE022301AA15468DF81430084B03F119
S2140317981006144618685968083303C4B342224629
S2140317A8F7D1294605A80BF04EF80AB070BD00BF5E
S2140317B89B2D0500014B1878704700BFFA7500206B
S2140317C8014B1888704700BF707500204FF6FF73EB
S2140317D82DE9F043994280460D4685B00BD0002785
S2140317E84FF6FD791C4EE9F747FEFCB2A0420BD82C
S2140317F84FF6FF701DE0F5F773FE0028EFD005B02F
S214031808BDE8F0430CF031BF36F814304B4517D813
S214031818694620460EF01BF9082241460DF10500DD
S214031828EDF730FB4FF6FF7360B99D4204D136F8E7
S214031838140005B0BDE8F08326F814500EF0D0F86F
S2140318480137D0E79D42FBD036F81430AB4208BFC9
S21403185826F81490F4E700BF0C6000202DE9FF4734
S21403186806460F4600254FF6FD79DFF83C80DFF87D
S2140318783CA0E9F701FEECB2A04202D804B0BDE8EA
S214031888F08738F814304B450CD8694620460EF0D6
S214031898DEF8082231460DF10500EDF7F3FA08B92C
S2140318A80AF804700135E4E70C600020116A00208A
S2140318B8014B33F8100070470C600020F0B506465D
S2140318C800250D4F85B0E9F7D7FDECB2A04201D845
S2140318D805B0F0BD37F81430B3420BD1694620463D
S2140318E80EF0F1F89DF80030022B1CBF4FF6FD737F
S2140318F827F814300135E6E70C60002030B585B0CC
S21403190804460D46E9F7B8FDA0420FD9084B33F84D
S21403191814204FF6FD739A4208D8694620460EF0FF
S214031928D2F829460DF10500FFF750FF05B030BD84
S2140319380C60002030B585B00446E9F79DFDA0424B
S21403194819D92046FEF734FF0546B0B9694620463E
S2140319580EF07DF89DF800302BB1694620468DF8C9
S21403196800500EF092F84FF6FF720020044B23F84F
S214031978142005B030BD2820FBE740F60440F8E7FE
S2140319880C6000202DE9F0410B7805460E461BB97E
S214031998BDE8F041FFF7CEBFE9F76EFDA84231D99F
S2140319A82846FEF705FF78BB374617F8058B4FF62C
S2140319B8FF713846FFF70AFF0446384600F01EFA5A
S2140319C8B0FA80F04009B8F1000F15D0B8F1030F4C
S2140319D815D04FF6FF724FF6FD73944208BF1C46A8
S2140319E80B4B314623F815400A4B585528460EF03C
S2140319F84CF80020BDE8F0814FF6FF74F0E74FF689
S214031A08FE74EDE72820F5E740F60440F2E700BF4A
S214031A180C600020116A00202DE9FF410D4604469C
S214031A284FF6FE780F4F0E0AE9F726FDA04204D8B4
S214031A38FF24204604B0BDE8F08137F81430434548
S214031A480CD1694620460EF002F89DF80520EBB245
S214031A589A4203D19DF80630B342EAD00134E4B281
S214031A68E2E700BF0C6000202DE9F04F0C4617464E
S214031A78984600254FF6FD7B87B09DF840A0DFF813
S214031A885C900190E9F7F8FCEEB2B04201D8FF2665
S214031A9816E039F816205A451ED8304602A90DF026
S214031AA8D6FF3FB99DF80920424515D19DF80C206D
S214031AB8524511D144B939F81620019B9A420BD1E5
S214031AC8304607B0BDE8F08F082220460DF10D0119
S214031AD8EDF7D8F90028F3D00135D3E70C600020DA
S214031AE810B514460DF0B3FF2046BDE81040082293
S214031AF80149ECF7CDBE00BFEB6A00202DE9FF478E
S214031B08074615460846082224491E46EDF7BAF93D
S214031B18044600283FD14FF6FF7ADFF88490E9F7AA
S214031B28ABFC5FFA84F880450BD385B3384608F0D8
S214031B382BFC01250C9B18700120357004B0BDE8FA
S214031B48F08739F8183053451FD0694640460DF0DC
S214031B587EFF7A789DF801309A4216D17A88BDF8C6
S214031B6802309A4211D13A799DF804309A420CD140
S214031B7808220DF10501781DEDF784F928B9002D23
S214031B88D7D1404608F01BFCD3E70134C7E7FF204C
S214031B9808F015FCCEE70020D0E700BFEB6A00206C
S214031BA80C600020F0B50025154E164F85B0E9F7F2
S214031BB863FCECB2A04201D805B0F0BD69462046E6
S214031BC80DF045FF9DF80030032B06D90023694620
S214031BD820468DF800300DF058FF9DF8002062B1BE
S214031BE84FF6FD734FF6FE71032A08BF0B4626F819
S214031BF81430002301353B55D9E74FF6FF73F6E754
S214031C080C600020116A0020F8B50E4604464FF60D
S214031C18FF770C4B0C4D1B7803EB430305EB83054F
S214031C28A54202D800242046F8BD2388BB4206D026
S214031C3808223146A01CEDF725F90028F3D00C340A
S214031C48EEE700BFBE7500204C5F0020044BFF2163
S214031C581A78044802EB42029200ECF7C7BD00BFAD
S214031C68BE7500204C5F0020F8B504460C4B0D46A5
S214031C781B781046A3420DD90C27022117FB041123
S214031C887C43084E08223144ECF702FE335B0020FF
S214031C982B80F8BD0023136053604FF6FF73F6E7F7
S214031CA8BE7500204C5F002038B504464FF6FD7518
S214031CB8FFF704FE0022084B1878084BD1B2884277
S214031CC800D838BD33F80C1C0132A14208BF23F8EC
S214031CD80C5C0C33F2E700BFBE750020585F00208B
S214031CE870B505460E460846FFF7DEFF314628461A
S214031CF8FFF76CFD29460648FFF786FF00B970BD57
S214031D08044624F80C6B0DF06BFE29462046F3E7D1
S214031D184C5F002010B5082286B023490446EDF729
S214031D28B1F820B906B0BDE810400CF09EBC0822F6
S214031D3820461E49EDF7A6F820B91D4BB3F86800F0
S214031D4806B010BD0023012221464FF6FF7000930C
S214031D58FFF78AFEFF2806D0164B33F810004FF617
S214031D68FB739842ECD903A8FEF79EFD58B9BDF855
S214031D780C305B0607D5082221460DF10E00EDF759
S214031D8881F80028DCD021460B48FFF73DFF40B119
S214031D984FF6FB724FF6FF730088904288BF1846CB
S214031DA8CEE74FF6FF70CBE7EB6A0020065A002013
S214031DB89C5900200C6000204C5F002070B5002260
S214031DC804464FF6FB7608460A4B1D780A4BD1B2F3
S214031DD88D4201D8002009E01988B14207D8A142EC
S214031DE805D10822991CECF753FD012070BD0C336E
S214031DF80132ECE7BE7500204C5F002037B501467C
S214031E0805460E48FFF700FF044640B1807A294688
S214031E180DF07DFE80F00100C0B203B030BD03466E
S214031E280090012229464FF6FF70FFF71DFEFF2894
S214031E3816BF034B2046185CE9E700BF4C5F00203B
S214031E48116A00202DE9F341224B04461B780F46FE
S214031E588342154638D9FEF7C5FCB8BB4FF6FD7363
S214031E689D421D4E0ED004EB440326F823504FF62E
S214031E78FF739D421FD12046FEF7CCFC002002B01C
S214031E88BDE8F0810DF106013846F5F77BFA4FF603
S214031E98FF72BDF806303846934218BF1D460C231A
S214031EA86343F55206EB0308FFF7A8FFB0FA80F082
S214031EB8400988F80A000C2303FB04600822394605
S214031EC80230ECF7E5FCD9E72820D8E740F60540CA
S214031ED8D5E700BFBE7500204C5F002038B5044622
S214031EE80D46FFF7BBFC21460448FFF78DFE00B9F5
S214031EF838BD857221460C30F7E700BF4C5F0020DB
S214031F080023074A1370074A1370074A118801B15A
S214031F181380064B1A880AB100221A80704700BF3E
S214031F282F6B00202E6B0020306300202E630020CA
S214031F382DE9F04F4C4C9846238889B005900F46F8
S214031F4810469DF848A05BB952B10EF047FA2080B8
S214031F584FF4FA61454809B0BDE8F04F10F062BA8D
S214031F68DFF81C91B9F80050002D69D0284610F008
S214031F7889F9C0F34704284610F068F9DFF804A186
S214031F880294BAF80030DFF800B10193BBF80030CA
S214031F980546009300224346012035490EF09DFA74
S214031FA8ADF81E0010B305EB44080124454512D1CD
S214031FB8E4B9BDF81E50CDB12E4B1B782BBB2B4670
S214031FC800223946059800F043FA0023ABF80030A0
S214031FD8AAF800300AE0012329461A460DF11E0026
S214031FE8F4F7F6FB023504460028DFD00023224A1E
S214031FF8A9F800301378013BDBB21370002BA7D186
S21403200809B0BDE8F04FFFF77BBF0CF0F7FA0146BF
S214032018284604F085FC0A218046284604F080FCFE
S2140320280646A64202D8FF2CCFD1C8E7284604F1B5
S2140320380B0104F075FC8045C1D80134E4B2F0E71F
S2140320480E4C237823B910F0D1FB08B9012323706B
S214032058524641460520F5F757FC0028D0D1207094
S21403206809B0BDE8F08F00BF30630020A8740020D5
S214032078A3C90400306B00202F6B00202E6B0020B2
S2140320882E630020C8620020CA62002030B5154DB2
S21403209887B02C889CB923464FF4A07248F23801BF
S2140320A803A80DF017FE21462046F9F7F3FB224650
S2140320B80D4B009403A9FFF73BFF07B030BD20463E
S2140320C80CF033F9043010F018FD03A904462888E9
S2140320D80EF089FB0023009320462A8803A900F004
S2140320E865FBEAE73063002000F8FF0737B50020F2
S2140320F801A9F9F7CFFB0D4C014623780C4D7BB1AC
S2140321080C4B019A1878F9F7DBFB2078F7F716F9E2
S214032118002323702B700848F4F706FC03B030BD81
S2140321282B78002BF7D0FFF7B1FFF4E7326B0020CC
S2140321382F6B0020316B0020A874002008B50548D3
S214032148F4F702F90448F4F7FFF8BDE80840034833
S214032158F4F7FAB8306300202E6300202C630020BF
S2140321682DE9F04F89B089460446CDE905239DF845
S2140321784870139E30B316F801ABBAF1000F23D09C
S2140321880AF1FF34A400E4B2314601200AF0B4FD94
S214032198C00E1BD1DFF838B1314601200AF0ACFD7A
S2140321A89BF8005034442279BDB1002F47D18023D1
S2140321B84846CDE90277CDE900773E4A059900F00F
S2140321C847F93CE08246DFE75446DDE71B28ECD9AF
S2140321D8314601200AF090FDE7E7DFF8F880FF2A8A
S2140321E800EA08080BD14246E379A179607901EB46
S2140321F8032189B209B0BDE8F04FF9F761BB2E4950
S21403220809688B070AD5FE2A35D101230135EDB2B5
S214032218202D4FEA43030AD1FF250AE0294628461C
S2140322280792F9F737FB4845BFD1079AEBE7984576
S214032238ECD1224B1B78FF2B04D0AB4204D009B059
S214032248BDE8F08FFF2DFAD029460020F3F774F87F
S2140322580028F4D09BF800306479002BEFD1FFF701
S2140322684FFE17484FF4105110F0DCF8154B8BF857
S21403227800501C70E3E7052A97D8BAF1010F94D8E3
S214032288B8F1000F91D0002FD9D17379002BD6D08F
S2140322980D49098821B9082B28BF08230B490B7059
S2140322A8434648461292DDE9051209B0BDE8F04FE9
S2140322B8FFF73EBEA3C90400E44C0020FB750020CC
S2140322C8A8740020316B0020306300202F6B002099
S2140322D8326B002000F8FF07014B1880FFF7D6BEC5
S2140322E82E63002037B5184B1B78022B03D017250F
S2140322F8284603B030BD00210DF10700F4F798FC1B
S21403230805460028F3D1114B1B78013B012B01D955
S2140323180225EDE7F4F7F6FB0028F9D009F0CCFF21
S2140323280446F4F7EFFB0A4B4FF47A7118700B2345
S214032338B4FBF3F203FB12440A34A4B26143054820
S21403234810F070F8D4E700BF656A0020666A0020BC
S214032358566A0020104C00202DE9F043384B002421
S2140323681E784FF4F813374FA5B003933D78ADF8AE
S2140323781040F7F78FF8BDF90E30ADF81200A342F8
S214032388ADF8144006DB304B1C780134E4B21C70FD
S21403239844F080048DF82C40A94602244FF0000828
S2140323A88DF82D60B14529D3002221460BA83D7030
S2140323B88DF82D800BF0D4FFE8B1B8F1000F09D0E3
S2140323C800234FF6FC71CDE9000303AAFF2306207A
S2140323D8FBF7EAFFB5422FD209F06EFF0B23B0FBDB
S2140323E8F3F24FF47A7102FB13000A3080B24143CA
S2140323F8164810F017F825B0BDE8F083484606A936
S21403240802F004FA98B9512C11D804F190030DEB95
S2140324180302083406AB013508F1010803CBE4B21E
S21403242842F8640C42F8601CEDB25FFA88F809F1CA
S21403243801095FFA89F9B5E70448F4F775FADAE7A4
S214032448566A0020576A0020346B0020104C002080
S2140324580CB42DE9F04F8BB014AA0E4652F8041BA1
S21403246807460992002940F08F80BDF85400ADF85E
S2140324782200002800F0A18033794FF6F778002B66
S21403248840F0868047458CBF4FF009084FF0080890
S2140324984C4B1C78FF2C40F08380B6F90230002B97
S2140324A8A9BF494B347A1C780134A2BFE4B21C7026
S2140324B844F08004DFF81CB12246002104F044FAF5
S2140324C89BF80030BDF82200002B6CD0DFF808A17B
S2140324D84FF00009BAF8003007930FF0D3FE05460D
S2140324E8BDF822000FF0B2FEEBB2CDE90193FF234D
S2140324F8CDE9030900932246334639460798FCF785
S214032508F1F84FF6FF7305468BF80090AAF80030EB
S214032518382D33D13246394640460DF122030AF0A8
S214032528ABFB00284BD04FF6F7739F4226D8B6F975
S21403253802307088002B21DA48F204022349244B20
S2140325484FF00008904214BF894699460CF08DF860
S214032558494603468A220120CDF800800DF0BDFFC8
S214032568814658B12246414604F0EEF9FF23324627
S21403257839464046CDE90098FBF716FF28460BB0C8
S214032588BDE8F04F02B0704701200DF083FF6EE7F9
S214032598002347458CBF4FF006089846337177E704
S2140325A8FF221A7086E7CDE900033246FF23394631
S2140325B84046FBF7F9FE0546AAE71925DEE7054672
S2140325C8DCE700BFFD750020346B0020B4C90400A7
S2140325D8A9C90400336B00203263002070B54FF49A
S2140325E8003300240546164688B0ADF81A100DF1D8
S2140325F80F0204A90593ADF81840ADF81C400494DF
S2140326088DF80F400AF00FFB9DF80F30284601930C
S214032618049B044A009305A93346FFF719FF08B03D
S21403262870BD00BFADC9040030B54FF48035002433
S21403263887B00395BDF82850CDE900128DF8103001
S214032648074A034603A9BDF82C008DF81140ADF8D8
S2140326581250ADF81440FFF7FBFE07B030BD00BFBD
S214032668B9C90400B1F1006F2DE9F04314462CBF35
S214032678392238228BB01D464FF00003ADF81E20D2
S2140326884FF480022CBF4FF001099946FF2C0646EB
S214032698ADF81C300892ADF824304FEA11471FFAFC
S2140326A881F80FD10CF077FBB9F1000F19D1154A51
S2140326B8CDE9020543463046CDE9007407A9FFF77E
S2140326C8C7FE1AE0FE2C0AD10CF065FB0130C0B237
S2140326D80CF06CFBB9F1000F12D00B4A02E0E8B21B
S2140326E8F8E70A4ACDE9030501233046CDE9017424
S2140326F8CDF8008007A9FFF7ABFE0BB0BDE8F08363
S214032708034AD5E7B1C90400B7C90400B0C9040031
S214032718B8C904004FF498124FF0806310B586B01A
S214032728CDE903230023ADF814300BF09EFF0446CF
S214032738F6F7B0FE054B01900093054A234603A916
S2140327484FF6FD70FFF784FE06B010BDEB6A002057
S214032758BDC9040008B5064B1B78022B02D0043B00
S214032768012B03D8FFF7D6FF002008BD0220FCE79D
S214032778656A002030B500244FF4806587B0CDE93C
S21403278800128DF81030084A034603A94FF6FD7069
S2140327988DF811400394ADF81250ADF81440FFF7C6
S2140327A857FE07B030BD00BFC1C904002DE9F04F7E
S2140327B89BB00E4605460EA91046CDE90A329DF88B
S2140327C890700DF0DFF9BDF838A0804650460FF03C
S2140327D859FDB6F902300446002BB6F80690B6F84B
S2140327E802B004DA0022B24B1A70002049E05046C1
S2140327F80FF048FD4045F5D3A4EB0804E3B2002FD9
S21403280818BF4FF4A079152B099328BF1523002466
S214032818013308F1FF325146DBB292B2009414A892
S21403282810F070FA6FEA4B436FEA5343A1499DF8D9
S214032838502008684968ADF846300FAB03C3ADF8B7
S2140328484840ADF84440ADF84A90ADF84C20BBF18B
S214032858000F24D10DF15100F4F742FEA0B10BF09E
S21403286804FF5C4606460DF1590A0DF151030A9A10
S2140328789AF80080012A2DD157B384F0010404F096
S21403288801001BB0BDE8F08F0DF1510001F0B4FB59
S2140328984FF6FF74011B4C4206464C41E3E7BBF177
S2140328A8010F40F09480BDF851600BF0DEFE8642BF
S2140328B80AD030460FA90DF03BFA80F00104E4B2C3
S2140328C80DF1530A0FABD2E77B4B0DF1530ACEE754
S2140328D80A9CD4E797B3002C75D1B8F1010F72D8C8
S2140328E837D10BF0C2FE0BF0C0FE224606469AF816
S2140328F80170714B00210120CDE9006102976F49F1
S2140329080DF0EBFDADF83A0000285CD0002C53D14F
S214032918B8F1010F50D12646DFF8B8A19AF800306F
S2140329285FFA84F8434538D940460FF007FFC207D5
S21403293802D5BFB1013FFFB20134EFE7B8F1010F8B
S21403294805D1002CCDD081229AF80170D2E7002C4D
S214032958F9D1B8F1010F94BF002201229AF8017049
S214032968D201C7E7404601F017FB0123ADF8340050
S21403297802220DA90DF13A00F3F72AFF18BBBDF89A
S2140329883A000FF07FFC804648460CF06DFF08F1CE
S214032998010801368045F6B2CEDBB6B132460C21C5
S2140329A8BDF83A0003F0D0FF00222846BDF83A30B7
S2140329B811A9FFF74DFD06E00C210DF13A000DF0C5
S2140329C8F4FC0028F0D001205BE70D21F5E70A9B0D
S2140329D8002B7FF40AAF7388342B57D1099B092B36
S2140329E87FF403AF002F7FF400AF9DF959603A4692
S2140329F8B41008210DF1510004F020040BF0C7FDB4
S214032A08D0B12F4B1B78012B3FF4EFAE022B27D107
S214032A182C4B1B6813F0807F25D12A4B1B685B025F
S214032A2801D5002E30DA00232846274A11A9FFF7D6
S214032A380FFD264B1C70D8E60DF15100F4F750FD38
S214032A480028DED10DF1510001F0D6FA4FF6FF73D8
S214032A58984208D02146F8F79FFE034618B903E0C4
S214032A68033B012B06D9C8232846174A11A9FFF7A3
S214032A78EFFCBAE6164BB3F86830AB42CDD0114B31
S214032A881B6813F0805FC7E78D23EDE7099BCDE945
S214032A98059204930DF15103CDE902833146284686
S214032AA8CDE9007A0B9B11AA00F058F89DE600BF03
S214032AB8276B0020F7520400EB6A0020C5C9040000
S214032AC8666A0020E44C0020A7800400FC750020FA
S214032AD89C590020CB750020024B187840F08000E4
S214032AE8704700BF346B002038B50A4B05461C7880
S214032AF824B10BF0BAFDB0FA80F46409F8F72AFF9C
S214032B0808B144F04004E8F7C3FC44EA40202840F0
S214032B1838BD00BF616A0020014B1880002070474B
S214032B28787500204FF6FF71034602881B798A42A0
S214032B3817BF074901200A8041881EBF054A00209F
S214032B481180FF2B1EBF044A00201370704700BF76
S214032B587475002072750020356B00202DE9F04F40
S214032B68B7B09946BDF80431439C0D939DF80831D8
S214032B7883460E93BDF8143120460F939DF81831FB
S214032B88B1F802A00F4690469DF8005110930FF037
S214032B98B4FFBAF1110F064600F28A800BF065FD02
S214032BA8B04200F08F80BAF1060F19D14FF6FD73C5
S214032BB89E423ED0DDB9BC4B1B78033B012B36D96E
S214032BC830460FF063FDFF2814BF892381230022B4
S214032BD84146CDE900625846B44AFFF739FC06E099
S214032BE82DB9BAF1030F08D8BAF1010F0AD8002293
S214032BF8AF4B1A7037B0BDE8F08FAAF10403022B67
S214032C08F5D8D8E7A84B1B78033B012B0DD93046DC
S214032C180FF03CFDFF2814BF8923812341465846FD
S214032C28A44A0096FFF714FCE1E78023F6E780231F
S214032C38CDE7A14B1B7859074CD40BF016FD00269D
S214032C48034632460120994900960DF046FC23793F
S214032C58ADF86C000F930028CCD0DDE90E320D9842
S214032C6803EB42090FF00EFB5FFA89F909F1050732
S214032C78FFB28742BED239460D9803F051FE109034
S214032C8807EB40070D980FF0FDFA8742B2DADDE945
S214032C980F321343DBB2002B40F03282002DA9D14A
S214032CA82F463A460421BDF86C0003F04DFE76E144
S214032CB8814BBAF13A0F1B7811D948F23B039A4570
S214032CC808D014E07C4B1B785A070BD5AAF10403EB
S214032CD8022B07D8FB8843F48043FB808AE7BAF1C4
S214032CE81B0F1ED8AAF102039AB2132A5ED9109BA9
S214032CF8494602930F9B5046CDE900530E9A5B460E
S214032D0809F09EFF0F287FF475AF0122684B1A70EF
S214032D18694B1B789B0740F1D982002D7FF46AAF75
S214032D28D8E7AAF11C021E2AE1D801A151F822F01D
S214032D385D350300F72C0300F72C03007D310300F1
S214032D48F72C03005D3203005D320300F72C030003
S214032D58F72C0300F72C0300F72C0300F72C0300CB
S214032D68F72C0300F72C0300F72C0300F72C0300BB
S214032D78F72C0300F72C0300F72C0300F72C0300AB
S214032D88F72C03008D3203008D320300F934030059
S214032D98F72C0300F72C030013350300F72C030066
S214032DA8AD350300C3350300D1350300132B9ED876
S214032DB801A252F823F000BF112E0300D92E0300F8
S214032DC8F72E0300D52F0300432C0300F72C03002C
S214032DD8F72C0300F72C0300F72C0300F72C03004B
S214032DE8F72C0300F72C0300F72C0300F72C03003B
S214032DF8F72C0300F72C0300F72C03001731030006
S214032E08F72C03008935030000241BAB5A464846B3
S214032E180E9900931DAB1D948DF86C4009F004FFC2
S214032E280BF023FC204B05461B78012B03D0022B03
S214032E3814BF02240124E8F72BFB162894BF0020AE
S214032E48012044EA4014F6F725FB1C4B0646B3F864
S214032E5800A0FBF79FFA1A4B07464FF6FF70B3F826
S214032E680090FFF741FE174B9DF86C201988124B0C
S214032E781B7813F002031CBF134B1B780B921D9A87
S214032E88CDE90701CDE9093240234146CDE901439F
S214032E9858460023CDE90579CDE9036A0B4A009520
S214032EA8FFF7D6FAA6E600BF666A0020A9C904009B
S214032EB8276B0020B4C90400066A00207875002032
S214032EC87475002072750020356B0020CBC904008A
S214032ED80BF0CBFBA34BA44A1B88CDE94003002386
S214032EE84146584637B0BDE8F04FFFF7B1BAA47865
S214032EF81DA9631EDBB2EF2B204610D9F22C0ED089
S214032F0808F08EF982240BF0B0FB00234146CDE986
S214032F180003964A23465846FFF79AFA6AE608F0E5
S214032F287FF9002850D00BF0A0FB9DF878209DF879
S214032F387A100492BDF8762049000392BDF87420EF
S214032F48C9B2CDE901429DF8792003465200D2B2B0
S214032F5808320A4400920120002285490DF0BDFA82
S214032F689DF87930ADF86C008DF8673000283FF48B
S214032F7841AE002601230DF167011A461BA8F3F795
S214032F8827FC054600287FF435AE9DF86730EAB27D
S214032F98934209D89DF87A308DF8673016B1BDF894
S214032FA86C3033E00126E5E73146204608F03AF967
S214032FB80123ADF8680002221AA91BA8F3F708FC38
S214032FC801350028E1D015E683249CE70BF04DFB7A
S214032FD8044608F046F92346009000220120634978
S214032FE80DF07BFA00283FF405AE00252C46ADF815
S214032FF8740008F036F9EEB2B0420DD82246042122
S214033008BDF8740003F0A0FCBDF8743000224146F6
S2140330185846FFF71DFAEDE5304608F0FFF8FF2897
S2140330288DF86C000AD0012301341A461BA91DA883
S214033038E4B2F3F7CDFB00287FF4DCAD0135D8E71F
S2140330485046B4F8029008F0E9F8FF288DF86800AF
S21403305800F0CF821DA908F0E3F8BDF874304B459D
S21403306807D04FF6FF72914540F0C3821B0400F168
S214033078C0829DF8793012930E9B0533DBB2139307
S2140330880F9B1493002311934FF000094B4613E04C
S21403309817934900139BC9B219440D9889B20DF0CA
S2140330A8BFF94FF0000A179B159012995FFA8AF238
S2140330B88A4217D309F10109149A5FFA89F19142F2
S2140330C8E6D39DF87A201292169A1392002B40F0B4
S2140330D88582119B002B40F08C8201231193109B51
S2140330E81493D1E711999DF86800179308F09AF896
S2140330F8159A179B0AF1010A824208BF0123D4E7EF
S21403310809F106095FFA89F33746169372E2A71C94
S21403311839463046A57A09F0E7F80122394630469B
S214033128FAF7D4FB30460CF059FF384600F064FF34
S2140331382288824207D04FF6FF72904203D00FF0E0
S214033148A5FA0CF08BFE85F00804C4F3C0042146E8
S2140331583846FEF7C3FE2146384637B0BDE8F04F7B
S21403316809F09BBD76750020D8C90400A9C90400D8
S214033178DCC90400AD4B1B78033B012B7FF63AAD45
S2140331880BF073FA58453FF435AD09F095F80B2361
S214033198B0FBF3F24FF47A7102FB13000A3080B2E5
S2140331A84143A3480FF03EF9F3F7ACFC00283FF47D
S2140331B821AD0123002218469E4994F800A00DF07D
S2140331C88CF9ADF8680000283FF414AD00263546A0
S2140331D834460E9B1BAF01330E93F2B2524514D3FB
S2140331E8002C3FF407AD01232A461DA91AA8F3F7B6
S2140331F8EFFA00287FF4FEAC22460221BDF86800E9
S21403320803F0A2FBBDF8683000E74FF000090E99FB
S214033218D200D2B20A4408230D993846CDF8009056
S2140332280FF070FD394648460FF000FAFF280FD016
S214033238814B1B5C0F2B0BD997E8030005F1D803CA
S2140332486B44643B83E8030008350134EDB2E4B20B
S2140332580136C2E7002D7FF4CDAC18073FF53AAD2B
S214033268534622464146584603F066FE00287FF436
S214033278C1AC842341465846704A37B0BDE8F04F80
S214033288FFF7E6B823780F9810930CF0EDFA0021B1
S2140332980646584604F0BAF9644BBAF1310F1B7860
S2140332A80746A3F103030BD1012B13D9644B654AD5
S2140332B81B7812781344DBB20D9316230E930DE096
S2140332C8012B03D9604B1B780D9353BB002D7FF45A
S2140332D891ACCEE701231621CDE90D310024109BCE
S2140332E82246009301202346584901940DF0F5F829
S2140332F800283FF47FACF61BF3B22646544FDFF89C
S2140333085C911193ADF86C000F940D9BE5B2AB423C
S21403331809D832460221BDF86C0003F015FB0F9A54
S214033328C0E40523CAE7162200211DA8EBF75EFAB8
S214033338BAF1320F3DD13B7903F00302032A21D1B8
S2140333488DF87620109B0136F6B2B34215D2BDF837
S2140333586C000EF097FF0E9B1844119B98420CDCEA
S21403336801230E9A1DA91BA8F3F732FA00287FF447
S21403337841AC0F9B0133DBB20F930134083709F1D5
S2140333881209C2E7B9790029DCD13249C3F3C2036B
S214033398CB5C1DA8012A08BF43F0010339888DF8C2
S2140333A876300FF0ACFB79880DF177000FF0A7FBAA
S2140333B8C8E71DA80BF071FC4FF0FF33CDE91F33A8
S2140333C81F4B1B78AB4261D999F804306F2BD4D8BE
S2140333D828461FA9F4F7D0FF0028CED01E4BB9F80D
S2140333E80020B3F8683092B9003B18BF01235B018D
S2140333F843F004038DF8863002238DF88730B9F836
S21403340802301B0A11468DF8893021A8CEE79B1A8D
S21403341818BF01235B0143F005038DF886300223AA
S2140334288DF887300F238DF88830E8E7666A002022
S214033438104C0020E6C904000A6A0020A78004008E
S2140334485F6A00205E6A0020C9750020E4C904008C
S2140334581E620020AC2D05009C590020A4600020A5
S2140334680132D2B2551EEDB22846139312920FF0CC
S21403347865F9DDE9122310F0010FF1D063490978E5
S214033488611A994205D00133DBB2E9E7012200232A
S214033498E8E75F4B1FA918782844C0B2F4F76CFF17
S2140334A800283FF46AAF284600F076FD12902846B7
S2140334B80FF044F910F0010F129A0FD116238DF866
S2140334C88630544B1B780133DBB20F2B28BF0F23F0
S2140334D88DF88830504B33F8153092E72846129209
S2140334E80FF02CF910F0020F129AE7D11223E6E731
S2140334F81A073FF5EFAB23465A4641460F9803F0A3
S21403350873FD00287FF476ABE0E695B1434B1B7852
S214033518033B012B7FF66EAB0BF0A7F818B9BBF18C
S214033528000F7FF467AB207837B0BDE8F04FF5F7A8
S21403353821BE0BF09AF820B1384B1B78033B012BBE
S21403354801D8802396E62B4641465846344AFEF76A
S2140335587FFFE8E70BF089F8B0427FF44BABA01C7B
S214033568F3F7BEFF00283FF445AB0BF07EF804469E
S2140335780BF07BF82B4B2C4ACDE940032346AFE4EC
S21403358820460FF0BAFAFFF7AFFA00283FF432AB3B
S2140335984090002341465846244A37B0BDE8F04FCA
S2140335A8FEF756BF4B46424659460020CDE94054DF
S2140335B837B0BDE8F04FFEF7D3BD4B4642465946F3
S2140335C80120CDE94054F3E72B464A464146584680
S2140335D8409437B0BDE8F04F09F064BB01231AA93D
S2140335E81A461BA8F3F7F4F800287FF403AB013751
S2140335F8FFB2013607F035FE5FFA86FA50453FF606
S2140336081FAD002F3FF44AABFFF74BBB5F6A0020A2
S214033618C47500201C6B0020A6620020666A002082
S214033628A7800400EB6A0020E9C90400B4C90400B3
S214033638F8B5164B04461D88154B20F8025B196827
S21403364879B10822EBF724F9124B0C201B78124E9B
S214033658A372124B19780023DAB2914205D8FF22D7
S21403366809E0C4F802104160EEE7013300FB03F7F4
S214033678F75BAF42F0D10A4BE2721B782373094B10
S2140336881B786373084B1B682361F8BD40630020EF
S214033698B85A0020366B0020405F0020BE75002015
S2140336A8186B0020176B0020A45A0020F0B589B0C9
S2140336B806460C4615460DF085F80DF10A02014636
S2140336C830460CF017FF144F0346F0B901223A7040
S2140336D82288BDF80A102AB102460090072006F091
S2140336E872FD90B103A8FFF7A3FFBDF80A000EF01A
S2140336F8C9FD0646BDF80A000EF0A8FD214600904F
S214033708F3B2284603AA08F021FE0023034A3B70B7
S214033718136009B0F0BD00BF376B0020B85A00200D
S21403372873B5ADF806000DF106000AF02BFE014648
S21403373808B102B070BD0DF106000AF06CFE04462F
S2140337480EF084FDC67A002EEDD120460CF001FB60
S214033758FF28E8D00EF0DAFF054BD3F88850002D83
S214033768E1D03346224641213046A847DBE700BF6F
S2140337789C59002073B5002200210C2000F0C2FCDF
S214033788002119480FF021FA01250446164E84B184
S21403379820460CF0DEFAFF2805D1214630460FF006
S2140337A838FA0446F3E704220023009500F07EFC6B
S2140337B8F3E721460D480FF008FA012504460B4E99
S2140337C80CB902B070BD20460CF0C3FAFF2804D02B
S2140337D808220023009500F069FC214630460FF0C6
S2140337E818FA0446ECE700BF44630020466300204B
S2140337F82DE9F84F10460E46174699460AF0A3FCDD
S214033808254A264B0021B0F5006F14BF904698460C
S21403381840460FF0DAF94FF0000A0446DFF880B0A6
S2140338280CB9BDE8F88FBC4228D120460EF00EFD31
S214033838857A80F80BA0013DEDB2857216B13F2E4E
S21403384800D02DBB0EF0F4FF054620460AF07BFC9D
S214033858B0F5006F4FF00002214615D10F480AF065
S214033868F9FDFFF787FF28460EF0DDFFDBF88850E3
S21403387825B14B463A4631460020A84721464046DE
S2140338880FF0C7F90446CBE703480AF0E3FDEAE777
S214033898FFF770FFF2E700BF46630020446300208B
S2140338A89C59002000232DE9F34706460F464FF69A
S2140338B8FF78284CDFF8A090ADF8063020460AF0CB
S2140338C861FD054648B9294620460FF07EF982462B
S2140338D80EF0BCFC0389B34217D94C4501D1FFF758
S2140338E849FF002120460FF070F9054607F1FF3A15
S2140338F85FFA8AFAD5B94C4516D1BDF80600FFF724
S2140339080FFF404602B0BDE8F0877B1EDBB2FD2BF7
S214033918D4D9294620460AF07EFD2A4651460DF19B
S21403392806000FF058F9C9E74C46C7E7BAF1FD0F8A
S21403393809D928460EF08AFC03899B1B9BB2984537
S21403394828BF98460381294620460FF062F90546A4
S214033958D0E700BF466300204463002008B50EF096
S214033968E2FF0B4AFF2113881080C31A98B2FFF7A9
S21403397899FF4FF6FF7301469942064803D1BDE8FF
S2140339880840F2F7D1BFBDE808400EF04BBD00BFB4
S21403399848630020C8740020174B00282DE9F0411F
S2140339A8164D18BF1D460F4628464FF000010CBF9C
S2140339B84FF008084FF002080FF007F9044610B94D
S2140339C82046BDE8F08120460EF040FCC37A064642
S2140339D823B1214628460FF01CF9EFE720460AF0E4
S2140339E8E1FB424601463846EBF74CFA0028F0D18D
S2140339F8B378002BEDD1E3E7446300204663002049
S214033A08014B1860704700BFBC5A002010B5044627
S214033A180548F2F789FF0023044A1380044A1380F3
S214033A28044B1C8010BD00BFC874002046630020EA
S214033A38446300204263002008B50448F2F784FC78
S214033A48BDE808400248F2F77FBC00BF4663002083
S214033A58446300202DE9F341044688460EF063FFCD
S214033A68324B074620461E880CF073F90546204657
S214033A780AF069FBB0F5006F32D1FF2D06D001239B
S214033A88042200932846002300F010FBB8F1000F29
S214033A981DD10EF0CDFE2146054625480AF077FCD3
S214033AA828460EF0C0FE23480FF0BDF8224BA8B3F5
S214033AB81988711A17FA81F086B220460EF0C6FBEB
S214033AC8032306818372002002B0BDE8F0810EF05E
S214033AD8AFFE00222146054615480FF07CF8DFE7BF
S214033AE816480AF086FC04281ED8FF2D06D00123A4
S214033AF8082200932846002300F0D8FAB8F1000FEE
S214033B0805D10EF095FE214605460C48C6E70EF08D
S214033B188FFE0022054621460848DEE7314605485B
S214033B281F800EF07FFCC8E71C20CDE74263002009
S214033B3844630020C87400204863002046630020BE
S214033B482DE9FF4708460C460AF0E2FA00F48058C7
S214033B5820460AF063FB054620460AF036FBB0F516
S214033B68404F1BD1B8F1000F14D029460020FFF7A9
S214033B7813FF054670B10EF069FB0023404A8178AF
S214033B880446009218462A460193F1F7A5FF08B99A
S214033B980123E372012004B0BDE8F08728460EF03F
S214033BA8ACFF81460EF072FDFF28074637D0012585
S214033BB8A0F12006C0F12003324925FA03F305FADB
S214033BC806F61E438540D1E900232A433343C1E959
S214033BD800230EF075FD044638B138460EF0AEFDE8
S214033BE810F00C0F14BF01240024B8F1000FD1D035
S214033BF84FF0000A03A90120ADF80C90FFF7CCFE9E
S214033C0881460EF023FB8046B9F1000F1ED1BAF1A8
S214033C18000F14D1FF2FBDD0002CBBD128E01A4BC0
S214033C281B684BB148469847044628B1B8F1000FBD
S214033C38B0D000252E46DBE7B8F1000F01D10020EF
S214033C48A9E7002501242E46A246D3E774B100232C
S214033C580B4A8178009218464A460193F1F73CFFCF
S214033C68002897D1012388F80B3093E7FF2F91D0CC
S214033C78064BD3E9001229433243C3E9001289E706
S214033C88F937030068160020BC5A00206016002087
S214033C9838B504460AF057FA054620460AF082FA6B
S214033CA8A5F500630446014658425841FFF774FEDB
S214033CB8B0B9B5F5006F01D0002038BD20460EF028
S214033CC81CFF0EF0E3FCFF28F6D0064B00B21B6879
S214033CD833F8100000F4E260003818BF0120ECE760
S214033CE80120EAE7C05A00202DE9F7434FF0000900
S214033CF80746ADF804900EF021FD10F00C0F29D0FE
S214033D084FF00208154D2B88A5F80090ADF806303D
S214033D180DF106000AF036FB044630B1B8F1010F80
S214033D2814D04FF001080E4DEDE721460DF10600BD
S214033D380AF071FB06460CF00CF8B84222463146E8
S214033D4814BF284601A80EF046FFE1E7BDF80400B5
S214033D58FFF7E6FC03B0BDE8F08300BF4663002028
S214033D68446300202DE9F04FDFF8208185B0D8E9B9
S214033D78003213437CD105B0BDE8F08F02EA040194
S214033D8803EA0700014327D022EA040223EA0703CB
S214033D98C8E90023DAE9002304EA020507EA030C64
S214033DA855EA0C056FEA04006FEA070124D130468A
S214033DB80EF0C4FCC2070FD530460EF0A7FCDBF89E
S214033DC89C30002B45D11D46304600F0E5F8DBF85D
S214033DD884300BB12946984724197F4109F1010914
S214033DE8284B5FFA89F61B78B342C4D9D8E900236F
S214033DF852EA0301C2D1BEE702400B403046CAE985
S214033E0800230EF09BFCC307E6D51F4B30461B6802
S214033E1833F8163003F48873102B10D00EF076FCA4
S214033E28DBF89C3013BB1D46012310220093304653
S214033E38002300F03BF90020F1F7BCFDC4E70EF0C1
S214033E4865FCDBF89C300125002BBDD001220395C9
S214033E5802E000252A460395039200213046984738
S214033E68039A002AB0D0002DAED1DDE70025EDE792
S214033E784FF0000901244F46DFF814A0DFF814B00A
S214033E88AEE700BFFE750020C05A00206816002063
S214033E98601600209C590020F8B50346084613B35D
S214033EA809B3402A1FD8114900260B60104900277A
S214033EB8086010494FF0FF350A7000210C4604339A
S214033EC8914205DB00215200EAF790FC0020F8BD7A
S214033ED8C3E9036703F8044C23F8024C1D605D60CE
S214033EE801311833ECE72120F1E700BFC45A00205C
S214033EF8C05A0020FE750020F0B5144CDDE90567AE
S214033F082568EDB1F0B91248007888421AD901EB52
S214033F1841014FEAC10C05EBC10415F8311011B97C
S214033F282169C90710D4002005F80C0062801A68B6
S214033F3846F0010662605A68C4E90467A260F0BDE9
S214033F480220FCE72120FAE72E20F8E7C45A0020CF
S214033F58FE7500200E4B30B51A68A2B10D4B1B78C0
S214033F68834212D900EB400002EBC003C1000024D1
S214033F7800200025C3E9044550544FF0FF3258800B
S214033F885A609A6030BD0220FCE72120FAE700BF9A
S214033F98C45A0020FE750020094B1B6863B1094A02
S214033FA81278824208D900EB400003EBC0031A6973
S214033FB8D20701D5588870474FF6FF70704700BF81
S214033FC8C45A0020FE750020094A0346106870B1DB
S214033FD8084A12789A4209D903EB430300EBC30352
S214033FE8186910F0010002D0181D704700207047AA
S214033FF8C45A0020FE750020F8B50E4B05461C680B
S21403400834B128B100260C4B1F78F3B29F4202D86E
S2140340184FF6FF7009E008222946201DEAF732FF0B
S21403402820B92369DB0701D56088F8BD0136183443
S214034038EBE700BFC45A0020FE7500200C4B1B6834
S2140340489BB14FF6F77291420DD80A4A127882420C
S21403405809D900EB400003EBC0031A69D20704D55D
S214034068002059807047212070470220704700BF00
S214034078C45A0020FE7500200A4A0346106878B121
S214034088094A12789A420AD903EB430300EBC300A2
S214034098036913F0010003D0C3F300107047002030
S2140340A8704700BFC45A0020FE75002070B51C4632
S2140340B8124B9DF810601968D1B1114B1B788342D7
S2140340C818D900EB4000551E01EBC0012543D1E982
S2140340D8040301D0C5070FD52EB110432343C1E906
S2140340E80403002070BD20EA020023EA0403F6E76F
S2140340F80220F7E72120F5E72D20F3E7C45A00202E
S214034108FE750020134BF0B51B6803B300266FEA51
S214034118000C6FEA010E104C2778F4B2A74201D8B8
S2140341280020F0BDD3E9044514F0010F07D014F0BE
S214034138020F04D132B104430D43C3E904450136E3
S2140341481833EAE70CEA04040EEA0505F5E7022045
S214034158E7E700BFC45A0020FE7500200B4B70B576
S2140341681B682BB100240A4A1678E2B2964201D895
S214034178002070BDD3E9042502400D402A4304F10C
S214034188010403F11803F0D00120F2E7C45A002013
S214034198FE7500202DE9F0470026FF27B246164D88
S2140341A8DFF8588098F800305FFA86F94B4502D84E
S2140341B83846BDE8F0872B792F2B0FD928460AF007
S2140341C883FC2B796C7903F0070304F0030483421A
S2140341D82CBFE4182418E4B2A24506D95446B946B7
S2140341E8A2464F4612350136DCE7288801F0A6F8C2
S2140341F80028F3D1F4E700BFA46000205F6A00201C
S2140342082DE9F04F89B0814609F0F2FF029048463F
S2140342180CF0E3F90024411C054689B2484602F02F
S2140342287FFBA246A346A046274600F01F0002359A
S21403423800EB4000EAB27D4E50FA85F5EDB2AA428D
S21403424874D9DFF8FCA19AF8003033B1A400E4B2BD
S214034258B4FBF3F4042C08BF03240298F3F7C4FD55
S214034268054600283CD1FFF795FFFF285BD0704B27
S21403427805B2049018780AF00EFC87422CBFE119A1
S2140342882118002F14BF01230223684E05EBC5052A
S21403429806EB450553FA81F3284603930AF014FC04
S2140342A895F804C06B790CF0070103F00303884202
S2140342B82CBF1B185B18039ADBB29A4233DA049AAC
S2140342C82FB921B19AF80030033B5B452BDC104627
S2140342D802990AF0A1FB05B205EBC50506EB4505F1
S2140342E82B791E09002F00F08180394628460AF0EC
S2140342F815FC032128460AF017FCB8F1000F09D16C
S214034308002E40F0868007F0D7FFC0F30B0149481C
S2140343180EF088F86B79484623F003031C446C7147
S21403432809F0FBFEA87309B0BDE8F08F50D0424BE6
S21403433849461B8807A8ADF81C304FF000038DF8D4
S2140343481E3000230093032303920EF0DBFC9DF834
S2140343581E30BDF81C101B09039A18BF08F1010884
S214034368CDE9041318BF5FFA88F803920AF07DF9BB
S2140343780499039A8842059B03D19DF81E7007F09B
S2140343880F072E4890F800C016E016F80E0C10F02B
S214034398070003D00BF1010B5FFA8BFBAA4207D089
S2140343A836F812EC8E4503D113B108B10134E4B2E2
S2140343B80AF1010A5FFA8AFAAA4206F112060BD133
S2140343C8D4450FD916F80E0C10F00700E2D1EFE724
S2140343D800234FF6FF71D4E736F8120C884201D84B
S2140343E8D445D2D80332123ED2B228E7022E14D9C5
S2140343F85B0707D0394628460AF096FBB8F1000F44
S21403440881D087E7032128460AF08EFBB8F1000F10
S21403441880D1062E3FF677AF7CE7314628460AF06A
S21403442883FB58EA06063FF46EAF73E7A4600020E2
S214034438186B0020504C0020B42D05005F6A00203E
S214034448C47500202DE9F0430823002485B08DF8B1
S21403445808300646022301214FF6FC70CDE90044D6
S21403446802AA0CF096F8ADF80A00D8B12746DFF88A
S214034478A080DFF8A09099F80020E3B29A4224D8E7
S214034488BDF80A4020460CF0A8F8411C47F0600225
S214034498204689B202F058FA0022BDF80A001146EF
S2140344A8F4F736FA07F008FF184AC0F30B01137837
S2140344B801F55A51013113B1013B8908137030468F
S2140344C805B0BDE8F0430DF0ADBF18F80E5C6F2DD0
S2140344D817D8404630F8123D2D01ADF80C300AF0D7
S2140344E8F3FA05F0700528448DF80E00012303221D
S2140344F803A90DF10A00F2F76BF90028D2D10137A8
S214034508FFB2013408F11208B5E700BF5B6A002062
S214034518B66000205F6A002010B5054C2046F2F707
S21403452803FA2046BDE8104000210DF07BBF00BF0C
S214034538504C00202DE9F0432A4D87B0F6F7F8FBD8
S2140345482A7829492948FFF7A7FC09212A78284801
S214034558EAF74CF90026244FDFF89C80DFF89C9096
S2140345682B78F4B2A34202D807B0BDE8F08304F56B
S21403457882300B2203A900F5C070DBF79FFE4FF6C7
S214034588F670BDF814209DF81630511E89B2814284
S21403459815D80020C3F3C003DB1840EB0001CDE9B0
S2140345A80031214603ABFFF7A7FC0028DCD14FF404
S2140345B8805327F8143048F8240029F8140004F523
S2140345C8833001220DF10A0100F58070DBF776FED1
S2140345D8BDF80A20064B01361A558022054B1A5594
S2140345E8BEE700BFCB750020B4620020801300200E
S2140345F80A6A00204C6A0020F44A0020A6620020BB
S21403460810B50A4B1C780EF041F8FF280DD0012C84
S21403461838BF0124064A230232F8101019B101EBF9
S2140346281313A3EB111322F8103010BD186B0020D8
S214034638A66200202DE9F047002506460F46AA463F
S214034648DFF84490DFF8448099F80030ECB2A342D0
S21403465802D85046BDE8F08720460EF06FF8C2072A
S2140346680CD520460EF06AF8830707D438F81430BA
S21403467837B133434FF0010A28F814300135E3E71E
S21403468823EA0603F6E700BFCB750020B4620020D2
S21403469810B5084B084A1C780023D9B28C4201D8B7
S2140346A8002010BD32F8021B013330EA0101F4D1B1
S2140346B80120F6E7CB750020B4620020F0B50C465F
S2140346C84FF6F77187B08A4286461D469DF83060D6
S2140346D802D9002007B0F0BD596818680DF10C0C14
S2140346E8ACE803002C49ADF814200978A142F0D9A8
S2140346F800218DF81660B61006F002060191704682
S21403470821460096FFF7F8FB0028E2D1234B244AFC
S21403471843F824009DF83830224E1B0222F8143042
S2140347284FF4A04304F582300B2226F8143003A96D
S21403473800F5C070DBF7EEFD9DF834301A4913F028
S214034748040F17BF0123194B0B5536F814300CBF4B
S2140347581B7843F0080304F583300CBF0B5526F883
S21403476814300122214400F58070DBF7D3FD0021C5
S2140347780F4B104A1B782846234442F82310E7F7C2
S21403478889F80D4B1855284607F0E1FE0B4A012019
S2140347981378013313709DE7CB750020F44A002085
S2140347A8A6620020B46200200A6A0020B4750020BE
S2140347B8C4750020204A00204C6A00205E6A002048
S2140347C8054B1B78834206D90021044B044A1B7801
S2140347D8034442F823107047CB750020C4750020A5
S2140347E8204A0020074B084A18780023D9B2884283
S2140347F800D870471188013321F4805122F8021B30
S214034808F4E700BFCB750020B462002030B585B04E
S21403481804460D46E6F736FEA04202D8172005B032
S21403482830BD20460DF08AFFC007F7D504F5823061
S2140348380B2201A900F5C070DBF740FD9DF80E209A
S21403484801AB03CB69609107286030D412F0080FD8
S2140348580CBF042303232B722046FFF79DFB154B3F
S21403486868811B5D20466B730DF050FF124A287350
S214034878135D4FF47A7103F00F03AB73135D0020D7
S21403488813F00F031FBF03F1FF32022393403C22AA
S21403489818BF5343094A08BF0A2352F82420B2FB19
S2140348A8F1F29A422CBF00239B1A2B61B7E7022327
S2140348B8D1E700BF4C6A00200A6A0020F44A0020A9
S2140348C8F8B51F4E04463378834237D0FFF764FBA8
S2140348D84FF6FF77B84231D020463470FFF704FA14
S2140348E82046FFF759FB054609F0BFFE012301469C
S2140348F81A4628460CF00AF82046FFF72BFB05460F
S214034908E0B9104A1378013B1370F4F7B5FB294650
S21403491820460BF082FA80220B4B204623F81450CD
S2140349280A4B1A550A4B23F8145009F029FE2A464F
S214034938394611200EF0AAF8FF233370F8BD00BFDE
S214034948FF7500205E6A0020B46200204C6A0020CF
S214034958A66200202DE9F04F0E4615464FF00009D3
S2140349688BB01F469DF854309DF850A0DFF84CB125
S214034978049005939BF800205FFA89F4A24207D8AF
S2140349884FF6F7739D421CD817F0020B3FD01AE078
S2140349982046FFF701FB804604F582300B2207A961
S2140349A800F5C070DBF78AFC4FF6FF727EB99045B8
S2140349B816D14FF6F7729DF82630954203F0EF03AB
S2140349C811D94FF6FF7528460BB0BDE8F08F904512
S2140349D806D00822304607A9EAF754FA0028E8D092
S2140349E809F10109C6E79F4207F002082CD0F3F73E
S2140349F80FFC002857D12D4B2D4A1B78234412F859
S214034A0823B020460BF02AFAB8F1000FDBD1E6F7FD
S214034A1839FD284B1B788342D3D0002108460DF076
S214034A2805FEFF280446CCD0059B0146CDE901A325
S214034A382A46334604980097FFF740FE0028C0D05E
S214034A48F4F71AFBD8460FE02046FFF7A5FAA84264
S214034A58CDD1B8F1000FB6D13046E6F71BFF164B9B
S214034A681855304607F073FD514620460BF0A9F952
S214034A782046FFF791FA054609F0F7FD002301469D
S214034A88012228460BF042FFF3F7C2FB28B9074B6F
S214034A98074A1B78234442F8238020460BB0BDE818
S214034AA8F04FFFF779BA4FF0000BAAE7C47500205A
S214034AB8204A00205E6A00204C6A0020CB7500203E
S214034AC8F8B50026104F3C78F5B2AC420FD800254F
S214034AD80E4B6400224629460D481D70E9F786FEEC
S214034AE822462946BDE8F8400A48E9F77FBE284625
S214034AF8FFF7FAF8002128460BF08FF92846FFF748
S214034B0829FA0136DFE700BFCB7500205E6A00206E
S214034B18B4620020A6620020024B80211A7802485D
S214034B28E9F764BECB7500204C6A002038B50DF053
S214034B38ADFDFF28044616D00B4D35F810301B077D
S214034B4811D50A4B0A491B7801220B54014400F578
S214034B58833000F58070DBF7DDFB35F8143023F07F
S214034B68080325F8143038BDB4620020B475002055
S214034B780A6A00202DE9F04F794B05461B788946CB
S214034B88022B17468BB004D0002630460BB0BDE880
S214034B98F08F0EF0B0F806460028F5D14FF6F973F5
S214034BA89D4262D04FF6F8739D4276D02B0A28466C
S214034BB80DF11E018DF81C308DF81B50F2F708FC1A
S214034BC8002814BFB0464FF02008B34614BF062388
S214034BD80E23022229463846039300F0EBFC0122F3
S214034BE80446039B002840F0B880DFF880A18DF8C0
S214034BF818209AF800204946CDE900008DF81A20B7
S214034C088DF81D0006AA4FF6FC708DF819800BF078
S214034C18C0FC81460028B7D009F027FDB8420FD05C
S214034C28484609F082FB394604300DF068FF3846DB
S214034C3804A90BF07DF870B1484604A90BF037FDBC
S214034C48484B1B78033B012B2BD84FF6FF7148467E
S214034C580AF040F906469AF80030FF2B0EBF0123E8
S214034C680133DBB28AF800308FE74FF008084FF0BD
S214034C78200B3C4B1B78033B012B85D909F0F5FC2D
S214034C88B84281D109F0F1FCFC238DF81B30FF23D1
S214034C9805468DF81C3006239BE74FF01008C346DD
S214034CA8E7E70BF0A4F980460028D4D009F0DDFC2A
S214034CB8A8422DD12C4B1A7852BB03214846F3F74A
S214034CC827FE0028C7D09AF80030A8F8007088F89E
S214034CD80430002388F8053088F8083009F0C5FC46
S214034CE8A84202D1204B1B7853B109F0BEFCB84248
S214034CF806D12CB1237923F0030343F00103237170
S214034D0800224FF6FF710C200DF0C0FE0126A2E725
S214034D185946284608F1070200F078FC044600289E
S214034D2899D0002203214846F3F7F2FD0028CAD19A
S214034D38237903F00303012B8DD109F096FCA842CF
S214034D4803D1094B1B78002B85D0237943F0030343
S214034D5823714FF6FF7323807DE7164615E700BFDA
S214034D68656A0020666A002000760020386B0020FB
S214034D7837B50E4B05461B780C46033B012B11D95A
S214034D88E6F7A4FB01280FD0821E5342534159016C
S214034D9828460DF1070200F039FC18B100214480BB
S214034DA80BF00CF903B030BD1021F1E7666A00205A
S214034DB82DE9F0438BB0857AB0F8069004460E4684
S214034DC8174609F052FC8145804605F0400541D157
S214034DD80021608809F08DFE0246002E44D1082380
S214034DE804A9C14501EB03060CBF234902A90868B9
S214034DF8496803C6A2B3022100268DF817200122AC
S214034E088DF81010217A45F020058DF81210A18828
S214034E1808338DF81310090A8DF81410E188CDE9C4
S214034E2800268DF81510090A8DF816106088314685
S214034E3804AA8DF811500BF0ACFB054680B16188C7
S214034E4809F0AAF979003246284601F0FE01F3F77D
S214034E585FFD06E0E08802A90AF06AFF0028B7D1DA
S214034E6800200BB0BDE8F0833068716806AB03C357
S214034E7845F010051023B3E7EB6A00202DE9F74346
S214034E8889461E460746904609F04FFA002104460F
S214034E98304609F02EFE054609F10701384601F0AB
S214034EA82DFD7DB1B8F1000F02D103781D44EDB294
S214034EB8057063781A0716D569463046F2F788FAF6
S214034EC8024618B1002003B0BDE8F08308216846FF
S214034ED809F05DFB0028F5D120460BF0BBFB082242
S214034EE86946E9F7D5FC09F0C0FB0146201D0DF01D
S214034EF806FE6378DB0603D538460C490BF0D7FB6A
S214034F083146A01C0DF0FBFD3146384609F044F93E
S214034F18074A13780133DBB21370E371A3790BB135
S214034F280120D0E70123A371FAE700BFEB6A00204C
S214034F38636A0020FF232DE9F04F8FB0814616469B
S214034F4805918DF822301AB301230BAA0AF0A9FF9C
S214034F589DF836500446EF0625D50027059BBDF871
S214034F68308003F108024946D2B20823009709A8FD
S214034F78CDE909770DF0C6FE3A46404609A9F8F783
S214034F88A5FC002840F08C80A90627D510220DE042
S214034F9813460BAA0AF085FF9DF836500446A80662
S214034FA863D5062202E0AA0618D508220023059927
S214034FB8BDF832700A44CDE9093349460093D2B2A4
S214034FC8082309A80DF09EFE384686F0010209A9B3
S214034FD8F8F77CFC002863D1002E46D0BDF8307065
S214034FE809F043FB874249D038460DF084FE8046D5
S214034FF8002E45D1BDF82EB00021584609F079FD9C
S214035008BDF82C300390184606930DF074FE06463A
S21403501809F02BFB069B834242D0B64B1B78033B17
S214035028012B3DD915F04003049339D1039B0BB9E3
S214035038002E35D09DF83570039B05F018051F44E0
S214035048FFB2082D8DF835706CD120230493002CFD
S21403505840F041810AF0CBFF054608B3002E40F026
S214035068B28033460126B24674E0BDF8327009F0C2
S214035078FCFA8742B8D14FF00108BBE74FF00108A6
S214035088002C43D09C4BE279678803EBC20633F8BF
S2140350983220BDF832309A4205D04FF6FF7323808C
S2140350A80FB0BDE8F08FBDF82EA0B8F1000F08D0FA
S2140350B8002130460AF082FFA6F802A00AF090FC08
S2140350C8EEE7BDF830000AF081FF05464146304654
S2140350D80AF074FFA6F802A0884E2DB1414628466A
S2140350E80AF06CFF63886B800AF07AFC3378002B2F
S2140350F8D6D03B46002248460599FFF7BFFE002850
S214035108CED03946484609F0E5FEC9E70AF068FCFA
S2140351187A4B1B78002BC3D0B8F1000FC0D14FF6DB
S214035128FF77E6E7102D01D1049590E7B8F1000F55
S2140351388DD1002C3AD0C2460021BDF832000DF1BD
S214035148220200F063FA03460028A9D0002E40F096
S214035158CA8025460499BDF830000DF1230207934B
S21403516800F054FA044600289AD0644A079B12783B
S214035178002A78D0BAF1000F26D102462C46617968
S214035188B9427ED92546A4F802B067711446002BA7
S21403519800F09E809DF82230EA799A4200F09880C3
S2140351A8002E40F08E80EB7100253FE00AF01FFFCB
S2140351B8044600283FF474AF4FF0010ABCE7002208
S2140351C801261346DBE70126B8F1000F1ED107F0C8
S2140351D873F87E23B0FBF3F202FB130005993A46F5
S2140351E805315FFA80FA484601F0AEFB4FF6FF71C9
S2140351F8484608F0D1FF039B032B2CD9AAF17E0A55
S214035208022148465FFA8AF2F3F782FB069BA5F863
S21403521802B02B809DF834306F712B7100232B72EC
S214035228002E42D19DF82230EB710125B8F1000F0C
S2140352383FF436AF484609A90BF019FA00283FF49D
S2140352482FAF2A4609A90BA8FFF7B2FD28E70026C1
S21403525825463446BBE7039B012B94BF0AF1020A93
S2140352680AF1420ACCE7BAF1000FCFD16979B942FD
S21403527809D9A5F802B06F71002B8BD1002E93D0F5
S21403528824E025461446049A002A3FF409AF8F42C1
S2140352987FF406AF039307F00FF883077FF400AF96
S2140352A8039BA5F802B06F7171E7FF23EB71002C1F
S2140352B8BBD001252379A4F802B023F00303237196
S2140352C8B4E7FF23EB71002C3FF46EAF0025F1E73C
S2140352D8002CD3D168E7002E7FF471AFB24625467B
S2140352E80126534636E7BAF1000FB0D15646524662
S2140352F845E700BF666A00201E620020CA750020C4
S21403530870B50C4B4FF6FF751C78002302460A4807
S2140353189C4201D1002005E00688964206D1AA429F
S21403532801D10B7070BD8679002EFAD00133083090
S214035338DBB2EDE7C97500201E620020002210B517
S2140353480A4B1C780A4BD1B28C4201D8002010BDF8
S2140353585988814204D11979890701D1997911B1FC
S21403536808330132EFE70120F1E700BFC9750020D3
S2140353781E62002010B5084B01461C780023074A16
S214035388D8B2844201D8FF2010BD914203F101032D
S214035398FAD00832F4E700BFC97500201E62002061
S2140353A838B50446FFF7E6FFFF28054603D13F2135
S2140353B80B480DF0C4FA4FF6FF7320462380A371FB
S2140353C803210AF0FBFD074B07481A78002107322A
S2140353D8D21002FB0500BDE83840E9F707BA00BF5C
S2140353E8EDC90400CB7500203B6A0020F8B50446D7
S2140353F80026124D124F3A78F3B29A4209D8002281
S2140354084FF6FF710F4B1D780F4BD0B285420BD862
S214035418F8BDFF2C02D0AB79A34202D12846FFF78A
S214035428BFFF08350136E6E7FF2C02D0187AA042FC
S21403543801D1198019720A330132E6E71E62002089
S214035448C9750020C8750020F6610020FF28F8B546
S21403545804462CD0164B1B78834203D88021154864
S2140354680DF06DFA4FF6FF75134A32F8341002EB57
S214035478C4000379A94203F0030318D0012B16D1FD
S21403548800220E4B1F780E4BD6B2B74203D8BDE8A0
S214035498F840FFF785BF1E88AE4205D093F807C0CD
S2140354A8A44504D0B14202D00A330132ECE7F8BD72
S2140354B8C9750020EDC904001E620020C8750020C7
S2140354C8F66100202DE9F74304F0B9F9324B1B784F
S2140354D8033B012B21D9314B1D88451BADB2E5B1E2
S2140354E818804FF6FF7700202D4A13782B44C3F312
S2140354F8C81403F07F0313702A4B2B4A1E78C3B2D3
S2140355089E420DD800264FF6FF77284CDFF8A0906A
S21403551899F80020F3B29A4216D803B0BDE8F08390
S2140355281388BB420DD0137999070AD104EB93115C
S214035538022928BF022103F03F0389B243EA8113F5
S214035548137108320130DAE734F80A8CB84506D006
S21403555814F8043CAB4205D95B1B04F8043C01363B
S2140355680A34D5E709F081F8804534F80A3C04F88C
S214035578027C24F80A7C09D018460DF10701FFF7C8
S214035588BFFE18B19DF80700FFF760FF14F8030C79
S214035598FFF75CFFE3E700BF666A00204A63002064
S2140355A8396B0020C97500201E62002000620020A7
S2140355B8C8750020F0B500244FF6FF770346104859
S2140355C8DFF844C006780F48E5B2AE4201D800209B
S2140355D80FE005889D4210D13AB1012A16BFC57956
S2140355E805793CF83550A94207D1BB4202D11423AA
S2140355F88371F0BD057A002DFBD00A300134E3E74A
S214035608C8750020F66100201E620020F8B50D4616
S214035618114607461646FFF773FE002836D102469C
S2140356284FF6FF7C1E4B1F4C1978D3B2994206D807
S21403563800231C4C8B4221D1F8BD0834F5E7B4F897
S21403564800E00132E645F8D1337001232780237141
S2140356580021A17165B1144B45F008051A78257128
S214035668D31DDA103078114B02FB0030E9F7BEF889
S2140356782379204603F03F032371DDE72279920955
S214035688022AE1D001330834DBB2D3E703790446B0
S2140356989A071EBF23F0030343F001030371D7E7FA
S2140356A8C97500201E620020CB7500203B6A0020C7
S2140356B873B50DF107010546FFF722FE40B10379DE
S2140356C89A0705D113F0300404D043F0030303719B
S2140356D802B070BD28460AF081FC094B4FF6FF71ED
S2140356E81D7823469DF80760064AD8B28542EFD947
S2140356F8D0790133B04204BF118011720A32F4E73D
S214035708C8750020F661002030B50A4BCC081B7814
S214035718094D0733DB1000FB0340012301F00701A3
S2140357288B402C5CDBB212B11C432C5430BD24EAEC
S2140357380304FAE7CB7500203B6A002070B50B4BD1
S21403574804461B78834204D840F24B2108480DF0E0
S214035758F6F80025074E3378E8B2834200D870BDC2
S21403576800222146FFF7D0FF0135F4E7CB7500206A
S214035778EDC90400C9750020FF2810D0FF290ED0F4
S214035788084BCA081B7801F007010733DB1000FB38
S2140357980323054AD05CC84000F001007047002088
S2140357A8704700BFCB7500203B6A00200148F0F71E
S2140357B8CBBD00BF4C6300202DE9F0471E464D4B7A
S2140357C88CB01B681546074688469DF8509003F02C
S2140357D8080A08F04AFFA8423FD1B9F1000F14D0CF
S2140357E86EB9ADF806603D4604242246414628466F
S2140357F80AF090FC00F001000CB0BDE8F087002327
S214035808ADF806303D4606243AE038460CF03EFF2F
S214035818FF28044605D0F2F7FBFC10B12046FEF736
S214035828CFFF96B10023ADF80630F8F7FDF8002849
S214035838E8D0062440460DF1060202A909F0FEFD4B
S214035848D8B94046F8F7F8FA17E0ADF80660F8F75F
S214035858EBF80028C7D00424ECE73EB3BAF1000FF0
S2140358682ED000230B24ADF80630B9F1000F0AD169
S214035878F8F7DAF82F460028DCD13D46002EB4D0D8
S214035888BAF1000FB1D004F00402414642F0110207
S21403589828460AF03FFC22460646414628460AF0B2
S2140358A839FC002814BF30460020A3E7BAF1000FDE
S2140358B814D00124ADF80660B9F1000F95D1D7E7E7
S2140358C80B24284602A9F1F783FD074668B902A800
S2140358D807F061F920B9ADF80600EDE70124F0E713
S2140358E844F00204ADF80670E6E70023ADF8063088
S2140358F8E2E700BFE44C00202DE9F0471E46744B50
S2140359088CB01B7807460D461446DDF85080002BEE
S2140359183ED008F0AAFE30B36E4B1B68980722D415
S2140359284FF6F7739C4233D843463A4631462046E9
S214035938FBF7F2FE08F099FE854200F0C580304674
S214035948FEF75AFBA04203D10CF0A0FE0AF086FA33
S214035958BA1E534253412946002220460CB0BDE8DE
S214035968F0470AF0D3BFE7B1F91ED1F1000949EBB6
S21403597801094FF6F7739C4216D90321204606F011
S214035988ACFC03233A4631462046009506F094FDC0
S21403599808F06BFEA84200F097804FF6FF739C4210
S2140359A8CBE74FF00109E4E72B463A463146204653
S2140359B804F0CAFB2146CDE900082B463246384692
S2140359C807F039F980460146204606F086FCB8F10A
S2140359D8000F61D1B9F1000F12D100233A463146C0
S2140359E82046009506F068FD88F001032A463146EE
S2140359F82046CDF8009003F00103FFF7DDFE99E794
S214035A08002FEAD003AA9246334B03F1100E9446AE
S214035A18186859680833ACE8030073456246F6D13C
S214035A2807A806F0A5FD0323306871688DF81C30B7
S214035A3808AB03C39DF8293007A843F002038DF883
S214035A48293006F0C0FE90B13068716808AB03C30E
S214035A58042307A88DF81C3006F0B5FE38B10223D8
S214035A6807A88DF81C3006F0AEFE0028B5D15146BF
S214035A7807A806F0E8FE0028AFD0F4F795FB002841
S214035A88ABD103233A4631462046009506F014FD6B
S214035A9808F0EBFDA84250E743463A46314620460F
S214035AA8009506F009FDB8F1010F9DD0B8F1020F75
S214035AB87FF440AF284607A9F1F78AFC20B9324697
S214035AC8284607A90AF0EDFA0CB0BDE8F08700BF30
S214035AD8616A0020E44C0020BE2D0500044B1A889A
S214035AE80AB100221A8000210846F9F7ABBF00BFA7
S214035AF84C63002000232DE9F0478EB004460D467C
S214035B08CDE903334F7808F0B0FD50B1B64B1B68A8
S214035B189A0706D4092103A806F086FC0EB0BDE84A
S214035B28F087204603A9F1F753FC0646002840F001
S214035B385781022F3DD0042FECD1E5F7AFFC0028A0
S214035B4846D0E5F7ABFC022840F022810DF1240885
S214035B58334632464146304606F0A4FF012103A8E1
S214035B689DF8255007F091F82840FF2800F0348167
S214035B7805AD284608F016FD002840F02F8195E865
S214035B880F0088E80F003A46414603A806F0C4FE0D
S214035B980246002840F02081032303A9CDE90053D9
S214035BA820463B46FBF77EF900280CBF1321062147
S214035BB8B1E78D4B1B689B07ACD4023508222946F0
S214035BC88A48E9F75FF90028A4D0E5F773FC08B913
S214035BD81121A0E7864B874E1B78FBB9FFF77EFF9C
S214035BE83088002860D103AF2946384606F0BEFC45
S214035BF8002800F0CA8028460DF10A01F1F7C2FB17
S214035C0840B90DF1240A504608F0CCFC804600281B
S214035C1800F08780FFF762FF0F217CE730880028B3
S214035C2842D101460CF086FB308000283AD0012387
S214035C380822304603A9F0F7CBFD98BB01230822B8
S214035C4829463046F0F7C4FD60BB012302226948A3
S214035C5809A9ADF82440F0F7BBFD0346308823B105
S214035C68002848D04FF0100920E00CF00BFB6149E0
S214035C780746204601F0CAFC30880CF003FBFFB247
S214035C88874209D1FF238DF82430012359481A4641
S214035C9809A9F0F79DFD28B900210120F9F7D2FEDE
S214035CA80C2138E73088DBE74FF007090CF0CEFA0B
S214035CB8074630880CF0CAFA3488112100F1080820
S214035CC8204600F02DFE10218246204600F028FECE
S214035CD80822044603A94046E9F7D4F8002840F00A
S214035CE88180082229463846E9F7CCF8002879D176
S214035CF8B9F1070F01D010210DE704EB0A24454636
S214035D08A4B271E730884FF0010828B1122100F0D9
S214035D1807FEFF2881461ED12A46B9462046402359
S214035D2804E03A46A9464346BDF80A0043F003038F
S214035D38CDE900A349460323FBF7B4F800283FF44C
S214035D4869AF0721484606F06FFBB8F1000FD9D0B4
S214035D58FFF7C4FEE2E6002108460CF0EBFAADF8BE
S214035D68140048B1204605A901F050FCBDF81400FC
S214035D780CF088FA0028CFD1142300934A463946F4
S214035D882046338801F0FAFBC6E7FFF7A7FE1FE7AE
S214035D98E5F784FB012801D00621BCE605AD3246AB
S214035DA833462946009603A8F9F75EFD024608B16E
S214035DB80A21B0E60C4B20461B6803A95B0003F0D8
S214035DC8040343F00303CDE900533B46FBF76AF8A5
S214035DD80028E1D113219EE605219CE612219AE6C6
S214035DE80B2198E60E2196E6E44C0020EB6A002089
S214035DF8056A00204C630020012330B50D4C85B09E
S214035E0822788DF80430D5188DF805200E228DF8E3
S214035E1806200A682570CDF807204A6801A9CDF838
S214035E280B200B22F0F7D4FCB0FA80F0400905B03B
S214035E3830BD00BF626A0020014B1878704700BF68
S214035E483A6B0020142230B58BB005460DEB0201E1
S214035E581548DAF733FA10BBBDF81430DA0720D43E
S214035E6813F0060FC3F3410208BFC3F341220F4BD7
S214035E780DF116019C5C68462246E8F747FEBDF816
S214035E88263004F128026A4402F8283C02341B0A26
S214035E9802F8273C69462A46E0B209F0ACFA0BB08A
S214035EA830BD2320FBE700BF703214E0CE2D05007B
S214035EB810B58AB0ADF826200022CDE90522049253
S214035EC80CAA02924FF6FF720446AC2101200192F7
S214035ED8064A039004FB0122603200924CF6200126
S214035EE80DF126020AF038F90AB010BD9C590020B5
S214035EF800B58BB0ADF824309DF8303003208DF80C
S214035F082630002303900A4909A8CDE90130CDE9D4
S214035F180533049301F160030093B1F85C30022063
S214035F284CF660410AF018F90BB05DF804FB00BFA5
S214035F389C59002010B54FF6FF741E4A8AB0B2F873
S214035F486800B2F85E10A042ADF82600B2F85C30DE
S214035F584FF6FD70ADF8241018D081424FF00000BC
S214035F6894BF48F660014CF66001CDE90500CDE91B
S214035F780300CDE9010094BF09AA603200920DF12F
S214035F88260204200AF0E8F80AB010BD81424FF052
S214035F9800008CBF603209AA00928CBF4CF66041A1
S214035FA848F66041CDE90500CDE90300CDE90100D7
S214035FB8014AE6E79C590020065A002000B50E4B16
S214035FC80022B3F85E308BB0ADF824304FF6FF737B
S214035FD8CDE90522CDE90322CDE9012209AA0092DB
S214035FE84FF400610DF126020720ADF826300AF0BB
S214035FF8B3F80BB05DF804FB9C59002030B58BB0A2
S2140360088DF825301B0A8DF8263000230D4991F8A4
S2140360185840CD6DB1F85C00CDE9053304930723EA
S2140360286031039308ABCDE9010300914FF6FF7384
S2140360384CF62041082008958DF824400AF08CF881
S2140360480BB030BD9C59002070B54FF6FE76294C30
S2140360581D46B4F85E10B4F85C30B14294F85C00A0
S214036068A2B04FEA132321D14FF440416034ADF870
S21403607808108DF80B008DF80C3003CC0DF11504C1
S214036088CDF80D00CDF811102270120A62700022A6
S21403609811461046A270E270ADF8062008F023F900
S2140360A8ADF8060090B9002022B070BD4FF4004446
S2140360B88DF80D10090AADF808408DF80B008DF819
S2140360C80C308DF80E100DF10F04DDE7043402A929
S2140360D8621A012392B20DF10600F0F779FB002845
S2140360E8E1D1BDF806002A4601210CF0FBF8BDF8FD
S2140360F80600D9E79C590020202A10B5144614D860
S214036108012A04D10C88B4F5004418BF01246200A0
S21403611830B10748E8F7BCFB064B00201C7010BDDF
S2140361280548E8F7B5FB054BF7E72120F7E700BF77
S2140361384E6300203B6B00208E6300203C6B0020E0
S2140361482DE9F047104617460CF0D7FCDFF814A1E4
S214036158DFF814919AF8003099F80020054613439F
S21403616802D10020BDE8F08710F4406800F040062E
S21403617819D186BBB0F5804F5CD24FF480740023E8
S2140361889AF80000344AD9B288425DD8002399F8B1
S2140361980000324AD9B28842E3D932F8021B0133E7
S2140361A8A142F7D155E0F81C0CF0A7FC4FF6FF7395
S2140361B8984214BF0124022486B1052605F44043F9
S2140361C8B3F5004F44F0080424D0B5F5804F23D226
S2140361D844F4807420E044460326EFE7B5F5804F81
S2140361E84FF00506F4D3B8F5406F14BF0220082015
S2140361F8304438440CF081FC194B05F44045B3F899
S2140362085C3083420CBF44F0080444F00404B5F53C
S214036218004F01D144F08004B8F5006F0ED1B819C9
S2140362280CF06BFC0E4BB3F85E308342A7D144F0F8
S2140362381004A4E7444603260220D9E7B8F5406FBE
S21403624808BF44F020049AE732F8021B0133A14240
S21403625899D1012086E700BF8E6300204E63002095
S2140362689C5900203C6B00203B6B00202DE9F04F27
S214036278104685B0164698460CF03FFC5D4F00F076
S2140362880803B7F85C10044600F00709F01C0293ED
S2140362980391B7F85EB00CF030FC06F1050A054624
S2140362A850460CF02AFC03464FF6FF70854218D07A
S2140362B80399A1EB050CDCF1000545EB0C056D0015
S2140362C84FF6FF718B420ED145F004050CF08EFA9B
S2140362D8029B6BB1B9F1000F11D0422005B0BDE89F
S2140362E8F08F0125ECE79B4508BF45F00805EDE769
S2140362F8B9F1030FF1D8DFE809F0021B795D0CF05A
S21403630875FA08B9A807E8D524F00804A4B2B4F5C2
S214036318004F05D0B4F5624F02D0B4F5404FDCD138
S2140363280025294697F8A820002007F0DCFF3CE064
S214036338D7F88030E3B9002132460846FFF700FF56
S214036348D8B948F6410224F038039BB29342C4D125
S2140363580A2D49D0062DC0D197F87730023B012B7A
S214036368BBD8EEF7AFFF0028B7D140F6040505E023
S2140363784146304698470028DDD00825E20648BF40
S21403638845F08005A30648BF45F4805505F00C0381
S214036398042BC6D1F01D0CF0B0FB97F8A830324694
S2140363A8009341462B4607F073FF08B30E9B1880ED
S2140363B8002093E7A90705D14FF6FF73B7F85C20CB
S2140363C89A428AD104F44063B3F5006F0AD0B3F552
S2140363D8406F82D1082250460749E8F753FD002844
S2140363E87FF47BAF0C25C9E70425C7E7432075E789
S2140363F8192073E79C590020FC590020034B1A7890
S2140364081AB1FF2A04BF00221A7070473E6B002099
S21403641870B5084C084E2378F55C1DB13E21074835
S2140364280CF08DFAFF2223782846F25400232370B3
S21403643870BD00BF3D6B00203E6B0020FBC9040007
S214036448034B044A1B78D05CFF3818BF01207047FB
S2140364583D6B00203E6B00200023074A0749136064
S214036468074A1360074A1360074A11600121074A5F
S2140364781170074A13607047D45A0020EB020400D1
S214036488D05A0020CC5A0020E87400200176002059
S214036498DC5A00200E2A70B50C46064615461946E1
S2140364A803D9FFF7D9FF502070BD012807D1002074
S2140364B8EEF722FFB0B1FFF7CFFF2120F4E78022E3
S2140364C80021224B1A70224B1960224B1B684BB1D2
S2140364D834200BF02FFF204B188018B9FFF7BCFFAA
S2140364E80120E1E724F0FF6323F4FF231BB1FFF742
S2140364F8B3FF4F20D8E774B92046EEF717FF0124F9
S214036508032510F0800F43B21BBF00F01F039C4007
S2140365189C4044F078440020104B24F078441E70C6
S2140365280F4B10491D70104B1C60104B1870104B06
S2140365381A68EFF797FA18B1FFF78EFF0420B3E748
S2140365489DF810200B4B1A70AEE700BF3F6B002078
S214036558D85A0020CC5A0020CE630020446B002073
S214036568426B002061680300DC5A0020436B00205E
S214036578D45A0020406B00207FB5244B00251A7898
S21403658801232348234903FA02F200781A440A60CF
S214036598ADF80E5020B3984236D11F4C1F4B2078C7
S2140365A81B680DF10E0198471D4EBDF80E2030707E
S2140365B892B11C4B29460093284602230195EFF710
S2140365C88BFA3278237822B1012A12BF1B230133B0
S2140365D8DBB2237004B070BD013818BF0120F0E7A2
S2140365E878235A43013A0A6008220F490BF0E8FD5C
S2140365F80B49094A0978137821B1012912BF1B23CD
S2140366080133DBB21370E5E71846E3E7426B002075
S214036618446B0020E05A0020436B0020E8740020F7
S214036628017600209D68030081270400024B186842
S214036638003818BF01207047CC5A002037B50546E6
S2140366481C460CF0D3F868B974B1084B1A60084BAB
S2140366580A461C600123294600930323FFF71AFF03
S21403666803B030BD4D20FBE72520F9E7C85A0020C4
S214036678D05A002013B504460CF0B8F858B962B1DE
S214036688074B1A6001230A46009321460323FFF7A4
S21403669801FF02B010BD4D20FBE72520F9E700BF38
S2140366A8CC5A00202DE9F0410446DDE906861D464E
S2140366B89DF820700CF09AF888B99EB1A2B10B4BDE
S2140366C801201A600A4B0A46C3F80080094B214684
S2140366D81E602B460697BDE8F041FFF7DBBE4D204C
S2140366E8BDE8F0812520FBE72120F9E7E8740020C0
S2140366F8D45A0020D05A00200148EFF725BE00BF21
S214036708CE6300202DE9F0410020EFF719F9114B6D
S214036718114C1E68114B20881D68114B114FD3F876
S214036728008010B13978EFF7E9FF00203870FFF7DB
S21403673893FEEFF723FC0EB14046B0473DB12088E1
S214036748A84700232380BDE8F0410CF073B9BDE8E1
S214036758F08100BFD05A0020CE630020CC5A002018
S214036768DC5A0020456B0020F8B52F48F0F7DCF814
S2140367782E4B187830BBEEF7D9FD2D4F06463B68EF
S21403678803B32C4B2C4D1C6824B195F900301A46DC
S2140367981946A047294B1B6883B1294C2378312B0C
S2140367A80CD8284B18880BF051FD23785A1C2270F6
S2140367B82A78C25423785A1C2270C65480232B7016
S2140367C800233B60204C23781A2B22D81F4A1278C2
S2140367D8012A09D100211E4A156825FA03F0C007C5
S2140367E8DAB20ED501B122700020EEF79FFD2178AC
S2140367F8884212D10022174B1A70FFF7BDFE40B924
S214036808F8BD0133D8B21A284FF00101E5D90A4476
S2140368182270BDE8F840FFF775BF0020EEF798FD35
S2140368280028E7D0F5E700BFEC740020446B00208F
S214036838D85A0020C85A00203F6B0020CC5A0020A4
S214036848456B0020CE630020436B002001760020B2
S214036858DC5A0020416B002008B50B4B187880B92A
S2140368680221EEF737FD094B1B782BB100214FF6B3
S214036878FF720846EEF710FDBDE808400448FFF728
S21403688873BF00210846ECE7446B0020406B0020EA
S214036898EC74002038B5144B0C461D78012D21D115
S2140368A881B90846EEF742FD104A05FA00F0136868
S2140368B80F4923EA0003136020462A46BDE83840FA
S2140368C80BF07EBC0B4A13780133DBB2022B137032
S2140368D804D9BDE838400848FFF746BFFFF74CFE23
S2140368E80028F6D138BD00BF446B0020DC5A0020D0
S2140368F881270400416B0020EC74002038B50C4651
S21403690805460BF0BFFCA04203D82D2103480CF024
S21403691816F828460BF09AFC204438BD0FCA040024
S21403692870B506460D460BF091FC044648B1304652
S2140369380BF0A8FCA84203D8352102480BF0FFFF4A
S214036948605D70BD0FCA040070B50C460646154652
S2140369580BF098FCA04203D83E2104480BF0EFFF47
S21403696830460BF073FC00B1055570BD0FCA040022
S2140369782DE9F0431E46574B8FB01B780746033B5B
S214036988012B0C4615469DF8588007D8F4F718FAD5
S21403699820B1F0F71DF908B144F400544E4B1B78A8
S2140369A813B924F40074A4B2200509D546B92846B9
S2140369B804A9F0F70DFD002846D024F40064A4B219
S2140369C8ADF81840ADF81A5007F04FFE434BADF834
S2140369D81C00B8F1000F02D01A78424501D293F88A
S2140369E800803F4AE105137848BF0DF1210103F102
S2140369F80103DBB2137058BF08A922058DF81E8061
S214036A088DF81F3006D53368083141F8083C73689B
S214036A1841F8043CE30407D5324A0831136841F8C1
S214036A28083C536841F8043C0DF11808A1EB08002C
S214036A385FFA80F9002148460BF07CFC064628B925
S214036A4800200FB0BDE8F08304AEB9E70BF0FEFBF9
S214036A5841464A46E8F75AF830460BF013FC804698
S214036A6830460BF0F3FB0023024600934FF6FF7005
S214036A7804235FFA88F107F00BFCADF80E00002834
S214036A88DED040F201131C421AD14FF6F7739D422B
S214036A9816D80BF0F7FB0DF10E010446284600F056
S214036AA8B5FDBDF80E000BF0EDFBE4B2A04207D926
S214036AB8BDF80E0007F039FC437843F0040343702F
S214036AC8BDF80E003A4601210BF00CFCBDF80E008B
S214036AD8B7E700BF666A0020616A0020B675002023
S214036AE8636A0020EB6A0020F0B50829D58889B0C8
S214036AF828D00C2926D0AE0424D405F040030B4333
S214036B08424C267816B105F0200423432FB2002FF3
S214036B18B8BF43F08003032920D11223AC068DF8AF
S214036B280430937A10D48DF805300DF1060401A9C4
S214036B38621A012392B2EFF74BFEB0FA80F04009CF
S214036B4809B0F0BD0B46DBE732228DF805308DF829
S214036B580420002EE9D00DF11304E8E70C298DF87C
S214036B6804300ABF138953798DF80530548805BF56
S214036B781B0A8DF806308DF805300DF1070318BF8C
S214036B880DF106031C70240A5C70148802399C7085
S214036B98240ADC70147901291C7111D8917A002F04
S214036BA8597131DA022112899971DA71120A03F1DD
S214036BB809041A72002EBAD0AB06B8D50534B6E760
S214036BC8A9071AD4002F0CDA117A51B1917A5971A0
S214036BD81189127A03F1080492B102229A71D971C3
S214036BE8E8E70B4C217801F1010C84F800C0917298
S214036BF89C1D002F5971DDDAEAE7917A9C1DF8E7A8
S214036C080122090A9A71EAE79C1DD3E7616A002004
S214036C18626A0020014B1880704700BFD0630020CB
S214036C28014B1888704700BFD06300202DE9F8434E
S214036C3807460BF07DFE05461B480BF0F4FF1B4B7F
S214036C4860B31C683C1B2C44A4B20022184BDFF824
S214036C5868901B78174D03EB830399F8006005EBE0
S214036C6843055FFA82F846450AD9AB8805F10A0058
S214036C78A34216D90A23B21A29465A43E7F708FE47
S214036C88013689F80060AC80B8F1000F03D13946A5
S214036C9805480BF0C7FB2846BDE8F8833C461D604D
S214036CA8D3E705460132DCE70C750020E45A0020DA
S214036CB8466B002072600020476B00201FB5154AFC
S214036CC8154C1378013BDBB213706168206801AA80
S214036CD803C221891180114A1278D21805D00A23D3
S214036CE820465A43E118E7F7D3FD9DF806301B07FD
S214036CF80DD0BDF80C00FFF799FF03468288ADF860
S214036D08082001AA03CA1288186059601A8104B0B9
S214036D1810BD00BF466B002072600020476B002042
S214036D28002108B5084B09481970094B1970094B17
S214036D381A7802EB82025200E7F758FDBDE80840CE
S214036D480548EFF7F1BD00BF476B002072600020CF
S214036D58466B0020C27500200C750020F8B5002489
S214036D68084D094F094E3B783178E2B20B449A42F4
S214036D7804F1010400DBF8BD2846EFF7E5FA0A3507
S214036D88F1E700BF72600020476B0020466B0020C7
S214036D98F8B516460C4B0D4A1B781278074613446B
S214036DA80B4A0D46127893420CD03046FFF73EFF47
S214036DB8013506810780857004460BF0B4FDE08034
S214036DC80120F8BD0020FCE7466B0020476B002037
S214036DD8C275002010B5064C207828B10548F5F78B
S214036DE899FD10B1034B188810BDFFF767FFF3E74B
S214036DF8466B00207260002008B50A4A03461078DE
S214036E0860B1094A1088984209D121B9937810339A
S214036E1823F00F039370FFF751FF012008BD0020EE
S214036E28FCE700BF466B0020726000202DE9F74F91
S214036E3800260BF07DFDDFF8F890B24699F800704F
S214036E48B3463A46DFF8EC801FFA80FEB8F800C06F
S214036E58344CAEEB0C039BB201932378324D00936C
S214036E6803EB830305EB4303ACEB0E0C5FFA86FEDA
S214036E78BE4515D3BAF1000F01D0009B2370BA4262
S214036E882AD3002F37D00A222378C8F8000002FB3B
S214036E9803532648998803B0BDE8F04F0BF0C2BAEF
S214036EA8B3F804E001998E4512D84FF0010A009909
S214036EB893F802E001310EF1FF3EC9B2013AA3F896
S214036EC804B083F802E00091D2B20A330136CDE764
S214036ED8E644A3F804E0F8E789F800204AB10A2252
S214036EE82378C8F8000002FB0353104899880BF070
S214036EF899FA237813B903B0BDE8F08FFFF76AFF52
S214036F0806460028F5D007F031F90146304607F063
S214036F18E1FF20B100212888FFF76EFFE9E740F676
S214036F280241F8E7466B0020726000200C750020CB
S214036F38476B0020E45A00202DE9F04192F80880B8
S214036F481F4608F1FF33DBB2EF2B05460E46144601
S214036F5888B00BD982238DF80E30314628469DF823
S214036F680E30204AFBF774FA012037E00E22002180
S214036F7804A8E7F73BFCB4F809308DF81180ADF8A0
S214036F881230E37A03F07F02032A08D0012B24D1B8
S214036F9803238DF81030A389ADF815300EE0032BC4
S214036FA814BF022301238DF81030E368CDF815309B
S214036FB82369CDF81930237D8DF81430A7F1210104
S214036FC84A420DF10E034A41009321460DF10F0381
S214036FD804A8FAF793FD0028BFD1002008B0BDE83F
S214036FE8F08100BFA78004002DE9F04F00241D7828
S214036FF895B0CDE902010492234622460120CDE945
S2140370080054404909F069FAADF81E00F8B1A346E2
S214037018264627460DF120090DF1380AE4F72CFA1F
S2140370285FFA84F8404516D83A460221BDF81E0092
S214037038FFF78AFC32460421BDF81E00FFF784FCDE
S214037048DDE903100022BDF81E30FBF701FA012024
S21403705815B0BDE8F08F4A4640460AA9FAF740FD40
S2140370689DF8282022B12DB1013DEDB20137FFB2BC
S2140370780134D3E7BBF1000FF8D199E803009DF874
S21403708829308AE803008DF84030BDF82A30032AF1
S2140370988DF841304FEA13238DF8423017BF032388
S2140370A801238DF843309DF82C30DDF83110DDF8D8
S2140370B82D0014BF8DF84C308DF8433011AB03C345
S2140370C802980CBF4FF00E084FF0150808F0CCFBDB
S2140370D80590BDF81E000BF0D5F8059900EB0803DC
S2140370E899420BDB0123424651460DF11E00EFF78A
S2140370F86FFB0028ABD10136F6B2B7E74FF0010BAA
S214037108B4E700BFE4C9040038B505460D4B0E487E
S2140371181C88EFF7F5FB012D0CD10C4B1C88FA21C4
S214037128614358B1884209D28408012C204638BFE7
S214037138012038BD022D08BF0224F0E702480BF0F1
S21403714871F9F2E76E600020B04B00206C600020F7
S214037158012208B5054B06481A7000210BF062F9A0
S214037168BDE808400020FFF7CFBF00BF326A002003
S214037178B04B00201E4B73B51A8802F108039BB266
S214037188012B02D81B4B1B7823B902B0BDE870400D
S214037198EFF7CABB0024184B184D1C70184B1C700D
S2140371A82B787BB14FF6FC73164E00932246234684
S2140371B82146308808F096FD4FF6FD732C70338011
S2140371C801200FE0104B10461978F4F719FF002832
S2140371D8F6D10C4B1A884FF6FD739A42F0D001236A
S2140371E802202B7002B0BDE87040FFF78DBF00BFCA
S2140371F870600020326A0020356A0020336A002057
S214037208346A00206A600020366A0020012808B520
S2140372180AD002280CD020B9084B18700848EFF794
S21403722883FB4FF0FF3008BDBDE80840FFF790BF6B
S2140372380020BDE80840FFF767BF00BF326A00209A
S214037248B04B002002280CD859B1064A13780133EC
S214037258DBB21370044A12789A4202D80220FFF768
S214037268D5BF7047346A0020376A002038B5A0F6C1
S2140372781343012B04460D4615D80E4A13780133DB
S214037288DBB213700C4A12789A420CD84FF6FD728A
S2140372980A4B00201988914201BF00221D80084B23
S2140372A81A70FFF731FF29462046BDE8384005F037
S2140372B851B800BF356A0020386A00206A6000208B
S2140372C8336A002000234FF6FD71054A1370054AFA
S2140372D81370054A1180054A1370054A13707047E0
S2140372E8356A0020346A00206A600020336A00206A
S2140372F8326A002030B5094B02461B7833B1084B77
S214037308084C19780023D8B2884201D3FF2004E03A
S214037318013334F823509542F5D130BDC1750020AA
S2140373283A6A00204A6000200022FF21044B0548E1
S2140373381A70054B1970054B1A789200E7F756BA78
S2140373483A6A00204E600020396A0020C175002082
S214037358F7B58DF807100DF10701044602F09FFFF5
S214037368234B1D78002D41D02046FFF7C3FF214E3F
S214037378FF283178204B05D1204A107885422DD92D
S214037388451C1570884219D01C4A1B4D92F800C03C
S2140373980022D7B2BC450CD92F4697F803E0013232
S2140373A8864505F10405F4D102B203EB8202D278CE
S2140373B8FA7002B203EB8202D170307002B203EBAA
S2140373C8820123F82240FF228A709DF80720FF2AAD
S2140373D802D003EB8203987003B0F0BD0A4610464A
S2140373E803EB8202D278FF2AF9D1CBE7FF20F3E733
S2140373F8C1750020396A00204E6000203A6A0020D2
S2140374082DE9F843FFF776FFFF28044669D04FF6C1
S214037418FF72354F03B2DFF8DC80344E27F823209B
S21403742898F80050A54202D10020BDE8F8833378C7
S21403743820B28100A34207EB800090F803E010D047
S2140374480023294A5FFA83F94D45944606D99CF8E2
S21403745803900133A14502F10402F3D18CF803E04B
S21403746801E086F800E0013DEDB22A1BD2B20431F2
S21403747892003944E7F70CFA88F800503378FF2B64
S21403748804D0A34224BF03F1FF33337000214FF621
S214037498FF70154BCAB2AA420CD300234FF6FF71EE
S2140374A8134ADCB2AC42BBD2013332F8230088421B
S2140374B8F7D1B5E79A78A2420BD11880DA78FF2A73
S2140374C804D0A24224BF02F1FF32DA70013104333A
S2140374D8E0E7FF2AF2D0A24224BF02F1FF329A70F5
S2140374E8ECE72D20A1E700BF4E600020396A002094
S2140374F84A6000203A6A0020F8B51C4B05461B78FC
S214037508084673B3FFF7F6FEFF28044629D0284635
S214037518FFF7F0FEFF2806D0154B164E1A78002301
S214037528D9B2914218D3FF212846FFF711FFFF2847
S214037538014616D00546104F23B207EB830237F8E9
S21403754823009678FFF704FFA84208BFFF25FF2EFF
S214037558214608D12846F8BD013316F82310814280
S214037568DED1FF25F6E73446E6E700BFC1750020FF
S2140375783A6A00204C6000204E6000202DE9F04156
S21403758880460E461F46002386B001A814469DF87B
S21403759830508DF80330FCF74BF8ADF804802EB165
S2140375A83368CDF806307368CDF80A3038460AF0E3
S2140375B84DFE0DF103034219214601A804F0D6FE39
S2140375C89DF8033093B931464046E4F777F90E4BF6
S2140375D81B785BB10B2C09D8FF214046FFF7B8FE92
S2140375E8064605EB4404E4B2A54202D106B0BDE85C
S2140375F8F0812946384608F013FF3146FFF7A8FE00
S21403760802350646EDB2EFE7C175002000232DE9E3
S214037618F3470DF107028DF8073004460E4602F0CD
S21403762829FE9DF80730054663B92046FFF762FE34
S21403763804465EB130880AF025FE5FFA80F8FF2C10
S21403764845D10025284602B0BDE8F087B046F6E7E0
S21403765801320C2AF5D02DB207EB8505AD78FF2D40
S214037668F6D112F0FF0AECD04FEA4A050235EDB21E
S214037678002EE7D0304605EB080108F096FE0028F2
S214037688DFD1524641463088FFF75EF90AF1FF32EA
S21403769808F1010108F102093088D2B2C9B25FFACB
S2140376A889F9FFF751F924B207EB8404A478FF2C71
S2140376B8C8D023B2494637F82320308808F0C0FEDE
S2140376C80028BED109F102095FFA89F9EBE72546D6
S2140376D80022014FBFE700BF4E600020FF2818BFF7
S2140376E8064B10B51BBF03EB800433F820302D2060
S2140376F80B801EBFA3780020137010BD4E600020B9
S21403770810B5044601880120D0F758FEE3880BB964
S214037718C823E38010BD37B50446D0F75DFE6588F9
S21403772885420ED8A188E288814205D3431B53437A
S214037738491BB3FBF1F39AB280B240EA024003B0A6
S21403774830BD0022F8E770B591F860300C46BBB937
S214037758088800F088F994F84430054683420FD029
S21403776804F11C06304600F0B9F984F8445000F0DA
S214037778B9F9618BA0643046BDE8704000F0A9B93A
S21403778870BD38B5044690F844108378826CCB1ADB
S21403779859425941CFF70EFCE37893B1257985B959
S2140377A800F0A0F90346A268218A04F11C009C1A7B
S2140377B88C4236BF52182946D11ABDE8384000F025
S2140377C888B938BD09B100F03AB900F042B938B5FE
S2140377D88388044603B3E3780088A17804F10C058C
S2140377E8A3B10023B1FA81F1E3704909FFF7EAFF71
S2140377F84FF6FF72A388218993421CBF03F1FF3318
S214037808A3802846BDE8384000F063B90123E37037
S214037818FFF7D8FFE188F4E738BD10B5044681784A
S2140378280088FFF7CFFF0123E3700023A38010BD72
S21403783810B581780446B1FA81F100884909FFF743
S214037848C1FF0023E370A38010BDFFF7F1BF70B537
S2140378580446054600262B4655F8040B10B11B1B99
S2140378680C2B00DD70BD237C8680002BF3D0637C55
S21403787813B1FFF7D2FFEEE7FFF7DAFFEBE7FFF701
S214037888E6BF70B5044605464FF6FF762B4655F811
S214037898040B10B11B1B0C2B00DD70BD8388B34291
S2140378A8F4D04FF4FA724FF6FF731146CFF7D6FBB0
S2140378B8ECE709B100F0C3B800F0CBB810B504463E
S2140378C8C0600830D0F7ECFE94F838308BB92179CD
S2140378D82088B1FA81F14909FFF7EBFFA37943B191
S2140378E821796088B1FA81F1BDE810404909FFF7AC
S2140378F8E0BF10BD50B1003918BF012143798B4250
S21403790804D0036B41710BB1406B1847704700F006
S214037918D6B80346184613F8012B8A4201D0002A24
S214037928F8D1704710B53B2104460068FFF7F1FF0E
S2140379380022034603F8012B2068236010BD10B508
S21403794840B1421E0A24002012F8013F303BD9B248
S214037958092900D910BD04FB0030F5E70346303883
S214037968C0B209280DD9A3F14102052A02D8373B2C
S214037978D8B27047A3F16102052A01D8573BF7E747
S214037988FF20704738B5034698B191B1007878B1AF
S2140379985C7874B1FFF7E2FF05462046FFF7DEFF83
S2140379A8FF2D06D0FF2804D040EA051008700120F2
S2140379B838BD0020FCE708B500F07EF808B540F2AD
S2140379C8BA4200211020D0F775FC41F2E823584349
S2140379D840F6FF7300F2FF70B0FBF3F080B208BD09
S2140379E850F80C3C23B150F8041C30F80E0C18471A
S2140379F87047084619B1FF21103002F038BB7047AC
S214037A0873B505460E466DBA1446D0F77FFDADF836
S214037A1804507EB1012C04D0032C09D00022012186
S214037A2801E02246022101A8D3F7E2FB02B070BDAB
S214037A380022F7E7042132460DEB0100F4E707B509
S214037A4840BAADF8040001A8D3F706FC03B05DF806
S214037A5804FB07B540BAADF8040001A8D3F728FC21
S214037A6803B05DF804FB002307B540BAADF804007D
S214037A780DF1030101A88DF80330D3F745FC9DF8F3
S214037A88030003B05DF804FB007800F0DF03552B12
S214037A9807D0642807D0663818BF4FF0FF30C0B247
S214037AA87047012070470320704718B12D280CBF74
S214037AB8012002207047704708B501F0CAFE08B5D2
S214037AC800F07CF8BDE8084004F016BC50E9023024
S214037AD818470A460830FF2102F0C0BAFF210830CB
S214037AE802F0CDBA08B50AF082FFBDE8084009F0EF
S214037AF861BC704770470020704702B111800020B0
S214037B0870470AB100231380002070472DE9F0411F
S214037B18044600274FF00C0E8F4202DB0020BDE818
S214037B28F0812078904204D1002594F807804545D3
S214037B3802DB01370C34EFE70EFB05F6D4F808C072
S214037B480CEB06003CF806609E42E8D00135EEE7EB
S214037B58F0B585B005460E461746D0F7F7FD04463A
S214037B68A0B131462846D0F7A9FD83783A46002BBC
S214037B78A36831460293A378284601934FF000037F
S214037B8800930CBF80234023E0F7ACF805B0F0BDA4
S214037B9808B51288D0F7DAFD50B10279BDF80C3073
S214037BA89A4207D881680298E6F772FE002008BD55
S214037BB88620FCE78920FAE7D0F7C6BE002004F043
S214037BC81FBC08B504F08CFC002814BF0320002053
S214037BD808BD704708B502F026F9CFF767F9D0F75E
S214037BE81FFF642003F0D5FF642003F0D1FF02F0E3
S214037BF81CF9CFF787F909F007F8F8E7F8B5D0E9DD
S214037C080176437B04460D4613B133463E461F466C
S214037C18FFF768FF012D206438460ED1CFF784FAA4
S214037C283046CFF7AFFA257360784FF47F42BDE846
S214037C38F8404FF48171FFF78BBF022D05D1CFF7BC
S214037C48A1FA3046CFF770FAEDE7CFF79BFA30463E
S214037C58CFF798FA0025E6E738B5037B04468B4248
S214037C680D4607D190F844305BB3BDE8384048303A
S214037C78FFF734BFFFF736FF216C431AC72B0CD820
S214037C880123C83184F8455084F84430091A04F1AE
S214037C984800BDE83840FFF71CBF0DB1237B2BB95E
S214037CA829462046BDE83840FFF7A8BF00212046EE
S214037CB8FFF7A4FF0123C82184F8455084F844300D
S214037CC8E5E738BD90F84510FFF7C6BF0121FFF773
S214037CD8C3BF0221FFF7C0BF0021FFF7BDBF4FF6A2
S214037CE80173994210B5044602D10021FFF7B4FF89
S214037CF82046BDE81040D1F777B8032910B50446E7
S214037D082BD0007B30B9012903D002290CBF0120F0
S214037D18FF2010BD032A07D8DFE802F00208101474
S214037D2801291CD002291FD0FF20F2E70029FBD126
S214037D38B4F85C20012A12D0022AF4E704290ED0EC
S214037D480529F0E7042914D0052914D00029EBD116
S214037D58B4F85C20111F0129ECD80220D9E75A1E73
S214037D68534253415800D4E7022B0CBF022001208C
S214037D78CFE70020CDE70120CBE730B587B005462F
S214037D880C46D0F7CFFD012820D11CB1611E4B420B
S214037D984B4158006B784FF480728DF804304FF4DB
S214037DA88273ADF806304FF48173ADF808300123BB
S214037DB88DF80B30002385F8900001A8CDE903233E
S214037DC88DF80A408DF81430D0F7E4FD07B030BDBF
S214037DD841680346C978027B99B98168C97899B915
S214037DE8002A08BF0321D1F7C3B89B7B002B0CBF1F
S214037DF801210221F7E79B7B002B0CBF02210121FF
S214037E08F1E7012AF1D17047012AF4D17047042912
S214037E1810B5044604D831B1BDE81040D1F72CB9E3
S214037E2805290DD010BD037B5522002B08BF03215F
S214037E38A0F85C1040781221FFF78AFE2046EBE78D
S214037E4843681A8A83681A82E6E70123037303786A
S214037E58013343734FF44073C3810323037400232E
S214037E68A0F85C3080F89030704700230B704B7096
S214037E78030A8B70C87070470346007938B9587878
S214037E88831E022B02D80730C0B2704708207047FB
S214037E9873B50446002842D090F88530002B3ED0B0
S214037EA890F8842090F8543022B3FD2B2CD8C3F1D5
S214037EB8FE020B2A35DD0C33DDB22046FFF7DCFF66
S214037EC84FF47A730646FE206B437F33B3FBF0F01A
S214037ED801A9FFF7CAFF0A46042302213046D2F750
S214037EE8D5FB00220821607884F85450FFF730FE4B
S214037EF82B4609E043B10C2B1D4638BF0C250C3D19
S214037F0805F0FF05AB42D8D194F885203AB194F82A
S214037F18842042B1FD2B08D9002384F8853002B0AB
S214037F2870BDFE25C9E7002BF6D04FF4967104F111
S214037F385C0002B0BDE87040FFF7CBBD0346C078CF
S214037F4820B95878831E022B88BF01207047024643
S214037F5813B588B144F2030399420FD1007A58B196
S214037F68937813B1012B18BF02238DF8043004212C
S214037F78012301AAD2F78AFB02B010BD102913D138
S214037F888479002CF8D090F855304FF47A72FE2096
S214037F9853437F33B3FBF0F001A9FFF766FF0A46A6
S214037FA8042302212046E5E7112905D1C479002CCC
S214037FB8E2D090F85630E8E70029DDD1407900286A
S214037FC8DAD001230421573202B0BDE81040D2F7B5
S214037FD85DBBA0F13003DBB2092B01D858B270475A
S214037FE8A0F14103052B02D8373840B27047A0F1F9
S214037FF86103052B01D85738F7E74FF0FF30704772
S21403800810B504460078FFF7E4FF021E09DB607824
S214038018FFF7DFFF002804DB40EA021008700120A0
S21403802810BD0020FCE710B50446006DD8B1E27811
S214038038022A04D0E36C5B7972B984F8543094F856
S21403804854306BB1FFF7E9FB60784FF60272BDE870
S21403805810400621FFF77CBDB3FA83F35B09ECE710
S214038068FFF7E6FBF0E710BD10B50446C06CCFF784
S2140380785BF82046BDE81040FFF7D5BF10B50446A9
S214038088C06CCFF77FF82046BDE81040FFF7CBBF9C
S21403809810B50446C06CCFF7A5F82046BDE81040D7
S2140380A8FFF7C1BF10B50446002206214078FFF744
S2140380B84FFDA378022B01D0FF2B04D12046BDE841
S2140380C81040D1F7B9BC10BD10B5D0F8A4407CB1A8
S2140380D803791BB14079D1F7D1FD48B9A3883BB9D9
S2140380E832222046BDE8104001231146CEF7B6BF1C
S2140380F810BD10B50446FFF7E7FFA278237982B9C7
S21403810813B12046D1F7E0FD2046D1F721FE03231D
S2140381186078A4F86C305522BDE810401221FFF7AA
S21403812817BD012B02D12046D1F7CEFDA379012B2B
S21403813802D12046D1F70CFE0123E9E710B5837870
S2140381480446ABB9FFF7C0FFA3788BB9237913B1FD
S2140381582046D1F7DBFD2046D1F740FE042360789E
S214038168A4F86C305522BDE810401221FFF7F0BC86
S214038178B4F86C30022B0DD02379032B02D120469A
S214038188D1F7A2FDA379032B02D12046D1F7E0FD50
S2140381980023E4E72046D1F765FEF9E7827883688B
S2140381A85AB9DB78002B14BF03230423A0F86C30DA
S2140381B8552212214078FFF7CBBC1A7922B9DB780F
S2140381C8003B18BF0123F1E70223EFE72DE9F0434D
S2140381D8884616461F4691B020B94FF0FF3011B0B7
S2140381E8BDE8F0830029F8D00B2AF6D94AF65521BC
S2140381F8ADF800100221C4888DF802100188C288E1
S2140382080D0A8DF8041004F10A01231DB14252BA6F
S2140382189BB28DF80350E0DA00255BBAADF806305A
S214038228C37881788DF8083003798DF80510ADF892
S2140382380A2000F10801224603A88DF80930E6F75C
S21403824865FC6A462B4604F10D090C341FFA89F9B6
S214038258A1B212F8010B01339BB205449942EDB261
S214038268F7D804F140030DEB03044E4504F8405CCD
S214038278B3D34A4669464046E6F748FC0FB900209A
S214038288ADE7A7F80090FAE7F8B50E461546044694
S21403829810B94FF0FF30F8BD002AFAD00829F8D9EC
S2140382A81A2200212846E6F7A1FA2378552BF0D19F
S2140382B86378AA2BEDD1A378022BEAD1B4F803305E
S2140382C85BBA2B806079A870E7887BBA9BB203F108
S2140382D8090292B2B242DCD80021E21892F808C02A
S2140382E80A4603F1080685F818C0B6B21FFA81FED7
S2140382F8B6451DD39445CCD1043802281ED8032B83
S214038308C7D9227AEA70627A2A71618948BA82B230
S214038318102AE880BDD8043B9BB29342B9D329B14F
S21403832804F10C0105F10800E6F7F0FB0020B2E7BC
S21403833814F801E001317244D2B2D7E7102B28BFF4
S21403834810231A46EB80002FF0D004F10801E9E762
S2140383587FB500239E6A0446B6F5C04F0D460CD279
S21403836801A8D2F75DFA039B5B0506D52946204686
S214038378336C04B0BDE87040184704B070BD0023E2
S2140383889B6AB3F5C04F05D21B6BB3F5C04F01D23A
S2140383989B6818474FF4817070471FB500239A6A85
S2140383A8B2F5C04F04D340F2011005B05DF804FBE4
S2140383B8126BB2F5C04FF6D2012201A8CDE90233FB
S2140383C88DF80420D2F72CFA039BDB03EBD5029B2C
S2140383D81A0EE8D0012A03D1C3F307430A2BE2D9BE
S2140383E800239B6A1B6B1B6C9847DEE7002303601E
S2140383F8704703680B600160704710B538B132B137
S21403840829B100230139D45C14B90023037010BDC5
S2140384188B42FAD200F8014B0133F4E7034638B12E
S2140384280020814204D01A5C02B970470130F8E78D
S21403843870474FF0FF31FFF7F1BF70B50C4616468D
S214038448054660B15AB151B1FFF7F3FF844206D926
S214038458211A32462844BDE87040FFF7CEBF70BDE8
S214038468FEE7FEE700239A4200D1704710B550F89E
S214038478234041F8234001339A42F8D110BDD2F77E
S2140384889BBE4369426CD91C143AB1FBF2F103EB69
S214038498C1000330B0FBF2F00230704738B505462A
S2140384A80C46FFF7EEFF6A6CE31D143AB3FBF2F3D0
S2140384B8013304EBC30402FB004038BD38B5054658
S2140384C844692146FFF7EAFF6A6CE31D143AB3FBD7
S2140384D8F2F3013304EBC304204438BDF7B507466B
S2140384E80E4600257C6CA819644280EA06031C40E5
S2140384F803D02C46204603B0F0BDFB6B01225B6914
S21403850801A99847019B0133F4D10435EAE770B50E
S21403851805460C46D4F72AFCEB6B2046BDE87040AC
S214038528DB68184770B50025044686B00562E3691C
S214038538AB4202D8206A06B070BD666C2068E36B4F
S21403854805225B6901A906FB0500984701A800F008
S21403855823FC00F046FC10B1236A0133236201357D
S214038568E5E738B50446456C006804F1400305FBA7
S2140385780101E06B00F042FC05462046FFF7D2FFF8
S214038588284638BDF0B50546002687B0EC69013C99
S214038598B44203D80C46204607B0F0BD01B14C1EC2
S2140385A86F6C2868EB6B05225B6901A907FB04005F
S2140385B8984701A800F0F0FB00F013FC0028EAD166
S2140385C821460136E2E7F0B504460D46466CE36BF2
S2140385D8006887B005225B6901A906FB0500984772
S2140385E801A800F0D9FB00F0FCFB20B101A800F0BD
S2140385F8AAFB07B0F0BD29462046FFF7C3FF064689
S214038608676C2068E36B05225B6901A907FB060014
S214038618984701A800F097FB431CEAD0B54238BF39
S2140386280130E6E72DE9F0434FF6FF79D0F82480CA
S21403863804460E46C84514BF45460025002787B09E
S214038648E369BB4202D807B0BDE8F083E26B236850
S214038658606CD2F814C000FB0530052201A9E04778
S21403866801A800F099FB022806D0C8450CD1721C55
S21403867829462046FFF775FFE3690135B5FBF3F294
S214038688013703FB1255DBE729462046FFF79BFF16
S214038698B0F1FF3F14BF024632460132E8E70368EB
S2140386A8F0B5CC1A436C0646B4FBF3F4002587B042
S2140386B8F36937685A1E9542706C08D3706C336832
S2140386C800FB043007B0BDE8F04000F095BB01346A
S2140386D8B4FBF3F203FB1244F36B05225B6901A9AF
S2140386E800FB0470984701A800F056FB00F079FBDE
S2140386F80028E3D10135DBE710B423F00304224452
S2140387089B070A44436C18BF04325B4281EA02049F
S214038718234203D05DF8044BFFF7C1BF10465DF84C
S214038728044B70472DE9F041D0E90A369E420446C9
S21403873886B028D11422C369456802FB1355284618
S21403874806B0BDE8F0812068676C331AB3FBF7F30D
S214038758E26B07FB0300D2F8148001A90522C04781
S21403876801A800F019FB012804D0636C1D44013BE3
S2140387783340ED1A31462046FFF791FF0646A36AB3
S214038788B342E0D1DBE70025F9E708B5083013461E
S214038798D1E90012D4F770FA012008BD13B50C46C8
S2140387A8002121760093616813462246D2F75EFEBF
S2140387B818B1E37D03B1A07EA075A07D02B010BDFD
S2140387C873B5164600F108050C46284609680DF1E8
S2140387D8070200F098F9032E06D16368834203D193
S2140387E82846216800F076F9012002B070BDD01E35
S2140387F8009B42424241187E824211D11A688A423D
S2140388080ED85A688A420BD35A6901325A61D3E999
S214038818030282423FBF986840F8221001321A6169
S2140388280120704710B5032A029C07D1A26A534059
S214038838626C5242134201D100F04CF9012010BD7C
S21403884808B5C36800209847BDE80840D4F796BA29
S214038858012814BF0420022070B5002442431C706C
S214038868CC7D101D02F002024CB91AB1012220F089
S21403887803001A7000F108034868184470BD1AB15B
S214038888012220F003001A7000230C7E01F1200554
S214038898DAB2A24201D30020F0E735F833205E1C93
S2140388A8824206D901EBC30300F10802D8691044D3
S2140388B8E4E73346801AEBE773B5054690F842605B
S2140388C81C4630460DF10303FFF7C2FFEB6B012E80
S2140388D85B690DD1324601A998479DF8033013B159
S2140388E8BDF806300193BDF80430236002B070BDAE
S2140388F80122214602B0BDE870401847F0B5054688
S21403890800244868EB6B87B00E4601225B69029425
S21403891802A908309847274695F84230012B40F0BD
S214038928AC80632C00F2AB80612C08D805AB2246DA
S21403893831462846FFF7C0FF9DF814305BB305ABF6
S2140389482246314628468DF81070FFF7B5FF95F88E
S2140389584230012B059B7FD14FF6FF72934256D0C8
S214038968082205A904A800F063FA059B9DF81010D1
S214038978C3F3072291424AD1DBB2029A1A440292FF
S21403898845E0DCD005AB224631462846FFF794FF80
S214038998BDF81430D2E795F84230012B39D1612C53
S2140389A82ED822463146284603ABFFF785FF3146C5
S2140389B8284604AB621CFFF77FFF3146284605AB03
S2140389C8A21CFFF779FF102208230DEB02010DF115
S2140389D807008DF8073000F02BFA102205A90DF1D1
S2140389E8070000F025FA039BDAB24AB99DF8072078
S2140389F8B2EB132F04D1DDE9043203EB02430293EF
S214038A0895F84230012B14BF012302231C4401347A
S214038A1882E7302CF4D822463146284603ABFFF7C4
S214038A284BFF3146284604AB621CFFF745FF10236D
S214038A3820220DEB03010DF107008DF8073000F037
S214038A48F7F9039B9AB2002ADAD19DF80720B2EB0E
S214038A58134FD5D1049BD2E70133D8D0102205A9EA
S214038A680DEB020000F0E4F9059B9DF81010C3F324
S214038A7807429142CBD19BB27FE7312C81D902982A
S214038A8807B0F0BD13B500240194049C0094D3F7F3
S214038A98C9F902B010BD13B501240194049C0094CF
S214038AA8D3F7C0F902B010BD00234FF0FF3230B53C
S214038AB844689C4202D10023037230BD016801EB6F
S214038AC8C30541F833206A600133F2E7C0E90012B0
S214038AD8FFF7EABF0023F0B545689D4210D0046847
S214038AE8DF0054F8332004EBC306B2F1FF3F08D087
S214038AF8C2F31302914204D14FF0FF33E35173607C
S214038B08F0BD0133E9E70023F0B545689D4202D17D
S214038B184FF0FF300EE00468DE0054F83340671C5D
S214038B2809D0C4F31307B94205D1240D147003689A
S214038B3833445868F0BD0133E8E7704770B59400CE
S214038B48224605460E460AF013F9431C0AD058B9BE
S214038B58224631462846E6F795F9002814BF3D20F5
S214038B68002070BD6E20FCE77120FAE713B50446B3
S214038B7801A8D5F793FB9DF8063023804FF480733E
S214038B886380D5F7A5FB6060002002B010BDD5F75B
S214038B9805BB08B5D5F7F2FA002008BD10B504469C
S214038BA844EA010313F00303084609D1934201D1AB
S214038BB8002010BD54F8231040F823100133F5E7BE
S214038BC821469200E5F7A2FFF2E710B504460AF03D
S214038BD8D7F8431C10D088B9D5F77AFB234620F07C
S214038BE803002044984201D1002010BD53F8042BFB
S214038BF80132F7D03E20F8E76E20F6E77120F4E757
S214038C08704713B50023044601461B220DF10700DF
S214038C188DF8073000F00CF922689DF80730B3EB9F
S214038C28D26F0CBF0120002002B010BD13B500237D
S214038C380446014620220DF107008DF8073000F0A0
S214038C48F7F80DF107001A22211D00F0F1F8626803
S214038C589DF80730B3EB926F0CBF0120002002B0DB
S214038C6810BD0068431C584258417047006810F00E
S214038C787E0F0CBFC0F3C160002070470068C0F3C6
S214038C88D3107047006800F07F0001288CBF0020CF
S214038C9801207047036813F07E0F14BF04200820D2
S214038CA87047036813F07E0F03D1406820F07C40BA
S214038CB8704713F078001CBF03F07F03D81F704774
S214038CC8006800F07F007047032809D0022803D104
S214038CD8C1F10201C8B2704700290CBF0720002063
S214038CE8704737B5054601F10C0443696946012206
S214038CF820469847BDF80030012201932046AB6909
S214038D0801A9984703B030BD37B501F10C04436990
S214038D18012269460546204698474FF6FF72009B90
S214038D2899B291420DD16FF30F0343F4254343F0F1
S214038D38A503019301222046AB6901A9984703B00E
S214038D4830BD0020FBE737B5044600251B22011D6E
S214038D580DF107008DF8075000F06AF860689DF873
S214038D680720B2EBD06F03D120F0784003B030BDB4
S214038D780DF107001B2204F108018DF8075000F0D7
S214038D8857F8A0689DF80730B3EBD06F01D1C043FE
S214038D98EAE74FF0FF30E9E74BF29A22036810B58B
S214038DA8B2EB134F044613D19BB2012B13D1FFF733
S214038DB8CAFF01300CD04FF6FF72E068B2EB104FD3
S214038DC84FEA104309D180B2C01A18BF012010BD5C
S214038DD82368013303D00420F9E70220F7E70320CA
S214038DE8F5E701288CBF00200120704703380128C7
S214038DF88CBF002001207047143070472DE9F041DE
S214038E0805469846036908460E4617469847044695
S214038E1838B943463A4631462846D4F71FF8044637
S214038E2818B131462846FFF75CFF2046BDE8F081B7
S214038E381F2A0B689EBF4FF0FF3191408B4359089A
S214038E4801F055315B1A03F033319B0803F03333D3
S214038E580B44017803EB13130A444FF0013103F074
S214038E680F334B43A2EB13620270704708B507F043
S214038E7897FDBDE808400021D4F7EEB90029CCBF1A
S214038E8801210021D4F7E8B902214FF42070D4F762
S214038E98B9BC704770470020D4F754BD0120D4F7F7
S214038EA851BD704770B5054614460E4609F0B3FC27
S214038EB82B685C4034405C402C60BDE8704009F089
S214038EC8A5BC4369DB01FCD4012300F500504360CD
S214038ED87047022A10B54FF0000405D9033A022A50
S214038EE80CD90360047110BD11F4000218BF4FF0CB
S214038EF87F4221F07F4313430C0EF2E721F0FF0372
S214038F08CCB2EEE730B4012500F5805344685D60C3
S214038F18CB784D785B0443EA05230D7889782B4391
S214038F28090401F480310B43C0F89830E30702D4F0
S214038F3830BCFFF7C6BF30BC704738B50C4605468D
S214038F48FFF7BFFF23781146627803F0070343EA67
S214038F58C203E278284643EA0223A278120102F003
S214038F68300213432B67EB6AA27923F48B3323F47B
S214038F78807343EA02432279120202F4E06213433F
S214038F886279120302F480521343EB62FFF7BAFFC7
S214038F98012305F580525360E27902B1EB6038BDD0
S214038FA808B50A6FC96F02F00702FFF792FF08BDFC
S214038FB84FF050234FF400321A6770474FF0B04310
S214038FC85A6812B19A6A002AFAD1704770B50546EC
S214038FD814460E4609F01FFC2B685C4034405C4080
S214038FE82C60BDE8704009F011BC01224178037873
S214038FF88A4030214B4342F2100103F1A04303F5A4
S21403900870335A50704721FA00F2D20730B5034638
S21403901800F0FC040FD500220132D2B2042A02D192
S2140390284FF0FF3008E0831803F00303234421FAC4
S21403903803F5ED07F0D4184630BD0020704700202E
S21403904870470020704700207047012070470120B2
S21403905870470F207047E6F737BA00207047FFF7C8
S214039068FCBF0020704770470020704700207047F9
S214039078C3681944836853F8210030F8023B136029
S2140390887047012310B580F888300378044653B137
S21403909800F061FA21462046D5F77EFC2046BDE857
S2140390A8104000F04DBA10BD38B50D460446D5F746
S2140390B85BFC6B682046C4F8B032A96800F096F9E2
S2140390C84FF0FF332046C4F8B432FFF7CDFF38BD60
S2140390D8D0F8B43210B50133044601D0002010BDD1
S2140390E800F0BCFAC4F8B4020130F7D194F8B80219
S2140390F880F00100F3E708B5D5F772FC08BD0A78D7
S21403910801382D2A0ABF012200228918D5F7C4BCC4
S21403911807281BD8DFE800F0060A0D1013150417F6
S2140391280120704700220820D5F7B6BC002210207D
S214039138FAE700222020F7E70820FFF7E0BF102011
S214039148FBE72020F9E70846D5F708BD0020704757
S2140391582DE9F74307280C46DDE90A7690461D46AF
S21403916808D8013806280AD8DFE800F01D27303A61
S21403917844574A00212850D003B0BDE8F0830022A4
S21403918820461146E5F7FEFA3368C0B205EB8301BD
S2140391983A6845F82300013348F8221033603B68E1
S2140391A801333B60E8E7002220461146E5F7EAFA72
S2140391B8336880B205EB8301EAE7002220461146AE
S2140391C8E5F7E0FA336805EB8301E1E7002220467A
S2140391D81146E5F785FC336840B205EB8301D7E70C
S2140391E8002220461146E5F77BFC336800B205EB00
S2140391F88301CDE7002220461146E5F771FCE1E737
S214039208002389461E461D468DF8063019F8013F89
S2140392187D2B06D125702D0A65703B6848F82340D8
S214039228BDE7202BF2D006F00102013612B98DF8FD
S2140392380430EBE71022002101A88DF80530E5F786
S2140392484FFC631901359870ADB2DFE72DE9F04F8F
S2140392589B46002385B08B45814688469246CDE9D2
S21403926802336BDC1A461E4619F80340212C09D82C
S2140392781F2C04D8103C072C98BF012200E00126B7
S2140392880133F1E7FF2CFBD15B4436B1013B434581
S2140392980ADD2B2005B0BDE8F08F62B1013B4345DC
S2140392A8F7DC3546374602E000252F462E46454569
S2140392B804DB0020EEE79845F3D0EAE75D453BDBA1
S2140392C819F80730202B18D109EB07035B78FF2B17
S2140392D8DFD1CEB920465AF82510FFF719FF78B321
S2140392E803AB019302AB00932046DDE90E235AF83D
S2140392F82510FFF72DFF0135D9E7212B0ED109EBF2
S21403930807035B78FF2BC4D1029B5AF825200E99D6
S214039318012641F8232001330293ECE7A3F1100456
S214039328072C02D91C460137D3E709EB07035B78FA
S214039338FF2BAED1E4B2CCE70624CAE72120A9E77F
S2140393482620A7E72DE9F04F07460E46154698460A
S214039358044685B0DDF84490DDE90FAB206808B312
S214039368DAF80020D8F800108A421BDA0E9B53F866
S2140393782210D1F755FE48BBDAF800200132CAF8A6
S21403938800206268117BFE291BD10E9B1068012101
S21403939800932A464346CDE902B9CDF804A0FFF761
S2140393A8D1FF04462B7843B999F800302BB97EB120
S2140393B801233C4689F800302B70204605B0BDE8EB
S2140393C8F08F01238BF800302B70EBE70C34C5E7DE
S2140393D83446F2E710B50446236803B910BD237A6A
S2140393E813B92046D5F7F0FB0C34F5E710B541B1B1
S2140393F80A7932B901249C300C71FEF7FAFF20462D
S21403940810BD0020FCE72DE9F041BAB005460AAACC
S214039418084603A900F05FF90446B0B90DF10A033C
S21403942801930DF10B038DF80A0000930AAA284648
S21403943804AB03A9D5F778FD9DF80A20B2B19DF8C9
S2140394480B2048B12AB1D5F7BFFB20463AB0BDE892
S214039458F081FFF7BFFFF8E7D5F89C50002DF4D04E
S214039468A86808B1FFF7B6FF2D68F7E700B34668A4
S2140394781AAB06F10C082AAF01934046049B0399DE
S21403948800970AAAFFF7E2FE04460028DDD1039BED
S21403949805A8CDE90637049B0595CDE90838D7F71F
S2140394A833F805A83368984705A800F03FFDCCE7CE
S2140394B82D24CAE710B50446AC30E5F793F804F153
S2140394C8AB031A180020934200D110BD13F8011FEE
S2140394D80029FAD00A2908BF0130F4E70023F0B5BB
S2140394E80B6013600646D0F8AC0278B196F8AC0069
S2140394F860B1012406F1AC07D6F8AC02844210D357
S21403950806F1AC00B3F5007F10D30120F0BD0D685B
S21403951801350D60156801351560F85C01330A28B6
S21403952802D0B3F5007FF2D30134E5E7C15C0A291C
S214039538EBD00029E9D01168013301311160E1E766
S21403954810B50021D0F88C200446E5F74FF9002320
S214039558C4E9243310BD73B5044600F1AC05802175
S2140395682046FEF75BFF4FF4007106462846FEF7D3
S21403957855FF0136C0F50070864220461FD8E5F72A
S21403958831F806462846E5F72DF801362946421CE3
S214039598A819E5F77DF92046E5F724F8214602469B
S2140395A82846E5F7B3FA2046E5F71CF80A232044CD
S2140395B880F8AC300023C4F8AC3202B070BDFFF7B5
S2140395C879FF01AAC4F8AC0269462046FFF786FF6E
S2140395D80022009B234483F8AC20C0E773B50D46EE
S2140395E80446FFF767FF6B1C19D1D4F8AC3213B1E6
S2140395F8013BC4F8AC3200252046E4F7F3FFA84243
S21403960815D82046FFF79CFFD4F8AC322BB1694631
S214039618204601AAFFF762FFA0B902B070BD012D6C
S214039628FBD1D4F8AC328342F7D20133E1E7082002
S21403963800F023F8202000F020F8082000F01DF89A
S2140396480135D9E7009D04F1AC06019BAB42E4D98A
S214039658715D2046D5F796FD0135F6E707B5002078
S2140396680DF1070100F0E7F820B99DF8070003B0ED
S2140396785DF804FB4FF0FF30F9E710B5C1B20446B6
S214039688002000F0C8F800280CBF20464FF0FF3033
S21403969810BD0FB407B504AA52F8041B00200192A4
S2140396A8D5F714FF002003B05DF804EB04B0704749
S2140396B810B54C1C0B460119045D222C03D07B2CD9
S2140396C801D05C2C05D1D21A1844E5F7E1F801203D
S2140396D810BD0020FCE72DE9F0470546914688466D
S2140396E8E4F780FF2A4606461346197801322029EE
S2140396F8FAD0C9F800305C1B01236FF0404AC8F85B
S2140397080030A64201D8002014E02F5D29197B2FCC
S21403971812D0222F2ED1D8F80030621C53442A4484
S21403972849F82320012C09D911F8013C13F0DF0F5F
S21403973804D02120BDE8F0877D27F3E701342B5DAD
S214039748BB4209D12B195B7813F0DF03F1D1222F23
S21403975800D12B550134D4E75C2B07D1324621467A
S2140397682846FFF7A5FF0028E3D0013E0134A642AA
S214039778E5D8DEE75C2F08D1324621462846FFF7B0
S21403978897FF0028D5D0013EE4E7202FE2D1002238
S214039798631CB3420A70DDD2EA18EB5C202BD9D0DF
S2140397A8D8F800300F2B05DC49F823200133C8F816
S2140397B80030CFE71E20BDE700F000B80020704752
S2140397C8D1F71CBC70B50C46154610B9D5F772FE12
S2140397D838B143682BB12A462146BDE87040006875
S2140397E81847232070BDF7B50D4616461C4638B9EC
S2140397F8D5F760FE04B901AC20B9232003B0F0BD49
S21403980803B901ACC768002FF7D02346324629466A
S2140398180068B847F2E707B501228DF807100DF17F
S2140398280701FFF7CFFF03B05DF804FB0B460146BD
S2140398381846FFF7F0BF00230122FFF7D4BF08B589
S21403984809F076F8FA23B0FBF3F080B208BD0420DB
S214039858704740F20160D5F723BF70470120704771
S2140398680020704749BA89B280EA0103C3F303129A
S2140398785340180380B258405B0103F4FF53584023
S214039888704708B5D6F70EFB58B1A0F15903042B59
S21403989806D8042B04D8DFE803F004040403040002
S2140398A85C2008BDD6F740BC7047F8B50C468D1843
S2140398B8073552421540A5F108070646384600F014
S2140398C8DFF9A188381B628801EBE00189B2A2EBB5
S2140398D8E00225F8041C25F8062CA288C310AAB1B2
S2140398E8A4EBC202B2F802C0D18003EB0C0151808C
S2140398F8E28892B1D31A9BB204EBC20425F8023C61
S214039908A380B3680344B3603846F8BD15F8082C3B
S21403991842F0020205F8082CEAE725F8022CF0E7DD
S2140399282DE9F04F4FF0000887B09946531C109B5B
S2140399380546174614BF14460824CDF81480002B92
S21403994800F0C580C3F80080002900F0C280426892
S2140399588A4240F2BE80073121F0070608F068FF06
S21403996805AACDE9008282463A464B463146284642
S21403997800F08AF9059F834607B130B9504608F0C8
S21403998852FF192007B0BDE8F08FB7F8028029699F
S2140399984FEAC802C0EBC8080139B8F1270F296196
S2140399A87AD9B9F1000F51D1864206F1080848D092
S2140399B8224639462846FFF778FF04460590059B56
S2140399C89844404600F05CF9059906F10F004A886A
S2140399D8C308A2EBD002A8F80220CA88A8F8043065
S2140399E8002A30D0D31A9BB201EBC202A8F806307D
S2140399F893808B88F608A380B8F804303A46E38049
S214039A08414600232846668000F0A6F9AB6808336B
S214039A18AB60237843F0010323702B6901332B6172
S214039A286288AB68504603EBC203EA68AB609342AE
S214039A3888BFEB6008F0F7FE109B083400201C6014
S214039A48A0E73C46BBE7A8F80620D2E707EB0804DE
S214039A582046039200F014F90BF10703DB08059977
S214039A68638008F10703DB08A380CB8893B1DB0088
S214039A78039AD81D821A5A44C2F3CF020B44E280D3
S214039A889A80A38808F1FF384FEAD808A1F802801D
S214039A98CB80BBE7E380F4E7B9F1010F1BD107F1ED
S214039AA80803B3FBF4F204FB1233B3B12246394678
S214039AB82846FFF7FAFE044623783A4643F001039E
S214039AC8237021460123284600F046F9A8E72220FA
S214039AD858E7212056E78642E8D13C46ECE707B527
S214039AE800224FF0FF3101AB0192D5F75DFF0198D5
S214039AF803B05DF804FB2DE9F74F04460D4600292D
S214039B0800F0AB80D0E9056808F092FE15F8087CEB
S214039B1835F8061CFB07009000D531B9009808F005
S214039B2882FE012003B0BDE8F08FA368D4F8109036
S214039B3835F804ECA3EBC10B09F10103A5F1080CF6
S214039B484A1CC4F808B02361BEF1000F7BD0ACEB07
S214039B58CE03D888B3F802A00190187807F0020756
S214039B68C00765D4002F64D10198A0EB0A07012F1C
S214039B7869D18A1CABF108075244C4F81090A76051
S214039B8835F802ECBEF1000F61D0D4E900700CEB97
S214039B98CE0A07EB0009CA4559D21CF83EC05746F9
S214039BA81CF0010C15D1AEEB0101012911D1BAF84D
S214039BB80210AAF802C001310A44BAF806100029AE
S214039BC843D00AEBC107216901392161A168083925
S214039BD8A16015F8081C013A21F0010105F8081CD4
S214039BE8002125F8061C5A801A7861F300021A70B9
S214039BF87FB3C3F107023A44C2F3CF02DA80BA80CE
S214039C084EB3B34227D37288002A08BF1E46B8F15C
S214039C18000F06D0434504D8B8F80220002A18BF18
S214039C2843460098C4E9056308F0FDFD002079E77C
S214039C384FB115F8087C724427F0020705F8087C2C
S214039C4800279F809CE763469AE70F46BBE70027F3
S214039C58BFE7DF80D4E71E46D9E7222062E710B5C0
S214039C680446D5F7B9FE2146BDE81040FFF743BFC3
S214039C78FFF7F5BF0846FFF732BF0846FFF7F8BFFA
S214039C880023036043607047F0B5D0E90554561CBB
S214039C9808BF0822002B4FF0000008BF2C46DDF84B
S214039CA818C0CCF80000002C37D09DF814706588CF
S214039CB8FF0007EBC505C2F1000E2078C00708D5DC
S214039CC81BBBE088A0B104EBC004658807EBC50599
S214039CD8F3E78D42F4D363B904F10806B6FBF2F052
S214039CE802FB106670180EB1A842EAD8CCF80040FA
S214039CF8F0BD082A0FD06088013004EBC000461A6E
S214039D0806EA0E06801B8542F0D2A0880028EFD00C
S214039D18A4EBC004D9E70846E8E72046E8E7034685
S214039D280069C0B10AB951B91A6810460378DB0747
S214039D3811D531B9C3885BB100EBC300F6E79A695E
S214039D48F3E7012904D1838823B1A0EBC300EDE729
S214039D5800207047184670472DE9F041D0E90554AE
S214039D68074688461646ABB1954200D00ABB42461C
S214039D7800213846FFF7D3FFB442054600D02EB974
S214039D88424601213846FFF7CAFF0446C7E9055489
S214039D98BDE8F081954208D08D4228BF0D46B442EF
S214039DA805D0444538BF4446F0E70D46F7E7444632
S214039DB8ECE79442EAD1E3E770B500261C46C3E90C
S214039DC80001C3E90266C3E905001E611A775E62ED
S214039DD8FFF756FF23690139C90801334180236118
S214039DE8A36830460833A360E3680833E36070BDAE
S214039DF8002307B5684600938DF80430D3F734FE7E
S214039E0803B05DF804FB10B508F005FD044606F03C
S214039E1835FE2046BDE8104008F0F8BC70474FF4FE
S214039E28C870D5F761BED5F749BF00F01CB87047B0
S214039E38704708B503F08FFA03F097FA03F09EFA13
S214039E4803F0ADFABDE8084003F0BABA704708B5A0
S214039E5803F07CFA03F07BFA03F07AFA03F07AFA53
S214039E68FFF7F4FF08BD08B503F0ABFA03F0AAFA48
S214039E7803F0AAFABDE8084003F0ADBA704701201C
S214039E8870472DE9F34112F001050446884622D1AE
S214039E9810F0030525D12F465208BA4209D1D4F744
S214039EA86DF90026B74204EB860008D1D4F776F995
S214039EB811E054F8273001330CD10137EDE70422BB
S214039EC858F826300DEB0201019308F051FF30B124
S214039ED8D4F764F93D25284602B0BDE8F08101367B
S214039EE8E0E70125F7E77047B0F1006F0FD300F0FE
S214039EF87843B3F1006F0CD000F06040B0F1404FE8
S214039F0809D0B0F1604F14BF042003207047002027
S214039F1870470120704702207047002070471AB127
S214039F2811B180B2D6F700B92120704701F094BE6C
S214039F38DEF7B0BFFFF78DBCD0E9023253F8223004
S214039F4800211878DEF7F8BB704702F0D5B901F0A0
S214039F5815BEC3688268013BDBB252F823305B78D0
S214039F68652B02D10020E0F737BF6E2B01D1012005
S214039F78F9E7662B01D10220F5E7704710B5D0E95B
S214039F880232044653F82230187802F09FFAE36840
S214039F98A268013352F82330BDE81040187802F05F
S214039FA893BA10B50446C0B2D7F78CFA200ABDE8B0
S214039FB81040D7F787BAD0E9023253F82230187818
S214039FC8D7F788BB02F032BADFF704BC08B501F04E
S214039FD8F6FEBDE80840E0F7EDBDD0E9023253F8D7
S214039FE82230186801F0E9BE0020E0F7E9BE012038
S214039FF8E0F7E6BE0221D7F703BB0321D7F700BB7A
S21403A0080521D7F7FDBA08B501460C20D7F7D4FAC9
S21403A018BDE80840D7F762BA08B501460020D7F767
S21403A028CBFABDE80840D7F759BA07B5C2688368BC
S21403A038043253F8223001211B880DF10602ADF8CD
S21403A04806300023D8F760F803B05DF804FB08B5BC
S21403A05808F082FCBDE80840EDF750B910B5144681
S21403A068D8F76EFB2146BDE8104008F0DBB908B503
S21403A078D8F766FBBDE80840002108F0D3B908B551
S21403A088D8F75EFBBDE80840ECF74EBC08B5D8F732
S21403A09857FBBDE80840ECF733BC7047704708B574
S21403A0A808F05AFCFFF7FAFF03F0EFF9BDE808409B
S21403A0B8D8F792BB7047012070470120704708B550
S21403A0C8D8F726FC00280CBF0420012008BD7047DB
S21403A0D82DE9F34104460D4616461F46DDF8208053
S21403A0E808F0D2FC3B46324629462046CDF8008087
S21403A0F803F0CCF93B46324629462046CDF8008085
S21403A108FFF7E5FF02B0BDE8F04101F0A5BD2DE974
S21403A118FF4704460D4616461F46BDF830809DF891
S21403A1283490DDF838A008F0AFFC3B4632462946A3
S21403A1382046CDE9019ACDF8008001F040F804B036
S21403A148BDE8F04701F088BDF8B504460D46164647
S21403A1581F4608F099FC3B46324629462046DEF75A
S21403A16825F8044601F078FD2046F8BD70472DE92A
S21403A178F34104460D4616461F46BDF8208008F0F0
S21403A18883FC3B46324629462046CDF8008003F03A
S21403A19880F933464246294620460097FFF7E6FFEE
S21403A1A802B0BDE8F04101F057BD704708B508F0A6
S21403A1B86BFC03F06FF9FFF7F8FFBDE8084001F002
S21403A1C84BBD012070472DE9F74304460D46164656
S21403A1D81F469DF8289008F057FC3B46324629460A
S21403A1E82046CDF80090FFF7ECFF80463B46324604
S21403A1F829462046CDF8009003F04DF901F02CFDD2
S21403A208404603B0BDE8F083012070472DE9F743C5
S21403A21804460D4616461F469DF8289008F034FC5B
S21403A2283B46324629462046CDF80090FFF7ECFF1A
S21403A23880463B46324629462046CDF8009003F032
S21403A2482BF901F009FD404603B0BDE8F083F8B5E5
S21403A25804460D4616461F4608F016FC3B4632468D
S21403A2682946204603F019F9BDE8F84001F0F4BC86
S21403A27800207047F8B504460D46164608F004FC59
S21403A288324629462046FFF7F3FF07463246294655
S21403A298204603F003F901F0DFFC3846F8BD38B56D
S21403A2A804460D4608F0F0FB2946204603F0F7F867
S21403A2B8BDE8384001F0D0BC10B5044608F0E4FB0E
S21403A2C8204603F0EDF82046FDF776FCBDE810407F
S21403A2D801F0C2BC704738B504460D4608F0D4FBF7
S21403A2E82946204603F0EBF829462046FFF7F2FFF7
S21403A2F8BDE8384001F0B0BC704770B504460D465B
S21403A308164608F0C1FB32462946204603F0D9F81C
S21403A318324629462046FFF7EFFFBDE8704001F0B6
S21403A3289BBC704738B504460D4608F0ADFB294676
S21403A338204603F0C8F829462046FFF7F2FFBDE893
S21403A348384001F089BC70472DE9F34104460D46B1
S21403A35816461F469DF8208008F096FB3B46324675
S21403A36829462046CDF8008003F0AFF83B46324630
S21403A37829462046CDF80080FFF7E5FF02B0BDE882
S21403A388F04101F069BC704738B5054608F07CFB18
S21403A398284600F0E1FE04460146284601F0AAFFD7
S21403A3A801F05AFC204638BD38B504460D4603F07E
S21403A3B88DF829462046FFF7E6FF38BD704738B5BF
S21403A3C8054608F061FB2846DEF710FD04460146FD
S21403A3D8284601F08DFF01F03FFC204638BD38B50E
S21403A3E804460D4603F073F829462046FFF7E6FFB2
S21403A3F838BD704710B5044608F046FB204603F000
S21403A40867F82046FFF7F5FFBDE8104001F024BCC7
S21403A418704738B504460D4608F036FB29462046ED
S21403A42803F057F829462046FFF7F2FFBDE8384001
S21403A43801F012BC704770B504460D46164608F080
S21403A44823FB32462946204603F044F8324629467B
S21403A4582046FFF7EFFFBDE8704001F0FDBB7047ED
S21403A46838B504460D4608F00FFB2946204603F088
S21403A47832F829462046FFF7F2FFBDE8384001F0D8
S21403A488EBBB704738B504460D4608F0FDFA294677
S21403A498204603F021F829462046FFF7F2FFBDE8D9
S21403A4A8384001F0D9BB704710B5044608F0ECFAFB
S21403A4B8204603F012F82046FFF7F5FFBDE81040E4
S21403A4C801F0CABB704710B5044608F0DDFA20460B
S21403A4D803F004F82046FFF7F5FFBDE8104001F047
S21403A4E8BBBB7047704770B504460D46164608F062
S21403A4F8CBFA32462946204602F0F3FF324629466F
S21403A5082046FFF7EFFFBDE8704001F0A5BB704794
S21403A51810B5044608F0B8FA204602F0E3FF2046D2
S21403A528FFF7F5FFBDE8104001F096BB704738B556
S21403A53804460D4608F0A8FA2946204602F0D3FF3B
S21403A54829462046FFF7F2FFBDE8384001F084BBF2
S21403A5587047F8B504460D4616461F4608F094FAA3
S21403A5683B4632462946204602F0BFFF3B46324664
S21403A57829462046FFF7ECFFBDE8F84001F06CBB20
S21403A588704770B504460D46164608F07DFA3246FF
S21403A5982946204602F0AAFF324629462046FFF7F8
S21403A5A8EFFFBDE8704001F057BB70472DE9F34154
S21403A5B804460D4616461F46DDF8208008F064FA62
S21403A5C83B46324629462046CDF8008002F08FFFE8
S21403A5D83B46324629462046CDF80080FFF7E5FF7E
S21403A5E802B0BDE8F04101F037BB0E2070470E20DD
S21403A5F8704738B5044608F047FA2046FFF7F7FFD2
S21403A6080546204602F074FF2046FFF7EEFF01F0EA
S21403A61823FB284638BD704710B5044608F034FABD
S21403A628204602F066FF2046FFF7F5FFBDE8104018
S21403A63801F012BB002070470020704738B5044667
S21403A64808F022FA2046FFF7F7FF0546204602F0F1
S21403A65851FF2046FFF7EEFF01F0FEFA284638BD05
S21403A668704708B508F010FA02F045FFFFF7F8FF41
S21403A678BDE8084001F0F0BA0020704770477047FD
S21403A68808B5D8F717FA00280CBF0420012008BD20
S21403A69870470B68DA7B1AB9DB7C0BB9D8F72EBA86
S21403A6A88120704708B5D8F741FABDE80840D8F7BF
S21403A6B84BBA7047D8F73ABAD8F746BA082808D82C
S21403A6C84FF48B73C34013F0010F0CBF21200020F7
S21403A6D87047212070470121D8F728BB0221D8F7F5
S21403A6E825BB0421D8F722BB0821D8F71FBB1021A6
S21403A6F8D8F71CBB01207047D0E9023253F8223042
S21403A7081878D8F7BFBC0868C37B1BB9C37C0BB9DA
S21403A718D8F7E8BC81207047D0E9023253F82230D4
S21403A7281878D8F721BD704730B50546044615F89E
S21403A738100B85B0029565691D44CDE900250B46C7
S21403A748A21D618801F036FE05B030BD704710B40F
S21403A75892F80A4192F8053103EB04230B81002390
S21403A7685DF8044B1A4601F023BE1FB50446084697
S21403A77871B12178FF290BD0238B02936369019368
S21403A788237C00936288A31DDEF74CFBFF2323700C
S21403A79804B010BD0868C37B73B9C37C032B0BD8FE
S21403A7A8DFE803F002080406D8F7DEBFD9F70EB8C9
S21403A7B8D9F73EB8D8F7ECBF812070477047704783
S21403A7C800207047137810B5032B0CD15479CBB2FD
S21403A7D89C4208D19379B3EB112F04D153781B1AF3
S21403A7E85842584110BD0020FCE77FB505460E4683
S21403A7F800246946E0B201F083FD28B96A4631466B
S21403A8082846FFF7DFFF18B90134202CF1D10020C2
S21403A81804B070BDFFF7E9BF0868C37B9BB9C37C68
S21403A828052B10D8DFE803F0030D070B0905D9F746
S21403A838A3B8D9F7DFBAD9F739B9D9F78BBAD9F79D
S21403A84809BAD9F7DBB8812070470020704730B5BE
S21403A858102587B001AA00210195FEF709FC0446D6
S21403A8682A46002102A8E3F7C1FF2A46214602A882
S21403A878E4F70EF8012102A8D9F79AFC07B030BD11
S21403A888D9F728BC7047FFF7FDBF0B68DA7B5AB9C0
S21403A898DB7C012B04D0022B04D02BB9DAF7ACB837
S21403A8A8DAF7B6B8DAF7C0B881207047002307B5D9
S21403A8B8012101A80193D0F7D5F908B9CFF7C6FF48
S21403A8C8012003B05DF804FB08B502F06EFA05280C
S21403A8D803D0003818BF012008BD0220FCE77047E4
S21403A8E8D0E9023253F822301878003818BF01200E
S21403A8F8DBF71ABCDBF71EBC002070470020704746
S21403A9087047FF207047FF207047002070470020DD
S21403A918704700207047704706207047DAF7C2BEB4
S21403A9280868DBF79BBB70B50D460446002128462E
S21403A938164601F076F9324620800221284601F0B1
S21403A94870F9324660800421284601F067F900232F
S21403A958A360E3606060082070BD034641B181428E
S21403A9684FF0640005D94343B3FBF1F0C0B2704718
S21403A97808467047DBF7ECBBDCF7E2B9DCF7EABA64
S21403A988B0F5807F05D0A0F50073584258414001C2
S21403A99870470820704730B599B00D466946144687
S21403A9A8DCF73CFA30B915B1BDF802302B600CB1B0
S21403A9B80D9B236019B030BD2DE9F04788B00E46CD
S21403A9C8904604A905AA07461D46FFF7E4FF044672
S21403A9D838BB28800DF10C09DDE904A39A4520D27B
S21403A9E8062251463846CDF8009006ABDCF732FA15
S21403A9F8D8B9039B062B18D12A88DDF81A304245A6
S21403AA080ED2BDF8181026F832102A8806EBC202B2
S21403AA1853602A885344013206332A800493DBE7BB
S21403AA28F7D9204608B0BDE8F0870124F9E72DE9F1
S21403AA38F0438FB00F46904601A900220446994674
S21403AA48FFF7A9FF18B101200FB0BDE8F08306226F
S21403AA5820460DF1020302A9FFF7AEFF0028F2D144
S21403AA6805460246BDF80210019CEEB28E42EAD2B3
S21403AA780EAB03EBC60656F82C3C36F8306C063499
S21403AA88BE4217BFE418012213460022013522B13D
S21403AA98C8F80040C9F80030D6E71A46E5E770B5A7
S21403AAA80024012602F05BF9E5B2C26806FA05F54A
S21403AAB89542234604F10104F4D3D8B270BD70B5A9
S21403AAC886B0DBF7F9FF00F11006E1F7EDFB00248B
S21403AAD80546142201A9301902F048F91CB99DF855
S21403AAE80430FF2B16D0002303F118026A4412F829
S21403AAF8142CFF2A06D11C44601E90FBF5F080B286
S21403AB0806B070BD2B44DBB2132BEDD91434B4F561
S21403AB18826FDED14FF0FF30F2E7DBF703BE07B5EF
S21403AB2804220DEB020102F021F9019803B05DF847
S21403AB3804FB37B5054608460C46FFF7F0FFA84260
S21403AB4806D0042220460DEB02010195E1F7FEFB31
S21403AB5803B030BD07B50B4600920021024601201C
S21403AB68DBF772FE03B05DF804FB08B50121DBF7DB
S21403AB78A3FDBDE80840E1F795BDDCF7E1B808B5E5
S21403AB88FFF7F3FF002008BD08B513460A4601463B
S21403AB981846DBF7EDFE80F00100C0B208BD0020C2
S21403ABA87047704708B1DCF7EBB9704730B4DDE996
S21403ABB802451DB1029430BC00F0C6B930BC7047DC
S21403ABC81F2804D8142200F5A030D5F777BB7047A2
S21403ABD81F2804D8142200F5A030D5F79BBB70476E
S21403ABE8152808B505D1FFF7DCFFBDE80840DCF7F4
S21403ABF80DBB08BD10B5142486B02246002101A853
S21403AC08E3F7F4FD2023224601A94FF4A03001F010
S21403AC1895FC06B010BD0020704713B500230C46FC
S21403AC281A460146CDE90033E0B2DDF7B3F802B0C1
S21403AC3810BD13B500231446019001220093E0B219
S21403AC48DDF7A8F802B010BDD0E9023253F8223077
S21403AC581868DDF717BA194491420ADC421800202F
S21403AC6803B9704712F8011D013B01EB0020DBB264
S21403AC78F6E7002070472DE9F04F4FF0000A85B03D
S21403AC88019381460F4615465346019A11785FFA93
S21403AC988AF2914203D8002005B0BDE8F08F0199E7
S21403ACA809EB050801EB4202517892F802B011F05D
S21403ACB84004009101F03F061BD0AC19BC42D4BF38
S21403ACC80024012433466400A20740F18880009BD1
S21403ACD81B0640F192800E9B324603EB0B000021C5
S21403ACE8E3F784FD3D4600231D44ADB20AF1010A8D
S21403ACF8CBE7042E07D866B1B31E022B0BD8DFE8C2
S21403AD0803F0122130003E2E37D03F2E5BD03D2E67
S21403AD184BD00320C0E7BD4234BF002401240126DC
S21403AD2864003346D0E7AB1CBB4250DC02233A46EA
S21403AD3829464846FFF78FFFADF80A0002230DF1B0
S21403AD480A08C1E7EB1CBB4243DC03233A46294601
S21403AD584846FFF780FF0390042603230DF10C08EB
S21403AD68B2E72B1DBB4236DC04233A46294648463F
S21403AD78FFF771FF03900423F0E77A1E95422CDA57
S21403AD8802233A4629464846FFF765FF4FF6FF7300
S21403AD9880B298420EBF0223023083B25C19A742E0
S21403ADA8B4BF0324012404268EE7BD4215D298F8BF
S21403ADB80030FF2B0CBF01230133EC18BC42CCBF79
S21403ADC803240124EFE70124042600237CE7344602
S21403ADD8B4E70224C0E70224CDE70324E3E70E9A88
S21403ADE802EB0B0014B142F80B807DE7324641466E
S21403ADF80093E3F78BFE009B76E702204CE710B53B
S21403AE08144686B018811A460A9B0291CDE9034375
S21403AE1801230193099B014600930320BDF82030C4
S21403AE28DDF74EFA06B010BD1FB500240294079C42
S21403AE380194BDF818400094FFF7E1FF04B010BD75
S21403AE482DE9F0410E461746054686B098B391B3EA
S21403AE588AB34FF0000802A95FFA88F001F050FAA7
S21403AE68044640B99DF80830032B08D008F10108BA
S21403AE78B8F1200FEFD1204606B0BDE8F0819DF863
S21403AE8809202B799A42F1D1BDF80A206B889A4299
S21403AE98ECD19DF80C30BDF80D006B7128812B465C
S21403AEA822464FF6FF71CDE90067FFF7BDFF00287E
S21403AEB8DCD00446DFE72124DDE710B586B00A9C1C
S21403AEC804949DF824400394BDF82040029401247A
S21403AED8CDE9003413460A4601460620DDF7F0F9A5
S21403AEE806B010BD1FB5044608461946002300944D
S21403AEF8CDE90123079BBDF81820FFF7DEFF04B052
S21403AF0810BDF0B5022805460E4614461F468BB0FC
S21403AF180AD106A9F0B201F0F3F998B99DF81930E9
S21403AF2823719DF81C306371119B224604930023FA
S21403AF38CDE902330193109B3146009328463B46DE
S21403AF48DDF7BEF90BB0F0BD13B500240194049CDD
S21403AF580094FFF7D6FF02B010BD2DE9F04506466C
S21403AF68884614469A46002701258BB006A9F8B2E8
S21403AF7801F0C6F920BB9DF81830012B19D19DF8AE
S21403AF88192033799A4214D1BDF81A2073889A4245
S21403AF980FD19DF81C3032467371B9B2CDE9030A56
S21403AFA8CDE90100434602200094DDF789F90546FA
S21403AFB810B90137202FD9D128460BB0BDE8F08544
S21403AFC80546F9E70023FFF7C8BF10B50446DDF7C3
S21403AFD855FF0021631E04F10F0213F8010FFF2823
S21403AFE808BF19709342F8D10023237410BD0020BC
S21403AFF8704770B506461D46DDF7B4FD044608B926
S21403B008212070BD3046DEF77BF80028F8D0A0680C
S21403B0182A46FF21FFF722F89DF8103000206371B7
S21403B0289DF81430A371ECE713B59DF81040CDE9ED
S21403B038003413460122FFF7DCFF02B010BD08B543
S21403B048DDF790FD28B18068FF21FFF718F8002088
S21403B05808BD2120FCE70122FFF7F1BF1FB50B4609
S21403B0686A460146184601F041F96A460823002055
S21403B07832F8021B013B13F0FF0380EA0100F7D105
S21403B088012838BF012080B205B05DF804FB2DE91E
S21403B098F04F87B0DDE9109B0546884648461946B3
S21403B0A81F461446BDF848609DF84CA0FFF7D6FF28
S21403B0B8042D0346ABF800001AD8022D1DD9042D1B
S21403B0C807D04FF2F222A188914222D1E288910753
S21403B0D81FD5E17A0022CDE9013720463346CDE96C
S21403B0E80392CDF800A001F056F907B0BDE8F08F3B
S21403B0F86A1F012A11D92120F7E700224146CDE924
S21403B108119228462246109707B0BDE8F04F01F083
S21403B11851B94FF6FF760C21DCE7052D0ED1002337
S21403B128E17A0022CDE90137CDE90392009123465F
S21403B13852464146304601F021F9D6E74FF2F2224D
S21403B148A188914204D1E288920701D5E17AE8E71B
S21403B1584FF6FF760C21E4E7F0B585B00546DDF734
S21403B168C1F948B16B88B3F5006F05D1681D05B002
S21403B178BDE8F04000F0EFBC284600F003FD0446A7
S21403B188C8B9E7B26946384601F0BAF878B99DF8FF
S21403B198006066B92946384601F0B6F820B140F68D
S21403B1A80443984207D08C26304605B0F0BD0134D8
S21403B1B8202CE6D1F7E78D26F6E7DDF779BB2DE9F0
S21403B1C8FF4704460D460146184617461E46BDF871
S21403B1D830809DF83490DDF838A0D8F705F9D0B953
S21403B1E82146284601F036F933463A46294620468C
S21403B1F8CDE9019ACDF80080DDF7FEFB33463A46E3
S21403B20829462046CDE90D9ACDF8308004B0BDE82E
S21403B218F04702F03DB904B0BDE8F087DDF796BD08
S21403B228DDF74EBDDDF772BD10B5044601F01EF915
S21403B238082201462046BDE81040E3F729BB01F083
S21403B24817B9002101F014B901F026B90020704798
S21403B25820207047EBF712B8EBF75CB8EDF7FEBCA7
S21403B2687047DDF7BFBE70B506460C46154600F0B8
S21403B2784CF850B13CB135B1204600F0D8FC01304B
S21403B28880B2A84200D9002070BD304600F043F8CB
S21403B29840B1002CF7D0012DF5D9204600F0CCFCA0
S21403B2A80230EDE73046DDF7FDFDEAE7F8B5BDF811
S21403B2B8185010B3967855B9D478A6F14107012FDC
S21403B2C807D8621ED2B200F0D1FD0020F8BD2C4686
S21403B2D8F3E7433E012E04D8A21E92B200F0DEFD29
S21403B2E8F3E7D27813B90DB1AA4206D811B9E3F732
S21403B2F87DFAEAE7E3F7CCFAE7E78920E6E7413899
S21403B30803288CBF002001207047413801288CBFD2
S21403B318002001207047433801288CBF00200120F5
S21403B328704700207047002070470388B3F57C4FAA
S21403B33801D3FFF7F8BF0846FFF7F3BF10B54A88EF
S21403B3480488A2420DD1037B0C79234009D0B2F5B9
S21403B3587C4F08D3FFF7E7FF0B891B1A584258415F
S21403B36810BD0020FCE70120FAE738B50D88D4881D
S21403B378A5420AD10388B3F57C4F08D2FFF7D5FF59
S21403B38813891B1A5842584138BD0020FCE7012090
S21403B398FAE72DE9F04715460446B8B149B1EAB1CC
S21403B3A800264FF0140AB04690F80490F3B2994575
S21403B3B801D800240AE027680AFB06773846FFF711
S21403B3C8BDFF013628B13C46A5F800802046BDE8F7
S21403B3D8F0877B8943441FFA83F8E7E71446F5E7C3
S21403B3E82DE9F0470E4615460446B8B149B112B3DF
S21403B3F800274FF00C0AB846B0F80890BBB2994538
S21403B40801D800240AE06368324620460AFB07315F
S21403B418FFF7ABFF28B10C46A5F800802046BDE829
S21403B428F0870B79013713F0300F02BFCB7843440C
S21403B4381FFA83F8E2E71446F0E72DE9F04186B0F1
S21403B4480D461446984604AA05AB03A90646DDF737
S21403B458FFFD40B30DB1049B2B6034B3049D0398E2
S21403B4682946FFF762FF2B8807460246718830781D
S21403B47800F050FBD8B1297911F010030BD0EB7804
S21403B4882A46CDE900433B4671883078FCF780FBB3
S21403B49806B0BDE8F0812A4620460599CDF8008017
S21403B4A8FFF704FFF4E78620F2E72046F0E77E205E
S21403B4B8EEE71FB51C460023ADF80A20BDF8182092
S21403B4C88DF80400ADF80610ADF80C2069461A4648
S21403B4D801A800938DF80840FFF7AFFF009804B063
S21403B4E810BDF0B587B00E4605AB04AA03A90446FB
S21403B4F8DDF7AEFD08B3049D03982946FFF715FF4D
S21403B5082B88074602466188207800F005FBB0B111
S21403B518297911F0100108D000963B462A4661881F
S21403B5282078CDF7E3F907B0F0BD009101232A464A
S21403B53831460598FFF7BAFEF5E78620F3E77E203F
S21403B548F1E72DE9F041064600254FF01408077980
S21403B558E8B2874201D800241AE008FB05F0D6F8BB
S21403B56800C00CEB00043CF8000081421AD132B14B
S21403B578802A10D194F90CC0BCF1000F12DAB0F58A
S21403B5887C4F05D32046FFF7CEFE834200D04BB947
S21403B5982046BDE8F081402A04D194F80CC01CF07C
S21403B5A8400FECD10135D3E70121DDF78DBC08B593
S21403B5B813460022DDF7B6FD003818BF012008BD84
S21403B5C808B513464022DDF7ADFD003818BF012045
S21403B5D808BD08B513468022DDF7A4FD003818BF5A
S21403B5E8012008BD08B540220023DDF79BFD00387F
S21403B5F818BF012008BD08B580220023DDF792FD99
S21403B608003818BF012008BD0023DDF78BBD0021D5
S21403B618DDF7F8BD10B504460121DDF7F3FD204636
S21403B628BDE8104001F068BF7047F8B516461F46D8
S21403B6389DF81820BDF81C300546DDF773FD78B174
S21403B6480421DDF75DFE044650B1284600F010FBE2
S21403B6583A4631462846A047BDE8F84000F0FCBA0B
S21403B668F8BD2DE9F74F1E46DDE90C9B07468846CD
S21403B6781446BDF838302AB3B9F1000F22D00EB3FA
S21403B68892F804A099F80020504612F0080F0CBF51
S21403B698802240226188DDF745FD98B10821DDF751
S21403B6A82FFE054670B1504600F0E2FA33462246AE
S21403B6B841463846CDE9009BA84703B0BDE8F04F9E
S21403B6C800F0CABA03B0BDE8F08FF8B5BDF8187035
S21403B6D816461A463B460446DDF724FDE0B177B91D
S21403B6E80221DDF70DFE0546B0B1204600F0C0FA8C
S21403B6F831462046A847BDE8F84000F0ADBA102109
S21403B708DDF7FEFD054638B1204600F0B1FA3A46A5
S21403B71831462046A847EEE7F8BD73B5BDF818408E
S21403B72816461A4623460546DDF7FCFCB8B1C4B9E7
S21403B7382021DDF7E5FD044670B1284600F098FAA7
S21403B748099B3146009328469DF820309DF81C2017
S21403B758A047044600F080FA204602B070BD86244F
S21403B768FAE70024F8E72DE9F041866804460078EE
S21403B77800F07EFA002514273279EBB29A4203D8F2
S21403B788BDE8F04100F068BA7B4332682078D15AA6
S21403B79802EB030800F0C2F901214046DDF7B0FDCD
S21403B7A8034608B1207898470135E5E72DE9F04FB9
S21403B7B81C4689B09DF84C30BDF8488001939DF827
S21403B7C85030924602932246434607460D46DDF717
S21403B7D8A9FC8DF814700646ADF816508DF8184077
S21403B7E8ADF81AA0ADF81C8018B9012009B0BDE859
S21403B7F8F08F05A9FFF7A2FD0028F6D000252F46EF
S21403B808A8462C4634E00C231FFA85F903FB09F9EE
S21403B81831887368B1F57C4F33F8092003EB090BBD
S21403B8281AD333F8090050452CD3019BA3422DD9CC
S21403B83800F0BAF99BF80200DEF70EFA029B43B152
S21403B8489BF8043013F0010F0CBF05200720DEF722
S21403B85803FA0134A4B219E0ADF81A205946304663
S21403B86805AA0393FFF781FD039B0028D9D1013569
S21403B8783289ABB29A42C6D804EB0800C31B5842B7
S21403B8885841B3E708F101081FFA88F80137BFB231
S21403B898EDE710B5012488B006949DF83C4005945E
S21403B8A89DF8384004949DF8344003949DF830403E
S21403B8B802940B9C0194BDF828400094DDF764FEBF
S21403B8C808B010BD2DE9F04786B0BDF83880DDF81E
S21403B8D83C909DF840A0CDF80080CDE9019A044637
S21403B8E80D4616461F4600F013F9B8B1431EDBB2E1
S21403B8F8012B10D800230122811E48424841CDE976
S21403B9080432CDE902A03B46324629462046CDE915
S21403B9180089FFF7BEFF06B0BDE8F0870120FAE707
S21403B92830B50024012587B0CDE9044503959DF875
S21403B9382C5002950A9DCDE90045FFF7AAFF07B0EC
S21403B94830BD30B50024012587B0CDE904450395FD
S21403B9589DF828500094CDE901354023FFF799FF59
S21403B96807B030BD10B5012486B0CDE904440024E1
S21403B97803949DF828400294099C0194BDF820403E
S21403B9880094FFF786FF06B010BD1FB5089C039406
S21403B9989DF81C400294069C019400240094DDF74D
S21403B9A8EFFE04B010BD70472DE9F84F022907468D
S21403B9B888460C9D04D84FF0000A5046BDE8F88F19
S21403B9C81BB10429F7D942F004023A702BB30324B7
S21403B9D87B701B0ABB70DFF7E9F94FF000099DF887
S21403B9E82830385504F1020A01343B550B9A5FFA9E
S21403B9F889F3D45C002CE0D0732C10D82E464C2C3C
S21403BA0856F804BB3DD0532C15D0622C45D1AC88D0
S21403BA1805F1080600231A4616E00124DBE7A4F11D
S21403BA287503032BC7D8763C2E1D022C52D8DFE8A5
S21403BA3804F0565A58006A6805F1080694B2D2B25A
S21403BA48B2F1FF0318BF01230AEB04011944884522
S21403BA58B1DB50461946002947D153441FFA83FAE7
S21403BA685CB1BBF1000FA6D0224607EB0A00594685
S21403BA78E3F74CF854441FFA84FA354609F10109EA
S21403BA88B4E74FF6FF736A6805F1080694B22246D0
S21403BA989C4214BF02230023D6E76C2C05D15846D4
S21403BAA800F0CAF8841CA4B2B4E7732C04D1584631
S21403BAB800F0BDF8441CF6E7A4F13003DAB2092A0D
S21403BAC801D89CB2A6E7A4F14103062B3FF673AF51
S21403BAD8373CE8E7012300242A68A346B4E7022391
S21403BAE8F9E70323F7E70423F5E700F1010C013927
S21403BAF83A54C9B2120A1FFA8CF0ACE70020DEF7F4
S21403BB0833B80022DEF750B80023DEF763B8704771
S21403BB1801207047012070470120704770470020B6
S21403BB2870470020704700207047002070470020A9
S21403BB3870470020704770470E20704700207047F4
S21403BB480020704700207047002070477047FF208A
S21403BB5870470E2070478420704770477047002050
S21403BB687047002070470020704700207047002069
S21403BB787047002070470020704770470E207047B4
S21403BB8800207047002070477047002070477047B2
S21403BB987047704770470E207047704700207047FD
S21403BBA8812070477047704738B50546C0B2DEF740
S21403BBB853F80446280ADEF74FF814B1002808BFDE
S21403BBC80024204638BDF8B50546C0B2DEF744F86B
S21403BBD80446C5F30720DEF73FF80746C5F30740D4
S21403BBE8DEF73AF80646280EDEF736F824B12FB104
S21403BBF836B1002808BF00242046F8BD3C46FBE7BC
S21403BC083446F9E710B4CC18944203DC5DF8044BC9
S21403BC18FFF721B800205DF8044B70470423FFF7AD
S21403BC28F1BF08B50223FFF7EDFF80B208BD007821
S21403BC38FF2808BF0020704708B502220021FFF737
S21403BC48F0FF4FF6FF73984208BF002008BD003880
S21403BC5818BF0120400070470020704708B5FFF75B
S21403BC68A3FCFF284FF0FF3018BF0020C0B208BD62
S21403BC7808B5FFF7F3FFFF280CBF2120002008BDF7
S21403BC88F8B506460C4615461F4600F011F810B1DF
S21403BC982544AC4200D1F8BD3946304614F8012B8A
S21403BCA8DEF7CCF8F5E7014600220220DEF756B8A1
S21403BCB80120704737B50546DCF7E0FA04460195D8
S21403BCC80CB981201CE0237823B12046DCF7DEFA82
S21403BCD80446F5E72B6862685B889A42F5D1A36841
S21403BCE8EA7B99B272B12A8A9142EED16A7DB2EBA7
S21403BCF8134FEAD10020E36801A998478128E4D0C6
S21403BD0803B030BD4FF6FF72EEE72DE9F84304465D
S21403BD180F46904699460BB3012A1FD80C20E2F724
S21403BD286BFF064610B91920BDE8F8831020E2F722
S21403BD3863FF18B93046E2F767FFF4E701230025E7
S21403BD4847EA084770600570C0F80C90446087603F
S21403BD5833803046DCF78AFA2846E5E72120E3E70E
S21403BD6838B50446436808460D469847B4F908307C
S21403BD78002B02DB2B78042B06D1002320466360B6
S21403BD88BDE83840DEF7ECBB38BD30B54FF48A550E
S21403BD9887B0ADF816200DF116041A46029543B17E
S21403BDA800230122CDE90033234600F01EFA07B02C
S21403BDB830BD019401240094F7E7FFF7EBBEFFF7C5
S21403BDC8BDBE0020704708B500F014FB20B900F08C
S21403BDD85BFB08B9DBF7E8FBFFF7CFFEBDE80840D7
S21403BDE8FFF7DBBE0020DFF723B80021DFF7C0B874
S21403BDF80022DFF77FB81FB5D2880B4612F0200F54
S21403BE084FF6FD7114BF49245224ADF806105105A8
S21403BE1844BF083CE4B2110544BF083CE4B212042C
S21403BE2844BF023CE4B2032805D8DFE800F0020F5B
S21403BE38161CADF80630BDF80600FFF788FEFF2887
S21403BE481CBF241AE4B2204604B010BD02AA0DF1A2
S21403BE580601D8B200F08CFAEDE7D8B200F052FA31
S21403BE68ADF80600E7E7013CE4B2E4E7F8B50646B2
S21403BE7817460D4681B10C78FF2C0BD00846FFF702
S21403BE88D6FEB84228BF3846C4B22246691C701C80
S21403BE98E2F7FEFC3470F8BD0C46FBE770B50446C3
S21403BEA815460E4611B94170017070BD0B78FF2B0D
S21403BEB805D14B78FF2B02D103704370F5E7304664
S21403BEC8FFF7BAFEA84228BF284685B22A46B11C01
S21403BED8A01CE2F7DDFC25702D0A6570E5E7F0B5D2
S21403BEE823B9013A531C2FD1002020E0042AFBD89B
S21403BEF800231C46551E6E1C1AD1042A10D0012195
S21403BF08D200501E01FA00F020421EBF914049425B
S21403BF180C4318421EBF4FF0FF3101FA02F21343D7
S21403BF289C421EDCB4BF4FF0FF30002040B2F0BD89
S21403BF3840B1465DEF00BE4034434E5D013DBE4012
S21403BF483343D8E70646F5E78C5C38B90346A3427D
S21403BF5802F1FF32C6D24FF0FF30E8E7835CA34214
S21403BF68F5D90120E3E7283807288CBF00200120ED
S21403BF7870471D2810D004D840B11C2804D055207B
S21403BF8870471E380128FAD81A2901E00B390F29F9
S21403BF988CBF5520002070470829F9E700200021A8
S21403BFA87047F7B59DF820400546082C10461946F5
S21403BFB89DF8246036D8002213462C44AC4208D198
S21403BFC806F0FD04382C0ED10096FFF7E7FF03B002
S21403BFD8F0BD14F8017D1B0243EA12631202BA1875
S21403BFE843F10003EAE7392E10D107EE100A07EEED
S21403BFF8902AB4EEE77AF1EE10FACCBF77EE677ABA
S21403C00877EEC77A002117EE900AE0E7824273EBD1
S21403C018010403D2801A61EB0301D8E7101A63EB15
S21403C0280101D4E700200146D1E738B5C3681446B2
S21403C0381944836853F821501AB12846E2F7D2FA0E
S21403C0482070284638BD2DE9F3411C4616460DF1E7
S21403C05807029DF82050FFF7E8FF9DF80730804653
S21403C068A34288BF8DF807409DF807700DB1E41BFF
S21403C078E5B22A4600213046E2F7B8FB3A4641467F
S21403C0887019E2F705FC384602B0BDE8F0812DE9E1
S21403C098F3411D46164601AA9DF82040FCF7E8FF23
S21403C0A8019B80469D4238BF0195019F04B1EC1B56
S21403C0B8224600213046E2F799FB3A4641463019B4
S21403C0C8E2F7E6FBF8B202B0BDE8F08173B50024E8
S21403C0D8154601AA1E460194FCF7CAFF019B072BC7
S21403C0E80AD92146CCB216B1C4F10704E4B2425CBD
S21403C0F8013108292A55F5D1D8B202B070BD1FB54B
S21403C108030A8DF80E300323009303AB8DF80D0056
S21403C11800F0BBF805B05DF804FB1FB58DF80F10EB
S21403C1280421030A8DF80E30009103AB8DF80D0039
S21403C13800F0ABF805B05DF804FBF0B589B01668F7
S21403C1489DF83C50CDF809608DF811305668BDF857
S21403C1583830012D109FBDF84440CDF80D60ADF87A
S21403C16812308DF8145014D0032D19D13B68CDF82E
S21403C17815307B68CDF819309DF848308DF81D309A
S21403C18816230093BDF84C2002AB00F07EF809B0E6
S21403C198F0BD8DF81540240A0F238DF81640F0E7F6
S21403C1A80120F4E71FB50446084611461A4602233B
S21403C1B88DF80D100093214603AB00F066F804B023
S21403C1C810BD10B514461A460B6886B0CDF80D3068
S21403C1D84B683421CDF811300A23009303AB8DF84E
S21403C1E8154000F052F806B010BD2DE9F041B6B080
S21403C1F814461D4606460F469DF8F080DFF7DCF822
S21403C20803AA8DF80C001046330A8DF80F703F0A00
S21403C2188DF80E308DF80D602B468DF810708DF85E
S21403C228114005EB4405AB4202F102021FD162003E
S21403C238D2B2931DDBB23D99D8336B44073203F869
S21403C248CC8C01EB4805D3B250FA82F2A94202F12C
S21403C258020212D103EB4803009006213046BDF8CC
S21403C268F820DBB2DFF7B2F836B0BDE8F08133F872
S21403C278021B1171090A5171D5E731F8024B02F80E
S21403C288024C240A02F8014CE0E72DE9F0411C466B
S21403C29805460E4617469DF81880DFF78DF820707A
S21403C2A843463A46314628460694BDE8F041DFF74A
S21403C2B88DB8002070477047D3F74ABB08B5E9F72F
S21403C2C8DBFA002840F6124018BF002008BD704766
S21403C2D8704770477047704770477047002070472D
S21403C2E870477047002070477047704703F083B85D
S21403C2F8FEF775B8FEF758B803F0F4BBF5F71ABBA4
S21403C30803F0E1BBF5F7D4BAF5F73CBBF5F7F6BA95
S21403C318FEF737B9FEF71DB910B49DF8044001942B
S21403C3285DF8044BFEF710B8FEF764B8FEF771B86D
S21403C338F1F7BEB9F1F7C2B9EEF72EBDEEF732BD87
S21403C348EAF7B6BBFEF7B0B8FEF775B8FDF7C0BE9A
S21403C358FEF798B8FEF784B830B4BDF808409DF8E1
S21403C3680C50CDE9024530BCFDF7D1BEFDF76FBFD3
S21403C378F5F77ABCDFF77AB8F5F740BD70B49DF8E1
S21403C3880C40BDF810509DF814600394CDE904568C
S21403C39870BCF2F7A7B970B49DF80C40BDF81050FE
S21403C3A89DF814600394CDE9045670BCF2F7DAB925
S21403C3B8F2F7C4BA10B49DF8044001945DF8044B30
S21403C3C8F2F714BA10B49DF8044001945DF8044BD0
S21403C3D802F0D7B802F0D7B8FDF77DBFFDF78DBFDB
S21403C3E8FEF71AB9FDF79EBFECF7E8BFEDF740BFB7
S21403C3F8EDF712BFECF70CBC02F06EBCEDF7C4B950
S21403C40802F0C4BCEDF750BBECF7B4BEEDF736BF8D
S21403C418EDF7B2BEEDF7CEBEEBF776BAFEF7C6B8C3
S21403C428FEF761B8FEF774B8FEF781B800F036BCBD
S21403C43800F02FBCF4F738BAF1F784BFF4F712BA52
S21403C448F4F738BBF1F74EBFEAF71EBBF3F7D8BBD2
S21403C458FFF732BFFAF7F6BEFEF703B9FDF72CBFB0
S21403C468FEF731B801F03DBEDEF75EBFEBF734B832
S21403C478EAF7DEBB02F0F9B802F0D0B8EAF72CBC4C
S21403C488EAF77ABFEAF7A4BFEAF79ABBDEF768BF0C
S21403C498DEF77ABFDEF752BFEAF73ABBDEF758BFD6
S21403C4A8F6F740BB02F0B8B802F07FB8EAF736BB37
S21403C4B8EAF7FCBFEAF78CBB10B4BDF80440019456
S21403C4C85DF8044BFDF753BEDEF7FABFDEF7ECBFA5
S21403C4D8F6F7C8B8F6F700BB03F017BC03F01DBCA5
S21403C4E8F6F738B9F6F718BB00F06DB900F0ABB934
S21403C4F800F0D3B900F0B9BA00F029BB00F092BA3D
S21403C508DFF7F6BC00F0F0B900F01DBA00F030B85B
S21403C51810B51C4601F009FF06F0EFFA0023C0F336
S21403C52840202370400010BD002208B50B46114674
S21403C538FFF7EEFF023818BF012008BD002070473A
S21403C5487047B1FA81F04009704701207047704779
S21403C55870470020704770470020704770470E20CA
S21403C56870470120704770470120704701207047C5
S21403C57814220021E2F73AB9704770B505460C460F
S21403C5888AB0252200210DF10300E2F72FF96B6824
S21403C598CDF81D30AB68CDF82130234601AC03F146
S21403C5A81006224618685968083303C2B34214466D
S21403C5B8F7D101236A7B8DF8023012F0040F0CBF03
S21403C5C84FF480734FF4A073110748BF43F4806396
S21403C5D8ADF80030930748BFBDF80030684644BF3F
S21403C5E843F00803ADF80030F1F784FB0AB070BDDA
S21403C5F830B5427B0D46D10704468BB007D5407845
S21403C60801A9F1F7E1FBD8B12D200BB030BD930794
S21403C618FAD5C2F3800310074FEA8313ADF8023046
S21403C62844BF43F48063ADF80230BDF80220201DF2
S21403C6380AB10DF1020201A902F0FAFE0028E3D0BE
S21403C64801AB03CB9DF81430A1602373BDF81030FB
S21403C6586060590642BF627B42F0040262735A0561
S21403C66842BF627B42F0080262731B0742BF637BCA
S21403C67843F0020363732B4606AC0AAD224603CA8D
S21403C688AA4218605960144603F10803F6D100203D
S21403C698BBE7F0B504460D4693B0252200210DF1FD
S21403C6A82300E2F7A3F8636804F1040CCDF83D30E1
S21403C6B8A36809AECDF841302B4605F1100732467C
S21403C6C818685968083303C2BB421646F7D10523D0
S21403C6D88DF82230637B5B0103F40073ADF82030DA
S21403C6E86378FF2B1AD1002360461A4601A900F087
S21403C6F8D9F99DF80530FF2B0DD1002301A91A4659
S21403C708184600F0CFF99DF80530FF2B03D11C26F9
S21403C718304613B0F0BD9DF805306370002061788D
S21403C72808AA00F0B4FA06460028F1D1607801A9F1
S21403C73800F03EFA2B4603AD2A46186859680833B4
S21403C74803C2BB421546F7D1637B6078DB0648BF56
S21403C7589DF81C3001A944BF63F07F038DF81C3095
S21403C76800F03DFAD4E710B504468AB02422002127
S21403C77801A8E2F73BF8637B590744BF4022ADF8AC
S21403C78810201A0742BFBDF8102042F48062ADF8A5
S21403C7981020DB070FD5607801A9F1F715FB10B158
S21403C7A82D200AB010BD01AB03CB637B606043F05A
S21403C7B80203A160637304A9201D02F03BFE002850
S21403C7C8EED00020EDE71FB5694600F066F80028AE
S21403C7D818BF2D2005B05DF804FB73B50D46144647
S21403C7E80646DEF7ADFF6B881A071AD5224631468A
S21403C7F8102002F000FE2046DEF7A2FF6B88D9075A
S21403C80817D50023224601210DF107008DF80730BE
S21403C818DFF768FA6B88002B0CBF2120002002B0D4
S21403C82870BDDE06EAD522460821281DDFF75AFA28
S21403C838E1E79A0701D50223E4E75B07EAD5032372
S21403C848E0E70F2070471FB50C46694600F025F849
S21403C858102221466846E2F715FBB0FA80F0400935
S21403C86804B010BDB8B1B1B14388A3B90378013B8E
S21403C878082B10D8DFE803F00507090B0F0F0F0F77
S21403C8880D00DFF731B9DFF78BB9FFF776BEFFF791
S21403C89800BFDFF719BB2120704738B50D4609B32B
S21403C8A800B30378013B082B1AD8DFE803F0050D1D
S21403C8B81013191919191600DFF74EF904462846F6
S21403C8C802F0B6FF204638BDDFF78AF9F6E7FFF72A
S21403C8D88FFEF3E7DFF7BAF9F0E7DFF7FFFAEDE7DE
S21403C8E82124ECE72124EDE770B586B0064601A8B7
S21403C8F80C461546FFF73CFE04238DF804301CB19E
S21403C9082068616802AB03C3294601A88DF8056051
S21403C918FFF7A8FF06B070BD70B586B0044601A839
S21403C9280D461646FFF724FE0323206861688DF834
S21403C938043002AB8DF8116003C3294601A8FFF73C
S21403C94891FF06B070BD0022FFF7E6BF30B585B08D
S21403C9580D4669460446FFF7A0FF20B92A46214636
S21403C9686846FFF73AFF05B030BD30B5437B04464B
S21403C97813F001020D468BB007D0407801A9F1F7F2
S21403C98823FA70B12D200BB030BD9B07FAD5ADF84E
S21403C998022001A90DF10202043002F049FD002825
S21403C9A8F0D000210E22A81CE1F720FFBDF81030B6
S21403C9B82B80039BAB60BDF81230AB819DF8143017
S21403C9C8237301AB03CB6060A1600020DBE770B57F
S21403C9D8437B0446DB070E468AB003D42D25284638
S21403C9E80AB070BD6946407800F04DF90546002840
S21403C9F8F4D1DDF81D300E226360DDF821300146E0
S21403CA08A360637BB01C43F002036373E1F7EEFE97
S21403CA18BDF80030069A43F004033380059BB260E2
S21403CA287360DCE70B4610B504461022002118464F
S21403CA38E1F7DCFE2278032A09D0042A0DD0022A5D
S21403CA4811D101462046BDE81040DFF7ADBA0146CE
S21403CA582046BDE81040FFF788BF01462046BDE8DC
S21403CA681040FFF7B4BF262010BDF8B507460846A2
S21403CA780C4616461D46FFF77BFD04232370637B8F
S21403CA88314643F00103204667706373FFF705FFDB
S21403CA9808B12D20F8BD29462046FFF7C3FF002816
S21403CAA8F8D0F6E7F8B5054608460C461F46164678
S21403CAB8FFF75EFD0423237025B108222946E018F4
S21403CAC8E1F7E6FE637B43F0020363734EB932462F
S21403CAD80121284600F0E4F8FF28607007D12D20CE
S21403CAE8F8BD31462046FFF7D8FE0028F7D1637B0A
S21403CAF843F0010363730DB90020F1E7002FFBD061
S21403CB0839462046FFF78EFFF6E7F8B50C46074684
S21403CB18084616461D46FFF72BFD032320463946CF
S21403CB2800F8043B0822E1F7B3FE637B314643F083
S21403CB38020320466373FFF7B0FE08B12D20F8BD45
S21403CB4829462046FFF76EFF0028F8D0F6E7F8B523
S21403CB58074608460C4616461D46FFF709FD0323F7
S21403CB682370637B314643F0010320466770637383
S21403CB78FFF793FE08B12D20F8BD29462046FFF798
S21403CB8851FF0028F8D0F6E718B18022012100F0FB
S21403CB9887B8FF207047002307B51A46194600933F
S21403CBA8F2F762FEB0FA80F0400903B05DF804FBC2
S21403CBB80B4610B519220446FF211846E1F716FE60
S21403CBC87E2C01468CBF04F5C43004F583304FF041
S21403CBD81902BDE8104088BFAD30D3F76FBB7E2877
S21403CBE888BF00F5C4304FF0190294BF00F58330B0
S21403CBF8AD30D3F78FBB30B589B00D46FFF7C4FF0A
S21403CC08FF2804460DD001A9FFF7D2FF28686968F4
S21403CC1801AB03C3204601A9FFF7E1FF002009B0D3
S21403CC2830BD2D20FBE770477047002070477047DC
S21403CC380F20704770479DF8000070470F20704715
S21403CC480F207047002070470F207047002070475A
S21403CC580020704784B08DE80F00002004B07047AA
S21403CC6800207047704770470020704770470020C1
S21403CC7870477047002070470120704770470020B0
S21403CC887047012070470E207047FF2070470E201C
S21403CC9870470E2070470020704770470E20704775
S21403CCA8FF207047704770470020704770477047EB
S21403CCB87047002070477047002070470020704771
S21403CCC80020704770477047002070477047002061
S21403CCD870470020704770470020704710B500243F
S21403CCE8E3B210B9C3F10303DBB20134042CCA540C
S21403CCF84FEA1222F4D110BD10B50B784C788A7817
S21403CD08C97828B9104622460446084619460346F3
S21403CD1842EA012043EA042343EA004010BD704771
S21403CD28DFF7F6B908B5CDF7DBFE002814BF862073
S21403CD38002008BD08B5CEF7A3F8003818BF0120B1
S21403CD4808BD08B5CEF75CF8003818BF012008BD43
S21403CD5808B5CEF7E1F8003818BF012008BD08B5B6
S21403CD68DFF7B6FABDE80840DFF764BA70B50446DD
S21403CD780D461646DFF7ACFA0420DFF74DFA3246BF
S21403CD8829462046FFF7DDFF04460220DFF744FA6C
S21403CD98204670BD08B5DFF79BFABDE80840CEF716
S21403CDA813B8DFF7CDBDDFF7ADBD08B5DFF7AAFDCE
S21403CDB820B1BDE808400020DFF7E2BE112008BD19
S21403CDC808B5DFF7BFFFDFF7C5FFDFF7CDFFBDE821
S21403CDD80840DFF7DDBF10B5044622F07042103076
S21403CDE860602160A26039B1A26803F07043134300
S21403CDF8A360029BE36010BDA36843F08043F7E794
S21403CE0801234360C36843F02003C360836843F089
S21403CE1800538360704737B515464A6804463AB1E7
S21403CE288C680093096845EA0403FFF7D4FF0446B1
S21403CE38204603B030BD2DE9F04FD3B0CDE901232A
S21403CE48DDE9608500230390042003ACCDE90503E0
S21403CE5807C907AB83E80700214618465D9E049476
S21403CE68DFF7AEFF0746002840F0BA805C9A0AABA5
S21403CE7807CA83E80700494201F00F0900215E9BB1
S21403CE885F9A5B6852680D9113445B4203F00F0A7E
S21403CE98D8F8043012915B420093B368DA0048BFAF
S21403CEA873684FF0100242BF033323F00303736023
S21403CEB8AB68DB0041BF6B68033323F003036B6087
S21403CEC85E9BD3F804B05F9B5C680BEB0403534488
S21403CED8CDE90E3173685B4203F00F03CDE91013F7
S21403CEE86B685B4203F00F03CDE9131316AB1846C2
S21403CEF81591E1F77BFC5C9A516851B9D8F8041090
S21403CF080C4354EA0B0401BF10229146CDE90B24C7
S21403CF180A9011234FF0005204A932A8FFF77BFFAB
S21403CF2840F611034FF0005207A9FFF774FF42F6C5
S21403CF3811034FF000520299FFF76DFF44F61103F1
S21403CF484FF000520199FFF766FF412300225E99CE
S21403CF58FFF761FF4FEA0A234FF000525F9943F049
S21403CF684103FFF758FF4FEA09234FF0005243F0F7
S21403CF7801030AA9FFF74FFF009B4FF000521B025D
S21403CF8803F47063414643F00103FFF744FF103888
S21403CF98FFF736FF00230DA91A461AA8FFF73BFF2B
S21403CFA8002331461A46FFF736FF002310A91A4610
S21403CFB8FFF731FF002329461A46FFF72CFF002305
S21403CFC813A91A46FFF727FF002362991A46FFF7A5
S21403CFD822FF1038FFF714FF1AA932A8FFF7F0FE4E
S21403CFE8384653B0BDE8F08F10B5044608B1DFF7EE
S21403CFF8C9FF2046BDE81040FCF73ABE10B5044604
S21403D008006A10B1616AFFF7EFFF0020C4E9080061
S21403D01810BD38B50546FFF7F1FF2B7E0446012BF6
S21403D0280ED0023B012B0ED8EB69012B18BF6FF00D
S21403D0389604282200212846E1F7D8FB204638BD67
S21403D048EB69002BF2E76FF09604F2E7182200214B
S21403D058E1F7CCBB70472DE9F84F9846DDE90B4955
S21403D0680D9B15469A0706460F4623D02A460A9B63
S21403D07803EB040A1444A24220D10D9B9B0705D553
S21403D088A2EB050AD14505EB0A0420D82046BDE8DD
S21403D098F88F434639462020B0470AF1010ACA45A5
S21403D0A80AEB0B02F5D3A9EB04024C4588BF002212
S21403D0B82A44DCE7A246A5EB040BF0E702F1010BD2
S21403D0C8434639461AF8010DB0475A46D3E743464E
S21403D0D8224639462020B0470AF1010AD2E72DE94D
S21403D0E8F047DDE90D7616F0020F9DF82880DDE996
S21403D0F80854DDE90BCE1FD106F001094FB1B9F18B
S21403D108000F06D0B8F1000F02D116F00C0F00D0AE
S21403D118013F4FF0300A04E0202C04D005F804A0A1
S21403D12801347445F8D3B9F1000F05D04FF0300930
S21403D138A74201D9202C2DD116F0100F1FD016F4B4
S21403D148806F2CD15CB3744501D0BC4227D1B4F1AF
S21403D158010E23D0BCF1100F46D1023C16F0200F67
S21403D16828D1202C28D04FF0780C05F804C00134B9
S21403D178202C21D04FF0300C05F804C00134202CA5
S21403D1881AD0B8F1000F23D04FF02D0C05F804C0C1
S21403D198013412E005F804900134C9E77446BCF17B
S21403D1A8100FDBD0BCF1020FE2D1202C04D04FF0D5
S21403D1B8620CDAE7202C08D12024CDE90A76CDE9DB
S21403D1C80854BDE8F047FFF746BF4FF0580CCCE7C6
S21403D1D816F0040F02D04FF02B0CD7E716F0080F03
S21403D1E8EBD04FF0200CD1E7BCF1020F7446C1D147
S21403D1F8DDE72DE9F04391B0189D1A9E1D9F0DB9E2
S21403D20827F010077C0500D515B317F0200F14BFB9
S21403D2184FF0410E4FF0610EAC4600250DF1200885
S21403D228AEF10A0EBCFBF6F906FB19C95FFA89F4D8
S21403D238B9F1090F94BF30347444E4B2B44508F81E
S21403D248014B05F10105BCFBF6F401D3202D10D1E3
S21403D2581C9C069705941B9CCDE903649DF86440C3
S21403D268CDE9015408AC0094FFF739FF11B0BDE8C7
S21403D278F083A446D6E72DE9F04F95B0269ECDE970
S21403D2880A23DDE91E74DDE9229B57EA040308BF77
S21403D29826F010067205CDE9080102D557EA0403FD
S21403D2A837D016F0200F14BF4123612300250DF154
S21403D2B8300AA3F10A0821464A465B463846E0F791
S21403D2C829FFD2B2092A94BF303242444F45D2B21C
S21403D2D874EB0B0405F101050AF8012B01D3202D85
S21403D2E814D1259B06960593249BDDE90801CDE911
S21403D2F803939DF88030CDE901530CAB0093DDE929
S21403D3080A23FFF7ECFE15B0BDE8F08F07460C4678
S21403D318D1E70025E5E708B100F014B8704710B167
S21403D328D1E900311847704738B5441E14F8015F31
S21403D33825B90A2000F006F8284638BD284600F026
S21403D34801F8F3E701460020FCF765BA7047704713
S21403D358E8F7AEBF704708B5FCF72EFACDF7C0FB63
S21403D368BDE80840CFF7F8BC704708B5CDF724FFEB
S21403D378FBF785F8BDE80840DEF7AABF08B5FBF754
S21403D3886EFEDFF733FEFBF768FEE0F7DDF9E0F73E
S21403D398C9F9E0F73FF9BDE80840D2F769BF08B511
S21403D3A8D1F744F9FBF757FED1F74CF9D5F772F9DD
S21403D3B8D5F718FAD5F720FBBDE80840D5F73EBAE7
S21403D3C870477047E0F74CB908B5FCF740FEBDE870
S21403D3D80840FCF764BE704707B5002203461146AB
S21403D3E801200092D4F7D0FA03B05DF804FB07B522
S21403D3F800920B46027D81898068FDF73CFC003865
S21403D40818BF0120C00103B05DF804FB08B500206F
S21403D418DBF7C8FB0020DDF759F90020D5F794FEA3
S21403D4280020D6F781F90020D6F7AAFE0020D9F700
S21403D438D9F90020D9F744FF0020DAF739FDBDE80B
S21403D44808400020DAF724BE08B50120FDF72AF9BC
S21403D458BDE808400120D6F767B908B50220DBF710
S21403D46895FC0220DAF72EFE0220DDF73DFC0220AB
S21403D478FFF799FC0220FDF780FB0220D9F720FF6F
S21403D488BDE808400220DBF721B97047FDF795BED3
S21403D49870477047704770477047704770477047C4
S21403D4A810B50446DBF72CF82046D7F77BF9204659
S21403D4B8D8F7CEF82046BDE81040FDF791BBFDF738
S21403D4C8ACBBFDF7B6BBDAF7FDBC704770477047D1
S21403D4D8704770477047704770477047704705F046
S21403D4E8D2BA70477047DAF787BD704770477047F8
S21403D4F870477047704770477047CBF749B9FEF7D0
S21403D50836BB704700207047FEF733BBFEF73DBBBC
S21403D518E2F784BA38B504460D4600F097F850B1DA
S21403D52829462046E7F72CFC30B929462046BDE8AD
S21403D5383840E2F73BBA0E2038BD08B5E7F766FA77
S21403D54818B1BDE80840E5F7DDBD08BD70B5164659
S21403D5580C4605F060F9314605462046E5F7AEF970
S21403D5680446284605F052F9204670BD00F032B945
S21403D57870B5044600200E4600F039FBD4F8F05088
S21403D5883DB1002331462046AC46BDE870401A46F6
S21403D59860472B46012231462046E2F787FC284699
S21403D5A870BD38B5044648880D4600F020FBD4F80D
S21403D5B8F0302BB929462046BDE83840E2F788BB49
S21403D5C8022038BD00F015BB00F03CB9E2F7BCB842
S21403D5D800F01BBB70B5BDF81060054606B16BB10D
S21403D5E8334428469BB200F073F9044620B91EB1AB
S21403D5F83146284600F0ADF9204670BD2124FBE7E6
S21403D608E3F730BFC0F8EC1000207047E2F76EBDB2
S21403D618E2F75EBE10B4BDF8044001945DF8044B0F
S21403D62800F09FB80B4610B514461846A1689288B2
S21403D638E1F76CFAE168034631B1A0886288121AEA
S21403D64892B21844E1F762FA002010BD0346408AF6
S21403D65818B1188A003818BF012070470846E4F73F
S21403D6687DBA00F0D6BA00F0D4BAE4F78FBC084700
S21403D67808B5E2F7B1F8C0B208BD022A01D800F02F
S21403D6880CBA21207047022A01D800F017BA2120C5
S21403D6987047022A01D800F023BA21207047E3F71F
S21403D6A897BB0846E3F7B2BB00F033BA00207047CF
S21403D6B8002070477047D0F8903003F06003402B83
S21403D6C80DD0602B03D0203B58425841704749B1D0
S21403D6D80B68012B06D9486940F00100704740F2F1
S21403D6E80110704700207047F7B504461046D4E982
S21403D6F852C7DDE908268CEA020587EA06010540D3
S21403D708194085EA0C057940C4E95251002523F4EB
S21403D718004106EA010320F0010043F400730240C7
S21403D72843F00203CDE90055E5F7BEFF94F824302D
S21403D7389A0713D5D4F84C319B050FD54FF48811A7
S21403D748204600F034FC94F82430024665F341037F
S21403D75884F8243020460B46E2F712F8002003B07C
S21403D768F0BDF0B587B01C461746BDF830601AB949
S21403D7780024204607B0F0BD002BF9D00029F7D0C7
S21403D78801AAE3F76FFE0028F2D0BDF80630A21907
S21403D7989A42BDF80850C4BF9B1B9CB2B54212D927
S21403D7A80399AD1BADB23144A5420391ADF80850B9
S21403D7B80DD22A463846E1F7A9F90499621B781967
S21403D7C8E1F7A4F9D5E70499761B31440491224678
S21403D7D83846F5E70846E5F719B80220E4F7CCBB60
S21403D7E808B5D0F8E4304BB11A68022A06D993F87C
S21403D7F825204AB1186AB0FBF2F008BD4FF446621A
S21403D8084C210020E7F7EAFA0020F6E7D0F8E420F0
S21403D81808B57AB11368022B0CD9536A13F47F4FF1
S21403D828C3F3072106D0126ADBB253438B42B3FB1A
S21403D838F1F006D2002040F67F424C21E7F7CEFAF5
S21403D848002008BD0346D0F824010860B3F8283141
S21403D85800208B80704790F824310C2B14BF90F867
S21403D8682900FF20704738B50C464FF4006105467B
S21403D878E6F7FCFF70B17CB195F81E3173B94FF427
S21403D88880724FF480712846E6F7DCFF003818BF2D
S21403D898012038BD2202F4E72246F2E70020F8E723
S21403D8A84FF48071E6F7E2BF08B54A024FF40071F9
S21403D8B8E6F7C8FF002008BD08B58A024FF4806162
S21403D8C8E6F7C0FF002008BD4FF40071E6F7CEBFA9
S21403D8D82DE9F041884618F003070646154619460B
S21403D8E833D1B2F5805F30D89A422ED33F2A28D94F
S21403D8F8B2FA82F401220120C4F11F03DBB29A4074
S21403D90892B2AA422CBFC4F11904C4F11A04E2B2B3
S21403D918931DDBB2984080B2A84214D096F8F5302F
S21403D928ABB9012096F8243060F3C71386F8243081
S21403D9384046E3F749FBC6F82080B5823846BDE87B
S21403D948F0813A46EAE70020ECE72127F6E70E27B8
S21403D958F4E7084600F02EB9F8B511F003060746B3
S21403D9680D46144621D102B313883F2B1DD9B3FAAB
S21403D97883F3C3F11901C9B2062901D8192B12D0AA
S21403D988062928BF062101238A1DD2B293402846BA
S21403D998238000F015F923883846FD617B82E3F778
S21403D9A823FC3046F8BD3146EDE72126F9E738B5BE
S21403D9B8148811F003054FEAC4041ED13F2C1CD962
S21403D9C8B4FA84F4C4F11903DBB2052B01D8192C75
S21403D9D811D0052B28BF052301240633DBB204FA2E
S21403D9E803F3C3F3CF041480816104820387E3F748
S21403D9F8FBFB284638BD2B46EEE72125F9E710B58D
S21403DA08144608460121E4F7D3FD2046BDE8104036
S21403DA180121E4F7CDBDF8B504460E46174604F0D3
S21403DA28FAFE3A46054631462046E5F77FF80446A9
S21403DA38284604F0EBFE2046F8BD02207047032074
S21403DA487047E4F791BA10B50023E2F7DDFE044603
S21403DA5808B9E6F761F8204610BD70B505460E46C8
S21403DA68144600F0C9F83146284600F04CFA00F090
S21403DA78C3F8230744BF24F00804A4B22146284663
S21403DA88E1F7B0FE00224FF400312846E6F7DAFE47
S21403DA98002070BD8021E6F7E9BE7FB5531C05AAB2
S21403DAA8ADF81410029202210022DBB2CDE9002160
S21403DAB81146E6F7E5FE07B05DF804FB7FB5531C91
S21403DAC805AAADF81410029204210222DBB2CDE9AE
S21403DAD8002100220121E6F7D3FE07B05DF804FB18
S21403DAE81FB5531C029100220821CDE9002101220B
S21403DAF8DBB21146E6F7C4FE05B05DF804FB10B5C5
S21403DB080446E1F769FE01462046BDE81040E1F702
S21403DB1869BE002914BF21200020704738B5054682
S21403DB2810460C46E3F79EF965B1D5F8E0304BB1DD
S21403DB385B693BB12268013204BF6FF001022260C1
S21403DB4822681A60002038BD002070472DE9F74F79
S21403DB5801251C469DF83030064601930368174690
S21403DB6803F0070306339D4005F1FF380B46A1B1C2
S21403DB78416804EA080BA5EB0B0A41F00059524525
S21403DB8809EB0B0114D952461846E0F7BFFF49467E
S21403DB987A1B5A445044E0F7B9FF019B2BB13C4427
S21403DBA848EA050804EA0804F46003B0BDE8F08F01
S21403DBB81846F0E74FF03A43022298615A637047D3
S21403DBC84FF03A4301225A6740F6FF72D964186544
S21403DBD81A67704737B5002514460095FFF7B6FF52
S21403DBE8204603B030BDE2F7AFBF002070470020E1
S21403DBF87047002070477047704710F0FD0F14BF3A
S21403DC084FF0FF300020C0B2704770470020002155
S21403DC18704708B5E4F7FAFABDE80840E4F71EBB10
S21403DC2838B50446FFF7F5FF0546FFF7F2FF431B33
S21403DC38A342FAD338BD38B50D460446E4F7E6FAE8
S21403DC4835B1844200D90139204601F0030138BDB5
S21403DC58844238BF0131F7E708B50121FFF7EBFF28
S21403DC68BDE80840E4F7FABA08B521B19200E0F730
S21403DC784DFF002008BD2120FCE700F06F43B3F1F9
S21403DC88804F02D0B3F1204F02D120F07040704786
S21403DC9800F06043B3F1204F08BF20F08050704770
S21403DCA80B0C23F48053B3F5284FF7B50D468FB204
S21403DCB8064699B216D04AF60103994214D04AF694
S21403DCC80203994212D0B1F5204F14BF042403244B
S21403DCD8D6F8E0300BB1196851B9D6F8DC3093B9E9
S21403DCE828680EE00024F3E70124F1E70224EFE7AF
S21403DCF8234668463A46E4F725FBDDE90003002B8E
S21403DD08EBD103B0F0BD19680029E9D0234668466D
S21403DD183A46E4F717FBDDE90003002BE0D1F0E70A
S21403DD280204C0F3891307D56FEA83536FEA935344
S21403DD3813F5007F18B206D0A3F1C8006FF4FF737B
S21403DD489842B8BF184670474FF0384359699A69DE
S21403DD5803F500530A405A6170470E207047E6F7EA
S21403DD68EBB8E6F7E9B8E6F7E7B8E6F7E5B808B5CF
S21403DD780846E6F7D3FC08BDE6F7DEB80220704788
S21403DD880220704700207047012070470020704724
S21403DD980E20704700207047E2F73EBF084611463C
S21403DDA8012200F086B870B505460C4611461A4699
S21403DDB8E6F7EAFD06682B462046B446BDE87040FB
S21403DDC8604710B5E6F7E0FDBDE8104083681847DE
S21403DDD8FFF739BEE2F72ABEFFF79CBBE2F728BB7C
S21403DDE870B504460D4616464FF4881100F0F4F84D
S21403DDF8324629462046BDE87040E3F743B87047E5
S21403DE08431E012B03D9031F58425841704701206C
S21403DE187047FFF7EABE4FF4D4720021E0F7E6BC7A
S21403DE2870B50446E2F79CFB0546A8B9A169F1B1AB
S21403DE38238AD3B1204604F11002FFF7B8FD38BB96
S21403DE48E16919B3638AA3B1204604F11202FFF706
S21403DE5883FD78B1054603E00023A3612361E361EC
S21403DE68002328466361236270BDA061E8E7208229
S21403DE78E6E7E361216A0029F2D0A28A002AEFD0F6
S21403DE882046E38ABDE87040FFF722BD6182F1E7CA
S21403DE986582E561DEE711B9D0F8DC1021B1CB68FD
S21403DEA813B18B68D88970474FF6FF707047E1F750
S21403DEB879BC10B50C461146E1F79AFCE2F7ACFEBE
S21403DEC8012801D1002010BD002CF7D10520FAE760
S21403DED8FFF786BCFFF79ABC70B500232425D0F855
S21403DEE8DC00C4689C4201D1212070BD826805FB12
S21403DEF80322D6898E4202D8128A8A4201D2013375
S21403DF08F0E70020F1E7F8B506460D46E6F79EFD6E
S21403DF18D8B94FF6FF734FF0240CEF68C1B28F429F
S21403DF2808D81C4621463046E6F72AFFFFF763FE65
S21403DF382046F8BDAA680CFB0122D4899C4202D26B
S21403DF48002CEFD023460130E8E70024F0E7808D65
S21403DF5870470A7838B505461046FFF751FF60B193
S21403DF684C782046FFF74CFF38B12243530704D4B6
S21403DF782846BDE83840E1F773BE212038BD10B502
S21403DF8804460878FFF73CFF58B14A781046FFF76F
S21403DF9837FF30B1042A04D02046BDE81040E1F725
S21403DFA87DBE212010BDFFF79FBBE2F7A3B938B5A6
S21403DFB805460C4604F02FFCD5F88C301C40D5F8E3
S21403DFC888302343C5F8883004F020FC211E18BF88
S21403DFD801210020490238BD38B504460D4604F031
S21403DFE81AFCD4F88C301D40D4F8883023EA05058B
S21403DFF8C4F8885004F00AFC284638BD38B50446E9
S21403E0080D464FF48811FFF7E7FF29462046BDE87B
S21403E0183840E2F757BF73B50D7806460C4635B356
S21403E02804238DF804302379304601A98DF805308A
S21403E038FFF7A5FF0546B8B92278A37952BB8DF832
S21403E0480430E379304601A98DF80530FFF781FFE0
S21403E058054648B923783BB161883046E2F70CF8A1
S21403E06801213046FFF7FFFB284602B070BD29465C
S21403E078FFF7F9FB29463046FFF716FC29463046D4
S21403E088FFF71AFC2378002BCAD123798DF80430BE
S21403E0986379C9E702228DF80420D3E7FFF704BCA7
S21403E0A8FFF712BC00207047704710B50446E6F722
S21403E0B8F7FE21460020E7F755FDBDE8104000208F
S21403E0C800F03EB970470120704708B5E8F778FBBB
S21403E0D880F00100C0B208BD4FF0FF30FFF7C1BAA9
S21403E0E870470020704710B50C4604F0AFF804805C
S21403E0F810BD38B50C46154604F0A8F803881DB1BC
S21403E1081C43A1B2018038BD23EA040189B2F9E7AA
S21403E11808B504F09BF8008808BD08B504F096F81F
S21403E128C07808BD08B504F091F8008800F00C0024
S21403E13808BD08B504F08AF8008800F00C00031F31
S21403E1485842584108BD38B5054604F07FF80446DA
S21403E1582846FFF7EEFF30B904F1100004F0CDFCB3
S21403E16800F4406038BD4FF40060FBE738B5054659
S21403E17804F06CF804462846FFF7DBFF014648B967
S21403E18810342046042203F0A1FF2044BDE838409B
S21403E19804F0B3BCA08838BD10B50C4604F056F896
S21403E1A8848010BD38B5054604F050F80446284662
S21403E1B8FFF7BFFF014608B1201D38BD10340422FF
S21403E1C8204603F083FF2044F7E738B5054604F0F6
S21403E1D83DF804462846FFF7ACFF30B904F11000B3
S21403E1E804F08BFC00F4404038BD4FF40060FBE7B6
S21403E1F838B5054604F02AF804462846FFF799FF7B
S21403E208014648B910342046062203F05FFF20442F
S21403E218BDE8384004F071BCA08838BD38B505465B
S21403E22804F014F804462846FFF783FF014608B1AE
S21403E238201D38BD10340622204603F047FF20442D
S21403E248F7E708B504F002F8007A08BD08B503F046
S21403E258FDFF90F9090008BD08B503F0F7FF807ABB
S21403E26808BD08B503F0F2FFC06808BD10B50C4634
S21403E27803F0ECFF047210BD10B50C4603F0E6FF7E
S21403E288447210BD10B50C4603F0E0FFC46010BD21
S21403E2982DE9F8430F468046002107F1100016467D
S21403E2A8994604F047F80446D0B103F0CFFF054675
S21403E2B8204603F0E7FF002102462846E0F796FAD1
S21403E2C800232046AB7049F00401FFF70CFFA5F8BE
S21403E2D804802EB13A46314605F11000E0F716FCE5
S21403E2E82046BDE8F883F8B505460F4610200021FA
S21403E2F804F020F80446B0B103F0A8FF064620460B
S21403E30803F0C0FF002102463046E0F76FFA002309
S21403E31839462046B370FFF7E6FE25B12A460121A3
S21403E328204603F0DFFF2046F8BD08B503F08EFF4E
S21403E338103008BD08B503F0A5FF1038C0B208BDF5
S21403E3480020E7F737BB08B5E7F792FD002008BDBE
S21403E3584088C0F30C000330800840000430704740
S21403E36870B50E4605461146304603F0E3FF0446ED
S21403E37835B128B103F06AFF32462946E0F788FA32
S21403E388204670BD0088B0FA80F04009704738B55B
S21403E39805880022044604F01EFC05B1258038BD16
S21403E3A8F8B507460D4600880021164603F086FF93
S21403E3B8B042044605D129463846BDE8F840FFF77B
S21403E3C8E6BF0021204603F079FFB04205D0204679
S21403E3D8002103F073FF0446F3E72A46204600218C
S21403E3E803F080FF32462846BDE8F840002103F0D4
S21403E3F879BF38B5044638B1002104F0E6FB00239C
S21403E40801465D1C09B998B238BD204604F001FCE4
S21403E4182B460146F5E7F8B5058807467DB1CCB225
S21403E4282146284603F04AFF8542064609D10023BB
S21403E4383B8000222146304603F054FF35462846E3
S21403E448F8BD214603F03AFF21460246284603F064
S21403E45849FFEEE72DE9F0470788824688461446C3
S21403E4685FB3384603F00EFF3D460646E4B2214640
S21403E478284603F023FF4045814616D1214603F07C
S21403E4881DFF21460246284603F02CFF474504D1C4
S21403E498454508BF0025AAF80050002221464046F5
S21403E4A803F020FF3046BDE8F0878742FAD003F032
S21403E4B8E9FE30444D4686B2D9E73E46F2E70022E7
S21403E4C80123C0E900237047F8B504460127002650
S21403E4D804F0AEF923683BB904F0A5F90022636893
S21403E4E8012B0ED16360F8BD1D691F61266004F019
S21403E4F89AF9012DF2D02B462D691E61012DFAD10A
S21403E508E6E719691A610B46EAE7036823B9406820
S21403E518012803D0E8F7F4B9002070474FF0FF301E
S21403E5287047F8B5054604F003FA012306460027A4
S21403E538A8602B7304F07CF92B6802467BB11C6930
S21403E5482169A1420CBF2F6019612761104604F0A8
S21403E5586AF9012C08D0204663689847EAE76C688E
S21403E568012C04D104F05FF900232B73F8BD61690D
S21403E578711AB1F1004FF5D8216969602361E5E79F
S21403E58870470220704702207047002070470144F6
S21403E598884201D10120704710F8013B9342F7D017
S21403E5A8002070470821FDF789BE70B50146064668
S21403E5B892B00020E6F7A0FE044670B9FDF779FE90
S21403E5C8054601466A462046E7F7EAF96A462946B3
S21403E5D820468DF80260E7F799FC204612B070BD16
S21403E5E800B593B0FDF765FE6A4601460020E7F7D7
S21403E5F8D7F99DF9020013B05DF804FB00B593B094
S21403E608FDF757FE6A4601460020E7F7C9F99DF865
S21403E618000013B05DF804FBE7F786B901207047DE
S21403E6287FB54FF6FF7101AAE8F746FC20B1BDF89F
S21403E6380C0007B05DF804FB4FF6FF70F9E708B562
S21403E64804F026FB003818BF012008BD08B510469D
S21403E658E9F706FDBDE80840E9F7C0BD704770470F
S21403E66870477047704770477047002100B593B0EE
S21403E6786A460846E7F794F9BDF8060013B05DF84E
S21403E68804FB002110B592B004466A460846E7F72D
S21403E69887F900216A460846ADF80640E7F736FCD0
S21403E6A812B010BD002100B593B06A460846E7F7D6
S21403E6B877F9BDF8040013B05DF804FB002110B524
S21403E6C892B004466A460846E7F76AF900216A469E
S21403E6D80846ADF80440E7F719FC12B010BD7047BA
S21403E6E873B50646E8F70EFF04463046EBF78CFE8E
S21403E6F82246034600213046F7F7A6FC0546D0B166
S21403E708FFF713FE0446284603F0A0FD0023E21D88
S21403E718121A294608200093D2B2FBF777FD013870
S21403E728C0B2012807D801222946304602B0BDE800
S21403E7387040E8F71DBF02B070BD134610B50A4611
S21403E74800210446F7F75AFC014628B12046BDE8DF
S21403E75810400222E8F70CBF012010BD07B500934E
S21403E76813460A460021F7F7C3FB28B1002103B076
S21403E7785DF804EBF5F76EB9012003B05DF804FB0A
S21403E7882DE9F04F87B00C4691460746FFF7CAFCBB
S21403E7980546661C304604F0B0F9042D40F0908018
S21403E7A83846FFF7C2FD0378092203F00303012B5B
S21403E7B814BF0223032301212046039303F086FC98
S21403E7C8092200210546204603F080FC21788DF8AF
S21403E7D8170001390022204689B2FFF7C1FD04EB72
S21403E7E809088346F0B14FF0010A2A460146CDF8D8
S21403E7F800A003980DF11703FBF708FD022805464A
S21403E80826D1584603F03EFD00222070C0B2431EB0
S21403E81800929BB252465946304604F073FA237860
S21403E828534423703846FFF773FC020424D498F83D
S21403E838013021789B071FD50139A1EB09013A4618
S21403E8484046C9B2EDF7FCFB23781844207013E062
S21403E85820B92070284607B0BDE8F08F032809D1F1
S21403E868404604F04AF920F4007189B2404604F0A1
S21403E87846F9D7E70428D5D1012500222046217872
S21403E888FFF76EFD07460028E4D04FF00008014660
S21403E898434601224046CDF80080FBF7B7FC022822
S21403E8A819D1384603F0EEFCC2B2013A207093B28F
S21403E8B8394601223046CDF8008004F023FAC9E72A
S21403E8C880F0800520F0800081B23046C5F3C0157D
S21403E8D804F015F9D1E70028BCD12070BAE708B5CB
S21403E8E80020FFF7F2FB80F00100C0B208BD0A461D
S21403E8F808B501460020E8F73BFEB0FA80F0400969
S21403E90808BD0020E7F736BC00210846E7F7DAB863
S21403E9180020FFF7D8BB70B5044604F0EEF80422CF
S21403E92800210646204603F0D1FB204404F0E5F810
S21403E938032205460021204603F0C8FB204404F0C2
S21403E948DCF84FF6FF730540ADB29D4214D1F307CA
S21403E95812D506220021204603F0B8FB204404F013
S21403E968CCF80446E8F776FE844214BF022406244D
S21403E978E8F76AFE204070BD2046FBF75FFEC4003A
S21403E988E4B2F5E708B5FFF7C6FF003818BF01205D
S21403E99808BD0120704710B50446FEF798F908B974
S21403E9A8FEF797F903050FD40C231B2B01D1002080
S21403E9B809E020FA03F1C90703F1010206D5DBB221
S21403E9C8E31A5842584110BD0B23F9E71346ECE700
S21403E9D810B50C46098819B90846F7F7EFFA2080E8
S21403E9E8012010BD08B510461A4600F0B8FABDE86F
S21403E9F8084004F020B870B504460D46164692B093
S21403EA086A46E6F7CDFF6A46294620468DF81F6014
S21403EA18E7F77CFA12B070BD10B50C46E9F7F6F9BD
S21403EA282046BDE81040E9F707B90129F8B50546B9
S21403EA380C461DD003291ED0052920D0072922D02D
S21403EA480026002400270120E6F7EEFE3044854220
S21403EA581DDA0320E6F7E8FE2044854219DA052086
S21403EA68E6F7E2FE38448542B4BF07200520F8BD22
S21403EA786FF00406E5E76FF004040526E2E70026D0
S21403EA886FF00407DFE7002405272646DBE70120A7
S21403EA98EDE70320EBE738B5054600242046E6F7FE
S21403EAA8C3FE0134A842E4B202D9062CF6D10724E1
S21403EAB8204638BD38B14379490023F00C0301F0EA
S21403EAC80C010B434371704710B5044678B141797E
S21403EAD84088490801F006010131000AFFF7A5FF3F
S21403EAE8024601462046FFF7E5FF104610BD0722FB
S21403EAF8FBE738B50D46E9F777F9044608B9002069
S21403EB0838BDFFF7E1FF002DFAD1237913F0070389
S21403EB18F5D0984238BF1846C0B2F1E7037923F018
S21403EB280703194301717047037903F00F0343EA98
S21403EB380113037170470022E9F7FABC002101228A
S21403EB4808B5E9F7F5FC401A18BF012008BD38B523
S21403EB581546FFF7F0FF0446284604F0AFF884B1DD
S21403EB68FF2804D0626822FA00F3DB0701D50120E8
S21403EB7838BD0123834013436360E3780133E370AE
S21403EB88F5E72046F4E7E9F73DBF10B503F05EFB6B
S21403EB9800F11004204603F0B0FF20F4007189B298
S21403EBA82046BDE8104003F0AABF2DE9FF411546ED
S21403EBB8019101218DF80D301B0A8DF80E309DF852
S21403EBC82C308DF80C008DF80F302846042300915E
S21403EBD803AA9DF828809DF830709DF8346001F0EC
S21403EBE8D8FC044670B12946FFF7D6FAB8F1000FE9
S21403EBF802D12046FFF7C9FF2FB146B93146204652
S21403EC08F4F728FF0024204604B0BDE8F08100226C
S21403EC1820461146E9F77CFEF4E74FF47A70E9F7E5
S21403EC28D1BFF0B5064687B010461C460F461546B4
S21403EC38FFF77BFB9DF83030184443789CB1617826
S21403EC48012211F0020F0CBF032100210020CDE999
S21403EC580142CDE903100722394630460095EAF704
S21403EC684DF807B0F0BD22462146EFE708B5E7F7AB
S21403EC785BFEBDE808400020EAF77CBA00B58BB017
S21403EC886846E9F77BFF009BBDF8060004A90693D0
S21403EC98E9F71AFF0BB05DF804FB1FB50446684690
S21403ECA8E9F76CFF02AB03CB2060616004B010BDCC
S21403ECB81FB5062304468DF80C30EAF7EBFB002352
S21403ECC88DF80D00CDE9003301210223204603AA5F
S21403ECD801F05FFC04B010BD70B50C460546012074
S21403ECE8EBF7CCFA237B4BB1FFF7BFFC0146234671
S21403ECF82A46BDE870400120EAF77ABE4FF6FE7151
S21403ED08F5E7F8B50E460746FFF70FFB054603F08B
S21403ED18F4FE00F44040B0F5404F14BF002206222C
S21403ED2802F10A03EB5C0B325C0004F00E045B088A
S21403ED38144403F0380338461C44FFF7FBFA8442AE
S21403ED4808D2001BC2B20F2A28BF0F223046291941
S21403ED58DFF7DCFE2046F8BD40F62740ECF7C0B9DF
S21403ED6813B5F5F719F96946044600F0E1FF58B1FB
S21403ED78FFF77BFC40B1E7F7CBFE28B1002302225E
S21403ED8869462046F2F7C8FC02B010BDFF224FF6CC
S21403ED98FF71ECF7F1BB07B500210DF10700ECF79F
S21403EDA879FD9DF8070003B05DF804FB13B5044628
S21403EDB801A90020ECF76EFD019A01462046ECF700
S21403EDC87FFD204602B010BDF0B50F46002187B080
S21403EDD8044608461646ECF75DFD012305460DF185
S21403EDE80A008DF808408DF80930FFF756FF092CFE
S21403EDF81DD131460DF1120003F081FE05AB00214B
S21403EE0802AA9B1A2846CDE90011DBB2642101F059
S21403EE18C0FB0546E0B1092C15D1ECF79BFD04466B
S21403EE2888B12846ECF7AAFD204607B0F0BD314660
S21403EE380DF113008DF812704FF6FF7503F05FFEA1
S21403EE480DF11503DBE7284600F02EF80446EBE73A
S21403EE580446E9E77FB50D461646ADF80E0003F0FF
S21403EE6811FA841BE4B2BDF80E20631B9BB210464E
S21403EE7829460093731901F0C0FA21460DF10E00D6
S21403EE8801F093FA04B070BD38B504460D4603F096
S21403EE9832FF40B1AC4206D0204603F0F7FBBDE88C
S21403EEA8384000F0DBBF38BD10B50446FFF73DFA1F
S21403EEB8023003F022FE4FF6F7739842204603D932
S21403EEC8BDE81040ECF7DCBEECF726FFB0FA80F09E
S21403EED8400910BD0022ECF7F7BD70B50546FFF7ED
S21403EEE824FA0646284601F078FB01462846F7F733
S21403EEF817FD04462846FFF739F94FF6F773984285
S21403EF0808D8337803F00303012B05D1A31E584210
S21403EF18584170BD0120FCE70020FAE741F20333AD
S21403EF2830B585B00D46ADF808300446FFF79DFBAF
S21403EF388DF80A00FFF799FB0021000A8DF80B00ED
S21403EF4805232046CDE9001102AA8DF80C5001F0DE
S21403EF5820FB10B12146FFF7BDFF05B030BD2DE9F4
S21403EF68F041044617460D46E1B13F294FF0000627
S21403EF7800D135462046FFF7D5F8082814D10121D5
S21403EF88204603F09BF9064603F07CF90446304610
S21403EF9803F05CF93B4601462A46E0B2BDE8F04179
S21403EFA8FDF73EBA0126E5E72046FFF7BBF802461B
S21403EFB830B9BDE8F0414FF6FF71012003F066BD96
S21403EFC82046FFF7C0F8B0F5006F0ED12046FFF7CE
S21403EFD8CDF84FF6FF739842014617D0002D0CBFA5
S21403EFE803200520002203F051FD29462046E9F7B1
S21403EFF847FD68B929462046EEF722FB40B9324654
S21403F00829462046BDE8F041EDF742B90120E9E775
S21403F018BDE8F08137B54FF6F675FDF74DF9431E93
S21403F0289BB2AB420446F8D8E8F7DEFE0028F4D1D4
S21403F03869462046E8F7CCF90028EED0204600F0CB
S21403F048DCFF0028E9D12046FFF778FD0028E4D145
S21403F0582046EEF769FB0028DFD1204603F04BFE77
S21403F0680028DAD12046FDF73DF90028D5D12046F9
S21403F07803B030BD73B504460E46EEF755FB05469A
S21403F08888B92046EEF7AAFB21462B460D224FF6F3
S21403F098FD70009500F056F83146204602B0BDE8EC
S21403F0A87040EEF75DBB02B070BD37B50546144633
S21403F0B80C2914D8DFE801F02C132C1313130713A9
S21403F0C81313132424006946E8F782F918B90121B3
S21403F0D86846F2F703FF41202946F8F7C7F8D4B184
S21403F0E82046FFF722F9023003F007FD4FF6F773C1
S21403F0F8984210D9204603B0BDE83040ECF7D8BF95
S21403F10840F6144040F613430B2908BF1846E3E7B6
S21403F118F6F7CEFAE3E703B030BD1FB50346084655
S21403F12803218DF80D308DF80C1001230021ADF85E
S21403F1380E20CDE9003103AA042301F02AFA05B00C
S21403F1485DF804FB2DE9F34106460F4614461D46B3
S21403F1589DF82080FFF789FAB04207D1002221469E
S21403F168384602B0BDE8F041FFF79FBF3A4631463E
S21403F1782046FFF7D2FFADF8060060B10D2C05D187
S21403F18800224FF6FF71282003F080FC35B9BDF83E
S21403F1980600FFF789FE02B0BDE8F0810123424668
S21403F1A829460DF10600E7F713FBBDF80630002BDA
S21403F1B8EDD1F0E7F7B50C460546FFF7B6F8611C40
S21403F1C806462846F7F7ACFBA11C0746284601F077
S21403F1D827F9014604463846FDF7BAF80D2F34D109
S21403F1E82046EEF7A1FA78B1301D03F086FC0446F4
S21403F1F82846F679FEF7FCFF31460246204603B05A
S21403F208BDE8F040FFF7A3BCB01C03F076FC4FF64E
S21403F218F773984202D92846ECF74AFF2046EEF7DA
S21403F228DDFAFFF722FAA04205D1002003B0BDE8B5
S21403F238F040EEF717BB6B46B068F16803C3694640
S21403F2482046EEF78DFA03B0F0BD2A463946204627
S21403F25803B0BDE8F040FFF728BF14220021DFF70C
S21403F268C5BA2DE9F04F11F00F0704460E461546AA
S21403F2788FB05CD10120DCF70BFE09A8FDF778F9FF
S21403F288092309A88DF82430FDF776F909A8DCF7D1
S21403F298D1FD01A909A8FDF700FB26F00F08A8442D
S21403F2A804F1100904F10F0A454511D1236901A990
S21403F2B83344236109A8FDF7D5FA0020DCF7E8FDF7
S21403F2C8B6F1005F28BF272738460FB0BDE8F08F92
S21403F2D805AA234696469446186859680833ACE840
S21403F2E803004B456246F6D12B46224605F1100B22
S21403F2F853F8041B5B4542F8041BF9D1714609A869
S21403F308FDF7B0FA09A8DCF795FD22462146012049
S21403F318DCF77AFD013D631E13F8012F15F8011F6C
S21403F328534582EA01021A70F6D15D46BCE7022706
S21403F338CAE7F0B5174685B005460C4610220021E5
S21403F3486846DFF753FABFB3C4B30F2C04F00F06AF
S21403F35808D924F00F043A4621462846FFF781FFCA
S21403F36840BB2744324639466846DFF7CFFB802240
S21403F3782F6906F1100337446B44B7F5005F03F8AB
S21403F388102C2F61C6F110061AD3062E1FDDFB00BC
S21403F3981A0E8DF80A201A0C5BBA8DF80B20ADF8F6
S21403F3A80C306A4610212846FFF75BFF00202B69BE
S21403F3B8103B2B6105B0F0BD3E46D8E72646D6E798
S21403F3C8022E04DDFB005BBAADF80E30E9E76A46A9
S21403F3D810212846FFF745FF2B691022A3F11004D6
S21403F3E8002168462C61DFF701FAB7F5005F4FEA9C
S21403F3F8C403CDD2E7E770B50E46054686B001A826
S21403F4081446FFF72AFF3246294601A8FFF791FF5D
S21403F4182246054601AB05AE1C4603CCB442106033
S21403F4285160234602F10802F6D1284606B070BD9D
S21403F438EEF7B6BA0A460021EEF7B2BAF0B58BB0C5
S21403F4480C4601A9EEF7ACFA054680B3252200213F
S21403F458E01CDFF7CBF90123A3700E23BDF8107069
S21403F4682380FA0510D523464FF4877206AE23F891
S21403F478042B0DF1280C324603CA624518605960FE
S21403F488164603F10803F6D13B0605D5238843F051
S21403F49880032380069B636001AB03CB039BC4F8FE
S21403F4A81D00C4F82110A361EFF786FD60612846A6
S21403F4B80BB0F0BD30B505460C4687B001A8FDF77E
S21403F4C857F82868696802AB03C39DF8113043F000
S21403F4D802028DF8112074B12288510644BF43F006
S21403F4E806038DF81130530542BF9DF8113043F0DB
S21403F4F808038DF8113001A8FDF735F9B0FA80F046
S21403F508400907B030BD70B58AB00D46002201A980
S21403F5180446EEF745FA88B1204604A9FFF7CAFF62
S21403F52860B1BDF81060FFF7A0F838B9720601D5C8
S21403F538730503D529462046FCF776FF0AB070BD47
S21403F5482DE9F3410F460546164602F09BFE4FF09B
S21403F5580008C41BE4B2294623463A463046CDF88B
S21403F568008003F0CFFB0121284602F0A7FE88B1EE
S21403F5780121284602F0A2FE074602F083FE05464E
S21403F588C3B2424630193946CDF8008003F0BAFBB9
S21403F5982544ECB2204602B0BDE8F0812DE9F04FD1
S21403F5A885B00C46054691461F464FF0010ADDF81E
S21403F5B838809DF83CB002F065FE22463B46294655
S21403F5C80646CDF800A0484603F09CFB514628465D
S21403F5D802F074FE3C4418B35146284602F06EFE09
S21403F5E8F6B2B442814610DAE7B2F31BDBB2404602
S21403F5F822462946CDF800A003935F4403F082FB16
S21403F608039BBF1B984407F0FF0B012300220E93AE
S21403F61849465B46404605B0BDE8F04F03F072BB6B
S21403F6285B4622462946CDF838A0F3E72DE9F04194
S21403F638002686B0074608460C4615469846CDE982
S21403F648026604968DF8146002F01CFE411BCBB2CA
S21403F6580D2B28BF0D232A462146009602A803F041
S21403F66851FB424602A93846EEF714FC06462946DD
S21403F67820469DF80820F7F767F9304606B0BDE838
S21403F688F0812DE9F04F0E46CBB00121054617460B
S21403F6981C4602F013FE23463A462946814606A828
S21403F6A8FFF7C4FF0DF1280A00EB070B5246314655
S21403F6B828465FFA8BFBFFF743FFB34503D20020C8
S21403F6C84BB0BDE8F08FABEB06085FFA88F808F195
S21403F6D804039842F3DB331F18440423C4B201938C
S21403F6E8A31BDBB20093524643460021CDF808A07D
S21403F6F806A8DCF73DFB0028E1D1A4EB0B040AEBD4
S21403F7080803E4B25246284631460093019443461A
S21403F718FFF744FF39462846F7F702F9394600F05B
S21403F728F8022846F7F710F90121284602F0C6FD25
S21403F738002818BF4D462846ADF8165002F0A2FD1D
S21403F748011FC9B20DF1160000F02FFE0120B7E71E
S21403F7582DE9D841064600F040FF411C044689B20D
S21403F768304600F00DFF98B394B321463046F7F7BA
S21403F778D7F800F00C03042B074629D000F003083B
S21403F788B8F1020F00D11BBB384600F0AFFF3B06AB
S21403F7980444A4B216D5611C304689B200F0F0FEC4
S21403F7A8B0B121463046F7F7BBF8B8F1010F01466A
S21403F7B800F003030CD0032B0AD0384600F0A5FF4D
S21403F7C803199CB221463046BDE8D84100F0D8BE9E
S21403F7D80020BDE8D881F8B5064600F0C0FE054609
S21403F7E804463046FEF7A1FD43785B0718D5AC1CE4
S21403F7F8A4B22146304600F0C3FEB8B129463046C7
S21403F808F7F78EF80746691C304689B2F7F788F883
S21403F8181FB1874201D8FF2808D104EB4704A4B2D6
S21403F82821463046BDE8F84000F0AABE0020F8BDE1
S21403F83813B5044601A8EEF785FDBDF80430DA07CC
S21403F84810D49B0707D410220021204602B0BDE837
S21403F8581040DEF7CBBF224621461020FFF7CBFD2C
S21403F8680028F0D102B010BD024608B5EEF792FDA7
S21403F878510544BF0838C0B2130544BF0838C0B2A0
S21403F88808BDF0B5D30705460C468BB04AD50088A5
S21403F89800F0A3FE00230646029314B9CDE90344F9
S21403F8A803AC002208212046FEF771FEA8B128887B
S21403F8B8FEF73BFD023003F020F921460746E7F73B
S21403F8C887FD50B1002240231146384600F01DFA42
S21403F8D840F6094528460BB0F0BD31462888F7F7A9
S21403F8E81FF810F0030F0CBF01260026EEF79CF84E
S21403F8F846EA4000C0B200900021204602AB05AAA3
S21403F908EFF7B2FF0546EEF78FF80028E2D0002D92
S21403F918E0D000212046009602AB05AAEFF7A4FF25
S21403F9280546D7E740F60A45D4E700231A46EFF715
S21403F938F5BE30B58BB005AD04462846FCF718FE71
S21403F9480223284601A98DF81430FCF7A6FF2346A0
S21403F95801AA144603CCAC4218605960224603F148
S21403F9680803F6D10BB030BD08B500230246194686
S21403F9781846EFF7D3FE012008BD37B50446684698
S21403F988EFF744FF054648B1082221466846DFF7E5
S21403F99879FAB0FA80F0400903B030BDFF22082197
S21403F9A82046FEF7F4FD034628B106212846FFF74E
S21403F9B8BCFF0120F0E722460146EFF7AFFEF8E763
S21403F9C807B56846EFF722FF10B16846FDF7E3F878
S21403F9D800F0010003B05DF804FB0120F0F750BC0B
S21403F9E8704737B504460846FEF7DCFB0546FEF7C0
S21403F9F83CFE00230146009322462B460120F5F7DA
S21403FA087BFF03B030BD30B50124054689B003A893
S21403FA18FCF7AEFD01A88DF80C40DCF769FA9DF8F3
S21403FA2806209DF80730AA4209D0AB4209D103A89D
S21403FA388DF80D40DCF7FEF9012009B030BD00242F
S21403FA48F5E70020F9E700221021FEF7A0BD7FB5F1
S21403FA580D4600F582300D22694600F58070D0F712
S21403FA682DFC6B462A4602AE1C4603CCB4421060F5
S21403FA785160234602F10802F6D120681060237904
S21403FA88137100236B7304B070BDF0B585B06A4676
S21403FA9805460B46164601F10807144618685968C2
S21403FAA8083303C4BB422246F7D118680D222060E8
S21403FAB81B7905F582303146237100F58070D0F73F
S21403FAC829FC05B0F0BD38B504460D46DBF7D4FC73
S21403FAD8A04205D920462946FFF7B9FF002038BDBE
S21403FAE82820FCE730B5002485B08DF80040DBF706
S21403FAF8C3FCE5B2A84204D8F2F754F8002005B0D0
S21403FB0830BD69462846FFF7C0FF0134EFE738B52E
S21403FB180446002002F08AFDFF2805460FD002F0AF
S21403FB280DFE10F0010009D0284602F007FE400833
S21403FB3840EAC17080F0010000F0010038BD04F00F
S21403FB480100FBE70146F8B506460020F1F764FF17
S21403FB58FF2801D00120F8BDDBF77EFC002405460C
S21403FB68871CDBF77DFCE3B2984201D80020F2E756
S21403FB7835F82430B34203D117F82430002BE9D1E3
S21403FB880134EEE738B50D460121044602F096FB2C
S21403FB9830B10121204602F091FB2880012038BDB0
S21403FBA820462C8000F00EFE0130C0B2F7E72DE9A0
S21403FBB8F04788B00746894610460DF10A011D46E8
S21403FBC89046FFF7DFFF4FF0000ABDF80A600446C9
S21403FBD83046CDE905AACDF81BA002F053FB031B5C
S21403FBE8DBB20B2B28BF0B2322463146CDF800A0E9
S21403FBF805A803F087F848F21F039D4243D00BD8A5
S21403FC0885F40043012B15D9234642464946284620
S21403FC180097FDF713F833E048F23A039D42F3D111
S21403FC28FEF723FDB8422BD02246414605A8FDF72A
S21403FC383AF825E09DF8143013BBBDF81D40DDF8EF
S21403FC481500DDF8191003AB03C3204603A9DBF739
S21403FC5835FE0122204603A9EDF738FEA7420646DD
S21403FC680ED0012103A8F2F739F948F201039D42A1
S21403FC7806D12EB9334632463946204600F046FEAC
S21403FC8808B0BDE8F0879DF81450002DF8D12F462C
S21403FC989DF815800234EAB24245F1D2D200D2B2B8
S21403FCA822440823314692B2009703A8CDE9037786
S21403FCB803F028F803A8F4F79FF902F0E7FC00F02E
S21403FCC8CDF80135E7E708B5E6F72EFEBDE80840A8
S21403FCD8F2F742BB10B50024418084800480C280BA
S21403FCE8038110BD13B5BDF81040CDE900340023D9
S21403FCF8F2F79AFC02B010BD13B5BDF81040019098
S21403FD080094F2F791FC02B010BD07B500930123E7
S21403FD18FFF7F2FF03B05DF804FB0123F2F72ABDF1
S21403FD280121F3F797BE01464FF6FF70F3F7BABD06
S21403FD3810B50C4602F0AAFCFF2808D0F4F744F9DD
S21403FD4820B10368236043680120636010BD002068
S21403FD58FCE710B50446FEF7F6F9B0F5006F204643
S21403FD6805D1FEF703FABDE8104002F08FBCFEF794
S21403FD7819FABDE8104002F0BABF08B502F086FCCF
S21403FD88FF280CD002F0DAFC10F0010309D0400873
S21403FD9840EAC17080F0010000F0010008BD0020B1
S21403FDA8FCE71846FAE71FB500F582300B2201A9CF
S21403FDB800F5C070D0F782FA9DF80E0005B05DF81E
S21403FDC804FB30B589B001F0010503A90446F4F72E
S21403FDD81DFD9DB190B9204602F0B0FC10F001015C
S21403FDE809D0204602F0AAFC430843EAC17383F00D
S21403FDF8010303F0010103A8F2F770F82046F5F7AC
S21403FE089DFC9DF81430294600932046BDF816201D
S21403FE1803ABFCF781FA09B030BD7FB50C4605463F
S21403FE28F4F7BAF8A04217D04FF6F7739C4213D8E4
S21403FE3805F5823606F5C0760B2201A93046D0F7BB
S21403FE483DFA01A90B223046ADF80C40D0F762FA0A
S21403FE5821462846F4F7F2F804B070BD10B50446F8
S21403FE68DBF710FBA0420FD92046F4F795F84FF6B8
S21403FE78FF73984208D020460021FFF7A2FF2046CA
S21403FE88BDE81040F4F71CBD10BD10B50446FEF7D8
S21403FE98ECFB0023024619462046BDE81040F4F75B
S21403FEA869BE2DE9F04114460F4605469846FEF707
S21403FEB83CFA0646043002F020FE20802846FEF769
S21403FEC897F96080B379791CE372C9B22846F6F7C6
S21403FED827FDB91CA072C9B22846F6F721FDFE1CF9
S21403FEE82072F6B2B8F1000F18D03146284600F053
S21403FEF897FA0537FEB23146A080284600F090FAF6
S21403FF08B11CE080C9B22846F6F70AFD6072217A6A
S21403FF18A0880122BDE8F041F5F74CBB2088EAE744
S21403FF282DE9F04186B090461E4604460D46FEF778
S21403FF389CFB4FF6F7739845074632D80523A0422D
S21403FF488DF80C304FF0010214BF012300234FF045
S21403FF58000118BF8DF80D30CDE9002114BFADF8A8
S21403FF680E008DF80D30284614BF0423022303AA77
S21403FF7800F00FFB0546A0B1A7421AD0FEF7D5F945
S21403FF88074621460430803E02F0B9FD2046FE713E
S21403FF9804A9FFF7CDFE40B9204604A9E6F72CFFCF
S21403FFA818B9002006B0BDE8F081284604A900F079
S21403FFB87EFB41462846FEF78DFFF3E7037923F0D9
S21403FFC80303194301F03F010171704707B50DF1AB
S21403FFD80701F5F795F903B05DF804FB08B5FFF7D5
S21403FFE8F5FF18B1BDE80840F5F7DAB908BD0022F1
S21403FFF84FF6FF701146F5F7DDBA10B50446FFF75E
S214040008E5FF024638B901462046F5F7D3FA003824
S21404001818BF012010BD0120FCE7F8B517460446B2
S2140400280E46FFF7D3FF0546386068B1037903F038
S2140400380303337023B93A68137903F03F03137143
S2140400483B685C882046F8BD01462046FEF751FD0D
S214040058074628B1E8F7D6F8874201D83570F1E79D
S21404006831462046FCF7E4FD0028EBD003234FF680
S214040078FF743370E6E707B501AA0DF10301FFF72D
S214040088CCFF9DF8033053B9019828B1037913F0CF
S214040098300F14BF0120002003B05DF804FB0020D5
S2140400A8FAE72DE9FF410646104688461546F3F753
S2140400B8A3FF0746FEF7D9FA044648BB4FF6FF7374
S2140400C89E4225D09F4206D00146384604B0BDE875
S2140400D8F041EBF761BB07238DF804302B68024622
S2140400E8CDF805306B68092101A8CDF80930FEF76C
S2140400F837F9024618B9192004B0BDE8F08101237F
S21404010841463046F0F7B2FD0028F4D02046F3E71F
S2140401180220F1E72DE9F04390460F4606464FF0D5
S214040128010991B00BA803ADFCF722FA07AC2946DF
S2140401380BA8ADF82C90FCF7B0FB95E80F0084E804
S2140401480F004B46002239463046CDE90048F0F702
S214040158A9FE11B0BDE8F0832DE9F04F002785B05D
S21404016881460C467E2039469846BDF83CB09DF834
S21404017844A0BDF84C500192ADF80E7002F0DAF8BF
S2140401880646002800F0AA8002F060F839467E2267
S214040198DEF72CFB304602F059F80090304602F0A1
S2140401A855F8B9F1FF0F0CBF274644F003073B0A7E
S2140401B814F44062077043705FD14FF00808C31CFC
S2140401C8184642460199DEF763FB034604F44044A6
S2140401D8434484B1790606D419464FEA1B2201F82B
S2140401E802BB5A700B46B4F5004F56D0A4F54042ED
S2140401F854425441E400224618460E99DEF748FB5A
S214040208009A03462044A0EB02085FFA88F89DB1DA
S2140402184FF47C521A53841C284602F017F8834677
S214040228284602F02FF8C5B22A4659462046DEF775
S2140402386DFC60190235EDB2B9F1FF0F2FD05246A6
S214040248109900F8019BDEF761FC08F101015AFADF
S21404025881F129443046E6F751FA0C210022FF00C2
S21404026807F0800710463943FEF73DF8ADF80E0050
S214040278E8B9002005B0BDE8F08FB2F5006F80F845
S21404028803804FEA182880F8048000F1050314BF99
S2140402984FF008084FF0020892E70224ABE708EB91
S2140402A80A0129443046E6F729FA0821D6E73046F3
S2140402B801F0CCFF0446304601F0E4FF0123024671
S2140402C821460DF10E00E6F783FA0028D1D1012164
S2140402D8BDF84820BDF80E0002F004F8BDF80E007C
S2140402E8C8E710B50C46098821B90846F5F766FE2E
S2140402F8208008B1012010BD0220FCE72DE9F04754
S21404030880460F460646002402F1FF39BC4202D254
S21404031819F8015F25B9A6EB080080B2BDE8F08796
S2140403289A46A5F13102012A5AF8041B10D8324617
S214040338322D02F8011B06D10134A4B2A74232D3E7
S2140403480912B21C7170013453461646A4B2DDE78E
S214040358342D0CD10334BC42DDDA0B0A31707370C9
S2140403680B0C090EB370321DF170A4B2EBE7A5F1BD
S2140403783302062A0DD8303DADB22B19BB42CADA71
S2140403882A463046013CDEF783FA15FA84F47219D5
S214040398EBE7A5F14102062A01D8373DECE79D882C
S2140403A803F1080AE9E71646B5E770B50546008876
S2140403B80C4601F067FFA04228880AD201F062FFC3
S2140403C80023221A19462846BDE8704092B2E6F77A
S2140403D8FFB92146E6F792F9002070BD38B5054600
S2140403E801F034FF0446284601F04CFF002201467B
S2140403F82046BDE83840FDF7B3BFF8B516460C46A8
S2140404081D46BDF8187001F021FF0444304601F07B
S2140404181DFF3A4641192046BDE8F840DEF738BACB
S21404042870B50C46013189B20646F6F779FA2146C4
S21404043805463046F6F774FA00EB052080B270BD20
S2140404481FB50123ADF80C2000930A460223014683
S21404045803A802F057FC05B05DF804FB0FB437B5E3
S214040468069D0021A8B201F065FF044601F0EEFEE1
S2140404782CB1002207AB0193D1B28D4205D8204691
S21404048803B0BDE8304004B0704753F8041B8154E9
S2140404980132F1E773B504460D464020002116469E
S2140404A801F048FFADF8060001F0D0FEBDF80630AE
S2140404B813B9002002B070BD402133462A462044B2
S2140404C8FFF71CFF211889B20DF10600FFF76DFF30
S2140404D80028EED1BDF80600ECE70EB403B503AA6F
S2140404E852F8041B0192FFF7D5FF02B05DF804EB3F
S2140404F803B070472DE9F7430F4601218146164697
S21404050801F0DCFE054658B1FFF768FF308088B96D
S214040518284601F0B7FE68B1192003B0BDE8F08399
S214040528484601F0AFFEFF2FA0EB0704E4B214D050
S21404053814B934800020F0E72A4621462846FDF7F9
S2140405480FFF80460028E7D03B464A4629460094D3
S214040558FFF753FFA6F80080ECE70120DDE708B5AF
S214040568FDF7E3FE437803F001001A074CBF10308A
S2140405780830DB0644BF0830C0B21030C0B208BD2D
S21404058810B50C4601F07EFEA04234BF00200120C0
S21404059810BD7FB514460091024641F2092141F682
S2140405A809209DF820601D46002E18BF0146099BA9
S2140405B80020F6F7DDF9ADF80E0010B9002004B0F7
S2140405C870BD01232A4621460DF10E00E6F700F910
S2140405D80028F3D1BDF80E00F1E738B50546FFF755
S2140405E8BEFF0446284601F04DFE631C9BB28342B8
S2140405F80FD82846FDF799FE43785B0707D52146AA
S2140406082846F6F78DF9013004EB4004E4B2204698
S21404061838BD0024FBE71FB5ADF80E0001F032FE26
S2140406280446BDF80E00FFF7D8FF00F10E03DBB250
S214040638BDF80E200146E01A80B200901046FFF777
S214040648DCFEA4F10E0189B20DF10E00FFF7ADFE33
S21404065804B010BD4278034612F0080006D0D2074C
S21404066802D403F10800704703F10900704737B550
S21404067805460C46FDF759FE437813F0100212D0CF
S2140406889CB103F001021B074FF0000329460093B0
S21404069820464FF0080354BF1832203202F032FBCB
S2140406A8012003B030BD1046FBE72046F9E773B5D2
S2140406B805460C46FDF739FE437813F0100211D0B0
S2140406C894B1012603F001021B0729464FF00803DC
S2140406D8204654BF18322032009602F013FB3046E8
S2140406E802B070BD1046FBE72046F9E700F00303A6
S2140406F8012B08D0C30606D400F00C000C2814BF3F
S21404070808200920704702207047034611F00300AA
S21404071805D003F00303022B14BF022003207047FE
S214040728F8B50C46064601F0ADFD631C834202D9B3
S21404073800252846F8BD21463046F6F7F1F8074660
S214040748FFF7D4FF3B060546F3D50444304601F0CC
S21404075899FDA4B2631C9BB28342E9D8214630466D
S214040768F6F7DEF801463846FFF7CFFF2844C5B249
S214040778DFE770B506460D46FFF7D2FF044610B904
S2140407880024204670BD29463046F6F7C9F8820686
S214040798F7D5304601F076FD2544ADB26B1C9BB206
S2140407A88342EDD829463046F6F7BAF800F018031F
S2140407B8082B14BF05340634E4B2830644BF083451
S2140407C8E4B2DEE738B50546FFF707FF044608B97E
S2140407D8002038BD01462846FFF7CBFF0028F7D08F
S2140407E82044C0B2F5E72DE9F04387B005460C4629
S2140407F8FDF79BFD804602F080F907462846FFF77A
S214040808ECFE064601462846FFF78AFF0022034602
S21404081800922946324602A802F074FA9DF8086047
S21404082806F00C030C2B06F003090BD0B9F1010FE4
S21404083859D0F10657D49DF809300DF10A05002061
S214040848637107E0FF230DF10900637102F055F99F
S2140408580DF10B05208198F80130DA0704D508F164
S214040868020002F04AF92081B9F1010F5FFA89F80B
S2140408783DD0F3063BD4284602F03FF96080A81C16
S21404088802F03BF9053515F8013C208023712B78D6
S214040898B006A37206F0400348BF43F020033906A7
S2140408A827D543F40073F80448BF43F48063390536
S2140408B848BF43F400633206E38011D56A7812F021
S2140408C803020DD06FEA43436FEA5343A978B8F19D
S2140408D8020FE3800B4611D1EB7841EA032121810C
S2140408E807B0BDE8F083FF230DF10905A7E7FF234A
S2140408F8CCE77A0648BF43F48073D4E7012A04BFDA
S2140409080B029BB22381EBE7F6F70EBD0BB1F6F7A5
S21404091877BD0AB9F6F7F0BDFF21F6F719BD431CF3
S21404092808BF0020DFF738B8034B5868C0F3080040
S214040938003818BF0120704700ED00E0014B186826
S214040948704700BFD06F0020084B1B6F03F00703E7
S214040958022B04D0032B05D0012B05D0FEE7044B4D
S21404096818687047034BFBE703487047008000503D
S214040978D06F0020D86F0020002D310108B5FFF78E
S214040988E3FF054B1B6FC3F303330133B0FBF3F0EC
S214040998024B186008BD00BF00800050CC6F0020D2
S2140409A80048704700B4C40400487047002D31015D
S2140409B8014B1868704700BFD86F0020014B1868B1
S2140409C8704700BFD46F0020B8B1036813F4E07F03
S2140409D803F03F00C3F382120AD0012A0DD1084B54
S2140409E841B103F58053012282401A600020704703
S2140409F8044BF5E703F50053F5E70E20704700BFF0
S214040A08688000506480005007B500F095FC6A467C
S214040A1800F0F2FC18B14721034801F090FFDDE925
S214040A28000103B05DF804FB133704000229F8B587
S214040A3896BF104B00245C5C012805460E4608D079
S214040A48022809D008B944F002040B4B1F6837B9CA
S214040A58F8BD44F00804F8E744F02004F5E77B689A
S214040A681A68144203D0314628465B6898473F689C
S214040A78EDE700BF32CE04005842002038B5104DCA
S214040A882B78ABB10F4C23781BB100F04FFA002338
S214040A982370002001F066FF0B4C50B100F098FA62
S214040AA80023012120782B70FFF7C0FF0123237051
S214040AB838BD0122054B1A702278054B1A70F7E7E1
S214040AC8A6640020A4640020AC640020A764002068
S214040AD8A86400200E490B78FF2B01D198B1704703
S214040AE80BB990B97047002814BF0122FF2213449B
S214040AF80B7060B1074B1B78012B08D9064B1B7883
S214040B082BB9FFF7BBBF1A46F1E70122EFE7704798
S214040B18AB640020AC640020A764002010B501F084
S214040B287AFE064B04461B781BB1BDE8104001F05C
S214040B386DBEFFF7A3FF2046F7E700BFA3640020B7
S214040B4802282DE9F04147D029480378FF2B41D1E4
S214040B58002941D11A461344DBB2037000293BD05E
S214040B68244E3278012A37D9002B3ED001F053FEA2
S214040B78214F04463B780BB3204D2B781BB9012232
S214040B882A701F4A1370DFF87C8098F8003023B167
S214040B9800F0CCF9002388F80030204601F036FE31
S214040BA8012001F0DFFE01F036FE2B7804461BB167
S214040BB800F00EFA00232B7000233B70204601F049
S214040BC825FE01243078A04206D02146FFF72EFFE2
S214040BD8347001E013B931B9BDE8F081002914BFB7
S214040BE80122FF22B7E70122B5E70224EAE700BF9D
S214040BF8AB640020AC640020A6640020A364002034
S214040C08A7640020A46400202DE9FF47EFF31085AD
S214040C1872B6AFF3008001F07AFF002800F0A480D3
S214040C286B4E6C4F337823B10020FFF753FF002335
S214040C383370387878B903A900F04EFB044650B9E7
S214040C48654B039A1B689A4200F296800120FFF7C8
S214040C5841FF012333703B78002B40F0AB805F4B99
S214040C681B78002B00F0A3804FF002085C4CDFF8DA
S214040C7890912078DFF88CA140450AD0002389F8A3
S214040C8800309AF8003013B94146FFF7CFFE84F8CF
S214040C98008099F800303BB12378022B04D1002356
S214040CA889F8003001F07DFFB8F1020F0FD1DFF8A4
S214040CB82C8198F8003053B94A4B1B7823B900F0B6
S214040CC82FF90122484B1A70012388F8003020783F
S214040CD800F0FEF89AF8003013B1444B1B782370E2
S214040CE8AFF30080284601F038FEEFF3108572B69D
S214040CF83F4B1A7852B100221A703C4B20781B7866
S214040D08984203D101212170FFF790FE394800F07C
S214040D18A3FA01F010FF8046002883D12F4F89F8E4
S214040D2800003B789BB1DFF8C0908AF8000099F879
S214040D3800301BB100F0FAF889F80080002001F0B2
S214040D4811FE002839D000F043F900233B703378AD
S214040D5823B10020FFF7BEFE00233370002120785D
S214040D68FFF764FE00232370AFF30080284604B020
S214040D78BDE8F04701F0F1BD1F4BD3F8008000F042
S214040D8861F9039B80449845BFF460AF00F054F9BA
S214040D988200039942F0020292B2CDE90042234649
S214040DA8164AA1EB0801134801F0DEFD53E700F0EC
S214040DB8A1F859E74FF0010858E7012000F088F831
S214040DC8284601F0CAFDEFF3108572B6B6E700BFF1
S214040DD8A5640020AB64002060420020A6640020BE
S214040DE8AC640020AA640020A4640020A864002040
S214040DF8A1640020644200205C420020250B040005
S214040E08A9640020A764002010B501F004FD0022A0
S214040E18054B1C781A7001F0F9FC00F021FBE4B2CB
S214040E282043C0B210BD00BFA264002038B501F04C
S214040E38F2FC094B05461B78012B04D801F0E6FCA6
S214040E480024204638BD054B1C6800F0FBF8044413
S214040E58284601F0DBFCF4E7AC6400205C42002082
S214040E681649174A0B6F10B503F007031360154AA3
S214040E78154C9269032B02F00200C2F3400222705A
S214040E881AD0D1F8203103F00303022B14D0D1F87A
S214040E98243103F007039C1E634263410B4A137014
S214040EA848B143B9054BD3F8003103F00303591E80
S214040EB84B424B41137010BD0123EFE700800050EE
S214040EC8C042002000C00150B1640020B264002073
S214040ED8012805D00238012808D80020CCF790BD90
S214040EE8034A136923F00403136130BF704700BF35
S214040EF800ED00E0074A0849D2F8203103F003035E
S214040F080B60D2F82431054A03F007031360F7F799
S214040F18C2BF00BF00800050CC420020C842002058
S214040F280122014B1A707047B0640020F8B51F4BB5
S214040F381B78002B39D01E4C2378B3B91D4B9A6DF9
S214040F48D10302D5DA6D92072FD49B6DDB072CD418
S214040F5801F04DFD184B194A1860136F23F0070368
S214040F6843F003031367FFF709FD01F040FD124B36
S214040F78134D1B68134EC01A2B78134F56F82320AC
S214040F8846F82300111A3A681048521A0A213A6099
S214040F980932B2FBF1F20133DBB20260B3FBF1F2C1
S214040FA801FB12332B7000232370F8BDB2640020B3
S214040FB8AF64002000C00050B842002000800050F3
S214040FC8AE640020904200208C4200208842002014
S214040FD808B5F7F763FF124B12491A6F096822F02F
S214040FE807020A431A671049D3F82021096822F031
S214040FF803020A43C3F820210C49D3F824210968BC
S21404100822F007020A43C3F82421094B1B7813B1BC
S2140410180122084B9A62BDE80840FFF7AFBC00BF40
S21404102800800050C0420020CC420020C842002065
S214041038B264002000E00050014B1878704700BFE7
S214041048B2640020054B187818B1054B186800EBF5
S214041058D000044B1B681844704700BFB2640020D5
S21404106888420020BC42002008B5104B1A78C2B14A
S21404107800221A700E4B1A6F22F0070242F0010281
S2140410881A67D3F8202142F00302C3F82021D3F8C4
S214041098242122F0070242F00302C3F82421FFF7B2
S2140410A86DFC0122034B5A6708BD00BFB0640020DC
S2140410B80080005000E000500D490B68A0B10022E3
S2140410C8A3B1834203D1836822B90B6003E01A46AE
S2140410D89B68F5E7936083680BB9002070475A69E4
S2140410E841690A445A61F8E722207047022070478B
S2140410F8D842002010B501F096FC0A4C0A4B196831
S2140411082368C31A09B9206010BD002BFBD04A69AE
S2140411189A423ABF9B1A0022D21A4A6128BF002371
S2140411288968EFE7D4420020D842002038B5154D28
S2140411382B682BB35B69B3B1134A022014681C44AA
S21404114800F088FA204600F047FA00220F492B6878
S2140411580A70012A05D823B1D88880070AD501233E
S2140411680B70002038BD022000F074FA022000F04C
S21404117893FAEAE79B68002BF3D058690244E8E739
S2140411882220EFE7D8420020D4420020B46400208E
S214041198C38870B504460D463BB9FFF747FE85423B
S2140411A8064602D2F8F72FFE35460E4A65611368DE
S2140411B89BB91460A3600FE02D1A986819466561F8
S2140411C8034618B15869A842F6D941B18C60A360A1
S2140411D813B15A69521B5A6170BD0021F2E71460B4
S2140411E8F5E700BFD842002070B516469DF81420CF
S2140411F8C0E903360271049ABDF81830026000226A
S21404120804460D468260C38006BB01F00CFC2844E5
S214041218A0613DB9E368656113B120462168984723
S21404122896B1354601F0F7FA0646FFF763FF2946F6
S2140412382046FFF7ADFF074B1B68A34201D1FFF713
S21404124875FF304601F0E2FA002070BD01F0EBFBB2
S2140412583044DDE7D8420020F8B50546D0B101F0A1
S214041268DAFA0646FFF746FF0B4B28461F68FFF7D1
S21404127823FF044620B1304601F0C8FA2046F8BDDC
S214041288AF42F8D1FFF752FF2228F4D1022000F02B
S214041298EDF9F0E72224F1E7D842002038B50C46E9
S2140412A80546A8B1A1B100230B7001F0C1FA0121CB
S2140412B8084B1B6833B901F0B6FA002038BD9D42C6
S2140412C804D121702278002AF9D0F4E79B68F1E764
S2140412D82220F3E7D8420020F8B506460F4601F068
S2140412E8A7FA00250446124B1B6823B9204601F0CA
S2140412F89AFA1B2011E05A691544DA88B2420DD1CD
S21404130801F091FB0B4E3368C01AA8420AD3002397
S21404131820463B6001F087FA0020F8BDFF2EEFD088
S2140413289B68E2E701F07FFB33682B441B1AEFE760
S214041338D8420020D442002070B501F079FA064657
S21404134801F071FB084B044601201D6801F05BFBA5
S21404135818B101F068FB04460135304601F063FA1B
S2140413682046294670BD00BFE0420020014B18689D
S214041378704700BFDC420020F8B50C4B05461B68D6
S2140413880E4683420FD3002440F2E7302146084B2A
S2140413984FF47A721F680023E5FB0701DCF7BAFEF0
S2140413A830602046F8BD2120FCE700BFD04200206C
S2140413B8DC4200200F4B10B51A689AB14FF47A71C4
S2140413C8531E1342A0FB01010ED1B2FA82F2C2F1F7
S2140413D81F04531CD243E04001FA03F3184321FACE
S2140413E802F20243104610BD0023DCF793FE0246C1
S2140413F8F8E700BFDC42002038B5164B1446834293
S214041408154B8B4123D3154B1A6802B34FF47A75E0
S214041418A0FB050305FB0131531E134211D1B2FA92
S21404142882F3C3F11F055A1CDB4301FA02F2E840B3
S21404143821FA03F310431843E940C4E900010020E5
S21404144838BD0023DCF766FEC4E90001F7E721206F
S214041458F6E700BFEFA7C64B37894100DC420020F9
S21404146810B501F0E5F9034B1C7801F0DCF9E4B299
S214041478204610BDB364002008B5084B1B7803F05B
S214041488FF004BB101F0B3FA054B1B689B69C01A01
S21404149802288CBF0020012008BD00BFB4640020C9
S2140414A8D8420020C2072DE9F843044607D5474A20
S2140414B8136801331360FFF71DFEFFF737FEA30713
S2140414C840F1818001F0B4F94FF00008054646461D
S2140414D8FFF710FE3E4F3C680CB16369A3B10022C7
S2140414E83C4B012E1A7003D118F0020F18BF1E7059
S2140414F8FFF71CFE222802D1022000F0B7F828467F
S214041508BDE8F84301F08FB923465A693AB91A79FF
S2140415182179914288BF1C469B68002BF5D1284642
S21404152801F081F9D4F81080B8F1000F3FD001F02B
S2140415387AFAA269851AEB17454573F1000337DB77
S21404154823691344A36101232269CAB1C3B9A38BCF
S214041558B8EB050833B1E28B13449BB2B3F57A7F34
S2140415681CD2E38301F064F9054641462046FFF79A
S2140415780FFEA369226928461344A36101F053F9B0
S214041588E36813B1204621689847B4F8068001F04A
S2140415984FF901360546FFF7ADFD9CE7A3F57A73C8
S2140415A8E383A36918F1FF38013BA361DAE74546EC
S2140415B801F03EF981462046FFF77EFD484601F0D5
S2140415C832F90023C0E7BDE8F88300BFE0420020F4
S2140415D8D8420020B364002010B5044601F01BF975
S2140415E84FF0B042936A1907FCD4136A116C526917
S2140415F8520604D4CA1A032A01D899420ED1E21A0A
S214041608022A98BFDC1CB4F1FF3F38BF013C4FF0F8
S214041618B04340221C6403F580539A6101F0F6F83F
S214041628054A13783BB14FF0B041CB6B43F0020345
S214041638CB630023137010BD7E75002007B5044BDA
S21404164801A9187901F010F9019803B05DF804FBB4
S2140416587CCC040000F001038207034A48BF43F029
S21404166840039361704700BF00100058820700F0DB
S21404167801030AD50121064A43F0400311704FF0CE
S214041688B041CA6B22F00302CA63024A93617047E8
S2140416987E75002000200058830742BF4022014B75
S2140416A85A6170470010005873B502AB164603E932
S2140416B80600044600F052FF0546204600F05EFF8A
S2140416C89DF800208DB1202C33780ED8012B2ED807
S2140416D84FF6FF752D4803EB4313234430F81310D5
S2140416E8A94202D0013120F81310294B294E33F8A9
S2140416F8141036F81400814232D34FF6FF75A94207
S2140417084FF0010502D0013123F8141004F0FD014E
S214041718092927D1998AB68A0A44B242B4BF9A825A
S2140417289E8233F81430834227D202B070BD022B4F
S214041738DBD14FF6FF704FF6FF75144B33F81410D1
S214041748814218BF013104F1210018BF23F8141090
S21404175833F81010A9421CBF013123F81010C4E74F
S2140417680025D0E71D2CDCD1598F8E18864203DA63
S21404177801390A445A87D4E75887002DD5D120461C
S21404178802B0BDE8704001F069B900BF205E0020D1
S214041798F85E0020A45E002038B50D46044601F025
S2140417A847F8064A13889BB22DB123431380BDE835
S2140417B8384001F038B823EA0403F7E7E662002065
S2140417C80022034B01214FF480701A70FFF7E4BF20
S2140417D8E56A002008B5054B1868FCF7DDFA00F042
S2140417E80300C31E5842584108BD00BF985900203C
S2140417F838B5044601F0D0F90C4B05461978187923
S21404180881420FD0631E082B0CD8DFE803F0050DC1
S2140418180B0D0B0D0D0D0D0000220146044B186828
S214041828FCF7B8FA284638BD0022F7E7AC7500205E
S2140418389859002038B54FF0FF300C46FFF76FF87C
S2140418480A4B05461868FFF76AF8641B241A20B280
S21404185810F1630F06DB10F1240F05DA64308000FC
S214041868C0B238BD0020FCE7FF20FAE798590020EC
S21404187808B5134B1B78062B04D040F621011148F3
S21404188801F05DF8104B1B881B0704D440F62201B0
S2140418980C4801F054F80D4B2A201978FFF7A8FFD6
S2140418A800210820FFF778FF0222094B1A70094B1B
S2140418B81868E3F7B3F8BDE8084001F0BCB800BF01
S2140418C8E56A002021C90400E6620020E26A0020D6
S2140418D8DE7500209859002010B50E4C236823B9ED
S2140418E840F6A3410C4801F02AF82068013001F0BC
S2140418F804F900F0070003280AD124680922012104
S214041908204600F0E3FB205C031F5842584110BDF4
S2140419180020FCE78859002021C9040038B50C4685
S21404192840B100210420FFF737FF01F084F8012CAA
S2140419381DD038BD244B1B889B07F6D50129234A9E
S2140419482FD1117869B30139C9B2117011B92020A1
S214041958FFF722FF00210220FFF71EFF04221C4B7C
S21404196800211C481A7000F05DFD01F064F81A4C5A
S2140419782068013001F0C1F800F44060B0F5006F4B
S2140419881FD1246801210422204600F09FFB20442E
S21404199801F0B3F80146BDE838400022202001F0E3
S2140419A875B800210D4D02201170FFF7F5FE2B784F
S2140419B8FF2B04D040F29961094800F0C0FF2C7050
S2140419C8B3E74FF6FF71E6E7E6620020E46A002014
S2140419D8E56A0020E072002088590020DF750020A0
S2140419E821C9040038B5134C05462388580709D579
S2140419F8FFF7F0FE01460720FFF7FAFEFF21012055
S214041A08FFF78CFF238899070BD50B4B28461978C4
S214041A188A1F51425141FFF7EBFE01210020FFF7D0
S214041A287DFF23881B0703D5BDE83840FFF720BF92
S214041A3838BD00BFE6620020E56A0020F7B5124C00
S214041A48D4E9006586EA020C85EA03070CEA000C6A
S214041A580F405CEA070E15D086EA0C067D40C4E9FA
S214041A680065CDE900230B46084902460868FCF7DA
S214041A789AFA38B14FF4FD71054803B0BDE8F04052
S214041A8800F05DBF03B0F0BD58160020985900203A
S214041A9821C9040008B50A4B1B88DB0604D440F6A3
S214041AA84701084800F04BFF00211020FFF774FE9A
S214041AB8002000F06BFBBDE8084000F0BCBF00BF88
S214041AC8E662002021C904002DE9F04F5706804637
S214041AD814461D4691B005D5FFF77CFE0146012045
S214041AE8FFF786FEEE0403D500212D20FFF780FEBF
S214041AF8A00224D54046FCF7D3FA0146F8B940209C
S214041B08FFF74AFE40460AA9FBF7CBFDB8B99DF88D
S214041B183030022B40F0D980BDF8280000F0B6FD1E
S214041B28FF2808D14046FBF7BAFD40B901214020FA
S214041B38FFF732FE03E000F0C3FD0028F2D1A1034C
S214041B4805D5FFF747FE01460320FFF751FEE201DD
S214041B5804F0807640F1C080854B1B889B072DD502
S214041B68844E3068FBF732FD40BB834B834F1870B6
S214041B783B78FF2B04D040F25761814800F0DFFE23
S214041B884FF0000900210220FFF706FE87F80090B0
S214041B987C4F3B78062B07D101210820FFF7FCFD74
S214041BA849462820FFF724FE3B78052B06D100215A
S214041BB82B20FFF71DFE3068E2F730FF00F03BFFEE
S214041BC8220717D56B4F0321386805AAFBF718FDBB
S214041BD8064620B940F2C961694800F0B0FE9DF88F
S214041BE81430072B00F0D080FFF7F4FD01460420DC
S214041BF8FFF7FEFDE10505D5FFF7ECFD01460420D9
S214041C08FFF7F6FD14F4863F05D0FFF7E3FD01461B
S214041C180220FFF7EDFDA20113D5FFF7DBFD014611
S214041C280820FFF7E5FD00210420FFF7B5FD554B16
S214041C381B78012B03D14F4B1868E2F7EFFE00F030
S214041C48FAFE14F0084F09D0FFF7C4FD0146072032
S214041C58FFF7CEFDFF210120FFF760FEA30009D59C
S214041C68FFF7B8FD01460620FFF7C2FDFF21012055
S214041C78FFF754FEA70705D53D4B1B881E0701D55D
S214041C88FFF7F6FD6C0603D500210A20FFF7B0FD22
S214041C98280602D50120FCF715FAE90540F18581E6
S214041CA840460AAA05A9FCF773F89DF81430222BB7
S214041CB800F06D8100F28281152B40F26A8140F6AD
S214041CC80A112F4800F03BFE6FE1032B7FF437AF71
S214041CD80AA801F000F830E705F0020756EA0703F9
S214041CE80DD0284B26201978A1F1060EDEF1000146
S214041CF841EB0E01FFF77CFD0121304611E004F0AC
S214041D08805656EA07030FD01E4B26201978A1F1F1
S214041D18060CDCF1000141EB0C01FFF769FD02211A
S214041D283846FFF7FBFD4BE704F0884151EA060303
S214041D3809D0144B272019788F1F79427941FFF769
S214041D4857FD0221D9E705F008030B4302D02320E8
S214041D58FFF74EFD680703D500212420FFF748FD4A
S214041D68E9077FF52DAF00212520FFF741FD27E77A
S214041D78E662002098590020E46A0020DF750020F7
S214041D8821C90400E56A0020314638680AAAFBF728
S214041D983DFC20B14FF4DA619E4800F0D0FDBDF852
S214041DA81630386802330AA9ADF82C30FBF730FC35
S214041DB820B140F2DF61974800F0C1FD002300938C
S214041DC831460423386804AAFBF724FC042804D004
S214041DD840F2E4618F4800F0B2FDDFF8589299F8B3
S214041DE80030C3BB0DF1110000F087FE00F00700B9
S214041DF8022830D1FFF7EEFC01460920FFF7F8FC6D
S214041E08854B1B78062B23D1844B9DF813201B780F
S214041E189A421DD19DF8353023B940F2FA617D48BF
S214041E2800F08DFD0DF1110000F067FEC0F30016FA
S214041E3831462920FFF7DCFC00210820FFF7ACFC1C
S214041E48774B1E70FFF748FD10B93868E2F7E6FDD1
S214041E5800F0F1FDCEE6BDF816000121083080B288
S214041E6800F068FA039030B9FFF7B4FC0146042082
S214041E78FFF7BEFCECE700F0E9F905AA01460646BA
S214041E883868FBF7CFFB99F800A0BAF1000F22D107
S214041E9806F1010B584600F030FE83065AD538681A
S214041EA8FCF7FEF80746FFF795FC05370146F8B237
S214041EB8FFF79EFC584600F020FE00F007000328B3
S214041EC8584F2DD001210420FFF766FC4FF0FF3051
S214041ED8FBF7C7FB386000225349BDF8163009786B
S214041EE8F718F1549DF83630BB709DF83730FB7000
S214041EF80A9B190E3971190C7971FB71190A99F82C
S214041F080030B97123B9737892B343F02003737021
S214041F18002000F069F97870039800F071FA97E7E2
S214041F2801210922304600F0D1F8305C012104284A
S214041F38C9D1FFF731FC4FF0FF30FBF792FB3B4B60
S214041F4838601B885806C6D551464020FFF724FC3F
S214041F580122C1E7FFF73EFC01460920FFF748FCCB
S214041F682D4B1B78012BB6D13868E2F757FDB2E73C
S214041F7823F02003CBE701227E33DBB202FA03F315
S214041F8813F00A1F31D113F0011F3FF498AE27202F
S214041F982CE0012202FA03F3254A1A402ABB13F05E
S214041FA8041FF4D1DA077FF58AAEAB052FD50121D5
S214041FB8802011B0BDE8F04FFFF7EEBB652B1AD8AA
S214041FC8622B12D8452B0CD8422B0ED8352B06D8A4
S214041FD8322B0AD8252B08D9322BD8D06FE6422BB9
S214041FE8FBE7552B05D8522BF7D92620FFF7FAFC22
S214041FF8DBE7622BF1E7952B3FF661AE812BBAD867
S214042008722BC4D0733B022B3FF659AEEDE711B0E2
S214042018BDE8F08F21C90400E56A0020E16A0020C3
S214042028DE75002084590020E0750020E662002052
S2140420383A003800E86A0020024B1878B0FA80F0B4
S21404204840097047E56A002008B5064B4FF0FF3193
S2140420581868FBF7C3FE0028B8BF033040F38700B0
S21404206808BD00BF9859002008B5074B1868FBF749
S2140420782FFF30B1054BB3FBF0F083B20BB1184613
S21404208808BD0120FCE700BF9859002040420F0015
S21404209838B510200C460121FFF77EFB064B1D6859
S2140420A8FFF7E2FF012200FB04F1044B2846FBF786
S2140420B87AFE002038BD00BF985900209D1A0400F7
S2140420C8014800F03CBC00BF3BC90400032A70B5B5
S2140420D8144602D82C4B985C70BD81F0010519B9DA
S2140420E80D2A07D1FF20F7E70D2A03D10078053813
S2140420F8C0B2F1E7084400F000FDC5F1040110F48D
S21404210840660246C9B209D1042C0846E4D0052C18
S21404211816D112F0400F18BF0846DDE7C5F10603CE
S214042128042CD8B2D8D0B6F5006F03D1C5F108058B
S214042138E8B2ECE7B6F5406FE9D1C5F10E05F7E766
S21404214812F4404107D1062CC6D0072CC4D0082C5C
S21404215813D10130CCE755065CBF831CD8B2062CD5
S214042168BAD0B1F5004F02D1831CD8B2EDE7B1F569
S214042178404FEAD100F10803F7E7130744BF0530D8
S214042188C0B20C2CA8D9ADE7F82B0500AC2370B563
S214042198094C054603FB00435E6D26B940F2FD3143
S2140421A8064800F0CCFBAC2303FB05440023636518
S2140421B83346BDE8704018479C59002078C9040087
S2140421C810B40C461146AC22064B02FB0033586D7D
S2140421D820B95C655DF8044BFFF75ABF02205DF82A
S2140421E8044B70479C590020AC22034B02FB003377
S2140421F893F8A800704700BF9C59002028B1034BE9
S2140422081B68C01A4010013080B270475C5A002020
S21404221830B1044B00F100401B68013803EB400062
S214042228704700BF5C5A0020064B1B68834206D8DA
S214042238054B1B68834294BF00200120704700208A
S214042248704700BF5C5A0020585A002010B5044650
S21404225808B9002010BD00F0B1FC20B940F2CD4109
S214042268074800F06CFB2046FFF7D2FF0028F0D0A2
S2140422780388DB0B14BFD0F80A000830EAE700BF6F
S2140422884FC9040010B508B9002010BDFFF7C0FFF9
S214042298044600F08AFC20B94FF49D61064800F015
S2140422A84EFB002CF0D02388DB0B0ABF60882089FD
S2140422B8C0F30C00E9E700BF4FC9040038B5FFF7C0
S2140422C8A7FF0D46044650B100F06FFC20B940F253
S2140422D84151034800F033FB023534F8150038BD85
S2140422E84FC9040070B5FFF793FF0C46164605461B
S2140422F8B0B100F05AFC20B940F24D510C4800F039
S2140423081EFB3046FFF784FF00F04FFC20B940F26E
S2140423184E51074800F013FB023425F8146070BDCC
S21404232840F25251BDE87040014800F008BB00BFB7
S2140423384FC904002DE9F8430746884600F0A1FB78
S21404234820B940F28E512A4800F0F9FAFC1CA40879
S214042358284B64000434B7F5005F1E68A4B204D39F
S21404236840F29551224800F0EAFA00F061FA224950
S21404237881460B687BB9214B1D68761BC6F34F064E
S214042388B44227D90025484600F04DFA2846BDE849
S214042398F843FFF733BFB8F1000F11D0174A156892
S2140423A85A1BC2F34F029442ECD81448620005EB59
S2140423B844040460B8F1000F0FD113440B600CE01A
S2140423C8F61AC6F34F0676B940F2A651084800F046
S2140423D8B6FAD7E705EB44041C6000236F80AB808D
S2140423E8EB802B80CFE7B442CCD8044A1568DCE7E8
S2140423F84FC90400605A0020485A0020585A002042
S21404240838B5054600F014FA04462946044800225E
S21404241800F0E1FB2046BDE8384000F004BA00BFEF
S214042428EC62002082684B4B2DE9F0419A42044640
S2140424380E46056815D121B140F21311464800F03E
S2140424487EFA00F0F5F923691BB92B682BB92461C9
S2140424582C60BDE8F04100F0E6B91A6922611C61F7
S214042468F6E700F065FA8046FEF75EFA20B14FF408
S2140424789571394800F063FA6FF000439E4221696B
S2140424884BD22B7B08EB0602002B4DD0AB6893424D
S2140424984AD1531C002949D06169994242D01EB9D1
S2140424A8521AB2F1004F3DD9636123696E689C42A3
S2140424B803D19D21284800F042FA2F460023B4424F
S2140424C80BD0002B41D172696169891AB1F1004FAA
S2140424D832D83269374694422CD12269BD420CBFA1
S2140424E86A603A617BB92669B44203D1B8211A48AE
S2140424F800F025FA3B46012E05D062697169521A26
S214042508B2F1004F23D99D420BBF6B681A69236149
S21404251822610CBF6C601C6104E0434431B16269FB
S2140425289342C1D1BDE8F0811346B3E76A682261D5
S2140425386C60B9E71646C6E7A8EB0202B2F1004F8C
S214042548C7D93B4637463669B9E71F46F9E73346DF
S2140425583669D0E7FD68020063C904000823064A02
S21404256812F8011B814205D0013B13F0FF03F7D193
S2140425781846704701207047A92C05000823064A08
S21404258812F8011B814205D0013B13F0FF03F7D173
S2140425981846704701207047A12C050010B508227C
S2140425A807490446DCF76EFCB0FA80F04FF6FF7372
S2140425B82289400940009A4208BF40F0010010BD35
S2140425C8BA2C050030B504460D4685B002B9084A4B
S2140425D81068516801AB03C301AB03CB20602046E7
S2140425E8ADF80C501B886160238105B030BD00BF70
S2140425F8F7520400002270B50A4B1C780A4BD5B271
S214042608AC4202D800200C7008E01E8801328642CC
S21404261805D30D701B881B1A5842584170BD1233D7
S214042628EDE700BF5F6A0020A4600020F8B5154BEC
S21404263804461D680E46E5B1134B1F78874218D921
S21404264800EB400305EBC30526B92B69DA0712D459
S2140426582046F8BD08223146281DDCF713FC50B97D
S2140426682B69DB07F4D40134E4B2A74205F1180554
S214042678F0D1FF24ECE70134E4B2A74205F11805CB
S214042688E2D1F6E7C45A0020FE7500200A4B01463C
S2140426981B6830B52BB1094A14780022D0B284429C
S2140426A801D8FF2030BD5D888D4202D11D69ED0733
S2140426B8F8D401321833F1E7C45A0020FE75002016
S2140426C80F4A03461068D0B10E4A12789A4215D9B2
S2140426D819B203EB430300EBC300036913F00100CC
S2140426E80DD0094A126832F8112002F4E2622AB9B7
S2140426F813F00C0F14BF0120002070470120704708
S214042708C45A0020FE750020C05A0020094B1B68D6
S2140427186BB1094A1278824209D900EB4000C2001C
S21404272803EBC0000169C90701D5985C7047FF2010
S214042738704700BFC45A0020FE7500200C4A0346A2
S214042748106890B10B4A12789A420DD903EB4303EA
S21404275800EBC300D0E9043213F001004FF0000187
S21404276804D018461146704700200146704700BF3B
S214042778C45A0020FE75002010B5164B187860B1B0
S214042788154C2368CBB14FF4707200201349FFF739
S21404279817FD2368013B236010BDFFF755FC10495D
S2140427A8104A91F90040136884420B4C03F1010364
S2140427B813602368B8BF087053B90B4800F033FA9F
S2140427C80028E9D1BDE8104001460748FFF72ABEAD
S2140427D80822DAE7446B0020E05A00208127040028
S2140427E83F6B0020D85A0020EC740020054B1B6869
S2140427F82BB9054B1868003818BF0120704701200C
S214042808704700BFD05A0020CC5A002010B962B6D0
S214042818BFF36F8F7047EFF3108072B6704730239C
S21404282883F31188704780F31188BFF36F8F70475E
S214042838EFF31180302383F3118870470020704724
S2140428484FF4004070474FF47A707047012241787D
S21404285803788A4030214B4341F2100103F1A04328
S21404286803F570335A50704709B100F008B82220AF
S21404287870470121FEF7A8B80021FEF7A5B870B581
S21404288806460D46FFF7D4FF04461D2E48D8DFE853
S21404289806F00F18471D20234726292C47472F32B2
S2140428A8473538473B473E474744474747474741E6
S2140428B8FEF74AF8002628602046FFF7B4FF30469D
S2140428C870BD4FF4C070CAF707FDF3E74FF42070E5
S2140428D8F9E74FF44070F6E74FF46070F3E74FF407
S2140428E80070F0E74FF48060EDE74FF49060EAE795
S2140428F84FF4C060E7E74FF4F060E4E74FF4B060E5
S214042908E1E74FF4D060DEE74FF4E060DBE74FF42E
S214042918A060D8E74FF48070D5E74FF40860D2E794
S21404292800202126C7E708B5FEF76EF880B208BD72
S21404293808B5FEF769F808BD704742DE704738B533
S21404294804460D4600F008F8FFF769FF29462046B6
S214042958BDE83840FFF7F1BF704710B962B6BFF359
S2140429686F8F7047012070472DE9FF410D461646C4
S2140429781F460446A8B14FF00008C0F81C80FEF7AE
S2140429886BFCBDF82C30424602939DF82830294645
S214042998CDE9007320463346FEF726FC04B0BDE8AE
S2140429A8F0812220FAE7F0B51F46002387B00D46CB
S2140429B8164604468DF81730A8B1C3610DF1170101
S2140429C8FEF76CFC9DF817207AB9BDF83430294612
S2140429D802939DF830302046CDE900733346FEF75F
S2140429E803FC07B0F0BD2220FBE70320F9E738B55F
S2140429F8FFF71EFF054600F016F804462846FFF7BC
S214042A0812FF204638BD4FF0B04301285B6904D056
S214042A18022805D1C3F38010704703F001007047FD
S214042A280020704770474FF0B0439A6A1207FCD4E8
S214042A38186A7047704708B5FFF7FCFF00F01DF8E2
S214042A4808BD10B5FFF7E7FE012104460846FEF761
S214042A5877F82046BDE81040FFF7D8BE10B5044600
S214042A6800F012F82046FAF73AFD2046F7F739FD43
S214042A78BDE81040F9F7F0B8704708B5FFF7FCFF53
S214042A8808BD0120704770470020704730B589B0EC
S214042A980446ADF806108DF81020FFF75FFD0546CE
S214042AA82046FFF76BFD03469DB1BDF80600ABB99B
S214042AB800F0BEF8FF2808BF00200DF10F038DF8BC
S214042AC80F001A46204604990593FEF7EDFD09B053
S214042AD830BD0028F5D00DF10603F2E700F0A8F89B
S214042AE8FF2808BF0020BDF806308DF80F00ADF8A3
S214042AF81A308DF8180006ABE3E7008870470170B3
S214042B08090A41707047012070470120704738B59C
S214042B18DAF7A0FD0446CFF7FBFE051E18BF2546C8
S214042B28CFF7C8FF041E18BF2C46FFF7ECFF002893
S214042B3818BF204638BD38B5FEF766F90446F6F7DA
S214042B4886FE04281ED002284FF0000508BF01247C
S214042B58F7F796FD042817D0022808BF0124F7F7CC
S214042B68AEFA042812D0022808BF0124FFF7CDFFC6
S214042B7804280DD0022808BF0124002D18BF0024FD
S214042B88204638BD0125E3E70125E8E70125EDE7FA
S214042B980024F5E7FF20704708B5FFF7FBFF002081
S214042BA808BD02210120DCF797BB08B520B1FFF762
S214042BB83BFB00F0010008BD0120FAE708B5FFF763
S214042BC827FBBDE80840FFF7F0BF008810B1C9B27C
S214042BD8FFF774BB70472DE9F041B0F8008006464D
S214042BE80C46D5B2B8F1000F11D029464046FFF777
S214042BF865FB2246074629464046FFF773FB3A46D6
S214042C0829462046FFF76EFB3480BDE8F0810F4660
S214042C18F5E703461B8808468B4202D00021FFF7D7
S214042C284DBB002070470069003818BF0120704764
S214042C3800207047F8B506460D46FFF7AFFC032894
S214042C48044621D02846FFF7A9FC032807461BD0CC
S214042C5810F0020318D1A0070DD5F90716D40123DE
S214042C683C43E20704D431892A89914218BF0023D9
S214042C7803F00100F8BD082229463046DCF702F9BD
S214042C88B0FA80F35B09EBE70020F3E71846F1E7B0
S214042C9870B50D4600210646FFF797FF044630B187
S214042CA8FFF7D4FA01462846FFF7C4FF08B12046C2
S214042CB870BD21463046FFF7ACFFEFE707B50DF1C8
S214042CC80701FFF797FC20B19DF8070003B05DF8ED
S214042CD804FBFF20FAE708B500F009F8FF2804D03B
S214042CE8FFF72CFDC0F3C00008BD0120FCE7014631
S214042CF80020FFF79BBC08B5FFF7C8FCFF3818BFD1
S214042D08012008BD2DE9F8430746084615468846B7
S214042D181C469DF82090FFF799FA4619A4B19EB16F
S214042D284046FFF7AFFA254485420FDC2246B9F140
S214042D38000F06D131463846DBF7AAFD0020BDE869
S214042D48F88339463046F7E72120F8E71D20F6E7EA
S214042D580000000000000000F8B500BFF8BC08BC7E
S214042D689E467047F8B500BFF8BC08BC9E46704738
S214042D785FF800F0456D00205FF800F0E56B002072
S214042D885FF800F09D6C002049676E6F72696E6785
S214042D98204D4355206C65617665207265717565AE
S214042DA873743A20616C7265616479206A6F696E1F
S214042DB865640D0A004D4355206C6561766520727E
S214042DC8657175657374207768696C6520756E6AB5
S214042DD86F696E65643A2072657374617274696E9D
S214042DE867207374656572696E670D0A00446576B4
S214042DF86963652074797065206368616E67652009
S214042E0864657465637465643A202564202D3E20E1
S214042E1825640D0A005072657373206465746563CF
S214042E287465640D0A004D756C7469207072657358
S214042E38732064657465637465643A2025640D0AB2
S214042E480052656C656173652064657465637465B2
S214042E58640D0A004C6F6E67207072657373206485
S214042E68657465637465640D0A0072656C61795FE0
S214042E7873746172745F6C61746368696E675F709B
S214042E88756C73653A20616E6F7468657220707528
S214042E986C7365206973206163746976650D0A002E
S214042EA872656C61795F6F6E0D0A0072656C617984
S214042EB85F6F66660D0A0072656C61795F746F678A
S214042EC8676C650D0A0057726974696E6720636FCC
S214042ED86E66696720746F206E763A2025730D0A2D
S214042EE80053697A653A2025640D0A004661696CC0
S214042EF8656420746F207772697465204445564962
S214042F0843455F434F4E4649475F44415441207406
S214042F186F204E562C207374617475733A2025649A
S214042F282E202862797465733A202564290D0A00D0
S214042F3873756363657373210D0A004661696C656E
S214042F486420746F2072656164204E565F49544548
S214042F584D5F4445564943455F434F4E4649472CC3
S214042F68207573696E672064656661756C74206382
S214042F786F6E66696720696E73746561642C207366
S214042F8874617475733A2025642E202862797465F2
S214042F98733A202564290D0A005573696E67206301
S214042FA86F6E6669673A20256420636861727320C9
S214042FB866726F6D0D0A25730D0A00736F6E6F6661
S214042FC8663B5A424D494E494C322D637573746FAD
S214042FD86D3B424130753B4C4335693B534136752E
S214042FE83B52413541343B0057726974696E672019
S214042FF8647020636F6E66696720746F206E763A15
S2140430082025730D0A004661696C656420746F2078
S21404301877726974652044505F434F4E464947208B
S214043028746F204E562C207374617475733A202579
S214043038642E202862797465733A202564290D0A5B
S214043048005573696E6720647020636F6E666967DF
S2140430583A2025642063686172732066726F6D0D6A
S2140430680A25730D0A0057726974696E67206465C9
S2140430787669636520636F6E666967206578742071
S214043088746F206E763A2025730D0A004661696CC3
S214043098656420746F2077726974652044455649C0
S2140430A843455F434F4E4649475F45585420746F1F
S2140430B8204E562C207374617475733A2025642E3A
S2140430C8202862797465733A202564290D0A005508
S2140430D873696E672064657669636520636F6E66D8
S2140430E86967206578743A2025642063686172737A
S2140430F82066726F6D0D0A25730D0A00646576697D
S21404310863655F636F6E6669675F6578742074725B
S214043118756E63617465643A202564206F6620259D
S2140431286420627974657320646964206E6F742001
S2140431386669740D0A004E6574776F726B20737433
S21404314861747573206368616E67656420746F20A4
S21404315825640D0A004D616E756661637475726543
S2140431687220746F6F206269670D0A004D6F64657C
S2140431786C20746F6F206269670D0A00546F6F20A5
S2140431886D616E792072656C6179732C2069676E3F
S2140431986F72696E672025730D0A00496E69746933
S2140431A8616C697A696E67205A6967626565207713
S2140431B86974682025642073776974636865732C5A
S2140431C82025642072656C6179732C20256420643C
S2140431D8696D6D6572732C20256420636F7665723D
S2140431E82073776974636865732C20256420636F7D
S2140431F8766572730D0A00436F6E666967207061A0
S21404320872736564207375636365737366756C6C33
S214043218790D0A00726561642076657273696F6E4B
S21404322820666F726D206E6577206C6F63617469B3
S2140432386F6E0D0A004661696C656420746F2077AA
S21404324872697465206C6173745365656E5665722D
S21404325873696F6E20746F204E562C2073743A2050
S21404326825640D0A004F6C642076657273696F6E68
S2140432783A2025640D0A0043757272656E742076CA
S214043288657273696F6E3A2025640D0A00524553B9
S214043298455420414C4C210D0A0068616C5F6770E8
S2140432A8696F5F63616C6C6261636B3A20657874FE
S2140432B869206C696E6520256C6420737461747566
S2140432C87320256C750D0A0068616C5F6770696FFA
S2140432D85F63616C6C6261636B3A206E6F20667222
S2140432E865652045585449206C696E65730D0A0057
S2140432F82F686F6D652F72756E6E65722F776F7295
S2140433086B2F747579612D7A69676265652D737795
S214043318697463682F747579612D7A69676265655F
S2140433282D7377697463682F73696C6162735F744D
S2140433386F6F6C732F73696D706C69636974795FEA
S21404334873646B2F2E2E2F2E2E2F7372632F736992
S2140433586C6162732F68616C2F7A69676265652E83
S214043368630044726F7070696E67206F6C64204FD8
S214043378544120696D6167652C2063757272656EA9
S21404338874206F66667365743A20256C750A005552
S2140433986E6B6E6F776E20636F76657220636F6DE3
S2140433A86D616E643A2025640D0A00556E6B6E6F67
S2140433B8776E20636D642025640D0A004275747464
S2140433C86F6E2070726573732064657465637465C4
S2140433D8642C20627574206E6F20627574746F6E28
S2140433E820697320707265737365640D0A004275EC
S2140433F874746F6E206C6F6E6720707265737320BA
S21404340864657465637465642C20627574206E6FD5
S21404341820627574746F6E206973206C6F6E6720F3
S214043428707265737365640D0A004E6F20636F7659
S21404343865722073776974636820636F6E6669675C
S21404344820696E204E562C207573696E6720646555
S2140434586661756C74730D0A0064705F61747472C7
S2140434683A2062616420656E74727920617420253E
S214043478640D0A0064705F617474723A20256420CF
S214043488617474726962757465287329206D617035
S2140434987065640D0A0041747472696275746520F7
S2140434A86368616E6765642C2065703A2025642C11
S2140434B820636C75737465723A2025642C206174D5
S2140434C874723A2025640D0A00556E6B6E6F776E1B
S2140434D8204C6576656C4374726C20636F6D6D6101
S2140434E86E643A2025640D0A00556E6B6E6F776E0F
S2140434F8204F6E4F666620636F6D6D616E643A206A
S21404350825640D0A00496E64657820617420777214
S21404351869746520617474723A2025640D0A004E35
S2140435286F2073776974636820636F6E66696720B3
S214043538696E204E562C207573696E67206465661E
S21404354861756C74730D0A00496E76616C69642043
S21404355872656C61795F696E646578202564206994
S2140435686E204E562C20726573657474696E6720D7
S214043578746F2064656661756C740D0A00436C6F1D
S214043588636B207365742066726F6D20636F6F7249
S21404359864696E61746F723A2025750D0A00536566
S2140435A8636F6E64617279204D4355206C696E6B47
S2140435B820737475636B2C207265696E697469610F
S2140435C86C6973696E6720554152540D0A003E2093
S2140435D800556E6B6E6F776E206572726F72004957
S2140435E86E70757420627566666572206973204607
S2140435F8554C4C004D6178696D756D206E756D621D
S2140436086572206F6620617267756D656E747320C7
S21404361865786365656465640054686520617267E7
S214043628756D656E74206973206E6F7420666F728C
S2140436386D617474656420636F72726563746C7903
S21404364800496E636F727265637420617267756D84
S214043658656E74207479706500496E636F7272655E
S2140436686374206E756D626572206F66206172677A
S214043678756D656E7473004E6F20636F6D6D616E45
S2140436886420666F756E640075696E7438006164CC
S214043698646974696F6E616C002A00756E6B6E6F70
S2140436A8776E0077696C6463617264006865786F26
S2140436B8707400737472696E676F70740075696EDF
S2140436C87433326F70740075696E7431366F707443
S2140436D80075696E74386F70740068657800737462
S2140436E872696E670075696E7431360075696E7432
S2140436F83332002E2E2E200068656C70000A25735F
S2140437080A257325730025732008002F686F6D65D6
S2140437182F72756E6E65722F776F726B2F7475794C
S214043728612D7A69676265652D7377697463682F96
S214043738747579612D7A69676265652D737769741E
S21404374863682F73696C6162735F746F6F6C732F31
S21404375873696D706C69636974795F73646B2F70D1
S2140437686C6174666F726D2F736572766963652F04
S2140437786C65676163795F68616C2F7372632F6227
S2140437886173652D7265706C6163656D656E742E04
S21404379863002F686F6D652F72756E6E65722F776E
S2140437A86F726B2F747579612D7A69676265652DFA
S2140437B87377697463682F747579612D7A6967629B
S2140437C865652D7377697463682F73696C616273B2
S2140437D85F746F6F6C732F73696D706C696369744B
S2140437E8795F73646B2F706C6174666F726D2F7378
S2140437F86572766963652F746F6B656E5F6D616E4F
S214043808616765722F6C65676163792F7372632FBE
S214043818736C5F746F6B656E5F6D616E61676572FE
S2140438282E63002F686F6D652F72756E6E65722F26
S214043838776F726B2F747579612D7A69676265651F
S2140438482D7377697463682F747579612D7A69673F
S2140438586265652D7377697463682F73696C616232
S214043868735F746F6F6C732F73696D706C696369BB
S21404387874795F73646B2F706C6174666F726D2FE6
S214043888736572766963652F746F6B656E5F6D61B9
S2140438986E616765722F6C65676163792F737263EF
S2140438A82F736C5F746F6B656E5F6D616E756661A2
S2140438B863747572696E672E630043757272656EFB
S2140438C87420436F6E6669673A202530780053651E
S2140438D87420434341206D6F646520746F2025640B
S2140438E83A2025307800656E61626C656400646908
S2140438F87361626C6564006F757428636C69656EC1
S214043908742900696E202873657276657229004DDD
S214043918464720537472696E673A202573004170CF
S214043928704275696C646572204D464720436F641F
S214043938653A20307825303458006E6F6465205B0D
S214043948004164646974696F6E616C20696E74659D
S21404395872666163657300202025643A20007061EE
S2140439686765205B25645D206368616E205B25645B
S2140439785D20707772205B25645D006E6F7420612D
S2140439886374697665006572726F722030782530C4
S21404399838580070616E4944205B307825303458B6
S2140439A85D206E6F64654944205B30782530345852
S2140439B85D20007870616E205B30780070617265F7
S2140439C86E744944205B3078253034585D20706125
S2140439D872656E7452737369205B25645D006E6F3E
S2140439E8646554797065205B005365637572697401
S2140439F879206C6576656C205B253032585D006EE0
S214043A086574776F726B207374617465205B2530F8
S214043A1832585D2000427566666572206279746560
S214043A28733A202564202F20256400457020636E91
S214043A38743A202564006570202564205B656E64EE
S214043A48706F696E742025732C20646576696365C7
S214043A582025735D20006E776B205B25645D2070DF
S214043A68726F66696C65205B3078253034585D2043
S214043A786465764964205B3078253034585D207652
S214043A886572205B3078253032585D00202020206F
S214043A98257320636C75737465723A203078253004
S214043AA8345820004E776B20636E743A20256400E1
S214043AB86E776B202564205B25735D005072696DF4
S214043AC8617279202870726F290020206E6F6465F1
S214043AD854797065205B3078253032585D00202094
S214043AE8736563757269747950726F66696C65205C
S214043AF85B3078253032585D0045502025643A20DE
S214043B08257320004572726F723A2020556E6B6ECC
S214043B186F776E20656E64706F696E742E00456EDE
S214043B2861626C65206576656E7420646562756787
S214043B3820696E666F20696E20436F726520434C59
S214043B484920636F6D706F6E656E74006F6E6C7966
S214043B5820636F6F7264696E61746F727320636139
S214043B686E20666F726D0A006A6F696E203078255B
S214043B783038580A006C65617665002573203078FD
S214043B88253032580A0072656A6F696E446966663B
S214043B9844657669636554797065006578742E2083
S214043BA850414E2049443A20004E574B206F7065CA
S214043BB86E3A20257520736563004E574B20636C58
S214043BC86F7365640066696E64206A6F696E616205
S214043BD86C653A203078253032580066696E642061
S214043BE8756E757365643A2030782530325800430C
S214043BF868616E67696E6720746F206368616E6EAD
S214043C08656C2025643A2030782530325800696E71
S214043C1876616C6964206E6574776F726B20696E62
S214043C286465780053686F72742049443A20307883
S214043C38253034582C2045554936343A20002C2053
S214043C4850616E2049443A20307825303458005361
S214043C58746172746564206D756C74692D70687906
S214043C6820696E74657266616365004661696C6591
S214043C786420746F2025732025732030782530320D
S214043C8858005465726D696E6174656420257320E6
S214043C98307825303258004B65657020616C69763B
S214043CA86520737570706F727420656E61626C65DA
S214043CB8642E006661696C656420746F207365748D
S214043CC8206B65657020616C697665206D6F646528
S214043CD82E007375636365737366756C6C792073ED
S214043CE8657420746865206368696C642074696DFB
S214043CF8656F7574206F7074696F6E206D61736B71
S214043D082E006661696C656420746F207365742080
S214043D18746865206368696C642074696D656F757A
S214043D2874206F7074696F6E206D61736B2E0064F7
S214043D386973636F766572004D61746368202573D2
S214043D48792066726F6D203078253034582C2065BB
S214043D5870202564004E574B204164647265737363
S214043D6820726573706F6E73653A20307825303428
S214043D78580049454545204164647265737320724A
S214043D886573706F6E73653A20005365727669635F
S214043D98652025737920646F6E652E0023202074B1
S214043DA87970652020206E776B20206C6F63202046
S214043DB82072656D202020636C75732020206E6F3A
S214043DC8646520202065756900202025642020204D
S214043DD82030782530345820203078253034582040
S214043DE82030782530345820307825303458200050
S214043DF8736C5F7A69676265655F6765745F626935
S214043E086E64696E67204572726F723A2030782540
S214043E183038580A002564206F66202564206269B5
S214043E286E64696E6773207573656400656E616297
S214043E386C6564207072696E740064697361626C80
S214043E486564207072696E7400616464206C696EBF
S214043E586B206B6579004552523A2043616C637552
S214043E686C617465642043524320646F6573206EE6
S214043E786F74206D61746368004552523A20496E27
S214043E887374616C6C20436F6465206D757374205D
S214043E98626520382C2031302C2031342C206F7267
S214043EA820313820627974657320696E206C656EDB
S214043EB8677468004552523A204145532D4D4D4F7C
S214043EC82068617368206661696C65643A20307896
S214043ED82530325800536574206A6F696E696E67B8
S214043EE8206C696E6B206B65790073657420626953
S214043EF86E642025643A2030782530327800454DA3
S214043F0850545900554E494341004D324F4E4500D2
S214043F184D554C5449003F2020202000496E6465C6
S214043F2878204945454520416464726573732020AA
S214043F38202020202020204E574B496E6465782088
S214043F4820496E204643202020202054544C2873B1
S214043F582920466C6167202020204B657920202084
S214043F6820002564202020202000202025642020EE
S214043F78202020202000202025303858202000200B
S214043F88307825303458202000496E6465782049F6
S214043F9845454520416464726573732020202020BB
S214043FA820202020496E20464320202020205479B3
S214043FB8706520204175746820204B6579002D2093
S214043FC82020202000256320202020202563202070
S214043FD820202000696573005741524E494E473ADF
S214043FE8202052454144494E47204F46204B4559C8
S214043FF82056414C5545532044495341424C454468
S214044008204259204D464720544F4B454E004E57A4
S2140440184B204B6579002573206F75742046433A08
S214044028202530385800257320736571206E756D09
S2140440383A20307825303258002573206F7574205E
S21404404846433A2025303878005443202573200008
S2140440582573205461626C650025642F25642065E9
S2140440686E747269657320757365642E0054726184
S2140440786E7369656E74204B657900256420656ED9
S2140440887472257320636F6E73756D696E67202569
S21404409864207061636B6574206275666665722554
S2140440A8732E0057494C4C0057494C4C204E4F54DD
S2140440B80054727573742043656E74657220257394
S2140440C820616C6C6F772074727573742063656EE8
S2140440D87465722072656A6F696E73207573696E8B
S2140440E8672077656C6C2D6B6E6F776E206B6579C1
S2140440F82E005365742074696D656F757420666F39
S214044108722054727573742043656E7465722072D7
S214044118656A6F696E73207573696E672077656C58
S2140441286C2D6B6E6F776E206C696E6B206B657981
S21404413820746F202564207365636F6E64732E0085
S2140441484552524F523A20002573737461636B20AC
S2140441586D75737420626520646F776E2E005265E1
S2140441686164696E6720416C6C6F776564004861AA
S2140441787368696E67206F6E6C7900736C5F7A6912
S214044188676265655F6B65795F73657474696E6786
S214044198735F743A203078253034580020205065F0
S2140441A8726D697373696F6E733A2025730045726E
S2140441B8726F723A204661696C656420746F206772
S2140441C8657420636F6E6669672C207374617475F2
S2140441D8733A20307825303858004661696C65642F
S2140441E83A20307825303858004D73673A20636C87
S2140441F87573203078253034582C20636D6420304D
S21404420878253032582C206C656E2025640062753B
S214044218666665723A2000454D4245525F0025732E
S21404422853454355524954595F4C4556454C3A20D4
S214044238253032580025736572617365206B65797D
S2140442482025643A2030782530385800636D642079
S2140442586E6F74206275696C74007372632065707F
S21404426820253032782C20636C75732025303478FA
S2140442780073656E64696E6720746F206D756C7460
S21404428869636173742062696E640025733A2065F5
S214044298703A2025642C20636C3A20307825303414
S2140442A8582C20617474723A2030782530345800BB
S2140442B82C207376723A2025630025733A2072659B
S2140442C861643A20307825303278002C2073767270
S2140442D83A2025632C2064747970653A2030782552
S2140442E830325800417267756D656E7420617420AB
S2140442F8696E6465783A202564206973206F75743E
S214044308206F662072616E676500436F6D6D616E1F
S2140443186420616C7265616479206275696C742EB8
S214044328202043616E6E6F7420736574204D464773
S21404433820737065636966696320636F64652066C5
S2140443486F7220636F6D6D616E642E004D46472054
S214044358436F64652053657420666F72206E6578B3
S2140443687420636F6D6D616E643A2030782530343E
S2140443785800557365204E657874205365717565C5
S2140443886E63652053657420666F72206E65787454
S21404439820636F6D6D616E643A203078253032582C
S2140443A80044697361626C652044656661756C7463
S2140443B820526573706F6E73652053657420666F3C
S2140443C872206E65787420636F6D6D616E643A2032
S2140443D8307825303258004552523A207265616466
S2140443E8696E672061747472696275746520253015
S2140443F83278004552523A20617474726962757450
S214044408652073697A6520256420746F6F206C6153
S21404441872676520666F7220627566666572004507
S21404442872726F723A206174747269627574652068
S214044438494420307825303458207265706F727479
S21404444861626C65206368616E67652069732073B2
S214044458697A65202564422C206275742025644296
S21404446820656E74657265640A006E6F20636D64F9
S214044478004572726F723A20434C492053656E6445
S214044488206661696C65642C207374617475733A6C
S21404449820307825303858004572726F723A2020DA
S2140444A8455549363420617267756D656E742069A2
S2140444B87320656D70747920616E64206C6F6F6B01
S2140444C87570206279206E6F6465204944206661A1
S2140444D8696C65642E0047726F757000556E696363
S2140444E861737400556E62696E64202573202573A3
S2140444F830782530325800526571756573743A20E1
S214044508005A444F2073696D706C65206465736344
S214044518207265712025303278005A444F206E6F19
S214044528646520646573632072657120253032786B
S214044538005A444F206D6174636820646573632071
S2140445487265712025303258005573696E67206D80
S21404455879206C6F63616C20455549363420666F44
S21404456872206465737420455549363420696E2074
S21404457862696E64696E67005A444F2062696E64A5
S21404458820726571202530327800636C7573746503
S21404459872206C696D69742072656163686564006D
S2140445A8696E76616C696420706167653A20256473
S2140445B8206F72206368616E6E656C3A202564000D
S2140445C84368616E6765206368616E6E656C207308
S2140445D874617475733A20307825303278006475BF
S2140445E8726174696F6E206D7573742062652069D4
S2140445F86E2072616E67652030202D203500636F4B
S214044608756E74206D75737420626520696E2072E9
S214044618616E67652031202D2038007363616E2033
S21404462873746174757320307825303258006E655B
S21404463874776F726B207570646174652073657423
S21404464820737461747573203078253032580041AD
S2140446586374697665204550207265717565737450
S214044668207374617475733A203078253032580094
S2140446784C5149205461626C652072657175657386
S214044688743A203078253032580042696E64696E70
S21404469867205461626C6520726571756573743A37
S2140446A820307825303258004C65617665202573AD
S2140446B830782530325800506F7765722044657319
S2140446C863726970746F7220257330782530325897
S2140446D8005573696E67206D79206C6F63616C2072
S2140446E8455549363420666F7220646573742045D0
S2140446F85549363420696E20756E62696E64696E33
S2140447086700526F757465205461626C6520257362
S214044718307825303258002F686F6D652F72756EA5
S2140447286E65722F776F726B2F747579612D7A693F
S214044738676265652D7377697463682F7475796124
S2140447482D7A69676265652D7377697463682F7354
S214044758696C6162735F746F6F6C732F73696D70C5
S2140447686C69636974795F73646B2F70726F746FA6
S214044778636F6C2F7A69676265652F6170702F6640
S21404478872616D65776F726B2F636F6D6D6F6E2FC9
S214044798736C5F7A69676265655F73797374656D50
S2140447A85F636F6D6D6F6E2E6300457874656E6417
S2140447B8656420526573657420696E666F3A2030A6
S2140447C878253034582028257329002F686F6D659E
S2140447D82F72756E6E65722F776F726B2F7475797C
S2140447E8612D7A69676265652D7377697463682FC6
S2140447F8747579612D7A69676265652D737769744E
S21404480863682F73696C6162735F746F6F6C732F60
S21404481873696D706C69636974795F73646B2F7000
S214044828726F746F636F6C2F7A69676265652F6140
S21404483870702F6672616D65776F726B2F636F6D1C
S2140448486D6F6E2F7A69676265655F6170705F6603
S21404485872616D65776F726B5F736C6565702E63D6
S2140448680053746179206177616B65207768656E9B
S214044878206E6F74206A6F696E65643A202573002B
S214044888466F726365642073746179206177616B1F
S214044898653A20202020202020202020257300464A
S2140448A86F7263696E672064657669636520746FE2
S2140448B82073746179206177616B6500416C6C6F55
S2140448C877696E672064657669636520746F206708
S2140448D86F20746F20736C656570002F686F6D6544
S2140448E82F72756E6E65722F776F726B2F7475796B
S2140448F8612D7A69676265652D7377697463682FB5
S214044908747579612D7A69676265652D737769743C
S21404491863682F73696C6162735F746F6F6C732F4F
S21404492873696D706C69636974795F73646B2F70EF
S214044938726F746F636F6C2F7A69676265652F612F
S21404494870702F6672616D65776F726B2F636F6D0B
S2140449586D6F6E2F7A69676265655F737461636BE2
S2140449685F736C6565702E630052583A20526573FF
S2140449786574546F466163746F72794465666175CD
S2140449886C747343616C6C6261636B00657A7370F4
S21404499820636F756E74657273206661696C6564EE
S2140449A820257500657A73702052657365742054E3
S2140449B868726573686F6C64206572726F722025FE
S2140449C87500657A7370205365742054687265732D
S2140449D8686F6C64206572726F7220257500257581
S2140449E8292025733A2025750053657474696E6703
S2140449F8205468726573686F6C6420636F6D6D61AC
S214044A086E64003F3F3F004D616320527820426346
S214044A18617374004D616320547820426361737433
S214044A28004D6163205278205563617374004D61AC
S214044A3863205478205563617374004D6163205471
S214044A4878205563617374205265747279004D61D9
S214044A5863205478205563617374204661696C003A
S214044A684150532052782042636173740041505376
S214044A78205478204263617374004150532052785E
S214044A88205563617374004150532054782055634D
S214044A9861737420537563636573730041505320C0
S214044AA85478205563617374205265747279004192
S214044AB85053205478205563617374204661696C9A
S214044AC800526F757465204469736320496E69746F
S214044AD86961746564004E65696768626F7220412F
S214044AE864646564004E65696768626F722052651F
S214044AF86D6F766564004E65696768626F722053E9
S214044B0874616C65004A6F696E20496E64696361F6
S214044B1874696F6E004368696C64204D6F766564CB
S214044B2800415348204F766572666C6F7700415390
S214044B3848204672616D65204572726F7200415353
S214044B4848204F76657272756E204572726F7200D1
S214044B584E574B204643204661696C757265004182
S214044B685053204643204661696C7572650041536C
S214044B784820584F66660041505320556E61757438
S214044B88686F72697A6564204B6579004E574B20C6
S214044B9844656372797074204661696C75726573CE
S214044BA800415053204465637279707420466169E5
S214044BB86C75726573005061636B65742042756624
S214044BC866657220416C6C6F636174652046616922
S214044BD86C757265730052656C61796564205563FB
S214044BE86173740050687920746F204D41432071B6
S214044BF875657565206C696D69742072656163688E
S214044C086564005061636B65742056616C69646101
S214044C1874652064726F7020636F756E74004E57E7
S214044C284B207265747279206F766572666C6F773E
S214044C3800434341204661696C757265730042728D
S214044C486F616463617374207461626C6520667551
S214044C586C6C00505441204C6F2050726920526589
S214044C687100505441204869205072692052657179
S214044C7800505441204C6F205072692044656E6978
S214044C886564005054412048692050726920446580
S214044C986E69656400505441204C6F205072692038
S214044CA85478204162727400505441204869205058
S214044CB87269205478204162727400416464726593
S214044CC8737320436F6E666C6963742053656E74E1
S214044CD80043534C205278207363686564756C658A
S214044CE8206661696C6564000D004465627567201A
S214044CF87072696E742067726F75702025730A0067
S214044D0857726F6E6720706172616D657465720A9A
S214044D180046696E6420616E642042696E642049A8
S214044D286E69746961746F723A20436F6D706C654E
S214044D3874653A203078253032580053746172749A
S214044D48207461726765740046696E6420616E64D7
S214044D582042696E64205461726765740025733A4C
S214044D682025733A20307825303258004672616719
S214044D786D656E746174696F6E2052582077696E1B
S214044D88646F772073697A652073657420746F205E
S214044D982564002F686F6D652F72756E6E65722FA9
S214044DA8776F726B2F747579612D7A69676265659A
S214044DB82D7377697463682F747579612D7A6967BA
S214044DC86265652D7377697463682F73696C6162AD
S214044DD8735F746F6F6C732F73696D706C69636936
S214044DE874795F73646B2F70726F746F636F6C2F54
S214044DF87A69676265652F6170702F6672616D6582
S214044E08776F726B2F706C7567696E2F6672616741
S214044E186D656E746174696F6E2F667261676D6511
S214044E286E746174696F6E2E630052583A2041643A
S214044E386447726F7570526573706F6E7365203051
S214044E4878253032582C203078253034580052587B
S214044E583A205669657747726F7570526573706F36
S214044E686E7365203078253032582C2030782530FB
S214044E7834582C20220052583A2047657447726FDB
S214044E8875704D656D626572736869705265737086
S214044E986F6E7365203078253032582C203078258C
S214044EA83032582C00205B3078253034585D005258
S214044EB8583A2052656D6F766547726F75705265FD
S214044EC873706F6E7365203078253032582C203016
S214044ED878253034580065705B253032585D206973
S214044EE8645B253034585D00436C656172696E678F
S214044EF820616C6C2067726F7570732E0045525271
S214044F083A204661696C656420746F206372656133
S214044F1874652062696E64696E6720283078253067
S214044F28325829004552523A2042696E64696E67BF
S214044F38207461626C652069732066756C6C004524
S214044F4852523A2077726974696E67206E616D658D
S214044F5820737570706F727420253032580052585A
S214044F683A2041646447726F75702030782530346F
S214044F78582C20220075760052583A2056696577D0
S214044F8847726F75702030782530345800757673FC
S214044F9800766965775F67726F75700047726F751C
S214044FA870733A206661696C656420746F20736553
S214044FB86E6420257320726573706F6E73653A206D
S214044FC8307825303258006765745F67726F75707D
S214044FD85F6D656D6265727368697020726573705B
S214044FE86F6E73650064656661756C745F7265736D
S214044FF8706F6E73650052583A2047657447726F2F
S21404500875704D656D6265727368697020307825B1
S2140450183032582C007575620047726F7570733A93
S214045028206661696C656420746F2073656E6420FD
S21404503825733A203078253032580052583A205290
S214045048656D6F766547726F7570203078253034D5
S21404505858004552523A204661696C656420746F5C
S2140450682064656C6574652062696E64696E672081
S21404507828307825303258290072656D6F76655F5A
S21404508867726F75700052583A2052656D6F766570
S214045098416C6C47726F7570730052583A204164BD
S2140450A86447726F757049664964656E7469667993
S2140450B8696E67203078253034582C2022006164C5
S2140450C864004368616E6E656C206E6F742076614A
S2140450D86C69643A202564005072696D61727900BF
S2140450E82573206D61736B206E6F772030782530BA
S2140450F83858005365636F6E64617279004D617346
S2140451086B206E6F742076616C69643A202564009F
S2140451187072696D617279007365636F6E6461722B
S214045128790025733A20536574202573206D6173BE
S2140451386B20746F203078253038580053746174A7
S21404514875730025733A2025733A004368616E6EBA
S214045158656C206D61736B3A002020202028312965
S21404516820307825303858205B002020202028322C
S2140451782920307825303858205B005374617465CC
S2140451883A2030782530325820282573290043756C
S2140451987272656E74206368616E6E656C3A20255B
S2140451A86400546F74616C20626561636F6E733A51
S2140451B8202564004A6F696E20617474656D707486
S2140451C8733A202564004E6574776F726B20737487
S2140451D86174653A203078253032580053746F70FD
S2140451E80025732053746F702E2020436C65616EFF
S2140451F8696E672075702E0042726F61646361730E
S21404520874696E67207065726D6974206A6F696E5A
S2140452180054727573742063656E746572206C69C5
S2140452286E6B206B65792075706461746520737481
S214045238617475730025733A205741524E494E4798
S2140452483A20736C5F7A69676265655F7365745F35
S214045258696E697469616C5F73656375726974797C
S2140452685F7374617465206661696C65642E204397
S2140452786F6E74696E75696E6720776974686F7582
S2140452887420696E7374616C6C20636F64652E0099
S2140452984572726F723A20696E7374616C6C20631F
S2140452A86F6465207365747570206661696C6564DF
S2140452B82E20497320616E20696E7374616C6C20AD
S2140452C8636F646520666C6173686564206F6E74CA
S2140452D86F20746865206465766963653F00D0D17D
S2140452E8D2D3D4D5D6D7D8D9DADBDCDDDEDF00FFD7
S2140452F8FFFFFFFFFFFFFF005A6967426565416CC1
S2140453086C69616E636530390025733A2069737376
S21404531875696E67207363616E206F6E202573202F
S2140453286368616E6E656C7320286D61736B2030DC
S21404533878253038582900257320697320616C72E3
S2140453486561647920696E2070726F67726573731D
S214045358005374617274004578616D696E696E678E
S21404536820626561636F6E206F6E206368616E6E7F
S214045378656C20256420776974682070616E4964BA
S2140453882030782530345800546869732062656183
S214045398636F6E206973206E6F7420706172742058
S2140453A86F66207468652063757272656E74206310
S2140453B868616E6E656C206D61736B202830782585
S2140453C8303858292E2047657474696E67206E65D0
S2140453D8787420626561636F6E2077686F736520E2
S2140453E86368616E6E656C206269746D61736B20A8
S2140453F86973207365742E004572726F723A20259D
S2140454087320636F756C64206E6F742061747465A2
S2140454186D7074206A6F696E3A2030782530325879
S214045428004E6F20626561636F6E73206C656674E8
S214045438206F6E2063757272656E74206D61736B6F
S2140454482E204D6F76696E6720746F206E657874AB
S214045458207374617465002573206A6F696E696EBB
S2140454686720307825303458206F6E206368616E64
S2140454786E656C2025640025732053746174653A40
S214045488202573004572726F723A20257320636F65
S214045498756C64206E6F74207365747570207365FC
S2140454A86375726974793A20307825303258004525
S2140454B872726F723A205363616E20636F6D706CFC
S2140454C86574652068616E646C65722072657475AF
S2140454D8726E656420307825303258002573207340
S2140454E863616E20636F6D706C6574652E2042650B
S2140454F861636F6E732068656172643A2025640080
S214045508257320737461636B2073746174757320D8
S214045518307825303258002573206E6574776F729C
S2140455286B206A6F696E65642E0025732074727921
S214045538696E67206E657874206E6574776F726B13
S2140455482E004E6F6E65005363616E205072696D4F
S214045558617279204368616E6E656C7320616E644F
S2140455682075736520436F6E666967757265642077
S2140455784B6579005363616E205072696D61727968
S214045588204368616E6E656C7320616E6420757363
S2140455986520496E7374616C6C20436F64650053B0
S2140455A863616E205072696D617279204368616E1A
S2140455B86E656C7320616E64205573652043656E52
S2140455C87472616C697A6564204B6579005363610B
S2140455D86E205072696D617279204368616E6E65DB
S2140455E86C7320616E642055736520446973747205
S2140455F8696275746564204B6579005363616E202F
S2140456085365636F6E64617279204368616E6E6574
S2140456186C7320616E642075736520436F6E6669CB
S2140456286775726564204B6579005363616E205311
S21404563865636F6E64617279204368616E6E656C2B
S2140456487320616E642075736520496E7374616C8B
S2140456586C20436F6465005363616E205365636F03
S2140456686E64617279204368616E6E656C7320613E
S2140456786E64205573652043656E7472616C697A2E
S2140456886564204B6579005363616E205365636FC8
S2140456986E64617279204368616E6E656C7320610E
S2140456A86E642055736520446973747269627574F0
S2140456B86564204B6579005363616E205072696D8A
S2140456C8617279204368616E6E656C7320616E64DE
S2140456D82055736520416C6C204B657973202869C6
S2140456E86E7374616C6C20636F64652C2063656EDE
S2140456F87472616C697A65642C206469737472695F
S214045708627574656429005363616E205365636F1C
S2140457186E64617279204368616E6E656C7320618D
S2140457286E642055736520416C6C204B6579732034
S21404573828696E7374616C6C20636F64652C2063CF
S214045748656E7472616C697A65642C206469737416
S2140457587269627574656429004F6E2F4F666620F9
S2140457687365742076616C75653A20253032582046
S21404577825303258004552523A2072656164696E83
S21404578867206F6E2F6F66662025303258004F6E7E
S2140457982F6F666620616C72656164792073657420
S2140457A820746F206E65772076616C756500546F7B
S2140457B867676C65206F6E2F6F66662066726F6DFE
S2140457C8202530325820746F202530325800455230
S2140457D8523A2077726974696E67206F6E2F6F6607
S2140457E866202530325800496E7374616C6C6564A3
S2140457F82054797065202842617365293A20203040
S2140458087825303258004361706162696C6974693E
S21404581865733A202020202020202020202030785D
S2140458282530345800426F6F746C6F61646572205B
S21404583856657273696F6E3A2020202020307825CA
S2140458483034580053656375726520426F6F746C04
S2140458586F61646572204B65793A202020202020E9
S21404586800426F6F746C6F6164696E672066616965
S2140458786C65642100446F776E6C6F6164206661A2
S214045888696C65642E0044656C6574696E67206689
S21404589861696C656420646F776E6C6F61642C2034
S2140458A87374617475733A20307825303258004919
S2140458B86D61676520646F6573206E6F7420636F0F
S2140458C86E7461696E20616E2055706772616465D6
S2140458D820496D6167652054616720283078253033
S2140458E83458292E20536B697070696E672075705A
S2140458F867726164652E00457865637574696E67BA
S21404590820626F6F746C6F61642063616C6C626193
S214045918636B2E005374617274696E672045424C3B
S21404592820766572696669636174696F6E004542BC
S2140459384C206661696C656420766572696669637D
S2140459486174696F6E2E0045424C207061737365EE
S2140459586420766572696669636174696F6E2E0081
S2140459682573696E67204F544120636C69656E74AD
S214045978207374617465206D616368696E6500736D
S214045988746F7070004572726F723A204E6F206999
S2140459986D61676520617420696E64657820256486
S2140459A8004E6F7420737570706F727465642E0081
S2140459B8436C69656E7420696D61676520717565E9
S2140459C8727920696E666F004D616E75662049446B
S2140459D83A202020202020202020307825303458D3
S2140459E800496D61676520547970652049443A20FA
S2140459F82020203078253034580043757272656E3E
S214045A08742056657273696F6E3A20203078253094
S214045A1838580048617264776172652056657273F7
S214045A28696F6E3A20004E410051756572792044BC
S214045A38656C6179206D733A202020202020202070
S214045A4820202020256C64005365727665722044F5
S214045A586973636F766572792044656C6179206D25
S214045A68733A20256C6400446F776E6C6F6164200B
S214045A7844656C6179206D733A202020202020200C
S214045A882020256C640052756E2055706772616418
S214045A98652044656C6179206D733A2020202020A7
S214045AA820256C64005665726966792044656C61C5
S214045AB879206D733A2020202020202020202020C2
S214045AC8256C6400446F776E6C6F6164204572724F
S214045AD86F72205468726573686F6C643A20202568
S214045AE86400557067726164652057616974205450
S214045AF868726573686F6C643A20202020256400F9
S214045B084F544120446F776E6772616465733A2018
S214045B1844697361626C6564004F544120446F772E
S214045B286E6772616465733A20456E61626C65647B
S214045B3800426F6F746C6F61642073746174653AA5
S214045B4820257300496E76616C69642045502025CB
S214045B5864207768656E20747279696E6720746F3E
S214045B682073656E64204F5441206D6573736167B6
S214045B78652E0053656E64696E672055706772619A
S214045B88646520456E6420726571756573742E00AD
S214045B9825733A20696E76616C696420636D64497E
S214045BA86420307825303258004572726F723A2075
S214045BB8204661696C656420746F2073656E642082
S214045BC84F544120636F6D6D616E642030782530C4
S214045BD832582C207374617475733A2030782530E3
S214045BE832580053657276657220756E6B6E6F77E1
S214045BF86E2C2066616C6C696E67206261636B202C
S214045C08746F20646973636F766572792E004D61CC
S214045C1878696D756D207175657279206572726F15
S214045C2872732068697420282564292C207374618B
S214045C387274696E672073656172636820666F7232
S214045C48206E6577204F5441207365727665722EF0
S214045C580A004170706C79696E67207570677261A6
S214045C6864650025733A20696E76616C6964206FF2
S214045C7866667365742063757272656E7454696DAE
S214045C88652830782530385829203E207570677284
S214045C9861646554696D652830782530385829005C
S214045CA84F544120436C75737465723A2077616962
S214045CB87420666F72202564207300525865642029
S214045CC874696D654F75742030782530385820739C
S214045CD82C204D41582074696D654F7574203078B2
S214045CE8253038582073004D6178696D756D2075B8
S214045CF87067726164652072657175657374732064
S214045D086D616465202825642920776974686F7531
S214045D187420726573706F6E73652066726F6D207B
S214045D287365727665722E00557067726164696E63
S214045D386720616E79776179004F54412053657204
S214045D487669636520646973636F76657279207013
S214045D58726576656E746564202D20616E6F74684E
S214045D68657220697320616C726561647920696E56
S214045D782070726F6772657373004661696C656438
S214045D8820746F20696E697469617465207365721E
S214045D987669636520646973636F766572792E0025
S214045DA84F5441205365727669636520446973636A
S214045DB86F7665727920696E2070726F6772657384
S214045DC87300436C69656E742076657269666963E8
S214045DD86174696F6E206661696C65642E00536928
S214045DE8676E617475726500437573746F6D0070C1
S214045DF86173736564004641494C4544004E6F2000
S214045E087369676E6174757265207665726966690A
S214045E18636174696F6E20737570706F72742C206A
S214045E28617373756D696E6720696D61676520694E
S214045E3873206F6B61792E00257320766572696608
S214045E4869636174696F6E2025733A20307825304B
S214045E583258004D6178696D756D206E756D626592
S214045E6872206F6620646F776E6C6F61642065724B
S214045E78726F727320726561636820282564292C02
S214045E882061626F7274696E672E004F5441204316
S214045E986C75737465723A2073657474696E6720DA
S214045EA8494545452061646472657373206F6620AE
S214045EB84F544120636C7573746572005061727434
S214045EC869616C2066696C6520646F776E6C6F61B7
S214045ED86420666F756E642C20636F6E74696E75C5
S214045EE8696E672066726F6D206F666673657420C8
S214045EF830782530385800466F756E642066756CA1
S214045F086C7920646F776E6C6F616465642066696B
S214045F186C6520696E2073746F72616765202876D5
S214045F28657273696F6E20307825303858292E00CC
S214045F38466F756E642066696C6520696E20737496
S214045F486F72616765207769746820646966666538
S214045F5872656E742076657273696F6E2028307861
S214045F682530385829207468616E20637572726506
S214045F786E742076657273696F6E202830782530C3
S214045F883858290046696C6520696E2073746F72E8
S214045F986167652069732073616D6520617320638A
S214045FA8757272656E742072756E6E696E67207689
S214045FB8657273696F6E2028307825303858290042
S214045FC84E6F20696D61676520666F756E6420691B
S214045FD86E2073746F726167652E004F54412053A8
S214045FE865727669636520446973636F766572794A
S214045FF820756E626C6F636B65640049676E6F72BA
S214046008696E67207365727665722066726F6D2096
S2140460186C6F6F706261636B20616464726573731E
S2140460280049676E6F72696E672030782530345879
S214046038204F54412073657276657220696E20730A
S2140460486561726368206F662054430053657474F0
S214046058696E67204F5441205365727665722074C2
S2140460686F203078253034580044656C6179696E41
S21404607867202564207365636F6E647320626566A3
S2140460886F7265207374617274696E67204F544129
S21404609820636C69656E740054696D656F75742049
S2140460A877616974696E6720666F72206D657373AD
S2140460B86167652E00426164204F544120636F6D0A
S2140460C86D616E643A20307825303258004F54415A
S2140460D820636F6D6D616E642030782530325820E9
S2140460E8746F6F2073686F727420286C656E202531
S2140460F864203C206D696E20256429004F54412095
S214046108636F6D6D616E642066726F6D20756E7256
S21404611865636F676E697A656420736572766572FF
S214046128203078253034582E20204D79204F54417D
S214046138207365727665723A2030782530345800B4
S214046148496D616765204E6F7469667900476F7498
S21404615820756E65787065637465642025732E20D3
S21404616820537461727420646973636F76657279F8
S2140461782E0064656661756C74004F54413A206657
S21404618861696C656420746F2073656E642025737A
S21404619820726573706F6E73653A203078253032D6
S2140461A85800496D616765206E6F746966790047A3
S2140461B86F7420756E6578706563746564202573DE
S2140461C82E202049676E6F7265642E004F54413A3C
S2140461D82044656661756C7420726573706F6E739F
S2140461E86520666F7220496D616765206E6F7469F5
S2140461F866792C2073746174757320307825303270
S2140462085800496D616765206E6F74696679206306
S2140462186F6D6D616E6400257320756E69636173B6
S214046228742C207175657279696E6700496E76619B
S2140462386C6964002573202573207061796C6F611E
S21404624864207479706520307825303258002573B8
S2140462582025733A206F7574206F662072616E6706
S21404626865206A6974746572202564002573202580
S214046278733A207061796C6F6164206C656E67741C
S2140462886820646F65736E2774206D617463682074
S2140462987479706520307825303258202825642093
S2140462A83C20256429002573202573206475652001
S2140462B8746F206E6F6E2D6D61746368696E6720E7
S2140462C86D616E7566616374757265722049440003
S2140462D825732025732064756520746F206E6F6E91
S2140462E82D6D61746368696E6720696D61676520E2
S2140462F874797065204944002573202573206475D5
S2140463086520746F206D61746368696E67206669BA
S214046318726D776172652076657273696F6E002593
S214046328732025732C2052782764204A6974746570
S214046338722028307825303258292C205069636B0F
S2140463486564204A6974746572202830782530326A
S2140463585829005175657279206E65787420696DC0
S21404636861676520726573706F6E736500257320A8
S21404637872657475726E6564203078253032582ECE
S21404638820204E6F206E657720696D6167652074DE
S2140463986F20646F776E6C6F61642E0025732074AB
S2140463A86F6F2073686F727420282564203C20253C
S2140463B864290025733A204E657720696D61676500
S2140463C820697320617661696C61626C6520666F0A
S2140463D87220646F776E6C6F61642E002573206973
S2140463E873206E6F74207573696E67206D792069E3
S2140463F86D61676520696E666F2E004552524F526E
S2140464083A204E65787420496D6167652069732063
S214046418746F6F2062696720746F2073746F726577
S2140464282028307825303858203E203078253038D3
S21404643858290025732072657475726E6564207316
S214046448616D652046696C6556657273696F6E2062
S21404645861732063757272656E746C7920696E73E5
S21404646874616C6C65642E004F544120446F776EDB
S2140464786772616465732044697361626C65643A23
S2140464882046696C6556657273696F6E2062656826
S214046498696E642063757272656E7420696E7374AF
S2140464A8616C6C6174696F6E005374617274696EA2
S2140464B86720646F776E6C6F61642C205665727300
S2140464C8696F6E20307825303858004572726F72BE
S2140464D83A204661696C656420746F2064656C654F
S2140464E8746520696D6167652E004572726F723A2D
S2140464F8204661696C656420746F206572617365F3
S214046508206F6C642074656D7020646174612E005D
S214046518496D61676520626C6F636B207265737082
S2140465286F6E7365004F54413A20496D6167654242
S2140465386C6F636B5265706F6E736520636F6E74F1
S21404654861696E7320696E76616C6964206F722067
S214046558696E636F6D706C65746520646174610040
S2140465685570646174696E67204D696E20426C6F5D
S214046578636B205265717565737420506572696F14
S2140465886420746F202564206D7300446F776E6CE6
S2140465986F61642064656C61792062792073657222
S2140465A8766572202564206D7300446F776E6C6F71
S2140465B861642061626F7274656420627920736511
S2140465C8727665722E0053657276657220646F65FE
S2140465D8736E277420737570706F72742070616799
S2140465E86520726571756573742C206F6E6C7920DE
S2140465F87573696E6720626C6F636B20726571755C
S2140466086573742E005365727665722072657475A8
S214046618726E65642027756E737570706F72746514
S2140466286420636C757374657220636F6D6D616E38
S21404663864272E00556E6B6E6F776E202573207355
S214046648746174757320636F6465203078253032FE
S2140466585800257320686173206461746120736927
S2140466687A65202825642920736D616C6C65722010
S2140466787468616E2061637475616C207061636B05
S21404668865742073697A6520282564292E00257385
S214046698206572726F723A20457870656374656413
S2140466A8206F6666736574203078253038582C2039
S2140466B862757420676F74203078253038582E2019
S2140466C82049676E6F72696E6700257320696E6667
S2140466D86F20646964206E6F74206D61746368202B
S2140466E86D7920657870656374656420696E666F75
S2140466F82E202044726F7070696E672E004661699A
S2140467086C656420746F20777269746520746F20D2
S21404671873746F72616765206465766963652100C2
S214046728446F776E6C6F6164005570677261646558
S21404673820656E6420726573706F6E7365005365AA
S214046748727665722061626F72746564207570670C
S214046758726164652C207374617475733A2030789A
S21404676825303258004572726F723A2025732068B5
S214046778616420696E76616C69642025733A20002A
S21404678866696C652076657273696F6E0041646429
S214046798696E67202564206D732E2064656C6179A4
S2140467A820666F7220696D6D65646961746520750D
S2140467B87067726164652E00436F756E74646F77D4
S2140467C86E20746F20757067726164653A2025645C
S2140467D8206D73002053746174653A202020257355
S2140467E8002057616974696E6720666F7220726547
S2140467F873706F6E73653A20257300204E6578743F
S214046808204576656E742054696D65723A20256451
S214046818206D73002043757272656E7420446F771A
S2140468286E6C6F6164204F66667365743A203078C0
S21404683825303858202825642525290025733A202C
S2140468486661696C65642070617273696E67204F4F
S214046858544120636D6420307825303258004F54F4
S214046868412044656661756C7420726573706F6E3A
S214046878736520746F20636F6D6D616E6420494480
S214046888203078253032582C207374617475732040
S21404689830782530325800496D61676520626C6F20
S2140468A8636B2072657175657374207465737420E0
S2140468B86F6E6C7920776F726B73207768656E20BD
S2140468C8737461746520697320424F4F544C4F416A
S2140468D8445F53544154455F4E4F4E450052616ED3
S2140468E8646F6D2044656C6179206265666F7265B5
S2140468F820737461727400446973636F7665726991
S2140469086E67204F5441205365727665720047655A
S21404691874204F5441205365727665722045554954
S214046928004F627461696E206C696E6B206B6579C2
S214046938005175657279696E67204E6578742049CA
S2140469486D61676500446F776E6C6F6164696E6726
S21404695820496D61676500566572696679696E6770
S21404696820496D6167650057616974696E672066BA
S2140469786F722055706772616465206D6573736104
S214046988676500436F756E74646F776E20746F2046
S214046998557067726164650057616974696E67202B
S2140469A8746F207570677261646520766961206FFC
S2140469B875742D6F662D62616E64206D65636861FB
S2140469C86E69736D0025733A202564252520636F48
S2140469D86D706C65746500496D6167652025640093
S2140469E820204552524F523A20436F756C64206EED
S2140469F86F74206765742066756C6C2068656164BE
S214046A0865722100202048656164657220566572A7
S214046A1873696F6E3A203078253034580020204841
S214046A286561646572204C656E6774683A20202533
S214046A38642062797465730020204669656C642056
S214046A48436F6E74726F6C3A202030782530345851
S214046A580020204D616E75662049443A2020202087
S214046A68202020307825303458002020496D61676E
S214046A786520547970653A20202020203078253007
S214046A88345800202056657273696F6E3A202020A9
S214046A9820202020203078253038580020205A69B5
S214046AA8676265652056657273696F6E3A2030783A
S214046AB82530345800202048656164657220537474
S214046AC872696E673A20202573002020496D616735
S214046AD8652053697A653A2020202020256C642096
S214046AE862797465730020205365637572697479D6
S214046AF820437265643A20203078253032580020C6
S214046B08205570677261646520446573743A202062
S214046B18200020204D696E2E204857205665723A6C
S214046B28202020203078253034580020204D6178E5
S214046B382E204857205665723A2020202030782583
S214046B48303458002020546F74616C205461677385
S214046B583A20256400202020205461673A203078A3
S214046B6825303458002020202020204C656E677479
S214046B78683A20256C64004572726F723A20436F37
S214046B88756C64206E6F74206F627461696E20740D
S214046B98616720696E666F2066726F6D20696D6125
S214046BA867652E000A256420696D61676573206928
S214046BB86E204F54412073746F726167652E0049C6
S214046BC86D6167652064656C65746525732E00457C
S214046BD872726F723A2020436F756C64206E6F74FD
S214046BE8207265616420626C6F636B3A2030782586
S214046BF83032582E0A005374617274696E672065C1
S214046C08726173652066726F6D206F66667365744D
S214046C182030782530385820746F2030782530385E
S214046C285800436F756C64206E6F742073746172B9
S214046C38742045524153452120283078253032584F
S214046C482900454550524F4D2045726173652063AF
S214046C586F6D706C657465002F686F6D652F72753F
S214046C686E6E65722F776F726B2F747579612D7AD5
S214046C7869676265652D7377697463682F747579B7
S214046C88612D7A69676265652D7377697463682F01
S214046C9873696C6162735F746F6F6C732F73696D5D
S214046CA8706C69636974795F73646B2F70726F7440
S214046CB86F636F6C2F7A69676265652F6170702FD2
S214046CC86672616D65776F726B2F706C7567696E27
S214046CD82F6F74612D73746F726167652D73696D98
S214046CE8706C652D656570726F6D2F6F74612D738A
S214046CF8746F726167652D656570726F6D2D70614E
S214046D0867652D65726173652E63002F686F6D6500
S214046D182F72756E6E65722F776F726B2F74757916
S214046D28612D7A69676265652D7377697463682F60
S214046D38747579612D7A69676265652D73776974E8
S214046D4863682F73696C6162735F746F6F6C732FFB
S214046D5873696D706C69636974795F73646B2F709B
S214046D68726F746F636F6C2F7A69676265652F61DB
S214046D7870702F6672616D65776F726B2F706C75A5
S214046D8867696E2F6F74612D73746F726167652DF2
S214046D9873696D706C652D656570726F6D2F6F7491
S214046DA8612D73746F726167652D656570726F6D9A
S214046DB82E63004F54412053696D706C65205374DC
S214046DC86F7261676520454550524F4D2077617252
S214046DD86E696E673A20636F756C64206E6F7420F4
S214046DE867657420736C6F7420696E666F20666FAF
S214046DF87220736C6F7420256420286572726F7213
S214046E0820307825303258292E2044656661756C02
S214046E1874696E6720746F20737065636966696544
S214046E28642061646472657373206F666673657440
S214046E38730053746F72616765204472697665726D
S214046E483A202020202020202020202020204F54B4
S214046E58412053696D706C652053746F7261676561
S214046E6820454550524F4D20506C7567696E005248
S214046E78656164204D6F6469667920577269746524
S214046E8820537570706F72743A20206E6F00534FDB
S214046E984320426F6F746C6F6164696E6720537524
S214046EA870706F72743A2020202079657300426FE0
S214046EB86F746C6F616465722053746F7261676572
S214046EC820537570706F72743A205573652066691E
S214046ED872737420736C6F7400536C6F7420746FC1
S214046EE8207573653A20202020202020202020208A
S214046EF8202020202025640043757272656E742055
S214046F08446F776E6C6F6164204F66667365743A77
S214046F18202020203078253038580045424C20530D
S214046F2874617274204F66667365743A2020202054
S214046F382020202020202030782530385800454549
S214046F4850524F4D2053746172743A2020202020EA
S214046F582020202020202020202030782530385853
S214046F6800454550524F4D20456E643A2020202057
S214046F782020202020202020202020202030782593
S214046F8830385800496D61676520496E666F20532E
S214046F98746172743A20202020202020202020208B
S214046FA83078253038580053617665205261746508
S214046FB82028627974657329202020202020202028
S214046FC8202020307825303858004F66667365745C
S214046FD8206F6620646F776E6C6F6164206F6666D8
S214046FE8736574202020307825303858004F66663C
S214046FF8736574206F662045424C206F6666736519
S214047008743A202020202020203078253038580054
S2140470184F6666736574206F6620696D61676520C0
S21404702873746172743A202020202020307825302A
S214047038385800736C5F7A69676265655F61665F76
S2140470486F74615F73746F726167655F6472697683
S21404705865725F726561645F636228292066616988
S2140470686C65642100426164206D61676963206E03
S214047078756D62657220696E2066696C653A2030A3
S2140470887825303258203078253032582030782504
S21404709830325820307825303258004261642076E1
S2140470A8657273696F6E20696E2066696C65203038
S2140470B87825303458004572726F723A20726561CA
S2140470C864416E6456616C696461746553746F7266
S2140470D86564496D6167652829207472696564204A
S2140470E8746F2072656164206D6F726520646174C4
S2140470F861207468616E20697420636F756C6420FF
S214047108686F6C642E00736C5F7A69676265655F86
S21404711861665F6F74615F73746F726167655F64DD
S21404712872697665725F726561645F636228292096
S2140471384641494C454421004C617374206F666689
S21404714873657420646F776E6C6F616465643A2047
S2140471583078253038580053746F72616765204D4F
S2140471686F64756C653A204F54412053696D706C92
S214047178652053746F7261676520506C7567696E15
S21404718800496D616765732053746F7265643A20AD
S214047198202564206F6620310A00253032583A00CC
S2140471A86570202530325820636C7573202530347A
S2140471B858206174747220253034582073767220EF
S2140471C8256300206D6667202530325800207265D6
S2140471D8706F7274206D696E2025303458206D6186
S2140471E8782025303458207270742D6368672025FB
S2140471F83038580020726563656976652066726F54
S2140472086D20253034582065702025303258207477
S214047218696D656F757420253034580072656D6F16
S214047228766500636C656172696E67206C61737459
S214047238207265706F72742074696D65206F66209D
S214047248616C6C2061747472696275746573007419
S214047258657374696E672074696D696E67206F66F6
S21404726820766172696F7573207265706F727469BF
S2140472786E67206F7065726174696F6E73002D2D6A
S2140472882D2D2D2D2D2D2D2D2D2D2D2D2D2D2D2D1D
S2140472982D2D2D2D2D2D2D2D2D2D2D2D2D2D2D2D0D
S2140472A82D2D2D2D2D2D2D2D2D2D2D2D2D002D2D2A
S2140472B87461626C65207265616473202D2066753E
S2140472C86C6C207461626C652D2D00726573756C28
S2140472D874203D202564206D73002D2D696E697415
S2140472E8202F207363686564756C65207469636B06
S2140472F82D2D2D002D2D6C6F616420636F6E6669CD
S2140473086775726174696F6E2064656661756C74FE
S214047318732D2D002F686F6D652F72756E6E6572EE
S2140473282F776F726B2F747579612D7A696762652A
S214047338652D7377697463682F747579612D7A6916
S214047348676265652D7377697463682F73696C6102
S21404735862735F746F6F6C732F73696D706C696397
S2140473686974795F73646B2F70726F746F636F6C74
S2140473782F7A69676265652F6170702F6672616D12
S21404738865776F726B2F706C7567696E2F72657090
S2140473986F7274696E672F7265706F7274696E6740
S2140473A82E6300524541445F5250545F434647009B
S2140473B8726561645F7265706F7274696E675F6325
S2140473C86F6E66696775726174696F6E0052657070
S2140473D86F7274696E673A206661696C65642074B6
S2140473E86F2073656E6420257320726573706F6EE4
S2140473F873653A20307825303258004552523A2080
S21404740872656164696E6720636C7573746572204F
S21404741830782530345820617474726962757465DE
S214047428203078253034583A2030782530325800C1
S2140474384552523A207265706F7274696E67206F8F
S21404744866204C4F4E4720737472696E67206174C9
S214047458747269627574652074797065206E6F74C9
S21404746820737570706F727465643A20636C7573F4
S21404747874657220307825303458206174747269C3
S2140474886275746520307825303458005265706FFC
S2140474987274696E6720456E7472792046756C6CD2
S2140474A8202D206372656174696E67206E65772087
S2140474B87265706F7274004346475F5250540020DA
S2140474C82D20646972656374696F6E3A2530325884
S2140474D82C20617474723A253034580020202074A5
S2140474E87970653A253032582C206D696E3A253005
S2140474F834582C206D61783A2530345800202020E2
S2140475086368616E67653A0020202074696D656F4C
S21404751875743A2530345800636F6E6669677572F9
S214047528655F7265706F7274696E67002054434CA9
S2140475384B2075706461746520616C72656164794A
S21404754820696E2070726F6772657373004D616E82
S21404755875616C2054434C4B2075706461746520C7
S2140475686661696C65642E25730053746172746968
S2140475786E67207570646174652074727573742000
S21404758863656E746572206C696E6B206B65792012
S21404759870726F6365737300557064617465205404
S2140475A843204C696E6B204B657900204E65772026
S2140475B86B65792065737461626C69736865643A8F
S2140475C800204572726F723A00506172746E65726A
S2140475D83A20005A434C20676C6F62616C20636CD7
S2140475E8757374657220636F6D6D616E6473006481
S2140475F86972656374696F6E00646973632D636F7B
S2140476086D2D67656E00646973632D636F6D2D72E7
S2140476186563006578706563742D7265706F72743F
S2140476282D66726F6D2D6D650075777269746500C9
S2140476386E7772697465007265706F72742D726500
S21404764861640073656E642D6D652D612D726570B9
S2140476586F72740043726561746573206120676C89
S2140476686F62616C20646973636F76657220636FFA
S2140476786D6D616E6420666F722074686520617330
S214047688736F6369617465642076616C7565732EBF
S21404769800636C757374657249641F6174747269E7
S2140476A86275746549641F6D61784E756D6265729E
S2140476B8546F5265706F72741F0043726561746507
S2140476C873206120676C6F62616C2073656E64203A
S2140476D86D652061207265706F727420636F6D6DBE
S2140476E8616E6420666F7220746865206173736FB8
S2140476F86369617465642076616C7565732E0063CE
S2140477086C757374657249641F6174747269627502
S214047718746549641F64617461547970651F6D6982
S2140477286E5265706F727454696D651F6D61785218
S21404773865706F727454696D651F7265706F7274C4
S21404774861626C654368616E67651F0043726561B4
S214047758746573206120676C6F62616C2072656162
S21404776864207265706F7274696E6720636F6D6DDE
S214047778616E6420666F7220746865206173736F27
S21404778863696174656420636C75737465722C2010
S21404779861747472696275746520616E64207365B9
S2140477A8727665722F636C69656E74206469726597
S2140477B86374696F6E2E00636C75737465724964BE
S2140477C81F61747472696275746549641F646972AA
S2140477D8656374696F6E1F00476C6F62616C207214
S2140477E865706F7274696E6720636F6D6D616E6421
S2140477F800656E64706F696E741F636C7573746568
S2140478087249641F61747472696275746549641F89
S2140478186D61736B1F004372656174657320612024
S214047828676C6F62616C207265616420636F6D6D4E
S214047838616E64206D65737361676520746F20726A
S2140478486561642066726F6D2074686520636C7564
S2140478587374657220616E642061747472696275EB
S2140478687465207370656369666965642E00636C65
S214047878757374657249641F617474726962757489
S2140478886549641F004372656174657320612067E7
S2140478986C6F62616C20777269746520636F6D6DB6
S2140478A8616E64206D65737361676520746F2077F5
S2140478B87269746520746F2074686520636C7573C8
S2140478C874657220616E642061747472696275747A
S2140478D8652073706563696669656400636C7573AF
S2140478E874657249641F6174747269627574654953
S2140478F8641F747970651F646174611F0043726540
S2140479086174652061206578706563742D7265708E
S2140479186F72742D66726F6D2D6D65206D65737349
S2140479286167652077697468206173736F6369613A
S2140479387465642076616C7565732E00636C757364
S21404794874657249641F61747472696275746549F2
S214047958641F74696D656F75741F0043726561747E
S21404796865206120446973636F76657220436F6D82
S2140479786D616E64732047656E6572617465642014
S214047988636F6D6D616E64207769746820617373C4
S2140479986F6369617465642076616C7565732E001F
S2140479A8636C757374657249641F73746172744387
S2140479B86F6D6D616E6449641F6D6178436F6D6D9C
S2140479C8616E6449641F0053657473207468652087
S2140479D8646972656374696F6E20666F7220676C7B
S2140479E86F62616C20636F6D6D616E64732C2065C5
S2140479F8697468657220636C69656E7420746F2098
S214047A08736572766572206F722073657276657216
S214047A1820746F20636C69656E742E0053657473E6
S214047A28206120666C616720736F20746861742017
S214047A38746865206170706C69636174696F6E2020
S214047A486672616D65776F726B2057494C4C204E91
S214047A584F5420726573706F6E6420746F20746858
S214047A6865206E657874205A434C206D657373617F
S214047A786765207468617420636F6D657320696E2A
S214047A88206F76657220746865206169722E0053CB
S214047A98657473206120666C616720736F20746850
S214047AA8617420746865206170706C6963617469B8
S214047AB86F6E206672616D65776F726B2057494CDE
S214047AC84C20726573706F6E6420746F20746865DA
S214047AD8206E657874205A434C206D65737361670D
S214047AE865207468617420636F6D657320696E2001
S214047AF86F76657220746865206169722E00536516
S214047B087473207468652044697361626C652044E4
S214047B18656661756C7420526573706F6E73652044
S214047B284672616D6520436F6E74726F6C2062696D
S214047B387420746F2075736520666F722074686588
S214047B48206E65787420636F6D6D616E6420696657
S214047B582074686520636F6D6D616E642069732098
S214047B686E6F7420616C7265616479206275696CE5
S214047B78742E0064697361626C6544656661756C2D
S214047B8874526573706F6E73651F00536574732043
S214047B9874686520666C616720746F207573652049
S214047BA874686520696E6372656D656E74656420B5
S214047BB873657175656E6365206E756D6265722092
S214047BC866726F6D20746865206672616D65776F7E
S214047BD8726B20666F7220746865206E65787420F0
S214047BE872617720636F6D6D616E642E00757365C0
S214047BF84E65787453657175656E63651F00436CCE
S214047C086920636F6D6D616E6420746F2063616CA8
S214047C186C20736C5F7A69676265655F61665F731B
S214047C2865745F74696D652066756E6374696F6ED6
S214047C3820646F63756D656E74656420696E206173
S214047C48662E680075746354696D651F0053657401
S214047C5873207468652074776F2062797465206D64
S214047C68616E756661637475726572207370656398
S214047C7869666963206964656E74696669657220F5
S214047C88746F2075736520666F7220746865206E3D
S214047C9865787420636F6D6D616E64206966207400
S214047CA8686520636F6D6D616E64206973206E6FFE
S214047CB87420616C7265616479206275696C742ECF
S214047CC8006D6667537065636966696349641F0077
S214047CD854727573742043656E746572204A6F69AE
S214047CE86E2048616E646C65723A207374617475AC
S214047CF873203D2025732C206465636973696F6E51
S214047D08203D202573202825303258292C207368D6
S214047D186F727469642030782530345800554E7371
S214047D28656375726564206A6F696E006465766952
S214047D386365206C65667400554E73656375726575
S214047D48642072656A6F696E007573652070726563
S214047D58636F6E66696775726564206B6579007310
S214047D68656E64206B657920696E20746865206387
S214047D786C6561720064656E79206A6F696E006E60
S214047D886F20616374696F6E00616C6C6F77207224
S214047D98656A6F696E73206F6E6C79006E6F7420F7
S214047DA800534C5F5354415455535F4E4554574FF4
S214047DB8524B5F555020307825303458005472752D
S214047DC873742043656E746572204555492068614E
S214047DD8732025736368616E6765642E00534C5F71
S214047DE85354415455535F4E4554574F524B5F4472
S214047DF84F574E00534C5F5354415455535F4E4FA0
S214047E08545F4A4F494E454400534C5F53544154BB
S214047E1855535F5A49474245455F4E4554574F5256
S214047E284B5F4F50454E45443A202564207365639E
S214047E3800534C5F5354415455535F5A494742457F
S214047E48455F4E4554574F524B5F434C4F5345443A
S214047E580025733A20257300646973747269627521
S214047E687465640063656E7472616C697A6564002F
S214047E78466F726D002573696E67206F6E2063689F
S214047E882025642C2070616E4964203078253034AF
S214047E9858004572726F723A2044657669636520A5
S214047EA8646F6573206E6F7420737570706F727468
S214047EB8202573206E6574776F726B20666F726DFB
S214047EC86174696F6E004A6F696E00496E76616CFC
S214047ED869642053656375726974792050726F6695
S214047EE8696C653A2030782530325800704A6F69D4
S214047EF86E20666F72202564207365633A20307896
S214047F0825303258004C696D6974696E672064754B
S214047F18726174696F6E206F66207065726D69741D
S214047F28206A6F696E2066726F6D20666F7265765A
S214047F38657220283235352920746F20323534008E
S214047F4852583A205A444F2C20636F6D6D616E6404
S214047F58203078253034582C207374617475733A3D
S214047F68203078253032580053696D706C6500529D
S214047F78583A20257320446573632052657370004D
S214047F884D61746368002C204D6174636865733AA8
S214047F982025640044657669636520416E6E6F75B6
S214047FA86E63653A203078253034580052583A20A3
S214047FB84945454520416464726573732052657368
S214047FC8706F6E73650052583A204163746976651B
S214047FD820455020526573706F6E73652C20436F6E
S214047FE8756E743A202564004E6F6465002C204D27
S214047FF86174636865733A203078253034580073A2
S2140480087461636B207665722E205B25642E256466
S2140480182E256400202573206275696C6420256407
S2140480285D005A444F00534500484100436C75733D
S21404803874657200476C6F62616C002573747820EF
S2140480483078253038582C200050726F66696C6575
S2140480583A2025732028307825303458292C204394
S2140480686C75737465723A203078253034582C2031
S21404807825642062797465732C00205A434C2025A5
S2140480887320436D642049443A2025640050726581
S2140480982D52656C6561736500416C7068612031AA
S2140480A800416C706861203200416C70686120334E
S2140480B800426574612031004265746120320042D2
S2140480C865746120330047410052657365742069FE
S2140480D86E666F3A20307825303258202825732962
S2140480E80064656C6574652062696E64696E673AD7
S2140480F82025303258202530325800010203040562
S214048108060708090A0B0C00010101010101010117
S21404811801010101005752495445204552523A205C
S2140481280025736570202530325820636C757320DB
S2140481382530345820617474722025303458206EE3
S2140481486F7420737570706F727465640025736934
S2140481586E76616C696420646174612074797065F4
S21404816800257361747472206E6F74207772697454
S21404817861626C650057524954453A206E6F207701
S214048188726974652C206A7573742061207465732B
S2140481987400524541443A20617474726962757475
S2140481A8652073697A6520746F6F206C61726765E1
S2140481B820666F722063616C6C657200636C6E7403
S2140481C8007372767200525700524F0020205241B4
S2140481D84D20200020746F6B656E200065787465EA
S2140481E8726E2000454E44504F494E542025303276
S2140481F85800636C7573202F2073696465202F20DC
S21404820861747472202F206D666720202F7479702D
S21404821865286C656E292F207277202F2073746F5B
S21404822872616765202F2064617461202872617703
S214048238290025303458202F202573202F20253058
S2140482483458202F2000202F202530325820282567
S21404825830325829202F202573202F202573202FCD
S2140482682000556E737570706F72746564004F5491
S2140482784120524541443A2065703A253032582008
S2140482886369643A253034582061747469643A25FD
S214048298303458206D736B3A25303258206D666337
S2140482A86F64653A2530345800524541443A206391
S2140482B86C757320253034582C206174747220250C
S2140482C8303458206661696C65642025303258005D
S2140482D8524541443A20636C757320253034582C33
S2140482E8206174747220253034582C2064617461BB
S2140482F84C656E3A20253032582C204F4B002825E2
S21404830863292530325825303258253032582530DE
S21404831832582530325825303258253032582530D0
S21404832832580064697361626C65002573642C2096
S21404833864726F7070696E672065702030782530B7
S214048348325820636C75732030782530345820638F
S2140483586D64203078253032580047656E65726142
S2140483687465640052656365697665640044697378
S214048378636F76657220436F6D6D616E64732072E9
S2140483886573706F6E73652028636F6D706C6574A3
S214048398653A202563292C202573204944733A20FE
S2140483A80030782530325820005F4558540052452E
S2140483B841445F415454520057524954453A206345
S2140483C86C757320253034582061747472202530F7
S2140483D8345820004641494C20253032580057521C
S2140483E84954453A20746F6F2073686F727400445A
S2140483F84953435F4154545200257325733A206306
S2140484086C7573202530345800537663204469739A
S214048418633A2000257357616974696E672025647A
S2140484282073656320666F7220646973636F76656C
S214048438727920746F20636F6D706C657465005371
S2140484487461746520636F72726573706F6E6469A5
S2140484586E6720746F20746865207468652072657A
S2140484687175657374206E6F7420666F756E640A12
S214048478002573636F6D706C6574652E0A0025732A
S2140484885365727669636520446973636F766572AB
S21404849879205374617465206C696D6974732072ED
S2140484A86561636865640A002573496C6C65676171
S2140484B86C2062726F6164636173742061646472B1
S2140484C86573732C2072656D617070696E672074AD
S2140484D86F2076616C6964206F6E652E002573467E
S2140484E861696C656420746F2073656E64206D61C1
S2140484F874636820646973636F766572793A2030AA
S21404850878253032580025735374617274696E671F
S21404851820646973636F7665727920666F72206368
S2140485286C7573746572203078253034580025735A
S2140485384661696C656420746F2073656E64207385
S214048548696D706C652064657363726970746F72A4
S21404855820726571756573743A2030782530325800
S2140485680025734661696C656420746F2073656EB4
S21404857864204945454520616464726573732072B6
S2140485886571756573743A2030782530325800253D
S214048598734661696C656420746F2073656E642025
S2140485A84E574B20616464726573732072657175E7
S2140485B86573743A20307825303258004572726FE5
S2140485C8723A202573206261642073696D706C6545
S2140485D82064657363726970746F72206C656E6765
S2140485E874682E0025734D65737361676520746F10
S2140485F86F2073686F72740025734D6573736167B3
S2140486086520746F6F2073686F727420666F7220AB
S2140486186E756D2E20656E64706F696E74730025B2
S214048628734D61746368257320666F756E6420667F
S214048638726F6D203078253034582E004572726F6C
S214048648723A20257320696E76616C6964206C65BD
S2140486586E6774682028256420213D202564292017
S214048668666F722041637469766520456E64706F20
S214048678696E7420726573706F6E73650025736710
S2140486886F7420616374697665204550207265733B
S214048698706F6E7365005554432074696D653A208F
S2140486A825642F25642F25642025643A25643A25F5
S2140486B864202825303858290028556E6B6E6F7745
S2140486C86E20636C75732E205B3078253034585DC5
S2140486D829000D0A54253038583A005258206C653B
S2140486E86E2025642C20657020253032582C206393
S2140486F86C7573203078253034582000206D6667F2
S2140487084964202530345800204643202530325802
S21404871820736571202530325820636D6420253017
S2140487283258207061796C6F61645B0042617369CA
S21404873863004F766572207468652041697220422A
S2140487486F6F746C6F6164696E6700257352582086
S214048758706B7420746F6F2073686F72743A202578
S21404876864203C202564002573525820706B7420BE
S2140487786D616C666F726D65643A202564203C20D2
S21404878825640020204861766520526F75746572EA
S21404879820537570706F7274002020456E642044F0
S2140487A86576696365204F6E6C79002020456E6196
S2140487B8626C656400202044697361626C656400B9
S2140487C84572726F722072657472696576696E672F
S2140487D820696E666F20666F72206C6962726172B9
S2140487E879204944202564002573206C69627261E7
S2140487F8727925732070726573656E74005A69679A
S2140488086265652050726F0042696E64696E67001F
S214048818536563757269747920436F72650053658E
S214048828637572697479204C696E6B204B6579732D
S2140488380043424B45203136334B310043424B45C7
S21404884820445341205369676E004543430043421E
S2140488584B45204453412056657269667900506139
S214048868636B65742056616C6964617465005A4C60
S2140488784C0043424B45203238334B310045434382
S214048888203238334B310043424B4520636F7265C0
S214048898004E4350004D756C7469206E6574776F8E
S2140488A8726B00456E68616E636564204265616339
S2140488B86F6E205265710043424B45203238334B65
S2140488C8312044534120566572696679004D756CAB
S2140488D874692D50414E002F686F6D652F72756E42
S2140488E86E65722F776F726B2F747579612D7A693E
S2140488F8676265652D7377697463682F7475796123
S2140489082D7A69676265652D7377697463682F7352
S214048918696C6162735F746F6F6C732F73696D70C3
S2140489286C69636974795F73646B2F70726F746FA4
S214048938636F6C2F7A69676265652F737461636BFE
S2140489482F636F6E6669672F736C5F7A69676265F3
S214048958655F636F6E66696775726174696F6E2E9C
S21404896863002F686F6D652F72756E6E65722F774C
S2140489786F726B2F747579612D7A69676265652DD8
S2140489887377697463682F747579612D7A69676279
S21404899865652D7377697463682F73696C61627390
S2140489A85F746F6F6C732F73696D706C6963697429
S2140489B8795F73646B2F70726F746F636F6C2F7A42
S2140489C869676265652F737461636B2F6672616D80
S2140489D865776F726B2F6165732D6563622E63000E
S2140489E82F686F6D652F72756E6E65722F776F724E
S2140489F86B2F747579612D7A69676265652D73774F
S214048A08697463682F747579612D7A696762656518
S214048A182D7377697463682F73696C6162735F7406
S214048A286F6F6C732F73696D706C69636974795FA3
S214048A3873646B2F70726F746F636F6C2F7A6967C9
S214048A486265652F737461636B2F736563757269EA
S214048A5874792F7A69676265652D736563757269BB
S214048A6874792D6D616E616765722D6E6F2D7661F2
S214048A78756C742E63004572726F723A20204661D4
S214048A88696C656420746F20726561642066726F11
S214048A986D20454550524F4D20617420307825345A
S214048AA8582C207374617475733A20256400454500
S214048AB850524F4D20496E697469616C697A6564D1
S214048AC83A20256300454550524F4D204275737928
S214048AD83A202563005061727469616C20576F727E
S214048AE8642053746F7261676520436F756E743AB9
S214048AF820256400416464726573733A20307825CF
S214048B0834582C205061727469616C20576F7264F3
S214048B183A203078255800636F6E6669726D65640E
S214048B2800617373756D6564000A454550524F4D70
S214048B3820496E666F004E6F7420617661696C61B9
S214048B48626C6520286F6C64657220626F6F746C43
S214048B586F6164657229005061727420446573639A
S214048B6872697074696F6E3A2020202020202020B5
S214048B7820202573004361706162696C69746965B5
S214048B88733A202020202020202020202020202067
S214048B9830782532580050616765204572617365E0
S214048BA82074696D65202873293A20202020202007
S214048BB82564005061727420457261736520746977
S214048BC86D65202873293A2020202020202564005B
S214048BD8506172742045726173652074696D6520EE
S214048BE8286D73293A20202020202025640050610F
S214048BF867652073697A6520286279746573293AEB
S214048C08202020202020202020256C00506172740B
S214048C182073697A6520286279746573293A202056
S214048C2820202020202020256C00576F7264207393
S214048C38697A6520286279746573293A2020202089
S214048C48202020202025642028257029004545500A
S214048C58524F4D20696E69743A2030782558002F93
S214048C68686F6D652F72756E6E65722F776F726B8F
S214048C782F747579612D7A69676265652D737769CE
S214048C887463682F747579612D7A69676265652DD2
S214048C987377697463682F73696C6162735F746F42
S214048CA86F6C732F73696D706C69636974795F731D
S214048CB8646B2F7574696C2F706C7567696E2F708A
S214048CC86C7567696E2D636F6D6D6F6E2F65657055
S214048CD8726F6D2F656570726F6D2E6300556E61C9
S214048CE8626C6520746F20626F6F7420696D6167AB
S214048CF86520617420736C6F7420256C640A0053B5
S214048D086C6F74204D616E61676572206661696C6C
S214048D18656420746F20657261736520736C6F7464
S214048D280A004D61782072656164206C696D697407
S214048D382073657420746F202564206279746573C3
S214048D480A00416464726573732020202020202062
S214048D58202020446174610A00307825346C782019
S214048D68202020202020307825780A004661696C67
S214048D78656420746F20726561642066726F6D2066
S214048D88666C6173680A00536C6F7420256C640AF9
S214048D9820204164647265737320202020203A20C2
S214048DA8307825346C580A20204C656E6774682021
S214048DB820202020203A20307825346C5820282576
S214048DC86C64206279746573290A002020547970CB
S214048DD86520202020202020203A20004E6F20479F
S214048DE8424C2070726573656E740A005A6967424D
S214048DF865650A005468726561640A00436F6E6E9E
S214048E086563740A00426C7565746F6F74680A004B
S214048E18426C7565746F6F7468206170706C6963F2
S214048E286174696F6E0A004D43550A004F7468658D
S214048E387220283078256C58290A00202056657236
S214048E4873696F6E20202020203A203078256C58CD
S214048E580A0020204361706162696C6974696573ED
S214048E683A20307825346C580A00202050726F64F3
S214048E7875637420494420203A2000307825582009
S214048E8800536C6F74204D616E616765723A206694
S214048E9861696C656420746F20696E697469616CB5
S214048EA8697A6520626F6F746C6F616465722028D6
S214048EB86572726F72203078253478290A005665F0
S214048EC87273696F6E20202020203A2025640A00D9
S214048ED85061727420202020202020203A202573F8
S214048EE80A004361706162696C69746965733A2043
S214048EF8307825780A00506172742073697A652080
S214048F0820203A20256420420A00506167652073B1
S214048F18697A652020203A20256420420A00576F83
S214048F2872642073697A652020203A2025642042DA
S214048F380A00536C6F7473202020202020203A20C7
S214048F4825640A004661696C656420746F2072653E
S214048F5861642066726F6D2073746F726167652032
S214048F68666C61736820286572726F72202564299E
S214048F780A00496E76616C696420736C6F742025E8
S214048F886420286D617820736C6F74202564290A20
S214048F98004661696C656420746F2067657420698F
S214048FA86E666F20666F7220736C6F742025640A71
S214048FB800536C6F74204D616E616765723A207356
S214048FC86C6F74207772697465206661696C757253
S214048FD8652E2041646472657373206F66667365D4
S214048FE8742028256429202B207772697465206CE0
S214048FF8656E67746820282564292067726561741D
S2140490086572207468616E20746F74616C20736C6A
S2140490186F74206C656E67746820282564290A00B6
S214049028536C6F74204D616E616765722077617248
S2140490386E696E673A20736C6F74202564206C65BD
S2140490486E6774682028256429206E6F7420616C06
S21404905869676E656420746F20706167652073693C
S2140490687A6520282564292E2054686520656E7440
S21404907869726520736C6F742077696C6C206E6FE8
S21404908874206265206572617365642E0A00536CE9
S2140490986F74204D616E616765723A206661696C0B
S2140490A8656420746F206572617365202564206288
S2140490B87974657320696E20736C6F742025642038
S2140490C8617420616464726573732030782534781B
S2140490D820286572726F722030782578290A004530
S2140490E872617365642025642062797465732069E7
S2140490F86E20736C6F742025640A004661696C657B
S2140491086420746F2073657420736C6F7420746F96
S21404911820626F6F7420286572726F72203078250B
S2140491283478290A004661696C656420746F207374
S2140491386574206C697374206F6620736C6F74731F
S21404914820746F20626F6F7420286572726F7220A5
S2140491583078253478290A004661696C6564207479
S2140491686F20676574206E6577206C697374206F4A
S2140491786620736C6F747320746F20626F6F74202C
S214049188286572726F72203078253478290A00426E
S2140491986567696E6E696E6720696D6167652076B6
S2140491A86572696669636174696F6E2E2E2E002E69
S2140491B86661696C65642120284572726F72203076
S2140491C878253478290A002E706173736564212023
S2140491D8426F6F74696E6720736C6F742025640A17
S2140491E800666E692B00666E69006E616E00666EB8
S2140491F8692D006C696273006273656E640072653B
S214049208736574007261770073656E645F6D756C60
S2140492187469636173740073656E642D7573696E1F
S214049228672D6D756C7469636173742D62696E64F9
S214049238696E670074696D6573796E630067657433
S2140492482D7074692D726164696F2D636F6E66691B
S2140492586700636F6E6669672D6363612D6D6F645F
S21404926865006576656E74730073656375726974F4
S21404927879007A69676265655F7072696E740070F2
S2140492886C7567696E006E6574006B657973006F3C
S2140492987074696F6E00706C7567006368616E67DA
S2140492A8656B6579006368616E67656B007A646FE1
S2140492B8007072696E742072656C617465642063EC
S2140492C86F6D6D616E64732E0061747472005A64F7
S2140492D86F2072656C6174656420636F6D6D616E72
S2140492E864732E00726F75746500706F776572000C
S2140492F86D676D742D6C7169006D676D742D626988
S2140493086E64006E6F64650073696D706C650069E1
S214049318656565006E776B00756E62696E64006ECF
S214049328776B2D757064006F75742D636C2D6C697E
S214049338737400696E2D636C2D6C697374005A64BB
S2140493486F20696E2D636C2D6C6973742072656C5E
S2140493586174656420636F6D6D616E64732E005A64
S214049368646F206F75742D636C2D6C69737420722A
S214049378656C6174656420636F6D6D616E64732ECD
S214049388005A646F206E776B2D7570642072656C56
S2140493986174656420636F6D6D616E64732E00730B
S2140493A863616E2D6368616E2D6D61736B00736304
S2140493B8616E006368616E5067006368616E005A88
S2140493C8646F20756E62696E642072656C6174657C
S2140493D86420636F6D6D616E64732E00756E6963C9
S2140493E8617374006368616E67656B65792072657E
S2140493F86C6174656420636F6D6D616E64732E00B2
S2140494086C696E6B004F7074696F6E2072656C6160
S21404941874656420636F6D6D616E64732E00726587
S214049428676973746572006469736300696E73743C
S214049438616C6C2D636F64650062696E64696E673F
S2140494482D7461626C65007072696E742D72782D65
S2140494586D73677300617073726574727900415036
S2140494685320726574727920666C616720666F7221
S214049478636520636F6D6D616E647300456E61622B
S2140494886C65732F44697361626C657320707269C6
S2140494986E74696E67206F66205278206D657373E4
S2140494A8616765732E00656E61626C650042696E5D
S2140494B864696E67207461626C652072656C617499
S2140494C8656420636F6D6D616E64732E0053656307
S2140494D87572697479206B6579732072656C61742A
S2140494E8656420636F6D6D616E64732E0064656CCD
S2140494F8657465004E6574776F726B2072656C616F
S21404950874656420636F6D6D616E64732E00666F98
S214049518726D0072656A6F696E2D646966662D647D
S21404952865766963652D747970650065787470610D
S2140495386E69640069736F70656E0062726F616449
S2140495482D706A6F696E006368616E67652D63685F
S214049558616E6E656C00696E6974006368616E6737
S214049568652D6B6565702D616C6976652D6D6F6408
S214049578650074696D656F75742D6F7074696F6EA8
S2140495882D6D61736B006D756C74692D7068792D1B
S2140495987374617274006D756C74692D7068792DB6
S2140495A873746F700066696E64006E6574776F72A4
S2140495B86B2066696E6420636F6D6D616E64732ECE
S2140495C8006A6F696E61626C6500756E75736564B2
S2140495D800736C6F742D6D616E6167657200636FDE
S2140495E8756E746572730066696E642D616E642D9B
S2140495F862696E6400667261676D656E746174692B
S2140496086F6E0067726F7570732D73657276657208
S214049618006E6574776F726B2D7374656572696E08
S21404962867006F74612D626F6F746C6F6164006F8E
S21404963874612D636C69656E74006F74612D737440
S2140496486F726167652D636F6D6D6F6E006F746101
S2140496582D73746F726167652D656570726F6D0022
S21404966869646C652D736C656570007570646174E7
S214049678652D74632D6C696E6B2D6B65790075703A
S214049688646174652D74632D6C696E6B2D6B6579D6
S2140496982072656C6174656420636F6D6D616E64B9
S2140496A8730074696D6572006E6F7700436F6D6D35
S2140496B8616E647320746F20636F6E74726F6C20AF
S2140496C869646C696E672F736C656570696E67206C
S2140496D86F66207468652064657669636500666FDE
S2140496E87263652D6177616B65006177616B652DC3
S2140496F87768656E2D6E6F742D6A6F696E65640083
S2140497087265706F7274696E672072656C617465D1
S2140497186420636F6D6D616E64732E00636C65619F
S214049728722D6C6173742D7265706F72742D746902
S2140497386D6500746573742D74696D696E67006F62
S21404974874612D73746F726167652D656570726FC9
S2140497586D2072656C6174656420636F6D6D616EEF
S21404976864732E0077697065006F74612D73746F67
S214049778726167652D636F6D6D6F6E2072656C61BF
S21404978874656420636F6D6D616E647300707269CE
S2140497986E74496D616765730072656C6F61640009
S2140497A873746F726167652D696E666F00646174A1
S2140497B8612D7072696E74006F74612D636C6965CF
S2140497C86E742072656C6174656420636F6D6D6178
S2140497D86E64732E0076657269667900626C6F63D0
S2140497E86B2D7465737400706167652D7265717589
S2140497F865737400757067726164652D726571753A
S2140498086573740064697361626C652D646F776E42
S21404981867726164657300656E61626C652D646F5A
S214049828776E677261646573006F74612D626F6F1B
S214049838746C6F61642072656C6174656420636F10
S2140498486D6D616E6473006E6574776F726B2D73DD
S21404985874656572696E672072656C6174656420E8
S214049868636F6D6D616E64732E007072652D636F21
S2140498786E666967757265642D6B65792D73657494
S214049888006D61736B2072656C6174656420636F28
S2140498986D6D616E642E0073756274726163740014
S2140498A867726F7570732D7365727665722072654C
S2140498B86C6174656420636F6D6D616E64732E00ED
S2140498C8667261676D656E746174696F6E20726521
S2140498D86C6174656420636F6D6D616E64732E00CD
S2140498E87365742D72782D77696E646F772D736936
S2140498F87A65006172746966696369616C2D626C65
S2140499086F636B2D64726F700046696E6420616EB7
S214049918642062696E642072656C61746564206391
S2140499286F6D6D616E64732E00696E697469617417
S2140499386F7200656E61626C655F7479706500733A
S2140499487461636B00617070007A636C006C6567A1
S2140499586163795F61665F646562756700636F75E6
S2140499686E746572732072656C6174656420636FC7
S2140499786D6D616E64732E007072696E742D636FFC
S214049988756E7465722D747970650073696D706C84
S214049998652D7072696E74007072696E742D7468C1
S2140499A8726573686F6C6473007365742D7468727B
S2140499B86573686F6C640072657365742D74687279
S2140499C86573686F6C64730073656E642D72657175
S2140499D87565737400736563757269747920726546
S2140499E86C6174656420636F6D6D616E6473007377
S2140499F865742D616C6C6F772D74727573742D6332
S214049A08656E7465722D72656A6F696E2D757369F5
S214049A186E672D77656C6C2D6B6E6F776E2D6B6528
S214049A2879007365742D616C6C6F772D7472757319
S214049A38742D63656E7465722D72656A6F696E2D12
S214049A487573696E672D77656C6C2D6B6E6F776EA4
S214049A582D6B65792D74696D656F757400736574FF
S214049A682D6B65792D726571756573742D706F6CC1
S214049A78696379006D66672D746F6B656E00617037
S214049A887300536563757269747920617073207204
S214049A98656C6174656420636F6D6D616E64732EA6
S214049AA8004765742F736574204D464720746F6BA2
S214049AB8656E2E00656E64706F696E742072656CD0
S214049AC86174656420636F6D6D616E64732E0065E2
S214049AD86570726F6D207574696C69747920726527
S214049AE86C6174656420636F6D6D616E6473005396
S214049AF86C6F74204D616E616765722072656C6167
S214049B0874656420636F6D6D616E647300626F6F55
S214049B18742D736C6F740065726173652D736C6F46
S214049B2874006578742D666C6173682D696E666F4B
S214049B3800736C6F74732D696E666F005072696E6D
S214049B4874732074696D652E005072696E74732080
S214049B586174747269627574652E00436C6561720B
S214049B687320746865205A444F206C697374206F98
S214049B786620636C69656E742028696E2920636C98
S214049B887573746572732E004164647320636C7510
S214049B98737465727320746F20746865206B6E6FB7
S214049BA8776E20636C69656E742028696E29206355
S214049BB86C757374657273206F6E2074686973208D
S214049BC86465766963652E00436C656172732074F8
S214049BD86865205A444F206C697374206F66206346
S214049BE86C69656E7420286F75742920636C7573A8
S214049BF8746572732E004164647320636C757374A1
S214049C0865727320746F20746865206B6E6F776E48
S214049C1820636C69656E7420286F75742920636CDC
S214049C28757374657273206F6E2074686973206424
S214049C3865766963652E0053656E647320616E20CD
S214049C48757064617465206368616E6E656C2072F5
S214049C586571756573742E006368616E6E656C1F36
S214049C680053656E647320616E2075706461746554
S214049C78206368616E6E656C207061676520726526
S214049C88712E2054686520737461636B2073656E47
S214049C986473206E776B20656E68616E63656420F6
S214049CA87570646174652072657120666F72206EC3
S214049CB86F6E2D7A65726F20706167652E00636813
S214049CC8616E6E656C1F706167651F00506572660D
S214049CD86F726D7320616E20656E65726779207386
S214049CE863616E2E007461726765744E6F646549AD
S214049CF8641F7363616E4475726174696F6E1F7353
S214049D0863616E436F756E741F0042726F6164639D
S214049D186173747320746865204944206F662074E0
S214049D286865206E6577206E6574776F726B206D34
S214049D38616E6167657220616E642061637469761A
S214049D4865206368616E6E656C732E006E776B4D66
S214049D58676549641F6368616E6E656C4D61736BF5
S214049D681F00506572666F726D7320616E20656E93
S214049D7865726779207363616E206F6E20676976F3
S214049D88656E206368616E6E656C206D61736B2EFC
S214049D98007461726765744E6F646549641F736303
S214049DA8616E4475726174696F6E1F7363616E4386
S214049DB86F756E741F6368616E6E656C4D61736B48
S214049DC81F0053656E64732061206E6574776F7226
S214049DD86B2061646472657373207265717565734C
S214049DE87420666F722074686520676976656E20CD
S214049DF84945454520616464726573732E00696538
S214049E0865651F00526571756573747320616E20ED
S214049E1849454545206164647265737320626173BD
S214049E286564206F6E206120676976656E206E6FA4
S214049E3864652049442E006E6F646549641F0053A8
S214049E48656E647320612073696D706C6520646543
S214049E587363726970746F72207265717565737452
S214049E6820666F72207468652073686F7274206148
S214049E7864647265737320616E6420656E64706FC3
S214049E88696E74207370656369666965642E006418
S214049E986573741F746172676574456E64706F6960
S214049EA86E741F0053656E64732061206D6174635D
S214049EB86844657363726970746F727352657175FA
S214049EC865737420746F2074686520676976656E98
S214049ED82064657374696E6174696F6E207769743B
S214049EE8682074686520676976656E2070726F6688
S214049EF8696C652E006E6F646549641F70726F66C0
S214049F08696C651F0053656E64732061206E6F6408
S214049F18652064657363726970746F722072657104
S214049F287565737420746F206120676976656E2082
S214049F38746172676574206465766963652E007457
S214049F4861726765741F0053656E64732061205AD6
S214049F58444F2042696E6420636F6D6D616E6420A1
S214049F68746F206120646576696365207370656321
S214049F78696669656420696E2074686520636F6D18
S214049F886D616E6420617267756D656E74732E00FC
S214049F9844657374696E6174696F6E1F536F757266
S214049FA8636520656E64706F696E741F44657374A8
S214049FB8696E6174696F6E20656E64706F696E741D
S214049FC81F636C757374657249441F72656D6F748C
S214049FD86545554936341F646573744555493634A2
S214049FE81F0053656E647320616E2061637469761E
S214049FF86520656E64706F696E7420726571756528
S21404A008737420746F207468652064657669636564
S21404A01820776974682074686520676976656E2099
S21404A02873686F72742049442E0053656E647320F7
S21404A038616E20756E62696E6420726571756573EB
S21404A0487420666F72206120756E6963617374206C
S21404A05862696E64696E6720746F2074686520741C
S21404A0686172676574206465766963652E00746139
S21404A078726765741F736F757263652065756936D4
S21404A088341F736F7572636520656E64706F696ECE
S21404A098741F636C757374657249441F64657374BE
S21404A0A8696E6174696F6E45554936341F64657305
S21404A0B874696E6174696F6E20656E64706F696E1C
S21404A0C8741F0053656E647320616E20756E626932
S21404A0D86E64207265717565737420666F7220618C
S21404A0E8206D756C7469636173742062696E646943
S21404A0F86E6720746F20746865207461726765746F
S21404A108206465766963652E007461726765741FDA
S21404A118736F757263652065756936341F736F755A
S21404A12872636520656E64706F696E741F636C7500
S21404A1387374657249441F67726F757041646472FC
S21404A1486573731F0053656E64732061205A444F09
S21404A158204D616E6167656D656E74204C65617629
S21404A1686520636F6D6D616E6420746F2074686516
S21404A17820746172676574206465766963652E0069
S21404A1887461726765741F72656D6F766543686976
S21404A1986C6472656E1F72656A6F696E1F0053651C
S21404A1A86E64732061205A444F204D474D542D4207
S21404A1B8696E64202842696E64696E672054616219
S21404A1C86C6529205265717565737420746F2074E4
S21404A1D8686520746172676574206465766963656A
S21404A1E82E007461726765741F7374617274496EA5
S21404A1F86465781F0053656E64732061205A444F63
S21404A208204D474D542D4C514920284C5149205433
S21404A21861626C6529205265717565737420746F64
S21404A228207468652074617267657420646576694D
S21404A23863652E0053656E64732061205A444F206C
S21404A248506F7765722044657363726970746F72B1
S21404A258205265717565737420746F207468652060
S21404A268746172676574206465766963652E005345
S21404A278656E64732061205A444F20726F75746546
S21404A288207265717565737420636F6D6D616E6495
S21404A29820746F20746865207461726765742E0074
S21404A2A87461726765741F696E6465781F00696EE9
S21404A2B86465781F65756936341F696E7374616CD6
S21404A2C86C436F64651F00696E6465781F657569FD
S21404A2D836341F6B65791F005443206C696E6B20F7
S21404A2E86B6579207265717565737420706F6C6917
S21404A2F863791F417070206C696E6B206B657920DA
S21404A3087265717565737420706F6C6963791F0064
S21404A318426F6F6C3A20616C6C6F77207472757339
S21404A328742063656E7465722072656A6F696E2040
S21404A3387573696E672077656C6C2D6B6E6F776EB8
S21404A348206B65791F0070726F66696C6549641FB7
S21404A358636C757374657249641F0074617267650B
S21404A3687449641F00456E61626C65732070726977
S21404A3786E74696E67206F66205278206D657373F5
S21404A388616765732E00536574732074686520626C
S21404A398696E64696E67207461626C6500696E64D0
S21404A3A865781F636C75737465721F6C6F63616C74
S21404A3B845701F72656D6F746545701F65756936DF
S21404A3C8341F00436C656172732074686520626983
S21404A3D86E64696E67207461626C652E00507269DB
S21404A3E86E7473207468652062696E64696E67208B
S21404A3F87461626C6520746F2074686520636F6D81
S21404A4086D616E64206C696E652E00436C656172BE
S21404A4187320616C6C207365637572697479206B3C
S21404A4286579732E0044656C6574652074686520C8
S21404A438737065636966696564206C696E6B206B06
S21404A448657920696E6465782E005072696E747337
S21404A45820616C6C207365637572697479206B650A
S21404A46879732E005465726D696E61746573207411
S21404A4786865206D756C74692D50485920696E742A
S21404A488657266616365005573656420746F20732E
S21404A49874617274206D756C74692D5048592069FE
S21404A4A86E74657266616365206F7468657220747D
S21404A4B868616E206E617469766520616E642066D4
S21404A4C86F726D20746865206E6574776F726B2E74
S21404A4D82054686520737461636B207573657320F4
S21404A4E873616D652050616E4964206173206E61E6
S21404A4F87469766520726164696F206E6574776F17
S21404A508726B2E00706167651F6368616E6E656C9A
S21404A5181F706F7765721F6F7074696F6E734D6105
S21404A528736B20284269742030203D20526F75745E
S21404A53865727320616C6C6F7765642C204269744D
S21404A5482031203D2042726F616463617374206118
S21404A5586C6C6F776564291F00417474656D70743C
S21404A5687320746F206368616E676520746865205D
S21404A5786368696C642074696D656F7574206F70A0
S21404A58874696F6E206D61736B20746F2066696CD6
S21404A598746572206F757420756E6465736972616C
S21404A5A8626C652076616C7565732028652E672E47
S21404A5B8206E6F206D6F7265207468616E2033207C
S21404A5C864617973292E0074696D656F7574206FDC
S21404A5D87074696F6E206D61736B1F0053776974AE
S21404A5E863686573206265747765656E206469665A
S21404A5F8666572656E74206B65657020616C697635
S21404A60865206D6F64657320737570706F727465FA
S21404A61864206279206120726F757465722E004B0F
S21404A62865657020616C697665206D6F64651F00CA
S21404A6385072696E747320746865206375727265E7
S21404A6486E74204E6F64652049442C20455549365F
S21404A658342C20616E642050616E2049442E0049D3
S21404A6686E697469616C697A65732061206E6574B5
S21404A678776F726B3B207468697320697320612056
S21404A6887465737420636F6D6D616E64207573658D
S21404A6986420666F722074632D737761702D6F75EE
S21404A6A8742074657374696E672E0053657473201A
S21404A6B8746865206E6574776F726B20696E64655E
S21404A6C878207573656420627920616C6C206675E1
S21404A6D87475726520434C4920636F6D6D616E64B2
S21404A6E8732E20204265666F7265206578656375EB
S21404A6F874696E67206120434C4920636F6D6D61F1
S21404A7086E642C20746865206672616D65776F7256
S21404A7186B20737769746368657320746F20746834
S21404A7286973206E6574776F726B2E202041667489
S21404A73865722074686520636F6D6D616E6420664B
S21404A748696E697368657320657865637574696E80
S21404A758672C20746865206672616D65776F726B06
S21404A768207377697463686573206261636B207409
S21404A7786F207468652070726576696F7573206ECD
S21404A7886574776F726B2E202054686520434C4995
S21404A7982075736573207468652073616D65206E13
S21404A7A86574776F726B20696E64657820756E744D
S21404A7B8696C2074686520646576696365207265CB
S21404A7C873657473206F72206974206973206368D4
S21404A7D8616E676564207468726F7567682074684C
S21404A7E8697320636F6D6D616E642E0041747465C1
S21404A7F86D70747320746F206368616E6765206477
S21404A8086576696365206F76657220746F206120AB
S21404A818646966666572656E74206368616E6E65E3
S21404A8286C20676976656E20696E20746865206397
S21404A83868616E6E656C20617267756D656E742EE0
S21404A84800546865206368616E6E656C20746F20BA
S21404A8586368616E676520746F1F0066696E645569
S21404A8686E7573656450616E49640066696E644A01
S21404A8786F696E61626C654E6574776F726B0050B3
S21404A88865726D697473206A6F696E696E67206F86
S21404A8986E20746865206E6574776F726B20666FB9
S21404A8A872206120676976656E206E756D626572C2
S21404A8B8206F66207365636F6E647320414E442070
S21404A8C862726F616463617374732061205A444FC3
S21404A8D8204D676D74205065726D6974204A6F69DF
S21404A8E86E696E67207265717565737420746F205F
S21404A8F8616C6C20726F75746572732E00412073D8
S21404A908696E676C65206279746520696E6469632C
S21404A9186174696E6720686F77206C6F6E67207441
S21404A9286865206465766963652073686F756C640A
S21404A9382068617665207065726D6974206A6F692F
S21404A9486E696E67207475726E6564206F6E206615
S21404A9586F722E20412076616C7565206F662030F4
S21404A968786666207475726E73206F6E20706572D2
S21404A9786D6974206A6F696E20696E646566696EAF
S21404A9886974656C792E1F00436865636B73206E63
S21404A9986574776F726B20706A6F696E2073746162
S21404A9A87475732E0057726974657320746865200D
S21404A9B8657874656E6465642070616E2049442009
S21404A9C8666F7220746865206465766963652E0010
S21404A9D865787470616E69641F0052656A6F696E83
S21404A9E87320616E206578697374696E67206E6576
S21404A9F874776F726B20696E206120736563757255
S21404AA0865206F7220696E736563757265206D6163
S21404AA186E6E65722077697468206120646966665C
S21404AA286572656E742064657669636520747970EA
S21404AA38652E00426F6F6C65616E206E6574776F65
S21404AA48726B206B657920617661696C6162696CEA
S21404AA586974791F4368616E6E656C206D61736BEB
S21404AA681F416E20656E756D65726174696F6E2020
S21404AA78696E6469636174696E67207468652064C6
S21404AA886576696365207479706520746F207265CD
S21404AA986A6F696E2061732E5468652073746163E7
S21404AAA86B206F6E6C7920616363657074732053D2
S21404AAB84C5F5A49474245455F454E445F444556B0
S21404AAC849434520616E6420534C5F5A49474245C2
S21404AAD8455F534C454550595F454E445F4445567B
S21404AAE84943452E1F0052654A6F696E73206120DC
S21404AAF86E6574776F726B2E00426F6F6C65616E4D
S21404AB08206E6574776F726B206B65792061766149
S21404AB18696C6162696C6974791F4368616E6E65F5
S21404AB286C206D61736B1F004C65617665732061DC
S21404AB38206E6574776F726B2E005475726E732070
S21404AB487065726D6974206A6F696E696E67206FC6
S21404AB586E20666F722074686520616D6F756E74FA
S21404AB68206F662074696D6520696E646963617414
S21404AB7865642E00412073696E676C65206279747B
S21404AB886520696E6469636174696E6720686F77A7
S21404AB98206C6F6E672074686520646576696365E3
S21404ABA82073686F756C64206861766520706572BA
S21404ABB86D6974206A6F696E696E67207475726E43
S21404ABC8206F6E20666F722E20412076616C756544
S21404ABD8206F662030786666207475726E732070EF
S21404ABE865726D6974206A6F696E20696E6465663D
S21404ABF8696E6974656C792E1F004A6F696E7320D6
S21404AC0861206E6574776F726B206F6E20612067A3
S21404AC186976656E206368616E6E656C2C2077694C
S21404AC287468206120676976656E20545820506FD2
S21404AC3877657220616E642050414E2049442E0088
S21404AC48546865206368616E6E656C206F6E207745
S21404AC586869636820746F206A6F696E2074686513
S21404AC68206E6574776F726B1F4F6E652D627974EC
S21404AC7865207369676E65642076616C75652069FE
S21404AC886E6469636174696E6720746865205458D5
S21404AC9820506F7765722074686174207468652024
S21404ACA8726164696F2073686F756C6420626520CE
S21404ACB873657420746F1F5468652050414E20498C
S21404ACC844206F6E20776869636820746F206A6F03
S21404ACD8696E20746865206E6574776F726B1F00E2
S21404ACE8466F726D732061206E6574776F726B2081
S21404ACF86F6E206120676976656E206368616E6E84
S21404AD08656C2C2077697468206120676976656E9F
S21404AD1820545820506F77657220616E6420504125
S21404AD284E2049442E00546865206368616E6E653B
S21404AD386C206F6E20776869636820746F20666F6E
S21404AD48726D20746865206E6574776F726B1F4F1A
S21404AD586E652D62797465207369676E65642076FE
S21404AD68616C756520696E6469636174696E6720D1
S21404AD7874686520545820506F776572207468612B
S21404AD88742074686520726164696F2073686F75CF
S21404AD986C642062652073657420746F1F5468653C
S21404ADA82050414E204944206F6E207768696368B6
S21404ADB820746F20666F726D20746865206E6574E3
S21404ADC8776F726B1F005468697320696E697469BB
S21404ADD86174657320612054434C4B20757064611C
S21404ADE874652070726F6365647572652E0053709F
S21404ADF865636966792074686520616D6F756E741D
S21404AE08206F662074696D6520746F207761697495
S21404AE18206166746572206F6E652054434C4B201F
S21404AE28757064617465206F7065726174696F6E9D
S21404AE3820636F6D706C65746573206265666F72E7
S21404AE486520626567696E6E696E672061206E6547
S21404AE58772054434C4B20757064617465206F707A
S21404AE6865726174696F6E2E0054686520616D6F33
S21404AE78756E74206F662074696D652062657477D4
S21404AE8865656E2073756273657175656E74207476
S21404AE98727573742063656E746572206C696E6B64
S21404AEA8206B6579207570646174657320696E20FB
S21404AEB86D696C6C697365636F6E64731F005365A4
S21404AEC874206F7220636C656172207374617920D4
S21404AED86177616B65207768656E206E6F74206A8B
S21404AEE86F696E656400536574206F7220636C65C1
S21404AEF8617220666F726365206177616B650044D2
S21404AF086973706C61792074686520736C65657004
S21404AF182073746174757300464F52205445535415
S21404AF28494E4720505552504F534553202D2067BD
S21404AF3861746865722074696D696E67206D6574DE
S21404AF487269637320666F72207265706F727469B3
S21404AF586E67207461626C65206F706572617469CF
S21404AF686F6E732E00436C65617273207468652077
S21404AF786C617374207265706F72742074696D6581
S21404AF88206F6620617474726962757465732E0026
S21404AF98416464732061206E657720656E747279E7
S21404AFA820746F20746865207265706F72742074DC
S21404AFB861626C652E00546865206C6F63616C2052
S21404AFC8656E64706F696E742066726F6D2077683C
S21404AFD8696368207468652061747472696275743C
S21404AFE865206973207265706F727465641F54688F
S21404AFF86520636C7573746572207768657265205E
S21404B00874686520617474726962757465206973FE
S21404B018206C6F63617465641F5468652049442016
S21404B0286F662074686520617474726962757465E5
S21404B038206265696E67207265706F727465641F36
S21404B0483020666F7220636C69656E742D7369644C
S21404B058652061747472696275746573206F7220F2
S21404B0683120666F72207365727665722D73696413
S21404B0786520617474726962757465731F546865B3
S21404B088206D696E696D756D207265706F7274696E
S21404B0986E6720696E74657276616C2C206D6561C6
S21404B0A8737572656420696E207365636F6E647366
S21404B0B82E1F546865206D6178696D756D207265FC
S21404B0C8706F7274696E6720696E74657276616CE7
S21404B0D82C206D6561737572656420696E207365CE
S21404B0E8636F6E64732E1F546865206D696E696D90
S21404B0F8756D206368616E676520746F2074686573
S21404B1082061747472696275746520746861742049
S21404B11877696C6C20726573756C7420696E20612F
S21404B128207265706F7274206265696E6720736535
S21404B1386E742E1F0052656D6F76657320616E20DF
S21404B148656E7472792066726F6D207468652072F5
S21404B15865706F7274207461626C652E005468653D
S21404B16820696E646578206F662074686520726549
S21404B178706F727420746F2062652072656D6F76C6
S21404B18865641F00436C6561727320616C6C20658E
S21404B1986E74726965732066726F6D2074686520B4
S21404B1A87265706F7274207461626C652E005072DA
S21404B1B8696E747320746865207265706F72742083
S21404B1C87461626C652E00576970657320616C6CD7
S21404B1D8206461746120696E207468652073746FD6
S21404B1E872616765206465766963652E00507269C6
S21404B1F86E747320617262697472617279206279FE
S21404B208746573206F6620746865204F54412069FE
S21404B2186D616765206F6E206469736B2E005468D1
S21404B2286520696E646578206F6620746865206991
S21404B2386D61676520746F207072696E7420697416
S21404B2487320646174611F546865206F666673654D
S21404B2587420696E746F20746865204F54412069A1
S21404B2686D61676520746861742077696C6C206208
S21404B27865207072696E7465641F005072696E7416
S21404B2887320696E666F726D6174696F6E20616291
S21404B2986F7574207468652073746F7261676520AF
S21404B2A86465766963652E0052656C6F6164207404
S21404B2B868652073746F7261676520646576696370
S21404B2C8652E0044656C657465732074686520692A
S21404B2D86D616765206174207468652073706563A2
S21404B2E8696669656420696E6465782E00546865C5
S21404B2F820696E64657820617420776869636820BD
S21404B308746F20626567696E2064656C6574696E1F
S21404B318672074686520696D6167651F00507269E7
S21404B3286E74732074686520696D616765732E0092
S21404B338456E61626C6573204F544120646F776E66
S21404B3486772616465732E0044697361626C657321
S21404B358204F544120646F776E6772616465732E5C
S21404B3680053656E647320616E205570677261645D
S21404B37865456E645265717565737420746F2061D3
S21404B3886E204F5441207365727665722E004361B1
S21404B3986E206265207573656420746F2064796E08
S21404B3A8616D6963616C6C79207475726E206F6662
S21404B3B8662073656E64696E6720706167652072BF
S21404B3C865717565737473206F6E20746865206381
S21404B3D86C69656E7420736964652C2069662074CC
S21404B3E868652073657276657220646F65736E2768
S21404B3F87420737570706F7274207468697320662D
S21404B4086561747572652E00426F6F6C65616E2097
S21404B41876616C7565207475726E696E67206F6EDA
S21404B42820283129206F72206F666620283029204C
S21404B43874686520706167652072657175657374D4
S21404B44820666C61671F0053656E647320616E2006
S21404B458696D61676520626C6F636B2072657175D0
S21404B46865737420666F7220612066696C65207443
S21404B4786865207365727665722073686F756C6488
S21404B488206E6F7420686176652E20205465737468
S21404B498206861726E657373206F6E6C79202874E9
S21404B4A8657374206361736520392E352E36202D16
S21404B4B8204D697373696E672046696C6529005068
S21404B4C872696E747320696E666F726D6174696FE3
S21404B4D86E206F6E207468652063757272656E746C
S21404B4E8207374617465206F6620746865204F54F1
S21404B4F84120636C69656E7420646F776E6C6F6147
S21404B508642E0053746F707320746865204F54411A
S21404B518207374617465206D616368696E652E00B6
S21404B52853746172747320746865204F54412063A1
S21404B5386C69656E74207374617465206D616368E4
S21404B548696E652E20546865207374617465206D71
S21404B558616368696E6520646973636F7665727380
S21404B56820746865204F5441207365727665722C82
S21404B578207175657269657320666F72206E6577CB
S21404B58820696D616765732C20646F776E6C6F61D4
S21404B59864732074686520696D6167657320616EDD
S21404B5A86420776169747320666F722074686520F6
S21404B5B873657276657220636F6D6D616E64207450
S21404B5C86F20757067726164652E005072696E74B8
S21404B5D87320746865206D616E7566616374757230
S21404B5E865722049442C20496D616765205479703A
S21404B5F8652049442C20616E642056657273696F11
S21404B6086E20696E666F726D6174696F6E207468F9
S21404B6186174206172652075736564207768656E49
S21404B6282061207175657279206E65787420696D5D
S21404B6386167652069732073656E7420746F20745F
S21404B6486865207365727665722062792074686509
S21404B65820636C69656E742E00506572666F726D31
S21404B66873207369676E617475726520766572698E
S21404B6786669636174696F6E206F6E2074686520EE
S21404B688696D6167652061742074686520737065E8
S21404B69863696669656420696E6465782E00546813
S21404B6A86520696E646578206174207768696368C4
S21404B6B820746F20626567696E20766572696669AC
S21404B6C8636174696F6E206F662074686520696D9F
S21404B6D86167651F00426F6F746C6F6164732074D2
S21404B6E8686520696D6167652061742074686520E3
S21404B6F873706563696669656420696E6465782035
S21404B70862792063616C6C696E6720746865204F83
S21404B718544120626F6F746C6F61642063616C6C53
S21404B7286261636B2E0054686520696E64657820D0
S21404B738617420776869636820746F206265676936
S21404B7486E20626F6F746C6F6164696E67207468CC
S21404B7586520696D6167651F005072696E74732091
S21404B768696E666F2061626F7574207468652069F7
S21404B7786E7374616C6C656420626F6F746C6F6151
S21404B7886465722E00537562747261637473206103
S21404B798206368616E6E656C2066726F6D206569DD
S21404B7A87468657220746865207072696D61727950
S21404B7B8206F72207365636F6E64617279206368A4
S21404B7C8616E6E656C206D61736B206F662074689D
S21404B7D865206E6574776F726B2D73746565726910
S21404B7E86E6720636F6D706F6E656E742E00546896
S21404B7F865206368616E6E656C206D61736B20747A
S21404B8086F2073756274726163742074686520634C
S21404B81868616E6E656C2066726F6D1F546865206D
S21404B8286368616E6E656C20746F207375627472DB
S21404B83861637420746865206D61736B2066726F2B
S21404B8486D1F00416464732061206368616E6E65D1
S21404B8586C20746F20656974686572207468652046
S21404B8687072696D617279206F72207365636F6E8A
S21404B87864617279206368616E6E656C206D6173AD
S21404B8886B206F6620746865206E6574776F726BBC
S21404B8982D7374656572696E6720636F6D706F6E5D
S21404B8A8656E742E00546865206368616E6E656CF8
S21404B8B8206D61736B20746F20616464206120635B
S21404B8C868616E6E656C20746F1F546865206368C3
S21404B8D8616E6E656C20746F2061646420746F20DA
S21404B8E8746865206D61736B1F00536574732065F7
S21404B8F8697468657220746865207072696D61720F
S21404B90879206F72207365636F6E64617279206341
S21404B91868616E6E656C206D61736B2E0054686585
S21404B928206368616E6E656C206D61736B20746F3E
S21404B9382073756274726163742074686520636822
S21404B948616E6E656C2066726F6D1F54686520762E
S21404B958616C756520746F2073657420746865203F
S21404B9686368616E6E656C206D61736B20746F2EF0
S21404B9781F005365747320746865207072652D63A0
S21404B9886F6E66696775726564206B657920736F78
S21404B998207468617420746865206A6F696E696EBD
S21404B9A867206465766963652063616E20656E74D6
S21404B9B8657220746865206E6574776F726B2E00E6
S21404B9C8536574732074686520707265636F6E6659
S21404B9D8696775726564206B65791F0053746F70A8
S21404B9E87320746865206E6574776F726B20737441
S21404B9F8656572696E672070726F636573732E006F
S21404BA0853746172747320746865206E6574776FF6
S21404BA18726B207374656572696E672070726F63E3
S21404BA286573732E0041206D61736B206F66206FFB
S21404BA387074696F6E7320666F7220696E646963CA
S21404BA486174696E672073706563696669632062EA
S21404BA5865686176696F722077697468696E2074A0
S21404BA686865206E6574776F726B2D73746565727E
S21404BA78696E672070726F636573732E1F0044695E
S21404BA8873706C6179732074686520637572726567
S21404BA986E7420737461747573206F662074686599
S21404BAA8206E6574776F726B207374656572696E41
S21404BAB8672070726F636573732E00436C656172DA
S21404BAC873207468652067726F757073207461627A
S21404BAD86C65206F6E20657665727920656E647075
S21404BAE86F696E74005072696E747320696E666F3F
S21404BAF8726D6174696F6E2061626F757420746804
S21404BB086520636F6E74656E7473206F6620746840
S21404BB18652067726F757073207461626C652E0099
S21404BB284172746966696369616C6C792064726FC2
S21404BB3870732074686520626C6F636B206E756D15
S21404BB4862657220646566696E656420627920742D
S21404BB5868652070617373656420617267756D65C6
S21404BB686E74206F6E6C79206F6E63652C20616E20
S21404BB7864207468656E20616C6C6F7773206974D2
S21404BB882075706F6E20612072657472792E005469
S21404BB98686520626C6F636B206E756D62657220D3
S21404BBA8746F206172746966696369616C6C792064
S21404BBB864726F7020746F20666F726365206120EC
S21404BBC87265747279202D2073657420746F203022
S21404BBD878464620746F2064697361626C651F003A
S21404BBE85365747320746865207265636569766541
S21404BBF82077696E646F772073697A652E202042F1
S21404BC087920646566696E6974696F6E20696E204A
S21404BC1874686520536D61727420456E6572677921
S21404BC282070726F66696C65206974206D7573740C
S21404BC382062652073657420746F203120627574E1
S21404BC48207468697320616C6C6F7773206974203C
S21404BC58746F206265206368616E6765642E00549D
S21404BC686865206D6178206E756D626572206F66F2
S21404BC782074686520626C6F636B732072656365F5
S21404BC8869766564206265666F726520616E204118
S21404BC9850532061636B2069732067656E65726113
S21404BCA87465641F004D616B65732074686973203E
S21404BCB86E6F6465207374617274206964656E744B
S21404BCC8696679696E67206173206120746172679A
S21404BCD8657420666F722062696E64696E67207781
S21404BCE869746820616E20696E69746961746F721C
S21404BCF8206E6F64652E0054686520656E64706FE8
S21404BD08696E74206F6E20776869636820746F2084
S21404BD18626567696E207468652046696E64696E34
S21404BD286720616E642042696E64696E6720746178
S21404BD38726765742070726F636573731F004D6154
S21404BD486B65732074686973206E6F6465207374FA
S21404BD586172742074686520696E69746961746FA9
S21404BD68722070617274206F662074686520666934
S21404BD786E64696E6720616E642062696E64696EBB
S21404BD88672070726F636573732E00546865206548
S21404BD986E64706F696E74206F6E20776869636866
S21404BDA820746F20626567696E207468652046692A
S21404BDB86E64696E6720616E642042696E64696E9B
S21404BDC86720696E69746961746F722070726F6334
S21404BDD86573731F00456E61626C652F64697361D1
S21404BDE8626C6520646562756720606C656761636C
S21404BDF87920617070206672616D65776F726B204A
S21404BE08646562756760207072696E7420747970F0
S21404BE18652E00456E61626C652F64697361626C99
S21404BE28651F00456E61626C652F64697361626C98
S21404BE386520646562756720607A636C602070723A
S21404BE48696E7420747970652E00456E61626C653F
S21404BE582F64697361626C65206465627567206027
S21404BE6861707060207072696E7420747970652EC3
S21404BE7800456E61626C652F64697361626C652047
S21404BE8864656275672060636F72656020707269A6
S21404BE986E7420747970652E00456E61626C652F29
S21404BEA864697361626C6520646562756720607393
S21404BEB87461636B60207072696E7420747970653F
S21404BEC82E0053656E647320612072657175657300
S21404BED87420666F72204F544120636F756E7465C4
S21404BEE872732E0052657365747320616C6C2074CB
S21404BEF868726573686F6C64732076616C756573B5
S21404BF0820746F203078464646462E005365747370
S21404BF182061207468726573686F6C642076616C3F
S21404BF28756520666F722061207061727469637526
S21404BF386C61722074797065206F6620636F756E05
S21404BF487465722E0054797065206F6620636F7569
S21404BF586E7465721F5468726573686F6C642056D5
S21404BF68616C75651F005072696E74732074686519
S21404BF78207468726573686F6C6473206F662061DA
S21404BF886C6C2074686520636F756E746572732EA6
S21404BF9800436C6561727320616C6C20636F756E08
S21404BFA87465722076616C7565732E005072696EBE
S21404BFB8747320616C6C20636F756E74657220767A
S21404BFC8616C7565732E005072696E74732074689C
S21404BFD8652076616C7565206F66207468697320C1
S21404BFE8706172746963756C617220636F756E74C0
S21404BFF865722E0054686520636F756E74657220CA
S21404C0087479706520746F207072696E741F00509E
S21404C01872696E747320616C6C20636F756E7465D8
S21404C028722076616C75657320616E6420636C6536
S21404C038617273207468656D2E00536574204D46CE
S21404C0484720746F6B656E2C2043414E4E4F542028
S21404C058424520554E53455420425920434C492EB8
S21404C068005072696E74204D464720746F6B656E77
S21404C0782E005072696E7420616374697665206553
S21404C08876656E74732E0044697361626C652074F9
S21404C098686520656E64706F696E7420666F7220BA
S21404C0A85A434C206D657373616765732E00456E3D
S21404C0B864706F696E7420696E6465781F00456ED7
S21404C0C861626C65732074686520656E64706F6958
S21404C0D86E7420666F72205A434C206D65737361C4
S21404C0E86765732E005072696E7420737461747574
S21404C0F873206F6620656E64706F696E74732E00A5
S21404C10853686F7773207468652076657273696FF1
S21404C1186E206F662074686520736F667477617224
S21404C128652E005365742074686520636F6E6669AF
S21404C1386775726564203830322E31352E342043C4
S21404C1484341206D6F646520696E207468652072AB
S21404C1586164696F2E2053656520646F63756D6529
S21404C1686E746174696F6E20726567617264696E55
S21404C17867205241494C5F49454545383032313588
S21404C188345F4363614D6F64655F742E00412052CB
S21404C19841494C5F494545453830323135345F436B
S21404C1A863614D6F64655F742076616C75651F0006
S21404C1B852657475726E73205054492072616469AE
S21404C1C86F20636F6E66696720696E666F726D614D
S21404C1D874696F6E20746F2064657465726D696E19
S21404C1E86520746865205048592074797065206203
S21404C1F865696E67207573656420627920524149C3
S21404C2084C2E2072657475726E2076616C75652086
S21404C218697320656E756D205241494C5F494545E2
S21404C228453830323135345F507469526164696F09
S21404C238436F6E6669675F7420652E6720205241D7
S21404C248494C5F494545453830323135345F50549A
S21404C258495F524144494F5F434F4E4649475F3210
S21404C268503447485A203D203078303055205241C3
S21404C278494C5F494545453830323135345F50546A
S21404C288495F524144494F5F434F4E4649475F32E0
S21404C298503447485A5F414E54444956203D20304E
S21404C2A878303155205241494C5F49454545383028
S21404C2B8323135345F5054495F524144494F5F43E5
S21404C2C84F4E4649475F32503447485A5F434F45B6
S21404C2D858203D203078303255205241494C5F4929
S21404C2E84545453830323135345F5054495F5241FC
S21404C2F844494F5F434F4E4649475F325034474898
S21404C3085A5F414E544449565F434F4558203D2092
S21404C31830783033550053656E6473206120726537
S21404C3286164206174747220666F72207468652074
S21404C33874696D65206F662074686520646576691F
S21404C3486365207370656369666965642E2049743D
S21404C3582073657473206120666C616720736F2090
S21404C3687768656E206974206765747320746865D9
S21404C37820726573706F6E736520697420777269AE
S21404C388746573207468652074696D6520746F20FD
S21404C398697473206F776E2074696D652061747490
S21404C3A8722E0049641F737263456E64706F696EFB
S21404C3B8741F64657374456E64706F696E741F00C9
S21404C3C85768656E2073656E64696E672075736951
S21404C3D86E6720612062696E64696E672C207370CC
S21404C3E8656369666965732077686574686572202D
S21404C3F861206D756C7469636173742062696E6418
S21404C408696E672073686F756C642062652075733F
S21404C41865642E007573654D756C74696361737411
S21404C42842696E64696E671F0053656E64732061A3
S21404C438207072652D6275666665726564206D7512
S21404C4486C746963617374206D65737361676520C2
S21404C458746F206120676976656E2067726F7570E1
S21404C4682049442066726F6D206120676976656E80
S21404C47820656E64706F696E742E0067726F7570CF
S21404C48849641F7372632D656E64706F696E741FDA
S21404C49800437265617465732061206D657373610A
S21404C4A867652062792073706563696679696E6763
S21404C4B820746865207261772062797465732E200B
S21404C4C8557365207468652073656E6420636F6DA4
S21404C4D86D616E6420746F2073656E64207468657D
S21404C4E8206D657373616765206F6E636520697474
S21404C4F820686173206265656E2063726561746581
S21404C508642E2045783A20726177203078303030AF
S21404C51846207B30302030412030302031312032E4
S21404C528322033332034342035357D2073656E64E9
S21404C538732061206D65737361676520746F20636B
S21404C5486C75737465722031352028307830303035
S21404C5584629206F66206C656E67746820382077D5
S21404C5686869636820696E636C75646573207468AB
S21404C57865205A434C206865616465722E00436CD6
S21404C588757374657249641F446174611F0052654B
S21404C5987365747320746865206E6F64652E00571F
S21404C5A872697465732061206D6573736167652E9F
S21404C5B800456E64706F696E741F436C757374659A
S21404C5C8722049441F4174747269627574652049FF
S21404C5D8441F4D61736B1F446174612074797065E0
S21404C5E81F4461746120627974651F005265616432
S21404C5F8732061206D6573736167652E00456E64EC
S21404C608706F696E741F436C757374657220494441
S21404C6181F4174747269627574652049441F312019
S21404C62869662073657276657220646972656374D8
S21404C638696F6E2C203020696620636C69656E7499
S21404C64820646972656374696F6E1F0053656E644F
S21404C658732061206D6573736167652E0044657386
S21404C66874696E6174696F6E1F536F7572636520A3
S21404C678656E64706F696E741F44657374696E6161
S21404C68874696F6E20656E64706F696E741F0053EC
S21404C6986F7572636520656E64706F696E741F00CB
S21404C6A84C69737473207768696368206F7074695B
S21404C6B86F6E616C206C6962726172696573206F53
S21404C6C8662074686520737461636B2061726520E4
S21404C6D8696D706C656D656E746564206F6E207424
S21404C6E8686973206465766963652E005072696E9E
S21404C6F8747320696E666F726D6174696F6E2061FB
S21404C708626F757420746865206E6574776F726BD3
S21404C7182073746174652C20636C75737465727306
S21404C7282C20616E6420656E64706F696E74732E57
S21404C738006F66667365741F005072696E747320A2
S21404C748696E666F726D6174696F6E20666F7220AB
S21404C758616C6C20617661696C61626C6520736CCF
S21404C7686F74732E00526561647320726177206457
S21404C7786174612066726F6D20666C6173682073DD
S21404C788746F726167652E00416464726573732002
S21404C798746F20726561641F4E756D626572206FD2
S21404C7A86620627974657320746F20726561641FED
S21404C7B8005072696E747320666C617368207374B3
S21404C7C86F7261676520696E666F726D6174696FF2
S21404C7D86E2E0045726173657320746865207370E5
S21404C7E86563696669656420736C6F742049442EB2
S21404C7F80053746F7261676520736C6F74206E756E
S21404C8086D6265721F00426F6F74732074686520CA
S21404C818696D61676520696E207468652073706544
S21404C82863696669656420736C6F742049442E00D6
S21404C838434C4920696E7374616E6365206578613C
S21404C8486D706C650064756D6D795F696E737400E0
S21404C8585A434C20636F6D6D616E64730062617336
S21404C868696300676C6F62616C006D66672D636F41
S21404C8786465007573652D6E6578742D73657175BA
S21404C888656E636500782D64656661756C742D72D3
S21404C89865737000746573742D726573706F6E7348
S21404C8A8652D6F6E00746573742D726573706F6E84
S21404C8B873652D6F6666005A434C2062617369631C
S21404C8C820636C757374657220636F6D6D616E6436
S21404C8D873007274666400436F6D6D616E642074D1
S21404C8E86861742072657365747320616C6C20616A
S21404C8F874747269627574652076616C75657320E4
S21404C908746F20666163746F7279206465666175F6
S21404C9186C742E005241494C006C6F7765722D6D0D
S21404C92861632D7261696C2D3830322E31352E34A0
S21404C9382E63006C69627261696C2E6100756E63A1
S21404C9486C61696D6564006275666665722D6D61F5
S21404C9586E6167656D656E742E63006576656E74C4
S21404C9682D71756575652E63007A69676265652D30
S21404C97875707065722D6D61632E63006E656967E8
S21404C98868626F722E63006173736F63696174699A
S21404C9986F6E2E63003138323173003134323231DF
S21404C9A800313231003273003132323131320031E3
S21404C9B832323131003238310038313100313832D0
S21404C9C83131003132313131323132323231730061
S21404C9D83132320031323131323231003131313193
S21404C9E80032323800726F7574652D7461626C6536
S21404C9F82E63006D61632D6D756C74692D6E657498
S21404CA08776F726B2E63006C65676163792D70614E
S21404CA18636B65742D6275666665722E6300000026
S21404CA28000002000000000000000000BA04000035
S21404CA3800000000000002000000000000000000E3
S21404CA48BA04000000000000000102030E312E3173
S21404CA582E322D6262666466633239000100000273
S21404CA6803030100060000000000030000000100A4
S21404CA7813B779FAC925DDB7ADF3CFE0F1B614B824
S21404CA880102000000000000FFFFFFFF0100000095
S21404CA980100000000000000000000000000000084
S21404CAA80000000000000000000000000000000075
S21404CAB80000000000000000000000000000000065
S21404CAC8073F03009B8B0300978B0300758B0300BB
S21404CAD8438B0300D38B0300A58B0300458B03000D
S21404CAE82C00000002020203000000000000000000
S21404CAF86480005068800050000201000009007F2E
S21404CB083CCB04000100000F1CCB0400000000000E
S21404CB1800000000E1FE59FF8FFFADFFC1FFD0FF04
S21404CB28DCFFE4FFEBFFF2FFF6FFFAFFFDFF000071
S21404CB38030005005500EDFEFF0064001E0000001B
S21404CB487F001B0DD063FDFF3600B7034DDAFFFFE9
S21404CB581C005901EC3600001100BD00C83B00005B
S21404CB680B0071001435000007004900352C00003E
S21404CB78050037000526000003001400FF14000013
S21404CB881C810400D9350400D9350400D9350400BD
S21404CB98D9350400D9350400D9350400D93504003C
S21404CBA8D9350400D9350400D9350400D93504002C
S21404CBB8D9350400D9350400D9350400D93504001C
S21404CBC8D9350400D9350400D9350400D93504000C
S21404CBD8D9350400D9350400D9350400D9350400FC
S21404CBE8D9350400D9350400D9350400D9350400EC
S21404CBF8E7350400D9350400FC350400D9350400AB
S21404CC08D935040021360400D9350400D935040082
S21404CC18D9350400D935040049360400D93504004A
S21404CC28D9350400D9350400D93504006136040022
S21404CC38D93504007F360400010304010101090301
S21404CC480B0000000B00000002000000000020207B
S21404CC5800000000030000008C8C3C00000000006C
S21404CC6800000000000000001E0000000A0000008B
S21404CC781A000000000000581200000070CC0400DF
S21404CC88554E4B00474F200042544C00474F320045
S21404CC98474F3300474F3400474F3500474F360059
S21404CCA8474F3700474F3800474F3900474F410032
S21404CCB8474F4200474F4300474F4400474F4500FD
S21404CCC8474F46004A4D50004244520055505200C1
S21404CCD842544D004D534D0046544C00554E4B009F
S21404CCE8474F200042544C004241440046544C00EE
S21404CCF8465243004F54410044534C0042415000AE
S21404CD0855504700544D450046415500545A460070
S21404CD18554E4B0050494E00454D3400554E4B0079
S21404CD2848562000554E4B00455850004C574D0069
S21404CD38554E4B005242540044534C00454D340063
S21404CD48554E4B0041535400554E4B005646590019
S21404CD58494E4800554E4B004C434B0058544C0023
S21404CD684F424600554E4B00485244004D454D0030
S21404CD78425553005553470044424700444D41002A
S21404CD8856435400554E4B00555020005250200030
S21404CD98415030004150310041502000445020009A
S21404CDA84445430088CC04008CCC0400E4CC04003E
S21404CDB818CD040024CD04002CCD040038CD04007E
S21404CDC848CD040050CD04005CCD04006CCD0400AE
S21404CDD88CCD0400554E4B004649420042544C0044
S21404CDE8455854005057520057444700205357009C
S21404CDF8435253004653480042414400464C5400AC
S21404CE0842524F0001040103030601050105010906
S21404CE180600060B0000070B050B000000000000C8
S21404CE28000000000400E40C0200010410010000E5
S21404CE380005000200000300C8D00400C4D00400A3
S21404CE48B0D00400ACD00400A8D00400A4D00400D9
S21404CE5892D0040082D0040068D0040060D0040095
S21404CE6856D0040054D004003CD0040039D0040042
S21404CE7831D0040020D0040010D00400FECF0400F3
S21404CE88E4CF0400DCCF0400D0CF0400CCCF0400E9
S21404CE98C8CF0400BACF0400AFCF040096CF04006E
S21404CEA87DCF040021CF040020CF040010CF040057
S21404CEB8E8CE0400DDCE0400DCCE0400C8CE0400B0
S21404CEC80000000000000000000000000000000051
S21404CED8000000000F000000000000000000000032
S21404CEE80000000000000000000000000000000031
S21404CEF80000000000000000000000000000000021
S21404CF08000000000000000001000000000000000F
S21404CF1800000000000000000F00000000000000F1
S21404CF2800000000000000000000000000000000F0
S21404CF3800000000000000000000000000000000E0
S21404CF4800000000000000000000000000000000D0
S21404CF5800000000000000000000000000000000C0
S21404CF6800000000000000000000000000000000B0
S21404CF7800000000000000000000000000000000A0
S21404CF880000000000000000000000000000000090
S21404CF980000000000000000000000000000000080
S21404CFA80000000000000000000000000000000070
S21404CFB80000000000000000000000000000000060
S21404CFC80000000000000000FFFFFFFFFFFFFFFF58
S21404CFD8FFFF000000000000000000000000000042
S21404CFE80000000000000000000000000000000030
S21404CFF80000000000000000000000000000000020
S21404D008000000000000000000000000000000000F
S21404D01800000000000000000000000000000000FF
S21404D028000000000000000000FFFFFFFFFFFFFFF6
S21404D038FF9C0000FF000000000000000000000045
S21404D0480000000000000000800000000000FFFF51
S21404D058FFFFFFFFFFFFFFFF00000000FFFF0000C9
S21404D06800000000000000000000000000000000AF
S21404D07800000000000000000000FFFFFF000000A2
S21404D088000000000000000000000000000000008F
S21404D098000000000000000000000000000000007F
S21404D0A8000000000000000000000000000000006F
S21404D0B8000000000000000000000000000000005F
S21404D0C8FC03010101010101010101010101010142
S21404D0D80100000000000001002006000000060110
S21404D0E80100002002041104040211101A080A029E
S21404D0F81801081110111A080A04020D0B19195CF4
S21404D1080110280B011400000000000000000000B5
S21404D11800000000000101010101010001010101F4
S21404D12801010100000101010001000101000000E5
S21404D13800000000000000000000000000010000DD
S21404D14800000000000000000000000001FF0100CD
S21404D15823E1010075E4010063E2010063E50100D0
S21404D16862E1010079EB010064EE010024E10100AC
S21404D17825E1010026E1010027E1010028E101007C
S21404D18829E101002AE101000000010080000100F5
S21404D1980001010080010100000201008002010074
S21404D1A820E20100000301000005010080050100DB
S21404D1B8000601002C890100800601000007010012
S21404D1C801E5010002E501000008010080080100ED
S21404D1D80040010086321010FFFFFFFFFFFFFFFF2D
S21404D1E8063F04000C3F0400123F0400183F0400E6
S21404D1F81E3F04005A6967426565416C6C69616E36
S21404D208636530394E574B205374656572696E678B
S21404D218000095969595950507090D0000000000F1
S21404D22800010203040600004A550400E5680400E9
S21404D238FF680400166904002969040039690400B3
S21404D2484D6904005F6904006F6904008B69040073
S21404D258A06904000208010D0D0101011201000075
S21404D268FFFFFFFFFFFFFFFF0000000000000000B5
S21404D2780109050100020000000000031EF1EE0B80
S21404D28898D20400DB7504001C810400FE0000002C
S21404D298F7750400F8D304000000000001760400C3
S21404D2A8E8D30400000000000E760400D8D3040077
S21404D2B8000000001B760400C8D304000000000029
S21404D2C839760400B4D30400000000003176040064
S21404D2D8A0D3040000000000387604008CD30400B1
S21404D2E800000000467604007CD30400000000001A
S21404D2F8B874040068D30400000000003F760400F5
S21404D30858D30400000000004B76040044D30400FD
S21404D31800000000373D040034D304000000000079
S21404D3280000000000000000000000000FA003003A
S21404D3385C76040099760400010100FF791E01005A
S21404D348C276040007770400010100010107FF0004
S21404D358351E010054770400BF770400010100FF5E
S21404D368751D0100E0770400F97704000001010048
S21404D378FF00000021A003001E780400767804004D
S21404D3880101FF0009A003008D780400E478040076
S21404D39801010207FF00000003A003008D780400C3
S21404D3A8E478040001010207FF000000FD9F030063
S21404D3B88D780400E478040001010207FF000000E9
S21404D3C8291D01000579040044790400010101FFC0
S21404D3D8C91C010063790400A8790400010000FF51
S21404D3E8851C010063790400A8790400010000FF85
S21404D3F80D1D0100CF790400D577040000FF000056
S21404D408F79F0300247A04005FA50400FF000000C9
S21404D418F19F0300977A04005FA50400FF0000004C
S21404D428651C0100067B04007B7B040000FF0000EB
S21404D4383D1C0100937B0400F57B040000FF0000FC
S21404D448E39F0300067C04004C7C040002FF0000F3
S21404D458051C0100557C0400C97C040001FF00007B
S21404D468427D0400257D0400347D0400407D0400CC
S21404D478517D0400677D04007D7D0400877D0400DB
S21404D488917D04000000000095800400110000004F
S21404D498A180040012000000A98004001300000004
S21404D4A8B180040021000000B980040022000000B6
S21404D4B8C080040023000000C7800400AA000000FF
S21404D4C8CE800400FF00000000000000FFFFFFFFFE
S21404D4D8FFFFFFFF00000000000000000000010836
S21404D4E80109020A030B040C050D060E070F0810A3
S21404D4F801180119021A031B041C051D061E071F22
S21404D50808200121022203230424052506260727CA
S21404D51808280129022A032B042C052D062E072F7A
S21404D52808300131023203380239043A08E004E1CB
S21404D53804E204E802E902EA04F008F11000000034
S21404D5480000000002050000B0D5040002000F0029
S21404D558D8D5040002000F0000D6040002000F000D
S21404D56828D6040002000F0050D6040002000F005C
S21404D57878D6040002000F00A0D6040002000F00AC
S21404D588C8D6040002000F00F0D6040002000F00FC
S21404D59818D7040002000F0040D7040002000F004A
S21404D5A868D7040002000F000000000090D70400AB
S21404D5B803000000400000000000000019000000FE
S21404D5C8B4D7040004000F00800000000000000028
S21404D5D80000000090D7040003000000400000008C
S21404D5E80000000019000000B4D7040004000F006F
S21404D5F880000000000000000000000090D704002F
S21404D60803000000400000000000000019000000AD
S21404D618B4D7040004000F008000000000000000D7
S21404D6280000000090D7040003000000400000003B
S21404D6380000000019000000B4D7040004000F001E
S21404D64880000000000000000000000090D70400DE
S21404D658030000004000000000000000190000005D
S21404D668B4D7040004000F00800000000000000087
S21404D6780000000090D704000300000040000000EB
S21404D6880000000019000000B4D7040004000F00CE
S21404D69880000000000000000000000090D704008E
S21404D6A8030000004000000000000000190000000D
S21404D6B8B4D7040004000F00800000000000000037
S21404D6C80000000090D7040003000000400000009B
S21404D6D80000000019000000B4D7040004000F007E
S21404D6E880000000000000000000000090D704003E
S21404D6F803000000400000000000000019000000BD
S21404D708B4D7040004000F008000000000000000E6
S21404D7180000000090D7040003000000400000004A
S21404D7280000000019000000B4D7040004000F002D
S21404D73880000000000000000000000090D70400ED
S21404D748030000004000000000000000190000006C
S21404D758B4D7040004000F00800000000000000096
S21404D7680000000090D704000300000040000000FA
S21404D7780000000019000000B4D7040004000F00DD
S21404D78880000000000000000000200120000000C7
S21404D79808000000040042213000000028D80400D5
S21404D7A800FF420030000000000000000000F008FF
S21404D7B84000000049D8040001002304400000008B
S21404D7C851D80400060030014000000000000000A4
S21404D7D8FDFF2102400000000100000019000004BB
S21404D7E819000101190002041900030119000504AF
S21404D7F8190006011900070404004100393901001C
S21404D808060041008FA8030019008100295601006C
S21404D81819008400B56001000080000000000000C4
S21404D82806435553544F4D00000000000000000006
S21404D83800000000000000000000000000000000D7
S21404D84800FFFFFFFFFFFFFFFFFFFFFFFF000401CE
S21404D858040104010401040104010401040104018F
S21404D868040104010401FFFFFFFFFFFFFFFFFFFFA2
S21404D878FFFFFFFFFFFFFFFFFFFFFFFFFFFF0001A4
S21404D88802030405060708090A0B1F1C1F1E1F1E91
S21404D8981F1F1E1F1E1F07021F012F0037013F00F0
S21404D8A85701DF02E700FF02000000000000000046
S21404D8B80000000000000000000000000000000057
S21404D8C80000000000000000000000003487040088
S21404D8D8190000003A870400FFFF0000000000005B
S21404D8E805880400108804001C81040018880400B5
S21404D8F8268804001C81040039880400448804002F
S21404D90852880400568804006688040052560400A8
S21404D918768804007A880400858804008F880400C2
S21404D928998804009D880400AB880400BF88040016
S21404D938D5880400008000000000000000000000F5
S21404D94800000000FFFFFFFFFF00000000000000CB
S21404D9580000000000000000000000400000000076
S21404D96801000000F5E70100000000000000F03F99
S21404D9780000000000002440000000000000594099
S21404D9880000000000408F40000000000088C340EC
S21404D99800000000006AF8400000000080842E4161
S21404D9A800000000D01263410000000084D79741AD
S21404D9B80000000065CDCD41CB590400B0EF04004B
S21404D9C800000000FB910400A0EF04000000000023
S21404D9D80092040090EF0400000000000192040086
S21404D9E880EF040000000000467604006CEF040094
S21404D9F8000000003976040058EF04000000000018
S21404DA080692040048EF0400000000000C9204008C
S21404DA1838EF0400000000001092040028EF040009
S21404DA28000000001F92040018EF04000000000025
S21404DA383C92040008EF040000000000459204002D
S21404DA48F8EE0400000000005A920400E8EE040011
S21404DA58000000008D670400D8EE040000000000F3
S21404DA686A92040098EE0400000000006196040020
S21404DA7824E60400000000001D860400E4E5040013
S21404DA88000000007192040024E504000000000071
S21404DA987A92040028E40400000000008792040038
S21404DAA81CE0040000000000A3880400F4DE040060
S21404DAB8000000008E920400F4DE0400010000005A
S21404DAC892920400B4DE040000000000979204005A
S21404DAD878DD040000000000CB36040078DD04007E
S21404DAE801000000879204001CE004000000000007
S21404DAF89E9204001CE0040001000000A3920400A7
S21404DB0844DD040000000000AD92040044DD040077
S21404DB1801000000B592040074DB04000000000055
S21404DB283C3E040040DB0400000000000000000047
S21404DB38000000000000000050DB0400B992040056
S21404DB481C810400FE000000D1920400CCE6040008
S21404DB580000000036970400BCE60400000000003D
S21404DB6800000000000000000000000084DB040041
S21404DB78D69204001C810400FE000000EC92040007
S21404DB884CE8040000000000F29204003CE804009C
S21404DB9800000000F89204002CE8040000000000CE
S21404DBA8019304001CE80400000000007D3B040008
S21404DBB80CE804000000000087390400D4E70400D9
S21404DBC8000000008E420400C0E7040000000000C5
S21404DBD80B930400B0E70400000000007B3E04003A
S21404DBE8A0E70400000000001093040090E7040077
S21404DBF8000000001793040080E7040000000000FB
S21404DC081C93040070E7040000000000209304003E
S21404DC1810DD04000000000027930400B8DC0400AC
S21404DC28000000002F93040084DC040000000000B9
S21404DC383B93040050DC04000000000000000000D1
S21404DC48000000000000000060DC040046930400A6
S21404DC581C810400FE000000C6500400ECE6040024
S21404DC6800000000777D0400DCE6040000000000E5
S21404DC7800000000000000000000000094DC04001F
S21404DC88679304001C810400FE000000C6500400CC
S21404DC980CE7040000000000777D0400FCE604009E
S21404DCA80000000000000000000000000000000063
S21404DCB8C8DC0400899304001C810400FE000000EC
S21404DCC8A79304005CE7040000000000859804009D
S21404DCD84CE7040000000000B69304003CE7040088
S21404DCE800000000BB9304002CE7040000000000BA
S21404DCF8C29304001CE704000000000000000000B3
S21404DD08000000000000000020DD0400C7930400A3
S21404DD181C810400FE00000088500400F8E7040094
S21404DD2800000000E4930400E4E704000000000098
S21404DD3800000000000000000000000054DD04009D
S21404DD48EC9304001C810400FE0000000894040000
S21404DD588CE8040000000000A38804007CE80400A3
S21404DD6800000000000000000000000000000000A2
S21404DD7888DD04000D9404001C810400FE000000E5
S21404DD88269404003CE9040000000000494D040001
S21404DD982CE90400000000002F9404001CE9040089
S21404DDA800000000089404006CE80400000000006A
S21404DDB8349404005CE80400000000004194040065
S21404DDC874DE0400000000004F94040040DE0400E3
S21404DDD8000000005D94040000DE0400000000005B
S21404DDE87192040024E5040000000000000000000E
S21404DDF8000000000000000010DE04006694040022
S21404DE081C810400FE000000AAC804000CE90400F3
S21404DE1800000000BBC80400FCE804000000000082
S21404DE287A610400ECE8040000000000000000002A
S21404DE38000000000000000050DE04008494040083
S21404DE481C810400FE000000AE9404005CE9040093
S21404DE58000000002B8304004CE9040000000000C6
S21404DE6800000000000000000000000084DE04003B
S21404DE78B59404001C810400FE0000003C3E040027
S21404DE8890E9040000000000777D040080E904009F
S21404DE9800000000859804006CE9040000000000F7
S21404DEA8000000000000000000000000C4DE0400BB
S21404DEB8D59404001C810400FE0000003C3E0400C7
S21404DEC8C0E9040000000000F5940400B0E904006A
S21404DED800000000777D0400A0E9040000000000AC
S21404DEE800000000000000000000000004DF04003A
S21404DEF8FC9404001C810400FE000000169504002F
S21404DF08F4EA0400000000002F7D0400E4EA04009C
S21404DF180000000049950400D4EA0400000000004C
S21404DF287D3B0400C4EA0400000000004A7D0400A7
S21404DF38B4EA0400000000001B950400A4EA0400E8
S21404DF48000000003395040094EA04000000000072
S21404DF583C95040084EA040000000000439504008D
S21404DF6874EA0400000000004F95040044EA040024
S21404DF78000000008598040034EA0400000000004D
S21404DF885E95040024EA04000000000039620400D8
S21404DF9814EA0400000000006395040004EA040080
S21404DFA8000000007A950400F4E90400000000006C
S21404DFB88E950400E0E90400000000009E95040025
S21404DFC8D0E9040000000000AD950400E8DF040072
S21404DFD80000000000000000000000000000000030
S21404DFE8F8DF0400B29504001C810400FE0000005B
S21404DFF8C995040064EA040000000000D2950400F1
S21404E00854EA0400000000000000000000000000BD
S21404E018000000002CE004001C8104001C8104009D
S21404E028FE000000D995040064E604000000000021
S21404E038E6950400A8E4040000000000EF95040038
S21404E048F4E3040000000000FD950400C0E30400A7
S21404E058000000000B9604008CE304000000000097
S21404E06819960400F4E20400000000002A9604004E
S21404E078CCE2040000000000379604002CE20400FA
S21404E0880000000042960400D4E1040000000000EA
S21404E09855960400ACE10400000000002A7504004C
S21404E0A848E10400000000006896040008E1040043
S21404E0B80000000073960400D4E00400000000008A
S21404E0C8000000000000000000000000E4E0040077
S21404E0D8869604001C810400FE000000AA9604002C
S21404E0E814EB040000000000B096040004EB0400DF
S21404E0F8000000000000000000000000000000000F
S21404E10818E10400B49604001C810400FE00000014
S21404E1183652040044EB040000000000E6960400AF
S21404E12834EB040000000000F296040024EB04001C
S21404E13800000000000000000000000000000000CE
S21404E14858E10400089704001C810400FE0000003F
S21404E1583C3E0400A8EB040000000000777D0400A1
S21404E16898EB0400000000002472040088EB040006
S21404E17800000000C650040074EB04000000000011
S21404E1882497040064EB0400000000003B97040096
S21404E19854EB04000000000000000000000000002B
S21404E1A800000000BCE10400479704001C8104003A
S21404E1B8FE0000006C970400B8EB040000000000A2
S21404E1C8000000000000000000000000E4E1040075
S21404E1D8719704001C810400FE0000009597040053
S21404E1E808EC040000000000F5940400F8EB0400B2
S21404E1F800000000A1970400E8EB040000000000FB
S21404E208A8970400D8EB040000000000B5970400A3
S21404E218C8EB040000000000000000000000000036
S21404E228000000003CE20400C09704001C810400BF
S21404E238FE0000002E960400B8EC0400000000005F
S21404E248DD970400A8EC040000000000CB59040085
S21404E25898EC040000000000F968040088EC040048
S21404E26800000000A895040078EC040000000000F4
S21404E2783652040068EC040000000000E49704002A
S21404E28858EC040000000000EF97040048EC040073
S21404E29800000000FC97040038EC040000000000AE
S21404E2A80C98040028EC0400000000001F980400E2
S21404E2B818EC040000000000000000000000000045
S21404E2C800000000DCE20400319804001C8104000D
S21404E2D8FE000000CB590400C8EC0400000000004F
S21404E2E800000000000000000000000004E3040032
S21404E2F84F9804001C810400FE00000036520400F7
S21404E30838ED040000000000F968040028ED040055
S21404E31800000000A895040018ED040000000000A2
S21404E3287298040008ED040000000000B19304008D
S21404E3384CE3040000000000000000000000000099
S21404E348000000005CE30400899804001C810400B3
S21404E358FE00000085980400F8EC040000000000A5
S21404E368C6500400E8EC0400000000009F9804006F
S21404E378D8EC0400000000000000000000000000C4
S21404E388000000009CE30400A89804001C81040014
S21404E398FE0000003C3E040058ED040000000000A7
S21404E3A8777D040048ED040000000000000000002B
S21404E3B80000000000000000D0E30400C898040031
S21404E3C81C810400FE000000E898040078ED0400B0
S21404E3D800000000FB98040068ED0400000000003C
S21404E3E800000000000000000000000004E4040030
S21404E3F8119904001C810400FE00000031990400F1
S21404E40898ED040000000000494D040088ED04005F
S21404E41800000000000000000000000000000000EB
S21404E42838E404001C8104001C810400FE0000007B
S21404E4383B99040050E404000000000000000000BB
S21404E448000000000000000060E404001C810400D2
S21404E4581C810400FE00000047990400E8ED04004F
S21404E4680000000094880400D8ED040000000000B2
S21404E4784D990400C8ED04000000000051990400FA
S21404E488B8ED04000000000055990400A8ED040047
S21404E498000000000000000000000000000000006B
S21404E4A8B8E40400659904001C810400FE0000001A
S21404E4B83C3E040068EE0400000000008099040056
S21404E4C858EE0400000000009399040048EE040087
S21404E4D800000000777D040038EE04000000000009
S21404E4E8A099040028EE040000000000B199040076
S21404E4F818EE040000000000BF99040008EE0400AB
S21404E50800000000D0990400F8ED040000000000A4
S21404E51800000000000000000000000034E50400CD
S21404E528DD9904001C810400FE000000F79904002D
S21404E538BCE80400000000002A9A0400ACE80400C2
S21404E54800000000659A04009CE80400000000002F
S21404E5587C9A0400B0E5040000000000869A0400D3
S21404E5687CE5040000000000000000000000000035
S21404E578000000008CE504008A9A04001C8104004C
S21404E588FE000000AAC80400DCE80400000000003E
S21404E598BBC80400CCE8040000000000000000002B
S21404E5A80000000000000000C0E50400A99A04006A
S21404E5B81C810400FE000000614D040088EE04007F
S21404E5C8000000008598040078EE040000000000AF
S21404E5D8000000000000000000000000F4E504004D
S21404E5E8BC9A04001C810400FE0000003C3E0400A3
S21404E5F8C8EE040000000000AE940400B8EE040060
S21404E608000000002B830400A8EE040000000000AD
S21404E61800000000000000000000000034E60400CB
S21404E628D79A04001C810400FE000000B597040075
S21404E638E0EF04000000000036520400D0EF0400A7
S21404E64800000000CB590400C0EF040000000000DE
S21404E65800000000000000000000000074E604004B
S21404E668F79A04001C810400FE000000159B0400B1
S21404E67830F00400000000001F9B040020F0040093
S21404E688000000002A9B040010F0040000000000AC
S21404E6984676040000F0040000000000399B0400DD
S21404E6A8F0EF040000000000000000000000000076
S21404E6B800000000D59F0300449B04001C8104004E
S21404E6C8FF000000D19F0300519B04001C81040036
S21404E6D8FF00000079230100639B04001C810400EA
S21404E6E8FF00000015230100909B040058A30400B3
S21404E6F801FF000079230100D09B04001C8104005C
S21404E708FF00000015230100FE9B040058A3040024
S21404E71801FF0000AD2301003F9C0400609C040038
S21404E72800FF0000AD230100699C0400C69C040099
S21404E7380000FF0029240100D49C0400ED9C04007A
S21404E748010001FF95240100129D0400549D040055
S21404E7580102FF00292401006A9D0400999D040013
S21404E76801000102FF000000A5210100CA9D040063
S21404E778069E040007FF0000C52101000C9E040045
S21404E7883F9E040001FF0000D9210100479E0400B3
S21404E798979E04000100FF0035220100AC9E040089
S21404E7A8FD9E04000101FF00092201000D9F0400DC
S21404E7B8479F040001FF0000892201004F9F0400C0
S21404E7C8989F0400010000010707FF00C524010004
S21404E7D8EA9F04003F9E040001FF0000C5250100CF
S21404E7E832A0040076A00400010700010700FF0019
S21404E7F833A00300CBA0040011A104000107000104
S21404E80801FF00004D2501004DA1040088A1040065
S21404E818010000FF1D250100A6A10400EAA10400CA
S21404E8280100FF00ED240100FDA10400EAA1040094
S21404E8380100FF00952501003CA20400479F040040
S21404E84801FF00000526010077A20400A8A2040020
S21404E8580100FF00350F01001C810400B6A2040065
S21404E868000707FFD90E01001C810400CFA204008C
S21404E878000707FFE51301001C810400DBA204005F
S21404E88807FF0000E51301001C810400DBA2040056
S21404E89807FF0000859F03001C810400E0A2040013
S21404E8A80000FF00C11301001C8104005A7904000B
S21404E8B801FF0000891301001C81040018A304004A
S21404E8C800FF0000B90E01001C8104001C8104002E
S21404E8D8FF000000B90E01001C8104001C8104001E
S21404E8E8FF0000005B9F03001C8104001C810400D9
S21404E8F8FF0000005B9F03001C8104001C810400C9
S21404E908FF0000005B9F03001C8104001C810400B8
S21404E918FF000000890E01001C8104004EA30400B9
S21404E9280101FF00750E01001C81040063A30400A6
S21404E93801FF0000579F03001C8104001C8104008B
S21404E948FF0000003D0E01008C9404001C810400A6
S21404E958FF0000003D0E01006DA304001C810400A6
S21404E968FF000000BD0F01008EA30400A5A3040049
S21404E9780001000007FF0000539F0300CBA3040018
S21404E9881C810400FF000000390D0100E5A3040003
S21404E9981C810400FF000000CD9F030013A404009C
S21404E9A81C810400FF000000BF9F03002DA4040080
S21404E9B8AFA2040000FF0000B916010052A4040028
S21404E9C81C810400FF0000000D0C01006CA4040068
S21404E9D81C810400FF000000A10B01008FA40400A2
S21404E9E80CA5040000000310FF0000007D0C0100C5
S21404E9F861A50400CFA5040001FF0000510C010026
S21404EA08E4A5040027A6040000FF0000650B010027
S21404EA1838A604001C810400FF000000519F030070
S21404EA2867A604001C810400FF000000410B0100D7
S21404EA38B3A60400AFA2040000FF00000D0B0100FB
S21404EA48F4A7040049A8040000FF0000F10A010026
S21404EA5863A804001C810400FF000000D50A010016
S21404EA6873A804001C810400FF000000419F0300F3
S21404EA7887A8040005A9040000FF0000A50A0100F1
S21404EA8890A904001C810400FF000000610A01002C
S21404EA98ADA90400D8A9040007FF0000210A010054
S21404EAA8E2A904003BAA0400000500FFD9090100F6
S21404EAB8EEAA040001AB04000002FF00B509010039
S21404EAC830AB04001C810400FF000000419F0300D3
S21404EAD842AB04007CAB040000FF000049090100B7
S21404EAE802AC040048AC0400000301FF3909010025
S21404EAF8E8AC04002EAD0400000301FF2D7F0100DE
S21404EB08CEAD04001C810400FF00000051AC0300D5
S21404EB18F6AD040071AE040002FF0000E52901000A
S21404EB28C6AE04005FA5040000FF0000B12901007A
S21404EB38EEAE04005FA5040000FF00006129010092
S21404EB4807AF04001C810400FF00000039710100AF
S21404EB5820AF04001C810400FF00000011710100AE
S21404EB686DAF04001C810400FF0000009D700100C6
S21404EB7898AF0400BEAF040000010100010102FFC3
S21404EB88757001003DB1040065B1040000FF000083
S21404EB98557001008CB104001C810400FF000000BD
S21404EBA89D6F0100B6B104001C810400FF0000003C
S21404EBB823AB0300CFB104001C810400FF0000004F
S21404EBC86D640100F5B1040026B204000002FF00DB
S21404EBD885A9030083B204001C810400FF0000001A
S21404EBE881A90300B0B204001C810400FF000000E1
S21404EBF821640100CBB20400F5B2040000FF000053
S21404EC08E161010025B304001C810400FF00000034
S21404EC185D4D010038B304001C810400FF000000A9
S21404EC28454D010050B304001C810400FF00000099
S21404EC38FDA8030069B304001C810400FF0000005B
S21404EC48E9A8030096B3040010B4040000FF00000B
S21404EC58ED6001004FB404001C810400FF000000AE
S21404EC68DD5F0100C7B404001C810400FF00000037
S21404EC78014C01000BB504001C810400FF000000D1
S21404EC88E54B010028B504001C810400FF000000C1
S21404EC985D4C0100D3B504001C810400FF0000008D
S21404ECA8514C010061B60400A6B6040000FF00003B
S21404ECB81D4C0100DDB604002EB7040000FF00005A
S21404ECC8494A010061B704001C810400FF000000E3
S21404ECD8E13E01008DB70400F6B704000000FF000B
S21404ECE8E13E01004BB80400ADB804000000FF0084
S21404ECF8813F0100F2B8040025B904000002FF00B1
S21404ED0857A803007AB90400C8B9040007FF00002E
S21404ED18B5400100E4B904001C810400FF000000AB
S21404ED28C93E010008BA04002DBA040000FF00001A
S21404ED38D53F010086BA04001C810400FF000000C9
S21404ED4899380100C3BA04001C810400FF000000BF
S21404ED5861380100EDBA04001C810400FF000000BD
S21404ED682FA7030028BB040097BB040000FF00007D
S21404ED78BD310100E8BB040067BC040000FF0000C6
S21404ED8821A70300ADBC0400FFBC040000FF00007C
S21404ED9801A7030046BD040093BD040000FF00005D
S21404EDA8F7A60300DDBD04001BBE040000FF000038
S21404EDB8F1A603002BBE04001BBE040000FF0000DF
S21404EDC8EBA6030052BE04001BBE040000FF0000AE
S21404EDD8E5A6030079BE04001BBE040000FF00007D
S21404EDE8DFA60300A1BE04001BBE040000FF00004B
S21404EDF8BBA60300CABE04001C810400FF00000072
S21404EE08C1A60300ECBE04001C810400FF00000039
S21404EE18652C010014BF04004DBF04000001FF0068
S21404EE28912C01006EBF04001C810400FF00000042
S21404EE38BDA6030099BF04001C810400FF0000005F
S21404EE484D2C0100B4BF04001C810400FF00000020
S21404EE58092C0100CFBF0400FCBF040000FF00001B
S21404EE68F12B010017C004001C810400FF000000F9
S21404EE783914010042C004001C810400FF0000008D
S21404EE883914010069C004001C810400FF00000056
S21404EE98290901007AC004001C810400FF00000050
S21404EEA8F50801008FC00400B6C0040000FF000087
S21404EEB8F5080100C6C00400B6C0040000FF000040
S21404EEC88D080100EDC004001C810400FF0000004A
S21404EED8399F030008C104001C810400FF000000D9
S21404EEE8E90401002BC1040095C1040000FF0000DA
S21404EEF8C9040100B8C104001C810400FF00000016
S21404EF08B12001001EC30400ABC30400010000FFC7
S21404EF18951F0100C8C304001CC4040000FF0000B9
S21404EF28C91F010031C4040083C404000100FF00A3
S21404EF38351F010099C4040086C504000107FF00B4
S21404EF483D9F030096C504001C810400FF000000D2
S21404EF5895180100A7C50400B9C5040000010100FE
S21404EF680007FF008D170100F4C5040005C6040059
S21404EF7800010100FF000000C91F010054C6040078
S21404EF8865C60400010000FF0517010054C6040006
S21404EF9897C6040000FF000081B20100A8C604005A
S21404EFA81C810400FF0000001D050100F4C60400CF
S21404EFB81C810400FF00000029CD03001C81040006
S21404EFC81C810400FF000000A5C001001C81040089
S21404EFD81C810400FF00000069C001001C810400B5
S21404EFE839C7040002FF000015C8010041C7040021
S21404EFF81C810400FF000000A1C701006DC70400BF
S21404F00890C704000200FF00ABCD0300B9C7040094
S21404F0181C810400FF0000007DC70100DBC7040054
S21404F028F9C7040002FF000055C701000EC8040013
S21404F038F9C7040002FF000001000000DC510020AC
S21404F0480000000000000000FFFF00009BA603006D
S21404F0580000000003000000FFFF01000FA70300E4
S21404F0680000000004000000FFFF01009DA7030045
S21404F0780000000004000000FFFF000021A80300B1
S21404F0880000000006000000FFFF000093A803002D
S21404F0980000000019000000FFFF010029A9030072
S21404F0A8519904000C7200200000000000000000C3
S21404F0B8000000000000000065C804002CF10400ED
S21404F0C8000000006BC8040088D20400000000009A
S21404F0D872C8040058D404000000000036970400E0
S21404F0E848D40400000000007BC8040038D4040098
S21404F0F8000000008DC8040028D4040000000000A6
S21404F1089CC8040018D4040000000000ADC804001D
S21404F11808D40400000000000000000000000000FE
S21404F128000000003CF10400BFC804001C81040071
S21404F138FE000000DAC8040054F1040000000000D1
S21404F148000000000000000000000000E1D30300F7
S21404F158DFC804001C810400FF03010001013F040A
S21404F1680201003F040202003D040202003D0401BD
S21404F178020001020003010002023D04020100022B
S21404F1880202010002020000002020202020202085
S21404F1982020282828282820202020202020202036
S21404F1A82020202020202020208810101010101046
S21404F1B81010101010101010100404040404040492
S21404F1C8040404101010101010104141414141412C
S21404F1D8010101010101010101010101010101010E
S21404F1E8010101011010101010104242424242421E
S21404F1F802020202020202020202020202020202DE
S21404F2080202020210101010200000000000000085
S21404F21800000000000000000000000000000000DD
S21404F22800000000000000000000000000000000CD
S21404F23800000000000000000000000000000000BD
S21404F24800000000000000000000000000000000AD
S21404F258000000000000000000000000000000009D
S21404F268000000000000000000000000000000008D
S21404F278000000000000000000000000000000007D
S21404F288000000000000000000000002100000005B
S21404F2987856002028140020000002080000000009
S21404F2A8FFFFFFFFFFFFFFFFFFFFFFFF0000000059
S21404F2B8000000000000000000000000000000003D
S21404F2C8000000002000000069F3010010000000A0
S21404F2D8E1F2010000000001000001010001010143
S21404F2E820C001B80000000000000000FFFFFFFF78
S21404F2F8FFFFFFFFFFFFFFFFFFFFFFFFFFFFFFFF0D
S21404F308FFFFFFFFFFFFFFFFFFFFFFFF03040408E5
S21404F3180808080800B801B802B800B0882705002D
S21404F32803040408080500000000000000000000AC
S21404F3380000000000000000F8330000E0030000AE
S21404F348D837000014000000383E0000080000000B
S21404F358002F0000F8040000EC370000040000004A
S21404F368343E00000300000000000000002F0000E8
S21404F378F037000001000000403E0000390000009D
S21404F388012F00000100000070B50822804B1A60A7
S21404F398804B1B68DC0302D50020088070BD0C88EF
S21404F3A80019401E00787C4DA870641C0C80450724
S21404F3B86D0F052D05D8794E3668F60603D5022D49
S21404F3C80DD0032070BD9604AE401E4001D108201F
S21404F3D870BD052D03D1104201D1641E0C80AA48C5
S21404F3E84860002070BDF3B582B008886C49097877
S21404F3F8491CC9B2814204D202990918491E0978DF
S21404F40800E00021644A517093785B075B0F019310
S21404F4183023019C052C28D1194232D19478E5086A
S21404F4281E242C40CD0702D5250001242C43012593
S21404F438A14EE6402E4072D0019FA04EE6414024DD
S21404F44826403E434C0602D53400202626439478AC
S21404F45889080D40A7080C2139402943C0252540B2
S21404F4680D4320212943967051704A490C685578F3
S21404F478022123262E4008D0660302D52B40202BD3
S21404F48801D0052082E0424B196093789B0601D48C
S21404F498202203E09278120702D540223C4B1A60D9
S21404F4A83D4A92786B461A70C022854B1E680E40F9
S21404F4B801D1154212D06E46377827263E40232EB1
S21404F4C803D1E60207D4012606E0252E03D0212E12
S21404F4D804D1260302D504262D4F3E601B68194026
S21404F4E82026019F002F1CD11E4027D02A4B5B786C
S21404F4F81A40402A13D00C221A40042A0FD02A078E
S21404F5083BD40122002902D0E100CB0F5A406946B9
S21404F5180978CB07DB0F1A422FD021012AD40720FB
S21404F52834E0022FE2D11E4008D00029DED1CC23D5
S21404F5382B4003D16B461B785B0601D5032025E0D8
S21404F548A30311D59C4E73691B051B0D5B1C3668FB
S21404F558F60205D5994E36683607B60F9B1B5B1E12
S21404F5689BB2052B04D1C1E7029B1B78052BBDD0A3
S21404F57806200BE08021064A1160E90702D4401CE5
S21404F58803990880AB4803994860002004B0F0BD8E
S21404F598481002A8C83E0000343E0000440002A8F2
S21404F5A8543E0000F2B586494978CA0705D4009A3D
S21404F5B812888018401E037800E000239E4A1068CC
S21404F5C802249E4D2E68F60611D512695340DBB206
S21404F5D8002B03D16E68D30973402340002B03D055
S21404F5E8020204D40A20F2BDE206954E3260744A3A
S21404F5F81E02C0230B403343914E336093785E0754
S21404F608760F022E06D16D682C4003D1002000998F
S21404F6180880F2BDA0250D409E08102737402F43CA
S21404F6283D090E0702D42E0010253543CC240C4081
S21404F6381A262E400A2E04D1CC2C02D02E00FD25E4
S21404F6483540804EEE40F60705D4000416D5412B07
S21404F65810D1082912D17C48E840112101402143E1
S21404F6682020084310700D210140009808D000F0AF
S21404F678A9F8F2BD0B2B01D10029ECD00720F2BD66
S21404F68800F020F8F2BD00005F2F000038B50C002B
S21404F6986E490B781A0953399500491925881B07AA
S21404F6A81B0FEB1A9A1A8018FEF756FE010002D1B1
S21404F6B8200000F007F832BDF300A3E3981440686E
S21404F6C8480002A8F8B50400614805683C4F387835
S21404F6D8D026304202D00D21014005D008205D49CD
S21404F6E80860EF20FEF7F6FD39782000314204D092
S21404F6F80909397000F066F8F2BD052129401FD0C3
S21404F70802884D49CA60544BEC0705D5521C028042
S21404F718690607D4514B05E043242C40422C03D1F8
S21404F728521C028043600DE010224A4B1A604C4A71
S21404F73809688B00DB0F1901D16280210903116067
S21404F748002101800020F2BD0A888018401E007837
S21404F758830601D4121D0A801822024004D00888A1
S21404F76852088018C01E088039480068C00702D5A9
S21404F7780888401C08803948486000207047344A86
S21404F7881368DB0708D51268920705D40A88801818
S21404F798401E007804280CD110202E4A10603048E9
S21404F7A8254A12689300DB0F1A01C26280221203EC
S21404F7B802600020088070470C4000A8080001A8D2
S21404F7C8343E000031B581B0264900200090082256
S21404F7D8254B1D7802230C24254202D100222349F6
S21404F7E803E02C40082C00D10222EC0703D50C00B9
S21404F7F81E21614000931D4207D015490968090671
S21404F80801D51B4901E00021C943019B194C21601D
S21404F8181949FF248C70009C15012543CD70087087
S21404F82818880099401880181880144858600020D2
S21404F83836BD00001D310000C83E0000440002A882
S21404F848441002A80D0F0C0D071708504B3F000074
S21404F858480002A8482002A8C1320000F732000077
S21404F8681C1002A8DE1B2501343E0000208410006C
S21404F87800FCFF01F43E0000483F0000053200008B
S21404F888343E0000C1290000D9290000D929000007
S21404F898D9290000D9290000D92900000000000051
S21404F8A8000000000000000000000000D929000045
S21404F8B8D9290000D9290000192E0000D9290000EA
S21404F8C85523000065230000F123000039240000B6
S21404F8D8B32400001D260000D3240000BD26000023
S21404F8E81F2500005D250000D525000031280000EE
S21404F8F80129000027230000632B00004D20000088
S21404F908812B0000F52B0000D9290000D52C000017
S21404F9189D2C0000D9290000D9290000212D0000BB
S21404F928D9290000D9290000D92900005D10000053
S21404F9385310000067100000711000007B100000D0
S21404F9488C488068000200D4704780B58020800206
S21404F958A8490860CF2000F045FA01BDF8B58648E6
S21404F9680068864C802292032260854E3168090519
S21404F9781DD5110BA023034001D0216017E00240D7
S21404F9883FD180277F4A17607F4A1760084038D0DF
S21404F998784D287A400705D501207C49086000027E
S21404F9A87B4908602878002801D0062801DB002057
S21404F9B8F2BD00F051FB716889684E6829780529FC
S21404F9C807D1B905A1606E60B668CC218901704A72
S21404F9D8116000F04AFB012E00DA0226BC208005DE
S21404F9E88549086094208005844908606548002194
S21404F9F8C94301647142416481490F604021016032
S21404FA08D5E7AE480160FFF79BFF0120F2BD5A48D0
S21404FA180168890504D5C06E0004000F022801D0C9
S21404FA28002070470120704738B580245548046084
S21404FA3800F012FB05007348006800F05FF9280020
S21404FA4800F013FBFFF77CFF4A48007A000705D549
S21404FA58A0004A49086000F0FEFB31BD60039749E0
S21404FA680860AD48046031BDFEB50500CC208001B1
S21404FA7893494860012693480660FFF7C8FF0028A4
S21404FA8877D03C4C2078002873D03102019505289D
S21404FA9802D02A460A406CD1CC27BF01884A176090
S21404FAA89E4A126853075B0F022805D1022B5ED3C1
S21404FAB8080137490860F7BD4D01032804D1022B15
S21404FAC855D933480560F7BD042802D111404ED0F5
S21404FAD8F7BD05284BD10198002848D0C005C10FAA
S21404FAE8684641700198C004C10F6846017000F06A
S21404FAF8B3FA0290606869464978002903D0066814
S21404FB088021214A11602C04A7496A461278002AE3
S21404FB180CD0C2680B68D21AA44B1B68234001D0C9
S21404FB28066800E04668964200DD16006846407897
S21404FB386A461278024308D008684242B01E8242D7
S21404FB4802DA7042886000E00026029800F08DFA17
S21404FB580198800501D5964804600198054001D0AF
S21404FB6894480460002E02D009480760F7BDFFF7E2
S21404FB785BFFF7BD403E0000400002A8402002A8F4
S21404FB88C83E00000CC001A890E001A894D000A8C4
S21404FB98505201A838B58024874804600120494992
S21404FBA80860864D2878052802D0600084490860D5
S21404FBB8FFF72DFF002812D012480068000A80219B
S21404FBC84140A868000EC9B2814208D2534800686A
S21404FBD84007400F022802D2FFF726FF31BD7948B6
S21404FBE80168C0220A4002D1C06F204001D00448F0
S21404FBF8046031BD1C1002A808E001A808D001A8BA
S21404FC0894D001A818C000A8F1B582B00F008026C9
S21404FC18B600A020384002D06B4806604CE000F0DE
S21404FC281BFA009069480468F80202D5A0680069BF
S21404FC38029000F05FFBB102606800F069F9217871
S21404FC4820000022491C43788B4200D20021182346
S21404FC584B43C5180C352B78082BF3DA0C000170C7
S21404FC6885605648297801703E4007D05749096888
S21404FC788968CA68F90201D403218A438260012686
S21404FC881046304003D100F0F6FB00F0B4FFF10450
S21404FC98686900F03DF93C2000F0A4F8E0B200F0F2
S21404FCA8A1F8009800F0E1F930054749086048488B
S21404FCB806603002024908600298FEBD401002A899
S21404FCC84C6201A894E000A810B542480068800574
S21404FCD801D4FE2010BDC02080033F49086000F010
S21404FCE8BBF93A4909688A78D20702D589688C78B4
S21404FCF800E00C7800F0B9F9200010BD3349096813
S21404FD088A688B78DB0704D5927818235A438A18AE
S21404FD180C32906070470000100002A8084001A842
S21404FD28F1B582B02D4F3C680026200F000702D19B
S21404FD38E00102902AE000F05EFF00F08DF90190E1
S21404FD4880210903606800F0E3F825786D1C607864
S21404FD58A84200D20025E80020180C30009000685D
S21404FD680290802109030098406800F0D1F83D20ED
S21404FD7800F038F8E8B200F035F825700098A0606E
S21404FD88019800F072F902A800F09AFF1448006877
S21404FD98800407D5786901F050FC02990818029087
S21404FDA800D502960298FEBD48C001A8480002A8DD
S21404FDB8481002A8482002A894E001A8403E000083
S21404FDC8506201A814C001A8402002A8CC3E000036
S21404FDD890E000A8400002A8401002A8D03E000008
S21404FDE8FC0302A841490968002901D5404908606E
S21404FDF87047F3B581B03F4FB9683F4C4A004CD5BD
S21404FE080125090100D5212501003C4A10685668D9
S21404FE1822689206920E94463A689300802213400B
S21404FE2862461343802252001A4300920A0023D0E3
S21404FE38890601D5012008E0F021014007D169466A
S21404FE48097A0C220A4002D0022000F03FF82C4916
S21404FE58096809040AD53968090701D5022605E0A0
S21404FE683968490301D5002600E003264835009A78
S21404FE7824490968890003E0009A2249C9690909DE
S21404FE884023194011439A00002E02D016432666D2
S21404FE9808352166024322662566E06D4407640F2A
S21404FEA800F0C4F8A0070BD0052C09D0B8680004E5
S21404FEB806D400F0D1F80221134A116000F0D5F8F0
S21404FEC800F0BDF8002000F001F8F7BD0B490A68F9
S21404FED8F0239A43000110430860C0B2704780209C
S21404FEE8C0020A4908607047000000004C0002A8D7
S21404FEF8884000A8440002A8284000A8683F0000DC
S21404FF08384101A8084001A87CD40350485000A8EA
S21404FF1880B5664A116001F0BBFBFFF7E0FF01BD40
S21404FF28FEB500F099F80290102061490860002395
S21404FF38604803600220604908606048C06840055D
S21404FF48C20DD52A01D2D52204E0D120400082422F
S21404FF5800D9020010000100594C0194843C24681E
S21404FF6864011DD5574C0094251D574E3678062730
S21404FF787E43AA530024019D2D7CE540ED070CD54D
S21404FF88009D06266643AD19AD888FB2BD4200D2E1
S21404FF98290086B2AE4200D22800641C022CEAD39A
S21404FFA889B246310904494C0C404638C005C00D90
S21404FFB8204342490860C020000645490860404876
S21404FFC8017D00290CD04349D52A02D98024E405AA
S21404FFD80C60D1246400A24202D2802424060C6059
S21404FFE810213D4C21603D490B604188002900D111
S21404FFF80280029800F039F8F7BD80B538483949C8
S21405000808603948C1680902090A1922514341603E
S21405001805210160FFF784FF01BD33480068C0036A
S21405002800D4704780B5FFF77BFF01BD8020C0026E
S2140500381E4908602D4800684007FBD47047802095
S214050048C0022B490860704701E02A4908602A491A
S21405005809680140F9D17047284800682021284AD0
S21405006811601021274A116070473021014002D1DE
S2140500781020234908607047204800683021014051
S214050088102901D101207047002070471E480078C6
S2140500980621014007D01D480068022803D003281A
S2140500A801D001207047002070470000401002A8C4
S2140500B8F41302A8048002A8409002A87C400050C9
S2140500C8743F0000643E0000603E00000000FF012B
S2140500D8A0600050A4500050F42302A818E000E0E1
S2140500E87F1A0601500002A810E000E0400002A8AA
S2140500F8402002A8282002A8280002A85C0002A81A
S2140501085C2002A85C1002A8BC3E00006C3F0000FC
S214050118F8B553488021490281610221514A516048
S2140501280021514A1160514A118003214D4A116038
S2140501380221016020204E49086080204D4908604C
S214050148CC2080014C49086001204C490860464887
S214050158806F00900F24070B274049480068C5059F
S214050168ED0D103DC0202843C0B2FFF73BFE3E48C4
S214050178006980030AD5092F08D0FFF787FF0028EE
S21405018802D040480068804701F0D8F80098044037
S21405019800943D4804680098032803D0022806D131
S2140501A8032F3AD000F002FA0098032803D0062F4A
S2140501B833D1062D31D0354800680104C90F01D062
S2140501C801F084FB32480068000109D5052D07D1E2
S2140501D8012501202F4908604005FFF735FF00E097
S2140501E800252100380000F0E3F904002A4E002D0A
S2140501F806D000F089FB01203060022027490860F8
S214050208802080037065800925490860FFF73EFF52
S214050218002802D0234800688047124880214902F2
S214050228C161002F08D10221416000200E490861EE
S214050238C020C0001C4908602000F2BD80B5FFF745
S214050248F5FE1A480078800602D402201849086088
S214050258FFF7F5FE01BD0220164908607047000045
S2140502682C1002A8282002A8340002A8743E000014
S21405027894E001A80CC001A8506201A894E000A863
S21405028804ED00E0E8370000B44000A800E200E00E
S214050298F03E0000645000A8646000A82C4000A842
S2140502A880E200E0E43700002C6001A8C83E0000A4
S2140502B8081002A8082002A87B480068800700D412
S2140502C8704730B581480421904A0123E024E400AC
S2140502D88568254002D01360D160D3600068044065
S2140502E802D013605160536030BD89480121816092
S2140502F80160704710B5012075498A680240FCD12F
S214050308844A0423D3600C680440FCD1536010600B
S21405031810BD814908680122104200D1704710B502
S214050328E023DB000340FF24A41CA34204D37B4B35
S2140503381B689B0600D54868024001D000F0B6F851
S21405034810BDFEB50700C820754908600620754922
S2140503580860802040037449086074480168744A38
S2140503680A408021090111430160724CC020C00073
S21405037820600225A56168036F4908606F4E7048BE
S214050388F0664C206F49C86638686F4989688142A7
S21405039801D2009100E000900099401A38600121CA
S2140503A8380000F055FB0190386800994018386009
S2140503B8FFF782FF63480068634908606348016879
S2140503C8490601D5624900E0624931670199002965
S2140503D808D10321E16100683068054002D0802015
S2140503E8800220610198FEBDF1B55B4C8020C001F6
S2140503F820605A4D0126AE62594F3E601D20286082
S21405040856206866072001F009FB022028600621A9
S214050418296654490968002902D4082129666966A7
S21405042851492965C021C900504A1268F823DB01DD
S214050438134001D1A96700E07961E16B314008D026
S214050448216BC90705D44A490968084001D101F056
S214050458EDFA484848490860206B064001D1FFF781
S2140504682BFF009801F0C8FA206B8001FCD4206A9F
S21405047842490860F1BD30B53748414B0121026B4A
S2140504880A4001D15961D9603E4A3F4C54663F4CF3
S214050498146503241C600023CE4D2B6014609162FE
S2140504A8C903016030BD00004C0002A8F02109010F
S2140504B8374A1160014037480160202036490860F0
S2140504C8364909680840C849086070476C0102A89B
S2140504D8700102A880B532480821324A13680B40D5
S2140504E801D0016141611178C90602D58621090145
S2140504F80160FFF70EFF14202B490860BB4801680A
S214050508490701D0FF21416101BD0000681102A815
S2140505186C2102A8682102A8783F0000400002A8BE
S214050528548001A80C9001A8942002A8680102A886
S214050538FFF1FFFF441102A8A01002A8E40002A8D4
S214050548294E0600300002A8A03F0000FC0302A8BA
S214050558CC3F0000C43F0000100002A8E01002A827
S214050568442102A828C000A80C1E0000A88001A8DF
S214050578483E0000FFFF7F7FB46000A89C3F000050
S214050588602102A8E02002A85E060000041E0000FE
S2140505982C6001A82C5001A8442002A8084001A8F0
S2140505A8301102A8F84F0000703F000070470000A1
S2140505B8F8B586B005000C008D48866AFFF74CFD31
S2140505C80590B00503D58B480068FFF797FB002014
S2140505D8019001227306DB0F87498F688860B8206B
S2140505E84000864E30606608B82030400978F02608
S2140505F80E40402E02D10100402008430D2D02D1A1
S214050608390004270F43790704D501001420084349
S21405061810218C437A4909686D462A7004930500AB
S214050628784EC80506D5802040007749086028001A
S214050638012505430498002811D10C2028400828D0
S2140506480DD028006A49496BCA0601D41022904382
S214050658890601D420218843B121014067D0684620
S2140506680078002865D0B26BB06D012101235207CA
S214050678520F921D9340C004C00C181A80B2082861
S21405068809D2802506205A4A106008049D4A10603B
S21405069800206A461070812028404DD00820049A0C
S2140506A8002A00D130623A000827174310208443F1
S2140506B8042003900005984A10604008974A106081
S2140506C89748016068460078002832D003980628BF
S2140506D838D39448806BC00634D593480068000E16
S2140506E801909048006880B202908F48006A00061C
S2140506F804D002988021490101430291FFF7C6FC00
S214050708002809D089480078C00605D002988021B7
S214050718C901014389B20291029830610298001214
S214050728306137480168C80500D57AE70AE0082029
S21405073830620094049732E090A06906C90E405CC2
S2140507480390BFE70094049703982949CB6A764A2D
S214050758126834686F463C8128241C400443980C6C
S214050768C00120431C001B0E2340102423400343CE
S214050778900040221040184302AA9070086B000AA1
S21405078802A9C870FFF7A0FA02A90871019848716E
S21405079867480068C8800298F0660398F06605986A
S2140507A8FFF763FC08240098400601D55A4884607C
S2140507B8FFF76CFC002805D05E480078002801D0B5
S2140507C85D4804600498C1B2E8B2FFF712FB0098CA
S2140507D807B0F0BD400102A8081A03D257490968B0
S2140507E84018401C70470000441002A80C4000A89A
S2140507F8180002A81CC000A8683F0000B46000A83E
S2140508081C0100AA540000AA1C2100AAF8B54C4EE3
S2140508180F2401254B491027706B38401BD0012043
S21405082808704948006849490968FFF7D5FF4849E7
S2140508380968401801284BDB01F0A4F94549096801
S214050848090B0C40022C41D16905434A11604349FE
S214050858CF6335603AE0F06BC0001ED540480068A7
S214050868E0218905014033D03A4D28682103014027
S214050878780281422CD1FFF7EFFB3A4A3A490968D4
S214050888C90502D53949096811602968090B214047
S2140508980229F3D0FFF7E9FBF1BD354E306800288D
S2140508A816D00D7001F0A8F8002811D101F06AF9E4
S2140508B828490968090B0C40022C07D12904264A41
S2140508C811600221254A11600021316001F05EF9A8
S2140508D8F1BD8020800427490860704780204004C1
S2140508E82449086070478020C0042249086070477C
S2140508F8802000051F4908607047802040051D496F
S21405090808607047141100AA1B480168490701D0FA
S214050918FF21416170470000401002A8205001A839
S214050928006101A81C4000A8084001A8C43E0000B4
S214050938448001A8F0370000845000A838C001A8F4
S214050948100002A8773E00001CC101A820C001A817
S214050958E03E0000AC0002A81C1002A8082002A869
S214050968204001A8800000AA084000A8904000A8DA
S2140509784C3E0000382002A80C4000A803010706D4
S214050988030107060501060605010606030207060E
S214050998030207060502060605020606FF2807D00F
S2140509A8032805D2A9490978C140C807C00F70476A
S2140509B800207047F0B5802000020821A44A11607F
S2140509C80A230121A34A01249C400443B6A5ED5CED
S2140509D825439560F025A04E35609D4DB5A6F65C79
S2140509E8022737432F6004262E609C4D2D680D4040
S2140509F806D1CD026D1E03D0966C3603FAD401E0F7
S214050A080220F0BD956CD66C6D036D0BAE4200D218
S214050A1820005B1ED7D508238F4C23609060904B2B
S214050A281B685B0112D58F4C63785D1C01262E402A
S214050A3866701D000626754365191268AA80E88043
S214050A482370824802789940114301700020F0BD52
S214050A58F1B582B0FFF749FC0024814800684001DB
S214050A6802D4012001901DE07F48826B00207D4955
S214050A78C3B206256B43CB189B8895B2AB4204D008
S214050A88401CC3B2022BF3D3FF2008700120019047
S214050A9873480068400105D50878FFF77FFF0028EA
S214050AA800D001947148006871498861714D0298B3
S214050AB80068296D4618002E15DD00F072FD2860C1
S214050AC8C001301A00280EDDFFF714FC00F093F875
S214050AD802980068296D401800F08EFF050002D0C0
S214050AE80298046085E0644E802080003060604A85
S214050AF8106807282ED005210840052805D011605E
S214050B080C2000F08BFF050073D15C4D5C4828620D
S214050B18FFF7F0FB02202860E020C002594908606C
S214050B2800025949486080208004706002203060C1
S214050B38012000F073FF802040002862022000F0A4
S214050B486DFF902040012862022000F067FF802094
S214050B58C00028624D4EE02040003060042000F0BA
S214050B685DFF05003CD10220474908608002B06257
S214050B78C001B06210203C4908600127F765402689
S214050B884348006830401BD135480068400113D5F6
S214050B98344800786946087068460078FFF7FEFE10
S214050BA8002809D02F486946097806225143401877
S214050BB8C0882D49086403E0FFF7FCFE05000FD141
S214050BC829480760C467022000F028FF314C2660D4
S214050BD8B0002060022000F021FF8120C002A0623C
S214050BE80198002805D02A480068800101D4FFF737
S214050BF814FA2800FEBD70B5FFF777FBFFF77AFBFA
S214050C08022619480660244DF0022862C4082C629C
S214050C18012000F003FF600828622E601F4828623E
S214050C28E02040001B490860174D2E60FFF7FEF9C7
S214050C381B4E3078002800D005200D490860FFF7C0
S214050C48FEF92C6017480068706370BD843F000085
S214050C58889001A8448001A888A001A8140002A8C5
S214050C68F03E0000603E00000C8001A8F80302A8CC
S214050C783C0102A88C3F0000941002A83C1102A86B
S214050C88BD080000142102A8942002A82C9001A8EB
S214050C984C0002A82CA001A83C2102A8FD6800006B
S214050CA8603F0000300002A80000000101020408A9
S214050CB81020200050505040404040302020200052
S214050CC8F8B50400FFF716FB2948C021C900294ACC
S214050CD81268F823DB01134002D1274A116000E0A9
S214050CE8016000942549AC2252008A640A220A60EB
S214050CF82349802252030A60224C626A224B13401B
S214050D088022D2001A436262802222600222426052
S214050D185003C8601D48E0601D4E4C20F0661D4D0A
S214050D2868699621C901471800980068874200D364
S214050D380700C01B0099086000210098FFF788FE89
S214050D4800990968C919009A11603168296012491D
S214050D580968490601D5114900E011492161F2BD26
S214050D68802000010F49086000010F490860704798
S214050D78582102A8AC8001A8581102A80C8001A821
S214050D88941002A8440102A8FFF1FFFF286E06008A
S214050D98300002A8903F0000FC0302A8CC3F0000E4
S214050DA8C43F0000401002A8685000A8F1B584B0FA
S214050DB8B44800680390B448006B9621C9014018EA
S214050DC80499884205D2081A00F016FE002800D0B5
S214050DD813E2AE4C6068C00700D50EE20420AC49A5
S214050DE888628003AB494862AB480568606B86072E
S214050DF8B60F032E03D01020A549886224E00846BE
S214050E08802189024162A16B890601D5012062E02D
S214050E18290610D5A26B02210A400CD19F4A052344
S214050E281360A36B10273B4019431160002111601E
S214050E38616B090A116004218162A06B002803D53D
S214050E48C803934948620026606B400705D5606B62
S214050E58C00080214900084003E08B488068C10728
S214050E6801D5FFF723FB0122154008D0B748B10185
S214050E784018006AC004C00C401EB549086000202A
S214050E880021B44BDB6E1B0417D5B34B1B68002B30
S214050E9813D40121AE4B5B69002B0ED0AF4B1A70ED
S214050EA8AF4A10601022AF4B1A60CA06AE4B9A6757
S214050EB80723AD4D2B60AB4B5A65AC4AC0239B0048
S214050EC813603502002901D0190000E02900CC4E30
S214050ED8316053607560E16B942292050A401500EF
S214050EE800D0012580263602284300062CD06A48FD
S214050EF82821405CC0210140402902D1FFF79EF910
S214050F0801E0FFF7A8F9202020602D0600D174E13E
S214050F18944D606B400708D570085E494862022004
S214050F28686000F059FA002806D0042058498862F7
S214050F384002584948626E6057480078000600D453
S214050F485BE130015249FEE00125606828405AD128
S214050F58AC480068C005400F022803D0032801D016
S214050F68062802D169464D7005E000206946487096
S214050F78A548A6494860680446498862FFF756F8B2
S214050F887348406EE16B0E4008D1C00606D5FFF7DC
S214050F9863F802219E4A1160FFF767F8FFF74FF8D6
S214050FA8280320609B4EC0200006706028049749D9
S214050FB80860606B4007C10F6846017030200399CA
S214050FC849072CD54021A24A1162904F4901396636
S214050FD8032191640021116030607D658020706072
S214050FE8062000F01BFD00280DD12802F866022011
S214050FF800F014FD280297498866182070600820B6
S21405100800F00CFD002800D0F7E024207060E020F2
S214051018C0029049C865A020C00238666FE0E16B3B
S214051028C90246D5BE4949680902090E019149090A
S214051038022901DB884A01E0B3229200019930298A
S21405104837D311490B88E72B33D395277F00BB4247
S21405105805D8FB1A1B095A43920A534204E07F4FE8
S214051068DB191B095A43930A5BB2019AD2180F6B10
S214051078BC46CF6B7B436746FB180B639F2A0FD38B
S2140510889F2210E0FC0302A8743F0000100002A887
S2140510981C2002A81C1002A8C83E0000E40000AAEE
S2140510A8202A00D821221102114312040A4329498D
S2140510B80A606749AA020A629A4A8A6414220A607A
S2140510C83060524F7D65E020C0026249C865A803B6
S2140510D8B86640027060062000F0A0FC002833D1F0
S2140510E82D06FD66022000F099FC5A4885666809B3
S2140510F87060082000F092FC002825D17560032052
S21405110800F08CFC88481849886700F04AFA874D2D
S214051118401DC001296B401801908548406F802105
S214051128C901084002900846824908600198049952
S21405113888421FD20846296B401A00F05DFC002835
S21405114816D002987C49086057E000BF0C0000AA34
S214051158204000A8CC4001A8784201A8763E0000A9
S214051168703E0000645000A83C6000A8046100A812
S21405117804980190206AE86204270398384001D04D
S214051188402002E0F8057060C0087060012000F095
S21405119845FCB8011D490860019800F02DFC8A4EEB
S2140511A868460078002805D161480068F06138056A
S2140511B88649086002986049086085488549086038
S2140511C824487902416669464978002900D10760AE
S2140511D8206A686268460078002808D0012000F072
S2140511E81DFC3078000602D5780492490860E06B45
S2140511F8C00202D54A480068286305B0F0BD00BF9E
S214051208045100A8204001A8040000FFB41002A855
S2140512187CE40350441102A810B5FEF71DFF864965
S21405122800240C600A22CA61FEF71FFF8348C02106
S2140512388902016082494160824810210160C9051A
S21405124841654020804908608048047010BD00004C
S214051258400102A8B82002A833070000D6FEFFFF03
S2140512687B48406B800300D47047F8B57948046816
S2140512780027002000257849E20706D5C020800209
S2140512888025ED03EA0A0A6003E0A20701D40320D5
S21405129840252843C862012000F0C0FB8020400096
S2140512A86E49086708206E4908606E49096809028C
S2140512B803D46D4909680140FBD0012000F0AEFB58
S2140512C86A4EE00702D58020800430643564042021
S2140512D800F0A4FB600702D5E020C002F060644871
S2140512E83064012000F09AFB62483064C32000068B
S2140512F830645A488021490201671021B163890282
S21405130871615D490F60012232603022F2638F6297
S214051318802189014E4A116009010160F1BD00006E
S214051328F83F0000F3070000FFFF7F7F743F0000CB
S21405133820C001A894E001A894D001A8F8B54F48A4
S21405134800680D2707400424002F00D104274C48C1
S2140513581025660308214B4A4B4B1B682340126829
S21405136814D04260394004D00220FEF7AFFD474846
S21405137806603C4007D04648006805434448056073
S214051388B008424908600220424915E00260394023
S21405139805D00220FEF79AFDA0023C4908603C40AD
S2140513A806D03B4801680D43056070093749086053
S2140513B838480660300329490860FFF751FF0021C1
S2140513C80020FEF716FDF1BDC83E00001C1002A859
S2140513D803000300482102A810B580202E490A6894
S2140513E802400AD02D4B1A680624144005D15C6EB7
S2140513F82B4A22401B6D9C0101D5002010BD0968AB
S21405140808400DD02748824203D1180501D501208A
S21405141810BD25480068C107C90F481E8041C00F82
S21405142810BD22480321C163A821816310210160EC
S214051438704700001C2002A8D80000AA402002A871
S21405144804000080646000A82C4000A8763E0000D2
S214051458100002A8FC0302A81C1102A8442002A832
S2140514684C6201A8C44001A84C4201A8082102A85C
S2140514782400000198008800600102A8B44000A86E
S214051488E83E00001CC101A8440002A8401002A8B6
S214051498683F0000685000A8400002A814C001A8CC
S2140514A81F1F0000010C000030C101A8082002A873
S2140514B86C4800680121084209D16B4A12686B4BD3
S2140514C8000C1840F03291400B40984201D002209B
S2140514D8704700207047F8B507000F386A46108031
S2140514E8604CA0680A0004D16B461B8882B29A42F3
S2140514F83AD200226B461A80012502263A0013D0F6
S2140515082268324007D000292ED059480088401C4A
S2140515185749088000203900E16056490E6080B2B8
S214051528B84201D369460D805348456000E030BF90
S2140515382068304003D1FFF7BBFF0028F7D04D4899
S2140515484560390010D02168314005D048490A88D9
S2140515586B461B88D2180A8006600020E060A068E3
S214051568B84201D244480660FFF7A2FFF2BD38B577
S214051578050000F007FB0400012199204543A8094A
S2140515883E4A12688018123880B2FFF7A4FF050095
S2140515988020C0013A490860200000F0F7FA2800C4
S2140515A832BD334803883549096802889342F9D11C
S2140515B8100408187047FEB51238070C69460880E7
S2140515C800F0E0FA0190274C294D2888B8421ADA27
S2140515D801202C490860274E30BF022021680140AB
S2140515E806D030604003264908602888401C2880B5
S2140515F8FFF75EFF002802D12988B942ECDB0121F6
S214051608716000280DD12888B8420AD1A0686946B5
S2140516180988884205D2002168460088FFF75BFFDF
S21405162801E0FFF745FF04008020C0011449086063
S214051638019800F0ABFA2000FEBD10B512490A68FD
S2140516480E4B1B680C689442FAD0DB014033141A1B
S21405165802D288692418641C0C4800684443181B81
S21405166810BD0000280002A804ED00E0FF3F0000BA
S214051678743E0000282002A8281002A8300002A8F8
S21405168880E200E02C1002A820C001A8B43F0000A4
S214051698F0B502E00A601C602E607EC84F1C07D0B5
S2140516A85F1C04D06F1CF5D10A601C60F0BD0A608B
S2140516B8F0BD000080B5FEF709FC01207F490860EB
S2140516C801BD80B5EB2000F001F801BD30B57C49B9
S2140516D80B6818401022134210D07A4B7A4C2468AF
S2140516E8224008D0A84A14682402FF252D02254062
S2140516F8DD6200241460802252031A60086030BD3B
S214051708F3B5010016001C00002500959F48019AB0
S214051718330000270BE0BC464F5D4743AE009E5995
S2140517287E40575D47433740664637436D1CA5429E
S214051738F1D3390939438A080A4351081143084041
S214051748C10901430F208A0B0A4302405040F6BDE3
S214051758F1B582B00E0000208B490860FD25AD0165
S214051768EF7AA87A01900F21394000910ED00B46E2
S214051778874A88490298FFF7C3FF019901408248BE
S2140517880160854841438548084001D1012400E0A9
S2140517984401380915D032003B0929000298009EF5
S2140517A86D7A75194019FFF7ABFF019909110140C4
S2140517B8754802680B0113430360002901D04800E9
S2140517C8444377480068204001D10420FEBD002028
S2140517D8FEBD80B50A00002111807249528880181E
S2140517E8FFF7B6FF02BD70B50F226F4B5C7905781B
S2140517F80F202040C5402009284001259C79C44073
S2140518082C4001D1032070BD2F4C2468254005D0F7
S2140518189D684600AD5B6D1E644E3560DD78DE79E5
S214051828C640F00711D5E0060FD5002D0DD0604847
S21405183848600888488008881C7800192A40801857
S2140518485A7880182A09801800E0002008800020A9
S21405185870BD80B557480168574A0820014201D02F
S21405186850611061C90602D58621090111605349E0
S214051878534A126812040CD5524A1268530401D505
S214051888C00305E0C0239B0113404202934200D0E3
S21405189808600D480078C022024002D18020400525
S2140518A808604948006820221040086047480068D4
S2140518B8C00101D4FFF705FF01BD00002C4000A8B4
S2140518C8703F00001C1002A8C83E0000F8B5404F3F
S2140518D838687E6806403F4830403F49086080249F
S2140518E8A4033E4DF00227D53D48016801200A06A7
S2140518F805D53C490968A9602870022014E001420C
S21405190802D03949A9600FE00020C9060CD5284938
S214051918A960364A91780B071B0F12789A18090999
S2140519285118A980E880A888A880A888002801D02A
S214051938264301E0FFF7C5FE264023D0264E7460F1
S2140519483460A88800280BD0F969814208D3291D78
S2140519582748AA6890470100F3D0FFF7ABFEF1BD0C
S21405196801000CD0FC218902B161224902038A6173
S21405197834604C60FA69824204D30C60F1BDEB20F2
S214051988FFF7A4FEF1BD0000503E0000010101016D
S214051998F83E0000383F00001111000021840000C1
S2140519A8F43E0000183F0000483F0000204000A80D
S2140519B8531F0000F84F0000302102A8441002A863
S2140519C8384101A8204201A8084001A8CC4000A833
S2140519D8B44000A8FFFFDFFFB46000A8543E00002F
S2140519E8C83E0000EC370000671F0000493F0000AE
S2140519F8D44000A8B45000A810B5C409FFF7D1FD17
S214051A08201A312806DAC000183801D4C01EFDD5BC
S214051A18002010BD2000FFF7CEFD10BDC3214843AA
S214051A286F3801D41E38FDD500207047FEB5C02096
S214051A38C0043649086036483649C865102436480D
S214051A4804601020FFF7EAFF00285ED1FF20000596
S214051A583249086032483349086033482D490860DA
S214051A6825042E480560314807680820FFF7D6FF85
S214051A7800284AD108262E4806600120FFF7CEFF23
S214051A882A48806802902B4806602B48214908603A
S214051A98224805600820FFF7C1FF002835D12448ED
S214051AA806600120FFF7BAFF204DA8680190214877
S214051AB80660184E214830600299019800F046F8ED
S214051AC80104FC208003084000900298C10B019889
S214051AD8C00B00F03BF80006FC218905014000987C
S214051AE8014317480A0C4240FF239B1CD218104096
S214051AF8084330602F60E0030849086028682860B6
S214051B0810480460104981640020FEBD20E000A846
S214051B18F71700002C0102A8401102A8B02002A859
S214051B280000380EB01002A810103030E04001A8AA
S214051B38E05001A8E06001A83030101020202020D1
S214051B483F3F0000402102A8F7FFF00010B5490402
S214051B58CA104004C310991A00209A18D30F9A1869
S214051B68521052188B115B0E5B18DB11D218202306
S214051B78541A01D422001843CC0F611849105B0883
S214051B88F6D110BDEFF3108072B67047002800D165
S214051B9862B6704780B5FEF779FA002802D0B748CE
S214051BA80068804701BD80B5FEF7B2FAB4480068FC
S214051BB800030AD4FEF7FAFCFFF752FBFEF75BFCB8
S214051BC80120FFF729FBFFF716F880208005FEF7AA
S214051BD83BFA01BD80B5FEF79BFA80204002FEF76A
S214051BE833FA01BDF8B5FEF721FA052097490860CE
S214051BF8FEF725FA964806680124264201D1FEF71F
S214051C0874FBFEF785FA9F48016800919E4A40686E
S214051C181060B105C80F002126420FD000919B4BD6
S214051C285D6815601D689A4A17687B1BBD4202D316
S214051C389769DB195B1C974FBB42F5D3964D296010
S214051C48002804D031000098FDF7DEFF00902868CC
S214051C58204004D16846FEF774FB002802D1009898
S214051C68FEF7C2FBA94804606004FEF7EDF9F1BD6E
S214051C7838B5A74CE06BC00506D580200006206061
S214051C8800BF00BF40082060FEF724FCFEF740FAB8
S214051C98FDF764FE05009F489F490860FFF77AFF31
S214051CA88020C002FEF7D0F9002D01D080202060E4
S214051CB801209A49087031BDF8B5FEF729FA984FFC
S214051CC82C20385C0521014002D0FEF7B7FA01E062
S214051CD8FEF7C1FA8E4C0225F86A284001D0012085
S214051CE820601020C0438F4908600026A6638E48EA
S214051CF80660FEF7CBF9002803D08C4800688047B5
S214051D0800E03E60FEF792F989480068E16B090431
S214051D1807D4000705D5FEF79FF986490D60FEF737
S214051D28A4F9FEF78CF9FFF794FDA804FEF78CF9DD
S214051D38F1BD80B5FEF7ECF951480068000303D4F9
S214051D48FEF799FBFEF757FF80204003FEF77CF960
S214051D5801BD38B5FEF7DCF96D4C2025FFF73CFBD1
S214051D68002806D0206B000704D5FFF75AFBFEF7B8
S214051D78F7FF2560FEF77FFBFEF73DFF6E48007808
S214051D880C210140042902D1FEF758FA01E0FEF7B6
S214051D9862FA6804FEF758F94020206031BD1CB584
S214051DA8FEF744F9052029490860FEF748F9FEF7C5
S214051DB8AFF9FFF736FBB848006800906846FEF7A7
S214051DC87FFF0400FFF7E6FE002C02D10098FEF719
S214051DD8EDFF80204004FEF737F913BDF8B5FEF78A
S214051DE897F9AE4C256A5020284002D0FEF726FA09
S214051DF801E0FEF730FA464FFFF7EEFA00281BD14A
S214051E08786B40071DD4386BE0214901014018D18D
S214051E18A80611D4FEF70AF9256AA14E354207D059
S214051E28FF20C0432D182562802000059D490860BF
S214051E38FEF705F92E4002D00120386001E00020A3
S214051E48206080208004FEF7FFF8F1BD3C1102A84B
S214051E58400002A880B5FEF75BF99348006840067F
S214051E6801D5FEF708FB0120FFF7D6F9FEF7C3FEF6
S214051E788020C004FEF7E8F801BD0000DC37000046
S214051E880C0002A8B83F00004C3E0000D43E0000F7
S214051E9820C001A801FF0000483E000010B52648EE
S214051EA80468FEF735F981490968090328D403212A
S214051EB8C00601D5214001E0A0080140012902D14C
S214051EC8FEF7BCF90BE0200107D50E20FFF7F2FB5D
S214051ED8A7480421016008210160FEF7BCF9A54C56
S214051EE82069A5490860FFF755FE2068002807D031
S214051EF84000122802D2FFF791FD01E0FFF737FBF5
S214051F0880208003FEF7A0F810BD0000402002A838
S214051F18100002A870012000B46000A8773E0000F3
S214051F28C43E0000442002A8503E0000E0370000EA
S214051F38844000A87CE40350F03E0000F8B584B061
S214051F4801266846067000270297FEF7E1F8039013
S214051F58564C2068000300D597E00320A849C863B7
S214051F6886480068FB25AD010F210F220240032A8B
S214051F7803D0000B014006294DD1A2480068A249A6
S214051F888E6DE16B890701D59F49CE6DFFF755FB29
S214051F988619FEF77BF800280ED02879C1060BD0DF
S214051FA82868090D4143890B761897490968002959
S214051FB802D10002400C3618002E01D5019700E024
S214051FC80196606B0107C80F03212A6B0A40022A8F
S214051FD81BD1039AD20618D5AA68D30513D5A66BBE
S214051FE88A4B1E409E4203D11021854AD1630CE0D8
S214051FF892050AD4E26B2823134006D16B461F7058
S214052008284A116001E06A46177002906846067805
S214052018002E03D10FE07C48406D0190FFF7DCF9F0
S214052028002808D0FFF7FDF90298002802D0FEF729
S21405203897FE00E00026022071490860002E10D0A1
S2140520483020285C0C210140042902D0A06BC0066C
S21405205802D5FEF7F3F801E0FEF7FDF820206060EC
S21405206813E0FEF708FA802000060E49086068485F
S2140520786849086001A8FEF723FE0400FFF78AFDF5
S214052088002C02D10198FEF791FE80200004FDF78A
S214052098DBFF05B0F0BD0000CC3F0000D03E0000D9
S2140520A800FFFF00441002A8440102A80C0002A87D
S2140520B8FEB500240194FEF72BF8FFF76BFD564E88
S2140520C8F06E564D0007000F072807D170680028E0
S2140520D804D40020FFF7A0F8286841E00121032072
S2140520E84F4A73685B070BD44E4B1B680B4007D0EB
S2140520F81368DF050BD55B0502D43368DB0503D407
S2140521080191916A890904E01021474B1960916A83
S2140521180909084000900020FFF77EF80098002877
S21405212805D17068C00602D4FEF795F801E0FEF7FB
S21405213885F800200199002903D13C480068FFF777
S2140521487CFA6969401801D5009400E00090684655
S214052158FEF7F7F8002805D10098FEF745F9A869AF
S2140521680549086080200005FDF76EFFF7BD0000ED
S21405217880E200E0AC3F00004C3E0000AC0002A840
S214052188F8B5FDF7C5FF002400252948066B802706
S2140521987F05300606D5300709D5FFF742F9FEF75D
S2140521A8DFFD29E001251F480068284019D00020D2
S2140521B8FFF732F80220064002D01E490C60C861B7
S2140521C81D480468002D03D02000FDF7A9FD04006E
S2140521D8FFF727F92000FEF7E9FD3800FDF734FF7D
S2140521E8F1BD16480078C0210140402902D1FEF706
S2140521F825F801E0FEF72FF820200D490860ECE7E2
S214052208082002A80CC101A86C3F000010000010A9
S214052218FFFF7F7FB46000A8400002A8BC3F00000F
S214052228C83E0000B44000A8441002A81CC101A876
S214052238100002A8180000AAD83F0000F03E0000CB
S21405224800F03CF802480349486000F052F800BF21
S214052258732A00000000000080B5EFF305800B2800
S21405226801D23A2100E02921FF221632002000F08B
S2140522783FFAFEE710B5C20018231340FF249C401A
S214052288E2438907090E9940030004D470489B0861
S2140522989B00C01806E0AD4B0007000F08388008FD
S2140522A88000181803681A401143016010BD80B5F0
S2140522B873225421002000F01BFA01BD10B5FFF764
S2140522C861FC0121634A1160634B644A1360644AE2
S2140522D813600323634C2360634C2360634B1960C8
S2140522E8634B19608023A44C2360D160FFF74EFC2E
S2140522F810BDFFF747FC05000024012160B2FFF773
S214052308B9FF641C0E2CF8D301210F20FFF7B2FF86
S21405231801211120FFF7AEFF01211320FFF7AAFFC1
S21405232801211720FFF7A6FF03210120C043FFF769
S214052338A1FF01211B20FFF79DFF7348734908601D
S2140523487348C16AC1620168016002207149086064
S21405235801208A49086047046F4C20693840FCD03C
S2140523682068800101D4FDF748FE2800FFF70EFC1B
S214052378774D0AE000281BD0FDF76EFE18E02069A9
S2140523883840FCD03000FFF701FC206E0004000F33
S214052398022801D1FEF73AFAFFF7F4FB0600FDF727
S2140523A86BFE0028A878E5D0002801D1FDF75DFE6C
S2140523B801206978002909D12978002905D17049AD
S2140523C80968890601D45349086030BF0021697039
S2140523D829780029D6D102214E4A11606749086036
S2140523E8CDE76848016842680A40674810401B49B7
S2140523F80860800703D5A4480188491C01807047F2
S21405240870B56248016840680840000E00066049D5
S21405241880221205104218D05E4B1C68641C1C608E
S2140524285D4C5E4D2D682D0407D5A568002D04D096
S21405243807250D600125AC4E3560402525601B68CF
S214052448012B02D910238B62CA67886770BD000006
S21405245800E400E0040002A80000FF3F282002A8C8
S2140524682C1002A840E002A844C002A804C001A88F
S214052478044001A8F8B5854C206B616B01400091B6
S214052488834D0846286000988249014007D0FDF725
S214052498FDFD002803D000989449096888478020E0
S2140524A8009901401CD0F821C90123680B4017D0B4
S2140524B8C0221201934213D880231B06EB622668B6
S2140524C80E40944F3F683F043F0F022F01D0032F5D
S2140524D803D1002E01D09642F1D38F490B602860B0
S2140524E88E48007806280DDA0098CC218901014027
S2140524F808D0FFF747FB04000098FDF7B5FA20005B
S214052508FFF744FBF1BD0000FFFF9B0800E100E074
S214052518E04001A85C2002A84C0002A810B5804837
S214052528016844680C407F48046080210C4205D049
S21405253841607D4801600020FDF796FA600403D5E2
S214052548802040057949086010BD00001CED00E0B4
S214052558763E000038B57648016844680C40E007C2
S21405256807D5FFF70FFB0500FDF714FB2800FFF757
S2140525780DFB7048046031BD505201A85C1002A8D6
S214052588F40302A8280002A8FFFF00C0B44000A86C
S2140525983C6000A8703E00002C4000A8384101A801
S2140525A8FEB5654C206C666C064001273E4216D083
S2140525B83D0662480560206861490F60002802D01C
S2140525C80021FDF7A5FC5F480068A021C9018842DF
S2140525D88041C043C00F5C4988705C480560FDF7BC
S2140525E83BFD029002210E4049D06068C2B20192B6
S2140525F8000A009008224B4B4C03554D0020019EBF
S214052608012E27D0022E38D1009E012E24D1EE7831
S2140526180096504E2F780C2047430020F051287816
S214052628400590277F04C719032038434A4F38606A
S2140526381C604A480460301D2B780C246343484CBC
S2140526482468009FE419C45028780C235843315051
S214052658444811E00091DCE7002E0ED1424E376063
S2140526683C4E361D2D780C277D4370515C601C60EA
S214052678C8043E4B18603E4802603148016002981F
S214052688FDF7F3FCF7BD0000743E00001C4201A8E8
S2140526984C6201A80200060070B5FDF7DDFC0400D3
S2140526A8FFF770FA2C490A68D20717D5294A121D6A
S2140526B8304B5D7A0C2675435659294D2D681E6094
S2140526C8CE685E604968D9818021C9041B4E316091
S2140526D8197B69185B7A0C256B43D150FFF756FAB8
S2140526E82000FDF7C2FC70BD3C5000A8D837000096
S2140526F8002800D0704710B50C00FDF7ADFC1E4944
S2140527080C6001221D4B1A600B6C1340FCD1FDF7BB
S214052718ACFC10BDAC0002A8785201A8403E0000EB
S21405272890C001A890E001A80CC001A804ED00E03F
S21405273890C000A890E000A800C002A8401002A813
S21405274840E002A8404000A8763E0000402002A8C7
S2140527588D3E0000300000A860C101A894D001A8ED
S214052768200000A8F42302A860E101A880E200E0A2
S214052778F41302A8843E0000008002A8409002A830
S214052788C427050000000000A0270500010000007A
S2140527980000000000F04902000000004063598F61
S2140527A8404B4C000B000B001A00FF7F9C72002064
S2140527B800000000402B0500000000000C40020049
S2140527C8018014007F400000204002000000000041
S2140527D80000000030400700000000000000000070
S2140527E80000000000000000000000000040000097
S2140527F8A007040050400100000000005C400200ED
S2140528080000000000000000A840010007000000C6
S214052818BC400400000000000000000000000000A6
S214052828000000000441040000400000FF4C0000C2
S214052838FF5D0000FF4D000020C0011000F80700EE
S21405284820C00130F502080024C00110FF00000072
S21405285824C001300018000028C00700EC80B383A8
S21405286843754051A00F00483040000000000000A6
S214052878000000002E02000050C00400511130046C
S2140528880E2D09E654060708D1B6020064C00A00EC
S2140528980430001C403018090D647920EBFCFB0158
S2140528A87FF6E803BD4B721511A31805103254764A
S2140528B8980A00000000000008000101040700004F
S2140528C8180001010000000020000101088400002E
S2140528D81C4008011000000020F9130407C0520028
S2140528E800000000000000000000000300000000D3
S2140528F800000000584006016402FF004108000079
S21405290801000000B0070800A7000000000000004E
S214052918804011014B01A0089BC34A74F0030000D0
S21405292800000000000000000101103050707F7F95
S2140529380000000000000000000000000000000085
S2140529480000000000000000000000000000000075
S2140529580000000000000000E0400201330000000F
S21405296800000000EC4001017DA8D98BF440050164
S214052978640483078813C83A9C200A00006120006F
S214052988B75635120C410301F954120020300429B4
S21405299888BB4040244102010000000003100000E7
S2140529A830410A016406660C0C010000E853FA007B
S2140529B80000000000000000000000000000000005
S2140529C80000000000000000010100006841030146
S2140529D8640483078813820000000000304204015F
S2140529E8000000000000000E0000000000000000C7
S2140529F84442020100000000F4811F0054420C0105
S214052A080000000000003C00000000000000000078
S214052A185555555517000000000000000000000039
S214052A28AAAA06000000000000000000000000003A
S214052A3810800101030000003880020111491000CA
S214052A48010000009C800301EB400200707803003B
S214052A58D5C00000A8800111F0010000A88001314A
S214052A680542CB01AC800111F0010000AC800131B4
S214052A7805228D00B0800201000300023700000120
S214052A8898000202000C00044C000000A400010295
S214052A9800040000D0000202050040AA88010000D4
S214052AA8E40001026C2C5111F4000202000000003B
S214052AB83D210811FC0001123F000000FC00013210
S214052AC8005404003001010260005102540101025D
S214052AD8C43F00006801010200040000FC4F010322
S214052AE8F02A0500FFFFFFFF120000006666660075
S214052AF800000000A82B0500982B05000000000024
S214052B08001A9A00005A620280841E000420F50006
S214052B181149500200000000422B05000000000085
S214052B280000000000000000B1841E000000000040
S214052B38000000000000000005020200000000F08A
S214052B4849020614000000E0930405380000A008B2
S214052B5800000000580901040706100A01040707C3
S214052B68C80A00040807800B00040808380C000487
S214052B780908610800000000680800000000C70989
S214052B88010404032C0B01040404920C0104050437
S214052B98ED170000ED17000000000000000000001B
S214052BA8193F010604100100000101060010270060
S214052BB8000900000000000000000000A1FB01005D
S214052BC851FB01005DFB01004DFC0100E3D7030046
S214052BD885DD030089DD03008DDD030091DD030037
S214052BE895DD030000000000A8010000B0140020D1
S214052BF80001030464EE01001000000024E1010052
S214052C081A00000079EB01001100000075E40100C8
S214052C181100000063E511000400000023E111001F
S214052C280400000025E101000800000026E1010077
S214052C380A00000027E1010002000000000000006D
S214052C4800000000BC2D0500AB2D050000000000A7
S214052C58BD2D050047D904000000000041D9040031
S214052C6843D904000000000045D90400892D050055
S214052C78D22D050048D9040042D9040000000000FA
S214052C8846D90400A02C05003FD9040040D9040005
S214052C9844D904003ED90400000203040508090ABD
S214052CA80B0001020304051D2000B40108020200FA
S214052CB8AA00FFFFFFFFFFFFFFFFFFFF413A0300E4
S214052CC879590200E5880200656D0300F58B020058
S214052CD869E603006BE603006DE603006FE603008E
S214052CE82D0403009DD90200452103000167030052
S214052CF80579020065E6030029DE0200B5570300DC
S214052D08196A020067E60300DFCC030011710200AA
S214052D18B5A1030000000000001300000000000035
S214052D2800000000000000000100000011E202009B
S214052D3802000000DFF703000300000069E1020057
S214052D480400000059F703000500000009E1020029
S214052D5800000000000000000023001B2200FF0002
S214052D68000000000C090202000000001C1A0B03F4
S214052D7803FF06080402020204020A0B0303020301
S214052D880480FF0204FF010101010800000000009D
S214052D980000005A6967426565416C6C69616E6337
S214052DA86530398000001838103000000000000033
S214052DB88F8E8C8081815A6967426565416C6C691E
S210052DC8616E6365303906080C1080004B
S20C052DD4503FFB7F01000000E3
S210052DDCE82D0500C06D00201302000065
S214052DE80000000000000000FFFF000001000000D2
S214052DF800000000000000000000000000000000C1
S214052E0800000000000000000000000000000000B0
S214052E1800000000000000000000000000000000A0
S214052E280000000000000000000000000000000090
S214052E380000000000000000000000000000000080
S214052E480000000000000000000000000000000070
S214052E580000000000000000000000000000000060
S214052E680000000000000000000000000000000050
S214052E780000000000000000000000000000000040
S214052E880000000000000000000000000000000030
S214052E980000000000000000000000000000000020
S214052EA80000000000000000000000000000000010
S214052EB80000000000000000000000000000000000
S214052EC800000000000000000000000000000000F0
S214052ED800000000000000000000000000000000E0
S214052EE800000000000000000000000000000000D0
S214052EF800000000000000000000000000000000C0
S214052F0800000000000000000000000000000000AF
S214052F18000000000000000000000000000000009F
S214052F28000000000000000000000000000000008F
S214052F38000000000000000000000000000000007F
S214052F48000000000000000000000000000000006F
S214052F58000000000000000000000000000000005F
S214052F68000000000000000000000000000000004F
S214052F78000000000000000000000000000000003F
S214052F88000000000000000000000000000000002F
S214052F98000000000000000000000000000000001F
S214052FA8000000000000000000000000000000000F
S214052FB800000000000000000000000000000000FF
S214052FC8000100000000F0010800000008100020BD
S214052FD8010023010400000010100020060030013F
S214052FE80100000014100020FFFFFFFFC0EA2101C2
S214052FF8C0EA21010080000000F04902E06F0020C9
S21405300800600700008000000C3B0020C800000098
S214053018FE00000000000000CCCA040018100020BE
S214053028FFFFFFFF2CCE0400330000003128010007
S2140530383300000085A603000B4A04000F4A040067
S2140530481C4A0400294A0400364A0400434A040078
S214053058564A0400684A0400754A0400824A040071
S2140530688F4A0400A44A0400B74A0400C94A040063
S214053078DE4A0400ED4A0400FE4A04000D4B04002F
S2140530881D4B0400294B0400364B0400464B040030
S214053098584B0400674B0400764B04007F4B04002E
S2140530A8944B0400A94B0400BE4B0400DE4B0400F9
S2140530B8EC4B04000B4C0400264C0400394C040069
S2140530C8464C04005B4C04006A4C0400794C04002A
S2140530D88B4C04009D4C0400B04C0400C34C040003
S2140530E8D94C0400000000000F000000FF00000097
S2140530F800000000000000000000000000000000BE
S2140531080000000000000000000000000030E70492
S21405311800C818034A5504004F5504007C5504009A
S214053128A7550400D5550400035604003256040076
S2140531385F5604008F560400BF5604000F57040058
S214053148FFFFFFFF00F80300FFFFFFFF0000040076
S21405315800000400005C26053C71002006000000FF
S21405316848F00400000000000100190001000000F6
S214053178944600200100190001000000944600202E
S21405318801001900010000009446002001001900FE
S2140531980100000094460020010019000100000007
S2140531A894460020010019000100000094460020FE
S2140531B801001900010000009446002001001900CE
S2140531C801000000944600200100190001000000D7
S2140531D894460020010019000100000094460020CE
S2140531E8010019000100000094460020010019009E
S2140531F80100000094460020104B00200000000047
S21405320800000000C0D90400DC510020F071002041
S2140532189C5400204DC8040006000000000000006D
S2140532280000000000000000A8F00400C0F004003C
S21405323858C804001C810400FE0000002072002007
S21405324800000000AC540020145500207C550020D2
S214053258000000000000000000000000000000005C
S214053268000000000000000000000000000000004C
S214053278000000000000000000000000000000003C
S214053288000000000000000000000000B9D603009A
S214053298B5D60300FFFFFFFFBDD60300FFFFFFFF00
S2140532A815DC030071DC0300FFFFFFFFFFFFFFFFD0
S2140532B8FFFFFFFFFFFFFFFF2F2A0000FFFFFFFFAF
S2140532C80000000007DE0300EC2B0500FFFFFFFFEC
S2140532D80000000020A1070000000000D11A040025
S2140532E800000000000000000000000000000000CC
S2140532F800000000000000000000000000000000BC
S214053308645A00206D4F0200FD6802001C81040007
S214053318000000000000000000000000000000009B
S214053328645A002005560200000000001C810400AF
S214053338000000000000000000000000000000007B
S214053348645A002049600200FD6802001C810400DA
S214053358000000000000000000000000000000005B
S21405336845C90400645A0020A16D0200000000004B
S2140533781C8104000000000000000000000000009A
S21405338800000000645A00202582020000000000A4
S2140533981C8104000000000000000000000000007A
S2140533A800000000645A002095870200000000000F
S2140533B81C8104000000000000000000000000005A
S2140533C800000000645A0020919C020000000000DE
S2140533D81C8104000000000000000000000000003A
S2140533E800000000B80B0000645A002001A2020085
S2140533F8000000001C81040000000000000000001A
S2140534080000000000000000645A002061AD0200BC
S214053418000000001C8104000000000000000000F9
S2140534280000000000000000645A002025AF0200D6
S214053438000000001C8104000000000000000000D9
S2140534480000000000000000645A002061ED03003B
S214053458000000001C8104000000000000000000B9
S2140534680000000000000000645A00204DB5020068
S214053478000000001C810400000000000000000099
S2140534880000000000000000645A0020BDBB0200D2
S214053498000000001C810400000000000000000079
S2140534A80000000000000000645A0020E3F903004D
S2140534B8000000001C810400000000000000000059
S2140534C80000000000000000645A0020F5200300F4
S2140534D8000000001C810400000000000000000039
S2140534E80000000000000000645A0020653903004B
S2140534F8000000001C810400000000000000000019
S2140535080000000000000000EB020400645A0020DA
S21405351871670300FD6802001C81040000000000B6
S214053528000000000000000000000000645A0020AB
S214053538356E0300000000001C8104000000000032
S214053548000000000000000000000000FFFFD00794
S214053558B80B0000FFFFFFFFCEFAEFBEFFFFFDFF2B
S214053568FDFF0C002C01001E2C01400680001027CC
S214053578FFFF04F8FFFF0C000000000000004000F5
S214053588FDFF2C019C000000FFFFFDFFFFFFFFFF6E
S21405359860EA8000800010C1CDAB0A01320101FF48
S2140535A8FFFFFFFFFFFFFFFFFFFFFFFFFFFFFFFF19
S2140535B8FFFFFFFFFFFFFFFFFFFFFFFFFFFFFF0107
S2140535C8FF05FFFFFF0101FFFF0201FFFF64025031
S2140535D8FF0F010208031E0605021601010A0C055F
S2140535E82007051010010F08041001060101010443
S2140535F8FF0301FF0CFF0F7F7F0150403000FFFFE0
S214053608FF0B03FF050B0101FF030103050202017A
S214053618FFFFFFFFFFFFFFFF010102FFFFFF40FF60
S21005362801010000056D0000DD6C0000CF
S80400B089C2
