S01B00006275696C642F72656C656173652F7A69676265652E73333714
S214006000081000203DB400005DFC0000894103003C
S2140060108941030065FC00006DFC00008941030017
S2140060208941030089410300894103008941030037
S21400603071FC000038850400894103008941030093
S2140060408941030089410300894103000DAF000028
S2140060508941030089410300894103008941030007
S21400606089410300894103008941030089410300F7
S214006070DD010100894103008941030089410300D5
S21400608089410300894103008941030089410300D7
S21400609089410300894103008941030089410300C7
S2140060A08941030009B80000E9B7000089410300F0
S2140060B0894103004D45020089410300B14F0200AB
S2140060C0A9990300A59903008D470200BF99030014
S2140060D0AD990300814F0200B1990300F14F020011
S2140060E05D560200593302005D50020089410300EC
S2140060F08941030089410300894103008941030067
S2140061008941030089410300894103008941030056
S2140061108941030089410300894103008941030046
S2140061208941030089410300894103008941030036
S2140061308941030089410300894103008941030026
S21400614082B030BF074BD3F8F030DB0704D500230E
S2140061500193019B052B01DD02B07047019B0133C3
S214006160F6E700BF00ED00E0F0B5114A114C124E04
S21400617000F00105E3695F0713D40DB9334213D16C
S21400618003EA00078F4207D10B4A1A40002A14BFC1
S2140061906FF001000020F0BD013AEBD16FF0020075
S2140061A0F9E74FF0FF30F6E76FF00100F3E700BFC6
S2140061B08096980000000350020001000B4B70B55B
S2140061C0D96911F480310DD101244FF48072084E44
S2140061D0084DF46020462C641A61FFF7C5FF34644E
S2140061E0EC6070BD6FF00100FBE700BF00000350DD
S2140061F000100350002003504FF4003238B50F4B08
S2140062000F4C9A6641F671330122E569E3630D4B44
S2140062100021DA60022360612120236105F48035C5
S214006220FFF7A2FF10B92120FFF79EFF0122064BC1
S214006230DA600DB10023E36338BD00BF0090005064
S21400624000000350001003500020035070B5134C9C
S2140062506061E3695B071ED40E4656F8043B8D1852
S214006260A361AE420BD10423002121202361FFF756
S2140062707BFF58B9BDE870402120FFF775BF0821A5
S2140062800846FFF771FF10B10423236170BD56F86E
S214006290043BA361E5E74FF0FF30F7E7000003504B
S2140062A02DE9F84315464FF40032184B89469A6696
S2140062B041F6713203F51C33DF69DA6301220646C4
S2140062C003F58053DFF84C8007F48037DA6055B961
S2140062D0284601220E4BDA601FB10022A3F50053B8
S2140062E0DA63BDE8F88306F5005404EA0804A41B44
S2140062F0AC4228BF2C46494622463046FFF7A6FF4A
S2140063000028E6D12644A1442D1BE0E7009000506B
S20C0063100020035000E0FFFF2F
S2140063182DE9F04F4FF0FD0BC9B09A460DF11B0959
S2140063289DF8503108AFCDF80C90CDF808B001971D
S214006338059303890446009383790E469046418860
S2140063488288407813F070FE054650B10090A38806
S214006358002062883A4914F0ABF9284649B0BDE8EF
S214006368F08F99F8000030F029FE38B12846A38847
S2140063786288344914F09CF98D25EEE75A4639466A
S21400638899F8000030F0C2FD8346002851D0529B91
S2140063981BB1BDF84C3198424BD8002399F80090B1
S2140063A80793A9F14102012A5FFA8BF123D83846F0
S2140063B80139254ADFF898C05FFA81FE734513DB7A
S2140063C8059B04210792C3B907AF18221F489FED03
S2140063D81A7B02FB060420460A460830394684ED36
S2140063E8027B18F0B9FF11E010F8011F0133514085
S2140063F80CFB01F2E2E7059B33B123464A463846D2
S214006408009611F093FDA8E70829DED9B8F1000F29
S21400641801D088F80090BAF1000F01D0AAF800B0B1
S214006428529B002B99D05A46184608A918F094FF94
S21400643893E7012591E700BF000000000000000078
S214006448042E0400392E0400C59D1C8180100020EF
S21400645893010001000000002DE9F04F93B0CDE94C
S2140064680A32DDE91C530E9353EC102BCDE90801D4
S214006478104619468DED060B1E9E18F0F7F980B1EA
S214006488DDE906014FF0FF32C54B18F017FA40B9A0
S214006498DDE906014FF0FF326FF4801318F0F0F9CB
S2140064A870B1DDE908019DED060B0E9B1E96CDE941
S2140064B81C53DDE90A3213B0BDE8F04F00F088B986
S2140064C80022DDE90601002318F0DAF9002800F0BA
S2140064D83381DDE906A303F1004BCBF30A5016F42B
S2140064E88063A0F2FF3008BF06250F9317F0ECFE76
S2140064F89BA3D3E9002317F051FF9BA3D3E90023FE
S21400650817F096FDCBF31304894644F07F51804676
S2140065180022A44B504641F4401117F087FD94A37F
S214006528D3E9002317F03AFF02460B464046494691
S21400653817F07EFD18F0CCF9044617F0C5FE8EA3BA
S214006548D3E900238046894617F028FF0022964B99
S21400655817F06EFD18F0BCF989A3D3E900230746A7
S2140065684946404617F01AFF80463846894617F0CF
S214006578ABFE85A3D3E9002317F010FF02460B46AF
S2140065884046494617F052FD02460B46CDE90C2315
S21400659817F004FFDDE90C238046894610461946A5
S2140065A817F046FD0022CDE91001804B40464946CB
S2140065B818F01EF800227E4B17F03AFD02460B46EE
S2140065C84046494618F014F800227A4B17F030FD7A
S2140065D802460B464046494618F00AF8DDE90C2301
S2140065E88046894600204FF0804117F01FFD02467E
S2140065F80B464046494617F01BFD02460B46DDE9AA
S214006608100117F0F5FF07F2FF3700226A4B17F064
S2140066180FFD00223B0517F0C1FE52465B4680463A
S214006628894618F04BF9002840F08980CDE90C8996
S21400663804F16303C62B8CBF0527042731051BD539
S21400664853A3D3E900235046594618F02DF90028DD
S2140066587FD051A3D3E900235046594618F010F9C5
S214006668002876D00027A542C6BF2C1B04F1FF35AC
S21400667800253C4646F480660E9B9F422CBF4FF092
S2140066880008A3EB070816F0020903D0002F18BF6E
S2140066984FF000083CB1DDE90C235046594617F088
S2140066A8A7FF82468B46DDE906010022002318F084
S2140066B8E7F810B10BF100439B46DDE9080126F424
S2140066C80063CDE90183DDE90A324BEC10AB009597
S2140066D800F07EF802465FB3DDE9091316F0200FD6
S2140066E800F10105089E0CBF65204520B047DDE98E
S2140066F808010523002205930A23002CCDE902325F
S21400670807F1FF374FEAD473B8BF64422A460193AD
S21400671804970A9B009432F081FB0246B9F1000FF9
S21400672806D00B9BC41A0B9B1A190E9BA34245D87E
S214006738104613B0BDE8F08FDDE906ABCDE60022C3
S214006748404649461A4B17F053FF013CCDE90C0169
S2140067586EE7002D90D00F9B002B8DD0013D8BE768
S214006768FB799F501344D33FB3C8608B288AC63F33
S21400677861436F63A787D23F71A379094F930A4095
S2140067881655B5BBB16B0240EF39FAFE422EE63F0E
S2140067982D431CEBE2361A3F0000000080842E4191
S2140067A8FFFFEF7F0000F83F0000E03F00002C40AE
S2140067B800002440000018400000F03F2020DDE9DB
S2140067C80913089DA8470134ADE700BF0000000084
S2140067D82DE9F04F5BEC10AB97B0CDE90501DDE98C
S2140067E82058CDE90723504652465B465946229F15
S2140067F818F03CF870B90323CDE902870193AA4B39
S2140068080093DDE90501DDE9072332F039FA17B010
S214006818BDE8F08F4FF0FF326FF4801350465946AC
S21400682818F02EF828B10423CDE9028701939F4B70
S214006838E6E74FF0FF32504659469D4B18F03EF8B3
S21400684868B19C4A07F00403002B08BF03229A4B42
S2140068581CBF13460422CDE902870192D0E75046B2
S2140068688DA3D3E90023594618F028F838B98CA325
S214006878D3E900235046594618F002F868B1DDE916
S2140068880723DDE905014BEC10ABCDE92187209500
S21400689817B0BDE8F04FFFF7DFBD002200235046D3
S2140068A8594617F0EDFF002800F091805B465246E7
S2140068B80020002117F0BAFB012382468B46099375
S2140068C817F4806400F08580092D40F28580002446
S2140068D830210EABA5F109020134202C03F8011B68
S2140068E8A5EB040901D09442F6D15946504617F054
S2140068F8EFFF724B054603EBC90393ED007B8DED66
S2140069080A7B17F0E1FC02460B465046594617F03C
S2140069188DFBDDE90A2317F041FD02460B46CDE95B
S2140069280C2317F0FDFF064617F0BEFC02460B4682
S214006938DDE90C0117F07AFB02460B46CDE90C237D
S21400694800225F4B17F0BAFF002848D001363046C1
S21400695817F0AAFC02460B46DDE90A0117F09AFF73
S21400696808B100260135B9F1000F45D1284617F0C1
S214006978ABFC02460B465046594617F057FB00221A
S2140069884F4B17F07DFF10B9E90700D501350A21EE
S2140069980EAB1A19202C0AD095FBF1F001FB105506
S2140069A8303502F8015B013405460028F2D107F0BD
S2140069B80302012A55D1B8F1000F52D0099A12B92C
S2140069C817F00C0F01D008F1FF38302240E009908C
S2140069D876E74FF0060988E7A946002485E70022EF
S2140069E8DDE90C01364B17F04BFF0028BBD10EB182
S2140069F8F007B8D50136B6E70A210EAB1A19202CCF
S214006A080DD0B6FBF1F001FB1063092E03F130033D
S214006A1809F1FF3904F1010402F8013B11D83021CD
S214006A28A1440EAA202CB2D04C4504F101030AD189
S214006A3804F158020DEB02042E2204F8202C1C4602
S214006A48A5E70646DBE7A1541C46EBE71A550134D2
S214006A58444506D2202CF9D1CDE9028701940EAB25
S214006A68CEE6202CF8D0099B3BB12D2204F1580322
S214006A786B4403F8202C0134EEE77A0704D504F1BA
S214006A8858032B226B44F4E73B07E5D504F158037B
S214006A9820226B44EDE700BF0000000065CDCD4125
S214006AA80000000065CDCDC1274B04002B4B040029
S214006AB8FFFFEF7F1E4B0400234B040030940400B6
S214006AC80000E03F0000000070B58EB02C220021C8
S214006AD803A818F0B1FA64234FF002320893CDE900
S214006AE805230B2301218DF834305B4B8DF81010ED
S214006AF81D880D4040F0A980084636F0FFF90A22A6
S214006B08564B574C1A704FF42873ADF812304FF0A6
S214006B18FF332360534B54491B8820460B82534B44
S214006B28534A1B68CD828B61524B0D621B884B8281
S214006B38514B1B68CB611EF059FB20B14FF41B71FB
S214006B484E4837F008FA0521206832F0CFFF20B10A
S214006B5840F27D21494837F0FEF9206817F022FAFE
S214006B68474B2068196832F03BFB0C2536F02EFEA2
S214006B786843099036F02AFE68430DEB0501079036
S214006B88206818F0F5FE20B140F295213B4837F012
S214006B98E2F9256820F054FF00220146284632F024
S214006BA897FB20B140F29721344837F0D4F940F2E9
S214006BB80353344D344E2B80052396F90000AB70F2
S214006BC87F2801D11EF0FAFD3378EB7036F0FEFD13
S214006BD800EB80008000A88036F0F8FD0023C00097
S214006BE84FF0FF31E880AB604FF0FF3018A3D3E9D1
S214006BF8002336F0D5FA2549206832F022FB2068B3
S214006C0802A933F01AF820B14FF434711B4837F054
S214006C18A2F9042220680DEB020132F0B6FA042825
S214006C2804D040F2D721154837F095F901A901207C
S214006C3831F077FE09F052F801201FF043FA2EF0E3
S214006C488DF81FF069FA1EF051FD0EB070BD00BF3A
S214006C580A0020FF420300009260002066680020B9
S214006C6838590020D0AD040034700020D8AD040098
S214006C782DCF0300CEAD0400D4AD0400F08304008D
S214006C88746D00202C59002008730020A1CF030043
S214006C980348044B834202D0034B03B1184770479E
S214006CA8347300203473002000000000064B0749A8
S214006CB8C91A891048BF0131491003D0044B0BB1DB
S214006CC801481847704700BF34730020347300200B
S214006CD80000000010B5064C237843B9FFF7D8FF2C
S214006CE8044B13B10448AFF300800123237010BD92
S214006CF8B815002000000000F0E8040008B5044BB2
S214006D081BB104490448AFF30080BDE80840CDE74E
S214006D1800000000BC150020F0E80400A3F5803A47
S214006D28704700BF154B002B08BF114B9D46FFF759
S214006D38F5FF00218B460F461148124A121A18F022
S214006D487BF90C4B002B00D098470B4B002B00D040
S214006D5898470020002104000D000B4818F0B2FCEC
S214006D6818F042F9200029002CF0B0FD18F098FC25
S214006D7800000800000000000000000008100020C6
S214006D8808100020BC68002035F70100032837B536
S214006D9804460D461FD1012B35D11378012B32D16D
S214006DA801F0D6FD012804460DD18DF800002648CE
S214006DB817F024F803F09AFD234601466A46022097
S214006DC803F0F0FD1FE0214817F018F803B0BDE8FF
S214006DD8304001F0E3BD202817D101F0B9FD421E6E
S214006DE85042504101236A468DF800002946204645
S214006DF803F0D8FD164B1A782AB901221A7003F048
S214006E0823FD02F049FD03B030BD25280BD101F063
S214006E189FFD431E584258418DF8000001236A46DC
S214006E2829462046CCE72428EDD10023CDE90033B7
S214006E3803F0D4FB10B100BACDE9000008236A4677
S214006E4829462420BCE700BF90E30300BDE3030007
S214006E587161002007B5012120200DF1070201F01D
S214006E68D9FB58B10223012120200DF107028DF825
S214006E78073001F0DFFB03B05DF804FB9DF8071050
S214006E880229F8D00222094816F0B8FF0223012189
S214006E980DF1070220208DF8073001F0CBFB2CF00F
S214006EA862FC4FF4FA6001F0FDF9E4E7F5E303004D
S214006EB808B501F0D3F900F021FB0F4B1B788BB116
S214006EC80E4803F05BFD03F0D9FC02F0D1FC0C4839
S214006ED803F0ECFD2CF0F9FC02F04CFDBDE8084090
S214006EE8FFF7B8BF03F080FC064B1B781843C0B208
S214006EF80028E5D1EEE700BF756100208C2600204B
S214006F08956D0000E961002038B502F0E3FE124BEB
S214006F181B78BBB103F0D0FD01F01AFD012805D09F
S214006F2801F016FD022801D001F038FD0B4D2B7834
S214006F383BB901F00DFD0128044602D12CF0A9FC4E
S214006F482C7038BD03F050FC054B1B781843C0B2B4
S214006F580028DFD1E0E700BF7561002070610020DF
S214006F68E961002070B590F860300446114E00F1D3
S214006F781C0533B1C0E907602846BDE8704001F03B
S214006F889FBB00882CF0C3FBA37884F84400834298
S214006F9808BF01232846C4E9076404BFE3702371C9
S214006FA801F08EFB224620880349BDE8704001F0B8
S214006FB8CBBA00BF33340300F733030070B5C37889
S214006FC804460D461646002B34D1D1B1214816F09A
S214006FD815FF0123E370E36CA6600BB1E06D9847DC
S214006FE8E368F61A63699E4221D2217E1A48013167
S214006FF8C9B2217616F002FFA36D13B1217EE06DAB
S2140070089847E5702CF0C2FB15B3237903BBA2683A
S214007018238A801A83421BD801231048237116F04E
S214007028EDFE236DA3B1E06DBDE87040184701235F
S2140070382376E6E70029E4D1094816F0DFFE636DFB
S214007048E660E5702571002BDBD0E06D9847D8E741
S21400705870BD00BF1DE403002EE403005CE40300DB
S21400706849E4030070B51E46838804460D46C18071
S21400707802810BB1868070BD817800882CF0F6F905
S2140070880123E370064BA680C4E903340C3420467B
S21400709801F016FB29462046BDE870402CF06DBB73
S2140070A87F34030010B501790446B1FA81F10088EF
S2140070B849092CF052FA21796088B1FA81F1490918
S2140070C82CF04BFA034B1A68A24204BF00221A603F
S2140070D810BD00BFD815002070B543790446A3B18B
S2140070E800880E4E04F10805336813B10C4B1B7864
S2140070F86BB121792CF031FA64210A4B3460A36015
S2140071082846BDE870402CF038BB4088E9E70648BA
S21400711816F074FE054B3221A360F1E7D81500205F
S21400712872610020AD70000072E40300E170000098
S21400713810B5044620B3134816F060FE012194F8F3
S2140071483800617150B1104B1B6803B19847236B28
S214007158B3B1606B0121BDE810401847A37923B985
S214007168217920882CF0F9F9F1E72046FFF79AFFF5
S21400717804F108002CF006FB2046FFF7ADFFE6E713
S21400718810BD00BFA8E40300D415002010B50446BF
S21400719838B3144816F032FE002194F838006171AE
S2140071A850B1114B1B6803B19847236BCBB1606B8A
S2140071B80021BDE810401847A3793BB921792088FB
S2140071C8B1FA81F149092CF0C8F9EEE72046FFF735
S2140071D869FF04F108002CF0D5FA2046FFF77CFF7B
S2140071E8E3E710BDB3E40300D415002010B5044649
S2140071F868B1074816F002FE637920461BB1BDE861
S2140072081040FFF7C3BFBDE81040FFF791BF10BDA1
S214007218BFE4030010B50E4C0E48214616F0EEFDEE
S21400722882210D4816F0EAFD82210220A21E01F0F6
S21400723801FA014630B134F8022C0848BDE810407F
S21400724816F0DCBD0648BDE8104016F0D7BD00BFF6
S214007258825B0020CEE40300E9E40300F4E40300C4
S21400726838E5030038B5114C82212246022001F089
S214007278D1F9A51C014688B122880D4816F0BEFD36
S2140072882A460C4B03F12C0153F8040B8B4242F8A8
S214007298040BF9D11B7813702C23238035F8021CB5
S2140072A8054A0648BDE8384016F0A8BD805B0020B1
S2140072B843E50300C3E50300825B0020A1E5030065
S2140072C810B50C4C0C48214616F098FD8221232058
S2140072D8A21E01F0AFF9014630B134F8022C074877
S2140072E8BDE8104016F08ABD0548BDE8104016F007
S2140072F885BD00BF005B0020F0E503000EE6030036
S21400730838E5030010B5094C82212246232001F0F7
S21400731881F910B10023A3702380054A054832F886
S214007328021CBDE8104016F069BD00BFFE5A0020DA
S214007338005B002049E6030010B50C4C0C482146BB
S21400734816F05CFD82212420A21E01F073F9014686
S21400735830B134F8022C0748BDE8104016F04EBD90
S2140073680548BDE8104016F049BD00BF7E5A00200B
S2140073786EE6030094E6030038E5030010B5094CF2
S21400738882212246242001F045F910B10023A3707B
S2140073982380054A054832F8021CBDE8104016F05E
S2140073A82DBD00BF7C5A00207E5A0020D7E6030079
S2140073B8114B70B51C88E4B1104E35887E2D19D84F
S2140073C8C5F17F05ADB2AC4205D92246611B0C4813
S2140073D816F014FD2C4633880A48224618440A49F3
S2140073E817F0BAFF33881C440023A4B2348026441E
S2140073F8B37070BD0025E8E77C5A0020805B00204B
S21400740804E70300825B00207E5A0020034B1B78AB
S2140074181BB18B4201D82CF0A6B97047B072002079
S21400742810B5044601460E4816F0E8FC012C11D1AA
S2140074380C4B0D481A884FF6FF739A421EBF00225F
S214007448094B5A742CF06FF802F0FCFDBDE81040AA
S21400745802F06CBC0448BDE810402CF066B800BFCB
S2140074683EE7030064720020006D002070B500241B
S2140074781A4D1B4E3378A3421BDC0024194D1A4EB6
S2140074883378A3421BDC0024184D194E3378A342E8
S2140074981BDC01F05DFA012816481CD12CF043F8D5
S2140074A802F0D0FD02F042FCBDE87040124801F040
S2140074B86FBA2846FFF756FD01346435DAE72846E2
S2140074C82CF017F801343435DAE728462CF04AF859
S2140074D801343C35DAE72CF028F8E5E79C2600204E
S2140074E8CF610020E82A0020D06100203424002044
S2140074F878610020006D0020297400002DE9F04F07
S2140075089FB0FFF7AFFEFFF7FDFEBB48BB4C30F859
S214007518021B02F0C3F8FFF731FFFFF749FFB84B2D
S21400752809A809932CF052F8054617F081FCC2B258
S2140075381F2A627004D9B34816F060FC00F0A6FE55
S2140075482946A01C17F008FF09A82CF03FF80546A6
S21400755817F06EFCC2B21F2A84F8212001D9AA4867
S214007568EAE7294604F1220017F0F6FE1022002169
S2140075780AA817F061FD102200210EA817F05CFD7E
S2140075881022002112A817F057FD1022002116A875
S21400759817F052FD102200211AA817F04DFD09A871
S2140075A82CF014F84FF0000904463225DFF8A482C0
S2140075B8CDF80C902378002B40F0C780DFF898A20F
S2140075C8924A9AF800700AAC0EAE12AD16A81AA91E
S2140075D89F4202F1880200F345858D4CFFF746FF6F
S2140075E823788C4F01933B78DFF870928A4E00938D
S2140075F89AF8003099F800203178884816F0FEFB93
S2140076080020337899F800209AF800109D180D4449
S2140076183978DFF84CB20D44217804460D445946B3
S214007628EDB2834200F33785DFF8F881012D38BFC5
S21400763801254246002347464FF482714FF6FF74F1
S214007648039503980133984213705180948002F191
S2140076580C02F6DC724B73496848BB6001F070FA9E
S214007668F879BB6800EB400003EB800001F01CF8DB
S214007678FB796D4D01336B496C48FB7102F0C6FF10
S2140076882A88A24203D06749694801F083FB4FF66F
S214007698FF732A886349D21A18BF0122654802F088
S2140076A885FA00255E4C3278AA4200F3FD844FF036
S2140076B800080C25604ADFF86CB199F800003178AC
S2140076C8404500F3058500EB01080C21002701FB67
S2140076D808B19AF800208823BA4200F31A850C21CC
S2140076E800274FF0940A96F8008099F80030494D24
S2140076F8984401FB08B12878504AB84200F3208520
S21400770837780C264FF000084FF0700A99F80030CA
S214007718DFF8FC901F44074406FB07B6DFF844B1C1
S21400772899F80030434500F3208503993D4801F059
S21400773849F8099B32491A468B4240F02C85404846
S2140077481FB0BDE8F04F16F059BB532B0AD163782B
S2140077584C2B40F01381A378502B17D10122394BBC
S2140077681A7013E0442B1AD16378A3F13002092A61
S21400777800F2E482601C2BF036FF334B334A19784C
S214007788002385B2994202F1640204DC09A82BF0B2
S2140077981DFF04460EE722F84A5C0133F2E7422B47
S2140077A862D16378542B08D1A01C00F01BFF1E4B37
S2140077B8188018462BF0F8FDE8E7601C00F012FF6A
S2140077C80646E01C2BF0B4FF0121024630462BF09B
S2140077D86BFF64211C481D4C037859436218665297
S2140077E84FF4FA6111824FF4487151611849013318
S2140077F8558311650370C9E7FE5A00203C6B0020CC
S214007808825B00205DE7030074E70300581D002034
S214007818736100207461002077610020A3E70300ED
S2140078284C170020D416002064720020A4160020EE
S21400783854160020DC150020781F00209C1B002012
S214007848FFE7030072610020CF6100209C2600201D
S214007858BF350300E82A0020756100207661002005
S214007868882100204C1A00204C2B26D1601C00F0E2
S214007878B9FE00223426074611462BF015FFC349E9
S214007888087806FB00F328F8037008EB0302E37891
S2140078981046693B18BF012393702BF02AFE00237D
S2140078A8BB48BA49436001230A78037402FB06867C
S2140078B81A4406600A70039368E7492B40F07C81F7
S2140078C86378A3F14102032A00F2DF80601C00F00F
S2140078D889FE0022114607462BF0E6FE3423AB4EFF
S2140078E8DFF8CCA2307803FB00F22AF802700AEB25
S2140078F80201E2780846693A18BF01228A702BF01E
S214007908F8FDA449002308460A6D3ABB582202FB34
S21400791803003423327802FB03A303659E49002341
S2140079280846D1F8A420FAB9A82202FB030034239B
S214007938327802FB03A3C0F8A430039B53B9944AD9
S214007948114652F8040BA8B93422307800FB02A27C
S21400795841F8232033780133337017E70133042BBB
S21400796801F15801D0D1D9E70133042B01F1A80160
S214007978D7D1E2E70133042BE3D1EBE7A3F14102C9
S214007988032A3CD8601C00F02DFE0646E01C2BF0AF
S214007998CFFE0121024630462BF086FE64227F4F3A
S2140079A87F483978DFF8F0C14A43831886524FF487
S2140079B848721A825A617B4A5D839A65E278A824DF
S2140079C8642A08BF0122784E08BF9A7033785C4351
S2140079D80CEB04020CF804304FF4007454800324B3
S2140079E814719471642401FB040090603220013302
S2140079F8DBB20131537182F8A0003970ACE7542B22
S214007A087FF4C4AE00260DF12301A01C8DF8236078
S214007A182BF00CFE00283FF4B9AE9DF82320002A70
S214007A283FF4B4AE4FF0640E4FF6FF77DFF86CC144
S214007A385B489CF80010DFF860A10EFB01F4031900
S214007A4883F860204FF448720753A8241A825A61B4
S214007A58554F544A01FB0E009A653B7801315C434A
S214007A680AEB04020AF8043040F2012490605480BD
S214007A78322003240133DBB216719471537182F8F5
S214007A88A0008CF800103B7080E6542B7FF47EAE86
S214007A9800230DF11F01A01C8DF81F302BF0C6FD2A
S214007AA800283FF473AE9DF81F0000283FF46EAE22
S214007AB8DFF800B19BF800600B2E3FF667AE23791F
S214007AC83A4FC6EBC601312B4FEAC60207EB010A4E
S214007AD8785401D0342B1ED10021601D8DF8231058
S214007AE80DF12301CDE904322BF0A0FD00283FF468
S214007AF84DAE049B059A312B14BF04230123921B19
S214007B0817447B700123BB709DF82330FB70013649
S214007B188BF800603AE6322B7FF438AE08A9601D71
S214007B282BF084FD00283FF431AE0DF12101E01D55
S214007B382BF07CFD00283FF429AE0DF1220104F15C
S214007B4809002BF073FD00283FF420AE0DF1230149
S214007B5804F10B002BF06AFD00283FF417AE022351
S214007B688AF8013004238AF802309DF820308AF813
S214007B7803309DF821308AF804309DF822308AF8C0
S214007B8805309DF823308AF80630C0E7D06100201B
S214007B98006D0020781F002088210020CF6100207B
S214007BA89C26002015740000776100207A6100206A
S214007BB8E82A002079610020522B50D16378542B94
S214007BC876D100230DF12201A01C8DF822302BF06F
S214007BD82DFD00283FF4DAAD9DF8220000283FF47A
S214007BE8D5ADB54B1F78052F03D8B44A1678052EA1
S214007BF804D92146B24816F001F9C7E53C214FF0F2
S214007C08FF3C7143DFF8C8A24AF801C001EB0A0B33
S214007C1801218BF8041000218BF838008BF8061029
S214007C288DF82310217959B10DF12301201D2BF071
S214007C38FDFCA14BA14A18B19DF823108BF839100A
S214007C48582179439F4844184754C6EB06110AEB57
S214007C58810101360137E16416701F7096E5502BD6
S214007C6812D16378542B40F0438100230DF1230191
S214007C78A01C8DF823302BF0D9FC00283FF486ADE5
S214007C889DF82320904B6BE5572B09D1601C00F01C
S214007C98A9FC8E4EB060E01C00F0A4FCF06075E510
S214007CA8592B78D1601C2BF09EFC884B18606DE52C
S214007CB8413B032B3FF66AADDFF8FCA19AF800308B
S214007CC8052B96D87D4E3378052B92D8601C00F08D
S214007CD889FC0022114683462BF0E6FC3C233278CA
S214007CE87B4F5A4327F802B04FF0010BB91881F8BA
S214007CF804B0E27872B1E01C00F074FC0022114671
S214007D0804462BF0D1FC3C23327803FB02777C80B8
S214007D1887F806B058229AF800306A485A438118FD
S214007D28835430786A4CC0EB001204EB8202CA64B3
S214007D380133421C32708AF8003027E54D2B7FF459
S214007D4825ADA01C2BF04FFC0021C0B2042828BF8C
S214007D5804200B464FF0880A8C465E4C5E4F267809
S214007D68DFF888B1F2189842D2B205DC00293FF451
S214007D780DAD3044207009E50AFB02FE07EB0E0144
S214007D8807F80E2081F802C0C1F854B081F858C030
S214007D9801330121E6E7582B6AD84C2B48D8432BE9
S214007DA87FF4F4AC601C00F01DFC0646E01C00F0F6
S214007DB819FC00220446114630462BF075FC0022BA
S214007DC8204611462BF070FC3C203C4F404A3B783E
S214007DD800FB03FC02EB0C0122F80C604FF0010CD0
S214007DE8002681F804C08E7103EB0C01C9B2484323
S214007DF81452702402EB000E8EF80660374E981C5C
S214007E0838703078364F4443C3EB0313C1EB011187
S214007E1802EB83038EF804C002EB810207EB040C26
S214007E2838550130CCF80430CCF808203070ADE472
S214007E384D3B0B2B3FF6AAAC01A252F823F000BF2D
S214007E488D7E00009577000095770000F97E00008B
S214007E5895770000957700009577000095770000E5
S214007E68A97E00009577000095770000CF7F000078
S214007E78692B7FF48BAC601C2BF0B5FB80B22BF023
S214007E886EFC83E4174B012019780023164A9942A2
S214007E9802F1A8027FF77AAC02F8A60C0133F6E7DF
S214007EA80DF12301601C2BF0C1FB00283FF46EACDB
S214007EB89DF823906AE400BF766100207861002070
S214007EC884E70300781F0020CE6100208C2600205F
S214007ED83424002075610020581D0020736100209E
S214007EE84C1A0020776100208821002000016400D9
S214007EF80DF12201601C2BF099FB00283FF446ACDC
S214007F089DF822600F2E3FF641AC03342378002BF1
S214007F183FF43CAC4C3B671C0C2B16D8DFE803F050
S214007F281735150715151526151515154400384661
S214007F380DF123012BF07AFB38B19DF8232006F1CA
S214007F4878036B4403F8502CE71C3C46DEE73846BB
S214007F580DF123012BF06AFB0028F6D09DF82320AC
S214007F6806F178036B4403F8402CEDE738460DF12C
S214007F7823012BF05BFB0028E7D09DF8232006F1B1
S214007F8878036B4403F8302CDEE738460DF12301FE
S214007F982BF04CFB0028D8D09DF8232006F1780358
S214007FA86B4403F8202CCFE738460DF123012BF05D
S214007FB83DFB0028C9D09DF8232006F178036B44C2
S214007FC803F8102CC0E7601C00F00CFB0746E01C0A
S214007FD800F008FB0646601D2BF0AAFB0446024686
S214007FE8012138462BF060FB2246304601212BF053
S214007FF85BFB6421DFF8C4C16C4B9CF80020DFF8FB
S214008008C0E101FB02F41F534FF4487718190782A2
S2140080184761C0F858E04583501CC0B201FB00FA1F
S21400802823F80A60942603EB0A0427826761604FE8
S214008038C4F858E06583941C8CF800403C7802FB32
S2140080480132664300FB0133DFF878C10CEB060EFD
S2140080580CF806400134CEF80420CEF808303C7000
S214008068FFF794BB14F801CB02F8809C02F885CC85
S21400807816F801CB013302F884CC15F801CB02F8C8
S21400808883CC10F801CB02F882CC11F801CB02F8A9
S21400809881CCFFF79DBA4F790130974284BF0C71A7
S2140080A84C71A831FFF7BDBA3DB118F8052C02EBA4
S2140080B8420204EB8204C8F808404146584602F0DB
S2140080C8ABF901350BF1A80B08F10C08FFF7EBBA72
S2140080D818EB01010AD0481E05FB00B0C07900EB7A
S2140080E8400004EB800405FB01B08460104605FBE5
S2140080F80171049201F022FF31782E48414405FBB5
S214008108017101F03DFC049A08F101085832FFF7A6
S214008118D4BA17EB080F18BF11F8052C04911CBF2A
S21400812802EB420204EB8204234A18BF8C6003FB6E
S214008138072001F087F9049901370C31FFF7C9BA0F
S21400814817EB080F18BF11F8050C04911EBF00EBBB
S214008158400004EB80048C600AFB072000F0DEFF7A
S214008168049901370C31FFF7C6BA18EB070F18BF8A
S21400817816F8053C31461CBF03EB430304EB8304A7
S2140081880AFB08B018BFB46000F09EFE08F10108AC
S2140081980C36FFF7C5BA13F8011D00297FF4CAAAE2
S2140081A83B2102F8011CFFF7C5BA00BF9C26002039
S2140081B87461002028240020581D0020CF6100206C
S2140081C8157400009C1B002007B5012121200DF125
S2140081D8070200F01FFA18B99DF80720024B1A701C
S2140081E803B05DF804FB00BFB072002007B5064B6D
S2140081F88DF80700187001210DF10702212000F004
S21400820819FA03B05DF804FBB072002007B5022126
S21400821801200DF1060200F0FDF938B9044815F002
S214008228EDFDBDF8060003B05DF804FB0020FAE794
S2140082381CE8030007B50221ADF806000DF106029A
S214008248012000F0F7F9014610B1034815F0D6FDF5
S21400825803B05DF804FB00BF3DE8030010B5FFF768
S214008268D5FF04460146074815F0C8FD0121064813
S21400827815F0C4FD24B9BDE810400120FFF7DABFA9
S21400828810BD00BF6DE803007FE8030008B504488A
S21400829815F0B4FD00F0DEF92BF065FA2BF060FA65
S2140082A895E8030038B50446084D094B28462B6068
S2140082B800F006FA002C18BF21462846BDE83840CC
S2140082C808BF4FF496712BF058BA00BFEC2B00206D
S2140082D8673603002DE9F043394D93B008AC0746DE
S2140082E8894690460FCD0FC40FCD00260FC495E8DB
S2140082F803000323012584E80300324C3248CDE905
S2140083080366CDE905668DF80E300796029535F0BA
S214008318BCFD2E4835F0B9FD32462D4920468DF86D
S214008328176005F03DFF334632462A498DF8190096
S214008338009020468DF82390CDF82C808DF821608B
S21400834805F048FF0A9020468DF8097005F0A8FE4B
S214008358204608AA05A905F063FF02AA204603A935
S2140083682CF07AFC4FF400721B4B5A62194BE560EE
S214008378626A920510D46BB94FF40072164B114816
S2140083885A6205F08DFE114835F082FD002013B0C4
S214008398BDE8F083013BEBE7002BEDD0094908A8C0
S2140083A82CF08DFC4FF400720B4B06485A6205F011
S2140083B877FE064835F06CFDBDF82000E7E700BFFD
S2140083C8E88404000040005A388704003487040014
S2140083D880841E0040420F000060005A0122034BB2
S2140083E81870034B1980034B1A707047D26100202F
S2140083F86C720020D1610020F8B5454B1B780BB98C
S2140084080020F8BD434B1B78012B03D1BDE8F8408C
S2140084182BF028B9404B1C884FF6FF739C42EFD0D0
S2140084283E4835F032FD0023260AE4B21A462146B5
S214008438304605F0F5FD012E354604F0010335D02B
S21400844815D9B51E012DDBD8002B0BBF4FF4807550
S2140084584FF080754FF470614FF070610BBF0127C5
S2140084684FF480370F204FF470202D4B11E0002B6F
S2140084780BBF4FF480754FF080754FF470614FF066
S21400848870610BBF01274FF480370F204FF4702020
S214008498244B1A6802401CD0BA421AD01A680A40FE
S2140084A832D11A6822EA01022A4316E0002B0BBFD3
S2140084B84FF480754FF080754FF470614FF070611F
S2140084C80BBF01274FF480370F204FF47020164B50
S2140084D8DFE71A6822EA00023A431A602BF0C2F86D
S2140084E8054600288CD0083644EA06102A4603219A
S2140084F8C0B2FFF7EFFE40F6FF73684300F2FF7066
S214008508B0FBF3F080B27CE795427FF479AFC8E71A
S214008518D1610020D26100206C72002038870400E8
S21400852828C3035020C3035024C3035010B5044C7B
S214008538237823B9034835F0A8FC0123237010BD1F
S214008548D4610020388704002DE9F0431F4C85B01D
S214008558074688469146FFF7E9FF23781BB903F0DC
S21400856805F8012323707BBAADF80C3030220023BF
S214008578174E02FB03F4315DA51901BB01233355E1
S2140085884FF0FF3304F1100012493044AB606F809F
S214008598C5F80480C5F80C900AF0E0FA04F1080162
S2140085A8042231440C4B009503A803F0B5F8A968DB
S2140085B802460A4815F022FC05B0BDE8F0830133F0
S2140085C8102BD6D1064815F019FCF5E7D361002024
S2140085D8142C002091360300A3360300A2E80300FB
S2140085E8D0E8030080B10278A2F14103032B0BD830
S2140085F840783038C0B2082806D8054B134413F81C
S214008608413C40EA032070474FF6FF70704700BFB2
S2140086181085040008B50B4642B1014604480068B8
S21400862804F0C2F9BDE808402BF093B8022008BD54
S2140086386C6D002008B50B4642B101460448006838
S21400864804F03AFBBDE808402BF083B8022008BDCA
S2140086586C6D0020F0B50026124F8DB0FF230093F6
S2140086680A223346386802A92CF09BF8C0B102AB40
S2140086781D4603EB800404E055F8043BB34228BFCC
S2140086885E1CAC423868E9D9296804F09BFC0028CF
S214008698F2D02D28F0D00DB0BDE8F0402BF059B838
S2140086A80DB0F0BD6C6D002028B1034B0360034B82
S2140086B8436000238360704719000003146D002090
S2140086C8FF2307B50021044A009308300AF0CAF9C8
S2140086D803B05DF804FB00BF7D3703000B46044972
S2140086E8024608680349097808B12BF077B870473E
S2140086F8202F0020D6610020F7B50C4618B1292196
S214008708194835F028FC246823685E795F88304667
S2140087183946FFF7E3FFF0B18568E5B1A089227D09
S2140087283946904291BF0020801AA36880B294BF51
S21400873803469B18E27C00903046A8470138032879
S21400874803D8DFE800F0080F0B0D002420462FF0B2
S2140087589DF9204600E0812003B0F0BD8024F5E7AF
S2140087689324F3E78724F1E7F8E80300F8B51546FD
S2140087780D4A044610680D4A0B46117850B1224639
S2140087882BF02CF8034628B100210C27C678B142F6
S21400879801DB0020F8BD07FB01F45A681019125BCC
S2140087A8AA42F7D00131F2E7202F0020D661002038
S2140087B808B5034B1B6803B19847002008BD00BFE7
S2140087C81C2F00202DE9F74F04460D460026454B82
S2140087D8454F1860454B197033010021F85C013687
S2140087E811F010FA0C2EF7D10C2D28BF0C254FF0DF
S2140087F8000901953C4EDFF800A13D4DDFF8FC80EE
S214008808019B4B4502DC03B0BDE8F08F23784FF0A0
S214008818000B337063887380A388B380A379C6F887
S2140088280880B371E379C8F8005088F804304FF030
S2140088380003A768A8F80630E3795B450ADC01213F
S21400884816F8100B11F0DEF908F1080809F101090D
S2140088580C34D5E74FF0000338886B812880FB7806
S2140088684FF0000C2B81BA78C5F804A0002A0092B5
S2140088780CBF802240222A7379680AF10C026345ED
S21400888813DC03EB43030AEB830ABB6843B1009A85
S2140088984FF6FF71B2FA82F2164B52092FF086F89D
S2140088A814350BF1010B0C37C6E7B1F800E00CF1F4
S2140088B8010C22F80CEC91F802E00C3202F816ECE7
S2140088C891F804E00C3102F815EC11F809ECBEF149
S2140088D8010F14BF4FF0100E4FF0110E02F814ECF3
S2140088E8CDE700BF202F0020E4460020D6610020F8
S2140088F82435002001870000242F0020A4370020FC
S214008908014B1860704700BF182F0020014B1860F5
S214008918704700BF1C2F002070B5128805460E460B
S214008928FFF724FF044670B102790499806816F0B0
S214008938D5FB064B1B680BB9002070BD3146284690
S21400894822889847F8E78620F7E700BF182F002008
S21400895808B510F0F3F9022806D0012806D0044B13
S21400896818784000C0B208BD0120FCE70220FAE7EC
S214008978D5610020054B10B51C682CB1FFF7E8FF41
S2140089882346BDE81040184710BD00BF142F00202E
S214008998014B1860704700BF142F0020034B1A784D
S2140089A81AB901221A700CF029BA7047D56100204E
S2140089B80022024B1A70FFF7DDBF00BFD56100200A
S2140089C837B50446002836D010F0B8F9022834D156
S2140089D860892FF0BDFBE079237A003818BF0120A4
S2140089E8012B637A08BF40F008000BB140F0100076
S2140089F863890BB140F00400257CA188A2790DB1EB
S214008A08E36893B90F4B11F0D9FC2178084611F0AA
S214008A1851FD2EF0C6FE044611F00AFD7CB1002872
S214008A280CBF0020032003B030BDCDE90035064B4F
S214008A3811F0C4FCE9E70220F5E70120F3E7204639
S214008A48F1E700BF513A04001A0A040008B50EF010
S214008A5833FB014630B1044815F0D0F9BDE80840AC
S214008A680EF0CEBE08BD00BF6AE90300034B044AF9
S214008A785B7C012103201370FFF7DCBD006D00202E
S214008A88D761002038B50446FFF7F0FFB4F57F4FEE
S214008A980AD100251B4B1A8813449D70FEF7BAFBB3
S214008AA82846FFF7FFFB06E04FF601739C4207D106
S214008AB815482AF020FD2046BDE8384000F0A0BE44
S214008AC84FF602739C4204D1104B1878FFF78EFBC2
S214008AD8F1E74FF611739C4207D100250C4B1A8814
S214008AE813449D70FEF7ECFBDAE74FF616739C42CC
S214008AF8E1D10025074B1A8813449D70FEF71CFC2D
S214008B08CEE700BF805B0020006D0020B07200201A
S214008B18FE5A00207C5A002010B5074C0121224638
S214008B280320FFF777FD28B92378044A003B18BFCF
S214008B380123537410BD00BFD7610020006D0020CC
S214008B48F8B5664B32251A884FF6FF739A4218BF57
S214008B5803234FF008020C46614918BF0B70614B9F
S214008B681A7030225D70DD7036259A705A71DA7187
S214008B7834221D7139251A724FF400129D715A4D10
S214008B884264C564594D01220565594D86188565A8
S214008B98584DC667C565584D584E4566584D80F8B9
S214008BA848208566574D80F854200567564D80F84E
S214008BB860204567202580F8785080F8845000F1BA
S214008BC82105C0F88850514D80F86C20C0F88C50AC
S214008BD8C0F8806080F89020C0F89410C0F8B830CC
S214008BE84B4B4C49C0F8BC300223C0F898104A4991
S214008BF880F8C030C0F8A4100F21484B80F8A810A1
S214008C08C0F8C430464B4749C0F8C8308223C0F87D
S214008C18AC10454980F8CC30C0F8B0100921434B59
S214008C28434DC0F8D030434B80F89C20C0F8D43071
S214008C38414BC0F8A000C0F8DC302B7C80F8B4109C
S214008C4880F8D820002B45D00E213C4B80F8E42035
S214008C58C0F8E03005F11103C0F8E8300C2303FB38
S214008C680102374E01FB033356648226354F82F8DD
S214008C784860D764344A03445A64344A83F84860E0
S214008C8800F144078E1CDA643146384600F08CFD45
S214008C984FF0000EE279A16802EB42034FEA830C1C
S214008CA821F80CE001EB8303012130440A44D87014
S214008CB85F609970E271FFF787FAFFF72DFFFFF7FD
S214008CC847FE012808D12B7C33B1BDE8F840184888
S214008CD82AF011BC0D21C1E7F8BD00BF6472002060
S214008CE8B1720020D8610020298504000100200008
S214008CF8288504000200200027850400050042009D
S214008D080300200026850400040042000700300007
S214008D18FDFF2100120010010040420024850400D7
S214008D2800FF44011485040006004200805B002012
S214008D38006D002002FF2001B072002001FF100124
S214008D4811FF4401FE5A002016FF44017C5A0020F9
S214008D5813B504460D482AF032FB6422C0F30F43CD
S214008D68637083B2B3FBF2F3A0782370202201214C
S214008D782AF056FDA078212201212AF051FD044947
S214008D88201D02B0BDE810402AF0F7BC647200202F
S214008D98E09304000B7870B583704CF61E030380CE
S214008DA84FF02013C362012380F8303080F83C303F
S214008DB8C3180364124B044643640223114A80F81E
S214008DC84830114B8263C3644063CA798D6802EBEE
S214008DD8420305EB830004F12C0646600B4E45F86B
S214008DE8236000238360531CCB71094B201DC4E904
S214008DF80134FFF765FC2046BDE87040FFF7A8BFC2
S214008E08FDFF2100210020002A850400010001033F
S214008E18598D0000437B044A0121137000781230F4
S214008E28C0B2FFF707BC00BFE261002038B50446B1
S214008E380078054D12302A460121C0B2FFF7EAFB3A
S214008E4808B92B78637338BDE2610020024B53F8EB
S214008E5820002AF0C0BD00BF04380020012908B54C
S214008E6806D0022907D049B92AF0ACFD002008BD73
S214008E782AF0ABFDFAE72AF0ABFDF7E7024814F054
S214008E88BDFF0120F3E700BF97E9030010B4054CC7
S214008E98114654F820001A46BDF804305DF8044B15
S214008EA8FFF7DCBF04380020002310B50446838192
S214008EB80364A0F844304830FFF702FC014BC4E9CD
S214008EC8123410BDC539030038B504460B781A4A63
S214008ED843700D4642F82300FFF7E6FF2046FFF7EB
S214008EE8A5FF4FF4401323610123144A2375A2619A
S214008EF8134A84F82030E261124A84F82C30626201
S214008F08114A84F83830A26204F10C0222630F4A30
S214008F1804F10D036263E363EA79A86802EB42038F
S214008F2800EB830110344C60094C40F82340094B91
S214008F388B60531CEB7138BD04380020E1610020BB
S214008F4808002000B272002000FF300001FF100168
S214008F5802010104958E000010B47024427B0D486F
S214008F68013A012904FB020006D0022908D059B9A3
S214008F785DF8044B2AF026BD5DF8044B2AF025BDA3
S214008F885DF8044B2AF024BD03485DF8044B14F042
S214008F9835BF00BF4C1A0020B3E90300B0F85C30B8
S214008FA82DE9F0418B4204460E4638D0437B077CB9
S214008FB88BB31C4A12789A422DD370251A4A013B65
S214008FC805FB032390F80F801B7B42462AF011FD11
S214008FD8B845054601D1FF281FD13A4631462046F6
S214008FE894F890302AF005FD2F46054655221221A2
S214008FF86078A4F85C602AF013FCFF2F03D039468B
S2140090082046FFF7A9FFFF2D09D029462046BDE8D0
S214009018F0412AF02EBDFF25DFE70746E6E7BDE864
S214009028F08100BF736100204C1A002041688268F6
S214009038C978D27849B112B10321FFF7AFBF837B55
S214009048002B0CBF01210221F7E72AB1837B002BF6
S2140090580CBF02210121F0E7014814F0CFBE00BF83
S214009068C4E90300037BD3B14368DA7812B1826897
S214009078D278A2B91B7933B1837B002B0CBF0421AD
S2140090880521FFF78BBF83681B792BB1837B002BE9
S2140090980CBF05210421F4E7014814F0AFBE704761
S2140090A8F6E90300084A437B05211370837B537057
S2140090B8C37B9370037CD370037B137100780F30E7
S2140090C8C0B2FFF7B7BA00BFE361002038B5044660
S2140090D800780C4D0F302A460521C0B2FFF79AFAE1
S2140090E820B1BDE83840084814F088BE2B78637372
S2140090F86B78A373AB78E373EB7823742B792373BD
S21400910838BD00BFE361002032EA0300024B53F883
S21400911820002AF0F8BC00BF2C380020F8B504461A
S2140091280B78424A43700D4642F82300404E2AF018
S21400913808FDFFF7CBFF6268A3683E483E49D66441
S2140091481165D4655065C3E91410DE64DC654FF01C
S214009158987302266361012304F10C01E161374923
S2140091681032216204F10D01A16235492376E162CD
S21400917804F10E016163334984F82430A16304F1D5
S2140091880F012164304984F83030616404F110011D
S214009198E1642E4984F83C3084F84830216584F828
S2140091A85460A265E879A96800EB400201EB8207E3
S2140091B804F1140CC7F804C04FF4817C244F41F81E
S2140091C82270C218D2B202EB420241F822C001EB6A
S2140091D8820700227A601F4A84F8703022661E4A88
S2140091E884F88830A2661D4A1D4BE2661D4AC4F8FC
S2140091F88C3062671C4A8319A26704F15C02C4F8C3
S2140092088020DBB2194A03EB4303C4F8842084F8B1
S214009218646084F87C6001EB830260345460144A0E
S214009228033041F82320E871F8BD00BF2C38002031
S21400923835900000D13A03006D900000010020012F
S214009248020010010300300104003001050021016E
S21400925801FC01064A0021002C850400510010007C
S2140092682E8504002F850400550021006F00180085
S214009278120001042DE9F84F06460F469046994617
S214009288244D05F1280A55F804BBBBF1000F16D08B
S214009298012F18D158462AF0CDFCB0420FD1B9F1AB
S2140092A8000F0CD098F800300022003B18BF0123AE
S2140092B806218BF858309BF801002AF0B1FA55457C
S2140092C8E1D1BDE8F88F022FF9D158462AF050FCB4
S2140092D8B042F4D100231C4606E0042B07D018F849
S2140092E80320013342EA04249AB29145F5D8B4F52E
S2140092F87A7F4FF0FE0328BF4FF47A745C434FF42E
S2140093087A7304F5FA74B4FBF3F4002208218BF898
S2140093185440D0E75438002073B516463349052E16
S214009328BDF8182051F8204030D0072E51D0042E12
S21400933857D1002B57D0002A55D01D7820462A1E14
S21400934818BF012284F8545084F858202AF072FC7A
S21400935801238DF80420194601AA01F071FB204666
S2140093682AF006FC4FF47A730446FE205D437F35E8
S21400937801A9B5FBF0F02AF0F4FB0A4633460221B1
S214009388204601F05DFB002002B070BD5BB3012AE9
S21400939829D91B780125B3FA83F2520984F8842068
S2140093A894F8582084F8855013430BD120462AF0A9
S2140093B841FC29462B4601AA8DF8045001F040FBD3
S2140093C884F858504FF4967104F15C002AF0D5F9E9
S2140093D8D9E7002304F15C0084F885302AF0D2F936
S2140093E8D1E70120D0E70320CEE700BF543800209D
S2140093F8134B022A07B553F8200018D002D82AB90A
S214009408002204E0402AFBD0412A16D1012280F827
S21400941858202AF00FFC01238DF8072019460DF175
S214009428070201F00DFB002003B05DF804FB90F87E
S2140094385820B2FA82F25209E9E70120F4E700BFA1
S21400944854380020F7B504460B78544A437042F85F
S2140094582300534B0D46C0E917305C30FFF730F950
S21400946804F1580262614F4A4FF48013A261A21CAD
S21400947822624FF40012626204F15402E2624A4A1F
S214009488E360226304F15502A263484A0123E263BB
S21400949804F15602626400204FF098722374237712
S2140094A884F8283084F8343084F8403084F84C3017
S2140094B804F1570384F88500A2642365E979AB684C
S2140094C801EB410203EB820604F10C077760384F84
S2140094D843F82270374A04F12407B2604A1CD2B215
S2140094E802EB420203EB82067760334F43F82270A2
S2140094F8324A04F13007B2608A1CD2B202EB42024A
S21400950803EB820677602E4F43F82270CA1CD2B24D
S21400951802EB4202B06004F1480703EB820677606C
S214009528284F043143F82270B060E971264801F0EC
S214009538B1FAA5798DB14FF47A72FE2094F85530B9
S21400954801A953437F33B3FBF0F02AF00AFB0A461F
S21400955804230221284601F073FAE5798DB14FF409
S2140095687A72FE2094F8563001A953437F33B3FB32
S214009578F0F02AF0F6FA0A4604230221284601F0FB
S2140095885FFA607940B194F8573004218DF80430BA
S21400959801AA012301F054FA03B0F0BD54380020A4
S2140095A8913B030003403001100020011100200108
S2140095B806000102F993000008000101219300004B
S2140095C801030102070001017D920000024B53F8D7
S2140095D820002AF038BB00BF54380020F0B51E4CD7
S2140095E8002527780A24DFF880C0EEB2B74207D9EC
S2140095F805FB044E1CF80EE06E1C864507D142B9E2
S214009608164C246834B3A446BDE8F0406047354697
S214009618EBE7134804FB05014C79012C0DD1CBB1BF
S21400962813788B710A2303FB0500BDE8F0400D4B49
S2140096384288002118782AF0F3B8042C0AD1032BA4
S21400964808D9D3788B719378CB7153780B721378CB
S2140096584B72E7E7F0BD00BFE961002080380020C4
S214009668025C0020D4160020F85B002010B5094CD8
S214009678237853B12AF08AF8074B1B68C01A40F6BD
S214009688B733984203D900232370002010BD012069
S214009698FCE700BFE86100207C3800202DE9F04F89
S2140096A80024DFF800818946064685B088F8004021
S2140096B800286ED0A346A7B2B94502D0F35D3B2B6F
S2140096C84DD15F4548D998F800500B2D44D8002353
S2140096D88DF80E308DF80F30A4EB0B03DBB2052B9C
S2140096E852D106EB0B0A50460DF10E012AF004FB88
S2140096F8002849D09DF80E200192002A44D00DF18A
S2140097080F010AF103002AF0F7FA00283CD00A21D4
S2140097186943214B019A58185A549DF80F2062F055
S214009728FF0242809AF80220452A24D0562A26D0DC
S214009738422A29D101224FF0100C01204FF00A0EC0
S2140097480EFB05314A700022013581F804C04871C5
S214009758C1F8062088F8005001371FFA87FB013445
S214009768A3B29945A7D298F800100C4805B0BDE8F2
S214009778F04F14F043BB04224FF0300CDDE7022212
S2140097884FF0230C0420D9E75946054814F036FB59
S214009798E2E705B0BDE8F08F025C00207CEA030033
S2140097A861EA0300E961002070B500240126124B27
S2140097B801EB41011D78114B00EB8101E0B28542B7
S2140097C803F10A0201F10C0101D8284670BD32F8EF
S2140097D8080C063321F80C0C12F8060C01F8096C74
S2140097E801F80A0C12F8050C013441F8043C01F89B
S2140097F8080C1346E2E700BFE9610020025C00207F
S21400980873B5194B00221D78184B1C46D1B28D42F1
S21400981802D8002002B070BD5E88511CB04203F129
S2140098280A0313D10A2101FB02414B798879012BDF
S2140098380ED18DF804000A2101FB02F021184978A0
S214009848205C01AA01F0FCF80120E3E70A46DDE700
S2140098584D7A8DF807008DF804500D7AC9798DF881
S21400986805508DF80610E6E7E9610020025C002046
S21400987808B5064B1B7843B101F012F9044B186083
S2140098880448BDE8084001F005B908BDE9610020B4
S21400989880380020E595000010B50A4B1B7883B188
S2140098A80122094B1A7029F071FF084B186001F065
S2140098B81DF8BDE81040002301461A46282001F08E
S2140098C871B810BDE9610020E86100207C380020EE
S2140098D870B50E461346054614460A460146244801
S2140098E814F08CFA202E3DD00BD80A2E14D80A2E47
S2140098F812D8DFE806F012111111111127171111ED
S2140099082C0040F201339E4210D04FF601439E428F
S21400991812D0B6F5817F1FD070BD2046BDE87040D6
S214009928FFF7B0B82146284600F03AFD21462846FB
S214009938BDE87040FFF74ABE21462846BDE870409D
S214009948FFF7E4BB2146284600F0B2FAEEE72046C9
S214009958BDE8704000F020BE21462846BDE87040AD
S214009968FFF774BA2046BDE8704000F0EBB800BFB9
S2140099789EEA03000148FEF7C3BF00BFD99800005F
S2140099884FF4C01330B5036001230371074B8C688E
S2140099988360CA7902EB420304EB830568600448D7
S2140099A844F82300531CCB7130BD00BF308504003B
S2140099B8040001010368064A0C21136043685360DB
S2140099C803891381438922205381FEF733BE00BFE3
S2140099D88438002010B50368044686B0FBB11148E9
S2140099E814F00CFAA37B104A8DF804304FF48273F7
S2140099F8ADF806300123CDE90223002301A804931D
S214009A088DF81430FEF7DCFF204661892AF087F9C6
S214009A182046FA2150F8143B594329F0AEFE06B00A
S214009A2810BD00BFD1EA03002000000110B5064CA7
S214009A38236843B1054814F0E1F92068BDE81040F2
S214009A4841892AF06CB910BD90380020F2EA03006C
S214009A5870B5364910460C68BDF81020002C5ED04C
S214009A6803285CD8DFE800F0021E2745002B5AD0F2
S214009A78022A58D91D78B3F80160291E18BF01219B
S214009A8832462B4814F0BAF92DB1314620462AF052
S214009A9846F9002070BDE573FA206368584329F03C
S214009AA800FFF6E7234814F0A9F9E37B002B38D02B
S214009AB80023E373F0E7002B35D0032A33D91D685B
S214009AC81D48294614F09AF91C4B2A1F9A4201D9B8
S214009AD80220DFE723680BB19D42F9D823899D420F
S214009AE8F6D3E37B6560B3B9FA20684329F0D9FE5C
S214009AF811E0002BCED0012ACCD91D881048294663
S214009B0814F07CF9002DE3D063689D42E0D8E37B2F
S214009B182581002BE8D12046FFF74CFFB9E7012046
S214009B28B8E70420B6E70320B4E700BF9038002063
S214009B3815EB03004CEB03006BEB0300FCFF6D001A
S214009B4896EB030038B5154B1C6834B3F0B921689A
S214009B58134814F053F923683BB16268934204D261
S214009B68104814F04BF96368236004F1140528467E
S214009B7829F008FE236823B1FA212846594329F01C
S214009B88FCFD2046BDE83840FFF714BF032804D183
S214009B986189054814F032F9F3E738BD903800209B
S214009BA8C1EB0300EFEB030024EC030070B53E4B5B
S214009BB80D46044609781860002A6FD101231A4614
S214009BC8A1730021E1730121A1814FF46151C4E919
S214009BD800132823354E22810C2132462220638129
S214009BE8FEF718FD60B9D6E900230AB19A4207D3F2
S214009BF8318999429FBFC4E9002373892181638113
S214009C082B4B2C4AE363042384F8403084F84C300A
S214009C18E3182365284BA2646365022304F108024F
S214009C28E265264A84F85830226604F10A02A266DB
S214009C38234A84F8643084F8703004F10C03E26632
S214009C4863676464EA79A86802EB420300EB830161
S214009C5804F13C064E601B4E40F82360FA261A4B69
S214009C681A488B60531CEB71FEF750FE208904F1EE
S214009C781405704329F015FE618920462AF04FF82E
S214009C88134B2846C4E90534FEF71AFD216849B186
S214009C9828467143BDE8704029F06FBD4FF4F07355
S214009CA802228DE770BD00BF90380020843800205F
S214009CB80000230101002300020021000300210107
S214009CC8FDFF210020000105599A0000359A000082
S214009CD8DD990000134B10B51C680CB3E37BEBB1A1
S214009CE829F054FD2369C01A002809DB0E4814F031
S214009CF885F80023FA20E3736368584329F0D1FDFA
S214009D08E37B5BB12489FA235C4329F0D5FDA042A6
S214009D1806D02046BDE8104029F0C3BD6468F2E7C7
S214009D2810BD00BF9038002051EC030038B5002461
S214009D38044D55F8040B08B12AF004F801340A2C2F
S214009D48F7D138BD94380020042908B50AD172B175
S214009D586BB113781BB92AF020F8002008BD2AF04A
S214009D6812F8FAE7034814F049F80120F6E703204A
S214009D78F4E700BF8BEC030010B4054C114654F80A
S214009D8820001A46BDF804305DF8044BFFF7DCBF28
S214009D98943800200229024608B50ED004D839B9EE
S214009DA8104629F0FAFF06E04029F9D0412907D1E4
S214009DB8104629F0E8FF002008BD29F0F8FFFAE76A
S214009DC8024814F01BF80120F6E700BFABEC0300CE
S214009DD810B4054C114654F820001A46BDF8043055
S214009DE85DF8044BFFF7D6BF94380020C26C094BC9
S214009DF852791A7082785A70C2789A70026D12B1C7
S214009E0890F85420DA70007804210930014AC0B26C
S214009E18FEF710BCEA61002037B50D460446002858
S214009E2841D04FF60273994201D129F08BFFE36CBB
S214009E38ABB193F8382092B144F2030295421AD196
S214009E481A4B187858B1A37813B1012B18BF022300
S214009E588DF804300421012301AA00F0F1FDE3780F
S214009E68022B02D0204629F06DFF204603B0BDE83D
S214009E783040FFF7BBBF44F201029542EFD193F89A
S214009E8839000028EBD00A22B4F856300221B3FB7A
S214009E98F2F35BBA0022ADF806300423ADF80420CE
S214009EA80DEB0302D9E703B030BD00BFCE6100203A
S214009EB8024B53F82000FFF7AFBF00BF94380020CE
S214009EC838B504460078084D09302A460421C0B241
S214009ED8FEF7A0FB30B96B78A370AB78E370EB782D
S214009EE884F8543038BD00BFEA61002038B504460F
S214009EF80078114D09302A460421C0B2FEF78AFBC5
S214009F08C8B9A3782A78022B0CD004D863B920469F
S214009F1829F043FF01E0FF2B0AD02046BDE8384071
S214009F2829F010BF002AF2D1204629F02CFFF4E7CA
S214009F38002AF9D1EBE738BDEA610020F8B50446F7
S214009F480B78324A0D4642F823004370FFF7B8FFF5
S214009F58E36C2F4A5C631A632046FFF7C7FF204668
S214009F6829F0F0FE4FF4801363600123E26C23723D
S214009F78511DE160274923752161A11CA161216D4E
S214009F88002941D084F8203084F82C3004F154039A
S214009F98236304232049E161E11C61621F49A16231
S214009FA892B192F839207AB11D4903EB430204EBCB
S214009FB882025160022111720C2202FB034204F154
S214009FC856010133D160DBB20627E979A86801EBB0
S214009FD8410200EB820620F82270F3700123B3706A
S214009FE8104B0434B3604B1C7460DBB20E4C03EBAE
S214009FF8430340F8234000EB8302002353600B4BD7
S21400A00802319360E971F8BD0223C9E7943800204D
S21400A018CB3D03000340300101FF300102FF100171
S21400A02801402101D99D000008000100819D000023
S21400A03828B1034B1B78834234BF002001207047A9
S21400A0487661002070B500250A4C0B4E3378AB427B
S21400A05800DC70BDD4F8A42042B123791BB1607926
S21400A068FFF7E6FF10B9104629F036FA0135A8348E
S21400A078ECE700BF882100207761002008B5427908
S21400A08801461046FFF7D4FFB0B1CB7858210B48ED
S21400A098013A042B01FB02000ED8012B08D81BB985
S21400A0A8BDE8084029F06FBEBDE8084029F075BE37
S21400A0B8BDE8084029F07BBE08BD00BF781F002019
S21400A0C808B5427901461046FFF7B2FFB0B1CB7823
S21400A0D858210B48013A042B01FB02000ED8012B2D
S21400A0E808D81BB9BDE8084029F057BEBDE80840A7
S21400A0F829F049BEBDE8084029F059BE08BD00BF92
S21400A108781F002010B586B00446FEF721FC01280B
S21400A11831D1E17804292ED8DFE801F0143335036D
S21400A128030062791046FFF783FF60B35820174B89
S21400A138013A00FB0233DB6C032958791DD100383D
S21400A14818BF012063784FF480728DF804304FF4FE
S21400A1588273ADF806300623ADF8083001238DF873
S21400A1680B3000238DF80A0001A8CDE903238DF8EB
S21400A1781430FEF725FC06B010BDB0FA80F0400992
S21400A188E0E70020DEE70220DCE700BF781F0020BB
S21400A19810B586B00446FEF7DBFB012831D1E2781D
S21400A1A8042A2ED8DFE802F014143303030061797A
S21400A1B80846FFF73DFF50B35820164B013900FB01
S21400A1C80133DB6C032A5B791DD11A1E18BF0122E6
S21400A1D863788DF80A208DF804304FF48273ADF852
S21400A1E806300623ADF8083001234FF480728DF848
S21400A1F80B30002301A8CDE903238DF81430FEF7B1
S21400A208DFFB06B010BDB3FA83F25209E0E702227C
S21400A218DEE700BF781F002010B586B00446FEF7BC
S21400A22897FB012812D16378094A8DF804304FF459
S21400A2388273ADF806304FF48073CDE9022300230D
S21400A24801A804938DF81430FEF7BAFB06B010BDCB
S21400A2580800070110B586B00446FEF779FB01280A
S21400A26820D16278104B8DF804204FF4827294F84F
S21400A278A01094F8A10059701870ADF80620049341
S21400A2884FF480720223094901A88DF81430CDE9ED
S21400A2980212FEF795FB94F8A130013B18BF012384
S21400A2A884F8A13006B010BDEE6100200800050154
S21400A2B810B5837804460BB30379022B0BD1427989
S21400A2C81046FFF7B5FE30B158200D4B013A00FB9B
S21400A2D8023029F06CFDA379022B02D12046FFF745
S21400A2E811FF2046FFF7B6FF02236078A4F86C300B
S21400A2F85522BDE81040122129F092BA10BD00BFC1
S21400A308781F00204388094A0821138083885380D1
S21400A31883681B8A938090F8A03093718379D371F1
S21400A32800780430C0B2FEF785B900BF7A5C00201A
S21400A33838B50D46044650B1836843B193F860308B
S21400A3482BB14FF60173994204BF0023037121789D
S21400A358114813F053FD4FF602739D420ED10F4B72
S21400A3681B782BB963712046BDE83840FFF7CABF93
S21400A37862790AB19342F6D20123F3E7B5F57F4F27
S21400A388F1D1204629F099FDA378022B0CBF0122B3
S21400A3980022A3689A70E6E7C7EC030076610020FF
S21400A3A8024B53F82000FFF7C3BF00BFBC3800209D
S21400A3B838B504460078144D04302A460821C0B241
S21400A3C8FEF728F920B1BDE83840104813F016BD4E
S21400A3D82B8863806B88E978A380AA88A3681A828A
S21400A3E8AB7984F8A030EB79A371094B1B780BB9CD
S21400A3F8637138BD09B19942FBD9064813F0FEFCD3
S21400A40823780133F4E700BF7A5C0020E1EC030010
S21400A418766100200AED0300F8B504460B784A4A30
S21400A4280D4642F823004370FFF7C2FFA26822B128
S21400A43892F860300BB100232371444BD465D36483
S21400A448434B02265365434BA11C13654FF4401338
S21400A458E36001236161E1623F49103221632265AE
S21400A468211D3E4AA1633E483E49626504F1A002AA
S21400A478A061E163E265E01C611D3B4A20626164FD
S21400A4883A483B492266A21D2374237784F828306D
S21400A49884F8343084F84030A16484F84C6084F83A
S21400A4A8583084F864306062A266E879AA6800EBDF
S21400A4B8400102EB810704F10C0CC7F804C04FF00A
S21400A4C8060C2C4F42F82170C118C9B201EB4101A5
S21400A4D842F821C002EB810700217960264F84F8F4
S21400A4E880302767254F84F89830A767244F254B78
S21400A4F8E767254F84F8746084F88C60C4F89C304D
S21400A50804F16C06831CC4F88470C4F890601F4F6E
S21400A5181F4EDBB203EB4303C4F89460C4F888709C
S21400A52802EB83067034746008261A4C42F82340FF
S21400A538C31CDBB203EB430302EB8304043042F88C
S21400A54823606160E871F8BDBC380020193E03003E
S21400A558633E0300B9A2000001FF300104FF20019A
S21400A5681000300102FF200105FF300100FF300116
S21400A57803FF2101070001084A0021003285040074
S21400A588510010003485040035850400550021006C
S21400A5986F0018001200010410B508B1072811D181
S21400A5A8094C236873B1094A136029F0EFF80222B0
S21400A5B8074B21681860074B07481A70BDE810401B
S21400A5C813F01CBC10BD00BFF0380020E83800208F
S21400A5D8E4380020F06100203FED030010B5084C79
S21400A5E8206860B129F0D2F8064B22681B68C01AAA
S21400A5F84FF47A73B0FBF3F0034B1344184410BDC2
S21400A608E8380020E438002080436D384FF0F173B6
S21400A61830B503600423114A037103778260104B38
S21400A628104A0362C260104B01224362022302747E
S21400A6380E4A80F8283042610D4B0E4AC36282618A
S21400A648CA798C6802EB420304EB830568600A4803
S21400A65844F82300531CCB7130BD00BFF0380020EF
S21400A668EC38002001001800FDFF2100F0610020F2
S21400A67836850400070023010A00010401292DE994
S21400A688F0470546894616461F460AD14AB1002BAA
S21400A6983ED0324B324A1C7810460023D9B28C4240
S21400A6A802D84FF000080CE092F8381069B3A942B7
S21400A6B82BD13C22317802FB030028F06FFF4FF0C5
S21400A6C8010800F021F990B9FEF7D0FF044670B9EA
S21400A6D829F05CF8234A244912F8013B9D4219D117
S21400A6E851F82430984215D2002341F82430B8F1A6
S21400A6F8000F31D11D4B1C6874B33B4632464946A1
S21400A7082846A446BDE8F047604701333C32C5E713
S21400A7189846D6E70134042CDED1154B0024197868
S21400A728144B9A46E2B29142E1D993F8602082B17E
S21400A738AA420ED1642505FB04A2D36C0BB1D06DDA
S21400A748984705FB04A56B6D33B1E86DBDE8F04787
S21400A758184701346433E5E7BDE8F08778610020E0
S21400A76834240020F1610020F43800200439002049
S21400A778CF6100209C2600202DE9F341003918BF40
S21400A788012104468DF8071029F000F80022144D20
S21400A798144980461346AE460E4615F8017B5FFA06
S21400A7A882FCBC4219D051F8047B56F823000132CB
S21400A7B8874238BF6346042AEFD108F52F7046F85B
S21400A7C823000EF803400123204619460DF1070220
S21400A7D800F036F902B0BDE8F0816346EDE700BF49
S21400A7E8F1610020F438002010B5124B124A1C788C
S21400A7F800231846D9B28C420BD8104B104A1C7846
S21400A8080023D9B28C420CD80E4B1B781844C0B221
S21400A81810BD92F8381009B10130C0B201333C328D
S21400A828E8E792F8601009B10130C0B2013364322B
S21400A838E7E700BF7861002034240020CF610020BD
S21400A8489C2600207961002070B50024094E0A4D28
S21400A8583378E0B2834200D870BDC0EBC000291838
S21400A868C21C8B78285C49782A4400F0E9F8013441
S21400A878EEE700BF796100207A61002008B5FFF78F
S21400A888B3FF58B1064B074A1A6000F009F9064BA1
S21400A89818600648BDE8084000F0FCB808BD00BFD0
S21400A8A8D415002081A700000439002085A60000E2
S21400A8B838B505460A4C10B10023237038BD2378F6
S21400A8C80133DBB2022B2370F8D9064813F096FA48
S21400A8D8257028F063FFBDE83840034828F05DBFC0
S21400A8E83662002060ED0300103900204FF6EF7343
S21400A8F8044A108898428EBF0023431C9BB21380DC
S21400A908704700BF845C0020014B1878704700BF72
S21400A918356200202DE9F04188B080460F4616467D
S21400A928002115220DF109001D4614F085FB4FF68F
S21400A938EF72114B31461C8803A89442ADF80440C8
S21400A9488EBF00240134A4B21C8004232A468DF846
S21400A95806308DF807808DF80870ADF80A5014F0A8
S21400A968FBFC109BBDF83C200E9901A829F0BDFA07
S21400A97808B0BDE8F08100BF845C002038B5044606
S21400A98818B10FC8054D85E80F00204628F005FFCA
S21400A9980122034B00201A7038BD00BF1039002072
S21400A9A83762002070B51C46244B0D461B781146AE
S21400A9B88CB0002B3FD0202C3DD84AF65523ADF856
S21400A9C8003002238DF804508DF802302B0A00253B
S21400A9D822468DF8050002A88DF803308DF807404A
S21400A9E88DF8065014F0B8FC04F1080004F10901CB
S21400A9F82B466C462A4686B289B214F8015B0132A9
S21400AA0892B22B449642DBB2F7D800F130020DEB37
S21400AA18020000F8303C0022684628F0C2FE0446D1
S21400AA28B0FA80F04009FFF743FF201E18BF012048
S21400AA3840420CB070BD4FF0FF30FAE73762002096
S21400AA4810B5134C96B02478F4B10024ADF816402F
S21400AA580DF1160402944024019406AC0094FFF706
S21400AA6859FF78B90246BDF81610204628F099FE18
S21400AA780446B0FA80F04009FFF71AFF201E18BFF8
S21400AA880120404216B010BD4FF0FF30FAE700BF75
S21400AA9837620020014B1860704700BF0C39002051
S21400AAA8014B1868704700BF0C390020014B18602E
S21400AAB8704700BF083900202DE9F0433E4B89B0A7
S21400AAC81B78002B75D03D4E3D4C33883F2B02D863
S21400AAD828F065FED8B93A4F07F101083488012CEA
S21400AAE867D93B78552B27D17B78AA2B24D1072CFE
S21400AAF85FD9FD886DBA0935ADB2402D24D93149E4
S21400AB08023C2246881E14F0E9FA3480E6E7002361
S21400AB18308801AAC0F1400189B22044ADF804305B
S21400AB2828F043FE0028D6D1BDF804303288002B22
S21400AB38D1D013443380C8E7621E92B241462048FB
S21400AB48328014F0CBFAC9E7AC4232D3294601AAC0
S21400AB58384629F028FA8146641B22463846791971
S21400AB6814F0BCFA3480B9F1000FB7D19DF806008E
S21400AB78431F012B12D8431F58425841124B134CFF
S21400AB881D6820703DB1BDF80A309DF808109DF884
S21400AB98070003AAA847002323709FE70C4B1C68EE
S21400ABA8002C9BD0BDF80A30BDF8041003AAA047B5
S21400ABB894E709B0BDE8F08337620020825C002085
S21400ABC8F5610020F76100200C390020356200206E
S21400ABD80839002000239B6AB3F5C04F03D21968D2
S21400ABE8064A914203D0002303708360704701220F
S21400ABF802709A689B694260F7E700BF07B0CD5EAF
S21400AC08024B034A1A602AF06ABC00BF0000002004
S21400AC1802020FF073B5534B04461A781AB1022293
S21400AC281A7002B070BDCDE900220028F9D00126BE
S21400AC381E7033F009F94C4D4C4B186017F0E0FACB
S21400AC482B785BB902F062FA40B949480823494AAA
S21400AC584949006801F0A8FE00B92E70474B5A6EA5
S21400AC6862619B6E464AA3614FF40043936603F104
S21400AC7888435968E16143499960196E2160596EA5
S21400AC886160D3F87011A160196CE160596C21619C
S21400AC983D49086C1864496C5964012151664FF4A3
S21400ACA8005191661A6E560436D53849CA68D407D4
S21400ACB8FCD45B6E5A0434D5354AD36B13F0430F75
S21400ACC8FBD1344B1A68531C31D04FF40013934011
S21400ACD8314A13660423304C684623664FF4806373
S21400ACE82366102323664FF4005323664FF08043F1
S21400ACF823664FF4804301A9636629F0B8F9009BE0
S21400AD082366019B63662B78002B8AD0194B1A683A
S21400AD1822665B68636684E72049CA68D007FCD465
S21400AD28C7E71F4AD36B13F0430FFBD1C9E71D4B88
S21400AD381B78002BCED14FF48072114B5A661A4AF4
S21400AD4852681AB94FF40011134A11664FF400728C
S21400AD585A66164B5B68002BBCD14FF480020E4B2C
S21400AD681A66B7E7396200203A62002040390020A8
S21400AD786C6D0020443900200071080000800050E7
S21400AD880090005055CEAC0000C0005400000440AF
S21400AD980000024C386D002000900044000004506B
S21400ADA80000025C3862002000C005500000065013
S21400ADB870B52C4D04462E78012E02D001232B7038
S21400ADC870BD0028FCD029F077F901300BD029F0A7
S21400ADD873F940F20113984205D0234B234A5E6666
S21400ADE8D368DE07FCD4224B22491B6E13F0040FEF
S21400ADF84FF4005314BF1C4A1F4A9366CA6B12F0DE
S21400AE084302FBD121681A4B196661685966A16826
S21400AE18C3F87011E168196421695964E169C807C3
S21400AE2848BF9A60154B1A6801320DD1144A127839
S21400AE3852B914494968C90748BF1A60124A526885
S21400AE48D20744BF01221A606269104B5A66A2698B
S21400AE589A6617F0DDF90E4B186832F0F0FF0023FB
S21400AE68ADE700BF396200200090004000000440B3
S21400AE78008000440000024C00900050386D00200E
S21400AE883862002000C005500000065000800050C0
S21400AE984039002070B50024A36AB3F5C04F23D20A
S21400AEA81A68134B9A421FD1124E337813F0FD05D9
S21400AEB818D14FF480341048FFF7ACFE032004F096
S21400AEC8B9FC0E4B0320DC6004F098FC0C4B1C61AC
S21400AED8AB6ADB69984704460748FFF769FF0CB971
S21400AEE801233370204670BD4FF48174FAE700BF23
S21400AEF807B0CD5E386200202039002000A000444C
S21400AF080090004413B5204B1B7803B9FEE70023D6
S21400AF181E4CCDE900336A4608231D49206801F017
S21400AF2843FDF8B91B4AD2F84031D2F840211F2B0E
S21400AF384FF0010311D9203A9340019A1A4301921F
S21400AF4808236A461249206801F0B6FE124B134AD7
S21400AF581A602AF0C4FA02B010BD9340009A1A4349
S21400AF680092EDE72D28F1D10A4AD2F84031D2F8FE
S21400AF7840211F2B4FF0010385BF203A9340934092
S21400AF88019398BF0093DBE7396200206C6D0020C0
S21400AF980071080000800044000000200B020FF03B
S21400AFA838B50025AB6A0446B3F5C04F10D21B6B04
S21400AFB8B3F5C04F0CD20748FFF72CFEAB6A204605
S21400AFC81B6B5B689847BDE838400248FFF7F0BE41
S21400AFD838BD00BF4C39002013B50024A36A019081
S21400AFE8B3F5C04F13D21B6BB3F5C04F0FD2094849
S21400AFF8FFF710FEA36A01211B6B01A89B699847FF
S21400B00804460448FFF7D4FE204602B010BD4FF4AD
S21400B0188174F9E74C39002070B50026B36A0446F7
S21400B028B3F5C04F0D4612D21B6BB3F5C04F0ED208
S21400B0380848FFF7EFFDB36A20461B6B29469B6955
S21400B048984704460348FFF7B3FE204670BD4FF402
S21400B0588174FAE74C39002070B50026B36A0446B6
S21400B068B3F5C04F0D4612D21B6BB3F5C04F0ED2C8
S21400B0780848FFF7CFFDB36A20461B6B2946DB69F5
S21400B088984704460348FFF793FE204670BD4FF4E2
S21400B0988174FAE74C390020F8B50027BB6A0446E5
S21400B0A8B3F5C04F0D46164611D21B6B7BB1094847
S21400B0B8FFF7B0FDBB6A20461B6B324629465B6A23
S21400B0C8984704460348FFF773FE2046F8BD4FF43A
S21400B0D80174FAE74C39002070B50026B36A0446B6
S21400B0E8B3F5C04F0D4612D21B6BB3F5C04F0ED248
S21400B0F80848FFF78FFDB36A20461B6B29469B6AF4
S21400B108984704460348FFF753FE204670BD4FF4A1
S21400B1180174FAE74C390020F0B50027BB6A0446EC
S21400B128B3F5C04F0D461646ADF5177D20D21B6BFE
S21400B138B3F5C04F1CD21048FFF76CFDBB6A20461B
S21400B1481B6B40F251225B6A01A99847044630B14E
S21400B1580948FFF72DFE20460DF5177DF0BD836ADA
S21400B16832461B6B2946DB6A01A898470446EFE778
S21400B1784FF40174EFE700BF4C39002010B50024E7
S21400B188A36AB3F5C04F10D21B6BB3F5C04F0CD2F1
S21400B1980748FFF73FFDA36A1B6B1B6B98470446DF
S21400B1A80348FFF705FE204610BD0124FBE700BF55
S21400B1B84C390020F0B58FB0044601A80E46154657
S21400B1C8FFF7EEFE9DF80C30012B12D1B5F5002FD7
S21400B1D827D8B4F5002F24D86319B3F5002F20D844
S21400B1E821462A46304614F0B7F8002420460FB009
S21400B1F8F0BD0027BB6AB3F5C04F15D21B6BB3F57D
S21400B208C04F11D20A48FFF705FDBB6A2A461B6BDA
S21400B218314620465B6B984704460548FFF7C8FD4D
S21400B228E4E740F20244E1E740F20114DEE700BF3B
S21400B2384C390020F0B58FB0044601A80E461546D6
S21400B248FFF7AEFE9DF80C30012B1FD1B5F5002F89
S21400B25806D8B4F5002F03D86319B3F5002F13D911
S21400B26840F2024420460FB0F0BDE258013225D124
S21400B27804339D42F9D82A463146204600F082F823
S21400B2880028EDD00024EDE70023F2E70027BB6A8C
S21400B298B3F5C04F15D21B6BB3F5C04F11D20A4891
S21400B2A8FFF7B8FCBB6A2A461B6B314620469B6BE9
S21400B2B8984704460448FFF77BFDD3E740F203446B
S21400B2C8D0E740F20114CDE74C39002070B58EB0B7
S21400B2D8044601A80D46FFF763FE9DF80C30012BC7
S21400B2E822D144EA0503C3F30C03002B33D1B5F58A
S21400B2F8002F04D940F2024420460EB070BDB4F5C3
S21400B308002FF7D82544B5F5002FF3D8204604F5C6
S21400B318005400F029F8AC4202D00028F6D1E9E73C
S21400B3280028E7D00024E7E70026B36AB3F5C04F45
S21400B33814D21B6BB3F5C04F10D20A48FFF76AFC4D
S21400B348B36A29461B6B2046DB6B984704460548BC
S21400B358FFF72EFDD0E740F20444CDE740F2011493
S21400B368CAE700BF4C3900204FF4003208B5044B3A
S21400B3789A6632F0FDFFB0FA80F0400908BD00BFBB
S21400B38800900050134610B562B103439B070BD1DB
S21400B3984FF40034054B9C6632F0EEFFB0FA80F0AE
S21400B3A8400910BD0120FCE70020FAE70090005095
S21400B3B8BFF34F8F0549064BCA6802F4E062134391
S21400B3C8CB60BFF34F8F00BFFDE700BF00ED00E086
S21400B3D80400FA0570B5D0B1C9B10E4E431E013946
S21400B3E813F8014F2046325D02F00302012A11F8D5
S21400B3F8012F08BF04F12000B55C05F00305012DF8
S21400B40808BF2032801A01D1002CE9D170BD012076
S21400B418FCE700BFCDAC04000348044A0449121AEE
S21400B428921028F0AEBE00BF40610000186300000E
S21400B4385869002008B5154B83F30A8800F030F8E1
S21400B448FFF7EAFF124B13498B4212D30020124B28
S21400B45812498B4218D3FBF765FC186850F822404F
S21400B468586840F82240013298688242F5D30C3377
S21400B478EAE70022F8E71C6844F8220001325C6814
S21400B488A242F8D30833E4E70022F8E708000020D1
S21400B498F8E8040004E9040004E9040004E90400E8
S21400B4A84FF40041134B144A70B59A60D3F88820BD
S21400B4B8124D42F47002C3F88820114A05F500546C
S21400B4C891664FF0FF3222664FF6DF7262660222FE
S21400B4D8C3F8D020BFF34F8FBFF36F8F4FF44036BB
S21400B4E8032004F0A7F90320E66004F087F92E612C
S21400B4F870BD00BF00ED00E0006000000080004462
S21400B50800900050054B1860054B1B6F03F00703AF
S21400B518032B01D130F0E4BD704700BF486D002012
S21400B528008000502DE9F04104464FF001080C2534
S21400B5380D4E0CB9BDE8F08194FAA4F0B0FA80F08C
S21400B5480F2808FA00F2C8BF103824EA0204CABF57
S21400B55805FB006205FB0062B4325768002FE8D08E
S21400B5689168C0B2B847E4E76C39002008B50C48C3
S21400B57832F08BFC192004F04FF928B1192004F09A
S21400B58859F9192004F03AF91A2004F045F928B1B7
S21400B5981A2004F04FF91A2004F030F9002008BDEC
S21400B5A8388704002DE9F0410E461746054618B3BD
S21400B5B80F2923D80378DBB1013BDBB2022B19D85D
S21400B5C8104AD35C6A78D340DB0717D50E4BD3F8FE
S21400B5D81043ACB932F038FC80463A462846314625
S21400B5E803F064F8404632F02AFC2046BDE8F081B5
S21400B5F87F23E7E70023E5E72224F6E72124F4E79C
S21400B6080224F2E78885040000C0035010B50446FB
S21400B61810B30378E3B1013BDBB2022B1AD8104A09
S21400B628D35C6278D340DB0718D532F00DFC0122D4
S21400B638617823788A4030214B4341F2100103F1A8
S21400B648A04303F570335A5032F0F9FB002010BDC2
S21400B6587F23E6E70023E4E72220F8E72120F6E741
S21400B6688885040010B5044610B30378E3B1013B9F
S21400B678DBB2022B1AD8104AD35C6278D340DB07B9
S21400B68818D532F0E1FB0122617823788A40302110
S21400B6984B4342F2100103F1A04303F570335A50AE
S21400B6A832F0CDFB002010BD7F23E6E70023E4E759
S21400B6B82220F8E72120F6E78885040038B50D46ED
S21400B6C8044618B311B30378E3B1013BDBB2022B8F
S21400B6D81AD8104AD35C6278D340DB0718D532F004
S21400B6E8B3FB30222378534303F1A04303F57033AA
S21400B6F85B696278D34003F001032B7032F09FFB3E
S21400B708002038BD7F23E6E70023E4E72220F8E799
S21400B7182120F6E7888504002DE9F0410D461646F7
S21400B7289846044600284FD000294DD001780029B5
S21400B73840D04B1EDBB2022B3ED8254AD25C63783B
S21400B748DA40D20701D4FF2940D1022E01D9042EAF
S21400B7583CD132F079FB23780746FF2B05D03246DA
S21400B7682046296802F0E8FF28602B68013309D1D3
S21400B7782378FF2B06D1174B6078D3F8241429F0CA
S21400B788D1FA286029684B1C18D00C23124A03FBF0
S21400B7980122069BC2F8048093602378FF2B04D00E
S21400B7A801230E4A8B40C2F82434384632F047FB51
S21400B7B8002007E07F22C2E70022C0E7384632F0C2
S21400B7C83EFB2D20BDE8F0812220FBE72120F9E78B
S21400B7D88885040000C003506C39002000D0035050
S21400B7E808B502F059FF054B00F0553020F0502000
S21400B7F8C3F82004BDE80840FFF794BE00E00350F5
S21400B80808B502F049FF054B00F0AA3020F0A0204A
S21400B818C3F82004BDE80840FFF784BE00E00350E4
S21400B8282DE9F04F144605460E469B46C36B87B077
S21400B83801225B6902A960689847EB6B01225B6985
S21400B84803A93046984702A829F09AF8074648B14F
S21400B8580023A37563754FF0FF33A360002007B07D
S21400B868BDE8F08F03A829F098F80123A375237E76
S21400B87804EBC303DE611F846368B3420ED1206005
S21400B88803A829F0ACF84FF0FF332075A360237D9A
S21400B898043B022B26D80023A375DFE723681A1A71
S21400B8A853425341A37503A829F099F8237D834290
S21400B8B818BFA77503A829F074F8074602A829F048
S21400B8C870F8874218BF002303A818BFA37529F08D
S21400B8D870F8074602A829F06CF887421CBF0023B8
S21400B8E8A375D4E703A829F05CF880B1EB6B0222B5
S21400B8F830465B6904A9984704A829F061F803460E
S21400B908207D032839D8DFE800F03838040903A872
S21400B918F3E7CC22237E04EBC3031A8401F06EFC03
S21400B928109B187003A8277E29F02FF804EBC7078A
S21400B93887F82200237E03A804EBC303B3F82090FD
S21400B94893F8227029F02DF8804603A829F031F8DC
S21400B9588246B8F1000F15D0EB6B022230465B69C1
S21400B96804A9984704A828F0F0FF6075637D6BB9B2
S21400B9780023A3754FF0000838E0227E04EBC202CD
S21400B9881384CBE703A828F0CBFFEEE794F81680DD
S21400B998B8F1000FEED0B9F1000F09D1DFB10123DD
S21400B9A8E375637E002B4FD1012F42D1677614E0F2
S21400B9B86B6C06EB0A015A4286EA010010421CBF6D
S21400B9C80022A2755A1E0A409B1A9945D0D8A37D14
S21400B9D8002BE3D1CEE7E37D43B94FF000084B4692
S21400B9E852463146284628F016FDA060A27D12B1C0
S21400B9F823694B4423611A49237E097899422AD938
S21400BA0801332376BBF1000F27D032B3E37D23B38F
S21400BA18B8F1000F21D1032F1FD0A1684B1C1CD0F2
S21400BA28109B2246009328460123FFF7F9FEA075CF
S21400BA3813E095F8343063B9EB6A0133CFD1032F9E
S21400BA48CDD10123A376C8E7012FCFD0032FC4D1C9
S21400BA58F7E79846C3E70023A375A07DFFE600BF77
S21400BA68AC8504002DE9F04F0E46984600238BB0AF
S21400BA7804464FF0FF31104617468DF8133001F094
S21400BA88A7FBB6F5801F20D2314605AA04F10800A8
S21400BA9828F0C8FE451C014603D1237CBBB92D20DF
S21400BAA810E0384601F094FB0122394620460DF195
S21400BAB8130328F002FD0028EFD09DF8133088F80D
S21400BAC8003000200BB0BDE8F08FB01CE5D1E56A69
S21400BAD8691C36D12046616A28F0E3FB0546B31C8C
S21400BAE818BF0123DFF8CC900193636A626C029357
S21400BAF8236805A902FB053AE36B05225B695046F5
S21400BB08984705A828F0D7FF28F0FAFF504629F0EE
S21400BB1802F84FF0000B824601464B1C05D0636CBA
S21400BB2881EA0A025B42134211D02946204628F0D1
S21400BB38B8FB029BAB422CD0BBF1000F2CD10546BC
S21400BB48D3E72368ED1A636CB5FBF3F5C7E74846F9
S21400BB5801F03EFB0DF1130349462046019A28F0F2
S21400BB68ACFC034690B1B21C03D0D9F80020B24210
S21400BB780CD19DF8132003930D4B88F800204946F6
S21400BB881A68384613F0E8FB039B9B46D9F808105A
S21400BB98C3E7BBF1000F82D0B6F5801F91D23146BD
S21400BBA898F800307A6804F1080001F03FFA88E750
S21400BBB8A8850400484100202DE9F34104461746AD
S21400BBC898460E46184D816AE36A8B4201D04B1C94
S21400BBD802D102B0BDE8F081284601F0F9FA012248
S21400BBE8294620460DF1070328F067FC38B143467E
S21400BBF8294620469DF80720B8470028E9D0A968B6
S21400BC084A1C04D16968204628F0D8FB0146012E54
S21400BC18DAD16B6881EA0302636C5B421A4218BF8A
S21400BC284FF0FF31D0E700BF1C4100202DE9F04F50
S21400BC384FF0FF334FF6FF720025044600F1080662
S21400BC48C0E909238BB0C36205620563304688469F
S21400BC5828F0B9FD204628F0F4FA60BB2046414695
S21400BC6828F06FFB204628F0ECFA60BB5E200BB08D
S21400BC78BDE8F08F2368E26B606C576900FB0530FF
S21400BC88052205A9B84705A828F015FF0128074684
S21400BC980CD12946204628F025FB012F024600D164
S21400BCA801322946204628F0EBFA03E028F02DFF5B
S21400BCB80028EED10135E3699D42DBD3204628F003
S21400BCC8C0FA0028CAD000254FF0FF394FF6FF7398
S21400BCD8CA46A846C4E90853E36998450AD3A5EBBB
S21400BCE80905012D2CD84FF6FF72636A93423CD1A2
S21400BCF86720BCE72368E26B606C576900FB083076
S21400BD08052205A9B84705A828F0D5FE834605A844
S21400BD1828F0A8FE0746584628F0F2FE68B15745B0
S21400BD2838BFC4F82480B94528BFB946BD4238BFD5
S21400BD383D46BA46236A0133236208F10108CBE779
S21400BD484FF6FF7300256362E3699D42CBD2676CAA
S21400BD582068E36B052207FB05005B6905A9984781
S21400BD6805A828F07FFE0135EEE7E26B676C2068D1
S21400BD78694607FB030055690522A847684628F068
S21400BD8871FE626A2368606C4B4D00FB023028F037
S21400BD98C2FE4FF0FF33A062E3622A466FF001014D
S21400BDA8204605ABFFF75EFE002846D1AD6829465B
S21400BDB82046E56228F021FA206320B92046E16A89
S21400BDC828F0FCFAE0622946204628F0F7FA0546ED
S21400BDD8A36A9D4233D1204628F0E2F90027804620
S21400BDE8B946E36999453CD3B84559D92046616AAE
S21400BDF828F057FA0026054604F1400AB74212D83A
S21400BE08626C2368694602FB0539E36B05225B69A9
S21400BE1848469847684628F025FE5346024649464F
S21400BE28E06B28F07AFE2946204628F03AFA0136D2
S21400BE38B0450546E2D1642019E7A56AB7E7294662
S21400BE48204628F0DAF9236B29460344074623637D
S21400BE58204628F0B3FA0546002FB9D1C4E90B07E7
S21400BE68B6E7636C2568052203FB0955E36B05A94D
S21400BE785B692846984705A828F01DFE28F040FE6E
S21400BE8858B1284628F047FE0146204628F0B5F95E
S21400BE98636C143B984208BF013709F10109A0E713
S21400BEA8304628F090FC002320461946034AFFF740
S21400BEB883FE0020DBE600BF74410020B144030087
S21400BEC82DE9F041036B9046826B07689A4288BF5B
S21400BED88363426C436A90B002FB0377C36B0E46DB
S21400BEE8052201A95B6904463846984701A828F048
S21400BEF8E2FD01280146307057D0656CE26B236876
S21400BF08606AD2F814C005FB0030052206A9E0478F
S21400BF1806A828F0D0FD01284FF0000523D0D4E964
S21400BF280A3201219342CDE90B458DF834800E95EF
S21400BF388DF83C102AD11946204628F03FFA236B84
S21400BF48626C14339B1AE06223630C9B53B99DF80A
S21400BF583C303BB1626A616C2368E06B01FB0231DE
S21400BF6828F061FD0C9DE36B05225B6901A9384644
S21400BF78984701A828F09FFD30702846236BA26BCF
S21400BF889A4288BFA36310B0BDE8F081237C33B91A
S21400BF981C490BAA04F1080001F096F8D5E72046DC
S21400BFA8194A0BABFFF708FECFE7237C23BB2246D4
S21400BFB8164904F1080001F087F8616A204628F05F
S21400BFC891F9616A421C204628F05AF9054620B9BC
S21400BFD8236B626C1344143B23632046A16A28F043
S21400BFE8EDF92368A062C01A636CB0FBF3F06062D8
S21400BFF8204628F026FAB6E700232046044AFFF72C
S21400C008DBFDDAE76DC70000E9C600004B45030014
S21400C018E744030073B50D46D11E4A421C461B7EF4
S21400C0284A419A4226D129682368994222D36368EE
S21400C03899421FD8114E0DF107033246FFF712FD3D
S21400C048C0B972686B689A4214D19DF80730DA1E38
S21400C05853425341227E93420CD163690133636194
S21400C068D4E90323934205D22968A26842F823102C
S21400C07801332361012002B070BD00BF7441002067
S21400C0882DE9F04F9B4689B09DF848309046514AB6
S21400C0980193136907465B450D46C0F09580D9465F
S21400C0A853680093B9F1000F7BD0FB6B01225B69E4
S21400C0B805A90098984705A828F06FFC454B1B680B
S21400C0C8984240F0848005A828F073FC04280646A9
S21400C0D815D105A828F074FC009B04461E44019B55
S21400C0E8002B3ED1804512D91C46A8EB00083846DE
S21400C0F8009928F063F9A9EB04090090D2E7FB6BD6
S21400C10802225B69009806A9984706A8E2E7A0EB12
S21400C11808045C4528BF5C46032C4644ABEB040B7E
S21400C1281DD9FB6B294630465B69A208984724F060
S21400C138030304F0030A1E441D44DDF80480BAF124
S21400C148000FD4D0FB6B012206A930465B699847DE
S21400C1585246284606A913F0FFF85544C7E7A246F4
S21400C168EBE7824600F0030302932B18039306447A
S21400C178039BA6EB0A00A3EB0A05029B9A4514D17B
S21400C188BAF1000FB3D0FB6B012206A95B6998478A
S21400C1985246284606A913F09BFA0028DDD04FF031
S21400C1A83609484609B0BDE8F08FFB6B012206A9A0
S21400C1B85B6998470422284606A913F089FA0028DE
S21400C1C8EDD1AAF1040AD3E74FF06309E9E74FF087
S21400C1D86F09E6E7A04100202DE9F0410F46164614
S21400C1E89846044688B060B390F83450FDB10121F3
S21400C1F828F01CF800210E9BCDE90511CDE9023781
S21400C2089DF83C30CDF804808DF81C30237C0496CD
S21400C2188BB90D4901AA04F1080000F055FFDDE9C5
S21400C2280553E06B002E08BF1D4628F098F92846EF
S21400C23808B0BDE8F0812046044A01ABFFF7BCFC15
S21400C248EDE70546F3E700BF154503001DC00000EF
S21400C2587FB590F84260044601920DF10B030A463A
S21400C2683046114928F083F9012E0546E36B17D1AD
S21400C27832465B6903A998479DF80B10039B019A01
S21400C28859B19BB243EA0243012228460393E36B63
S21400C29803A99B69984704B070BD62F30F03F3E7E0
S21400C2A801229B6901A9F5E7A04100202DE9F04F7E
S21400C2B899B00E460D920A69416C0B931439D31D3A
S21400C2C8B3FBF1F3013302EBC302036B044693425C
S21400C2D8C0F001820023DFF804940893E36A484616
S21400C2E81946059300F074FFD6E9033707930B9BAE
S21400C2F8022B4DD1CC2F40F0D7810D9B3BB1314658
S21400C308204628F08AF9656C1490012044E0012044
S21400C318079B656C1B68149300F0010000280CBF8F
S21400C32804230823782F0E9349D8059A6B1E1340CA
S21400C338ED1A3B1D9D423CD2002F3DD0082D3ED81D
S21400C3480023042506934FF0040A336806990B98D1
S21400C358C9F80030C9F8107028F045FB4FEA9A0370
S21400C3680F93059B89F814000393002309930C93F5
S21400C37804930A93616C039B4A1E1A408B1A27B3D0
S21400C3885544AB4223D8236B5B1A134423632FE12F
S21400C398782F656CB9D8F07D0D9B002BBCD0E36B6D
S21400C3A801225B69706816A9984716A828F0F9FA5A
S21400C3B8B4E700250695C6E704250697C3E70123D4
S21400C3C800254FF0080A0693BFE75345DBD3A3EBD7
S21400C3D80A029742039BB84628BF904697425344A2
S21400C3E828D90122D9F8101089F817208F4226D1AB
S21400C3F80399C9F80410049299F817200AB399F813
S21400C40818100398CA1C09EBC20250600498013140
S21400C418A2F80880907289F81810B8F1000F07D0B3
S21400C4280B9A022A40F08180099A72B10122099279
S21400C4389B46ABE0049A002A18BF0322DBE70222D9
S21400C448D9E7039AC9F80420E7E70C9A4244032A76
S21400C458EED9E26B1846956914A901220993A847F4
S21400C468099B05460028E1D03D2D40F01E8104F1C9
S21400C478080303932368059A606CA2EB030ABAFBC9
S21400C488F0FA00FB0A3028F046FBE16A80462046B0
S21400C49827F094FFA26A824200F00F81626CD9F8F6
S21400C4A80830511E0B40216B2768891A0B442363FA
S21400C4B8089BE062DF1BB7FBF2F7BA4540F0FA804C
S21400C4C8059BB3EB080A12D0E36B4FEA9A02414683
S21400C4D89B6998478346E36A059A5344E362236B4D
S21400C4E803989B1A4344236328F06DF9DA462368B9
S21400C4F8616CE06B01FB073128F082FA204627F0D2
S21400C508A0FE204627F09DFF2063BAF1000F00F03A
S21400C518D4803269616CD31D1439B3FBF1F301334F
S21400C52802EBC3029042A5D2BFE00D9A002A77D14B
S21400C538B8F1030F4FEA98026ED9E16B18468D6979
S21400C54807991093A847109B0546C0B918F003052D
S21400C55815D0079A28F0030B02EB0B019B444FF00B
S21400C568FF3215A815922A46109312F0F5FEE26BD4
S21400C5785846956915A90122A8470546109B9B466B
S21400C588079A42440792002D40F08B80049B16A819
S21400C5980193069B009399F814204346316800F0EF
S21400C5A8CDFDE36B0F9A9B69039816A99847039AE3
S21400C5B8051E089B18BF1346089343465246204656
S21400C5C8039927F028FF236B08F10302A3EB0A035D
S21400C5D822F003029B1AC9F808002363002D7FF493
S21400C5E843AF0C9BA7EB080743440C93CDF80CB05D
S21400C5F82046039927F0E2FE00250390002F7FF4DB
S21400C608B9AE364A3168936804F10800E3625268A6
S21400C6180B9B00F00BFD49E09B46454607999EE7B5
S21400C6289B4606F120021092F27D7068A2B10022A5
S21400C63896F818C00A99D5B2AC4511D9109D02F1E2
S21400C648010E35F832508D4228D90E9806EBC202F4
S21400C6580144D069084403E00E9A0A990A44104433
S21400C668E26B15A9556901221193A847159A0A9BEA
S21400C6781392E26B043395695846012213A90A936C
S21400C688A847119B054603EB0802A2EB0B02042AF7
S21400C6987FF679AF28B90BF1040BC5E77246491B3C
S21400C6A8C9E7CDF820B088E770252F46384619B078
S21400C6B8BDE8F08F4FF0000A19E73269616CD31DA8
S21400C6C81439B3FBF1F3013302EBC302236B934235
S21400C6D8BFF404AEE9E71C27E8E700BF484100209E
S21400C6E8032A2DE9F34106460D4617461C4606D191
S21400C6F8237A012B23D0012002B0BDE8F081DFF8B1
S21400C7086080096842460DF10703FFF7ABF96060E1
S21400C7180028EDD19DF80720237A032AE8D0D8F818
S21400C72804106A689142E3D1012B2969D4F80CC039
S21400C73807D172690CEB0103934202D92074207C5E
S21400C748DAE708316144E1603B4601222946304673
S21400C758FFF7ACFD60600028CAD00020CCE700BF19
S21400C768744100202DE9F341089C032A17462668E1
S21400C77806D1237A012B24D0012002B0BDE8F0812F
S21400C788DFF89080304642460DF10703FFF76AF956
S21400C79860600028EDD12568D8F80400A96AD5F8A5
S21400C7A844C04840CCF100031840227AE1D1012A5F
S21400C7B809D1E268D8F8103013447269934202D956
S21400C7C82074207CD9E72868EB6A1B1A081AB3FB82
S21400C7D8FCF3B0FBFCF083420BD1706CF36A421E8C
S21400C7E81340326B121A13442846336327F0E6FDCB
S21400C7F8E862D8F81020E36808321344E3600122A0
S21400C8083B4604492068FFF751FD60600028B0D019
S21400C8180020B2E7744100202DE9F0410025604B66
S21400C8280E46D3F8008004461D6018B92125284610
S21400C838BDE8F08190F8347007B30A6803689A4236
S21400C84840F0A3804A6843689A4240F09E808A680F
S21400C85883689A4240F09980CA68C3689A4240F052
S21400C86894800A6943699A4240F08F808A69C36B4C
S21400C8789A4240F08A804B698361D8E76822394635
S21400C888856B12F0D9FBD6E90212336804F108006A
S21400C89823607368A5636360336963617369A36122
S21400C8A827F0A3FFB36904F14000E3639B68984749
S21400C8B820B9676C17B16368B3FBF7F794F8433091
S21400C8C8E761002BB2D00023656C2366002D64D088
S21400C8D8002F62D02368B3FBF5F205FB1233002B5A
S21400C8E855D16668B6FBF5F305FB1363002B4ED1EE
S21400C8F8204627F072FCA369043303449E4248D3BB
S21400C90840F634726369CC3B934244D8B5F5805FF1
S21400C91843D30321204627F089FCD4E90001E36BC2
S21400C9281B6898470546E36B0220DB689847CDB935
S21400C93841462046FFF77AF96428054604D1414661
S21400C9482046FFF773F90546666C5DB9236A2046EC
S21400C958143E5E4327F041FCA369043303449E4219
S21400C96838BF5A25002D0CBF0123002384F8343025
S21400C97807D1D4E900010B4A13680133136027F086
S21400C988CEFFE06B27F0EBFD51E75D254FE7592515
S21400C9984DE75A254BE75F2549E75B2547E700BF84
S21400C9A8D83A0020D43A00202DE9FF410C46164616
S21400C9B81F46054680B390F834307BB3B1F5801F28
S21400C9C82ED2DFF86080012127F030FC214642464F
S21400C9D828460DF10F03FFF745F8044670B99DF891
S21400C9E80F30012B11D1D8F81030BB4212D10246B5
S21400C9F8009031462846FFF743FB0446E86B27F0CD
S21400CA08AEFD204604B0BDE8F081022B14BF2D24ED
S21400CA186024F3E76324F1E72124F2E71124F0E722
S21400CA282924EEE7A04100202DE9F04385B00C4606
S21400CA3817461E460546DDF8308098B390F8343021
S21400CA4893B3B1F5801F31D2DFF86490012127F047
S21400CA58EDFB21464A4628460DF10F03FFF702F87C
S21400CA68044688B99DF80F30012B14D1D9F8102048
S21400CA7806EB08039A4213D30090434632463946DB
S21400CA882846FFF7FDFA0446E86B27F068FD2046BF
S21400CA9805B0BDE8F083022B14BF2D246024F3E70D
S21400CAA86324F1E72124F2E71124F0E72924EEE7CE
S21400CAB8A041002073B50C461646054630B390F8DC
S21400CAC834302BB3B1F5801F24D2012127F0AEFBFA
S21400CAD821462846104A0DF10703FEF7C3FF044611
S21400CAE880B99DF80730032B0CD0022B0CD12846B2
S21400CAF8094927F092FD3060E86B27F030FD2046A4
S21400CB0802B070BD2D24F7E76124F5E72124F6E787
S21400CB181124F4E72924F2E7A04100202DE9F34187
S21400CB281E4600230C4617460546336050B390F859
S21400CB3834304BB3B1F5801F28D2DFF8548001217A
S21400CB4827F074FB2146424628460DF10703FEF7F8
S21400CB5889FF0446A0B99DF80730032B10D0022B96
S21400CB6803BF01233B600423D8F8103018BF386091
S21400CB783360E86B27F0F3FC204602B0BDE8F0818E
S21400CB882D24F6E72124F7E71124F5E72924F3E70F
S21400CB98A041002073B50446056B27F01EFB636EA4
S21400CBA803449D422CBF00230123854294BF0025E1
S21400CBB82D1A207C84F85030656584F85800A8B192
S21400CBC800230C4E1A4619462046009627F0E9FD23
S21400CBD8002305461A4619462046009627F0EAFD21
S21400CBE8E3682844984294BF0020C01AE06502B063
S21400CBF870BD00BFFFFF0F002DE9F3471E464369CF
S21400CC080446B342884617469DF828904ED300251A
S21400CC188DF80750204627F0E0FAD4F830A0824571
S21400CC280AD2236AB5EB430F06D2002220460DF13E
S21400CC380701FFF745F9B8B39DF80730012B05D172
S21400CC48002220460DF10701FFF73AF9B9F1030F64
S21400CC5806D03146204627F0B0FA256B854227D302
S21400CC68144D4FF0FF31284600F0B2FA4B462946DD
S21400CC7800222046C5E90376C5F80080FFF716FBB4
S21400CC88236E054663B12046FFF784FF94F85030BC
S21400CC9813B994F858301BB1236E04F15000984726
S21400CCA8284602B0BDE8F0870135B3E76225F7E706
S21400CCB81C25F5E7744100202DE9FF410F469046F4
S21400CCC81E46054698B390F8343093B3B1F5801FE6
S21400CCD831D21A4C022127F0A9FA224639462846AC
S21400CCE80DF10F03FEF7BEFE024678B10123424659
S21400CCF80093394633462846FFF77EFF0446E86B1E
S21400CD0827F02DFC204604B0BDE8F0819DF80F30D2
S21400CD18012BEBD12169B142E8D100934146334655
S21400CD282846FFF7ADF904460028DFD1E7E72124B7
S21400CD38E8E71124E6E72924E4E700BFA04100203D
S21400CD482DE9F04790F8423086B0012B054603914E
S21400CD58A1EB020740F0AA80FF2F03D81E464FF02B
S21400CD68640807E00226012B14BF4FF032084FF084
S21400CD786408013600244FF6FF79DFF844A195F8D9
S21400CD884230012B14BF322364239C4202D35FFA3D
S21400CD9888F40DE005AB22465146284627F01BFCD2
S21400CDA895F84230012B059B34D14B452DD1E4B282
S21400CDB895F84230012B14BF32226422121BB2426D
S21400CDC817D3012E39D10022012B05978DF8132091
S21400CDD827D1082205A90DF1130027F0B8FE9DF803
S21400CDE81330059A42EA032221462846FFF730FA0E
S21400CDF840B10223324900932846CC23096803AA87
S21400CE08FFF7FAFE06B0BDE8F087DBB203B90234D6
S21400CE180134B4E7591CCAD09BB2002BF8D10134B0
S21400CE28F6E7102205A90DF1130027F090FE9DF8ED
S21400CE381330059A42EA0342D6E7039A012B059275
S21400CE4823D10823202205A90DF113008DF81330ED
S21400CE5827F07DFE9DF81320120221462846FFF78C
S21400CE68F7F995F84230611C012BC9B21AD100288F
S21400CE78BFD12846BDF81420FFF7EAF90028B8D134
S21400CE880234BDF81620E1B2AFE71023202205A928
S21400CE980DF113008DF8133027F059FE9DF8132076
S21400CEA81204DAE70028A4D1059A9EE7B7F5803F72
S21400CEB84FF00106BFF457AF4FF032085AE700BFED
S21400CEC8A041002070B586B00E4605460392A0B372
S21400CED890F834309BB3B1F5801F32D2022127F088
S21400CEE8A5F931462846184A0DF11703FEF7BAFD8C
S21400CEF8044618B99DF81730032B0ED10223314685
S21400CF0800932846CC2303AAFFF776FE0446E86B70
S21400CF1827F025FB204606B070BD022B0BD10A4928
S21400CF28284627F07AFB039902468142EFD0284626
S21400CF38FFF706FFEAE76124E9E72124EAE7112478
S21400CF48E8E72924E6E700BFA0410020F7B50C462D
S21400CF581646054668B390F8343063B3B1F5801FBB
S21400CF682BD2022127F062F921462846144A0DF1F1
S21400CF780703FEF777FDC0B99DF80730032B14D0DA
S21400CF88022B14D10E49284627F047FB471C0246B9
S21400CF9839462846FFF7D4FE044606B13760E86BE4
S21400CFA827F0DDFA204603B0F0BD2D24F7E761240C
S21400CFB8F5E72124F6E71124F4E72924F2E700BF71
S21400CFC8A041002030B50C46054685B028B390F839
S21400CFD8343023B3B1F5801F23D2022127F026F977
S21400CFE80DF10F03214628460F4AFEF73BFD034680
S21400CFF888B99DF80F20032A0DD0032221460092F7
S21400D00802462846FFF7F8FD0446E86B27F0A7FA1D
S21400D018204605B030BD2D24F7E72124F8E7112473
S21400D028F6E72924F4E700BFA04100202DE9F043E5
S21400D038466886B3056898464FF0000CA946AE4683
S21400D04855F83C400CF1010CC4F31307013401D029
S21400D058B94217D0B4450EF1080EF1D12F46002478
S21400D06803E0B44207F1080712D055F8343001340B
S21400D0780133F6D1C1F3130141EA0851C7E900129A
S21400D088BDE8F08341EA0851CEE90012BDE8F08316
S21400D098B8F1030F03D101230372BDE8F083002320
S21400D0A803E0B34209F10809F5D055F833400133D7
S21400D0B8C4F30754032CF4D1C1F3130343EA08530B
S21400D0C8C9E90032BDE8F0832DE9F041064640681C
S21400D0D882B0B8B10F4690460024336853F83450EF
S21400D0E803EBC403C5F30752C5F31301013506D095
S21400D0F85B683046CDF80080B84718B170680134D0
S21400D1088442EAD302B0BDE8F08100BF024B19683A
S21400D118024B1868FFF780BB4C6D00206C6D002032
S21400D12808B530F084FE014B186008BDCC410020DD
S21400D138014B186830F076BECC41002073B5044623
S21400D1482248012A00EAC1119DF8185023F07C40B5
S21400D15807D9961E012E28D9073303F07F031943F3
S21400D16808E09DF81C300A43DB0603F0C05313435F
S21400D17843F060410023C4E900108DF80730B5B1CC
S21400D188202221460DF1070027F0E1FC1A220DF1B6
S21400D1980700211D27F0DBFC082063689DF80720A0
S21400D1A843EA8263636002B070BD1143E2E71B2264
S21400D1B80DF10700214627F0CAFC23689DF80720D2
S21400D1C8042043EAC2632360EDE700BF80FFFF0741
S21400D1D838B5094B0D461A680021044611F02CFF95
S21400D1E800234FF0FF322383C4E900252361A260A1
S21400D1F8E382A37638BD00BFA88504000138C0B214
S21400D20805289ABF014B185C01207047AD850400BD
S21400D2182DE9F0410746154600240E46596888B0A1
S21400D228490A012922464FEA510104F10104F8D8B7
S21400D238DC78997824031B88C90201F4006104F499
S21400D24880540C43C3F30A035203234492B24FF0AC
S21400D25800089C18274B6FEA0444039325F078438C
S21400D268ED4302A90DF107001B2202938DF80780F3
S21400D27827F06DFC9DF80720029B02A943EAC263CB
S21400D2880DF107001B2225F07845049302958DF8CA
S21400D298078027F05CFC9DF80720029B6FEA144481
S21400D2A843EAC26305934FF0FF330794069307A932
S21400D2B8BB69012206F110009847BB6905A9044618
S21400D2C8012206F108009847BB69404518BF044686
S21400D2D804A90122301D98470122404518BF04467C
S21400D2E8BB69304603A99847404508BF204608B0A2
S21400D2F8BDE8F08101009AB2044BD3F88420D20628
S21400D308FBD4D3F88400C0F3811070470040005067
S21400D31838B5184B0546D3F824010C4600F007002C
S21400D328062823D8DFE800F0040A121A1E0E160094
S21400D338012305B1286004B1236038BD2EF0B0FE85
S21400D3480523F6E72EF0ACFE0623F2E72EF0E2FE03
S21400D3580323EEE72EF0DEFE0423EAE72EF0D6FEE1
S21400D3680223E6E730F076FD0723E2E700231846B7
S21400D378DFE700BF0080005038B5104B0546D3F8ED
S21400D38800310C4603F00303022B0BD0032B0DD001
S21400D398012B0FD12EF0BEFE032305B1286004B181
S21400D3A8236038BD2EF0BCFE0823F6E730F052FDA9
S21400D3B80723F2E701230020EFE700BF00800050B4
S21400D3C838B5104B0546D3F820310C4603F0030356
S21400D3D8022B0BD0032B0DD0012B0FD12EF060FEA5
S21400D3E8052305B1286004B1236038BD2EF092FEEF
S21400D3F80323F6E72EF08AFE0223F2E70123002035
S21400D408EFE700BF0080005038B5104B0546D3F84C
S21400D41840310C4603F00303022B0BD0032B0DD030
S21400D428012B0FD130F018FD092305B1286004B18F
S21400D438236038BD2EF074FE0823F6E730F00FFDA3
S21400D4480B23F2E701230020EFE700BF008000501F
S21400D45838B5104B0546D3F860310C4603F0030385
S21400D468022B0BD0032B0DD0012B0FD130F0F4FC80
S21400D478092305B1286004B1236038BD2EF050FE9C
S21400D4880823F6E730F0EBFC0B23F2E70123002035
S21400D498EFE700BF0080005073B50D4600210E4B25
S21400D4A80191D3F88041064604F00304012C09D004
S21400D4B8022C0CD00C460EB1019B336005B12C60D3
S21400D4C802B070BD01A8FFF77BFF0F24F3E72EF02C
S21400D4D81DFE0190EFE700BF0080005038B5104BE6
S21400D4E80546D3F840320C4603F00303022B0BD054
S21400D4F8032B0DD0012B0FD130F0AEFC092305B15C
S21400D508286004B1236038BD2EF00AFE0823F6E72B
S21400D51830F0A5FC0B23F2E700231846EFE700BF20
S21400D5280080005038B5144B0546D3F800020C4668
S21400D53800F0070004281BD8DFE800F003090D11E7
S21400D5481500012305B1286004B1236038BD30F00A
S21400D55883FC0923F6E72EF0E3FD0823F2E730F014
S21400D5687EFC0B23EEE72EF0BBFD0E23800AE9E7D0
S21400D57800231846E6E700BF0080005010B40D4CA4
S21400D5880B46D4F8204204F00304012C0AD0022CDF
S21400D5980CD008B1002101600BB100221A605DF8BA
S21400D5A8044B70475DF8044BFFF70ABF5DF8044B61
S21400D5B8FFF72ABF00800050B0F5207F1FD009D89B
S21400D5C8B0F5007F15D003D868B1B0F5C07F0AD093
S21400D5D800200CE0B0F5607FFAD10B4BD3F8800042
S21400D5E8C0F3011003E0084B186FC0F30330013096
S21400D5F87047054BD3F89000C0F30460F7E7024B7A
S21400D608186FC0F38020F2E7008000504FF4003215
S21400D6180E4B014610B500209A66FFF7CDFF48432B
S21400D62841F671320A490B4B884294BF002001200C
S21400D638DC69DA639A6822F4401242EA00529A6079
S21400D648E20344BF0022DA6310BD00BF009000501A
S21400D658005A6202000003505F2898BF094B4FEA41
S21400D668501294BF53F82230074B00F01F0029B120
S21400D67803F58053012282401A60704703F5005371
S21400D688F8E700BFB4850400608200501FB500218B
S21400D698B0F5807F0446019100F0068100F29D8077
S21400D6A8612800F295801F2805D8002840F092804F
S21400D6B82EF016FDDCE0A0F12004412C00F28A8052
S21400D6C801A353F824F000BFB9D600007DD80000A7
S21400D6D8B9D600007DD800009DD800009DD800006F
S21400D6E89DD800009DD800007DD800007DD8000099
S21400D6F857D8000011D80000D3D80000DDD80000A5
S21400D70811D800007DD800007DD800007DD8000024
S21400D718DDD70000DDD70000DDD70000DDD700002C
S21400D728DDD70000DDD70000A7D8000033D80000FA
S21400D7387DD800007DD800007DD80000F1D8000014
S21400D748E7D800007DD80000DDD70000DDD7000050
S21400D758DDD70000DDD70000DDD70000DDD70000EC
S21400D768DDD70000DDD70000DDD70000DDD70000DC
S21400D778DDD70000DDD70000DDD70000B9D60000F1
S21400D788DDD70000B9D60000B9D60000B9D600002B
S21400D7989DD80000DDD70000DDD70000DDD70000EB
S21400D7A8DDD70000DDD70000DDD70000DDD700009C
S21400D7B8DDD70000DDD70000DDD70000DDD700008C
S21400D7C8DDD70000DDD70000B9D60000B9D60000C6
S21400D7D880284BD0019804B010BDB0F5A06F5ED07D
S21400D7E828D8B0F5607F50D019D8B0F5007F4CD057
S21400D7F804D8B0F5C07F3FF45BAFEBE7B0F5207F09
S21400D80838D0B0F5407FE5D12EF06AFC02464FF4DA
S21400D8182070FFF7D1FEB2FBF0F2520833E0B0F505
S21400D828806F37D0B0F5906FD4D1002101A8FFF7EC
S21400D8386FFDCFE7B0F5E06F51D00DD8B0F5C06FEB
S21400D84843D0B0F5D06F45D0B0F5B06FC2D1002147
S21400D85801A8FFF721FEBDE7B0F5F06F44D0B0F59C
S21400D868086FB7D101A8FFF787FDB3E72EF01EFCB7
S21400D8780190AFE72EF034FC02464FF42070FFF715
S21400D8889BFEB2FBF0F20192A4E72EF00FFC0246D4
S21400D8982046F4E7002101A8FFF792FD9AE7002149
S21400D8A801A8FFF76BFE95E74FF0E02302911B698E
S21400D8B85B0705D52EF014FC0290029B019389E7BE
S21400D8C803A902A8FFF7A0FDF7E7002101A8FFF7C4
S21400D8D89BFD7FE7002101A8FFF724FE7AE70021D9
S21400D8E801A8FFF7FBFD75E7002101A8FFF7B0FDCB
S21400D8F870E700BF08B58020FFF7C8FE034B9842C4
S21400D9089EBF4FF48032024B1A6708BD005A620267
S21400D91800A000501FB503460020B3F5807F019095
S21400D9286FD027D8382B00F082800BD8243B092BE1
S21400D9380FD8092B0DD8DFE803F05F5F5F5F0C0C8C
S21400D9485A0C3675522B57D007D83D2B3AD03E2B5B
S21400D95872D0019805B05DF804FB802BF9D1394BDD
S21400D9681B6F03F00703013B032BF2D8DFE803F035
S21400D9783D36393BB3F5D06F54D019D8B3F5A06F00
S21400D98855D00AD8B3F5806F36D0B3F5906FE0D18E
S21400D998002001A9FFF7BCFCDBE7B3F5B06F26D083
S21400D9A8B3F5C06FD5D1002001A9FFF72DFDD0E74C
S21400D9B8B3F5006FECD00AD8B3F5E06F3CD0B3F5FA
S21400D9C8F06FC6D1002001A9FFF742FDC1E7B3F505
S21400D9D8086FBED101A9FFF7CFFCBAE7052301936C
S21400D9E8B7E70323FBE70723F9E70223F7E7002057
S21400D9F801A9FFF751FDACE7002001A9FFF7E0FCFD
S21400DA08A7E74FF0E02302901B695B0705D52EF0C9
S21400DA1867FB0C230393039BE1E703A902A8FFF720
S21400DA28F3FCF8E7002001A9FFF77CFD91E700204A
S21400DA3801A9FFF7A3FD8CE7002001A9FFF74EFD1B
S21400DA4887E700BF008000504FF40022034B5A6659
S21400DA58012203F580439A62704700BF0090005089
S21400DA6870B504468020FFF755FF032800F0828033
S21400DA784FF40022444B02215A6645F60E03434AE9
S21400DA88C2F88030424B9962012103F580539962AF
S21400DA98936DD903FCD4D4E900131B0543EA01634C
S21400DAA8E17B94F823500B43217B43EA0143617BD7
S21400DAB843EA0133A17B43EA811313619169D4E9F0
S21400DAC804031B0643EA806301F000410B43A17E72
S21400DAD8E07E0B43217E43EA0143617E43EA01234D
S21400DAE89361E169136A002923F00D0343EA0103F1
S21400DAF814BF0121002143EA800343EAC1031362ED
S21400DB0894F8203094F82200916A4FEA431332D1F1
S21400DB1894F8216021F0330143EA06130B4343F0DF
S21400DB28010393621B49194B9A6D31EA0202FBD135
S21400DB38022217498A621A659A6D5200FCD41A693D
S21400DB48A16822F4700242EA01521A614FF00042BC
S21400DB580F4B9A6118B9022203F580539A6215B9D9
S21400DB6801220D4B9A6294F824301BB1074B0B4ADE
S21400DB78C3F8802070BD21F0330129430B4343EAE4
S21400DB8840039362EFE700BF0090005000C00050CB
S21400DB9800D000500300014000E00050F1A7FFFF4E
S21400DBA8014B93F9000070473C620020014B188037
S21400DBB8704700BF6E720020B0F5207F10B50C4687
S21400DBC842D008D8B0F5007F33D003D888B1B0F576
S21400DBD8C07F0ED010BDB0F5607FFBD11F4A4C1E2B
S21400DBE8D2F8803023F0300343EA0413C2F88030BA
S21400DBF8F0E726F0CAFF26F0D6FF4FF48031184B20
S21400DC08164A1967136F013C23F4704343EA04333A
S21400DC1813672EF065FA0446FFF76EFBC0F10201A3
S21400DC28204626F0BAFF00F035F8BDE81040FFF7AA
S21400DC3861BE0A4A4C1ED2F8903023F0F85343EAE5
S21400DC480463C2F89030C5E7044A4C1E136F23F4E9
S21400DC58806343EA84231367BCE700BF0080005054
S21400DC680090005008B50121022000F0E1F84FF4BA
S21400DC782070FFF7A1FC054B187026F086FF26F0EB
S21400DC8892FF4FF48032024B1A6708BD3B620020B1
S21400DC980090005008B54FF4C070FFF7F7FCBDE8D9
S21400DCA808400449884294BF012102214FF420709D
S21400DCB8FFF782BF80F0FA0238B504462EF010FA55
S21400DCC80546FFF719FBC0F10201284626F065FF56
S21400DCD80121002000F0ECF82CB1FFF7DBFFBDE8CF
S21400DCE83840FFF707BE034B4FF420701978FFF74C
S21400DCF863FFF4E73B62002010B5224B70B94FF47F
S21400DD080031214A1860516602F598325268012A95
S21400DD1803D11E4AD2F800211A6010BD1B68002BDA
S21400DD28FBD01B4A5268012AF7D0184A8020C2F84E
S21400DD380031FFF7EFFD05281FD14FF4C070FFF73D
S21400DD483BFC0128044604D102214FF4C070FFF7BB
S21400DD5833FF07220F4B1A610122A3F580535A603E
S21400DD680B4A1369DB07FCD5012CD6D12146BDE842
S21400DD7810404FF4C070FFF71FBF0122064B5A60D1
S21400DD88CBE700BFD0410020009000500080005034
S21400DD9800C0015000E0015000D00150044A41780C
S21400DDA8536F23F4407343EA01235367704700BF59
S21400DDB80040005010B5044610B10020FFF79CFF45
S21400DDC8124A136943F0040313612EF0FFFC26F091
S21400DDD8EFFE0F4B5B6E5B0142BF0E4B0E4AC3F85D
S21400DDE8202430F024F830F0CBFA30F01BF826F078
S21400DDF8E0FE02F0FFF81CB9BDE810402EF070B93E
S21400DE080120BDE81040FFF777BF00BF00ED00E037
S21400DE180080005000E003500000FF0F034A01791D
S21400DE28D36E23F030030B43D36670470040005090
S21400DE38F8B504461C4BD3F88420D106FBD4D3F897
S21400DE488430C3F381139C422CD02EF02FF9012C7A
S21400DE58064602D1214626F0A0FE2FF0E8FF4FF036
S21400DE680072124B07465A66204626F0A9FE4FF463
S21400DE7880630D4D621E93402B676B6E9A0103D428
S21400DE88D5F884309B060AD538462FF0CBFF022CEF
S21400DE9808D13046BDE8F840002126F07EBED5F809
S21400DEA88430EAE7F8BD00BF00400050006000502C
S21400DEB810B50C4608B92EF0F9F8074B21461B7822
S21400DEC83BB1064B984204D80120BDE81040FFF746
S21400DED8AFBF0220F9E700BF3D620020005A620289
S21400DEE80278034B012100201A70FFF7E1BF00BF3C
S21400DEF83D6200204FF0004238B5264B26495A6648
S21400DF0801224A604AF6CD3103F50B235D6C19648D
S21400DF18154030BB9968C9070BD4002401221F4B53
S21400DF285A6015B11E4B1F4A1A642BF025F9204675
S21400DF3838BD1A498A601C4AD96ACC0705D490426B
S21400DF4801D10724EAE70130F6E79042E5D1F8E781
S21400DF580132DC6A14F0080406D08A42F8D1072495
S21400DF68DFE700221049F4E78A42F8D020220B4B5C
S21400DF780B495A620122A3F580539A6023460A4A3F
S21400DF88486A800603D49342E9D00133F8E79342FF
S21400DF98C7D1E4E7009000500050095000600950CF
S21400DFA8004009503254FFFF40420F004FF0004235
S21400DFB838B5174B174C5A66012203F50C235A60DE
S21400DFC84AF6CD33656C2364437893401343124A6C
S21400DFD8D363C3788178A2689B0043EA011322F0D2
S21400DFE874021343A3600279837943EA0223236108
S21400DFF84279C37943EA022363610078FFF77AFF20
S21400E008EB0744BF054B23642BF0B6F8012038BD58
S21400E0180090005000400950004000503254FFFF66
S21400E028F8B504460D461F4616464AB101238B40EE
S21400E0383021184A01FB0022F7B141F21001535073
S21400E04804EB4403072D4FF00F014FEA031316D8CD
S21400E058A80006FA00F281400F48184426F0B1FDE1
S21400E0684EB9012330210B4AAB4001FB042277B19D
S21400E07841F210015350F8BD42F21001DFE7A5F156
S21400E0880800800006FA00F281400448E5E742F2FC
S21400E0981001EFE700C0035004C003500CC0035043
S21400E0A80121024600F5805310B55960244B2549D6
S21400E0B8C36053690B40FCD19361C2F8983053692A
S21400E0C813F4401FFBD15369D9052DD4936F5BBB5E
S21400E0D853699B052AD4D2F8881039BB1046D36FEB
S21400E0E8D2F88C3026F07CFD302391601161D16225
S21400E0F811621367C2F88030134B9A4208D142F275
S21400E1086000124B906413655165906513665166FE
S21400E1180D4B9A4202D1002010290AD10C4B02F569
S21400E12800525362936210BD536FCCE7D2F8843026
S21400E138CEE701F1280443F824000131ECE700BFDC
S21400E14812000200520001000040005A00C002807F
S21400E1588F330F80084608B569B92A20FFF796FA64
S21400E168B0B10C4B984206D90B4B9B68C3F30273AD
S21400E1780133B0FBF3F0094B00F5742000F23F20A2
S21400E188B0FBF3F001387F2828BF7F20C0B208BD57
S21400E1980120F0E7005A62020040005A40420F0091
S21400E1A80B4B10B5994228BF19460C461AB92A20B7
S21400E1B8FFF76CFA0246631E1344B3FBF4F0A3425F
S21400E1C828BF00F1FF30032828BF0320C0B210BDC7
S21400E1D8005A620210B51048104C002B08BF0446BF
S21400E1E88C4228BF0C461AB92A20FFF74FFA024677
S21400E1F89DF8083040F2FF300133B2FBF3F2631E9D
S21400E2081A44B2FBF4F3A24228BF03F1FF33984244
S21400E21828BF184610BD00BF80969800404B4C009B
S21400E2282DE9F04F2DED048BB64E0C4687B01546FB
S21400E238314600220746FFF7B3FF94F8058080456D
S21400E24838BF8046384626F0CBFC20795FFA88F837
S21400E25850B92A20FFF71AFAB042014628BFB0FB89
S21400E268F8F13846FFF776FF4FF00009E378227892
S21400E2781B01524202F0020203F030031343627895
S21400E2880004524202F004021343A27800F4FE008F
S21400E298524202F0080213434FEA087202F0E042C4
S21400E2A813431843E3882289B8603B616389DFF823
S21400E2B860A243EA02433B62574502D1B9F1020F16
S21400E2C808D1012307F580577B6007B0BDEC048BA7
S21400E2D8BDE8F08F00222E788B488C49AC689642B1
S21400E2E818BF014633468A48CDF80080FFF772FF0C
S21400E2F807EB09118B6CA2B223F0435323F41D13CA
S21400E30823F4405323F01F0306F003041C436B78E2
S21400E31882424FEA830303F01C0344EA0304AB7803
S21400E32838BF02461B03E87803F4E043234304049B
S21400E33804F4E02423432C7C4FEA091C640504F407
S21400E348600423432C7909F1050B240704F0405494
S21400E35823438B648C6C6F49C4F30234013C042C51
S21400E36826D8DFE804F0252503101A00D1F88041E6
S21400E378240C2EB3C2F309020AEB0B135A6009F1F8
S21400E3880109143598E7D1F88441002EF2D1D1F866
S21400E3988C11A4B20914490015E0D1F88441002E66
S21400E3A8E8D1D1F88C11240C091401EB41010AE0DC
S21400E3B8D1F88041A4B2002EDCD1DFED577A06E012
S21400E3C8D1F88C11091407EE901AF8EEE77A0121B5
S21400E3D80CF1B44C0CF5804C2304DCF8483024F4DB
S21400E3E8C046C3F3820C0CF1010C01FA0CF107EEDF
S21400E3F8101A4FEA864648BF46F0004613F01C0F30
S21400E408B8EEC79AF6EE008A424B4CD1D3F88C1178
S21400E4180BB208EE103AB8EEC88A38EE278A0028FB
S21400E42858D105A8039200F013F9DFED3C7A28EEE0
S21400E438278A039A9FED3A7AC7EE097A9FED397ACA
S21400E44867EE877AB1EE007AB6F1004F48EE077AA3
S21400E4580BD09FED357A06EE104A77EE876ABAEE4D
S21400E468E86AF0EE477A56EE267AF5EEC07AF1EECE
S21400E47810FACBBFF1EE677A78EEE78A77EEE87A9D
S21400E488FDEEE87AC8BFFDEEE77A17EE901AB1F50A
S21400E498003F2EDB6FEA56466FEA46461C484FEAB0
S21400E4A80B11465066E7D3F8901169EE286A09B250
S21400E4B807EE101AB8EEC77AD3F8881177EE677A9F
S21400E4C80BB208EE103A87EEA67AB8EEC88A38EE8F
S21400E4D8078AA4E7D5ED037ADFED146AF8EE677AC3
S21400E4E887EEA67AF7EE046AC6EE877A27EE888A5B
S21400E4F8A0E711F5003FAABFC1F3110146F40036A4
S21400E5080E43CBE7005A6202404B4C0080969800B8
S21400E5180040005A0080E00F000000003D3B843FAA
S21400E52800008043000020440000004900007A44B0
S21400E5384FF40032054B9A6641F6713203F51C33E8
S21400E548DA63012203F50053DA6070470090005042
S21400E55841F671320121064BDA6303F50052D160A9
S21400E5680022DA634FF40032A3F518339A66704730
S21400E57800000350044B1868421C02BF034AD2F836
S21400E58894001860704700BF706D0020004000506F
S21400E598CB784A7810B55B010C7843EA82030A798F
S21400E5A8234343EA02130C22424302F1B0421363A8
S21400E5B8012C02BF8A78024B43F8202010BD00BF0A
S21400E5C8E880035008B54FF0B0435A6802B960B106
S21400E5D85B680BB126F081FB4FF0B04130B10120EB
S21400E5E8074B586026F079FBC86008BD26F075FB17
S21400E5F80223CB6026F071FB0122024B5A60F4E737
S21400E60800100058002000584FF0B0414B6810B575
S21400E6180BB126F062FB01220B4BC4785A60837854
S21400E628934043EA840344782343047943EA041373
S21400E638447943EAC4038B60044B5A600378C3F1F9
S21400E6480203CB6010BD00BF002000580010005821
S21400E6584FF48032064B5A6603F5E6235B69C3F32C
S21400E6688512827003F03F021B0B427003707047DE
S21400E67800900050024B1868C0F30740704700BF70
S21400E6880080E00F0120034B9B680A3303F01F034A
S21400E698984070470080E00F034BD3F82424D3F843
S21400E6A820041040704700BF00C003502DE9F8430F
S21400E6B81E4B0546D3F810334B1E0E2B0E46174638
S21400E6C890F8009044781DD909B34FF00008284602
S21400E6D8D7B12FF0C7FB09EB4903072C4FF00F0102
S21400E6E84FEA031315D8A400114808FA04F2A1400B
S21400E6F8184426F0FAFABEB928468FB1BDE8F843A2
S21400E7082FF0B0BB8846E2E726F0FEFAE3E7884635
S21400E718E1E7083CA400074808FA04F2A140E7E746
S21400E728BDE8F84326F0F0BABDE8F88300C0035009
S21400E73804C003500CC003502DE9F0412B4B17467C
S21400E748D3F810234A1C06460C46407804D1D3F862
S21400E758241426F0E7FA0446002C2FDB072C4FF08B
S21400E768030532782DDC4FEA840805FA08F52946B1
S21400E7781F4802FA08F226F0B8FA294672781D48A9
S21400E78802F0030202FA08F226F0AFFA012317F0A5
S21400E798050F194A18BF194903FA04F30CBFC2F843
S21400E7A81034C1F8103417F0060F18BF134AC2F811
S21400E7B814340123104AA340C2F820342046BDE88A
S21400E7C8F081A4F108084FEA880805FA08F52946F2
S21400E7D80B4802FA08F226F088FA7278294602F000
S21400E7E80302084802FA08F2CEE700BF00C003504A
S21400E7F800C4035008C4035000E0035000D0035080
S21400E80804C403500CC4035070B504462AF0F9FC3F
S21400E818064630B90FCC044D0FC594E8030085E8CA
S21400E8280300304670BD00BFD441002047F6FF7392
S21400E8389A42F0B569D0022969D8364B5B5C012B41
S21400E84865D8354DDE0005EBC30415F83330A178DE
S21400E858012B13D10025E078401AA84202D80844B4
S21400E868C0B2F0BD431B6668A0EB530336F91360CD
S21400E8789642D4BF1D4603F1FF30EEE760680028D5
S21400E888EFD0B0F90040944204DBB0F9024094425D
S21400E898B8BF144683883544FF2B19BFC8232827DA
S21400E8A8B0F90630B0F90870A3EB04030CBF0122D8
S21400E8B8002293FBF7F36E7813441BB29E4201DDE9
S21400E8C8002B01DA731E1BB24FF47A7C00EBC305EB
S21400E8D8EA88AD685F1C14FB02521D4622EAE27203
S21400E8E83BB25C329E42B2FBFCF204DD00EBC3078F
S21400E8F8BF889742EAD200EBC5039888904228BFA3
S21400E9081046884238BF0846AAE7FF20A9E7002035
S21400E918A7E700BFC0850400D44100200229F0B54F
S21400E92855D82C4B585C012851D82B4C04EBC00109
S21400E93814F830004B6801280FD1C8788C789042BC
S21400E94894BFC4EB0001C4EB0201001BCAB28242AA
S21400E958C8BF002233F91200F0BD002B37D08878E4
S21400E968904202D3B3F90200F6E7CC78B3F9000078
S21400E9789442F1D94C789988013CA1F1FF0671427E
S21400E98803F10405E4B2714103F10C07CEB2B442B8
S21400E99816D805EBC1014FF47A756A43B1F90240FF
S21400E9A84968521A04EBD47102EB610292FBF4F246
S21400E9B89042D1DBB3F902009042CDDC10B2CBE72F
S21400E9C837F831C04E1C9445E3D33146DEE703489A
S21400E9D8C2E700BFC0850400D44100200080FFFFC6
S21400E9E808B50448FFF710FFBDE8084001202AF0E4
S21400E9F80EBC00BFC48504007FB51422002101A800
S21400EA0810F01AFB044B01A94FF0FF3002932AF0CE
S21400EA1844FC07B05DF804FB006A18004FF4005287
S21400EA28034B00209A660322C3F86022704700BF93
S21400EA38009000504FF40052034B00209A660322C1
S21400EA48C3F86022704700BF00A000502DE9F04FC1
S21400EA58894691B00DF1300B8246DDE91C641746F5
S21400EA6800211022584698461E9D10F0E5FA1F9B76
S21400EA78B9F1000F04D16FF0860011B0BDE8F08F31
S21400EA88002FF8D00EB9002CF5D11A9A12B91B9A95
S21400EA98002AF0D10DB9002BEDD1209A002AEAD031
S21400EAA8424A904502D0424A90457CD1BAF80020A6
S21400EAB8B2F5105F77D1BAF80220B7EBD20FDAD3E7
S21400EAC822F04001802902D0B2F5807FD3D11CB94C
S21400EAD8209B00201C60D0E7AE421FD23219954218
S21400EAE81CD29C42C7D831462246284610F0F6FA71
S21400EAF82F4B2E46984526D014F00F03BBD1CDE9F0
S21400EB080097CDE90236CDE90443CDE906540893CB
S21400EB18FFF784FF50B16FF09200AEE7244A9045A5
S21400EB280FD09C42E8D96FF08900A6E7684606AA87
S21400EB3803A90EF0A7FD0546FFF77CFF0543C7D0DF
S21400EB48E9E79C42EFD81B9B0D2B94D101238DF847
S21400EB5830301A9B0DF1310203F10C0153F8040B07
S21400EB688B4242F8040BF9D11B781370012310224C
S21400EB788DF83F300023CDE90097CDE90A23CDE98B
S21400EB880236CDE90443CDE90654CDF824B00893FF
S21400EB98FFF744FF0028BED1684609AB06AA03A9BA
S21400EBA80EF098FDC7E76FF0850066E7004440045E
S21400EBB80013C0042DE9F04F91B09046DDE91A45E0
S21400EBC8DDE91C6B1F468946DDF878A021B96FF091
S21400EBD8860011B0BDE8F08F002AF8D00CB9002DD9
S21400EBE8F5D116B9BBF1000FF1D1BAF1000FEED08E
S21400EBF8484B9F4203D0484B9F4240F0878003888B
S21400EC08B3F5105F40F082804388B8EBD30FDED3AD
S21400EC1823F04002802A02D0B3F5807FD7D125B9E9
S21400EC280023CAF800300020D3E7102D05D1394B51
S21400EC389F42F5D1B44202D343E0B4423ED26319B0
S21400EC489E423BD25D45C2D821462A46304610F041
S21400EC5845FA304B34469F4238D00D3D5D4532D894
S21400EC6801238DF8303023460DF1310204F10C01F2
S21400EC7853F8040B8B4242F8040BF9D11B780D3479
S21400EC8813704FF48073ADF83E300CAB1022099326
S21400EC980023CDE90098CDE90A23CDE90345CDE95F
S21400ECA80536CDE907530293FFF7B8FEF0B9684674
S21400ECB809AB06AA03A90EF021FD1FE0164B9F42DA
S21400ECC8CBD05D4502D96FF0890082E715F00F03B7
S21400ECD87FF47DAFCDE90098CDE90234CDE9045341
S21400ECE8CDE906650893FFF799FE10B16FF092001C
S21400ECF86FE7684606AA03A90EF0D8FC0446FFF795
S21400ED0899FE0443F2D1CAF800508CE76FF08500EC
S21400ED185FE700BF004440040013C00410B54FF47A
S21400ED282F720021044610F087F98023C4F88C302F
S21400ED38054B04F19C00C4F88430012384F888301D
S21400ED48BDE8104025F0E1B990ED030010B5D0F805
S21400ED58A0400A468CB926F0E5F9044610B9002406
S21400ED68204610BD2D2896BF064B074953F820109D
S21400ED78064A074826F01CFBF2E7D0F8A41010460F
S21400ED88A047ECE74886040093ED0300A0E80300DC
S21400ED98C3EE0300F8B590F88060044616B1002666
S21400EDA83046F8BD25F0F1FF0028F8D1012384F895
S21400EDB8803094F8883033B1D4F884101F4884F82B
S21400EDC8886026F0F5FA4FF0FF37D4F8B402421CF4
S21400EDD81FD0C4F8B47210F0FF052CD0204625F0DA
S21400EDE8D1FF2946204600F0A7FB0028EDD0204694
S21400EDF825F0D6FF94F888303BB1D4F884100F4835
S21400EE0826F0D6FA002384F88830002384F8803069
S21400EE18C6E726F0B2FA431CDDD1D4F88C30D4F815
S21400EE289420013B9A4204DB054A0649064826F028
S21400EE38BFFA0126E9E70126C7E700BF6500040018
S21400EE48A0E80300A1ED0300C3EE0300F8B50B78B5
S21400EE580446302B0D46164604D14B7803F0DF03E4
S21400EE68582B11D0284F6A1E12F8011F002934D1DA
S21400EE7828460A220FF0D0FF202C03460D4631D133
S21400EE88B1FA81F040091AE04A1C1F4912F8013FFE
S21400EE988BB928460FF0CCFF1C4B02382340032BB7
S21400EEA812D10134A41084420AD1A87837288CBF1E
S21400EEB80020012003E0CB5C13F04400E6D1F8BD47
S21400EEC8CCBF01200020FAE7002CB8BF0334B0EB13
S21400EED8A40FD4BF01200020F1E77B5C13F00400E8
S21400EEE8C2D1ECE726B1084302D0013B61F1000528
S21400EEF80122A240013A1A40002D08BF9A420CBFD0
S21400EF0801200020DBE700BFCDAC04000300008032
S21400EF18F0B5037801467B2B17D10646022400225B
S21400EF280B4F16F8015F7D2D05D10B5D6BB9D243EB
S21400EF3802F0010008E07B5D13F0440002D00132C5
S21400EF480134EEE7202DFBD0F0BD0020FCE700BF23
S21400EF58CDAC040070B506460D460FF069FF0446B2
S21400EF68304626F025FA044EAC4200D370BD304633
S21400EF7826F01EFA0134F7E73DF703002DE9F84FAF
S21400EF88044602215148FFF7E5FF1E212068FFF7D7
S21400EF98E1FF6368586826F00BFA4D4826F008FA31
S21400EFA867683B7BFD2B12D8D7F808804FF0FF36F2
S21400EFB840460FF03DFF0546DFF81091DFF870A1D8
S21400EFC8DFF84CB10C3717F8013BFF2B01D1BDE831
S21400EFD8F88F212B18D8212B36D8DFE803F03772A4
S21400EFE874111B1D1F213535353535353535232527
S21400EFF827292B2D2F3135353535353535353D33E4
S21400F008344C002D2BD12EE0334C344AFE2B08BF4F
S21400F0181446F6E7324CF4E7324CF2E7324CF0E7A7
S21400F028324CEEE7324CECE7324CEAE7324CE8E793
S21400F038324CE6E7324CE4E7324CE2E7324CE0E7A3
S21400F048324CDEE7324CDCE7234CDAE7314CD8E7C3
S21400F05826F0A2F901362AE0002DB4D02E4C202B3B
S21400F06806F10106AFD002214846FFF773FF1E21BE
S21400F0784846FFF76FFF504626F09AF9594620464D
S21400F08810F030FA2549002818BF2146244826F0F3
S21400F0988FF93B78202B02D12B2026F07DF92148CA
S21400F0A826F086F94DB118F806301F2B05D018F84B
S21400F0B806001F2801D0AE42CADB054826F078F9BC
S21400F0C881E7194C9DE7194C9BE700BF513A0400AD
S21400F0D8A0E803004BEE03005DEE0300830A04007D
S21400F0E8A8EE0300AFEE0300A0EE03009CEE0300BC
S21400F0F893EE030089EE03007FEE030094EE030010
S21400F1088AEE030080EE030075EE03006EEE030041
S21400F11865EE03004AEE030050EE03005BEE0300C4
S21400F12865000400D4F10300A7EE0300AEEE03006A
S21400F1386B0B04002DE9F04F9BB005468B46002468
S21400F148009203930FF074FE249F039B04901C60A8
S21400F15828463C600AAA09A926F04CF9064658B97A
S21400F1680A980FF065FE3446B046039B1860D5F83B
S21400F1789C300293029B1BB920461BB0BDE8F08F5B
S21400F188029BD3F80890B9F1000F6CD02E4416F8FD
S21400F198013B202B11D000260C23734309EB030AEE
S21400F1A859F803300193002B58D0099B434555DB8B
S21400F1B89AF808202AB1721C39E03B6801333B6094
S21400F1C8E5E73968D5F894200793039B521A1A6026
S21400F1D81AAB03EB880151F8403C01991846059391
S21400F1E810F040F906900028E5D101980FF020FEAF
S21400F1F8DDE906230146DAF80400D7F800A090F8FF
S21400F2080CC0BCF1FE0F16D103F1FF3EC64512D066
S21400F218D0F80090059801920FF00AFE0AF1010A4C
S21400F228019A50442B5C23B1386008F10108164651
S21400F238B2E70130F6E7D5F894200591A2EB0A026A
S21400F2488A4220DC58460FF0F3FD059901447B29D5
S21400F2580DD958461F4A009924F07EFF2B46049A7B
S21400F2682A4493422CD1029B1B68029382E7DDE96D
S21400F2780012584624F070FF5846174A0099013481
S21400F28824F06AFF97E7BCF1FE0F94D1013B434593
S21400F29891D1D0F800A0DFF840905AF80C2B22B98C
S21400F2A8049B3B60039B1A60D8E75846009924F0F5
S21400F2B853FF4A465846009924F04EFF0134ECE7BF
S21400F2C813F8011B0029CCD14FF0200103F8011CCC
S21400F2D8C7E700BFB5EE03003DF703002DE9F0478A
S21400F2E8002486B01C60DDE90EA8064689468AF822
S21400F2F800401168154888F8004017461D468DF8E6
S21400F3081740FCF767F818B901242B6801332B60FF
S21400F3180020D6F89C6036B914B1012388F800306E
S21400F32806B0BDE8F087B06868B14B460021CDE965
S21400F33802A8CDE900750DF1170225F092FE9DF89A
S21400F3481730002BE8D13668E5E700BFBAEE0300B1
S21400F3582DE9F0470446ADF5447D8022002104A837
S21400F36802AF0FF069FE80222046009703AB04A97F
S21400F378FFF7E0FE01283DD104A80FF059FD0399D8
S21400F3883B68461A0B4426EAE6762344054604A854
S21400F3983246014418460FF0DFFF00228255D4F8A3
S21400F3A89060039B3968D4F890201944B14212DC67
S21400F3B8D4F89410E81A0244C4F89020014404AA29
S21400F3C8C4F89410D41825182B1B002B0DDC0DF54B
S21400F3D8447DBDE8F087A05C25F0DEFFD4F89030C9
S21400F3E801360133C4F89030DBE714F8010B25F03A
S21400F3F8D3FFE9E7EBDD24AD8022002128460DF592
S21400F408887A0FF019FE0DF110094FF400720021EA
S21400F41850460FF011FE4FF001084A46002312F836
S21400F428016BA6B904A84AF828300FF001FD294652
S21400F438334698451CDB19F8016B0DF5887C5CF89B
S21400F448042B82420CD101F8016B0133F1E7202E20
S21400F45803F1010304BF4AF8283008F10108DEE783
S21400F4680DF1100E7244D25CB242E8D00022EA5483
S21400F478D4F89060039BB3422FDC23462C4A04A999
S21400F4882C4825F095FF28460FF0D2FC0646039B2D
S21400F4983F68F61A1F4426EAE672E01917441D4428
S21400F4A8E11904F1900399423CD904F19803984273
S21400F4B838D26A1E81190B1A002B27DD12F8013F75
S21400F4C800F8013BD4F890300133C4F89030D4F8F3
S21400F4D894300133C4F89430EDE7D4F89030013610
S21400F4E8E05C25F059FFD4F890300133C4F890302A
S21400F4F8C0E7D4F89020013B0132C4F89020D4F835
S21400F50894200132C4F89420002BF2DC00232E4409
S21400F518E355731B002B7FF75AAF15F8010B25F040
S21400F5283BFFF6E729460FF017FF3346ECE700BF28
S21400F53890ED0300BFEE03002DE9F843D0E924560A
S21400F54804460F46002294F89830012B07D10A2F5C
S21400F55807D1002384F898300020BDE8F88300F22D
S21400F5689F801B2F01D10223F4E70D2F0DD1012315
S21400F57884F898300D2025F00FFF0A2025F00CFFA0
S21400F58800230120C4E92433E7E74FF00008082FDA
S21400F59884F8988034D1454530DDB5420FD13846D9
S21400F5A825F0FAFE202025F0F7FE013D384625F026
S21400F5B8F3FE013E04F80580C4E92456CCE7FBDADE
S21400F5C805F1FF39384625F0E7FE04EB0903A6EBFC
S21400F5D80902611918460FF081FD04F806800146F5
S21400F5E8013E484825F0E4FE35464D4501DC4D46CB
S21400F5F8E2E7082025F0D0FE013DF6E7ACD0DBE7D1
S21400F6087F2F1CD1002EA7DDB542A5DA6319691C29
S21400F61821441846721B0FF061FD04F80680014667
S21400F628394825F0C5FE0820013E25F0B5FEB5424E
S21400F638F9D1D4F89430013BC4F894308CE70A2FFB
S21400F64898D0092F03D12046FFF782FE84E7D4F826
S21400F6588C30013BB3427FF77FAFB54204EB050819
S21400F66805F101090CDB384688F80070D4F89430A8
S21400F678C4F890900133C4F8943025F08DFE6BE7FB
S21400F6884146721B04EB09000FF028FD404625F0A2
S21400F6988FFE0820013E25F07FFEB542F9DDE2E741
S21400F6A8022B06D15B2F01D1032353E784F8982059
S21400F6B849E7032B7FF450AF413F84F89820032F87
S21400F6C83FF64AAFDFE807F002070A160121204690
S21400F6D825F013FE40E74FF0FF31F8E7B542BFF6D6
S21400F6E83BAF605D25F058FED4F890300133C4F87F
S21400F6F8903031E7002D7FF72FAF013D0820C4F882
S21400F7089050BAE7C8EE0300C2F2030007B56B468E
S21400F718054A1068516803C36846FEF747FC002090
S21400F72803B05DF804FB00BF0087040030B58BB05B
S21400F7386C46174D0FCD0FC40FCD0FC495E80300C8
S21400F74884E80300134BD3F84C2112031CD5A3F509
S21400F758FE431C884FF6FF739C4208BF8C248DF826
S21400F7681940FEF71DFA204480F308008DF81800AB
S21400F7780948FBF7C7FE6846FEF772F93220FEF71F
S21400F78815FA00200BB030BDD3F85041E4B2E6E7D6
S21400F798088704000080E00F00F049020028ACBF8C
S21400F7A800F16040064B4FEA0111C9B2ABBF00F545
S21400F7B8614000F00F0080F800131954704700BF2E
S21400F7C814ED00E008B52EF03FFB0B4B1A7872B923
S21400F7D801221A702EF033FB6FF004021046013235
S21400F7E8052152B2FFF7DAFF402AF7D108BDBDE877
S21400F7F808402EF024BB00BF3E620020002807DB2E
S21400F80801234109034A00F01F00834042F82130D3
S21400F818704700BF00E100E0054B421153F8223064
S21400F82800F01F0023FA00F0C04300F00100704704
S21400F83800E100E0002808DB01224309034900F044
S21400F8481F008240603341F82320704700E100E043
S21400F85810B504462EF0EBFA024B1C602EF0E2FAC6
S21400F868002010BDF441002010B52EF0E0FA034B3E
S21400F8781C682EF0D7FA204610BD00BFF4410020C1
S21400F88838B50C461546014610B9FFF7EDFF014698
S21400F8982B46224603480EF0D3FA0028D4BF37205A
S21400F8A8002038BD5355030008B500F017FC18B102
S21400F8B86A2102482EF04FFB002008BDCDEE03005B
S21400F8C808B500F049F80C4A536A43F470235362AB
S21400F8D8EFF308834FF0CD31084A043B934208D231
S21400F8E800F070FAFFF7E0FFBDE808400448FEF7AE
S21400F8F88BBF43F80419F1E700ED00E0080000208C
S21400F908C485040007B5042200200DEB020129F087
S21400F9183CFC042803D0D72104482EF01CFB019891
S21400F92800F0DCF903B05DF804FB00BFCDEE030081
S21400F938082310B50C0A41400648C9B241F3000234
S21400F948013B024013F0FF0382EA5101F6D184EA34
S21400F958010010BD2083B8ED38B5FEF70BFE04464F
S21400F96825F0B5F9E3072AD401221046114600FA15
S21400F97801F3234002F1010223D01D4B33F8113066
S21400F9881C48062B028844881B4920D14FF20F03D7
S21400F9989C4219D1B2F5406F28BF4FF4C0624CF2B2
S21400F9A83C330A80438040F201730A889A4201BFBA
S21400F9B8124B134AD2E90001C3E9000115E0002101
S21400F9C8DBE7102AD2D1DBE74FF4C062E7E740F264
S21400F9D80725AB420AD14FF20F05AC4206D19A4230
S21400F9E804D14CF23C320B80428038BD0B80DAE7FB
S21400F9F8CC88040054690020865C0020F84100206A
S21400FA084C690020014B1888704700BF865C0020B0
S21400FA18014B1888000A7047865C0020044B05488E
S21400FA281B881A0AB3F5406F38BF00EB8200704790
S21400FA38865C00209C880400044B1888044B020A45
S21400FA4853F82230C0B203EB80007047865C002073
S21400FA586C88040010B504462EF0EDF94FF20F023C
S21400FA68044B1C805A80BFF35F8FBDE8104025F01A
S21400FA7836BD00BF546900206D4A2DE9F0416D4B34
S21400FA8855686D4C5D65516A99656C49D1F80002F8
S21400FA98D865D1F80412586B1966916A10F0040FED
S21400FAA85966D16A4FF000009966116BD966516B9A
S21400FAB81967D26BD8645A67D3E90E1218BF114675
S21400FAC85F4A91421A655DD301F12000A04259D8D9
S21400FAD88869C5F308051864CE69062D5E6455D195
S21400FAE8584DA84252D3584DA8424FD205884DF6D5
S21400FAF8426085424AD11868C3F890005868C3F82F
S21400FB08940040F20170A242154604D22E680432D0
S21400FB18B6F1CD3FF7D00022C3E91E22C3E9202262
S21400FB28C3E92222641BDFF81CC1434DDFF818E145
S21400FB389C648D422DD8D3E91EC7D3E92065D3E946
S21400FB4822414FF0000E013AD2B2FF2A3CD1BEF154
S21400FB58000F05D0C3E91EC7C3E92065C3E92241E3
S21400FB68B3F85430C3F308030C2B3BD8022B54D9F4
S21400FB78DA1E092A51D8DFE802F0315740435050C0
S21400FB885050504D0021C3E910112D494FF4206004
S21400FB98B9E755F8044D6445CBD37445C9D2E60792
S21400FBA8C7D50026294F57F8048FA045C1D001367F
S21400FBB8062EF8D132B1013AD2B202F11E0643F847
S21400FBC82640B6E70522F8E7E0464FF0010EBC46A9
S21400FBD837462E4625460C464146B4E740F60120F1
S21400FBE8BDE8F0813B2B18D1194B9B6913F0020F27
S21400FBF840F2025318BF1846F2E740F60320EFE734
S21400FC0840F6042240F20173B0F5206F0CBF104690
S21400FC181846E5E740F60520E2E740F60722013BEE
S21400FC284E2B98BF1046DBE740F60220D8E700BF09
S21400FC3800ED00E0BC6800200810002000E100E0AD
S21400FC48080000201863000060E303003069002005
S21400FC580080015A00F00CB800F00AB800F008B8A6
S21400FC6800F006B800F004B800F002B800F000B8DB
S21400FC7872B61EF0080F09D01EF0040F0DD0DFF87C
S21400FC8850E0AEE8FF1F6FF002000CE0DFF840E03F
S21400FC98AEE8FF1F6FF00E0005E0DFF834E0AEE8D0
S21400FCA8FF1F6FF006006946EFF309828EE807002B
S21400FCB886460848084C854501D3A54501D384F3F4
S21400FCC80888FFF7D9FE84F30888FFF7C3FE00000C
S21400FCD8BC68002048000020081000204BF6EF62A1
S21400FCE883B2002B08BF1346044A000C13804FF655
S21400FCF8CE2308BF1846024B188070477272002041
S21400FD08707200200B4BB3F900201888002AB8BF81
S21400FD1880F0620042001A80074AB2F90010138881
S21400FD280029BCBF83F4805383F00B03590011806D
S21400FD3858407047727200207072002007B56846F7
S21400FD4800F01AF8DDE900010022034B03B05DF865
S21400FD5804EB25F0C0BE00BF0042002007B50093A4
S21400FD6813460A460146034825F069FC03B05DF8C9
S21400FD7804FB00BF004200200249034A0160521AF1
S21400FD8842607047387300200080002000487047A3
S21400FD980042002038B5416004462EF048F8054673
S21400FDA82146044824F0B4F92846BDE838402EF029
S21400FDB839B800BF28420020014824F0A6B900BF81
S21400FDC8284200200222014B1A6770470040005064
S21400FDD870B52EF02CF8174E054617482EF055F835
S21400FDE83378CBB900F07AF9044620B128462EF0CD
S21400FDF819F8204670BDFFF7DFFF2EF01FF90F4BEE
S21400FE081C602CF065FE0E4B0E4A1860536F43F0CC
S21400FE180103536725F07BFE00F074F825F08EFE8C
S21400FE28094B002418600123284633702DF0FAFF8A
S21400FE38DFE700BF4B620020388704002C42002012
S21400FE4854420020004000503042002038B5044696
S21400FE582DF0EDFF0F4D02462B78FF2B04D1B4B1E1
S21400FE68BDE838402DF0DEBF1BB9002CF8D00121C4
S21400FE7803E0002C14BF0121FF210B44DBB22B70DA
S21400FE88B3FA83F304495B0910460B70E8E7194692
S21400FE98F3E700BF4862002047620020054B1B6856
S21400FEA85843054B00F5742000F23F20B0FBF3F0F2
S21400FEB8704700BF5442002040420F0073B50F4EF3
S21400FEC804463378834211D000238DF8043043006B
S21400FED801A88DF805300A4DFDF760FF40203CB1BB
S21400FEE8FFF7DCFF2B68181A2860347002B070BD64
S21400FEF8FFF7D4FF2B681844F6E700BFB37200205C
S21400FF088C42002073B5002401A88DF80440FDF744
S21400FF18E7FF2046FFF7D2FF2C4B2D4AD3F80031D7
S21400FF2803F0030313604FF400222A4B5A664FF47B
S21400FF3800325A662CF046FB4FF4C870FFF7AEFF47
S21400FF48254B264A1860264913680134E4B20A2C61
S21400FF5841F8040BF9D1034400EBC00003441360D6
S21400FF68204B214D1B7813B3184BD3F8003103F000
S21400FF780303022B23D0032B24D0012B17D12CF0FC
S21400FF88C9F8024698B1194B194EDC680023194681
S21400FF98C4F30B04013404EB84040138E4FB0601C3
S21400FFA80EF0DEFCFFF77AFF2B6803442B601F2059
S21400FFB8FFF774FF2B6803442B6002B070BD2CF06B
S21400FFC8AFF8DEE72DF046FFDBE700BF0080005005
S21400FFD89442002000900050584200205C420020C6
S21400FFE8604200204F6200208C42002000C0015072
S21400FFF840420F000122154B10B55A67144B154C9A
S2140100081B7813B302202EF00AF8F0B12CF0E6FDA7
S214010018D8B1A36DD90302D5E36D9A0715D40D4B54
S2140100289B6DDB0711D401220B4B1A702DF0EBFFE9
S214010038BDE81040094B0A4A1860136F23F00703FE
S21401004843F0030313672CF04BB810BD00D00050E3
S2140100585062002000C000504D62002088420020F7
S214010068008000500122014B1A7070475062002030
S21401007808B5FFF763FEFEF7FDFA01280ED1144B0B
S21401008804205A6E4FF480231249520358BF124A6D
S2140100984B6601F51041086258BF536625F056FDB8
S2140100A8FFF790FBFFF732FBFFF740FB0DF012FF5F
S2140100B8FFF78EFE00F012F825F049FDFFF700FC69
S2140100C825F054FD28F065FFBDE8084025F040BD41
S2140100D8008000500090005000A0005070B52DF030
S2140100E8B3FE144E05463478FCB9134B1C60134B0B
S2140100F81C60134B1C6000F031F801202CF05CFEEC
S2140101082CF04EFE0F4B0246186020B928462DF0FB
S21401011896FE232070BD234640F2E7310A480EF0CA
S2140101281FFC0A4B18600123337028462DF087FE02
S2140101380020EFE753620020A8420020A4420020D6
S214010148B0420020AC42002018FCFFFFA04200206D
S214010158014B1868704700BFA04200201FB5002455
S214010168194B18689A880290D3F806009B7A009073
S2140101781648ADF80C208DF804302DF086FE02A83E
S2140101888DF808408DF80C40FEF73EFA69460120C6
S2140101988DF80040FEF7FCF940F2FF320C4B9A61ED
S2140101A85A614FF0B042936A13F00803FBD1136209
S2140101B80120FEF707FA0C20FFF73CFB0C20FFF79F
S2140101C81DFB04B010BD00BFF5880400308704008D
S2140101D80020005810B52DF037FE4FF0B043044606
S2140101E85B695A06074A03F0010003F0510348BF4A
S2140101F840F0020053612CF007FD2046BDE8104090
S2140102082DF01DBE0020005821282DE9F341054692
S21401021804D82C46204602B0BDE8F08100240B4ED7
S2140102280B4FDFF830800023CDF800801A461946B8
S214010238386824F0B6FA8442EBD2222CE9D056F874
S214010248043BAB42E6D00134EDE700BF148C040052
S2140102586C6D0020FFFF0F002DE9F04F644E654DD1
S21401026889B025F0CFFC31682868FCF7D5FA044632
S214010278002827D033680024D3E900019A69126858
S2140102889047336804A89B699B689847336802209F
S2140102989B69DB689847326805985368E7B2B3FBF1
S2140102A8F0F3BB42916904F101044ED8CB680020F3
S2140102B8984733689B695B68984731682868FCF7F4
S2140102C8ABFA04460027DFF844A1DFF84481DFF8DB
S2140102D84491F4B9484B2868DB5D002B00F0838015
S2140102E8D8F8006002AB314603AAFCF717FC2D28A4
S2140102F807D070B9039B012B0BD031462868FCF751
S21401030861FEDAF8003031461A682868FCF7DAFD2B
S21401031804460137222F0AF1040A08F1040809F1F4
S2140103280109D6D1B4FA84F3344A5B0913702B68F1
S2140103381B7C33B125F032FC18B1DB2130482DF097
S2140103480AFE204609B0BDE8F08F12680B6907FB64
S214010358002098479FE7D8F8003003AA194402AB53
S2140103680191FCF7DBFB2D28034601992BD0286861
S21401037813B30BF1010B5FFA8BF18E422868EAD8AA
S214010388204BDB5D002BC4D0F3B27E2B2868C0D887
S214010398D8F8003003AA06EB030B594602ABFCF764
S2140103A8BDFB2D28B5D059462868FCF70BFE01364B
S2140103B804460028E8D0ACE7039B7BB999F80020EF
S2140103C8029B9A42D5D099F80030DAF800202868BE
S2140103D8FCF772FC0028CCD00446D1E70191FCF763
S2140103E8F1FD0199EFE7084BA346DE5DC3E700BFC1
S2140103F84C6D00206C6D0020F08B040055620020C7
S21401040854EF0300CE8B04008A8B04000089040095
S214010418148C0400AC8B0400F8B51F46214B044627
S2140104281B780D46164623B100F47E23B3F50E2F2E
S2140104382BD02046FFF7E8FE2128044614D81A4B8D
S21401044853F82010194B1B78ABB1194B212C18689F
S2140104581DD8184B1B5DD3B13268FCF733FD044633
S21401046850B125F09AFB07E0FF2807D93A463146EE
S21401047880B225F0A6F800242046F8BD4FF4A971ED
S2140104880D482DF068FD0021DCE70146DAE77F2DEF
S21401049808BF00253B46324651FA85F1FCF70CFCAD
S2140104A8DDE700BF54620020148C0400556200206A
S2140104B86C6D0020F08B040054EF030008B5520859
S2140104C825F06EFB30B1BDE808404FF49C71024838
S2140104D82DF041BD08BD00BFE5EF03002DE9F74348
S2140104E8C70705460E46144604D540F2E3114948A7
S2140104F82DF031FDE10704D54FF4F27145482DF092
S2140105082AFD454B93F80080B8F1000F20D043F23E
S21401051860239D4208D12246314640480EF01CFF12
S214010528002003B0BDE8F083C5F30B0705F440557A
S214010538B5F5805F14BF4FF40F204FF40E20234605
S21401054832467F21384303B0BDE8F043FFF764BF66
S21401055805F47043B3F5805F3FD1C5F30B05304A08
S21401056805F17E65631E2B44934230D82F46DFF88B
S214010578A49007EB0408474542D1AA070ED04FF6C8
S214010588FF7336F8022BA81E43EA024304220DEB3A
S21401059802010193FFF792FF0235023CA3070ED032
S2140105A8023C24F00103F35A04226FEA03436FEA7C
S2140105B813430DEB020128190193FFF77FFF002C67
S2140105C8AED0224631462846FFF778FFA8E740F224
S2140105D8FD1110482DF0BFFCC8E705F46043B3F5DC
S2140105E8005F04D1C5F30B0505F5FC25BEE740F20F
S2140105F8052108482DF0AFFC6FF00F074546B6E712
S21401060817F8013BFF2BB6D04FF4047148462DF07E
S214010618A2FCB0E7E5EF03005462002074720020E4
S214010628FF03E00F10B500F077F825F005FB044648
S21401063818B100F079F8204610BD00F07BF80446A2
S2140106480028F6D10122014B1A70F2E75662002003
S214010658054B1B7833B1054BC0F31301002218680C
S214010668FCF774BC11207047566200206C6D0020A0
S214010678144B2DE9F0411B7805460E461746FBB18B
S21401068825F0C1FA012805D9841EE4B2012C09D93E
S214010698212412E03B4631462846BDE8F0410022B7
S2140106A800F052B800F038F83B460022314628469A
S2140106B800F076F8044600F037F82046BDE8F081E9
S2140106C81124FAE756620020124B70B51B780446CF
S2140106D80D461646E3B125F096FA012805D9831E7C
S2140106E8DBB2012B08D9212410E0324629462046E0
S2140106F8BDE8704000F040B800F00EF820463246DB
S214010708294625F09BFA044600F00EF8204670BDEF
S2140107181124FBE75662002008B52DF088FB014B33
S214010728186008BDB4420020014B18682DF07ABB4A
S214010738B4420020024B1968024B1868FCF76CB8E3
S2140107484C6D00206C6D002037B505460C46C0F38D
S21401075813010848ED02006805D5224603B0BDE836
S2140107683040FCF7A7B9009313462246FCF75CF91C
S21401077803B030BD6C6D002030B405461346074AF9
S2140107880C46C0F313011068EA0203D5226830BC90
S214010798FCF798BB224630BCFCF78EBA6C6D00207D
S2140107A8F7B505460F4614461E461BB921252846A9
S2140107B803B0F0BD0029F9D025F025FA4BF23462D2
S2140107C8ABB2934220D14FF0FF3322466946CDE9BA
S2140107D8003325483346FFF7E3FF08220546234939
S2140107E868460EF075FF38B933462246694641F227
S2140107F8F010FFF7D5FF0546002DD8D132466946D9
S21401080838460EF0A9FDD2E741F2F01293420FD115
S214010818174B311908299A6CDB6CC7D8CDE9002328
S21401082832460DEB040138460EF096FD0025BEE76C
S21401083802280BD1C5F30C4332199342B6D3C5F33C
S2140108480B0104F17E6432462144ECE7032809D102
S214010858C5F30C4332199342A8D3C5F30B0104F52B
S214010868FC24F0E70125A2E7021008C0A08C0400CA
S2140108780080E00F10B527F041FC28F018FDBDE810
S2140108881040034601210220014A02F00BBC00BFBA
S2140108987CF0030013B5D0E9023253F822301C78F5
S2140108A8204627F03DFC2346009001210220024AFB
S2140108B802F0F8FB02B010BD90F00300014B187867
S2140108C827F016B857620020FF232DE9F04F8FB0A6
S2140108D81122002108A88DF813300EF0ADFB08A8E8
S2140108E826F0C6F901210220B04A08AB02F0DAFB6D
S2140108F841F24903AE4A0121022002F0D3FB06A8C1
S21401090826F0E5FA08A90DF1130026F0EBFA022005
S2140109180021A84A02F0C6FB002027F01AF810B1F9
S21401092806A809F047FE9DF92A3001210220A24AAD
S21401093800939DF82B3002F0B5FB27F0DBFB831EF6
S214010948DBB2FC2B054631D8012102209B4A02F076
S214010958A9FB01249A4E9B4FDFF8D08223463246E4
S2140109680021022002F09EFB05A9E0B227F0C4FB95
S214010978034650B1A0F11602012A40F2AA80424667
S2140109880121022002F08EFB0CE09DF914303A4654
S21401099801939DF816300121009302209DF8153029
S2140109A802F080FB0134E3B29D42D7D8BDF8284057
S2140109B808F0ECF923460021834A0090022002F051
S2140109C871FB02200021814A02F06CFB002026F010
S2140109D8C0FF10B108A809F0EDFD01217C4A0220EC
S2140109E802F060FB27F0E2FA044627F0DDFA234618
S2140109F80121784A0090022002F054FB08F09EFE7E
S214010A0800210220744A02F04DFB9DF81330FF2B9B
S214010A1865D000210220714A02F044FB01216C4A8C
S214010A28022002F03FFB26F062FA012103466C4AD7
S214010A38022002F037FB08F081F900210346694AD3
S214010A48022002F02FFB26F058FA044626F057FA41
S214010A5823460121644A0090022002F023FB2DF070
S214010A6887FA08F013FF01210346604A022002F0C4
S214010A7819FB0025DFF8B88108F008FFECB2A042A0
S214010A8833D82DF075FA0123594A1946022002F087
S214010A9809FB002026F02CFF564B574C00930121EA
S214010AA800230220554A02F0FDFA236863B10121AA
S214010AB802201B78524A02F0F5FA23680121022027
S214010AC85B78504A02F0EEFA26F017FF0FB0BDE841
S214010AD8F08F012102204C4A02F0E4FA62E7002175
S214010AE802204A4A02F0DEFA98E7494B204603EB11
S214010AF80416D6F8089008F083FF8246204608F0C8
S214010B08CBFE444F00280CBFC346BB46204608F020
S214010B1877FF0AF031FD002808BF474653460021F3
S214010B280220CDE900B73C4A02F0BCFAB3790121AC
S214010B380293B388022001937388384A0093337B63
S214010B4802F0B0FA0026DFF8ECB099F80430F4B2F7
S214010B58A34203D82DF00CFA01358DE714235C4324
S214010B68D9F8007002203A5B07EB040A9AF90C30B0
S214010B7800922B4A002132EA230228BF5A4613461E
S214010B88284A02F08FFA002026F0E3FE38B15046D4
S214010B983C5B26F01BFA014620460AF03BFD012184
S214010BA80220214A02F07EFA0136CEE7D1F0030090
S214010BB8E0F00300FCF0030028F1030003F1030052
S214010BC819F1030020F1030055F1030075F1030044
S214010BD8BFF103007EF10300A0F103000212040036
S214010BE8ABF10300C1F10300D7F10300EDF10300F7
S214010BF866F203007EF20300B047002072F203009B
S214010C088CF20300A0F203003DF103005DEE030041
S214010C18E4460020A8F00300F8F1030018F20300E8
S214010C28C5F003004EF20300513A040048F10300F0
S214010C38B0F00300B9F003002DE9F7430025134E81
S214010C48DFF8588008F022FEECB2A04202D803B0C2
S214010C58BDE8F0832701204616F8079008F01CFE29
S214010C680B4A4B46002808BF424600210220009244
S214010C78084A02F017FAF05D26F045F9012102202C
S214010C88054A02F00FFA0135DCE700BFE44600200A
S214010C98EA400400BBF20300513A0400F4400400A1
S214010CA808B583685A681178C26853F82230A1F1EA
S214010CB8650251425141187808F0A4FF30B9BDE8E1
S214010CC8084001210220024A02F0ECB908BD00BF23
S214010CD8C6F2030000210220014A02F0E3B900BF70
S214010CE8E0F2030000210220014A02F0DBB900BF4E
S214010CF80EF3030010B5044686B018220021684694
S214010D080EF09AF9684626F073FDD4E9022052F8E7
S214010D18203002EB80021B788DF80B30516891F970
S214010D2800108DF80A1091680988ADF808106168F6
S214010D38091A032907DDD26803F01F03127843EA6C
S214010D4842138DF80B30684608F0CEF800210346AA
S214010D58024A022002F0A6F906B010BD2AF30300E3
S214010D6807B5002027F08AF900210090034B0220DE
S214010D78034A02F097F903B05DF804FB37F3030062
S214010D883DF3030013B5D0E9023253F8221003EB02
S214010D9882035B68087819680023094CA2229942E5
S214010DA808BF2146C01A18BF012027F05BF90121A8
S214010DB80090044B0420044A02F074F902B010BDF6
S214010DC800F8FF0748F3030056F4030013B5D0E90B
S214010DD8023203EB820153F82230D1E90114187864
S214010DE8FF22003818BF01202378096827F03AF94E
S214010DF801210090034B0420034A02F053F902B084
S214010E0810BD00BF4FF3030056F4030008B50021D8
S214010E1801230C4A26F0ABFF0A4826F00BFD0020FA
S214010E28094909F05FFC002026F093FD10B105483A
S214010E3809F0C0FBBDE8084001210420034A02F07E
S214010E4831B900BF8967002064F30300513A0400F2
S214010E5810B526F056F8034630B1BDE8104001211A
S214010E680420054A02F01EB90121BDE810400420FD
S214010E78024A02F017B900BF72F3030083F30300B6
S214010E8810B526F0D9FCBDE8104003460121022022
S214010E98014A02F007B900BF8EF3030010B526F029
S214010EA89DFCBDE81040034601210220014A02F0DC
S214010EB8F9B800BFA4F3030037B5D0E9023201241C
S214010EC853F822304FF6FF701D78FE2204FA05F11A
S214010ED8002327F033F92B46009021460420024AC6
S214010EE802F0E0F803B030BDB8F30300D0E90232EF
S214010EF853F822301B7823B101210220024A02F05E
S214010F08D1B8024A13707047D7F30300576200201E
S214010F1807B5684625F0DBFF07F038FF01210346D1
S214010F28084A022002F0BEF8684609F043FB08F0BA
S214010F38A1F901210346044A022002F0B3F803B0DE
S214010F485DF804FBEDF3030007F4030037B5D0E9B9
S214010F580245406854F82530401B0328D8BF0020B6
S214010F6804EB8504C8BFE06819786368C8BF0078D1
S214010F781A78A36893F900300090012027F062F8E8
S214010F8838B901210220084A03B0BDE8304002F012
S214010F9889B8064B0190009301210220044B054AAB
S214010FA802F080F803B030BD18F4030020F4030003
S214010FB8F422040034F4030007B5012027F04AF8A8
S214010FC848B9009001210220084B094A02F06AF844
S214010FD803B05DF804FB054B019000930121022044
S214010FE8044B054A02F05EF8F2E700BF20F403005E
S214010FF84BF40300D94E040034F4030008B5D0E9D5
S214011008023253F82230187826F0D6FF30B9044A4F
S2140110180121BDE80840042002F044B8014AF7E778
S21401102860F403007CF4030008B5D0E9023253F8F3
S2140110382230188826F0BEFF30B9044A0121BDE8DF
S2140110480840042002F02EB8014AF7E79BF4030093
S214011058CBF4030073B50378044613F0050F0ED0DE
S2140110684588062D17D1836801215B68174A1B78C6
S2140110780193838804200093154B02F013F8237814
S214011088012B20D001210420114B124A02B0BDE8E1
S214011098704002F007B835B98388012104200E4A4A
S2140110A802F000F8EBE7012DE9D186680B4900202C
S2140110B809F018FB304609F07DFA29460420084A4B
S2140110C801F0F0FFDBE702B070BD00BF01F50300D9
S2140110D8F8F4030053F503001EF503003BF503007F
S2140110E8513A04002DE9F04F00268FB0364D09AC71
S2140110F80FCD0FC42B6801210220344A236001F06A
S214011108D1FF3446DFF8DC9025F0F5FEF5B2A842AB
S2140111180BD825F0F0FE23460090012102202C4A28
S21401112801F0C0FF0FB0BDE8F08F284605A926F0EC
S2140111382DFF0346002841D19DF81430032B39D9D9
S21401114804238DF814302B4600210220214A01F091
S214011158A9FF9DF814300EAA02EB830300214A4624
S21401116853F8143C022001F09DFF28469DF821A063
S2140111789DF815B09DF81870BDF8168026F008FF82
S2140111885346CDE9028000210220CDE900B7124A74
S21401119801F088FF01340020E4B226F0DAFB18B12A
S2140111A80DF1190009F006FA002102200B4A01F098
S2140111B879FF01E0002BC6D10136A5E70021022000
S2140111C8074A01F06FFFF7E7A88C040065F50300EE
S2140111D8DEF503001BF1030092F50300A0E8030007
S2140111E8B9F5030065000400C3688268013BDBB2F9
S2140111F852F8233002201B78652B14BF00220121E8
S214011208044B1BBF01211A70034A044A08BF197010
S21401121801F048BFDC720020F5F5030003F6030071
S214011228D0E9023253F822301A88014B1A807047E7
S2140112387672002007B5D0E9023103EB810253F834
S214011248213052681988054B054812880093008892
S214011258012309F0A3FE03B05DF804FB5D1001004D
S21401126876720020C3688268013BDBB252F82330ED
S2140112785B78A3F1660253425341014A13707047E3
S214011288DF72002030B5D0E9023253F8223089B037
S2140112981D78012302AA1946044626F068FD012393
S2140112A80093102302210DEB0302204626F040FD91
S2140112B8284604AA02A926F05BFF0446002026F069
S2140112C848FB18B12146044807F0F0FD0020034901
S2140112D809F0EEF909B030BD12F60300513A0400E0
S2140112E8002330B58FB00221009309AA12230546C0
S2140112F826F01EFD05AA014609A807F0B5FB044617
S21401130898B1232805D1134A0121042001F0CAFE09
S21401131809E0212801D1104AF6E7034601210420F5
S2140113280E4A01F0BFFE0FB030BD0123284619460C
S21401133803AA26F01CFD05A903A826F01BFF0546EF
S214011348204626F006FB18B12946054807F0AEFDEB
S214011358044AD9E71FF6030042F603007DF60300A8
S2140113689EF60300513A0400F0B5D0E9023253F86C
S214011378221003EB82039B6805461F7887B0384620
S2140113880E7826F0C6FA044608BBD5E902210123E1
S2140113988DF80830194452F8210002EB81020088C2
S2140113A88DF809709268ADF80A00127804218DF854
S2140113B80C2028460DF10D0226F0D9FC304602A96C
S2140113C88DF8154026F0E6FD044626F096FA3346D3
S2140113D801210420024A009401F064FE07B0F0BD22
S2140113E8B3F603002DE9F04101218EB00220274A09
S2140113F801F058FE002005AB01AA09A926F0B2FEA5
S21401140800250446224E234FDFF898801CB1284653
S2140114180EB0BDE8F08102202B463246214601F087
S21401142841FE204626F095FA10B10AA809F0C2F83E
S2140114383A46002102209DF8303001F033FE42463C
S21401144800210220079B01F02DFE00210220BDF895
S2140114582030114A01F026FEBDF8143000210F4A4B
S214011468022001F01FFE013501A826F06DFAEDB243
S214011478012102200A4A01F015FE284605AB01AAF9
S21401148809A926F06FFE0446C0E700BFE5F603008B
S2140114982BF7030033F703002112040048F7030073
S2140114A8513A04003FF703002DE9F047064698B085
S2140114B8C0B925F01EFD074600250EA826F05CFEDD
S2140114C801210220384A01F0EDFD2C46DFF8E080C4
S2140114D8DFF8E090DFF8E0A0BC4205D3284618B054
S2140114E8BDE8F0870127E7E713A826F045FE002E9A
S2140114F84CD0022306A913A88DF84C30FE2426F0FA
S2140115082DFE00283FD102A913A826F02DFE9DF82E
S214011518593043F001038DF85930002E3DD123464A
S21401152831460220214A01F0BDFD9DF859300AA92D
S21401153843F0010313A88DF8593026F015FE002054
S21401154826F007FA10B114A809F034F80C9B4246A5
S2140115580021022001F0A6FDBDF82820002112F482
S214011568007F0CBF4C23412312F0100F0CBF6E22D4
S2140115787922022000924A4601F094FD06A826F038
S214011588E3F90135EDB20134E4B2A5E720460AAB2A
S21401159806AA13A926F0E4FDB3E752460021022065
S2140115A801F080FDC1E700BF52F703002BF70300E7
S2140115B83FF703008EF7030087F7030030B50124D1
S2140115C899B00EA826F0D8FD13A88DF8384026F055
S2140115D871FDC0B9BDF84C1011EA040513D12146B6
S2140115E80220444A01F05EFD29460220424A01F0E3
S2140115F859FD214602203F4A01F054FD21460220AA
S2140116083C4A01F04FFD06A90EA826F0A7FD20B119
S2140116181022FF2106A80DF00FFD04A826F0A6FD4E
S214011628059B01210220354A0093354B01F03AFD0E
S2140116389DF8123001210220324A0093304B01F006
S21401164831FD00212E4B304A022001F02BFD06A861
S21401165826F07AF913A826F08FFD02230AA913A803
S2140116688DF84C3026F080FD00283FD10B9B009367
S21401167801210220254B264A01F014FD0121234BA6
S214011688244A022001F00EFD0120FFF70DFF01217B
S2140116981E4B214A022001F005FD0020FFF704FF3A
S2140116A8044625F026FC23460090012102201B4A09
S2140116B801F0F8FC01211A4B174A022001F0F2FC4E
S2140116C8FFF790FE1749022803461748174A28BF0E
S2140116D80A46084928BF01460092CDE90131022091
S2140116E80121134A01F0DEFC19B030BD4FF0FF337B
S2140116F8BDE700BF513A0400A1F70300DFF7030076
S214011708D7F70300EFF703007E210400AB2F040090
S21401171802F8030012F8030019F8030022F8030080
S21401172836F803009DF70300E81604003A1704008C
S21401173844F8030010B5D0E9023253F822301C7879
S214011748201E18BF012026F0A1FC054A054B0020E3
S214011758002C18BF1A46BDE81040034908F0A8BF78
S21401176871F803006CF803007AF80300D0E9023236
S21401177810B553F822301C88204626F089FC2246EC
S214011788BDE810400020014908F092BFBBF80300ED
S21401179837B5044607F0D2FA014638B100200D4A9B
S2140117A80D4903B0BDE8304008F082BFE368A2687F
S2140117B8013BDBB252F8233008481D780123084A5A
S2140117C800936C2D08BF02461023204626F0B0FA77
S2140117D803B030BD09F9030011F90300C5720020F2
S2140117E8B572002013B583689A681278672A22D1E1
S2140117F801A826F05FFC0446A8B9BDF804201749DD
S21401180808F056FFBDF80430DA070AD413F0020FC1
S214011818134B144A18BF1A461349002008F048FF0C
S21401182819E0124AF8E702461149002008F040FF7D
S21401183822461049F1E7C26801A953F8220003EBD2
S21401184882035B6800681B68ADF8043026F038FC34
S21401185804460028ECD102B010BD00BF44F90300CD
S21401186837F90300DB22040065F9030027F90300B2
S21401187877F90300A3F90300034A04491388C854F7
S21401188801331380704700BF965C00205D6200201C
S21401189873B5154D01242B78144E13F0040F0CBFA5
S2140118A802230423124A2146147032880220019228
S2140118B8EB5C104A0093104B5B8801F0F3FB0021A8
S2140118C802200E4A01F0EEFB0D4B294600933288A2
S2140118D82346022001F02CFC21460220094A02B0C8
S2140118E8BDE8704001F0DEBB5D620020965C00201A
S2140118F85C620020B2F90300885C0020D7F9030077
S214011908F9F90300513A040070B516464FF48A52A5
S214011918114B124DDA805980114B1B881A1E18BFBD
S214011928012240EA82000F4A1278003A18BF0122C3
S21401193840EA0210287063B103246B701B0AAB706F
S21401194809F088FE631C2855EE54074B02341C80A8
S21401195870BD0124F4E700BF885C00205D620020AA
S214011968945C00205B620020965C002038B5D1E9C3
S21401197802320C46054653F82230024619880C4BAB
S2140119881878FFF7C1FFE368A268013352F82330DD
S214011998188824F095F94DB1E368A268023352F825
S2140119A823301878BDE83840FFF766BF38BD00BF5A
S2140119B858620020F0B50546EB68AA68023352F86B
S2140119C8233008461C78294685B0FFF7CFFF204606
S2140119D825F0E8FA204E214F78B3204625F0EEFA96
S2140119E80321441C03AA284623F0D1F93288E4B21D
S2140119F8C2F1FF0303991B1B9BB28B4222443CBFD7
S214011A08C2F1FF0303930123032100933A449DF88F
S214011A180C30284626F08CF9039A022C338804BF2A
S214011A280F48110AFA5408BFC15413441C443480A1
S214011A3805B0BDE8F040FFF72BBF204607F086FE4D
S214011A480123328804460093032103463A44284674
S214011A5826F06EF93388E9E7965C00205D6200207F
S214011A685E620020052307B5012100930220044B7E
S214011A78044A01F017FB03B05DF804EBFFF79EBDBF
S214011A88E0F90300E7F9030013B5044626F00EFB58
S214011A9838B1CDE9004001210220034B034A01F089
S214011AA801FB02B010BD00BF09F90300FEF90300EF
S214011AB8194B37B51B783BB901210220174A03B0E9
S214011AC8BDE8304001F0EEBAD0E90232144C53F8C2
S214011AD8223001211D78638802200093114A2B4683
S214011AE801F0E0FA104B25711B78104D63B1012106
S214011AF802200F4A01F0D6FA20460E4A298803B07A
S214011B08BDE8304024F0EFBF20460A4A298803B0D2
S214011B18BDE8304025F0A9B85C62002015FA03003C
S214011B28885C002023FA030059620020965C002096
S214011B383AFA03005D6200202DE9F041D0E902324D
S214011B4853F8221003EB82035A680C7817889A68B0
S214011B58DB68B2F80080C6B01D780021304B022041
S214011B68304A0094CDE9017801F09CFA002D0CBFAB
S214011B786E237923012102202B4A01F093FAFF23D1
S214011B88002D0DF1170606AD019320460CBF8023E4
S214011B984023424639460296009525F049FD0446FB
S214011BA8002835D1307825F003FA0746B0B1284623
S214011BB825F08EFE1D4BFD28A8BFFD200093234669
S214011BC882B20DF11901022001F0B2FA01210220B8
S214011BD8174A01F067FA46B0BDE8F081307825F07B
S214011BE8EDF960B1284625F078FEFD28A8BFFD204E
S214011BF80E4B82B200930DF11A013B46E3E73078AB
S214011C0807F0A4FD0B4B0246009329460123DAE7A9
S214011C18009001210220084B084A01F043FADAE74E
S214011C284730040054FA030079FA0300FF4304001E
S214011C38513A0400F9F903000103040083FA03008A
S214011C48D0E9023253F8221003EB82032DE9F04F54
S214011C585A680F78B2F800809A68C7B0B2F8009050
S214011C68DA681B6992F800A01E7800212F4B304ACB
S214011C780446CDE901890220009701F013FABAF16A
S214011C88000F0CBF6E23792301210220294A0096F2
S214011C9806AD01F007FAFF22002128460DF0CCF91F
S214011CA8304625F085F9834608B3002305210093BD
S214011CB82046FD230DF1190226F03AF82870BAF1EC
S214011CC8000F0CBF802340234A4641463846CDE9DB
S214011CD8005625F078FC0146144807F0E7F801217C
S214011CE80220154A01F0DEF947B0BDE8F08F30460C
S214011CF825F064F960B1FD2305212046CDF800B032
S214011D080DF11A0226F014F885F801B02870D6E706
S214011D180590304607F01AFD059A034600920521FC
S214011D282A46204626F004F8C9E700BF3A300400E0
S214011D3854FA030094FA0300513A04002DE9FF47C8
S214011D481C465B68E5685B1B00255FFA83F803950C
S214011D582E46FFF7D9FDEBB298450BD90C9B9B5D38
S214011D68282B39D8202B00F2CB800136F6B2002B6F
S214011D7840F0C980FFF78CFD04B0BDE8F087132A50
S214011D882FD801A151F822F0571E0100691E010043
S214011D987B1E0100AF1E01007D1D01007D1D010097
S214011DA87D1D01007D1D0100EB1D0100EB1D0100DD
S214011DB8EB1D0100EB1D0100EB1D0100EB1D0100F1
S214011DC8EB1D0100EB1D0100EB1D0100EB1D0100E1
S214011DD8FB1D0100D51E0100A3F13102D1B2132962
S214011DE8CDD90136F6B2A3F14102032AC2D8422B55
S214011DF86CD06C4F00213A88DFF8B0A1C2F1FE031F
S214011E089BB2FF2B28BFFF2301320091DBB220468D
S214011E18524469B225F068FF3B880AF8030001338B
S214011E281844388011E04FF00409E368A2682B448F
S214011E3852F823301F68F8B209F1FF39FFF71CFD85
S214011E4819F0FF094FEA1727F5D1013583E7E3684B
S214011E58A2682B4452F823301878FFF70DFDF4E7F3
S214011E68E368A2682B4452F82330188823F028FF29
S214011E78EBE7E368A2682B4452F823301F68B7F1F2
S214011E88807F09D2F8B2FFF7F7FCC7F30720FFF700
S214011E98F3FCC7F30740E0E72B4601210820424A36
S214011EA801F000F966E74FF00409E368A2682B44DD
S214011EB852F823301F68F8B209F1FF39FFF7DCFC46
S214011EC819F0FF094FEA1727F5D1BEE7294603AAF5
S214011ED8204622F05CFF0021324F344A3B88DDF869
S214011EE80C9002EB030CCAB2914501F1010102D82C
S214011EF84B443B80A9E710F802A00CF802A0F2E7D1
S214011F08242B3FF670AF013B232B3FF633AF01A2DC
S214011F1852F823F0571E0100691E01007B1E0100BE
S214011F282F1E01007D1D01007D1D01007D1D010084
S214011F387D1D01007D1D01007D1D01007D1D010027
S214011F487D1D01007D1D01007D1D01007D1D010017
S214011F587D1D0100571E0100691E01007B1E010040
S214011F68AF1E01007D1D01007D1D01007D1D0100C4
S214011F787D1D01007D1D01007D1D01007D1D0100E7
S214011F887D1D01007D1D01007D1D01007D1D0100D7
S214011F987D1D0100571E0100691E01007B1E010000
S214011FA82F1E0100965C0020ADFA03005D6200203A
S214011FB8094B1B7823B101210820084A01F072B8A1
S214011FC8D0E9023253F82230054A1B8801211380D2
S214011FD80820044A01F066B85C620020D3FA0300C0
S214011FE8945C002015FB0300D0E9023253F8223036
S214011FF8054A1B780121003B18BF012308201370EE
S214012008024A01F04FB800BF5A6200203BFB0300AA
S214012018D0E9023253F82230034A1B7801211370A3
S2140120280820024A01F03EB85B6200206AFB030002
S21401203810B5D0E90232044653F822301322198823
S2140120480B4B1878FFF760FCE368A268013352F877
S21401205823301878FFF710FCE368A268023352F8B9
S21401206823301878FFF708FCBDE81040FFF710BCCE
S2140120785862002010B5D0E90232044653F82230DF
S214012088112219880B4B1878FFF73EFCE368A26803
S214012098013352F823301878FFF7EEFBE368A2689D
S2140120A8023352F823301878FFF7E6FBBDE81040F4
S2140120B8FFF7EEBB58620020D0E9023253F822300F
S2140120C8034A1B78003B18BF0123DB0013707047D7
S2140120D85862002010B5D0E9023253F8223004467F
S2140120E819880E4B06221878FFF70EFC0120FFF719
S2140120F8C3FBE368A268034452F82330188823F028
S214012108DFFDE368A268023352F82330188823F00B
S214012118D7FDBDE81040FFF7BBBB00BF58620020E3
S2140121282DE9F043D0E902324FF0FD09013253F8A8
S214012138221003EB82035A68C7B017889A68B1F869
S2140121480080147853F8043C002C0DF1170506AEF0
S21401215818783A4614BF4023802341460295CDF8A5
S2140121680490009625F064FA034638B1184A01210E
S214012178082000F097FF47B0BDE8F083201E18BF7F
S21401218801200A224146C000FFF7BEFB384623F06D
S21401219897FD2878FFF770FB4A463146287824F0E1
S2140121A8B5FE044628B10B4F3D88C5F1FF0398429A
S2140121B802DD2346084ADAE702460848314628443B
S2140121C825440DF0C9F83D80FFF762FBD3E700BF51
S2140121D8A0FB0300965C0020BCFB03005D620020A8
S2140121E810B5D0E90232044653F82230082219887D
S2140121F80B4B1878FFF788FBE368A268023352F89E
S21401220823301878FFF738FBE368A268013352F8E1
S2140122182330188823F054FDBDE81040FFF738BB7B
S2140122285862002073B5D0E902320546023253F8E7
S214012238221003EB820353F8042C53F8083C0C785D
S2140122481988234B168818780622FFF75DFB0020AD
S214012258FFF712FB304623F033FD2046FFF70CFB51
S214012268EB68AA68033352F82330188823F028FD50
S214012278EB68AA68043352F82330188823F020FD47
S214012288204609F0E7FBE8B9204607F05FFA052182
S2140122980446019001AA284622F079FD019B0146D1
S2140122A89C4206D0224631460A480BF0A7FD02B0EA
S2140122B870BD094D09482E882246304434440CF036
S2140122C80DFF2C8002B0BDE87040FFF7E1BA00BFF1
S2140122D858620020E8FB0300965C00205D6200203F
S2140122E873B5D0E902324FF48A5153F82230104DB3
S2140122F81A88104BD9805A8000232A460093012158
S214012308FF2325F015FD2B78044613F0040F0A4B1E
S21401231808BF01261B7818BF032613B109F09AF9DE
S214012328A855064B1C8002B0BDE87040FFF7B0BA4E
S2140123385D620020885C00205A620020965C0020BE
S214012348D0E9023253F82230034A1B78003B18BF03
S21401235801231370704700BF5962002010B50C4660
S21401236808B908F003F9024B18715C7110BD00BF7B
S214012378885C002002462DE9F341D0E902535268F1
S21401238855F82310D21A0C8805EB8301013BDBB202
S21401239855F82380294D022A4868C8BF8A682B78D1
S2140123A8D8BFFF210078C8BF11783BB901210220A8
S2140123B8234A02B0BDE8F04100F074BEFFF7CEFF35
S2140123C806F0E4FC1F4F204E3B8801462246009348
S2140123D81E48334625F019FA0246C8B998F804107B
S2140123E83B885F2917D1CDE900364FF6FF712046A5
S2140123F8164B24F06CFB28B1034601210220144A2F
S21401240800F050FE0023134A2B701380124A1370F3
S21401241802B0BDE8F0814FF6FB718C4208D9CDE9D0
S21401242800362146094B4FF6FF7024F0AEFBE2E773
S2140124382146064A009624F0DAFBDCE75C620020B7
S21401244833FC0300965C00205D620020885C002057
S2140124583AFC0300945C00205B620020002210B561
S2140124680A2104461046FFF74FFA002023F028FCFD
S2140124780122044B1A70FFF70BFA2046BDE81040FC
S214012488FFF778BF8667002038B51C461546012336
S214012498224625F06CFC60B92146284625F030FE18
S2140124A8044620B101210420034A00F0FBFD204622
S2140124B838BD0024FBE700BF61FC03002DE9F043AB
S2140124C80C4615461F46D0E9022352F8231002EBA4
S2140124D8830293680E8893F80080D3688BB0B3F8AC
S2140124E800903246012106ABFFF7CEFFF0B90DF199
S2140124F8200CF4B101232A884021CDE902C2CDE996
S2140125080471CDE900932221434606AA304625F0F8
S21401251865FC0B4B0B4A00930B4B0190002C08BF34
S214012528134601210420094A00F0BCFD0BB0BDE8A2
S214012538F083624628686968032303C22246DBE7FC
S214012548C0FC0300A5FC03009FFC0300ADFC0300D0
S21401255807B501236A46002125F009FC68460349A8
S21401256808F0C8FD03B05DF804FB00BF5D1001006C
S214012578D0E9023253F822300149188808F08CBD98
S2140125885D10010010B5D0E9023203EB82014968FB
S21401259853F8223009784FF48A52188825F00EFC31
S2140125A8BDE81040034601210420014A00F07ABD27
S2140125B8CAFC0300D0E9023253F8223002214FF454
S2140125C88A5210B5188825F0EBFBBDE81040034683
S2140125D801210420014A00F065BD00BFE3FC0300A9
S2140125E81FB5D0E9023203EB820153F8223049685D
S2140125F818884FF48A5309880293094B094A0193AC
S214012608094B1B7800931278084B25F03FFC0121F3
S21401261803460420064A05B05DF804EB00F042BD07
S214012628985C00205D6300205C630020A25C0020AB
S214012638FAFC03002DE9F043D0E9023253F82210E0
S21401264803EB82035A680E8817789A68DB688BB0A2
S21401265892F80090B3F800803246042106AB04468F
S214012668FFF712FF28BB08AD01232A46052120469D
S21401267825F07DFB38B9042001210F4A00F012FD30
S214012688284624F024FC4FF48A53CDE9049300230A
S214012698CDE9025303232121CDE9008306AA3B464F
S2140126A8304625F09BFB01210346044A042000F02E
S2140126B8F9FC0BB0BDE8F08312FD030041FD0300F1
S2140126C838B5D0E9024303F18043023B02220F49A1
S2140126D854F823009D000CF0FBFF60B90C4B0D4924
S2140126E81A78042A0BD82C44A068008821F812000E
S2140126F801321A7038BD084B08491A78F1E70121EA
S214012708BDE838400420064A00F0CCBC6F28040017
S2140127185D630020A25C00205C630020985C0020BA
S21401272853FD030008B5C368806803F18043023B84
S2140127380222064950F823000CF0CAFF10B9044BD0
S214012748187008BD0022034B1A70FAE76F280400B8
S2140127585D6300205C63002037B5D0E9023153F889
S21401276821208C0015784268521A012AC5BF1B1908
S2140127785B686C091C78DCBF44F0180405F01F057B
S2140127882946204625F046FA034640B1234601214C
S21401279804200E4A009500F085FC03B030BD0121E7
S2140127A8A94074B92346FE224FF6FF7025F0C6FCF1
S2140127B8012103460420064A03B0BDE8304000F074
S2140127C871BCFE2241EAC461EEE700BF69FD030061
S2140127D889FD030070B5D0E9021551F8253001EBE3
S2140127E88501044618884B681A788B68052A1B8861
S2140127F802D85E1E072E0BD9012104200C4A00F0D0
S21401280851FCBDE87040012104200A4A00F04ABC88
S2140128186468641B032CCABFC9680749096825F0A0
S2140128288DFCBDE8704002460449002007F05ABFF7
S214012838A7FD0300C7FD030000F8FF07E4FD03003A
S21401284808B5D0E9023253F8220003EB820359682F
S214012858FF22038809684FF6FF7025F06FFCBDE874
S214012868084002460149002007F03CBFF7FD030077
S21401287808B5D0E9023253F82230052140221888DB
S21401288825F08EFABDE8084002460249002007F006
S21401289829BF00BF18FE030008B5D0E9023203EBD2
S2140128A88201486853F822100278402309883120AB
S2140128B825F0C9FABDE8084002460249002007F09B
S2140128C811BF00BF39FE030008B5D0E9023203EB99
S2140128D88201486853F82210027840230988332079
S2140128E825F0B1FABDE8084002460249002007F083
S2140128F8F9BE00BF53FE03001FB5D0E9023253F8F4
S214012908221003EB82039B6808881A780023D21AE0
S21401291818BF0122CDE9023302A94023D20125F0CE
S214012928A1FA01210090044B0420044A00F0BAFBE6
S21401293805B05DF804FB00BFC0FC030071FE030090
S21401294807B5D0E9023253F822300321402218880D
S21401295825F026FA01210090034B0420034A00F0D3
S214012968A1FB03B05DF804FBC0FC030080FE030076
S21401297837B5C3688268053352F8233004211D78B9
S2140129886A460123044625F0F2F938B904200121E4
S214012998064A00F087FB684624F099FA2B466A46F1
S2140129A800212046FFF78AFD03B030BD9AFE0300DA
S2140129B807B5D0E9023203EB8201486853F82210C2
S2140129C8027840230988322025F03DFA012100903B
S2140129D8034B0420034A00F065FB03B05DF804FBD3
S2140129E8C0FC0300CBFE030070B585690446EA0700
S2140129F805F0020605D476B1C5F3072024F089FF51
S214012A0809E01EB1B2210F482BF0A5FAA069C0F360
S214012A18810024F06DFFE3691BB9BA2109482BF040
S214012A289AFA204614F098FBE3693EB1607E98470F
S214012A38AB0706D0BDE8704024F05FBF2046984734
S214012A48F6E770BDE0FE030008B514F079FE28B17C
S214012A58BDE80840472102482BF07DBA08BD00BFF3
S214012A68E0FE03002DE9F041FF2B04460F46904691
S214012A781D469DF8186005D0FF2E03D0D5211148B4
S214012A882BF069FA0023FF2D18BFAD000E4A1CBFB4
S214012A9845F00105EDB222600C4AC4E9063818BFB4
S214012AA8A561FF2EC4E901232361E76007D0A36966
S214012AB843F0020323F47F4343EA0623A361BDE8F8
S214012AC8F08100BFE0FE0300B8420020F1290100B2
S214012AD8002310B5054C03610460054CC261C0E9CA
S214012AE801430123C160836110BD00BFB8420020C5
S214012AF8F129010070B58669044606F00303032B25
S214012B080D4603D1FC2114482BF025FAFF2D16D0CB
S214012B18B20704D440F201110F482BF01CFA2846DC
S214012B2824F095FBFF28054604D14FF482710A4824
S214012B382BF011FA2DB204EB4514204670BDF307AD
S214012B48FBD5A36913F00C0FF7D040F20B1102481E
S214012B582BF001FAF1E700BFE0FE03000023054A67
S214012B68C0E9063103610260C360034A034B426051
S214012B7883607047B8420020F12901002D710200D8
S214012B88014827F0BCBA00BFB8420020014827F028
S214012B98C2BA00BFB842002013B50E4827F089FA1A
S214012BA823F011F926F047FA26F069FA26F073FAA7
S214012BB8FCF728FF0446FCF73FFF23460090012157
S214012BC80420054A00F06EFA02B0BDE81040FCF792
S214012BD81FBF00BFB842002073FF0300022808B5D4
S214012BE803D12BF0B1F9014B186008BDE84200206B
S214012BF808B50DF08FF80122044B1A702BF02DFA48
S214012C08BDE8084002490348FDF7C4B85F630020E1
S214012C18786D0020EC420020014B1870704700BF09
S214012C285E630020024B187808B106F093B8704727
S214012C38D572002008B5074B1B780BB1002008BDDC
S214012C48FFF7F0FF0028F9D106F05EFC023818BF3E
S214012C580120F4E75E63002070B5FFF7EBFF174D20
S214012C6820B1FFF78DFF0428044613D82B781BB92B
S214012C782BF0F3F901232B7023F0B3F80446D8B1EF
S214012C882B781BB9F7210E482BF065F9BDE8704083
S214012C98FFF776BF23F0A7F80028E7D02B785BB1BB
S214012CA82BF0C5F806460021012029F0FBFA30462C
S214012CB82BF0B8F800232B70204670BD5F63002008
S214012CC894FF03001FB5FFF7C7FF0446FDF740FA58
S214012CD8A04228BF204688B103A929F0FFFE034673
S214012CE838B9CDE90000064A039906482BF048F999
S214012CF818B18E2104482BF02EF9012004B010BD1E
S214012D08E95D0300C842002094FF03000D4B70B52F
S214012D181B780D4D0D4C0121002B0CBF2B4623466D
S214012D2802200B4A00F0BEF90A4B01211B7802204B
S214012D38002B0CBF2B462346BDE87040064A00F020
S214012D48B1B900BFD57200208E280400AD28040052
S214012D582A0004005E6300204900040010B5D0E98B
S214012D68023253F8223002201B780121002B15BFAE
S214012D7801240024044A054A00F094F92046BDE8D7
S214012D881040FFF749BF00BF680004008500040033
S214012D98D0E9023253F82230034A1B78003B18BFA9
S214012DA801231370704700BFD572002038B501257E
S214012DB8084B1D702BF03BF804462946284629F097
S214012DC871FA20462BF02EF8BDE838400249034830
S214012DD8FCF7E0BF60630020806D002014430020EC
S214012DE870B514F033FD10F0070F1D4D11D02B7878
S214012DF85BB901262E702BF01AF804463146304688
S214012E0829F050FA20462BF00DF8BDE8704014F072
S214012E18EDBA25F077F9022803D1124B1B78032B5C
S214012E28E5D914F013FD18B90E4B1B78032B14D8EB
S214012E3814F0DCFA04460028D9D02B785BB10026BA
S214012E482E702AF0F4FF05463146012029F02AFAA9
S214012E5828462AF0E7FF204670BD4FF0FF34ECE71E
S214012E6860630020E76700201FB5FFF7B9FF044637
S214012E78FDF76EF9A04228BF204688B103A929F0BC
S214012E882DFE034638B9CDE90000064A03990648DF
S214012E982BF076F818B18C2104482BF05CF8012049
S214012EA804B010BDC3620300F4420020A40004006D
S214012EB810B5094C0949002007F0FAFB23681B687E
S214012EC8587924F0FAF923681B68587923F0FEF933
S214012ED805F066F9002010BD744800203201040090
S214012EE808B525F0FFF8024628B1BDE808400020DD
S214012EF8014907F0DDBB08BD5501040008B525F0FA
S214012F0807F9024628B1BDE808400020044907F041
S214012F18CFBB5422BDE80840FF2102480CF08CB80C
S214012F286D010400AC5C002038B504460D4625F05A
S214012F38F3F8024628B1BDE838400020034907F0F7
S214012F48B7BB034B23F8145038BD00BF8B010400F0
S214012F58AC5C00202DE9F34100240C4E0C4DDFF843
S214012F6838800C4F56F8043B0BB9D8F8003035F8C2
S214012F78022B3946009200202246013407F098FBBE
S214012F882A2CEFD102B0BDE8F08100BF8C6D00207D
S214012F98005D0020A7010400886D002008B52A21DD
S214012FA8034825F0B1F8BDE80840FFF7D3BF00BFD6
S214012FB8005D002007B5D0E9023253F822301A78AE
S214012FC8292A0DD8084B53F822300BB9074B1B6832
S214012FD80749002031F812100091064907F068FBEE
S214012FE803B05DF804FB00BF8C6D0020886D0020DF
S214012FF8005D0020A701040008B52A21034825F032
S21401300885F8BDE80840FFF7A5BF00BF005D0020B2
S21401301838B5D0E9023253F8221003EB82035B6815
S2140130280C781D880020044907F042FB29462046F3
S214013038BDE83840FFF778BFB20104002DE9F34137
S21401304800240C4E0C4DDFF838800C4F56F8043B24
S2140130580BB9D8F8003035F8022B39460092002013
S2140130682246013407F024FB2A2CEFD102B0BDE832
S214013078F08100BF8C6D0020AC5C0020A701040025
S214013088886D002010B5024623F036F920B9044CA5
S214013098236811B11343236010BD23EA0203FAE73C
S2140130A8386E00200CB413B502460C4623F024F9FA
S2140130B860B9094B1B681A4208D005A90498019102
S2140130C80AF0B0FE14B1054825F043FF02B0BDE88A
S2140130D8104002B0704700BF386E0020B1040400EB
S2140130E8034610B5D3E9023253F8223008461C7855
S2140130F8211E18BF0121FFF7C5FF014648B9084A36
S214013108084B0220002C08BF1346074AFFF7CAFFE0
S21401311810BD00210220054AFFF7C4FFF8E700BFEB
S214013128B0F00300A8F00300B3040400C9040400C7
S2140131382DE9F04105461F460C46DFF82C808E180F
S214013148B44201D1BDE8F0810021284614F8013BBC
S214013158069AFFF7A7FF002FF2D04246002128461D
S214013168FFF7A0FFECE700BF3DF703000021024A86
S2140131780248FFF7ADBC00BF093201001C4300201E
S214013188FF21014822F011BE1C4300200022034BF8
S214013198FF2103481A7022F001BE00BF61630020B8
S2140131A81C43002013B5114C2378032B13D8009326
S2140131B800230F4A18460F4907F07AFA237842F295
S2140131C81072002B08BF0022FF210B4802B0BDE891
S2140131D8104022F0D2BD00220849104607F068FACE
S2140131E802B0BDE81040FFF7D1BF00BF6163002001
S2140131F8DA040400EC0404001C430020F60404006E
S214013208F0B52B4D8FB02B7823B309A824F0B4FF63
S214013218022309A88DF8243024F09CFF01AA06464B
S2140132289446244B03F11007144618685968083366
S21401323803C4BB422246F7D105AA17461E4B03F123
S214013248100E144618685968083303C47345224695
S214013258F7D1E6B1012409A824F02AFF28B9BDF858
S214013268243013F0020F18BF01242B781349002BC2
S2140132784FF000034FF0A00208BF1946204624F07D
S214013288F1FE90B92B7801332B700FB0F0BD614673
S21401329809A824F061FF0028DCD1394609A824F0E2
S2140132A85BFF04460028D6D0D4E7FFF77BFFECE7A0
S2140132B861630020BC8C0400CC8C040000F8FF0776
S2140132C810B50020324907F0F3F9082200203149E9
S2140132D807F0EEF9304B314A1978314B00200029B6
S2140132E818BF1A462F4C304907F0E2F9002024F09F
S2140132F8FFFA2368002B47D01B78022B44D90022FB
S2140133082A4B10462A4907F0D3F923F03CF82949F5
S2140133180246002007F0CCF900F0D0F8264902460C
S214013328002007F0C5F923681B78032B2CD900F079
S214013338D5F822490246002007F0BAF900F0DEF86F
S2140133481F490246002007F0B3F900F0DFF81D49CF
S2140133580246002007F0ACF900F0A4F81A49024624
S214013368002007F0A5F900F0D7F8184C184954F8CA
S2140133782020002007F09CF900F024F9154954F89C
S2140133882020002007F094F9BDE8104024F0B5BAD3
S2140133981805040034050400626300208E28040022
S2140133A8AD280400B0470020570504007EF203004C
S2140133B872F203007305040097050400BB050400B8
S2140133C8DF050400030604002A0604003C6E0020FC
S2140133D8510604007406040008B5D0E9023253F811
S2140133E82230187840B10020074907F061F9BDE896
S2140133F80840802000F034B8044907F059F9BDE8C0
S2140134080840802000F046B897060400B406040079
S214013418D0E9023253F82230034A1B78003B18BF22
S21401342801231370704700BF626300201822002131
S214013438094BC3E900121A7B0AB9084A9A601A7C32
S21401344812B94FF47A72DA8140F6B8325A820022FB
S2140134589A829A75704700BF3C430020E0930400A7
S2140134680A4B10B51B687BB11B78032B02D8B0F545
S214013478007F09D1064C236803432360636818421A
S21401348802D02AF05CFDA08210BD00BFB047002024
S2140134983C430020024A136823EA0003136070477E
S2140134A83C430020014B1868704700BF3C4300208E
S2140134B8014B9868704700BF3C430020024B986850
S2140134C8FA23B0FBF3F070473C4300200122024B7D
S2140134D898601A73704700BF3C430020024BD88996
S2140134E8FA23B0FBF3F070473C4300200122024B5D
S2140134F8D8811A74704700BF3C430020024B588A93
S214013508FA23B0FBF3F070473C430020014B5868A0
S214013518704700BF3C4300202DE9F84300244FF0D4
S2140135280C08104B104F9D7D104E3988E3B28B4224
S21401353802D32846BDE8F88308FB03F3F05C06EBE4
S214013548030924F0DCF950B9FF21D9F8080022F064
S2140135582CFC20B199F805309D4238BF1D46013430
S214013568E3E700BF3C4300207A720020C06E0020CB
S214013578124B10B51B68124CEBB11B78032B02D803
S21401358823689B0517D52AF0DAFCA38AC01A638A32
S21401359880B283423EBFD4E900329343236024F0CD
S2140135A82BFD08B1E08910BD2368002BFAD1FFF77F
S2140135B8B3FF0128F6D0A068F5E700BFB0470020A2
S2140135C83C430020014B987D704700BF3C430020D8
S2140135D838B504460D462AF063FD244B1B7813B113
S2140135E8204622F0CBFE402C27D006D884B13F2CAB
S2140135F818D0BDE8384024F080B94C3C0C2CF8D8DB
S2140136081B4B2341DB07F4D40220FFF743FFF0E707
S2140136184FF40070FFF73EFF0220FFF721FF154B1E
S2140136281C71E6E74FF40070FFF734FF0220FFF73E
S21401363831FF00220F4B1A71DBE724F0E1F800286E
S214013648D7D10C4C0220237901332371FFF722FFCF
S2140136584FF40070FFF704FF2379AB42C9D322F079
S2140136688EFE0028C5D122F063FEC2E76263002001
S214013678FEEEFFFF5443002010B505F05FFB02285D
S2140136880AD124F095FC034630B1BDE8104000226B
S2140136980249104607F00CB810BD00BF0007040029
S2140136A80021024A0248FFF713BA00BF813601001B
S2140136B85C43002038B5002024F01AF9124B1B6829
S2140136C893B11B78022B0FD905F038FB022816D1C7
S2140136D80E4C2568FFF74CFFA842206008D0FF2152
S2140136E822680B4822F049FBBDE8384024F005B9AA
S2140136F8FF21074822F059FB0028F5D1EFE7FF2103
S214013708034822F04BFBEFE7B04700205443002064
S2140137185C43002002460249002006F0C9BF00BFEC
S2140137281407040010B5234C2348FF2122F036FB6A
S214013738207802281ED003282ED0012804D0212064
S214013748BDE81040FFF7E6BF1C4B19780029F7D0F3
S21401375802231B4A23701378052B0EBF002301335F
S214013768DBB29942137003D1052313700020E7E7F3
S214013778052BFBD0124B1B78052B02D10323237094
S214013788DDE7104A104932F8230007F085FC0323C9
S21401379823700028D4D110BD094B0C4A1878094B60
S2140137A803EB8001897833F8200007F045FC0123F4
S2140137B8EEE700BF636300207C4300206C630020B3
S2140137C8D7720020545D0020B53901006139010027
S2140137D82DE9F04F0D46144695B0049011220021AC
S2140137E80FA89946DFF86C810BF026FC04EB45031D
S2140137F80393D9F800301C2B02D0039B9C4202D1BC
S21401380815B0BDE8F08F0123DFF844A18DF81C3010
S21401381823884C4AADF81E309AF800304A4D08EB1A
S21401382883039B7828788DF8203013688DF81D005F
S214013838CDF821305368CDF8253024F060F8049B84
S2140138488DF8290021882878002B4AD123F026FDF7
S214013858002844D09AF800300FAA38F8230007A9A0
S21401386822F09BFD00283AD023F045FB4FF0000BD1
S214013878074606461C255FFA8BF2974234D8B742AC
S2140138882BD99DF81C30032B1AD10FAB0193BDF829
S214013898213000220421009301202C4B06F08EFDD6
S2140138A89AF8003008EB83039978274B187806F0C6
S2140138B801FE9AF80030002038F8231023F074FF30
S2140138C85DB107A9304624F065FB214B05461B78F8
S2140138D8304638F8231024F05FFBC9F8005002344C
S2140138E887E723F0D2FCB3E710460BA9059224F02C
S2140138F84DFB30B99DF82C1031B9059AB74208BF6F
S21401390816460BF1010BB6E7BDF82E00BDF81E20D2
S2140139189042F6D19DF830009DF820209042F0D1D3
S2140139289DF81C208A42ECD1032A14BF08220222E1
S2140139380DF121010DF131000BF0CAFE002808BF78
S2140139480025DEE764630020D67200209109040092
S214013958D7720020545D002013B503460020114A93
S2140139689C6812780190052A03D01B78032B00D196
S2140139782CB9012002B0BDE81040FFF7CBBE626843
S214013988217801ABFFF724FF217A0120E26801AB19
S214013998FFF71EFFFF21044802B0BDE8104022F0E1
S2140139A8F5B900BFD77200207C430020094B1B786D
S2140139B8052B02D00378032B02D00120FFF7AABEFD
S2140139C88168054A0B68054813604B68FF215360F8
S2140139D822F0DCB9D7720020646300207C43002003
S2140139E838B50024114B124D1870124BFF211C706C
S2140139F82C7006F05FFD0122032110460E4B06F0DF
S214013A08DDFC4FF6FF712246084623F0D0FE044639
S214013A1848B940F6B832FF21084822F0AEF901232A
S214013A282B70204638BDFFF775FEFAE7D6720020E0
S214013A38636300206C630020513A04007C43002035
S214013A48144BF0B51A6814491368097858798842EE
S214013A580BD11249D78808460022114D1E792B78BA
S214013A68D4B2A34203D8052C0AD10020F0BD0C8895
S214013A78BC4202D18C78B442F7D001320431EFE768
S214013A88A342F2D120F82270013300EB820086703F
S214013A982B70EAE774480020D6720020545D002097
S214013AA86C630020FF2307B50021044A04480093ED
S214013AB8FEF7D8FF03B05DF804FB00BF2D37010001
S214013AC87C4300201FB5B42303210446ADF80E300D
S214013AD823F0DBFB98B12123204600930022032123
S214013AE80DF10E0323F080FD04460020054B064A1F
S214013AF80649009406F0DCFD204604B010BD862475
S214013B08F3E700BF3E0704004B0704006007040004
S214013B18D0E9023253F82230034A1B780121137088
S214013B280220024AFFF7BEBAEF7200206F070400B0
S214013B380122014B1A707047EF7200200A4B90F869
S214013B4805111B7890F8082119448A42BCBFB2FBBC
S214013B58F3F103FB11234FF0FF32B8BFDBB202FAD1
S214013B6803F380F80A317047EF7200202DE9FF4110
S214013B780446057F867EDFF870806E43237F98F8BB
S214013B88002013449D4212DB607F60B9238B0293A9
S214013B9863690193237C00936288A31D217805F04D
S214013BA895FDFF232370002004B0BDE8F081E37E75
S214013BB8AB42E9D9A77E228BF1199142A4BF921B89
S214013BC8D7B205EB0323E3813A4633462946204616
S214013BD822F0FDFB0028E7D1637F37440133013526
S214013BE86377BEB2EDB2C9E7EF72002037B5054676
S214013BF824F0FEF90D4B04461B6869461B78032B17
S214013C0882BF0B4B1B881B18284688BF9CB224F022
S214013C1877FA38B9684624F0EDF918B9044B1B88C9
S214013C2823449CB2204603B030BD00BFB0470020F5
S214013C387E720020084B1B78FF2B0BD1074B1B7895
S214013C48FF2B07D1064B1B78022B03D04FF480704D
S214013C58FFF720BC704700BF446E0020CC4400200C
S214013C689C43002010B50446FF2122F097F8054B27
S214013C789C4202BF0023A4F588742370BDE8104057
S214013C88FFF7D8BFAC4400202DE9F0479A462A4BE7
S214013C9881461B7888461646BDF82050002B49D029
S214013CA8FF2D3ED938252846BDE8F087234B0C2240
S214013CB83146A01D636184F80090A4F802800BF0D9
S214013CC80DFAA289414642F4004242F040022046DB
S214013CD8A28122F08EFB2A46514660690BF0FEF956
S214013CE841464846A21D258323F0D6FEA076002825
S214013CF8D8D00544013DB5FBF0F0FF28D2DC0023FF
S214013D08E0762046A383FFF731FF054680B923797D
S214013D184FF48070B372FFF7A3FB227C099B1A80CD
S214013D28C1E7074C2778FF2FC0D040F60345BAE70E
S214013D382770F2E70225B6E7EF7200206E630020CF
S214013D48CC440020B0F9063010B5002B25DA144C07
S214013D582278237CFF2A02D0827A9A4207D0114C15
S214013D682378FF2B17D0827A237C9A4213D169B91C
S214013D78637F013BDBB263775BB90B4A237F12781B
S214013D88204613442377FFF7F1FE0146204622F02A
S214013D983FFBFFF74FFF012010BD0020FCE700BFE7
S214013DA8CC440020446E0020EF7200202DE9F04F2D
S214013DB89A46B1F9063091B0002B0D461746DDF844
S214013DC86880049080F22981B8F80030FF2B04D966
S214013DD84FF4B871A6482AF0BEF8A64B00241A7804
S214013DE893F80401B3F80211002A40F0A5802E7A50
S214013DF8A14A1278B24240F2AF800222A3F80271B9
S214013E081A70AA7AFF2483F804210022A3F808412D
S214013E1883F80521A3F80621B8F80020954883F809
S214013E280C21FFF78BFE3846FFF7E0FE214600EB34
S214013E384002924821F0A1FF4FF48070FFF710FB73
S214013E488C4C94F80A91B9F1FF0F20D18A4A94F85C
S214013E58053112781344B34219DC94F80C1184F82E
S214013E680531B4F80631204601FB0233A4F80631C1
S214013E78FFF764FE0122824B38461A70FFF7B6FE3A
S214013E88494600EB400204F5887021F076FF94F865
S214013E980531B34260D8DFF8E0B19BF800C00CEBFF
S214013EA80302964258DA764994F808210878013AC6
S214013EB8002853D0964205DAB8F8002084F80C2179
S214013EC800220A70B6FBFCF901220CFB196994F86A
S214013ED80A015FFA89F902FA09F2D1B2024076B903
S214013EE82889000A844584F8080108D92046CDE9BE
S214013EF806210593FFF722FEDDE90621059B94F8C6
S214013F080A01014384F80A1182B994F80921B4F820
S214013F1806C1013284F80921B8F80020DAF8001041
S214013F280CEB0200FF2826DD0323237094F80831E2
S214013F38013B9E4230D138E0AE7A864202D18F42AA
S214013F4800D11C462E7A002C7FF47BAF002A3FF462
S214013F584FAF012A3FF44CAF01205FE09642B1DA39
S214013F6894F80C1198F800209142ABD004F58870AB
S214013F78FFF778FEF0E794F80CE1F31A0EFB03C39B
S214013F88A01C10FA83F005920BF0A8F894F80831F3
S214013F98059A013B9E4244D0012394F80A2103FA6C
S214013FA809F3013B1343FF2B04D122462946384621
S214013FB822F020FA94F8083194F809219A42CBD1D4
S214013FC89BF80030B2FBF3F103FB112212F0FF025B
S214013FD818BF13462278022A26D1264A02341078B8
S214013FE85178012804BF01315170012224F8022CAE
S214013FF8EA88B4F8041122F04002EA8094F809210C
S2140140080A44591E94F80A3113FB01F31344A8F81D
S2140140180030CAF80040FFF70DFE002011B0BDE8D9
S214014028F08F84F80B21C0E76979002994D0032A18
S21401403892D1B4F8062194F80B1108AE11445A1E11
S21401404894F80C31284613FB02F30B4400219BB26B
S214014058A21CA8F80030CAF80020CDE90071029623
S214014068049907F005FD8921304623F012FD7DE706
S214014078960704009C430020EF720020AC44002001
S2140140886D63002013B5044618B101280BD002B0A1
S21401409810BDFF2301460093064A0748FEF7E2FCD7
S2140140A8064B1C70F3E7FFF743FDFF22044B1A701B
S2140140B8EDE700BF6D3C0100AC4400209C430020A6
S2140140C8CC44002013B501A909F076FF044648B987
S2140140D8BDF806309DF80420034906F0E9FA2046A3
S2140140E802B010BD8120FBE72D08040013B5694610
S2140140F809F06EFF044688B9BDF802309DF8002025
S214014108074906F0EFFA2046019906F043FA2046D9
S214014118044906F0CDFA204602B010BD8120FBE71F
S214014128510804007708040037B5694609F074FF9A
S214014138044618BB9DF801309DF80020104906F08A
S214014148D1FA104D9DF80120E3B29A4206D8002014
S2140141580D4906F0ADFA002003B030BD01986300A2
S21401416803F4FF7302220021184423F0ABFB29460F
S2140141780246002006F0B6FA0134E3E78120EBE7B1
S21401418879080400A8080400513A040013B501A9E7
S21401419809F018FF044648B9BDF806309DF8042012
S2140141A8034906F085FA204602B010BD8120FBE7D8
S2140141B8B208040030B500240B4D85B06946E0B25C
S2140141C823F0E4FE50B99DF80030032B06D12946AA
S2140141D8BDF805309DF8012006F06AFA0134202C56
S2140141E8ECD105B030BD00BFD908040008B50020E1
S2140141F8034906F05DFABDE80840FF2000F0DEBA84
S214014208EB0804002DE9F04F85B006460D46174623
S21401421822F03EF9044640B130463A46294622F095
S21401422821F9002005B0BDE8F08F4FF003094FEAE9
S21401423815285FFA84FA6946504623F0A7FEB8B9EE
S2140142489DF800B0BBF1000F12D1694650468DF8B3
S21401425800908DF805508DF806808DF8016023F0E2
S21401426899FE02460028D7D05846064906F020FA95
S2140142780134202CDDD10020034906F019FA8920E3
S214014288D0E700BF00090400270904001FB5002372
S21401429804468DF80F3022F0E6F828B19DF80F3065
S2140142A863F07F038DF80F30182301930DF10F0388
S2140142B80022009304214023204623F084F9024675
S2140142C818B10020024906F0F3F904B010BD00BF8A
S2140142D8420904001FB502A909F08CFE044688BBF2
S2140142E8BDF80820184906F0FDF92046039906F09E
S2140142F851F92046154906F0DBF94FF6F672BDF876
S2140143080810134C4B1E9BB2934219D82368039A84
S2140143181B685879FFF776FF23681B79012B0BD8A2
S214014328BDF808300022CDE900030421094B092015
S21401433806F044F823F0A7FB6FF0FF0004B010BDA9
S2140143488720E9E78120F9E7610904007708040076
S214014358744800207809040070B504468AB005AD93
S2140143681122002128460AF067FE204604A909F012
S21401437835FE044600283AD11E4EBDF810201E49C7
S21401438806F096F932681379012B28D84FF6F6709D
S214014398BDF810104B1E9BB2834224D81368587977
S2140143A822F076F808B333682A461B68BDF8101061
S2140143B8587922F056F8BDF8103001220421CDE9CB
S2140143C8004309200D4B029505F0F8FF23F05BFB2F
S2140143D8034620B100200A4A0A4906F069F96FF037
S2140143E8FF000AB070BD8724E5E78B24E3E7812048
S2140143F8F7E700BF744800207B0904009009040011
S214014408940904009F0904002DE9F0479AB004A90D
S21401441809F0FCFD0446002840F0B5809DF8102000
S2140144285B4906F05FF925465A4E9DF81020EBB217
S2140144389A4254D80020584906F03AF99DF8105087
S214014448002D40F099802C462E46544F06A9F0B20E
S21401445823F09CFDC8B99DF81830032B15D13B688D
S2140144689DF819201B685B799A420ED19DF81D208C
S21401447805F168036B4403F8402C9DF81E200235AD
S214014488013403F83F2CEDB2E4B20136202EDDD11B
S2140144989DF810300BB1002C77D00AABCDE901435B
S2140144A8FF2302220421009309203D4B039505F0C2
S2140144B885FF23F0E8FA034660B19DF81020002A2C
S2140144C85FD0384A3849002C08BF0A4600203749C9
S2140144D806F0EEF86FF0FF001AB0BDE8F087059811
S2140144E86B0003F4FF7302220021184423F0EAF953
S2140144F831460246002006F0F5F8013595E705989D
S214014508730003F4FF7302220021184423F0DAF93A
S214014518002780465FFA80FA06A9F8B223F036FD2E
S21401452800BB9DF81830032B1CD1D9F800309DF834
S21401453819201B685B799A4214D19DF81D305345A2
S21401454810D19DF81E30C8F307229A420AD105F108
S21401455868036B440235013403F840AC03F83F2C7A
S214014568EDB2E4B20137202FD6D101369DF81020DE
S214014578F3B29A42C3D88BE70025DFF820902E467F
S214014588F4E7084AA2E78120A6E78B20A4E700BF44
S214014598F9090400A8080400513A040074480020E8
S2140145A8180A0400CA090400E80904001C0A0400E1
S2140145B82DE9F04389B002A909F016FD0446002842
S2140145C867D1BDF80820344906F072F84FF6F6723E
S2140145D8BDF80850DFF8D4906B1E9BB2934254D8AE
S2140145E8D9F8003029461B685F79384621F050FF14
S2140145F800284CD026465FFA86F8404603A923F0E1
S214014608C5FC28B92946384603AA21F02EFF20B949
S2140146180136202EEFD14FF0FF08404623F0B4FCB8
S214014628014658BB112203A80AF006FD294638465A
S21401463803AA21F017FFD9F800301A79012A18D8E9
S2140146481B68BDF80810587923F0FDF8BDF8083046
S21401465803220421CDE900430920104B05F0AEFEE4
S21401466823F011FA034620B100200D4A0D4906F041
S2140146781FF86FF0FF0009B0BDE8F08302460A494B
S214014688002006F015F80124D5E78724D3E78B2404
S214014698D1E78120EFE700BF3E0A0400780904004D
S2140146A87C0A04009F090400550A04007448002087
S2140146B82DE9F043DFF894800020D8F8003021492E
S2140146C81B688BB05E79002505F0F2FF01275FFABB
S2140146D885F9484601A923F059FC044690B99DF886
S2140146E80430032B0ED19DF80530B3420AD1484653
S2140146F823F04AFC0146A0B102461349204605F0BC
S214014708D7FF27460135202DE1D1D8F80030002102
S2140147181B68587923F097F887F001000BB0BDE8BD
S214014728F083112205A80AF087FCBDF80940304637
S214014738214605AA21F096FE2146304623F083F845
S214014748E0E700BF890A0400550A040074480020FF
S21401475837B5694609F054FC044638BBBDF8002055
S214014768134905F0BFFF134D2046019905F012FFC6
S2140147782046114905F09CFF2B681B68587923F0E1
S21401478871F970B14FF6F672BDF800104B1E9BB268
S214014798934209D82B68019A1B685879FFF732FDAE
S2140147A80446204603B030BD8724FAE78120F9E79E
S2140147B89D0A040074480020770804007FB5054662
S2140147C80024E6B26946304623F0E0FBA8B99DF816
S2140147D80030032B11D19DF80130AB4204D0FF2DD8
S2140147E80BD19DF80D3043B9304623F0CDFB024678
S2140147F818B10020034905F05BFF0134202CE0D1F5
S21401480804B070BD550A0400034B1B6818780128CC
S21401481808BF0220704700BFB0470020D0E9023227
S21401482853F822301A78024B1A7000F0E7BA00BF24
S2140148386D64002070B5D0E902456B1EDBB254F8F2
S214014848230003221B490AF043FF54F8253004EBE2
S2140148588504197863681A78A2F10B030F2B05D91A
S21401486815490020BDE8704005F022BF01290FD187
S214014878124C9140236840B90B43114A236000202B
S214014888BDE870400F4905F013BF23EA0103F4E7BA
S21401489802290CD101230C4903FA02F20B6818B954
S2140148A813430A4A0B60EAE723EA0203F9E70A46D2
S2140148B80749D6E7C10A0400C50A0400686E002045
S2140148C8DB0A0400E30A0400646E0020F60A04000A
S2140148D8000B040007B5D0E9023103EB810253F857
S2140148E821300B491B785268012B0A4B08BF0B462F
S2140148F812684FF000001A600092074A074B0849F1
S21401490818BF1346074A05F0D3FE03B05DF804FB4B
S214014918686E0020646E00201B0B0400130B040055
S214014928250B0400EC8C040038B5254A254B264C8B
S2140149380020264905F0BCFE0020254905F0B8FEF2
S21401494822682449002005F0CDFE2068224C234D1C
S21401495805F088FE2146002005F0AAFE2A682049AF
S214014968002005F0BFFE286805F07CFE21460020E1
S21401497805F09EFE1B4B1C491A781C4B002053F869
S214014988223005F095FE00F00DF91949024600207F
S21401499805F08EFE174B00201A78174905F088FE99
S2140149A8164B17491A78002005F082FE04F0C6F95E
S2140149B8BDE8384002461349002005F079BE00BF1D
S2140149C8EC8C04003F0B0400686E0020460B0400C4
S2140149D84E0B04005C0B0400BFF10300646E00205C
S2140149E86D0B04009B6400207E0B04006C6E002097
S2140149F8910B040080640020A50B04007F6400204E
S214014A08B70B0400C90B040007B500F071F8054B95
S214014A180090054A0020054905F04AFE03B05DF8F6
S214014A2804FB00BFDF0B0400EC8C040060070400E5
S214014A38F8B504460B4F0C4E0C4D00200C4A0D4998
S214014A4805F036FE20463B7829783278F3F7B0FF32
S214014A5800233B7033702B70FF21BDE8F8400648F1
S214014A6821F09CB99B6400207F64002080640020AC
S214014A78EC8C0400E40B0400EC44002037B5124823
S214014A88FF2121F08BF9114B187810F0100505D08D
S214014A98002003B0BDE8304003F01CBF0121B4205C
S214014AA804F0C6FA04460A4B0A4A0B4900902846FF
S214014AB805F0FEFD2046FFF7BBFF4FF4806003B00C
S214014AC8BDE83040FEF7E6BCEC4400209B640020BD
S214014AD8FB0B0400EC8C0400600704000021024A6A
S214014AE80248FDF7F5BF00BF854A0100EC440020E7
S214014AF808B5054B1B7823B11720FFF799FF00204F
S214014B0808BD0220FCE700BF9B64002010B550B129
S214014B18054B00F1100250F8044B904243F8044B41
S214014B28F9D1024B197010BD8164002091640020F0
S214014B3837B5174D04462B78DB0626D50090154B5E
S214014B480020154A154905F0B3FD1E2C0BD0652C1F
S214014B5809D0032C19D0002023F090FA40F61C4007
S214014B68FFF766FF0DE023F0B1FA4FF4FA63B0FBE6
S214014B78F3F202FB1300C218FF21094892B221F092
S214014B88FCF82B7823F010032B7003B030BD00BF60
S214014B989B640020140C0400EC8C040060070400DD
S214014BA8EC440020014B1879704700BF685D00206F
S214014BB870B54C4E8EB0337803F0FB02A3F10905AD
S214014BC8022AEDB258D0042B41F6041257D0A3F1AD
S214014BD808014B424B415B0013434348ADF80C3088
S214014BE821F086FC48B9414B3F4A03F1100153F8BE
S214014BF8040B8B4242F8040BF9D13D4B1B78002B72
S214014C083FD03C4B0DF10E0203F1100153F8040B93
S214014C188B4242F8040BF9D103A823F04FFA232854
S214014C28044610D1012D49D80020334A334905F0EE
S214014C383FFDBDF80C3003A823F40053ADF80C3043
S214014C4823F03CFA0446002C41D14FF40C7023F0B3
S214014C5833FA044600283AD103F0FAFE012D36D875
S214014C68274A01AB1068516803C3264901A823F0F7
S214014C7881FA78B319242AE043F60412A7E7022337
S214014C88AAE73378042B0DD0082B0BD01E4B0DF159
S214014C980E0203F1100153F8040B8B4242F8040B81
S214014CA8F9D1B9E7104A0DF10E0302F1100152F8D5
S214014CB8040B8A4243F8040BF9D1ADE7337803F0C5
S214014CC8FB03022B03D10020104905F0F1FC204616
S214014CD80EB070BD044901A823F04CFA044600281A
S214014CE8C8D1F4E79B6400206F640020E10C04003F
S214014CF89164002081640020EC8C0400380C0400C8
S214014D08F20C0400DC8C0400FB0C0400930C040079
S214014D1870B5002686B00446252023F0B5F916227C
S214014D28002116480AF088F9154B1E60154B1878AD
S214014D38FFF76AFD022814BF0123042303208DF818
S214014D48083023F0EFF904238DF810300E4B02A833
S214014D580593039403F030FD05460C4B0C4A19687D
S214014D680C4B3046A14208BF134600940A4A0B4929
S214014D7805F09EFC284606B070BD00BF685D0020A1
S214014D880C4500209B64002079500100686E0020C5
S214014D98130B04001B0B0400EC8C04000C0D040020
S214014DA808B5134A1378042B09BF124B01331B7835
S214014DB8C3F10603DBB2137003F0FD02092A04D11E
S214014DC81720FFF735FE172008BD0A4A1278002A71
S214014DD814BF052206229A4207D1074B18680028F5
S214014DE8EED0FFF795FF4D20EEE70020ECE700BF79
S214014DF89B64002091640020646E002073B51E4CED
S214014E081E4E23683268134334D01D4B1B6853B3B8
S214014E181C4D2B783BBB03F091FFF8B94FF480602B
S214014E28FEF71EFB184B24681B7894B1C3F10203E6
S214014E382B7003F047FD2046FFF76AFF0446002063
S214014E48124B134A1349009405F032FC204602B06F
S214014E5870BDC3F1060334682B70EAE70121B4205C
S214014E6804F0E6F8EAE70020094A0B4905F020FCB9
S214014E780224E4E70224E9E7686E0020646E002055
S214014E88B04700209B64002091640020540D040064
S214014E98EC8C0400600704003A0D04002DE9F34782
S214014EA8384D394E00202A792B88384905F000FC00
S214014EB83268287922FA00F010F0010002D134494C
S214014EC805F0F6FB334F3C783CB1082232493348AB
S214014ED80AF0FEFB041E18BF0124DFF8DC80DFF8A9
S214014EE8A490DFF8B4A014E098F800004946013011
S214014EF8C0B288F8000023F0B9F8002835D13C780C
S214014F083CB10822514625480AF0E2FB041E18BFA8
S214014F1801242A793368D340DB07E5D5002CE3D191
S214014F2800922B881E4A1F49204605F0C1FB1E4BDE
S214014F381878FFF769FC01230322124923F09CF82D
S214014F481A4A054613780133137010B902B0BDE842
S214014F58F08720462B46124A154905F0A9FB284634
S214014F6802B0BDE8F047FFF763BD0020114905F020
S214014F789FFBFFF715FF0028E8D102B0BDE8F04710
S214014F8800F01CB8685D00200C4500205A0D04008E
S214014F988B0D04009A64002092640020765D002040
S214014FA8EC8C04005A0E04009B6400207F640020E9
S214014FB8FB0D0400240E04006E6400202DE9F04168
S214014FC8214C224D2378002055F82330204A2149C8
S214014FD805F06EFBFFF7ECFD03461D4E1E4FDFF88E
S214014FE874802BB92378042B15D8B3B91B4B15E05D
S214014FF832463946002005F05BFBFFF7D1FE00BBC1
S2140150082378324655F82330414605F051FBFFF721
S214015018CFFD0346E5E7092BE8D1114B00201B68B5
S214015028104A11491360114B187023F01FF820B16C
S214015038BDE8F0410120FFF7FBBCBDE8F041FFF7F2
S2140150482DBFBDE8F08100BF9B6400206C6E002078
S214015058EC8C04007A0E0400870E0400646E0020AF
S214015068686E00200C450020685D00206E640020F4
S21401507870B51C4C23789BB3838913F4407F2FD0DB
S214015088056835B12A46BDE870400020164905F086
S2140150980FBB22F0E9FF154E03463070144A284626
S2140150A8144905F005FB33781BB1BDE87040FFF7DE
S2140150B885BF2378082B0CD8042B0CD80E4B1B78ED
S2140150C8C3F1060323700D4BBDE870401868FFF75F
S2140150D81FBE0A2BF2D1BDE870401820FFF7A8BC06
S2140150E870BD00BF9B640020B20E040080640020DF
S2140150F8EC8C0400DF0E040091640020646E00202E
S21401510830B5464D03460446454A0020454987B012
S21401511805F0CEFA2B782BBB01A823F02DF8022335
S21401512801A88DF8043023F015F8B0B93E4901A856
S21401513823F012F888B1152C0FD122F0C7FF47F2D9
S2140151483153B0FBF3F202FB130000F51C5010308C
S21401515880B203F0BFFB07B030BD162CFBD103F0BD
S214015168F3FBF8E7152C2AD100202D4A2F4905F024
S2140151789FFA2B78042B11D0082B0FD02C4B1B78B9
S214015188DA070BD401A822F093FF18B9BDF804304A
S2140151989B0703D42B7843F010032B7022F096FF5D
S2140151A84FF4FA63B0FBF3F2FF2102FB1300C218B7
S2140151B8204892B207B0BDE8304020F0DEBD22F0AC
S2140151C8B7FF04460028C6D12B78013B092B1ED809
S2140151D8134A194905F06CFA184A19491378013324
S2140151E8D8B2107022F042FF60B12046154905F08A
S2140151F85FFAFFF7D5FD0028ADD107B0BDE830400E
S214015208FFF7DCBE07B0BDE83040FFF747BE40F603
S2140152181C4007B0BDE83040FFF70ABC9B6400207D
S214015228EC8C0400030F0400DC8C04001A0F040045
S2140152386D640020EC4400202D0F04006E640020ED
S214015248685D0020240E04002DE9F0410B4686B067
S21401525804460E4617463A490246002005F028FA43
S2140152684FF000080123CDE901380DF1160300932C
S214015278424640230621204622F0DAF9054640B187
S21401528802463049404605F013FA284606B0BDE8FE
S214015298F0819DF816202AB936B900202A4905F06A
S2140152A807FAF2E7012EF8D082F001030020274919
S2140152B88DF8173005F0FCF99DF817300DF1170633
S2140152C833B310230022CDE900630621402320468C
S2140152D822F079F9064630B1324600201C4905F01D
S2140152E8E7F93546D1E74FB90821204621F0CDFF29
S2140152F820B120469DF8171022F0A6FA052120466F
S21401530821F0C3FF0028C0D0204622F09AFABCE755
S2140153184FB90821204621F0B8FF20B120469DF854
S214015328171022F091FA10230022CDE90063062116
S2140153384023204622F047F906460028DED0CBE770
S2140153485C1104007811040091110400B1110400E5
S214015358D1110400002208B5034B11461B681B68CF
S2140153685879FFF771FF08BD7448002008B5044B4B
S21401537800221B6801211B685879FFF765FF08BDE5
S2140153887448002008B5044B00221B6802211B68DC
S2140153985879FFF759FF08BD7448002010B5012356
S2140153A8002488B001A88DF80430CDE90244F5F749
S2140153B811FC20469DF80420124905F079F920468B
S2140153C8039A114905F074F92046029A0F4905F027
S2140153D86FF910220E4B0DEB0201188840F0604061
S2140153E840F48010FBF744F920460A4905F07AF99B
S2140153F804A822F0A9FA2046074905F059F908B089
S21401540810BD00BFEA1104000912040028120400A6
S2140154189C8C040047120400513A040008B521F098
S21401542898F80020024905F043F9012008BD00BF9D
S214015438641204000023054A8360C360044BC0E974
S214015448002311B14FF6FF730B80704749101CB249
S2140154582630021110B5044660B10020064905F051
S21401546827F9052C06D002F0CBF90449024600209C
S21401547805F01EF9012010BD7812040089120400F7
S21401548837B500216A4601AB054621F023F90446E3
S21401549868B100220F49104605F00AF902F0B0F982
S2140154A80D490246002005F003F903B030BD0B494B
S2140154B805F0FEF8012020F062F801F099FF431C80
S2140154C802D007F09DFFF0E721462846FFF7A6FF22
S2140154D8EBE700BFB212040089120400FA120400B6
S2140154E838B5054601F084FF044622F076F94DB139
S2140154F800200E4905F0DCF8631C14BF2046002086
S21401550807F040FF21F033F80228044605D00128A9
S21401551805D10020064905F0CBF8204638BD002005
S214015528044905F0C5F80024F7E700BF171304007F
S214015538311304004A13040008B50020034A04493D
S21401554805F0B6F8BDE8084000F050BDF4220400A6
S2140155586313040008B50020034A044905F0A8F8B7
S214015568BDE8084001F0CAB98213040063130400B9
S2140155781FB5D0E9023253F8223068461C78214616
S21401558801F0D0FB684601F073FC28B922460449AD
S21401559805F08EF804B010BD6846FFF771FFF9E70D
S2140155A8881304000020014905F082B8A4130400FA
S2140155B87FB50DF1060102A8FFF73CFF002026493A
S2140155C805F076F80020BDF80820244905F070F8A3
S2140155D80020BDF80A20224905F06AF8039A00203F
S2140155E8204905F065F800201F4905F07BF84FF6BD
S2140155F8FF73BDF806209A4229D000201B4905F002
S21401560857F800201A4A1B4905F052F800201A4A92
S2140156181A4905F04DF800221949104605F048F8D0
S2140156280020154A174905F043F80A2200201649B2
S21401563805F03EF80A220020144905F039F80A2236
S2140156480020134905F034F807B05DF804FB002084
S214015658104905F02DF8D4E7B3130400CB13040062
S214015668E4130400FD1304001614040021120400B8
S214015678E09304002C140400C02709004B1404000E
S2140156886A14040089140400A8140400C71404004A
S214015698E51404002914040008B50020034905F0A0
S2140156A807F8BDE80840012001F0FAB9031504001F
S2140156B808B50020034904F0FBFFBDE808400020B8
S2140156C801F0EEB91C15040030B5104B104D1B5CEB
S2140156D885B08DF80F302B780446834206D00D4BE3
S2140156E80D4953F82020002004F0E2FF30232C70E7
S2140156F80A4801930DF10F0300930622802319210E
S214015708007821F060FF05B030BD00BF038D0400AE
S214015718A3640020108D040034150400D9720020FB
S2140157281FB5232303900193064803AB0093012278
S21401573880231921007821F046FF039805B05DF80B
S21401574804FB00BFD972002073B5164D04462B78AA
S214015758154ECBB120F02CFF012815D0346040F649
S214015768B244124B1B78072B17D02D78C5B920F0F9
S2140157781FFF031E18BF01230D4800952246192155
S214015788007821F0A4FA03E000233360002CE8D166
S214015798201E18BF012002B070BD02250123EBE7C9
S2140157A80025FBE7A064002010450020A364002024
S2140157B8D972002008B50448FFF7C6FFBDE80840BF
S2140157C80220FFF781BF00BFC027090010B5064CAD
S2140157D8208822F03AF8608822F037F86068BDE839
S2140157E8104022F041B800BF144500207FB523239E
S2140157F88DF813300DF11303029304230648019321
S21401580805AB0093012280231921007821F010FFAF
S214015818059807B05DF804FBD97200202DE9F0471A
S214015828DFF84C91044699F8000090460F4621F09F
S2140158380EFD0B2899F8002005D9BDE8F047002091
S2140158483F4904F035BF00263E4B3F4D1E803F4B77
S214015858DFF820A103EB00135B8801202B802A7157
S21401586804F04EFE05F0F6FE04F04AFE204604F06B
S21401587847FE0123042C8AF800300BD8022C45D8A1
S2140158889C4216D02346BDE8F0470020304A3149ED
S21401589804F00EBF062CF5D130462F4904F008FF58
S2140158A8384604F02DFEFFF791FF97B18AF800609D
S2140158B80FE04FF6FF76294F3888801B18BF012066
S2140158C804F01EFEFFF782FF3888B04201D021F0AF
S2140158D8BCFF19236B8099F8003000202B71204BF0
S2140158E81B786B71EB8843F04003EB801D4B1988DE
S2140158F821F05AFF034620B1224600201A4904F037
S214015908D7FE4046BDE8F047FFF71EBF304604F015
S214015918F7FDFFF75BFFFFF769FF21F0A5FF134BC4
S2140159281B78002B0CBF3F20202004F0E9FD042C37
S214015938CFD14FF4806021F088FF3220C7E700BF3F
S214015948471504008C5D0020905D0020E446002089
S214015958010304009315040076150400805D0020F9
S214015968D872002078720020AC1504009F640020CD
S214015978D9720020A064002038B5044605200D46DB
S214015988FFF7A2FE184B1A884FF6FD739A4207D105
S2140159980020164904F08CFEBDE83840FFF70ABF20
S2140159A865B1134A13780133DBB2092B137014D986
S2140159B80A2200200F4904F07BFEEDE7012C0ED1E8
S2140159C80B4B1D700C490D48FFF734FDBDE83840F8
S2140159D8002101200A4AFFF721BF012CF2D0BDE8B9
S2140159E838400748FFF7B0BE78720020E615040075
S2140159F8A264002011160400805D002014450020D2
S214015A08E093040008B50649002004F051FE054855
S214015A18FFF736FDBDE8084000210846FFF7ACBF92
S214015A285516040014450020814237B5034615462D
S214015A3808D2002000910F4A0F4904F039FE0020D1
S214015A4803B030BD0C1A224600200C4904F030FE83
S214015A5840F6BB5322460020094904F029FE4FF4BC
S214015A687A735C43074B01209C4294BF2C602B60E1
S214015A78E6E700BF0103040066160400A316040047
S214015A88BE16040080EE360010B504460820FFF75F
S214015A981BFE0D4B3CB91C700021BDE810400620CA
S214015AA80A4AFFF7BBBE1B78092BF5D90A22002044
S214015AB8074904F0FDFD0020064904F0F9FDBDE89C
S214015AC81040FFF79FBF00BFA2640020C02709004F
S214015AD8EA1604002B17040073B51F4D2C7834B151
S214015AE800201E4902B0BDE8704004F0E1BD022066
S214015AF8FFF7EAFDFF221A4E1A4B30781A7021F08A
S214015B08A6FB0B2807D920463278174902B0BDE80C
S214015B18704004F0CDBD154B1549009301EB0011FB
S214015B28012319224FF6FD70498805F037FA70B13E
S214015B382046104904F0BCFD00220F4B0F481C708C
S214015B480F4B1A7002B0BDE87040FFF7FDBD012487
S214015B580C492C70EEE700BFA16400203C17040036
S214015B68D9720020D872002047150400715E010022
S214015B78E44600207D170400A0640020C027090021
S214015B88A2640020A317040038B5144D04462B78E8
S214015B98052B21D91249FFF75DFC24B918B911491B
S214015BA804F086FD0424104B195D21B9BDE8384080
S214015BB80846FFF769BF032C06D02B78052B03D0C0
S214015BC806200A4AFFF72AFE0021094B08461970E3
S214015BD8BDE83840FFF7D0BE38BD00BFA36400203B
S214015BE814450020C5170400F98C0400C0270900D5
S214015BF8A064002030B5044689B00720FFF764FD8D
S214015C08052C0AD100222A4B03A91A7002A804AA55
S214015C1801F0FEFD30B1022045E09CB90122244B7B
S214015C281A700224224D287878B1421E5042214922
S214015C385041FFF755FC022304462B70022C0ED167
S214015C480A200FE0022CE6D1EBE7631F5A424FF019
S214015C58050018495A4120F0B2FC0446EEE7032C29
S214015C6804D10020FFF770FD09B030BD062C06D11F
S214015C780020114904F01CFD01232B70E0E70F4AB0
S214015C880F4B2878002C18BF13460E490E4A00946D
S214015C98002808BF0A4600200C4904F009FD201E0A
S214015CA818BF0120400009B0BDE83040FFF76CBFBF
S214015CB89E6400201445002000180400F91704000B
S214015CC8F2170400E1170400EB1704003B18040060
S214015CD813B51F4C0620FFF7F7FC2278092A09D9C5
S214015CE800201C4904F0E4FC042002B0BDE8104082
S214015CF8FFF74ABF184B1B782BB300201FF063FC35
S214015D0820F056FC68B9FFF771FD144B196820F0AE
S214015D1846FC02460420002102B0BDE81040FFF709
S214015D287DBD01A820F042FCFF2809D14FF4FA6096
S214015D3823780133237002B0BDE81040FFF704BD95
S214015D480198FFF7EDFC4FF4FA620320E3E700BF82
S214015D58A2640020561804009F64002024450020F1
S214015D68F023F0B589B0CDE900033448802300223A
S214015D7819210078324E334F21F025FC0020324994
S214015D8804F096FC3246394603A801F041FD032883
S214015D9804462E4D1CD10626039A2D49002004F0F0
S214015DA887FC0398FFF7BCFC0020396800F0ACFEBE
S214015DB82E7001F09FF900220446264B30461A70D1
S214015DC8FFF782FC84BB09B0BDE8F040FFF780BF4F
S214015DD828BB7268204904F06BFC214604A8FFF72B
S214015DE829FB059B726893420BD020461B4904F099
S214015DF85FFC072305202B7009B0BDE8F040FFF7CC
S214015E08F9BE1A462046164904F052FC052300211D
S214015E1801202B7009B0BDE8F040FFF7ADBD0020AA
S214015E28104904F045FCF1E7042C05D0042009B01C
S214015E38BDE8F040FFF7A8BE09B0F0BDD972002052
S214015E4814450020244500208E180400A364002071
S214015E58BF180400A2640020FA18040033190400CD
S214015E6887190400C3190400F7B50446876800209B
S214015E782378364D012B287004D0354B35491870D8
S214015E8804F016FC26785EBB334B1B78FF2B04D137
S214015E9803B0BDE8F040FFF78DBC304B1B78032BF1
S214015EA811D82F4C0320FFF70FFC6946208822F0F3
S214015EB827F9002843D02B49208805F0EDF820B1B2
S214015EC82E70FFF777FC03B0F0BD0124204B26495E
S214015ED81C7004F0EDFB0320FFF7F6FB2C70F2E7CD
S214015EE8012E25D13B78002BEDD01B4D2B78FF2BAF
S214015EF8E9D1A68802F04AFF864206D100201B494E
S214015F0803B0BDE8F04004F0D3BB194BA2881B7858
S214015F183BB132B11749002003B0BDE8F04004F0A8
S214015F28C7BB7B6814491B782B700D4B1A80F2E7A8
S214015F38032E08D108226846A16809F0CFF86846FA
S214015F48FFF70EFFBFE700232B70A1E7A064002030
S214015F58A1640020DE190400D8720020A364002082
S214015F6878720020715E0100A3170400FE19040070
S214015F789D640020241A04004F1A04007FB5094BBB
S214015F881A78FF2A0AD1187001F088FB0022064BFE
S214015F980DF1060102A81A80FFF74CFA07B05DF862
S214015FA804FB00BFD97200207E5D0020152838B595
S214015FB817D10C4B1D78A5B922F088F8C4B2012C6C
S214015FC838BF01240120FFF77FFB284622460649F1
S214015FD804F06EFB4FF47A706043BDE83840FFF773
S214015FE8B3BB38BDA36400206C1A0400034B1B78AE
S214015FF8022B01D8FFF770BD704700BFA3640020CD
S21401600870B5284C20F0CFFA2578274EBDB1002070
S214016018264904F04DFB264A1378013313700023F2
S21401602823703378062B0AD1BDE87040214B1868D7
S214016038B0F5FA6F38BF4FF4FA60FFF785BB3378CF
S214016048013B082B2CD8DFE803F005090D2B1319A3
S2140160581D222700BDE87040FFF7C8BFBDE87040A5
S214016068FFF73ABD00232370BDE87040FFF7A2BBD7
S2140160782946BDE870400120FFF77EBCBDE87040A8
S214016088FFF726BE0220BDE87040FFF7B3BD01202A
S214016098BDE87040FFF7F8BCBDE87040FFF7B2BC3A
S2140160A870BD00BFA0640020A36400209B1A0400F2
S2140160B8A26400201045002010B90520FFF764BD32
S2140160C8034B1B78062B01D1FFF79ABF704700BF19
S2140160D8A36400202DE9F0478E68054633189A78A0
S2140160E80C46092A8EB008D90020A34904F0E0FA24
S2140160F8852420460EB0BDE8F08750B98B899F49A4
S214016108895C8B4205D200919D4904F0D1FA80241E
S214016118EFE79C4BE7881B889F4236D09A49097857
S214016128012932D932B13A460020984904F0C0FA1A
S2140161387E24DEE7964B1A70934B26791B78052B3F
S21401614803D0012B3AD8FFF751FF5EB931462046F6
S21401615821F09FFC0346002851D030468D4A8E49CF
S21401616804F0A6FAD4F80880A48998F8037098F879
S2140161780450002E4CD13046884A894904F098FAD2
S21401618800210120FFF7F8FB4FE00021804B197032
S214016198072A00F28A8301A353F822F0416101001D
S2140161A8EF620100EF62010001650100016501006F
S2140161B8016501009767010097670100022B17D157
S2140161C802F0E4FD8742B3D00020764A764904F00F
S2140161D86FFAFFF781FC46BB3146204621F059FC91
S2140161E8034610B36B4A6C49002004F061FA1CE0C0
S2140161F86E4A00206E4904F05BFA012479E7A36829
S2140162081B78DA06AED432466A4904F051FAA9E791
S21401621800210AA8FFF70EF9032F08D95F4B664A33
S21401622866490097002004F043FA002461E76B1ED4
S214016238632B04D9594B604A61490095F2E7614BD3
S214016248E4B2DB5D9C4209D0CDE901430020534B03
S214016258594A5D49009704F02BFAE6E757B3A4B20A
S21401626822460521404621F02DFBBDF82830834201
S21401627803D04A4B554A5649B6E7012F1AD022464B
S2140162880721404621F01EFBBDF82A30834203D081
S214016298424B4E4A4F49A7E7032F0BD12246092105
S2140162A8404621F00CFB0B9B984203D13B4B474AD7
S2140162B8494999E7642D3FF463AF21F007FF64234A
S2140162C8C0B2B0FBF3F203FB12030133DBB29D420B
S2140162D8BFF456AFCDE900530020304B3B4A3F4947
S2140162E804F0E6F9A1E7284B1B78052B01D03C4AB8
S2140162F87FE7EB1CDBB2277BF45C44B12346002026
S214016308374A384904F0D4F900210C460BE00F2F20
S2140163180DD81023204634490093314A3B4604F0F1
S214016328C7F9802401210020FFF726FBE1E60435A2
S214016338EDB220462A4A2D4904F0BAF97A1B71199A
S214016348D2B206A820F042F905443A46E9B23046E8
S21401635821F0B5FA264D069A2B68264F9A423860E0
S21401636801D100284AD1244900201D4A04F0A0F989
S21401637885240121D7E700BFB81A04003C8D040024
S214016388D01A040078720020A3640020FF1A0400C3
S214016398A0640020751B04007D1B0400051C040076
S2140163A81A1C0400431B0400501B0400A51B040010
S2140163B8B21B0400CF1B04002F1C0400371C04006A
S2140163C8511C0400FF8C04006F1C0400C420040048
S2140163D8A91C0400D31C0400FB1C0400221D040095
S2140163E8561D0400701D04009F1D0400B61D040000
S2140163F81445002024450020DF1D040000F08EFF10
S2140164083E68B0420AD200F089FF9D4903463246EB
S214016418204604F04DF98924012184E7079A6B6820
S2140164289A4205D12046974A974904F041F96BE705
S2140164389649097859B19A4209D22046944904F0F6
S21401644837F996210620934AFFF7E8F95CE7924A5E
S214016458924905A801F0DCF9079E48B96A68964290
S21401646806D88F4904F024F90520FFF7C3FB40E658
S214016478324600208B4904F01BF9396800270020B2
S21401648800F042FB00206E60FFF74AF9864B0620B3
S2140164981F80FFF719F9854B1F7001F0B1F9064601
S2140164A8F8B94FF6FF73824A0AA81188994214BFB1
S2140164B813463B466A88298801F012F90AA800F0B3
S2140164C8D7FC58B10AA801F0DDF938B13046794948
S2140164D804F0EEF80420FFF757FB0AE6FFF7F8FB8F
S2140164E807E6042805D1744B1921187820F006FC14
S2140164F8FFE538467149EBE7714B1B78062B01D04F
S214016508704A76E6DFF8A0A1EB1C94F80C90BAF86E
S2140165180080DBB22EB930466B4904F0C9F88724EF
S214016528E7E5F75C2C1D972FE4B22FD025D8812FED
S21401653871D0952F67D017BBB9F1100F7FF6E7AD6D
S21401654831194A460AA820F041F80444E4B2214623
S2140165584A46304621F0B3F9231DDBB2053416F856
S21401656803A0E4B2A9EB04035345054666DA009393
S21401657838465346534A5549C7E5982F43D03B46B4
S2140165880020504A524904F093F8C8E7B9F10A0FB7
S2140165987FF6BDAD1FFA89F721463A46304621F007
S2140165A88EF905F1080104463A46C9B2304621F08B
S2140165B886F90AAA01462046FFF736FA08B9454B76
S2140165C80A93B9F10C0F12D905F10C013A46C9B272
S2140165D83046DDF8288021F075F9044602463E4922
S2140165E8002004F065F8AAF8004044440A940A9C7E
S2140165F83A492246002004F05BF82046FFF7A4F843
S2140166081FF0DCFF11E63649002004F051F803209C
S214016618FFF7BAFA09E6334C23786BB11FF0C1FFCE
S21401662850B10020304904F043F8002323701FF0CE
S214016638C5FFFFF74DFBF8E52C49E5E7DFF8A49021
S21401664899F8003043B9FFF7D1F88542034607D0D9
S2140166581C4A27490095E5E51FF0AAFF0128F2D153
S21401666810220D480AA909F033F810B9BAF13F0FFC
S21401667842D9144A1F49002004F01AF84FE700BF10
S214016688FE1D0400561D0400361E04009C640020EE
S2140166986B1E0400C027090014450020244500206D
S2140166A8FA180400AC1E04007E5D0020A2640020D7
S2140166B8805D0020CE1E0400D9720020ED1E040065
S2140166C8A3640020131F0400281F0400552004009B
S2140166D837200400E0930400631F04008E1F0400A3
S2140166E8AD1F04009F640020C91F04000820040091
S2140166F891200400CD2004006D4B187099F80030E5
S2140167084BB11FF04EFF30B128461FF04DFF04284D
S21401671807463FF48AAD51462846321920F087F8D5
S21401672828B10020634903F0C3FF042070E799F8F5
S2140167380030554463B11FF034FF48B1FF2FF4D041
S214016748012F3FF472AD032F16D11FF035FF054612
S2140167582846FEF7E5FF04460246052156481FF07F
S2140167685CFF564B1B689C420AD3204620F05AF819
S2140167780520FFF73FFA58E51FF01CFF8046E7E7BC
S2140167884046FEF7E1FF00287FF44FAD51E74C4B3A
S2140167981B7803F0FD03082B01D04A4A29E5A48992
S2140167A835B1F27822B10020474903F081FF2EE780
S2140167B8E4B22246F11C0AA81FF008FF434BBDF8B5
S2140167C828201988054691420DD04FF6FF718A4256
S2140167D809D03C4A00203E4B3E4903F083FFBDF8F2
S2140167E828203D4947E7BDF82A20598891420CD010
S2140167F84FF6FF718A4208D0324A0020374B354996
S21401680803F070FFBDF82A20EBE70B9A5B689A4203
S2140168180AD0013208D02B4A2E490020304B03F00B
S21401682861FF0B9A2F4926E7A4B2E91C2246C9B292
S214016838304621F044F8E91DC9B2074622463046DB
S21401684821F03DF8431C014606D10820FEF73CFF1F
S2140168582548FEF779FFE8E4384606AAFFF7E4F884
S214016868A8B9214B0693214B00221978204B18789A
S2140168781FF088FE069C2046FEF766FF224600208B
S2140168881C4903F015FF0920FEF71EFFCDE440F66C
S214016898B733069A9A42E6D840F6B8320020164927
S2140168A803F006FF40F6B833DCE7812421E400BF95
S2140168B8A2640020002104002321040024450020AE
S2140168C8A36400202C210400412104001445002063
S2140168D8C31C04006821040021120400ED1C0400F6
S2140168E8832104008029040080EE3600D872002037
S2140168F8D9720020BB2104009021040008B50420A9
S214016908FFF742F90020FEF7DFFE0023054A1921AA
S2140169181370054A1370054B1878BDE8084020F037
S214016928EDB900BFA0640020A1640020D972002040
S21401693810B5164B164C1A78164B002053F8222021
S214016948154903F0B5FE2178144B154A0020002995
S21401695818BF1A46134903F0ABFE23782BB1124B26
S21401696800201A68114903F0A3FEFEF73FFF04460C
S214016978FEF73CFF0E4B19681FF042FE2246BDE8A3
S214016988104003460B49002003F092BEA364002082
S214016998A0640020108D0400D7210400AD2804004F
S2140169A88E280400E421040010450020FE2104007E
S2140169B8244500201722040038B501460446002065
S2140169C8FFF788FB054698B1E37C00200A4A0B4985
S2140169D803F06EFE2379042B0AD02946204621F0BF
S2140169E858F8034620B10020054A064903F060FE20
S2140169F86FF0FF0038BD00BF010304003F2204000A
S214016A08751B04007D1B040010B51346094A12784D
S214016A1882420DD163B1084A002014680A46074924
S214016A2803F046FE2146BDE810400120FFF752BBA1
S214016A3810BD00BFD97200207448002061220400EE
S214016A4810B50D4B1C782CB1BDE8104000200B4941
S214016A5803F02EBE6420FEF763FE4FF6F0716FF06A
S214016A680F02074B0320C3E9001222462146BDE860
S214016A781040FEF7D3BE00BFA36400209A2204008C
S214016A8814450020014B1870704700BF9F64002012
S214016A9800210620014AFEF7C1BE00BFC027090033
S214016AA8014B1870704700BF9C640020114B2DE9FC
S214016AB8F04107460D4618680F49101A09681FF075
S214016AC89FFDDFF840800D4E98F800400346FF2CE6
S214016AD8307004D0A8420AD32C44A04207DB3A46B9
S214016AE80020074903F0E4FD337888F80030307851
S214016AF8BDE8F0812C45002028450020A46400202C
S214016B08C8230400DA72002050EA010208D0FF22E6
S214016B18054B091A1A70054B1860054B1960704722
S214016B2811461046FFF7C2BFDA7200202C45002036
S214016B38284500202DE9F04FAFB006AD284600F0F5
S214016B48FDFD0026624FDFF8D091284600F090F947
S214016B58044648B900F0BEFD5E490246204603F0E9
S214016B68A7FD2FB0BDE8F08F39460020F2B203F03A
S214016B789FFD284616A900F0FFFD044620B1564998
S214016B88002003F095FD8FE0BDF85820534903F027
S214016B988FFD49462046BDF85A2003F089FD204658
S214016BA8BDF85C204E4903F083FD2046BDF85E2003
S214016BB84C4903F07DFD2046BDF860204A4903F0A4
S214016BC877FD2046199A494903F072FD2046BDF81B
S214016BD86820474903F06CFD204646490DF16A02D4
S214016BE803F066FD44492046239A03F061FDBDF88B
S214016BF85C30D90705D520469DF890203F4903F01B
S214016C0857FDBDF85C309A0714D500203C4903F0BF
S214016C1869FDBDF85830B3F5807F4FD1002020F0CC
S214016C2898FE18B10DF1910003F0C4FC0020354917
S214016C3803F03EFDBDF85C305B070BD50020BDF8C0
S214016C48B220314903F034FD0020BDF8B4202F49A5
S214016C5803F02EFD062228460DF116030AA91FF099
S214016C68FEFC044690BBBDF81620294903F020FD1A
S214016C78DFF8A8A0DFF8A8B00DF12808BDF81610AF
S214016C88A2B2914210D9B8F800205146002003F06C
S214016C980FFD0134D8F804205946002003F008FDFA
S214016CA8062C08F10808E9D16C46204600F05AFD82
S214016CB894E80F00013685E80F0046E701232022F5
S214016CC800200DF1910103F057FCAFE7114957E792
S214016CD8DA230400A7250400E3230400072404009C
S214016CE83B240400542404006D2404008624040074
S214016CF89F240400B8240400CD240400E9240400D9
S214016D0802250400513A0400152504002E25040026
S214016D18472504007A250400202404005825040089
S214016D28682504002DE9F04188B004AD04462846DC
S214016D388846002700F002FD6E46474507D195E8CC
S214016D480F0084E80F00204608B0BDE8F081304601
S214016D5800F008FD96E80F0085E80F00284600F0C9
S214016D6887F801370028E8D1014B0FCBE9E700BFC8
S214016D78908F04001FB5D0E9023253F822306846D6
S214016D881978FFF7CFFF684600F07CFD48B1042864
S214016D9809D1074A0020074903F08AFC05B05DF8C7
S214016DA804FB054AF6E70020044903F081FCF5E7F1
S214016DB8492F0400C2250400F9280400CE1E040049
S214016DC810B5D0E9023203EB8201496853F8223044
S214016DD898B00C6804A81978FFF7A4FF03AB402203
S214016DE80093214608AB04A800F0E2FC024628B14D
S214016DF800200E4903F05CFC18B010BD039808A9E2
S214016E0800F007040122C0F3C70003F0FBFB039957
S214016E1808A8091B0144064801232246008803F0F6
S214016E28ABFB044803F0E4FBE6E700BFD225040009
S214016E389C5D0020513A0400F0B504460D460B4B04
S214016E48EF880FCB84E80F00AB882E899B0741BFDC
S214016E58D5F83900D5F83D1004F1080303C3EA68EC
S214016E682046278066806260F0BD00BF488D04001A
S214016E78102208B5034908F02BFC003818BF01207A
S214016E8808BD00BF908F040008B521F07DFDC288BB
S214016E98FF219208012A38BF012202481EF06DFF21
S214016EA8012008BD3C45002038B5134690B10120A5
S214016EB8274A1070274A00201160274A13600A469D
S214016EC8264903F0F5FB02F043FB254B1870022018
S214016ED802F044FB21F073FDE8B91D4D1D4C2B78DB
S214016EE82BB921F051FD2268C368134423601A4B5D
S214016EF824681B689C4229D221F046FDC1682046B9
S214016F0806F022F8002402462C7050B921F057FDED
S214016F18FFF7BAFF03E0FFF7B7FF0028DDD001202F
S214016F2838BD20460F4903F0C3FB0D4B187802F015
S214016F3815FB00200C4903F0BBFB00F091F908B9DA
S214016F4800F0AEF92046FFF7B7F8E8E70124ECE7CA
S214016F58A66400203445002030450020F9250400A9
S214016F68A5640020252604004526040038B500F04F
S214016F784BFA044600F042FA241A21F005FD0546AC
S214016F8818B9B1211B4826F0E6FFAB8803F00303C6
S214016F98032B03D0B221174826F0DDFF00F02EFAA6
S214016FA805461FF0CFFB01238340013B2B4203D04C
S214016FB8B421104826F0CFFF1FF0C4FB01238340FD
S214016FC8013B234203D0B5210A4826F0C4FF05F049
S214016FD891FD05461FF0B6FB4FF48063B3FBF5F34E
S214016FE8C440A34205D2BDE83840BA21014826F07C
S214016FF8B2BF38BD5B260400FF2108B504481EF061
S214017008CDFEBDE80840002211461046FFF74CBFEA
S2140170183C450020F7B504460E4600F089F80546BB
S21401702821F0B2FCC3682B449C4220D31FF08AFB94
S2140170382C44C440013C114F3B68DEB1A34219D130
S21401704801340023ADF8043000F0E4F9054605F0F4
S21401705851FD103504FB005405F04CFD01A902460C
S214017068204605F099FD1FF07DFB386004E04FF0DF
S214017078FF34E0E7A342E4DB03B0F0BD986E0020DE
S2140170884FF0FF320A4B10B51A600022094B1A70EE
S21401709800F0B4F9044600F0B7F92146024601208B
S2140170A8FFF702FF00280CBF0120042010BD00BF17
S2140170B8986E0020A764002038B500F0D1F808B90A
S2140170C8002038BD094D0A4C2B7823B91FF04AFB1E
S2140170D8012320602B7024681FF034FB01348440A0
S2140170E8EED000F025F82044EBE700BFA7640020A7
S2140170F8986E002070B50D4C2368002B01DA01202C
S21401710870BD00F07BF9054621F03EFC2468C66890
S2140171181FF018FB013404FA00F1294401208A19EA
S214017128FFF7C2FE0028EAD00420E9E7986E00209F
S214017138024B18680C301FF045BB00BF9C6E002040
S214017148FF2307B50021044A04480093FBF78AFC8D
S21401715803B05DF804FB00BF017001003C45002048
S2140171680E4B70B51C680546036804F582641C441A
S2140171780E46FFF7DDFF2B68834208D232681A44B1
S214017188824208D9C31A012033602C6070BD044AB4
S214017198126813441C1A0020F7E700BF9C6E0020F3
S2140171A8384500202DE9F04FB3F5803F87B00F46EC
S2140171B89846019003D3002007B0BDE8F08F03A9D5
S2140171C804A8CDE90332FFF7CBFF0024824600F17D
S2140171D80109DFF888B05FFA89F9019BDDE90356F2
S2140171E8AAB27BB13046109921F0D5FB0028E2D12E
S2140171F8B9F1020F2BD1DBF800300493019B03BBD6
S2140172082F4421E03946304605F0C6FC0028D2D185
S214017218BAF1000FECD0002CEDD105F06BFC2E4432
S214017228B6FBF0F303FB10600028E4D005F062FC1F
S21401723805A902463046059405F0AEFC0028DAD0CA
S214017248B9E7109B2B441093A8EB05050395631C1F
S2140172584B454FF00104C0D32046ADE73845002022
S2140172687FB56B460C4A1068516803C390680C22B8
S21401727818600A4B0DEB0201186821F08CFB0C22F2
S21401728868460DEB020108F023FAB0FA80F04009CF
S21401729807B05DF804FB00BF588D04009C6E002003
S2140172A81FB5084A01AB1068516803C3906801A965
S2140172B81860054B0C22186805F06EFC05B05DF8E1
S2140172C804FB00BF588D04009C6E0020F7B50446E9
S2140172D815460E4681B9072A03D80024204603B06E
S2140172E8F0BD0D4B80791968E379063000EB032071
S2140172F80C3180B21FF070FA002721462B46324621
S21401730838460097FFF74EFF04460028E5D0394671
S2140173187019FFF77FFEE1E79C6E0020024B1868A4
S214017328A0F50060704700BFA86E002010B58AB0AF
S214017338684606F015F810F0FF0027D1009BFBB150
S214017348174C01A9206005F083FF10F0FF001DD13E
S2140173582268009B9A4204D34FF4DD71114826F047
S214017368FAFD019B104A11491360029A13440B60F7
S2140173780F49A3F500630A600E4A1360009B63B9C0
S21401738840F2CF11074826F0E6FD06E0044A034618
S21401739812680020084903F08BF90AB010BD00BF37
S2140173A8A06E00200E27040038450020A46E002099
S2140173B8A86E00209C6E0020B627040008B5FFF7CB
S2140173C8B5FF21F0E1FA50B121F0DEFA064B026969
S2140173D81B689A4203D2B321044826F0BCFDFFF786
S2140173E8C5FD012008BD00BFA86E00200E270400B9
S2140173F8014B1868704700BFA06E0020014B186843
S214017408704700BF38450020014B1868704700BF19
S214017418A46E0020014B1868704700BF9C6E0020C0
S21401742810B5FFF749FE04462849002003F040F945
S2140174380020274903F03CF90020264903F038F9D3
S2140174480020254903F034F9244B00201A68244902
S21401745803F02EF922462349002003F029F9FFF705
S21401746867FE21490246002003F022F91F4B00203F
S2140174781A681F4903F01CF91E4B1F4C1A68002096
S2140174881E4903F015F9226800201D4903F010F97A
S2140174984FF4806200201B4903F00AF92268002095
S2140174A81949103203F004F92268002017490C32F2
S2140174B803F0FEF822680020154902F5826203F0FF
S2140174C8F7F8BDE8104005F049BA00BF35280400B2
S2140174D87228040091280400B1280400A06E002038
S2140174E8DC280400FB2804001E2904003845002077
S2140174F841290400A46E00209C6E00206429040023
S21401750887290400AA290400CD290400F0290400CB
S214017518132A04002DE9F04194B004460D460020D4
S214017528482102AA1FF069F918B9534903F0C0F8AF
S21401753819E060220021204607F07EFD04224F490B
S21401754802A808F0C5F890B16DB19DF80B3000207F
S21401755801939DF80A309DF80820009348499DF844
S214017568093003F0A5F8012014B0BDE8F081BDF894
S2140175780C20B2F5807F228003D0424903F098F8A8
S214017588F1E7BDF81420BDF80E102281DDF81620AB
S2140175986180E2600499BDF81A206160228284F84D
S2140175A8320007AD04F112020FAE2B4603CBB342ED
S2140175B8106051601D4602F10802F6D10F9B324A4F
S2140175C863631360314B10221846002107F034FD1F
S2140175D8E288A388028022894280E26842600BB969
S2140175E80020C1E700263546A388D90709D536B154
S2140175F805F150026A4412F8482C84F838200135FF
S214017608EDB29A0714D520881FF00DF807466EB11B
S21401761802AB03EB05080246414604F1390007F0C0
S2140176289BFE3A4641461A4807F096FE2F44FDB29D
S214017638A3885B070DD556B105F150036B4433F8A3
S214017648482C33F8463CA4F85A20A4F85C30043594
S214017658EDB2002EC4D1482D02D930460D4965E752
S2140176682946382002AA1FF0C8F808B90A495DE772
S21401767838250126B8E700BF362A0400648D0400C1
S214017688682A04009E2A04005C4500206045002004
S21401769868450020B92A0400092B040030B50B4CB4
S2140176A899B025786DB9FFF789FE68B1294668460D
S2140176B8FFF730FFB0FA80F0054B40091870012338
S2140176C82370002019B030BD0120FBE7A864002014
S2140176D8A9640020014B1878704700BFA9640020F0
S2140176E870B51E46134B044618881D46884298B046
S2140176F802D15B88934206D00F4B0FCB84E80F006C
S214017708204618B070BD96B100216846FFF702FF03
S2140177180028F1D1BDF804305B0708D53388BDF8D9
S2140177285A209A42E8D8BDF85C209A42E4D395E8F4
S2140177380F00E3E760450020908F0400064B10B564
S2140177481B7804462BB9054B0FCB84E80F0020465F
S21401775810BD034BF8E700BFA9640020908F040012
S2140177686045002010B50446024B0FCB84E80F0095
S214017778204610BD908F04000B4B10B51B780446AD
S21401778808467BB10021FFF7C5FE48B910222146FD
S214017798064807F09DFF003818BF0120C0B210BD8B
S2140177A80120FBE70120FAE7A964002060450020D4
S2140177B82DE9F0410E4690460E4910221F4607F065
S2140177C887FF044670B90C4B3A461D683046AD1B18
S2140177D8454528BF454629461FF00FF828B90749E9
S2140177E802F066FF0120BDE8F081069B20461D6079
S2140177F8F9E700BF604500205C450020092B04001E
S2140178080022024B1A70FFF73BBC00BFA964002098
S2140178182DE9F0419CB00F4616468046FFF74CFC12
S214017828054602461549002002F042FF382D20D9A8
S214017838012104A8FFF76EFE0446D0B9119B04A9DE
S2140178483B606F463846FFF7F7FA97E80F0086E879
S2140178580F00119BAB4297BF01210324084AC8F8C1
S214017868003094BF1170C8F8005020461CB0BDE81F
S214017878F0810022024B01241A70F6E73B2B040024
S214017888A964002070B5084D00262B7853B1FFF780
S214017898F7FB04461022002104482E7007F0CCFBA3
S2140178A8204670BD3446F5E7A964002060450020EF
S2140178B808B50020064902F0FBFE064B00201A78A0
S2140178C8054902F0F5FEBDE80840FFF7A9BD00BF6F
S2140178D85A2B0400A9640020842B040003460120C7
S2140178E8024AC3E9032000221A7070470100FEFF0E
S2140178F82DE9F0410024264E264FDFF8A88088B0EF
S21401790800F0D4F9A5B2854202D308B0BDE8F081EB
S214017918284603A91EF0A7FFA2B23146002002F0AE
S214017928E1FE9DF80D2012B39DF81210BDF8103037
S214017938402914BF6E2179210020CDE9003139464E
S214017948BDF80E3002F0CEFEBDF814201AB10020A4
S214017958114902F0C7FE9DF80C00BDF8182070B951
S214017968079B0E490093BDF81A3002F0BBFE0020B3
S2140179780B4902F09DFE013426F0FAFAC0E7BDF87D
S2140179881C304146009300209DF81A30EDE700BFF1
S2140179989D2B0400A32B0400C62B0400D02B040047
S2140179A8513A0400F72B040010B500F0ABFABDE815
S2140179B810400346024A0020024902F079BE00BF81
S2140179C81F2C040056F40300D0E9023253F8223083
S2140179D810B5188800F086FABDE810400346024A3A
S2140179E80020024902F064BE252C040056F4030068
S2140179F810B5D0E90232002486B08DF8044053F859
S214017A08221003EB8203097801A88DF805105A683D
S214017A181288ADF806209A681288ADF80820DA6848
S214017A281278ADF80C40A24214BF402280228DF88D
S214017A380A201A691288ADF810205A699B691288BB
S214017A48ADF812201B68059300F0D0FB034A0346E5
S214017A580349204602F02CFE06B010BDC10A0400F8
S214017A6856F4030038B50024064D26F06DFA45F89D
S214017A7824000634C02CF8D10020BDE8384002495D
S214017A8802F016BE801000202C2C040030B5002011
S214017A9887B0204902F00CFE00201F4902F008FEBC
S214017AA800201E4902F004FE26F04EFA0024054680
S214017AB8A0B201A901341EF0D6FE202CF8D126F07A
S214017AC843FA1749421B002002F0F2FD154900202F
S214017AD802F0EEFD26F038FA0446012000F09EF882
S214017AE826F032FA0E49021B002002F0E1FD0E498B
S214017AF8002002F0DDFD26F027FA04461EF0A4FE5B
S214017B0826F022FA021B0020054907B0BDE83040DE
S214017B1802F0CEBD582C0400872C0400B72C0400B4
S214017B28D42C0400E32C0400FD2C040010B50C46EC
S214017B3803F022FD08B9032C12D101F0FFF804283E
S214017B480ED001F0FBF805280AD0064802F060FCC2
S214017B581C2801D11FF025FEBDE8104002F068BCC4
S214017B6810BD00BF5B6803002DE9F04F00274FF0FA
S214017B78FF36DFF8A4B0264C87B0BBF80030B8B2A1
S214017B88834209D8731C3BD03246FF21214807B0EF
S214017B98BDE8F04F1EF0F1B801A91EF064FE9DF88D
S214017BA8050001F001FFF8B19DF80480B8F1000F57
S214017BB81AD1BDF810A0BDF8129026F0C5F9182103
S214017BC80246BBB24B43E018E158007C4FF47A7387
S214017BD8A2EB010C50B103FB0AF363450ED30B4429
S214017BE8981A864228BF06460137C6E74D466B43B4
S214017BF8FAD06345F5D31944881AF2E74046F0E708
S214017C08FF21044807B0BDE8F04F1EF0C7B800BF13
S214017C188010002070450020825D00202DE9F0418B
S214017C28014688B058B1022810D01EF036FE78B347
S214017C38D221194808B0BDE8F04126F08CB9FF23D7
S214017C48164A17480093FAF70DFFEEE700244FF09F
S214017C5801082746134EA5B2284603A98DF80D70CC
S214017C681EF001FE9DF80D0068B101F09DFE20B1E1
S214017C789DF80C300BB986F810800134202C06F1DB
S214017C881806E8D12546084B1D80FFF76DFFCCE79F
S214017C9808B0BDE8F08100BF1D2D0400D97F0100A2
S214017CA87045002080100020825D0020014B188856
S214017CB8704700BF825D00202DE9F04F634A077DBB
S214017CC889B004466249002002F00CFD00201FF02E
S214017CD840FE20B12368218A588803F09BFC0020C7
S214017CE85C4902F0E5FC637DDFF87491002B23689C
S214017CF808BF08205988574B18BF00200093228ACE
S214017D084FF0090314BF4FF080084FF0400802F007
S214017D182FFBA289BB1C93420CDB1FF0B4FE034663
S214017D2820B100204C4A4D4902F0C2FC012009B09E
S214017D38BDE8F08FA068791C89B2C55D1FF0C2FD49
S214017D480337012D0646BFB213D823683246598831
S214017D585879238A009343461FF0FEF98246002885
S214017D683ED1862002F0CCFB284602F0C9FB3046FD
S214017D7868E08520F6E703A91EF075FD9DF80C302E
S214017D88AB4223D123689DF80D105A7991421DD133
S214017D98BDF80E105A88914218D1BDF81020B2428B
S214017DA814D19DF81220424510D1BDF81410228A2C
S214017DB891420BD1002D38D0BDF81810E2889142B7
S214017DC804D19DF81A201B799A422ED00BF1010B8B
S214017DD8B9F800305FFA8BF08342CCD88B20C1E724
S214017DE84FF0000BF4E79AF8020002F089FBBDF8A1
S214017DF818001FF02AFDBDF81A001FF026FD9AF894
S214017E08020003F027FE002883D19AF8020001F049
S214017E189DFC0546079E002D3FF47BAFF0B2013D61
S214017E2802F06EFB360AEDB2F5E7002002F068FBB9
S214017E38284602F065FB30461FF007FD012DD2D11A
S214017E48BDF81C001FF001FD63E700BFAC2D040060
S214017E587E210400513A0400B92D0400D62D0400F1
S214017E68825D00202DE9F04391B0694680461EF0F8
S214017E78FAFC0023194F8DF801303888431E98B252
S214017E888045388009D1694640461EF0F4FC6846AC
S214017E981EF0D8FC11B0BDE8F0834FF0180905A90B
S214017EA81EF0E1FC0E4C3E880AAD09FB06460FCED5
S214017EB80FC596E8030009FB084485E803000AAEE7
S214017EC8404605A91EF0D7FC0FCE0FC495E803005F
S214017ED884E8030069463888D7E700BF825D00203A
S214017EE88010002008B5064B1B88834205D9FFF78A
S214017EF8B9FFFFF739FE002008BD2720FCE700BFC1
S214017F08825D002038B5074D2C882CB9FF2106481C
S214017F181DF044FF204638BD601E80B2FFF7A2FF61
S214017F28F2E700BF825D0020704500202DE9F34787
S214017F389A4618239DF82890244FCDE9001203FB92
S214017F4809731446D3E902231FF07CFE0646204631
S214017F580D4603F07FFD04F0FD03382B80460FD154
S214017F68009432462B460021DAF810001EF0A6FCD3
S214017F78B8F1010F1BD135431ED102B0BDE8F08719
S214017F88392CDAF810300BD107EE906A07EE103A62
S214017F98F4EEC77AF1EE10FAACBF01200020E7E74D
S214017FA89E4275F100032CBF01200020E0E7B8F1DE
S214017FB8000FE2D10028E0D0182303FB097701233C
S214017FC83B7402B0BDE8F047FFF7CEBD8010002035
S214017FD82DE9F04F00252E46A846AA462C46DFF87E
S214017FE8BC91D1B0694BA8B21B88834209D81CB191
S214017FF861882079FFF79AFDFFF7B6FD51B0BDE815
S214018008F08F0BA91EF02FFC25F09EFF1823AFB2A8
S2140180187B4309EB030B59F8033005909DF82D00B7
S214018028049301F0C1FC002800F0AE809DF82C10E6
S214018038002940F0A980DDE90432D01A4FF47A729B
S214018048BDF838305343834200F29E809BF81030C7
S21401805843B9BDF83A30002B00F09680534383426B
S21401806800F29280FD230022CDE9013210AB009385
S2140180780DF119020DF11A03E9B20BA8EEF748F94A
S214018088002877D1BDF81A30DA1C0493D2B214B39B
S2140180983F4B9DF82D101B8813442279914214D129
S2140180A8BDF82E10628891420FD19DF83220B8EBA8
S2140180B8D21F0AD1BDF83420524506D1B3424DDD50
S2140180C80020344902F0F4FA01E0B342F8DC618892
S2140180D82079FFF72BFD02F0E7F904469DF93200F7
S2140180E82D4BC043C00F0093BDF834200A23BDF8BA
S2140180F82E10C0009DF8328002F03AF99DF82D3016
S2140181084FF0000B23714FF48A53FF26BDF834A0B5
S2140181184FEAD818E38007A95FFA8BF01FF036FFFD
S214018128C0B2B0B99DF81D109DF82D20914210D10E
S214018138BDF81E10BDF82E2091420AD122469DF8A0
S21401814829109DF81C001FF0A7FCB04228BF304636
S214018158C6B20BF1010BBBF1200FDCD1BDF8300024
S2140181681FF073FB9DF8190002F0CAF9049910A8CC
S21401817802F0DAF9182300225F4309EB07031A74A1
S21401818825F0E2FE49F8070001352BE7825D00205D
S2140181988C5D0020952E0400513A040080100020C2
S2140181A870B500240126104D8AB02B88A0B28342F0
S2140181B804D80AB0BDE87040FFF7D6BC05A91EF082
S2140181C852FB9DF8150001F0EFFB50B19DF81430F5
S2140181D83BB91A46CDE901360093E1B205A8EEF798
S2140181E897F80134E1E700BF825D00202DE9F043EE
S2140181F80389DFF858818BB0B8F8009000930446DD
S21401820883798288418840781EF0A6FF002800F00E
S2140182189580E78927B1A389BB4200F291800027A0
S214018228B8F80030BDB2AB4214D84D4601264FF619
S214018238FF73E2899A4226D146B9B8F80030AB42B4
S21401824802D92846FFF70EFEFFF78EFC00200BB07A
S214018258BDE8F083284605A91EF005FB9DF81430F5
S2140182687BB92268059B5340FF2B0AD86368069E94
S2140182785E4036F07F4604D1BDF81C2023899A4219
S214018288D5D00137CCE7E2689A422BD0002E53D1DD
S214018298D4E90323CDE9082305A81EF0D3FA00285C
S2140182A8D5D1B8F80030AB4204BF6B1CA8F8003033
S2140182B825F04AFE18236B43234AE9B2D050D41856
S2140182C8002305A81A46CDE901330093EEF720F8F6
S2140182D818B100220023C4E90223284605A91EF086
S2140182E8CAFAB1E7234605AA04F1100C174618681E
S2140182F85968083303C763453A46F7D118683860A2
S21401830805A81EF0A2FA0028C0D01F2D1AD80023EF
S2140183188DF8143063788DF815306388ADF816300B
S214018328A388ADF81830A3798DF81A302389ADF8EB
S2140183381C300028B0D1ABE70020E6E7862086E7A8
S214018348872084E7892082E780100020825D00204C
S2140183582DE9F04FB04A90F814908DB00446AF4915
S214018368002002F0BFF900201FF0F3FA20B12368BD
S214018378218A588803F04EF90020A94902F098F995
S214018388637DDFF8B8A2002B14BF80234023029335
S214018398236808BF08205988A14B18BF00200093FE
S2140183A8228A072301F0E4FF00230393A28909F137
S2140183B80305954211DB039B13B9184602F0A0F892
S2140183C81FF061FB034620B10020964A964902F049
S2140183D86FF901200DB0BDE8F08FA06809F1010121
S2140183E889B210F809601FF06DFA324680460346D6
S2140183F88E490020ADB202F05BF98EB1012E00F075
S2140184088A808527384602F07BF8304602F078F8ED
S21401841840461FF01AFA852FD2D00123039376E03F
S214018428A06809F10401A28989B2475D1FF04AFADA
S21401843809F10601A289049089B2A0681FF042FAE0
S2140184483A4605900090049B3046794902F030F987
S21401845809F1080938461FFA89F503F0FBFA0028DE
S21401846857D1384601F072F9294603468146A28952
S214018478A0681FF018FA6F498346304602F032F9B1
S214018488A1684A4629443346304602F075F8304614
S214018498634902F00DF9A9441FFA89F52368424693
S2140184A859885879238A0093029B1EF055FE18B105
S2140184B88378BB4240F0AC80483FFFB2092F05D80D
S2140184C840F21133FB40DB0700F1A48000238DF84E
S2140184D81C30236807A85A798DF81D205B88ADF8EB
S2140184E82080ADF81E30029BCDF82CB08DF82230D6
S2140184F8238AADF82430049BADF82830059BADF8E7
S2140185082A30FFF773FE074600287FF47BAFA9469B
S2140185184CE7B346C2E72946A289A0681FF0D2F9FC
S2140185284FF0000B024607464349002002F0C0F808
S21401853809F10509BAF800301FFA89F5BAF80020DA
S2140185481FFA8BF94A4503D81F2B31D9892759E7D2
S214018558484607A904931EF086F99DF81C20049B3B
S214018568012A22D122689DF81D00517988421CD122
S214018578BDF81E005188884217D1BDF82010414524
S21401858813D19DF82210029881420ED1BDF824001D
S214018598218A884209D1BDF82800E188884204D199
S2140185A89DF82A10127991421BD00BF1010BC5E7F1
S2140185B8012299468DF81C20226851798DF81D10E4
S2140185C85188ADF82080ADF81E1002998DF822105A
S2140185D8218AADF82410E188ADF8281012798DF8B3
S2140185E82A2007A8ADF82C701EF02CF9074600289B
S2140185F87FF408AFBAF800304846994508BF09F134
S214018608010307A908BFAAF800301EF034F97EE76F
S2140186188D27F7E68C27F5E6C02E04007E21040098
S214018628513A0400212F0400D62D0400C82E040058
S214018638E52E0400062F0400112F0400825D002099
S2140186482DE9F04F074688469146002589B09A4697
S214018658BDF848B09DF84C60149C224B1A88A8B205
S214018668824235D903A91EF0FEF89DF80C201D4B51
S214018678B2BB9DF80D10B94232D1BDF80E10414576
S2140186882ED1BDF8101049452AD19DF81210514532
S21401869826D1BDF81410594522D13046029201F070
S2140186A855F8A6F14103012B01460AD820461FF0CA
S2140186B80FF90D4B0D4A204484420CD10421029334
S2140186C802ACEDB232462046009503ABFFF72EFC0E
S2140186D809B0BDE8F08F14F8011F4B405343EBE790
S2140186E80135BBE7825D0020C59D1C819301000111
S2140186F81FB50F4C2478C4B142EA03229DF81830FE
S2140187088DF8051042EA43220A4BADF80C201A7878
S214018718094B8DF80610079903EB021300908DF8A4
S2140187280400DB6868460291984704B010BD00BF94
S214018738AA640020AC6400209045002073B51A4D49
S214018748FF211A481DF02AFB2B7853B3184C194EF3
S2140187582378180106EB03131A7A5968305C1FF060
S21401876899FC4D281DD0E0B1012300212278CDE9DE
S21401877800311201B25CC0B2FFF7BAFF0A222378B1
S2140187880A480133DBB2B3FBF2F102FB1133FF21D6
S21401879823702B78013B2B7002B0BDE870401DF0AA
S2140187A8F5BA02B070BD00BFAA64002030460020AA
S2140187B8AC64002090450020F8B5104F3E780A2E8C
S2140187C81AD00FC8DFF840C00D4D9CF8004001369E
S2140187D805EB041585E80F000A230134E4B2B4FB5F
S2140187E8F3F203FB12440748FF218CF800403E7061
S2140187F81DF0CCFA0020F8BD0120FCE7AA64002091
S2140188089045002030460020AB6400200021024A33
S2140188180248FAF75DB900BF4587010030460020D7
S214018828002337B50C46124D12492A78CDE9003394
S21401883812018A5C01230146E0B2FFF759FFA4B989
S2140188480D490A788AB10A202B78013A0133DBB23E
S214018858B3FBF0F40A70FF2100FB143307482B70B2
S21401886803B0BDE830401DF091BA03B030BD00BF7B
S214018878AC64002090450020AA6400203046002001
S21401888808B500F0BDF850B1054B064A064905285B
S21401889808BF1A46BDE80840002001F009BF08BD18
S2140188A8352F0400513A0400562F040008B503205A
S2140188B81FF00AFC10B90122014B1A7008BD00BF4F
S2140188C8AD6400200022024B18781A70704700BF6A
S2140188D8AD6400200246FF2101481DF04EBA00BFD4
S2140188E850460020114B37B51D78C5B9FF211048F1
S2140188F81DF054FAFFF7DAFF044600900D4B2846A0
S2140189080D4A0E4901F0D4FE4CB10D4B1B78DB061F
S21401891805D528461FF0B2FB20461DF004FE094B7C
S214018928186803B0BDE83040FFF7D4BFAD64002037
S21401893850460020732F0400A12F0400600704008E
S2140189489B640020AC6E0020FF2101481DF026BA6A
S2140189585046002070B51A4E054633780C466BB360
S2140189680020184A184901F0BDFE032C01D0652CD9
S21401897820D11649002001F0B5FE224600201449F0
S21401898801F096FE0020134901F0ACFE01232946AA
S2140189980822002001F0F0FD00200F4901F088FEB2
S2140189A8032C88BF0023204688BF3370BDE870407B
S2140189B8FCF7BEB8012CE0D00849DBE770BD00BF64
S2140189C8AD640020A12F04004A0B0400B42F040054
S2140189D801120400D22F0400513A0400CA2F0400E1
S2140189E8014B1860704700BFAC6E00200021024A98
S2140189F80248FAF76DB800BFED880100504600201E
S214018A08054B10B51C782CB90448FF211DF0BEF99A
S214018A18204610BD0520FCE7AD6400205046002026
S214018A28F8B50024074B084E1D68084FE3B29D426F
S214018A3804F1010400D8F8BD394656F823001CF0A5
S214018A4864FBF3E77CAB040080AB0400786F00207E
S214018A5810B5044C23780BB11FF026FB01232370B5
S214018A6810BD00BFDB7200202DE9F743254B0D46EC
S214018A7816460446019350B14AB1042301AA12F8D6
S214018A88011BA94235D0013B13F0FF03F7D1212082
S214018A9803B0BDE8F08317F8010F90FAA0F0000EB6
S214018AA81CF06FFD014608EB07039945F3DCCAB2D3
S214018AB8C1F30F2392FAA2F293FAA3F3120E1B0E36
S214018AC803EB0223DB43621912F8020C99B2DBB2FC
S214018AD898420CD112F8013CB3EB112F07D132465C
S214018AE82146284603B0BDE8F0431FF045BA2320C7
S214018AF8CEE74FF6FF71671EA5F10209C4F101081A
S214018B08D1E700BF080A0E12014B1870704700BF64
S214018B18AE640020024B1A6818608260704700BF76
S214018B28B06E0020024B186800B14068704700BF5D
S214018B38B06E002070B5044600250A4B1B687BB151
S214018B4800211E8807E05A6802EB0110013145B979
S214018B58021B554255418AB29642F4D89B68EEE705
S214018B68184670BDB06E00202DE9F04F1E46002352
S214018B7893B0022E074688461446DDF870909DF895
S214018B8874A0ADF81A3040F2C08099F800305A0740
S214018B9829D5042E40F2B98099F804B000255F4B18
S214018BA833F83520002A00F0B68001350A2DF7D1B2
S214018BB8209B002B40F0AD80FF250023207908AAD2
S214018BC80DF119018DF819301EF010FE70B1BDF8BF
S214018BD82C309DF8190023801EF08AFE0790C0B13C
S214018BE813B0BDE8F08F99F802B0D7E720791EF0E8
S214018BF82EFB0B28059000F28A8020791EF089FE4C
S214018C0807900028ECD1464A059B02EB03135B88C4
S214018C1823804FF6FF73002F08BF43466288002162
S214018C28CDE9002358465246238802F0FDFD18B1C7
S214018C38E38843F02003E380209B07A90DA8CDE92C
S214018C480D34CDF83C90ADF84080ADF842608DF813
S214018C5844708DF845A01EF0DCFD08B10798BFE703
S214018C68484602F025FDA01D02F010FD22464146A9
S214018C7838461EF011FFB04227D3E3882246C3F3D5
S214018C880E03E3809DF87C3041460393BDF87830A7
S214018C98384602930DF11A03CDE90093F3B21EF09C
S214018CA849F8209B079003B3F8B9BDF81A2042B1DA
S214018CB8092D06D81B4B03EBC5018A80209A43F879
S214018CC835201120FAF7CCFB1CE0BAF1000F0AD1C7
S214018CD80DF11A03CDE9006322464B464146384654
S214018CE8FAF7D2FFDDE73820DBE7052807D1E38866
S214018CF8DB0607D5002301200793FFF705FF079B2F
S214018D08002BDED01EF0F9FDA8E7012068E7212038
S214018D1866E71C2064E7EDB24FE700BF78460020FF
S214018D28E4460020744600204FF6FF72024B1A8074
S214018D385A809A80704700BF845D002010B5044CA5
S214018D482379FF2B02D11FF0DDF92071207910BDA0
S214018D58845D002010B50C4C2379FF2B08D1002028
S214018D681EF0C6FD20B91FF0CDF920711EF0C5FD15
S214018D782079022805D00438012894BF0020012054
S214018D8810BD0020FCE700BF845D00204FF6FF738E
S214018D9810B5044C22889A4202D11FF0A9F9208006
S214018DA8208810BD845D002010B5FFF7BDFF40F692
S214018DB81D439842044607D8B0F5416F05D21828D6
S214018DC826D8152848D829D010BDA0F541630D2B03
S214018DD8FAD801A252F823F0258E0100258E01004B
S214018DE8D18D0100D18D0100D18D0100D18D0100F9
S214018DF8D18D0100D18D0100758E0100878E01008D
S214018E08218E0100218E0100218E0100218E010094
S214018E1840F606439842D7D11C4920E0FFF7B6FF33
S214018E281B490246002001F043FC152C05D11FF012
S214018E3849F9BDE810401EF0F5BC164B164A17490D
S214018E48B4F5416F08BF1A46002001F031FC1EF048
S214018E58E8FC1EF0E7FCECE71628DDD110490020F7
S214018E6801F026FCBDE810401EF0FEBD1EF049F8D4
S214018E78BDE8104002460B49002001F019BC00204D
S214018E88BDE81040084901F013BC00BF31370400A3
S214018E98DE360400513A0400D9360400FA360400D6
S214018EA81A370400463704006E37040007B5094A26
S214018EB80346108831B9084A084903B05DF804EB3F
S214018EC801F010BC0091064A064901F00BFC03B0FC
S214018ED85DF804FB9C5D00205D0204008E370400EB
S214018EE801030400600704000D4B37B51B680446F0
S214018EF893B11D780389012D08BF02250093C37A13
S214018F08084A0020084901F0D3FB2146284603B049
S214018F18BDE830401FF0AEB8022003B030BD00BF38
S214018F28B047002003380400B2370400002010B50B
S214018F381EF0DEFC0D4B1B6863B15A78052A03D870
S214018F4862B1052402220AE0FF2AFAD00020084965
S214018F5801F0AEFBBDE810401EF0CFBC144610462B
S214018F681FF0E4F820461FF0DFF8F3E7B0470020CB
S214018F780838040013B5134C00201EF0B9FCFFF79F
S214018F88D3FE23689BB101A81DF0AEFF78B923680C
S214018F981A789DF804309A4209D0D91E032906D9B1
S214018FA8D11E012903D9012A07D1022B05D1032392
S214018FB801A8ADF804301FF063F802B0BDE8104010
S214018FC81EF09BBCB047002000231946034A013314
S214018FD80A2B918042F8081BF9D170477446002085
S214018FE87FB50E4605461FF04DF82A460446034649
S214018FF80D49002001F05CFB96B10C4B36211A880E
S2140190089B78ADF80C208DF80E30032300220093D0
S2140190184FF6FC7003AB8DF80D501EF087FF044623
S214019028204604B070BD00BF29380400A08F040094
S214019038FF2810B50C4604D10020044901F038FB7E
S214019048FE202146BDE81040FFF7CABF423804009B
S214019058F8B51E460B8807460C461546002B64D104
S2140190684A88B1F9021000200029B8BF6B78304948
S21401907801F01EFB6288132A1DD002F5FF437F33D9
S2140190889BB2052B23D8A2F50042013A052A1ED821
S214019098DFE802F0193F1D033C09264A264900204D
S2140190A801F006FB13E0254A2349002001F01AFBCC
S2140190B82A792349F3E7022E94BF4FF6FF72B5F8D3
S2140190C801202049EBE700201F4901F0F1FA334659
S2140190D82A462146384620F031F870B933462A46E2
S2140190E82146384620F02CF848F2210362889A4235
S2140190F803D1384669781EF082FB6388B3F5004FC2
S21401910802D90820FAF7C6F90120F8BD2A790F49CD
S214019118C5E70F4A0849002001F0E4FA032E94BF78
S2140191284FF6FF726A880B49B9E70020EDE700BFE2
S2140191387D380400A5380400AC380400BD380400A6
S214019148C3380400D1380400E938040003390400A0
S214019158253904002A3904002DE9F04116888AB019
S214019168DFF88C80ADF80E300DF10E03C8F800203C
S21401917815460093324610AB07460C46FAF716FE1C
S21401918890BB109B8DF824000693BDF80E3004A8FA
S214019198ADF81C30AB898DF81070ADF820306B89AE
S2140191A80594ADF81E60ADF822301EF030FBD8B934
S2140191B821463046BDF80E30109A01F0C9FF98B91D
S2140191C821463046BDF80E30109AFFF741FF58B9D0
S2140191D8CDE9006039462046BDF80E30109A02F0F7
S2140191E849FB08B9C8F800000AB0BDE8F08100BF1D
S2140191F870460020F0B585B004AB03E903000023F0
S2140192081C469DF80D609DF80E70154AD9B202EB02
S214019218C1004568EDB99DF80C30284600939DF8C5
S2140192280A209DF80B300F4901F05CFA26B1324648
S21401923828460D4901F056FA0C4A0020002C18BFA2
S2140192482246BDF808300A4905B0BDE8F04001F0ED
S2140192582FBA12F831100133B94208BF2C46D5E7A8
S214019268488F04003C3904004D390400CC01040041
S214019278513904004FF6FF7310B5084C88B0628860
S2140192889A4207D102A90DF107001DF02BFEBDF881
S21401929810306380608808B010BD00BF845D002070
S2140192A82DE9F04F85B0894692461C460746BDF81B
S2140192B83850BDF83C80109E002833D00346464AF5
S2140192C80020464901F00EFA2388002B76D040F29A
S2140192D80912934274D0424A4249B3F5827F08BFC5
S2140192E80A46CDF804806188002000913E4901F0C5
S2140192F8F9F9238893B1B8F1020F0FD933783B49AE
S21401930813F0010F3A4A18BF0A4659074FF00000F2
S2140193184CBF3379B378374901F0E4F90020364970
S21401932801F0C6F90023354931F83320AA4249D15C
S214019338334A52F833B0002331F83300DA00A84232
S21401934846D100202E490A44908041F8330047B997
S214019358238833B9B4F90230002B02DB0820FAF768
S2140193687FF80120FAF796F89EB13578EB0710D505
S21401937815F0040004D04246012130461EF0A2FA38
S214019388CDE90170434622465146484600961DF0EF
S214019398BBFFBBF1000F06D043462246514648465E
S2140193A8CDE90067D8474346224651464846CDE9A7
S2140193B800671DF06FFC05B0BDE8F08F114A90E715
S2140193C8114A8EE701330A2BAED14FF0000BB2E7F4
S2140193D801330A2BB0D1BAE709F90300783904003A
S2140193E8CD01040066390400863904006939040091
S2140193F871390400B7390400513A04007846002050
S214019408744600205F390400633904000D4BF0B53B
S2140194184FF00C0C1F88054600230B4EDCB2BC42ED
S21401942801D30020F0BD0CFB04F43019345DAC42C6
S21401943805D144888C4202D104799442F2D0013392
S214019448ECE700BF7A720020C06E002073B50126D3
S2140194582B4D2C4C2A462046FF2300210096F9F76F
S21401946801FB2A462046FF2300210096F9F7FAFA5F
S2140194782A462046FF2300210096F9F7F3FA2A46E2
S2140194882046FF2300210096F9F7ECFA2A462046E3
S214019498FF2300210096F9F7E5FA2A462046FF231E
S2140194A800210096F9F7DEFA2A462046FF23002116
S2140194B80096F9F7D7FA2A462046FF230021009698
S2140194C8F9F7D0FA2A462046FF2300210096F9F735
S2140194D8C9FA2A462046FF2300210096F9F7C2FA60
S2140194E82A462046FF2300210096F9F7BBFAFF23F8
S2140194F82A46002120460096F9F7B4FA02B070BD54
S214019508CB650300C44600202DE9F84300244FF03C
S2140195180C090C4B0C4F1E78DFF830803A88E5B200
S214019528954202D33046BDE8F88309FB0585FF213D
S214019538A8681CF041FC18B9AB799E4238BF1E4694
S2140195480134EBE7AF6400207A720020C06E002079
S214019558014B1878704700BFAF640020014B1870A4
S214019568704700BFAF640020F8B506460C461EF0EB
S2140195783BF90546C8B930461DF069FE0B2815D8D3
S2140195880B4B03EB00131F7B87B95A8801212280F6
S2140195989A88304662809B79237100F037FA3946FB
S2140195A86071304600F032FAA07101252846F8BDF0
S2140195B8E446002070B504460E4615461DF047FEE3
S2140195C80B2802D94FF6FF7070BD094B03EB001349
S2140195D81A7B002AF6D146B901222946204600F010
S2140195E83DFA0028EED00088EEE7012EEAD1F4E72E
S2140195F8E4460020FF2313B50DF1070104468DF854
S21401960807301EF0EFF818B19DF8070002B010BD3C
S214019618074B03EB04131B7B0BB1FF20F6E7204631
S21401962800F03AF90028F8D0204600F0E9F9EDE70D
S214019638E446002013B5F6F7EBF90446F6F7EEF91B
S214019648224603461249002001F032F800F084FF52
S214019658FFF7BAFC00F0A6F80221084602F046FD1C
S214019668FFF764FC41F249001EF072FD4FF0FF134C
S2140196780093FF2368468DF804301EF04FFD4FF423
S21401968800401EF02DFD00201EF04AFD02B010BD60
S214019698063A040038B505461EF0C6F890B92846BD
S2140196A81EF072FC044628B140F60443984214BFE3
S2140196B888248D2423462A460020034900F0F8FF13
S2140196C8204638BD8D24FBE71E3A04002DE9FF47E6
S2140196D805460E4617469846BDF83090DDF834A084
S2140196E8BDF83840CDF80090CDE9014AE4B2FFF75D
S2140196F8D7FD43463A4631462846CDE90094CDF88B
S21401970808A01FF0E4FCFF21034B044A044804B0F8
S214019718BDE8F04700F01ABE905D00208C5D002081
S21401972887660020044B01461888102240F0404006
S21401973840F48010F6F79CBF9E8C0400024B186814
S2140197485968FFF757BD00BFEEE704000123064A34
S214019758D15C814202D1054AD05C704702335F2B47
S214019768F6D10020704700BFA28F0400A38F040023
S21401977870B500220446094B1D78094BD0B28542C4
S21401978801D8FF2070BD1E78A64204D10029F9D061
S2140197985E7BF607F6D401321033EFE7B06400209B
S2140197A8E44600202DE9F04198B06B46304A10682F
S2140197B8516803C390680CAA18602E4B14469C4641
S2140197C803F11806154618685968083303C5B342E5
S2140197D82A46F7D112AA1746274B03F1180615464B
S2140197E818685968083303C5B3422A46F7D1234A8D
S2140197F803AB106851684FF0010E03C39068716897
S2140198081860DCF83000002206AB03C30C21EC46D6
S214019818B068CDE909221860194BDFF86C80197019
S214019828184B0DEB01060B9206AD09A91CF8010BA6
S2140198380132187034F8020B0C2A588037F8020BDC
S21401984883F80DE0988016F8010B03F1100303F86E
S2140198580A0C15F8010B08EBC00043F8080C11F8C0
S214019868010B03F8040CE1D118B0BDE8F08100BF84
S214019878383A0400129304002A930400453A040077
S214019888B0640020E44600200C900400014B1878D0
S214019898704700BFB0640020034B03EB0013587BEE
S2140198A800F00100704700BFE4460020F0B504460A
S2140198B80846D9B100220E4B11461F780D4B1D469E
S2140198C8D6B2B74201D8002010E01E78A64206D0CC
S2140198D89E68F688314489B201321033F0E75E7B20
S2140198E8F607F9D505EB02150180A868F0BD00BF9B
S2140198F8B0640020E44600202DE9F34789469046E7
S2140199081D46074618B9002002B0BDE8F0870029B1
S214019918F9D0002AF7D0002BF5D0002400780DF1F5
S2140199280601ADF80640FFF7C1FF0028EBD039461F
S2140199380DF10602BDF806601DF07EFB07460028FD
S214019948E1D00DF10602BDF806A01DF09CFB00282B
S214019958D9D0C9F80070C8F80000037913F02002BE
S21401996819D1DB0614D4BDF806300C4A564413FA4E
S21401997886F612FA86F20BE01A790C33920642BF83
S21401998813F8092C891889B29842F5D8044A0A446A
S21401999801202A60B8E72146024BF5E7D365002087
S2140199A8B16400204C92040008B50021FFF7E0FEE0
S2140199B8FF2817BF044B084603EB0013587B18BF54
S2140199C800F0010008BD00BFE44600202DE9F04183
S2140199D80D4616461F461DF03AFC0B280AD8074CBA
S2140199E83B4604EB001032462946BDE8F041806844
S2140199F81DF0FABB0020BDE8F08100BFE446002058
S214019A08014B0001185C7047E446002070B50C460F
S214019A181DF01DFC0B281BD80F4B03EB00139A688F
S214019A28C2B10023142618461579D9B28D4200D83A
S214019A3870BD116806FB0311097B34B911F0800F5C
S214019A481CBF0130C0B20133EFE711F0400FF7E752
S214019A580020EDE71046EBE7E4460020F8B50D4692
S214019A6816461DF0F4FB0B280BD80F4B4FF0140CC1
S214019A7803EB00139A6800231C461779D9B28F4264
S214019A8801D80020F8BD10680CFB0300017B46B91D
S214019A9811F0800F03D0AC42F4D00134E4B20133A4
S214019AA8ECE711F0400FF5E7E44600202DE9F04F0A
S214019AB8064600243A4B87B01B783A4F0093009B22
S214019AC89C4207D2FF2E08D030461DF0C0FB0B285B
S214019AD8044606D907B0BDE8F08F07EB04131B7BD5
S214019AE82BBB23014FF00008019307EB041A14E07F
S214019AF814221B6802FB05352B89B3F5967F01D91D
S214019B0824F036FA4FF000094FF00C0B29891FFA9A
S214019B1889F291420ED808F10108019B5FFA88F58F
S214019B28FB189B681A79AA42E2D8FF2ED2D10134D3
S214019B38E4B2C4E71FFA89F00BFB00F06B6819184A
S214019B480A7912F0100F23D19AF800E012F0400FAC
S214019B588DF80CE0B5F800E0185AADF80EE00CBF29
S214019B684FF0400E4FF0800EADF8120028468DF8E3
S214019B7810E01DF02DFA5307ADF81400C8780AD581
S214019B880228896800D90968002203A81DF0FCFA92
S214019B9809F10109BAE702288CBF89680831F3E799
S214019BA8B0640020E4460020052370B5094A0688FB
S214019BB81488B44208D19578047B2C403F2C03D9ED
S214019BC80D4201D0506870BD013B02F10802EFD189
S214019BD81846F8E7BC92040070B50024074D084EF5
S214019BE82B78E0B2834200D870BD06EB0010437BA9
S214019BF8DB0701D51DF00AFC0134F1E7B06400204B
S214019C08E4460020F8B50C4600210546FFF7B0FDEE
S214019C18FF2829D0154A060102EB00135B7B03F0E7
S214019C2801016CB143F001031644A142737305D0D8
S214019C38C4B100B202EB00101DF0E8FB0120F8BD2C
S214019C482346F1E77B4311682846CA18127BC95A8E
S214019C58D2091DF047F80134B268E3B21179994286
S214019C68F0D8EBE71427F7E70846E8E7E4460020CC
S214019C78F0B59446497D20B339B3012918BF0421AC
S214019C8800254FF6FF702F462A46144E3488644541
S214019C9811D196F803E01EEA010F0CD0B4789C4265
S214019CA809D30AB1BC4206D81EF0100F03D08AB1F8
S214019CB8BC420CD370B90135072D06F10406E5D16F
S214019CC8F0BD002908BF0821D8E70221D8E72746B2
S214019CD80020F0E727460122FAE700BFA092040019
S214019CE82DE9F04F0A9FBDF824E09DF82C809DF8D9
S214019CF830904C7D78B394B3012C18BF042400250A
S214019D08194800F11C0C068896421ED190F803B03B
S214019D181BEA040F19D08678464516D31BF0100F98
S214019D2891F80FA004D0BAF1000F0ED0B1F810A028
S214019D38BAF1000F09D1A94513D0AE4511D95E5520
S214019D483E88013501363E80ADB204306045DAD131
S214019D580120BDE8F08F002C08BF0824CDE70224B7
S214019D68CDE70020F5E700BFA09204002DE9F04FEB
S214019D780024B1F57C4F0E4638BF4FF0010BA246C2
S214019D88A1464FF6FF781F4628BF274B85B028BF48
S214019D98B3F800B0009001925C4503D3404605B085
S214019DA8BDE8F08FB6F57C4F0CD3204B3A4603EB53
S214019DB8840331465B880098FFF708FE054680B3A2
S214019DC800232AE03A46314600981DF070FAF5E776
S214019DD80C229CB254436A680199105B02EB040C8E
S214019DE8884219D3B9F1000F01D0504514D86146FD
S214019DF82846CDE902321DF0EBF8029B60B1039AC2
S214019E08125BB9F1000F03D0524501D3804503D93F
S214019E18924680464FF0010901332A899CB2A24234
S214019E28D6D80134A4B2B7E702900400049004001F
S214019E382DE9F04F91461A4600238BB08DF8202065
S214019E48BDF850208DF81C00ADF81E10ADF8242082
S214019E5805460F461A4604A907A8159C9DF858609A
S214019E689DF85CA09DF860B09DF864800493ADF8F9
S214019E7822901DF035F9049850B92B46CDE90079A2
S214019E88644A654900F014FC86200BB0BDE8F08FE3
S214019E98BAF1000F14D18378B34206D050465D4A12
S214019EA85E4900F005FC8D20EFE7037913F0010306
S214019EB806D11846574A5A4900F0FAFB8820E4E7C3
S214019EC803795B072CD583685A689B6805920693C5
S214019ED880781DF099FE049B0546DF782146022FFF
S214019EE803463A4610D805A81DF04AFE81462B4679
S214019EF83A46214606A81DF043FEB9F1010F01D0E6
S214019F0801300DD18720C0E705981DF039FE0128DC
S214019F18F8D02B463A46214606981DF031FEEFE763
S214019F28BBF1000F6FD1049F4FF6FF722146B87838
S214019F381CF0ECFF00286BD0BDF82430C5B20093A6
S214019F48CDE902549DF82030BDF82220BDF81E1038
S214019F589DF81C0001961DF056FC002895D1BDF809
S214019F682430CDE902540093BDF822209DF8203014
S214019F78BDF81E109DF81C0001961DF021FA002858
S214019F8883D121469DF8682007A81DF0FDF8002812
S214019F987FF47BAFB8F1000F07D03B462046BDF8EB
S214019FA81E209DF81C101DF092F9BDF82430BDF84E
S214019FB82220BDF81E109DF81C000093CDE901640F
S214019FC89DF82030FEF73CFBBDF82430BDF8222072
S214019FD8BDF81E109DF81C000093CDE902549DF8AB
S214019FE8203001961DF00EFCBDF82430BDF8222065
S214019FF80093BDF81E109DF820309DF81C001DF03A
S21401A008B7F9002041E70020064900F051FBF8E7C0
S21401A01801203AE7523A04005E3A04008A3A0400FC
S21401A0289E3A0400B23A04007FB500258DF8083040
S21401A038BDF820308DF80400ADF80610ADF80A20FA
S21401A048ADF80C306946BDF82830099A01A80B9E70
S21401A05800951DF045F8044630B916B1009B9B786B
S21401A0683370204604B070BD8928FAD128460249C3
S21401A07800F01EFBF5E700BFCF3A04002DE9F04FCC
S21401A0884FF0000AC7B0FFF701FC5FFA8AF6B04244
S21401A09802D847B0BDE8F08F5B4B36019A5D0020C9
S21401A0A85A4900F005FB0020594900F001FB00233E
S21401A0B80593554B9DF8144033449B681A79A24280
S21401A0C802D80AF1010ADEE714224FF000091B68DC
S21401A0D802FB043422891FFA89F39A4202D8059BA7
S21401A0E80133E5E70C231FFA89F803FB08F8D4F8CF
S21401A0F804B023F03DFF0BEB08052B79454913F017
S21401A108400F3BF8083022884FF000000093424B7E
S21401A11818BF0B46414900F0E5FA294620461CF0CF
S21401A12857FF074600283CD13D4900F0DBFA29795C
S21401A138DFF814C111F0010F3A4818BF604611F054
S21401A148020FAA78EB7832D1DFF800C111F0100FB0
S21401A158354918BF6146CDE900010020334900F0B2
S21401A168C1FA2B793BF8082013F0400F4FF0000B8B
S21401A1784FF0FD030DF118082188CDE9023BCDE922
S21401A188007821480CBF40238023805DFFF74CFFF1
S21401A19886280ED12649002000F08AFA09F101091D
S21401A1A898E702462349002000F09CFABFE72249B7
S21401A1B8D1E7A8781CF0FCFED8B140461DF088FB14
S21401A1C8421C92B201234146002000F0D5F93946D7
S21401A1D8208801F001FA4FF6FF73984207D0174B13
S21401A1E8174903EBC0035A68002000F061FA1549C5
S21401A1F8D1E7A8781CF0E2FE20B140461DF06DFBC1
S21401A208821CDEE7EA78DDE7E4460020213B04000D
S21401A2182F3B0400F93A0400FE3A04006F3B0400A1
S21401A228B22C0400063B0400093B0400833B0400EF
S21401A2389F3B040040400400113B04008C9304003B
S21401A2488C0B0400513A0400033B0400193B04003C
S21401A2582DE9F04FC7B0BDF844A10646BAF1040F80
S21401A2680D4614461F46BDF840B163D9CDE9013BFA
S21401A27800920B4602463049002000F019FAFD23E9
S21401A2880DF117090DF118083046029322463B4690
S21401A2982946CDE900B8CDF80C90FFF7C5FE06466D
S21401A2A8B8B9FD22414699F800001CF02FFE074672
S21401A2B8C0B1AAF10403834238BF892620461DF09F
S21401A2C8C4FA8EB1304600F01BF9304647B0BDE8F7
S21401A2D8F08F009023462A460020184900F0E8F936
S21401A2E80027EBE78926E9E7DFF85CA0BA1CBAF88D
S21401A2F80030C3F1FF039A4219DA304600F000F93C
S21401A30899F8000000F0FCF8BAF800900C483A46B4
S21401A31841464844B94405F01FF8AAF80090234678
S21401A3282A4630460749009700F0C2F9CDE789204A
S21401A33800F0E6F88926C8E7AB3B0400E63B0400D4
S21401A348876600200D3C04008C5D002010B5044C87
S21401A35820600448018004490A60044A136010BD5D
S21401A368AC4700208A5D0020A8470020A4470020AB
S21401A37830B587B00AAC0D4654F8041B0093CDE9F6
S21401A38801141346094902460948098800680594D4
S21401A3981DF05DF94FF48A52064B1B681880064B70
S21401A3A81B685D80DA8007B030BD00BF8A5D00207B
S21401A3B8AC470020A8470020A447002008B410B5E1
S21401A3C887B009AB0C4653F8041B0092CDE901137C
S21401A3D802460B490B4805930988002300681DF0BF
S21401A3E836F94FF48A52084B1B681880074B1B68CE
S21401A3F85C80DA8007B0BDE8104001B0704700BF46
S21401A4088A5D0020AC470020A8470020A44700200A
S21401A418044A034611680448044A09881268006811
S21401A4281CF0EEBBA8470020A4470020AC4700203C
S21401A438044B054A1B6812681988044B18681CF0F7
S21401A44852BB00BFA8470020AC470020A447002005
S21401A45807B5074B1B681B880192064A12680092CB
S21401A468054A12681CF0A0FB03B05DF804FB00BFA8
S21401A478A8470020AC470020A44700201FB5144673
S21401A488064A12681288CDE901430091044B054932
S21401A4981B6809681CF064FB04B010BDA8470020BF
S21401A4A8AC470020A4470020014B1868704700BF3E
S21401A4B8A4470020024B1B6818715971704700BFEA
S21401A4C8A447002010B50024084B1C70FEF75EFC5C
S21401A4D8074BFF2218802146064804F0ADFD064BBF
S21401A4E81C80064B1C605C609C6010BD9167002058
S21401A4F88E5D0020876600208C5D0020905D002020
S21401A50807490B88FE2B9FBF064AD054581C80B2B9
S21401A5189DBF088000F1FF3080180020704700BFFB
S21401A5288C5D002087660020F8B5094F0D463B88EC
S21401A5385C18FE2C0ADC074E0A46A4B20146F0183F
S21401A54804F0CCFD3C80641BA019F8BD0020FCE794
S21401A5588C5D002087660020024B034A00201A60A3
S21401A568704700BFB047002008900400014B1878D8
S21401A578704700BFE446002030B4044D044C002B5D
S21401A5880CBF2B46234630BC1DF0CBB9F9F90300A6
S21401A598E03C040070B5054608460C461DF098F9DF
S21401A5A8611C0246024B2846BDE870401DF0B9B949
S21401A5B8FF43040000B5037889B0069343783E222A
S21401A5C80593837808490493C37803930379029320
S21401A5D84379019383790093C3790448008800F08E
S21401A5E881F809B05DF804FB3B3C04009C5D002043
S21401A5F8024B02460249188800F05AB89C5D0020B2
S21401A608650004002DE9F04705460E461746002466
S21401A618DFF84480DFF844A0DFF84490AC4201D16B
S21401A628BDE8F087B8F8000006EBC40153460822D7
S21401A6381DF077F90134B8F800003FB9044AA5427D
S21401A64808BF4A46034900F04DF8E7E74A46F9E7E6
S21401A658513A0400640004009C5D0020E03C0400BC
S21401A6689FE803002DE9F0410E4E044630881DF0A0
S21401A67870F9A8B100250C4FDFF83080E3070AD53A
S21401A68818B94146308800F02DF830882A463946F0
S21401A69800F028F8002001351B2D4FEA5404EDD1AF
S21401A6A8BDE8F0819C5D0020F82804008339040089
S21401A6B80EB417B505A9044651F8040B019103F029
S21401A6C8B1FB01210220054AF8F7ECFC044B1C807B
S21401A6D803B0BDE8104003B0704700BF513A04000C
S21401A6E89C5D00200EB417B505A9044651F8040B65
S21401A6F8019103F097FB034B1C8003B0BDE81040A3
S21401A70803B070479C5D002013B50368044658796A
S21401A71800F032FF90B923685A88032A0ED0E17CEC
S21401A7285B79CDE900211649164AFFF7C1FF0121D9
S21401A73820461DF0AEF9012002B010BD637D012B45
S21401A7480AD0637D33B92368228A598858791CF060
S21401A7588AFD48B9C3200AE02368228A59885879AD
S21401A7681CF08AFD0028ECD020461DF0F4F8064BB4
S21401A7781B78002BDFD110F5807FDCD0C1B2D7E77C
S21401A788683C0400603C040088670020002970B516
S21401A7980F491D460F4B14460CBF6E22792200281E
S21401A7A808BF0B4600200C49FFF79CFF0B4E2544BB
S21401A7B8AC4205D1BDE8704000200949FFF778BFD3
S21401A7C83146002014F8012BFFF78CFFF0E700BF95
S21401A7D8A13C0400973C0400AA3C0400DE3C0400AB
S21401A7E8352004002DE9F04FC27C8BB00592427DDE
S21401A7F80368002A14BF80224022077D0446856824
S21401A80886895879B846B3F80290069200F0B4FEE5
S21401A818A0B9059B052B05D86FF02D03059A1341A2
S21401A828DB070BD5B9F1030F08D0AB490020FFF7BA
S21401A8383FFF012120461DF02CF976E0E37B1BB192
S21401A848228A002A00F0B781607D0022B0FA80F0E3
S21401A8585B4203F00403DFF88CB2400943EAC00008
S21401A868ABF80020FFF74CFEE37B1BB3208A1CF0F5
S21401A878ECFF8246A07CFFF743FE059A162A00F2F3
S21401A8889A81DFE812F019009E016C005600D20189
S21401A8986C009201D9019A01E001E701EE01390144
S21401A8A802029801980198011402580214027002D3
S21401A8B8390102029A46DDE700204B46874A884955
S21401A8C8FFF7F6FE0120FFF71BFE08F10207B74265
S21401A8D829D84146324628461CF0F4FF80462368AC
S21401A8E842465879BBF800304946C3F1FF039BB28C
S21401A8F80193238A0093069B1EF023FC10B11FFACE
S21401A90887F8E2E7236842465879BBF8003049469B
S21401A918C3F1FF039BB20193238A0093069BFFF7BB
S21401A92897FC8928EBD11DF0AEF801200BB0BDE8E5
S21401A938F08F4FF0000B0420FFF7E2FDF31E08939B
S21401A948089B984552D3BBF1000FECD1E37B94F8F2
S21401A9581480002B0CBF02220422624B1A804FF08F
S21401A968000B0420FFF7CCFD5F4608F1030A5645A5
S21401A97840F29D803246414628461CF0A3FF05EB6F
S21401A98808039B78F21EAA44A2EB080207905146D8
S21401A998184692B209931CF0B9FA0890002879D0A3
S21401A9A82268099B5079CDE901A3238A4946009379
S21401A9B8DDE906321CF0D9FD82464A460020079B8F
S21401A9C84949FFF78FFEBAF1000F55D10BF1010384
S21401A9D8504646495FFA83FBFFF76AFE089B08F173
S21401A9E8030813FA88F81FFA88F8BEE73246414684
S21401A9F828461CF067FF05EB08039F78089B08F1BB
S21401AA080301A3EB08022944824692B2384609910B
S21401AA181CF07CFA079068B323680999587902975D
S21401AA280191238A524600934946069B1CF0EDFD88
S21401AA380746B8B10BF1010338465FFA83FBFFF707
S21401AA485FFD50461CF001FF53464A460020264942
S21401AA58FFF72EFE3A4600202549FFF729FE802FEC
S21401AA683FF471AF079B08F1030813FA88F81FFA39
S21401AA7888F865E78027DDE75046FFF741FD079828
S21401AA881CF0E3FE0137524600201949FFB2FFF7D2
S21401AA980FFEA3E78720FFF733FD07981CF0D5FEC6
S21401AAA80137872212490898FFB2FFF701FE059B76
S21401AAB8052B3FF43AAF002F7FF435AFBBF1000FFB
S21401AAC805D10C495846FFF7F3FD8021B2E6384612
S21401AAD8FFF716FD27E700BFB0F00300EB3C0400C4
S21401AAE8383D04008C5D0020F53C0400383C040029
S21401AAF8113D04001B3D04000599A84AA84B0020F7
S21401AB08152918BF1346CDF80090A64AA649FFF79F
S21401AB18CFFD059B0C2B14BF16200D20FFF7F0FC6C
S21401AB283246284639461CF0CDFE059B3D440C2B83
S21401AB380646AD7835D1192D28BF1925E37BB3B163
S21401AB484FF6FF73278A9F4211D12068324649463D
S21401AB58069B4079FFF70AF9B84208D0BAF1000F08
S21401AB6805D020828AF80000000A8AF80100002031
S21401AB78BBF80070FFF7C4FC236832465879059B7A
S21401AB884946A3F1150CDCF1000343EB0C03CDE9B0
S21401AB980153238A0093069B1CF05BFC834BD85514
S21401ABA8C1E6132D28BF1325C8E72046FDF7D0FBBD
S21401ABB800287FF4BAAE81213CE62046FDF77CF8F2
S21401ABC8F6E7B9F10A0F05EB0708A6EB070A21D144
S21401ABD8DFF8DCB19BF80030E3B1E37BD3B9BAF117
S21401ABE8080F17D13246394628461CF06BFE88B93D
S21401ABF898F8023073B998F80320E22A0AD1324647
S21401AC08391D284605931CF05AFE1CF027FF059BA4
S21401AC188BF80030414648461FFA8AF21EF093FA2E
S21401AC2800287FF482AE002104E6F21B484692B261
S21401AC38E9191CF004FEF3E7F21B484692B2E9193B
S21401AC481CF0C1FDECE7F21B484692B2E9191CF06C
S21401AC58E6FDE5E7F21B484692B2E9191EF075FAD9
S21401AC68DEE72368EE5D5879238A0137ED5D0193A7
S21401AC78069B3246494600932B461CF029FB2A467A
S21401AC88314648461CF0A1FD4FE605987A1CE95D59
S21401AC98B31AA0F11606704270410039009018BF29
S21401ACA8012148469BB22A441CF091FDB8E7059B52
S21401ACB8EE5D112B3D446F7838D11220FFF720FC4A
S21401ACC80025E37BB3B14FF6FF73B4F810809845BF
S21401ACD810D133464A4621462846FEF7C9FF404565
S21401ACE808D0BAF1000F05D020828AF80000000AC1
S21401ACF88AF80100BBF80080DFF8B0A0C8F1FE02B0
S21401AD0892B208F10103009253444A462146284666
S21401AD18CDE90267CDF804B0FEF7E2FFBBF80030D4
S21401AD280AF808000133ABF80030FCE51420FFF7F9
S21401AD38E7FB0125C5E77B1C9E422CD3EF5D1D442E
S21401AD48003F18BF0127F31A9EB233462A463946F2
S21401AD580020FFF71BFD00962B463A464846218AF7
S21401AD681CF039FD5CE77B1C9E4214D3EF5DF61A96
S21401AD78003F18BF01271D44B6B233462A46394656
S21401AD880120FFF703FD00962B463A464846218ADE
S21401AD981CF01FFD44E70020C8E500BF513A040037
S21401ADA8E63C04002C3D0400363D0400876600207E
S21401ADB88667002038B54FF6FB750446A9424FF062
S21401ADC801019DF8100098BF43F4004321702381C8
S21401ADD86260A07202230020084A0949FFF768FC4E
S21401ADE8E07A084B40F6CA0203EB4010FF211AF03E
S21401ADF8C4FFBDE838400420F8F732BB463D0400DE
S21401AE08513D0400F447002030B5054685B028B901
S21401AE181D4905B0BDE83040FFF74ABC0024007B59
S21401AE281CF066FD2046194A19492C70FFF740FCAC
S21401AE38184BE87AFF2103EB40101AF0AFFF2046C3
S21401AE48154B02019A5C22B901300428F9D1F8F7AA
S21401AE5821FB696899B1B5F908302A899B1303F073
S21401AE6802038DF80430C2F30E03ADF806304FF630
S21401AE78FF73ADF80830002301A80393884705B08F
S21401AE88BDE830401CF039BD7C3D0400463D040059
S21401AE98AE3D0400F4470020B44700200948037873
S21401AEA873B91946084AD3720133042B117311700A
S21401AEB851601181917202F11002F4D101230370DD
S21401AEC8704700BF87670020B447002008B5FFF722
S21401AED8E5FF002305491A018A5C01EB03101AB144
S21401AEE80133042BF7D1002008BD00BFB44700206A
S21401AEF870B50D460646FFF7D1FF0023094800EB5B
S21401AF080514A17AB14205D1217819B12B4400EB79
S21401AF18031070BD0133042B04F11004F1D1002095
S21401AF28F7E700BFB447002010B50446FFF7B6FFA1
S21401AF380E4B9C4212D003F12002944210D003F12A
S21401AF48400294420ED060339C420DD10323084838
S21401AF5800EB0310BDE81040FFF756BF0023F6E7E5
S21401AF680123F4E70223F2E70020F3E7F447002081
S21401AF78B447002070B50024064D074E28463246D1
S21401AF8800210134F7F7A4FD042C05F12005F5D1BD
S21401AF9870BD00BFF447002031AF01002DE9F34131
S21401AFA805460C4617469846FFF790FF064640B9F1
S21401AFB81C4A1D49FFF77CFB0224204602B0BDE867
S21401AFC8F0814FF6FB739D420AD94FF6FD739D42F9
S21401AFD804D00020134A1549FFF76AFB4FF6FD75A2
S21401AFE8434621463A4628461CF020FD044600F012
S21401AFF82FFE804634B1234600200A4A0C49FFF743
S21401B00857FBDAE73B462046064A0A49FFF750FB54
S21401B018062329463046089ACDF80080FFF7CAFE6F
S21401B028CBE700BF463D0400BB3D0400E53D0400F8
S21401B0381A3E0400433E0400F7B506460C4617467A
S21401B048FFF744FF054638B9104A1149FFF730FBA8
S21401B0580224204603B0F0BD21464FF48A523046FA
S21401B0681CF0ACFE044600F0F3FD34B12346002084
S21401B078064A0849FFF71CFBEBE7009004233A460B
S21401B08831462846FFF796FEE3E700BF463D040033
S21401B098BB3D04006B3E0400F7B506460F46FFF7B6
S21401B0A815FF054638B9104A1049FFF701FB022477
S21401B0B8204603B0F0BD00224023114630461DF05D
S21401B0C841F804461DF03CF834B123460020064AF0
S21401B0D80749FFF7EDFAEBE7009001233A463146B8
S21401B0E82846FFF767FEE3E7463D0400BB3D04003C
S21401B0F89E3E040073B504460E46FFF7E7FE054676
S21401B10838B9104A1049FFF7D3FA0224204602B08C
S21401B11870BD0022204611461DF016F804461DF0A3
S21401B1280FF834B123460020064A0849FFF7C0FA4B
S21401B138ECE70090234632464FF6FC712846FFF7A7
S21401B14839FEE3E7463D0400BB3D0400CC3E04005F
S21401B1582DE9F0418846107800219EB014461D4618
S21401B168FFF7C6FE0646002800F0FD800778002F88
S21401B1787BD0B8F80010002940F0F5800389B8F8AC
S21401B188022043F40040824240F0ED8061780029B5
S21401B1986BD1A2F50042062A00F2E580DFE812F03C
S21401B1A8A100A100E300E3000700B8006900E388F6
S21401B1B80D3DADF82430238915F00105ADF826308C
S21401B1C863798DF82830E37A03F1060214F8122021
S21401B1D88DF814308DF81C2042D10BA98E460691A5
S21401B1E804F10C005FFA85FC9C4500F1020009D2C7
S21401B1F810F8018C10F802CC01350CEB082C2EF84F
S21401B20802CBEFE701EB43011A440891D2B2590089
S21401B21801F10D009A42C0B20BD025186D78205C5A
S21401B2287831694400EB0520013321F84C0CDBB278
S21401B238EDE7B6F908203389002AACBF01220322BC
S21401B248C3F30E038DF808206288ADF80A3005AB03
S21401B258ADF80C20049302A930461CF0D2FB04E09A
S21401B268424A43490020FFF723FA38461EB0BDE894
S21401B278F081042D02D83D4A3E49F3E72379053D7E
S21401B288ADB29D42B4F8028002D0384A3A49E9E79D
S21401B2983A4A3B4B0020002D08BF13463949334A2A
S21401B2A8CDF80080FFF704FA05348DF81450B6F986
S21401B2B80830069485B1002BACBF012303238DF813
S21401B2C82C303389ADF83080C3F30E03ADF82E3039
S21401B2D805AB0D930BA9BFE7002BACBF06230523CF
S21401B2E8EDE70B2DC7D9D4F80200D4F8061013F4ED
S21401B2F8004F05AA03C20CBF042203228DF82C2096
S21401B3086289C3F30E03ADF83020ADF82E30DFE7BF
S21401B318042DB0D96388ADF8303023790533DBB214
S21401B3289D4206D00020114A17490095FFF7C0F93B
S21401B3389BE70E4A00201549FFF7BAF9B6F9082027
S21401B3483389002AACBF01220322C3F30E03ADF8EA
S21401B3582E3005AB0D93631D069323798DF82C20AB
S21401B3688DF81430B6E700277FE700BF463D040096
S21401B378F93E0400213F0400353F040075F8030038
S21401B388513A04005C3F0400793F0400BA3F0400C8
S21401B398304BF0B5B0FBF3F24FF4616503FB1200D6
S21401B3A8B0FBF5F3DCB205FB13033C25B3FBF5F361
S21401B3B8DBB2A0EB04104B71C3EB0313A0EB8300C5
S21401B3C84FF4FA630B8040F201134B8001230C7192
S21401B3D81F4600246425204E8871944200D1F0BD92
S21401B3E891F802C013B1BCF1020F2BD006EB0C008A
S21401B3F810F801ECC87870450BBF012001300CF13C
S21401B408010CC0B208BF81F802C0C87088780D2840
S21401B41816D10B888F7001339BB298070B8014D115
S21401B428B3FBF5F005FB103080B280B94FF4C87055
S21401B438B3FBF0FC00FB1C339BB2B3FA83F35B0946
S21401B4480134CAE74FF01D0ED4E70023F8E70123BD
S21401B458F6E700BF805101004E93040010B504467C
S21401B46888B006A9FFF794FF9DF81E300A48039393
S21401B4789DF81D30049402939DF81C309DF81A20FF
S21401B4880193BDF818300549009300889DF81B30D4
S21401B498FFF70EF908B010BD9C5D0020D33F0400ED
S21401B4A8026808B51188154B198051885980517959
S21401B4B81971117959714FF48A51D980D28812F0CD
S21401B4C8200F0CBF0A464FF48B528169DA800C4A6A
S21401B4D8137831B9C0880B4923F00203088013702A
S21401B4E808BD43F002031370074B152218460131B5
S21401B4F803F0F4FD002200F8012CF1E7905D00202E
S21401B508916700208E5D00209F5D002010B5184CC5
S21401B518236858791BF09BFE0B2822D8154B03EBA2
S21401B5280010027B237F9A421BD123684288198820
S21401B5388A4205D04FF6FF70814212D1120410D408
S21401B5482279023A012A06D9A37B63B9BDE81040DD
S21401B5580748FFF747B9198958791AF0AEFF002846
S21401B568F2D1002010BD0248BDE81040FFF7CCB864
S21401B57878480020E446002008B51BF068FE0B2832
S21401B58896BF024B0020185C08BD00BF96670020D6
S21401B59808B500201CF0ACF9FF201BF08BFE1CF050
S21401B5A8ACF91CF053F8FEF771F90121024606487A
S21401B5B803F042FD054BFF21054A0648FEF7C6FE85
S21401B5C8BDE80840FEF708BB96670020905D00209E
S21401B5D88C5D002087660020F0B5002204464FF6F1
S21401B5E8FF750B4F90B237F830600346AE4201D173
S21401B5F82846F0BDA64209D1B4F57C4FF9D307EB2E
S21401B608C3035B888B42F4D00029F2D00132E9E704
S21401B6188C93040010B50446FFF7DEFF094A03467B
S21401B62810884FF6FF72934214BF074A2246BDE8B8
S21401B638104017BF02EBC30304495A680449FFF7D1
S21401B64851B800BF9C5D00208C930400F63F0400AF
S21401B6588C0B0400034B18780130C0B2187000F048
S21401B6687F007047DD720020044A137818B143F052
S21401B67801031370704703F0FE03FAE79167002091
S21401B688014B1870704700BF9467002038B1074B0C
S21401B6981B78012B04D1038843F0400303807047CD
S21401B6A8022BFCD1038823F04003F7E794670020B8
S21401B6B868B1074A1378012B07D1064B1B7813701C
S21401B6C8037843F01003037001E0022BF8D07047AB
S21401B6D893670020926700207FB50121264B274EED
S21401B6E8197033780246D90744D42549096881B1C7
S21401B6F80868C1888D0641BF224CE18841F02001C7
S21401B708E180C1884C0641BF1E48C18841F040010E
S21401B718C1801D4D1D492878097840074CBFE9703E
S21401B72869701B4913F00204098809D0164A19489A
S21401B7381CF061F8337823F00203337004B070BD4F
S21401B748154B18884FF6FB73984208D80B46CDE977
S21401B758005201460B4A20461BF026FAEEE74FF642
S21401B768FF73CDE9014200930A46074B05491BF0D2
S21401B778F7F9E3E70020E1E78867002091670020F2
S21401B78874480020905D002087660020DE72002045
S21401B7988C5D00209E5D00208E5D002070B50379CB
S21401B7A80446012B0D46164631D883681B78DB06FE
S21401B7B800D561B3A37B13B9E37C0B2B27D00022FA
S21401B7C8144B1A80637DB3FA83F35B09D800E37BD5
S21401B7D8ABB9FEF795FEA07CFEF792FE0B20FEF7AE
S21401B7E88FFEE07CFEF78CFE2846FEF789FE204693
S21401B7F8FFF756FE3046BDE87040FFF76DBF40F0D4
S21401B8080400FEF77DFE208A1CF01FF8E3E70020FF
S21401B81870BD00BF8C5D0020024B0A4601461868C1
S21401B828FFF7BCBF74480020F0B4054618460F4B16
S21401B8380C461B78BDF81010012B0D4E01D0377839
S21401B84827B1002333700020F0BC70470CB9002ADA
S21401B858F9D143B14FF65743994204D02B462246B5
S21401B868F0BC1BF0AEBF0120EEE700BFDF72002080
S21401B878956700202DE9F04F684C4FF0000A2546E1
S21401B8888446964698460F46654B664E83F800A052
S21401B8980FCE0FC596E80F0085B085E80F00DDF8D6
S21401B8A83C90BDF8383072460093394643466046A8
S21401B8B8CDE9019400F0DCF8DFF89081064670B90E
S21401B8C80025FEF7FFFD16220021574803F0B4FBBA
S21401B8D800232846C8F8003005B0BDE8F08F534B62
S21401B8E8A27CC8F800401A70514B1B78002B36D042
S21401B8F81CF0B6F84F4902465046FEF7F3FE22689A
S21401B9085046537952884C490092A289FEF7EAFEBE
S21401B91850461CF01EF820B12368218A5888FFF784
S21401B92879FEE37B23B10020228A4449FEF7DAFE3A
S21401B938A36800201A78E37C41490093A37CFEF7AC
S21401B948D1FE207DA289A168121A01440123002094
S21401B95892B2FEF711FE00203A49FEF7A9FE2F48DB
S21401B968FFF79EFD2D481DF0E7FB054630BBB9F1F4
S21401B978000F25D12168E0880B8801904988BA1EF6
S21401B988032A00918CBF002201220121E07CFFF7E7
S21401B9984BFF38B923685B79FF2B3AD0FFF7B6FD22
S21401B9A805468EE72368DB889A06F3D40121264CE0
S21401B9B81A4821701CF06DF884F80090354680E727
S21401B9C8B9F814309B07E5D47AE75846FEF718F815
S21401B9D882465846FDF760FF88B123685046228A9A
S21401B9E859881BF037FC50B13846FFF759FD2368D4
S21401B9F889F804A083F805A0FFF788FD00B9284652
S21401BA0805460136FDF742FF5FFA86FB5845DCD846
S21401BA1857E70026014FDFF83890F3E7784800200B
S21401BA28886700206C9304009E5D0020DE7200206B
S21401BA38DC7200200F40040018400400394004005E
S21401BA4845400400BFF103009567002074480020B4
S21401BA58905D00200023054AD15C814202D31A4436
S21401BA68507870470233DBB2F6E700BF5A930400FA
S21401BA7873B515462E781A4616F0040F0CBF032622
S21401BA8805269E42089C08D9224A2349009600208A
S21401BA98FEF70EFE002002B070BDBDF81830217109
S21401BAA82060E380A560A2812B7803F00103A373CD
S21401BAB82B7803F00403002B14BF01210021E17346
S21401BAC82978C1F3C00161754FF00101217518D0BD
S21401BAD828461BF0F7FE237D208202332375227D3C
S21401BAE8531CDBB22375A95C0232D2B2A17422754B
S21401BAF8EB5CE374A3899A4205D900920749054A83
S21401BB08C5E72382EBE7079B0120A3610023237780
S21401BB18C1E700BF09F9030088400400A4400400F7
S21401BB282DE9F7430024204FDFF89C80DFF89C902E
S21401BB38E0B21CF043FAFF2805460FD1234601213F
S21401BB4802201A4AF7F7AEFA194B0134187819F099
S21401BB5816FD152CECD103B0BDE8F08346B238EAE1
S21401BB68260328BF4B4601210093022057F82430AC
S21401BB78104AF7F797FA002EE6DA0923E340DB07BF
S21401BB880AD50D4A0D4B15F0010F18BF1A460121AB
S21401BB980220F7F787FAD7E70A2CD5D1084A094BC6
S21401BBA815F0010FF1E700BFA4930400FD4004005F
S21401BBB8E072002025410400D6400400C04004007D
S21401BBC8F2400400E840040075F80300513A040006
S21401BBD808B554220021024803F02EFA002008BDB9
S21401BBE88C5E002008B55422FF21024803F024FA8F
S21401BBF8002008BD385E0020024B23F810100020F4
S21401BC08704700BF385E0020002310B4074ADCB234
S21401BC18A14203D85DF8044BFFF7DABF2A2BF9D007
S21401BC2832F8024B20F813400133F0E78C5E00200F
S21401BC38002310B5054A994201DD2A2B00D110BD13
S21401BC4832F8024B20F813400133F4E78C5E0020EB
S21401BC58024B187800F07F00704700BFA2670020EB
S21401BC68034B18780130C0B2187000F07F00704797
S21401BC78A267002030B51C4600238BB0ADF8222001
S21401BC88021D92B2012A0E9DADF82030ADF81E10A5
S21401BC98ADF81C3003D94FF6FF7290420FD100223F
S21401BCA8CDE90352CDE90124094B01461B784FF62D
S21401BCB8FF70009307AB1CF0A1F90BB030BD01462D
S21401BCC8CDE901531846009407AA1CF0B3F9F4E726
S21401BCD8E172002038B505464FF480500C4603F053
S21401BCE8B1FB4FF480532860236030B940F2A511A8
S21401BCF8BDE83840014822F02EB938BD1442040088
S21401BD08004870474A600020014B1878704700BF0A
S21401BD18FA720020014B1888704700BF8272002013
S21401BD28014B1878704700BFF3720020014B187852
S21401BD38704700BFA6670020014B1878704700BF00
S21401BD48EE720020014B1870704700BFA9670020EB
S21401BD58014B1870704700BFA8670020014B188870
S21401BD68704700BF807200202DE9F74F4FF000089A
S21401BD78394B3A4F93F80090394B3A4E3A4D3B4C73
S21401BD883B483C49DFF8F4C0DFF8FCE0DFF810A1D7
S21401BD98DFF810B10193019B2037203301935FFA36
S21401BDA888F3994506F1200605F1200504F12004DB
S21401BDB800F1200001F120010FD8002211462E4B78
S21401BDC82E4D1C782E4E2F4B2F4FD0B2844203F1A6
S21401BDD8200338D803B0BDE8F08F2C4B2C4A47F81F
S21401BDE81C3C002346E907232A4A47E9063E45E95B
S21401BDF80723294A46E905E344E90723274A45E98B
S21401BE0805E340E90723019A44E905E340E905E328
S21401BE1841E908CA41E9063E47F820CC47F8103CF4
S21401BE2846F820CC45F820CC44F820CC40F820CC65
S21401BE3841F8103C08F1010842E908CB42E9063E00
S21401BE4842F8103CA7E743E9085643E9061743F8C2
S21401BE58101C0132B9E700BFFE720020504C0020CA
S21401BE68504B0020304C0020104C0020B04B0020D6
S21401BE78904B0020704B0020F8720020045A0020D6
S21401BE8899E80200D04B0020513A040079A8030033
S21401BE9851A70300D5B0020075CA02007F7F0300D0
S21401BEA8492E0300D99F0200002208B5074B1A60E5
S21401BEB85A601CF052F8064B18701CF04EF8054BE9
S21401BEC81870054B1A78054B1A7008BDA65900203C
S21401BED8E4670020E3670020EC720020E267002098
S21401BEE8002100B593B008466A460AF071F9014682
S21401BEF8C8B90E4B0E4A09930E4B0D920A930E4A79
S21401BF080E4B0E920B930E4A0E4BCDE90F230C9354
S21401BF180D4B6A4611930AF011FC003818BF012030
S21401BF2813B05DF804FB0120FAE700BFE3A20300A3
S21401BF3871AC0200E7A4030031810200AD7F030063
S21401BF489DBB020047A50300A1A80200084B18786C
S21401BF58112806D8012809D9064BC34003F0010069
S21401BF687047A0F143035842584170470020704774
S21401BF78E66700203400020008B5064B1B78013B33
S21401BF88022B05D80020FFF7E1FF0138C0B208BD33
S21401BF98FF20FCE7E7670020044B00F1100250F889
S21401BFA8041B904243F8041BF9D17047E867002048
S21401BFB8044B03F1100253F8041B934240F8041B88
S21401BFC8F9D17047E867002030B5002491B0114BCD
S21401BFD80546214614220BA8CDE9094303F02CF89F
S21401BFE8102209ABCDE900440693CDE90452CDE908
S21401BFF80252094B09490AA8F2F728FD04460AA87D
S21401C0081CF039FE1CB1A021054821F0A4FF11B08F
S21401C01830BD00BF0024800000444004E8670020CB
S21401C0289F42040070B5002490B0154B05460E4695
S21401C038142221460BA8CDE9094302F0FDFF102280
S21401C04809ABCDE9004406933146CDE90452CDE962
S21401C05802520C4B0AA8F2F7F9FC04460AA81CF08F
S21401C0680AFE1CB1BA21084821F075FF099B102B5E
S21401C07803D0BB21044821F06EFF10B070BD00BF8D
S21401C08800248000004440049F42040030B50D4659
S21401C09800218FB0124B0446142209A8CDE90713D4
S21401C0A802F0CAFF102207ABCDE90242CDE90042F1
S21401C0B8049329460B4B08A8F2F77CFD044608A80A
S21401C0C81CF0D9FD1CB1D121074821F044FF079B7C
S21401C0D8102B03D0D221044821F03DFF0FB030BD0C
S21401C0E800248000004440049F4204000022034BC1
S21401C0F81870034B1970034B1A707047F9670020C4
S21401C108FA670020F86700202DE9F04FDFF89080E5
S21401C118064698F800300D4685B0002B3AD04FF603
S21401C128FB73984236D84FF0000B1C4FDFF874A00B
S21401C1383C7898F800305FFA8BF94B459AF800007E
S21401C14811D9484402AA0DF10601C0B214F096FAB4
S21401C158082229460DEB020003F0BAFA0BF1010B8F
S21401C1680028E6D14C463B78A34208D198F800202F
S21401C178631CDBB29A423B7004BF00233B70324615
S21401C18829469AF800301C44E0B205B0BDE8F04FE5
S21401C19814F062BB05B0BDE8F08F00BFF867002059
S21401C1A8FA670020F96700202DE9F74F06460D4685
S21401C1B814461F464FF0010BDFF8789003F10C0A7E
S21401C1C815B903B0BDE8F08F102DA84628BF4FF06B
S21401C1D810083A46164B5FFA88F152F8040B524596
S21401C1E843F8040BF9D101919AF8002011481A7006
S21401C1F8002389F80F4089F800B089F80E30FFF758
S21401C208E3FE324601340B480199E4B212F801CB39
S21401C21810F8013B83EA0C0302F8013C931BDBB2DE
S21401C2288B42F3D3A5EB080816461FFA88F5C7E72D
S21401C238FC670020FB6700202DE9F04F90469146E9
S21401C24885B00090981A029383B20193009B0F461B
S21401C258354903F10C0453F8045BA34241F8045B27
S21401C268F9D11B78314E0B7049233370019BF0735B
S21401C2781B0A3046B373FFF7A7FE0221BB460D46DD
S21401C288737888EA030373704FF0000A1DE0C5F15E
S21401C2981004A9EB0A039BB2A4B29C4228BF1C4611
S21401C2A800231FFA83FCE8186445C0B21FD825444A
S21401C2B8EDB2A344102D54441FFA84FA05D1002583
S21401C2C830460391FFF780FE0399D145DFD807EB87
S21401C2D8080B25B115480391FFF776FE0399012946
S21401C2E84FF000050DD00121DDF80490CCE71BF8CE
S21401C2F803C016F800E001338CEA0E0C06F800C0FD
S21401C308CFE7029B09491F44094B38461C78224649
S21401C31803F022F82A4621463846009B05B0BDE8B8
S21401C328F04FFFF741BF00BFFC670020FB67002006
S21401C338FF72002030B540780C4601284FF01103F3
S21401C34887B001F1100516D1144A01A90AF07EFF3B
S21401C358234601AC224618685968083303C2AB4223
S21401C3681446F7D111230D4A002001A90AF06EFFE1
S21401C378002007B030BD0120094A01A90AF066FF6E
S21401C388234601AC224618685968083303C2AB42F3
S21401C3981446F7D11123024AE6E700BF75E4010007
S21401C3A879EB010030B50C46407887B001284FF08C
S21401C3B811030DBF0B4A0C4A012001A918BF01A998
S21401C3C80AF044FF234601AA05AD144603CCAC4245
S21401C3D818605960224603F10803F6D1002007B019
S21401C3E830BD00BF75E4010079EB010010B50C46BD
S21401C3F888B01A230C4A01A901200AF027FF214612
S21401C4080DF10E0304F1100251F8040B914243F8A2
S21401C418040BF9D11A230020034A01A90AF016FFD2
S21401C428002008B010BD00BF24E10100F0B58BB0B4
S21401C43804460D461DF016FFA8B101A812F0CEF865
S21401C44888B1667B271D16F0020F05D008223846EC
S21401C45801A903F03DF9D0B901AB46F0020603CBBA
S21401C4686060796066731A230A4A03A901200AF0F4
S21401C478EDFE29460DF116030DF1260253F8040BBD
S21401C488934241F8040BF9D100200BB0F0BD2D20E2
S21401C498FBE700BF24E10100F0B50546071D0022B1
S21401C4A80C463846082193B01DF06AFE6A7B06469C
S21401C4B8D0070BD5687808A91CF0FAF9DDF83D30E5
S21401C4C86B60DDF841307B6080B10BE0910709D5E0
S21401C4D8D2000121384602F080021CF0F4F9FF2848
S21401C4E8687002D12D2013B0F0BDD6B1687801A9C5
S21401C4F81CF07BF99DF81C305B0604D54FF4C67119
S21401C5080A4821F028FD234603AD07AC2A4603CA8C
S21401C518A24218605960154603F10803F6D10020B7
S21401C528E1E708A91CF0C4F9CEE700BF1D430400E3
S21401C5382DE9F04106468AB01F480F4615460024E5
S21401C548FFF736FD002C01A914BF4FF05C0C4FF025
S21401C558360C10238846184A12F8010B013B8CEA60
S21401C568000013F0FF0301F8010BF5D105A81EF032
S21401C57842FC4246102105A81EF041FCC4B93946C2
S21401C588324605A81EF0A3FC2A460DF1140C0DF13F
S21401C598240E634603CB7345106051609C4602F136
S21401C5A80802F6D114B10AB0BDE8F0810124C9E742
S21401C5B82A461021E5E700BF2B6800202DE9F04741
S21401C5C891460D46C0B09DF82041DDF828811E46EB
S21401C5D8DFF87CA09DF824310746224649464046A6
S21401C5E88AF8003002F0B8FE9DB12346324641462D
S21401C5F83846FFF721FEB44207D9A11B3B46012264
S21401C60889B208EB0600FFF7CFFD002040B0BDE871
S21401C618F087A11B3B46012289B208EB0600FFF70B
S21401C628C3FD22464146684602F096FE32466946F2
S21401C63838462346FFF700FE9AF800200DEB040162
S21401C64809EB040003F044F80028DED02C20DDE7CF
S21401C658FF72002038B50346104601F1100451F860
S21401C668045BA14242F8045BF9D104491BB1FFF708
S21401C678D9FC002038BDFFF709FDFAE72B68002032
S21401C68830B5054689B069461BF033FF6B8804ACA4
S21401C698ABB12246294668461BF0CBFE0E4A08ADCA
S21401C6A8234603CBAB42106051601C4602F10802D8
S21401C6B8F6D10948FFF770FC002009B030BD6B467B
S21401C6C8054D1A4603CAA24228606960134605F159
S21401C6D80805F6D1EDE700BF2B68002050B10B4BDB
S21401C6E80B4A03F1100153F8040B8B4242F8040B72
S21401C6F8F9D17047064B054A03F1100153F8040BAC
S21401C7088B4242F8040BF9D1704700BF2B68002012
S21401C7180B68002008B51022024802F0DFFC002052
S21401C72808BD00BF1B68002008B50846102202494C
S21401C73802F0D4FC002008BD1B68002010B5044692
S21401C74886B001A9114A112301200AF07FFD9DF840
S21401C758143001A8E3701EF015FF80F001000C4AA2
S21401C76801A96070112301200AF070FD9DF81430AC
S21401C77801A8A3701EF006FF80F00100207010F0DB
S21401C788C7FA6060002006B010BD00BF75E401005E
S21401C79879EB010010B5044686B01123134A01202F
S21401C7A801A90AF053FDA3789DF814209A4207D0F0
S21401C7B88DF81430002011230C4A01A90AF046FD11
S21401C7C811230B4A012001A90AF040FDE3789DF8E0
S21401C7D814209A4207D08DF8143000201123044AF9
S21401C7E801A90AF033FD06B010BD00BF79EB0100C0
S21401C7F875E401002DE9F04186B0064603A80C460B
S21401C80812F08AFE054600284AD1BDF80C30980673
S21401C81846D510222946204602F00EFC01A811F042
S21401C828DDFEC0B1777B06F1040817F0020F06D0CB
S21401C8380822404601A902F04BFF00282ED101AB81
S21401C84847F0020703CB7060C8F804107773238893
S21401C85843F008032380238843F00203238011F062
S21401C86897FA60601DF0FEFC30B10E4B1B68A360A2
S21401C878238843F0040323800B4B1A68D1035EBF59
S21401C888238843F010032380130203D5238843F437
S21401C89800632380284606B0BDE8F0812D25F9E718
S21401C8A82425F7E7804C0020844C002010B5D0E9F9
S21401C8B8023253F8223090B01C684022694620465E
S21401C8C81CF069F8034630B1224600200549FDF7F9
S21401C8D8EFFE10B010BD012269460820FDF792FE52
S21401C8E8F7E700BFB343040070B500F0B1F80028BD
S21401C8F80CBF6E22792200201349FDF7D9FE00F0FD
S21401C908A7F8F0B11CF05BF800280CBF6E2279225C
S21401C91800200E49FDF7CCFE082200200C49FDF741
S21401C928C7FE00250B4C0C4E234654F8042C314602
S21401C93800200335FDF7BCFE182D04F10C04F3D1D5
S21401C94870BD3F22E4E700BFEB4304000244040045
S21401C95812440400A84D00203144040070B51CF0B0
S21401C96813F8044621490020FDF7A2FE2CB92046FB
S21401C978BDE870401E49FDF79BBE00F0BBF80546B2
S21401C9881C4B62690020002A08BF1A461A49266805
S21401C998FDF78EFEA28800201849FDF789FE184982
S21401C9A8E2880020FDF784FEA388228913F0100090
S21401C9B81ABF002013491449FDF77AFEE2680020E1
S21401C9C81249FDF775FE226900201149FDF770FE30
S21401C9D8104A114B0020B6F5817F38BF13460F4920
S21401C9E82A46BDE87040FDF763BE00BF66440400F2
S21401C9F8734404002914040094440400B244040057
S21401CA08D3440400F04404000D4504002B450400FB
S21401CA18494504005E440400544404006745040084
S21401CA2838B5014600230C25084A05FB03F4A0186F
S21401CA381459013404D10C2202F050FB002038BDF1
S21401CA480133082BF1D10120F9E700BFA44D0020DE
S21401CA58034B1878012894BF00200120704700BFB7
S21401CA683D68002038B50446044D2878A04203D016
S21401CA7821461BF069FF2C7038BD00BF3D680020B9
S21401CA8800B58FB03422002101A802F0D5FA01A81A
S21401CA98EEF786FA0598D0B182680E4BB2F5803F5C
S21401CAA834BF92B2C2F38F2241881A81028828BF06
S21401CAB841F010011A6042689980DA80C268DA602B
S21401CAC802691A6142695A61027E18461A760FB0DF
S21401CAD85DF804FB284D0020054B1B7820B1012B7F
S21401CAE804D80220FFF7BEBF012BFBD8704700BF52
S21401CAF83D68002010B5084C237853B91BF044FF55
S21401CB080123237028B10368B3F5817F24BF037E10
S21401CB182370207810BD00BF3C68002070B5184B04
S21401CB281B78012B2BD81BF012FF164D024616490F
S21401CB380020FDF7BDFD0120FFF7CEFF2E78FF2E62
S21401CB481DD1FFF79DFFC8B1848860223146C4F322
S21401CB5840040E482C7002F06FFA602231460C48E9
S21401CB6802F06AFA5CB1FFF7C5FF042807D9BDE8E9
S21401CB78704040F22B11074821F0EDB9287070BDBE
S21401CB883D680020007300208A450400A44D00205B
S21401CB98444D00209C4504002DE9F04FDFF88492AF
S21401CBA88DB003AB07468846144699E8070083E824
S21401CBB80700FFF7B3FFFFF79DFF944B06461D7866
S21401CBC84B46012D40F07081012840F27281B7FB77
S21401CBD8F0F200FB1272002A00F06B818C490022E9
S21401CBE88B46D1F800C0BCF1FF3F04D0087A6044F8
S21401CBF8874200F019810132082A01F10C01F0D1AF
S21401CC0893E8070006AE0DF1240A86E807008AE8CD
S21401CC180700FFF76FFFB7FBF0FB00FB1B7BA0EBE2
S21401CC280B094A46414606460AA809978DF82C90EC
S21401CC3802F092FB00224FF00C0E764902E0013218
S21401CC48082A0ED00EFB02F000EB010C0858013042
S21401CC58F5D19AE807008CE807006F490A7801328F
S21401CC680A70A14504DD4FF4E2716C4821F073F9AE
S21401CC78A41B5C444F44A1B217FA84F4B4FBF6F241
S21401CC8806FB1242C8448E1A91B1A41A08EB060193
S21401CC9807A88DF82020069402F05EFB06A8FFF789
S21401CCA8BFFEFF2804D140F2D9115C4821F053F9A0
S21401CCB8B6B2B6B10320FFF7D5FE802E0AD83246A3
S21401CCC84146574802F048FB3246384654491BF05D
S21401CCD846FE05460220FFF7C5FE28460DB0BDE80C
S21401CCE8F08F0025F9E74FF40E714C4821F033F91F
S21401CCF8464B1B78012B00F0E380002C36D003202E
S21401CD08FFF7B0FE802C2FD822464146444802F051
S21401CD1823FB2246384642491BF021FE05460220DF
S21401CD28FFF7A0FEDFF8F09099F8003093B1039C66
S21401CD38FFF7E0FE374B002798461A68511C04D0C7
S21401CD48197A411A521A944224D00137082F03F14E
S21401CD580C03F2D1002DC0D1039B0133C1D003A827
S21401CD68FFF75EFE0546B8E70125D8E72546D9E769
S21401CD7840F26D21294821F0EEF8012524E0012D25
S21401CD8830D0802E2FD83246254903981BF0E7FD70
S21401CD98054628E0002DA0D10C247C4308EB0403AB
S21401CDA89DF814A093F808B00AEB0B03802BDFDC80
S21401CDB81B4B524604A9184602F0CEFA211D5A46C4
S21401CDC84144504402F0C8FA0C2303FB07839DF83C
S21401CDD814201B7A13449E42D1D040F273210F4887
S21401CDE821F0B9F801250220FFF73CFE99F800303A
S21401CDF813B1013B89F800304FF0FF3308EB04020A
S21401CE0848F80430C2E9013367E700BF0073002021
S21401CE18A44D0020444D00203B6800209C4504009A
S21401CE28A84C0020089404004FF00C0A0AFB02B331
S21401CE38187AA6EB00095FFA89F9A14501D35FFACA
S21401CE4884F90AFB02FA0AF1040528444A464146CF
S21401CE58584402F081FA0BEB0A031A7AA4EB090488
S21401CE684A44D2B2B242A4B21A7219D1032001932B
S21401CE78FFF7F8FD32460BEB05015BF80A001BF0DD
S21401CE886EFD05460220FFF7EDFD4FF0FF32019BD0
S21401CE984BF80A20C3E90122002D7FF41EAFC844CF
S21401CEA8002C3FF41EAF4F44104B1B78012B7FF428
S21401CEB824AFB7FBF6F306FB1373002B7FF413AF0F
S21401CEC8E319B3FBF6F506FB1535002D3FF415AF50
S21401CED8641B5B1B08EB04012A4604A80393A4B24F
S21401CEE802F03AFA8DF8145007E700BF00730020E5
S21401CEF870B5134B1B78012B0CD1FFF70FFE0026DC
S21401CF08104D55F8043C013306D10336182E05F1A9
S21401CF180C05F6D1002411E00320FFF7A3FD55F810
S21401CF28044CFFF7E7FD2946024620461BF017FD8D
S21401CF3804460220FFF796FD002CE6D0204670BD79
S21401CF4800730020A84D002070B505460C46FFF773
S21401CF58E5FD0520FFF786FD214628461BF00DFD59
S21401CF6806460220FFF77EFD00220A4B2C4419686C
S21401CF78481C08D0A94206D3A1423EBF4FF0FF3154
S21401CF88C3E9001199600332182A03F10C03EED1A4
S21401CF98304670BDA44D0020D0E9023253F8223045
S21401CFA810B51C68204600F095FA28B12146BDE860
S21401CFB81040024800F022BF10BD00BF1A46040008
S21401CFC808B5D0E9023253F82230186800F06CF937
S21401CFD820B1BDE80840024800F010BF08BD00BFF8
S21401CFE83C4604002DE9F041D0E9023253F82210FC
S21401CFF803EB82035B680F681D789AB0642D04D929
S21401D0086421114800F0FAFE64252A46384601A92B
S21401D01800F002F9044698B90C4800F0EFFEDFF874
S21401D028348001AE013DA54202DC1AB0BDE8F081AC
S21401D0383919404616F8012B00F0E0FE0134F2E7F4
S21401D048034800F0DBFEF0E75F4604007F46040075
S21401D058A9460400964604002DE9F04700252D4F01
S21401D068DFF8E080DFF8E0908CB0284603A900F0EE
S21401D078EFF810B10CB0BDE8F087049B2946039A77
S21401D0880093384600F0BAFE404600F0B7FE059910
S21401D09810290CD810290CD8DFE801F00F14320B30
S21401D0A8340B0B0B360B0B0B0B0B0B0B3A00202917
S21401D0B82CD0194800F0A2FE07E0184800F09EFEA2
S21401D0C80135D2E7164800F099FE0699484600F061
S21401D0D895FE0799134800F091FE134800F08EFE5E
S21401D0E81024DFF868A00DF11F06504616F8011F38
S21401D0F8013C00F083FE14F0FF04F6D10B48DDE78F
S21401D1080B48E0E70B48DEE70B48DCE70B48DAE7B5
S21401D1180B48D8E7C44604006947040019470400C9
S21401D128294704008F470400A7470400A0E8030026
S21401D1383147040039470400424704004D470400BC
S21401D148644704000847040078470400B847040009
S21401D15810B50B4C8EB023785BB9EDF79BFE0146F4
S21401D16850B9012301A82370EDF71AFF054B049A5D
S21401D1781A6020780EB010BD034800F03FFEF8E7AD
S21401D1883E68002078500020BE47040000B58FB0E6
S21401D198FFF7DEFF002829D001A8EDF701FF059B60
S21401D1A81448198800F02AFE059B13485969134B41
S21401D1B8002908BF194600F021FE059B104859882A
S21401D1C800F01CFE059B0F48196900F017FE059B29
S21401D1D80D48D96800F012FE059B0C48197E00F030
S21401D1E80DFE0B4B0B48196800F008FE0FB05DF8F2
S21401D1F804FB00BFFB4704000D4804002914040083
S21401D2081F48040033480400474804005B480400EC
S21401D218785000206F48040070B5064615460C463F
S21401D22879B172B1FFF794FF68B121462A463046B4
S21401D238EDF7C0FF014618B1044800F0DFFD0120F4
S21401D24870BD2120FCE71120FAE700BF81480400E1
S21401D25837B505460C46FFF77BFFE0B1114B1B6857
S21401D268AB421AD9CCB100212422204601F0E4FEB3
S21401D2782146284616F012FF88B9284601AA04F165
S21401D2880801EDF749FF20B140F20643C01A18BF5E
S21401D298012003B030BD1120FBE72120F9E701206A
S21401D2A8F7E700BF78500020F0B593B00546FFF7C2
S21401D2B84FFF002845D0254B1A68AA4207D82946A9
S21401D2C82348013A00F09AFD212013B0F0BD05A8C5
S21401D2D8EDF766FE284603A916F0E0FE98BB049A09
S21401D2E822F4FF57C2F30C0327F01F072BB14FF4A4
S21401D2F800532946174800F081FD039E7FB120F0B0
S21401D30837FE30464FF40051EDF7E0FF334604464A
S21401D31806F5005650B9039BF31ABB42EFD32A46CB
S21401D32839460D4800F06AFD002406E000902A46BA
S21401D3384FF40051094800F061FD201E18BF012076
S21401D348C3E71120C1E70120BFE700BF78500020DE
S21401D358AF4804005D4904001C4A0400CB49040098
S21401D36810B5044638B1FFF7F3FE30B10020044B80
S21401D3781B68236010BD2120FCE71120FAE700BFD7
S21401D3887850002010B50446FFF7E2FEB0B10C4B0A
S21401D3981A68A24206D821460A48013A00F02EFD2C
S21401D3A8212010BD20F0E4FD40F251222046064916
S21401D3B8EDF772FE003818BF0120F2E71120F0E7FA
S21401D3C878500020AF480400244E002010B50446CB
S21401D3D8FFF7BEFE70B121460848EDF77DFE40F224
S21401D3E80323984208D040F2012398420CBF052037
S21401D3F8012010BD1120FCE70020FAE7244E00208A
S21401D4082DE9F0412D4D04462F68FFF7A1FE0028AF
S21401D41851D02968A14207D84A1E2948214600F05A
S21401D428EDFC2120BDE8F0812648EDF715FEDFF872
S21401D43894800246B0B943462E68964222D1BE422F
S21401D44814BF3A4606F1FF3212BB31461D48C8F8EA
S21401D4580040EDF7E1FD014600B31B4800F0CEFCA5
S21401D4680120DFE72046EDF7B7FD044638B101464F
S21401D478164800F0C3FC201E18BF0120D2E7EDF7BE
S21401D488BFFBF8E753F8041B8C42DDD00132D4E722
S21401D4980C499200081D01F021FED6E729680948C3
S21401D4A8EDF7DAFD044610B101460948D6E7EDF76F
S21401D4B8A7FB2046B6E71120B4E700BF7850002046
S21401D4C8AF480400044E0020624A0400384A0400AB
S21401D4D8954A0400F8B50446FFF73AFE002845D0F9
S21401D4E8234B1A68A24207D821462248013A00F07F
S21401D4F885FC21242046F8BD1F4800F07FFC20F05B
S21401D50837FD40F251221D492046EDF7C5FD40F290
S21401D5180327054620F02CFD184E65B140F203237B
S21401D5289D421AD02946164800F068FC0124154881
S21401D53800F064FCDEE720F01BFD29463046EDF7D7
S21401D548CBFDB84209D040F20123984203D10E48D8
S21401D55800F054FCE1E70546DFE721460B4800F0FA
S21401D5684DFC2046FFF74CFF0446E0E71124C1E7CF
S21401D57878500020AF480400CC4A0400244E00200E
S21401D588EC4A0400A0E8030035200400044B04001C
S21401D5980322024B186019615A6370470000025C47
S21401D5A83F22034B1A631022DA6103229A637047FB
S21401D5B80000025C024AD36B9B07FCD4704700BF8D
S21401D5C80000025C044B9B6A13F0240F14BF012071
S21401D5D800208000704700BF0000025C08B5FFF716
S21401D5E8F1FF084BDB6B23F47F4323F0EF03003B8B
S21401D5F818BF012350EA83001EBF0122024BC3F85D
S21401D608FC2F08BD0000025C00F0FF3F4368182BA2
S21401D6180AD0202B1DD0102B2BD1174BD3F804344E
S21401D628DB010AD401207047134BD3F804349A015E
S21401D638F8D50B6843F008030B6003680F4A93425A
S21401D64810D10B6843F040030B60002343600020B1
S21401D6587047094BD3F804345B01E3D50B6843F0F4
S21401D6680403E9E7064A9342F1D10B6843F08003C5
S21401D678EAE70720704700BF0000025C4068002008
S21401D6883F6800200B4607B50749D1F80414C907B7
S21401D69808D5002100920246084600F043F803B078
S21401D6A85DF804FB0120FAE70000025C0B4607B5AB
S21401D6B80749D1F80414C90708D500920121024682
S21401D6C8002000F02FF803B05DF804FB0120FAE70C
S21401D6D80000025C13B5084CD4F80444640709D565
S21401D6E8CDE900230B4600210246084600F044F81F
S21401D6F802B010BD0120FBE70000025C13B5084C20
S21401D708D4F80444640709D5CDE900230B4602463C
S21401D7180121002000F030F802B010BD0120FBE71F
S21401D7280000025CF0B51C465B6815468DB01A070A
S21401D738129E1AD1CBB17268934216D10C4B0D4A80
S21401D74853F8217009AB07CA83E807001A46294629
S21401D758CDE90533CDE90333CDE90163009447F4F8
S21401D76880701BF07DF90DB0F0BD0720FBE700BF08
S21401D7782094040014940400F0B51D4616466A6801
S21401D7888DB0DDE91273E2B17868824219D15A6820
S21401D798102A16D10C4A09AC52F821C00B4A07CAFE
S21401D7A884E8070022463146CDE90544CDE903441D
S21401D7B8CDE9017400954CF480601BF051F90DB069
S21401D7C8F0BD0720FBE700BF209404001494040072
S21401D7D810B50A46044619B1024B00211B68984742
S21401D7E810BD00BF2894040010B5114C23785807C3
S21401D7F844BF23F0040323702378990705D500F066
S21401D8085DF8237823F00203237063781BB10023A5
S21401D818084A636053600023082106486370FFF7CF
S21401D828D7FF2378DA0744BF23F00103237010BD1E
S21401D8387C5000208050002038B51A4C6278237836
S21401D848022A01D1072B11D0DD0712D523789807B4
S21401D85807D400F02BF82378054643F0020323701B
S21401D86880B96278237882B15A0716D500252846EA
S21401D87838BD17F085FA2378054643F0010323706F
S21401D8880028E3D0FFF7B0FFF1E7D907ECD5064942
S21401D89862604A6002226270E6E743F0040323707E
S21401D8A8E4E700BF7C500020805000200122024B94
S21401D8B8002083F8F0207047885000202DE9F041B9
S21401D8C80A4C002526464FF0010803272046C4F8CF
S21401D8D81C80277601351BF0B1F9062D04F12804C2
S21401D8E8F4D1002386F8F030BDE8F0818850002096
S21401D8F82DE9F04F984691B00B1E0A93B44B91460A
S21401D90814BF83469B4600251A9E98F8000070B9F6
S21401D9184D4538BF2A464B464FF000000A9928BFA6
S21401D92809F1FF32D847284611B0BDE8F08F2528FF
S21401D93808F1010806D02A464B460A996C1CD847B6
S21401D9482546E2E70023414611F8012B2B2A16D07B
S21401D9580AD8202A16D0232A17D0A2F1300009287F
S21401D96834D800270A2418E02D2A05D0302AF4D105
S21401D97843F001038846E6E743F00203FAE743F07B
S21401D9880403F7E743F00803F4E743F01003F1E76D
S21401D998884604FB0722A2F13007414611F8012BFD
S21401D9A8A2F130000928F3D998F800202E2A52D17E
S21401D9B898F8011008F10102A1F13000092843F492
S21401D9C880633ED800244FF00A0E11E02A2A08D1B7
S21401D9D856F8047B8846002FBCBF43F002037F42FB
S21401D9E8E2E70027E0E702460EFB0411A1F1300446
S21401D9F8104610F8011BA1F1300CBCF1090FF2D941
S21401DA089046424612F8011B6C292DD025D8682964
S21401DA1833D06A293BD04246904618F8010B67284E
S21401DA2860D8572836D8452808D084D9462800F023
S21401DA38188147287FF47FAF43F4006343F020033F
S21401DA4827E12A2906D156F8044B08F1020824EAE8
S21401DA58E474D6E790460024D3E7742901D07A29DE
S21401DA68D9D143F48073D7E798F801106C29F8D117
S21401DA7843F4407308F10202CEE798F801106829CA
S21401DA8802D043F08003C7E743F0C003F2E743F44C
S21401DA980073C1E7A0F158020F2A3FF64CAF01A167
S21401DAA851F822F04DDB01003FD901003FD90100B2
S21401DAB83FD901003FD901003FD901003FD90100F4
S21401DAC83FD901003FD901003FD901004DDB0100D4
S21401DAD8B9DC01004DDB01008FDC01006FDC0100C1
S21401DAE88FDC0100A0F16901C9B20F293FF623AF07
S21401DAF8012249F2410C8A4012EA0C0218D10A297D
S21401DB0800F0158107297FF416AF43F0210305932A
S21401DB180823CDE903431023CDE9012356F8043B36
S21401DB282A46009358464B460A991BF077F9A8E00F
S21401DB386F2800F05E8110D9782808D1102223F0CA
S21401DB480C0310E0582839D0622800F054810A22C4
S21401DB5823F01003642806D0F1E769284FF00A027B
S21401DB6823F01003F6D1590548BF23F001036928AD
S21401DB7803F4007101D0642840D111B3073626F0AA
S21401DB880706B24670685AF8081BCDE907730023E2
S21401DB980593C30F0028029306940B46049202DAF3
S21401DBA84B4260EB4000CDE900304B462A465846CA
S21401DBB80A991BF075F905465646A6E643F0200372
S21401DBC8BCE7D90506F1040A04D5316805E000BFAB
S21401DBD8878C030058060CD53178CDE90224CDE9A7
S21401DBE8047300294FEAD1730193B8BF49420091E3
S21401DBF820E01906E9D5B6F90010EEE779B1CDE9C6
S21401DC0807730023CDE9042306F1070A2AF0070A59
S21401DC1806940293FAE80223CDE90023C5E7D8055E
S21401DC2806F1040A0DD5CDE90473CDE90224019164
S21401DC38336800934B462A4658460A991BF0EEF875
S21401DC48B9E7590607D53178CDE904730023CDE93C
S21401DC5802240193CBE7316813F0800F18BF89B20D
S21401DC68F2E743F02003CDE90173073626F00706ED
S21401DC780094B6EC020B4B462A4658460A99E8F732
S21401DC88A7FD054641E600F0DF00472801D143F429
S21401DC980063CDE90173073626F007060094B6EC53
S21401DCA8020B4B462A4658460A99E8F7D5FBE8E799
S21401DCB813F0020426D04FF0010A6B1C0B932A4678
S21401DCC84B460A9916F8040BD84774B354460B9A70
S21401DCD821E04B4620200A99D8470AEB05020AF1AB
S21401DCE8010A5745F5D83A1E18BF0122002A07F13E
S21401DCF8FF3308BF002307F1010A1D4408BF4FF090
S21401DD08020ADAE7A246E8E7551C4B4620200A999C
S21401DD18D8472A460134BC42F6D3A7EB0A0357452F
S21401DD2838BF00230B9A1A440B920B9DEDE5324639
S21401DD38002C52F8046B14BF21464FF0FF310B92AA
S21401DD4832463144107808B1914211D1A2EB060A45
S21401DD5813F480620C9202D0A24528BFA24613F0A3
S21401DD6802030D931BD1AAEB05032A460F9308E07D
S21401DD780132E7E7531C0E9320204B460A99D847F1
S21401DD880E9A0F9BD318BB42F4D3A7EB0A03574549
S21401DD9838BF00230AF101021D4403EB020AAB1B3C
S21401DDA80E9304E01C464B462A460A99D8470E9B12
S21401DDB8F51816F8010B28B10C9B002BF3D0631E3F
S21401DDC8002CEFD10D9B93B12A46AAEB050405E07A
S21401DDD8561C4B4620200A99D84732461319BB428F
S21401DDE8F6D3A7EB0A03574538BF00231D440B9EFD
S21401DDF88BE50822A3E60222A1E600BF0FB41FB5F1
S21401DE0806AA52F8043B02A90392009204484FF06E
S21401DE18FF32FFF76DFD05B05DF804EB04B07047FF
S21401DE28498F03001FB5034600914FF0FF3203A93F
S21401DE380248FFF75DFD05B05DF804FB498F030056
S21401DE481FB5CDE90201009302A9134603484FF016
S21401DE58FF32FFF74DFD05B05DF804FB518F030057
S21401DE681FB5094B094A1868094B01A91860094BDF
S21401DE781360094A0192094A1268CDE9022316F08D
S21401DE88A2FF05B05DF804FB606F0020EC4100209E
S21401DE98F0410020546F0020078304003854002006
S21401DEA8014B186816F0A3BF606F002038B5F1F76C
S21401DEB8DBFC0446064D2B68D3F8B002F1F7C8FC24
S21401DEC8286816F0A7FF2046BDE83840F1F7C0BC21
S21401DED8606F002010B5234CEFF7B6FDEFF7C2FED2
S21401DEE8236F012023F0070343F003032367EFF7AB
S21401DEF8E3FE1D4B00209B6A9B075EBF01221B4B5E
S21401DF089A62D4F8203123F0030343F00203C4F8DD
S21401DF182031D4F8243123F0070343F00203C4F870
S21401DF282431D4F8403123F0030343F00103C4F845
S21401DF384031D4F8603123F0030343F00103C4F8F9
S21401DF486031D4F8403223F0030343F00103C4F8E8
S21401DF584032D4F8003223F0070343F00103C4F833
S21401DF68003210BD0080005000C0005000E0005094
S21401DF78064B1B681A7A022A01D81AB97047032A6F
S21401DF8800D070471B68024A13607047646F002010
S21401DF98385400200022024B5A60DA601A60704733
S21401DFA83C54002008B501F011FD0022014B1A70FF
S21401DFB808BD00BF416800200A4601491BF02CB87D
S21401DFC8C5AC04000A4601491BF026B8C0AC0400DB
S21401DFD80A4601491BF020B8B9AC04000A460149B3
S21401DFE81BF01AB8B6AC04000A4601491BF014B86F
S21401DFF8B3AC04000A4601491BF00EB8AEAC0400E7
S21401E0080A4601491BF008B8A9AC04000A460149AA
S21401E0181BF002B8A4AC04000A4601491AF0FCBF7A
S21401E0289DAC040081F0004102E000BF83F000438C
S21401E03830B54FEA41044FEA430594EA050F08BF95
S21401E04890EA020F1FBF54EA000C55EA020C7FEA59
S21401E058645C7FEA655C00F0E2804FEA5454D4EBD6
S21401E0685555B8BF6D420CDD2C4480EA020281EAA0
S21401E078030382EA000083EA010180EA020281EAD8
S21401E0880303362D88BF30BD11F0004F4FEA01312A
S21401E0984FF4801C4CEA113102D0404261EB410139
S21401E0A813F0004F4FEA03334CEA133302D05242BF
S21401E0B863EB430394EA050F00F0A780A4F101047B
S21401E0C8D5F1200E0DDB02FA0EFC22FA05F28018B5
S21401E0D841F1000103FA0EF2801843FA05F359419B
S21401E0E80EE0A5F120050EF1200E012A03FA0EFC1A
S21401E0F828BF4CF0020C43FA05F3C01851EBE37144
S21401E10801F0004507D54FF0000EDCF1000C7EEB60
S21401E11800006EEB0101B1F5801F1BD3B1F5001F9E
S21401E1280CD349085FEA30004FEA3C0C04F10104BD
S21401E1384FEA445212F5800F80F09A80BCF1004FE6
S21401E14808BF5FEA500C50F1000041EB045141EA68
S21401E158050130BD5FEA4C0C404141EB0101013C31
S21401E16828BFB1F5801FE9D291F0000F04BF014620
S21401E1780020B1FA81F308BF2033A3F10B03B3F1F2
S21401E18820020CDA0C3208DD02F1140CC2F10C0282
S21401E19801FA0CF021FA02F10CE002F11402D8BFE0
S21401E1A8C2F1200C01FA02F120FA0CFCDCBF41EAAC
S21401E1B80C019040E41AA2BF01EB0451294330BD7B
S21401E1C86FEA04041F3C1CDA0C340EDC04F1140458
S21401E1D8C4F1200220FA04F001FA02F340EA03002F
S21401E1E821FA04F345EA030130BDC4F10C04C4F175
S21401E1F8200220FA02F001FA04F340EA0300294655
S21401E20830BD21FA04F0294630BD94F0000F83F49E
S21401E218801306BF81F480110134013D4EE77FEA81
S21401E228645C18BF7FEA655C29D094EA050F08BFCD
S21401E23890EA020F05D054EA000C04BF19461046AE
S21401E24830BD91EA030F1EBF0021002030BD5FEAF2
S21401E258545C05D14000494128BF41F0004130BD1A
S21401E26814F580043CBF01F5801130BD01F000456E
S21401E27845F0FE4141F470014FF0000030BD7FEAE1
S21401E288645C1ABF194610467FEA655C1CBF0B46DC
S21401E298024650EA013406BF52EA033591EA030FF3
S21401E2A841F4002130BD00BF90F0000F04BF0021EB
S21401E2B8704730B54FF4806404F132044FF000051E
S21401E2C84FF0000150E700BF90F0000F04BF002197
S21401E2D8704730B54FF4806404F1320410F00045FD
S21401E2E848BF40424FF000013EE700BF42004FEAF8
S21401E2F8E2014FEA31014FEA02701FBF12F07F4375
S21401E30893F07F4F81F06051704732F07F4208BF2B
S21401E318704793F07F4F04BF41F40021704730B532
S21401E3284FF4607401F0004521F000411CE700BF7E
S21401E33850EA010208BF704730B54FF000050AE001
S21401E34850EA010208BF704730B511F0004502D502
S21401E358404261EB41014FF4806404F132045FEA04
S21401E368915C3FF4D8AE4FF003025FEADC0C18BFAD
S21401E37803325FEADC0C18BF033202EBDC02C2F19F
S21401E388200300FA03FC20FA02F001FA03FE40EA31
S21401E3980E0021FA02F11444BDE600BF70B54FF035
S21401E3A8FF0C4CF4E06C1CEA11541DBF1CEA135513
S21401E3B894EA0C0F95EA0C0F00F0DEF82C4481EA7B
S21401E3C8030621EA4C5123EA4C5350EA013518BF9B
S21401E3D852EA033541F4801143F4801338D0A0FB88
S21401E3E802CE4FF00005E1FB02E506F00042E0FB35
S21401E3F803E54FF00006E1FB03569CF0000F18BF3B
S21401E4084EF0010EA4F1FF04B6F5007F64F54074E2
S21401E41804D25FEA4E0E6D4146EB060642EAC62175
S21401E42841EA55514FEAC52040EA5E504FEACE2EE2
S21401E438B4F1FD0C88BFBCF5E06F1ED8BEF1004FE5
S21401E44808BF5FEA500E50F1000041EB045170BD61
S21401E45806F0004646EA010140EA020081EA0301A5
S21401E468B4EB5C04C2BFD4EB0C0541EA045170BDA1
S21401E47841F480114FF0000E013C00F3AB8014F11B
S21401E488360FDEBF002001F0004170BDC4F1000464
S21401E498203C35DA0C341BDC04F11404C4F12005E5
S21401E4A800FA05F320FA04F001FA05F240EA020040
S21401E4B801F0004221F0004110EBD37021FA04F676
S21401E4C842EB06015EEA430E08BF20EAD37070BD30
S21401E4D8C4F10C04C4F1200500FA04F320FA05F08F
S21401E4E801FA04F240EA020001F0004110EBD37091
S21401E4F841F100015EEA430E08BF20EAD37070BD01
S21401E508C4F1200500FA05F24EEA020E20FA04F3D9
S21401E51801FA05F243EA020321FA04F001F0004188
S21401E52821FA04F220EA020000EBD3705EEA430EF9
S21401E53808BF20EAD37070BD94F0000F0FD101F028
S21401E5480046400041EB010111F4801F08BF013C61
S21401E558F7D041EA060195F0000F18BF704703F09F
S21401E5680046520043EB030313F4801F08BF013D26
S21401E578F7D043EA0603704794EA0C0F0CEA1355E2
S21401E58818BF95EA0C0F0CD050EA410618BF52EA9C
S21401E5984306D1D181EA030101F000414FF00000A2
S21401E5A870BD50EA410606BF1046194652EA4306B0
S21401E5B819D094EA0C0F02D150EA013613D195EA24
S21401E5C80C0F05D152EA03361CBF104619460AD16C
S21401E5D881EA030101F0004141F0FE4141F4700176
S21401E5E84FF0000070BD41F0FE4141F4780170BD66
S21401E5F870B54FF0FF0C4CF4E06C1CEA11541DBFCB
S21401E6081CEA135594EA0C0F95EA0C0F00F0A7F8CC
S21401E618A4EB050481EA030E52EA03354FEA0131F9
S21401E62800F088804FEA03334FF0805545EA13130C
S21401E63843EA12634FEA022245EA111545EA1065D4
S21401E6484FEA00260EF000419D4208BF964244F16B
S21401E658FD0404F5407402D25B084FEA3202B61A8A
S21401E66865EB03055B084FEA32024FF480104FF45E
S21401E678002CB6EB020E75EB030E22BFB61A7546D2
S21401E68840EA0C005B084FEA3202B6EB020E75EB65
S21401E698030E22BFB61A754640EA5C005B084FEACD
S21401E6A83202B6EB020E75EB030E22BFB61A75469A
S21401E6B840EA9C005B084FEA3202B6EB020E75EBA5
S21401E6C8030E22BFB61A754640EADC0055EA060E66
S21401E6D818D04FEA051545EA16754FEA06164FEAA9
S21401E6E8C30343EA52734FEAC2025FEA1C1CC0D155
S21401E6F811F4801F0BD141EA00014FF000004FF0E2
S21401E708004CB6E711F4801F04BF01430020B4F1A2
S21401E718FD0C88BFBCF5E06F3FF6AFAEB5EB030C5A
S21401E72804BFB6EB020C5FEA500C50F1000041EB57
S21401E738045170BD0EF0004E4EEA113114EB5C0424
S21401E748C2BFD4EB0C0541EA045170BD41F48011F7
S21401E7584FF0000E013C90E645EA060E8DE60CEAFF
S21401E768135594EA0C0F08BF95EA0C0F3FF43BAF1C
S21401E77894EA0C0F0AD150EA01347FF434AF95EAD3
S21401E7880C0F7FF425AF104619462CE795EA0C0FB7
S21401E79806D152EA03353FF4FDAE1046194622E784
S21401E7A850EA410618BF52EA43067FF4C5AE50EA5E
S21401E7B841047FF40DAF52EA43057FF4EBAE12E74E
S21401E7C84FF0FF3C06E000BF4FF0010C02E000BF2F
S21401E7D84FF0010C4DF804CD4FEA410C7FEA6C5C12
S21401E7E84FEA430C18BF7FEA6C5C1BD001B050EAB5
S21401E7F8410C0CBF52EA430C91EA030F02BF90EAA0
S21401E808020F0020704710F1000F91EA030F58BF5E
S21401E818994208BF90422CBFD8176FEAE37040F0C0
S21401E828010070474FEA410C7FEA6C5C02D150EA5E
S21401E838013C07D14FEA430C7FEA6C5CD6D152EA19
S21401E848033CD3D05DF8040B704700BF84461046DE
S21401E85862468C461946634600E000BF01B5FFF7DD
S21401E868B7FF002848BF10F1000F01BD4DF808EDAD
S21401E878FFF7F4FF0CBF012000205DF808FB00BF7E
S21401E8884DF808EDFFF7EAFF34BF012000205DF8D8
S21401E89808FB00BF4DF808EDFFF7E0FF94BF012025
S21401E8A800205DF808FB00BF4DF808EDFFF7CEFF26
S21401E8B894BF012000205DF808FB00BF4DF808ED65
S21401E8C8FFF7C4FF34BF012000205DF808FB00BF36
S21401E8D84FEA410212F5001215D211D56FF478737A
S21401E8E8B3EB625212D94FEAC12343F0004343EA1D
S21401E8F8505311F0004F23FA02F018BF40427047F8
S21401E9084FF00000704750EA013005D111F0004081
S21401E91808BF6FF0004070474FF00000704700BF17
S21401E9284A0011D212F5001211D20DD56FF4787380
S21401E938B3EB62520ED44FEAC12343F0004343EAD5
S21401E948505323FA02F070474FF00000704750EA20
S21401E958013002D14FF0FF3070474FF0000070478A
S21401E96853B94AB9002908BF00281CBF4FF0FF3128
S21401E9784FF0FF3000F08CB9ADF1080C6DE904CE0C
S21401E98800F006F8DDF804E0DDE9022304B070477C
S21401E9982DE9F04F099D0E4604460F46002B47D138
S21401E9A88A429446B2FA82F35AD943B102FA03FC70
S21401E9B8C3F120029F409C4020FA02F217434FEA17
S21401E9C81C461FFA8CFE220CB7FBF6F106FB1177E4
S21401E9D801FB0EF042EA0742904208D91CEB0202FC
S21401E9E801F1FF3702D2904200F23C813946121AF1
S21401E9F8A4B2B2FBF6F006FB102200FB0EFE44EAB8
S21401EA080244A64508D91CEB040400F1FF3202D2E1
S21401EA18A64500F22A81104640EA0140A4EB0E04FE
S21401EA2800211DB1DC400023C5E90043BDE8F08F95
S21401EA388B4205D90DB1C5E9000100210846F5E765
S21401EA48B3FA83F100294FD1B342C0F00281824262
S21401EA5840F2FF800846002DE8D0C5E90047E5E703
S21401EA68002B40F0AF808A1A4FEA1C4E1FFA8CF72B
S21401EA780121B2FBFEF60EFB1620220C42EA0042EA
S21401EA8807FB06F090420FD91CEB020206F1FF388D
S21401EA982CBF4FF001094FF00009904203D9B9F194
S21401EAA8000F00F0DC804646121AA4B2B2FBFEF054
S21401EAB80EFB102200FB07F744EA0244A7420FD9CF
S21401EAC81CEB040400F1FF322CBF4FF0010E4FF08F
S21401EAD8000EA74203D9BEF1000F00F0C980104608
S21401EAE8E41B40EA06409CE7C1F120048B4006FA85
S21401EAF801FC00FA01FE22FA04F7E6408A401F43A9
S21401EB0820FA04F34FEA174843EA0C031FFA87FC76
S21401EB184FEA1349B6FBF8F008FB106649EA0646C1
S21401EB2800FB0CF9B1450ED9BE1900F1FF3A2CBF0E
S21401EB384FF0010B4FF0000BB14503D9BBF1000FA5
S21401EB4800F0A2805046A6EB09061FFA83F9B6FB29
S21401EB58F8F308FB136603FB0CFC49EA0646B445C2
S21401EB680ED9BE1903F1FF382CBF4FF001094FF03B
S21401EB780009B44503D9B9F1000F00F08280434675
S21401EB8843EA0040A6EB0C06A0FB028C664543460A
S21401EB98E14602D307D1C64505D2B8EB02036CEBB2
S21401EBA8070C0138E1465DB1BEEB030266EB0906C8
S21401EBB806FA04F422FA01F3CE401C43C5E90046DE
S21401EBC8002133E702FA03FCC3F1200299409C4076
S21401EBD8D6404FEA1C4E20FA02F21FFA8CF7B6FB13
S21401EBE8FEF00A430EFB1066110C41EA064100FBD3
S21401EBF807F68E420ED91CEB010100F1FF382CBF37
S21401EC084FF001094FF000098E4202D9B9F1000F01
S21401EC1834D04046891B92B2B1FBFEF60EFB1611A4
S21401EC2842EA014206FB07F191420ED91CEB0202A9
S21401EC3806F1FF382CBF4FF001094FF00009914249
S21401EC4802D9B9F1000F16D04646521A46EA0041D3
S21401EC580FE7841A66EB030201201746FBE6023E1D
S21401EC68624421E702396244C1E664440238D3E6C5
S21401EC786444023834E7023E6244E6E702386144F7
S21401EC88C8E7023B3E447BE702383E445BE700BFE9
S21401EC98704700BF2DE9F04F924685B089461E465B
S21401ECA80D46554A0390294615F8014B135D13F096
S21401ECB80803F8D12D2C7CD02B2C4ED04FF0FF31E9
S21401ECC802936FF00043CDE9001336F0100851D0D7
S21401ECD837464FEAE6783A464346DDE90001FFF74C
S21401ECE83FFE002383468E4618461946A44613E07F
S21401ECF8ACF13704A6421FDD002B09DB83457EEB0A
S21401ED08010305D38E4508BF83453BD1A24239DAB4
S21401ED184FF0FF3315F801CBACF13004092CE9D9D3
S21401ED28ACF14104192CE3D9ACF16104192C03D8D0
S21401ED38ACF15704A642DFDC5A1C2FD0029A12B156
S21401ED48404261EB4101BAF1000F03D0002B48D1D4
S21401ED58CAF8009005B0BDE8F08F4FF0FF30029377
S21401ED6836F010086FF000432C7801F10205CDE962
S21401ED780003ADD1302C25D0002E3AD10A27B04653
S21401ED883E46A8E700FB08F307FB0133A0FB070193
S21401ED980B44201843EBE4710123BBE72223039AB3
S21401EDA81360BAF1000F17D005F1FF39DDE900014C
S21401EDB8CEE74FF00047009301232C788D1CCDE950
S21401EDC8017382E72B7803F0DF03582B0CD086B942
S21401EDD80827B0463E467EE7DDE9000105B0BDE8F6
S21401EDE8F08FCDE90001DFE710276C7802353E4643
S21401EDF871E710273E466EE7CDAC04004AE700BF30
S21401EE0810B4044C13460A46014620685DF8044BC4
S21401EE1840E700BF946F002010B4044C13460A461E
S21401EE28014620685DF8044B34E700BF946F002064
S21401EE3820F0030110F00300C0F1000051F8043B74
S21401EE4800F1040C4FEACC0C6FF000021CBF22FA4A
S21401EE580CF213434FF0010C4CEA0C2C4CEA0C4C08
S21401EE68A3EB0C0222EA030212EACC1204BF51F801
S21401EE78043B0430F4D0C2F1000102EA0102B2FAFE
S21401EE8882F2C2F11F0200EBD20070472DE9F0476B
S21401EE9880460C464548264614F801EB10F80EC085
S21401EEA81CF0080CF7D1BEF12D0F5BD0BEF12B0F6D
S21401EEB83AD0654633F010003ED04FF0FF379A46F9
S21401EEC8B7FBF3F703FB07F96FEA09090026304693
S21401EED80EE0AEF1370C63451DDD002E04DBB842AB
S21401EEE802D833D1CC4531DD4FF0FF3614F801EBAB
S21401EEF8AEF1300CBCF1090FEDD9AEF1410CBCF105
S21401EF08190FE6D9AEF1610CBCF1190F03D8AEF1B1
S21401EF18570C6345E1DC731C1CD005B140420AB1AD
S21401EF28F6B91160BDE8F08733F0100094F800E0F8
S21401EF38654606F10204C0D1BEF1300F17D06BBB8F
S21401EF480A234FF005091A4F9A46BFE700FB0AC085
S21401EF580126CBE722233046C8F80030002AE1D044
S21401EF68611EDEE794F800E00125B41CA2E72078CC
S21401EF7800F0DF00582807D083B908234FF00709A7
S21401EF886FF060479A46A1E7102394F801E04FF026
S21401EF980F0902346FF070479A4697E710234FF02F
S21401EFA80F096FF070479A4690E700BFCDAC040092
S21401EFB8999999196AE700BF10B4044C13460A4692
S21401EFC8014620685DF8044B60E700BF946F002097
S21401EFD810B4044C13460A46014620685DF8044BF3
S21401EFE854E700BF946F00200F4B70B50F4DAB422E
S21401EFF8A3EB050607D0B6100024013455F8043BE8
S21401F0089847A642F9D80A4D1FF0A6F9094B5E1B88
S21401F018AB424FEAA60606D00024013455F8043B55
S21401F0289847A642F9D870BD2C7300202C7300208F
S21401F0382C7300203073002070B5860747D0541E05
S21401F048002A3ED0CAB2034601E0013C39D303F890
S21401F058012B9D07F9D1032C2CD9CDB20F2C05EB2A
S21401F068052505EB054535D9A4F1100C03F1100E5D
S21401F0781A462CF00F064FEA1C1CB644C2E9005586
S21401F088C2E9025510327245F8D10CF1010214F0AA
S21401F0980C0F04F00F0C03EB021213D0ACF10403AF
S21401F0A823F003030433134442F8045B9342FBD171
S21401F0B80CF003042CB1C9B21C4403F8011BA3428B
S21401F0C8FBD170BD64461346002CF4D1F9E703461C
S21401F0D81446C0E71A46A446E0E700BF88420ED9A0
S21401F0E88B1883420BD900EB020C002A6ED06246BD
S21401F0F813F801CD994202F801CDF9D170470F2ACC
S21401F1080FD8034602F1FF3C002A5FD00CF1010C30
S21401F118013B8C4411F8012B614503F8012FF9D105
S21401F128704740EA01039B0751D1A2F1100301F190
S21401F138200C70B523F00F0501F1100E00F1100434
S21401F1481B09AC445EF8105C0EF1100E103444F83E
S21401F158205C5EF81C5C44F81C5C5EF8185C44F89D
S21401F168185C5EF8145CE64544F8145CEAD1013391
S21401F17812F00C0F02F00F0C01EB031100EB031356
S21401F18829D0ACF1040C1C1F8E462CF003064FEA5E
S21401F1989C0C1E445EF8045B44F8045FB442F9D143
S21401F1A80CF1010402F0030203EB840301EB840172
S21401F1B802F1FF3C4AB10CF1010C013B8C4411F8F9
S21401F1C8012B614503F8012FF9D170BD704702F193
S21401F1D8FF3C03469AE76246EAE700BF2DE9F04F8F
S21401F1E882468E463F4875461EF801BB10F80B400E
S21401F1F814F00804F7D1BBF12D0F5BD0BBF12B0F30
S21401F2086FF0004904BF9EF800B005F1020E33F016
S21401F218100010D1BBF1300F04D0002B5ED10A23A9
S21401F2281F4609E09EF8000000F0DF0058284ED07F
S21401F238002B53D108231F460025B9FBF7F62846AD
S21401F24807FB16980EE0ABF1370C63451DDD002D64
S21401F25804DB864202D321D1E0451FDA4FF0FF35A1
S21401F2681EF801BBABF1300CBCF1090FEDD9ABF1BF
S21401F278410CBCF1190FE6D9ABF1610CBCF1190FC1
S21401F28803D8ABF1570C6345E1DC6B1C0AD004B11B
S21401F29840420AB1CDB91160BDE8F08F07FB00C046
S21401F2A80125DDE72223CAF800305AB10EF1FF31F5
S21401F2B84846F0E79EF800B04FF0004905F1020E07
S21401F2C80124A4E74846BDE8F08F8146EEE71023FF
S21401F2D89EF801B00EF1020E1F46ADE710231F4639
S21401F2E8AAE700BFCDAC0400242B02D8012B00D01E
S21401F2F874E710B500F02EFA16230360002010BD3F
S21401F30810B5242A084C1346246807D8012A05D0C4
S21401F3180A4601462046BDE810405FE700F01AFAA3
S21401F32816230360002010BD946F002010B5242A10
S21401F338084C1346246807D8012A05D00A46014610
S21401F3482046BDE8104049E700F004FA162303609A
S21401F358002010BD946F0020844641EA000313F094
S21401F368030349D1403A23D30B6803604B684360D3
S21401F3788B688360CB68C3600B6903614B69436123
S21401F3888B698361CB69C3610B6A03624B6A43620B
S21401F3988B6A8362CB6AC3620B6B03634B6B4363F3
S21401F3A88B6B8363CB6BC36340304031403ADBD20F
S21401F3B830320BD30B6803604B6843608B688360FD
S21401F3C8CB68C36010301031103AF3D20C3205D333
S21401F3D851F8043B40F8043B043AF9D2043208D009
S21401F3E8D2071CBF11F8013B00F8013B01D30B887B
S21401F3F803806046704700BF082A13D38B07B1D035
S21401F40810F00303AED0C3F10403D21ADB071CBF06
S21401F41811F8013B00F8013BA4D331F8023B20F870
S21401F428023B9FE7043AD9D3013A11F8013B00F8A9
S21401F438013BF9D20B7803704B7843708B78837055
S21401F44860467047024B0146186816F0A2BA00BF1C
S21401F458946F0020024B0146186816F09DBA00BF4B
S21401F468946F0020CAB384460B4630B50446084359
S21401F478800719D09CF800000C78A04212D150B32E
S21401F488012A28D0E64603E01CEB030F23D010B36D
S21401F4981EF8010F11F8014FA2EB0E03A04203F16B
S21401F4A8FF33F1D0001B30BD032A07D8E2E7043A40
S21401F4B811D01EF0803F0ED1032A10D920681946B4
S21401F4C853F8045BA446A0F1013E0434A8422EEA90
S21401F4D8000EECD0CEE7002030BD10467047A4469B
S21401F4E81946C7E780EA010C1CF0030F37D110F064
S21401F4F8030C20F0030021F0030150F8042B08BF89
S21401F50851F8043B0ED08CF0030C6FF07F434FEAA2
S21401F518CC0C23FA0CFC51F8043B42EA0C0243EAF1
S21401F5280C0300BFA2F1013C9A4201BF2CEA020C6F
S21401F5381CF0803F50F8042B51F8043BF2D04FEAF8
S21401F54802604FEA1222012828BFB0EB036F08BFFA
S21401F5581B0AF4D003F0FF03000EC01A704710F020
S21401F568030F0AD010F8012B11F8013B012A28BF16
S21401F5789A42F4D0A2EB030070474DF8045D50F8A8
S21401F588042B01F0030521F0030151F8043B022D79
S21401F59826D04DD822F07F45B5EB132FA2F1013CBA
S21401F5A82CEA020C0DD11CF0803C08BF51F8043B34
S21401F5B80AD185EA0205B5EB036F0CD150F8042B86
S21401F5C8E8E74FEA13235BE03CF07F4C54D10B7815
S21401F5D84FEA126554E04FEA126503F0FF034FE065
S21401F5E84FEA0245A2F1013C4FEA15452CEA020C06
S21401F5F8B5EB134F18D11CF0803C08BF51F8043BFB
S21401F60807D185EA0205B5EB034F09D150F8042B5B
S21401F618E6E75FEA0C4C2FD10B884FEA12452FE03C
S21401F6284FEA03434FEA12454FEA134328E000BF67
S21401F63802F0FF05B5EB136FA2F1013C2CEA020CB0
S21401F6480DD11CF0803C08BF51F8043B0AD185EA6D
S21401F6580205B5EB032F0AD150F8042BE8E74FEA69
S21401F66813630DE012F0FF0F06D051F8043B4FEA82
S21401F678122523F07F4303E04FF0000020BC7047BB
S21401F68805F0FF0203F0FF00012828BF904204BFDF
S21401F6982D0A1B0AF4D0A2EB000020BC704700BF5D
S21401F6A808B5064B044613B1002100F0AFF8044B29
S21401F6B81B6803B19847204614F061FD15F8010050
S21401F6C884550020002301461A46184600F048B81B
S21401F6D8032A30B415D941EA000484460B46A40728
S21401F6E804D0541E0FE0043A032A08D91946604686
S21401F6F853F8044B5CF8045BA542F4D0F1E7604686
S21401F7081946541E7AB1431E0139021901E09A427C
S21401F71809D013F8010F11F801CF6045F7D0A0EB17
S21401F7280C0030BC7047002030BC704738B5074D18
S21401F738074C2C1BA41005D0013C55F8043D9847EE
S21401F748002CF9D1BDE838401EF00CBE34730020F9
S21401F75830730020014B1868704700BF946F002073
S21401F768F0B5264C83B006460F46256805B36C6887
S21401F7781F2C3FDCA6B1D5F8880048B3D0F8001195
S21401F7884FF0010C40F82420022E00EB84020CFAFC
S21401F79804FC4CEA0101C0F80011C2F8803010D010
S21401F7A8631C002002346B6045F8247003B0F0BD7A
S21401F7B813491448216010B10068C1F88800104D3B
S21401F7C8D5E7D0F8043143EA0C03C0F80431E7E77B
S21401F7D80D49CDE9002369B14FF48470FFF732FE75
S21401F7E840B100216C68C0E94011DDE90023C5F885
S21401F7F88800C5E74FF0FF30D8E700BF1456002051
S21401F80888550020000000004DF401002DE9F04F56
S21401F818DFF8B49083B0D9F8006096B388460190B3
S21401F8287568D6F888706C1E2BD4013507F1800BE5
S21401F83806EB8505B8F1000F26D173682A68013BE7
S21401F848A3423BD000232B60BAB1D6F804A05FB31D
S21401F8580123D7F80011A3400B4225D0D7F804019D
S21401F86857F8241003422BD1019890477368D9F8AA
S21401F878002053451ED1B2421CD1013C043D631CF5
S21401F888D8D103B0BDE8F08F4FB15BF824304345BB
S21401F898D3D0013C043D621CF3D0002FF5D1013CC6
S21401F8A8EFD3013CFBD2ECE790477368D9F8002008
S21401F8B85345E0D0002AE4D01646B1E77460C3E7A2
S21401F8C808469047D2E700BF1456002013B50446F1
S21401F8D8694619F098FC204619F0DCFDFF28024617
S21401F8E806D020469DF80010EFF718F802B010BDB4
S21401F8F80048FBE70080FFFF2DE9F0418AB001AC24
S21401F90805460B462746194A02F1200C264610687A
S21401F9185168083203C662453446F7D1002B08BF42
S21401F9283B46002710681C463060384603F10C0633
S21401F93890B95FFA87F842462846218819F0CCFE26
S21401F94850B942462846E18819F0D7FE20B9424602
S21401F9583146284619F0E3FE0137032F06F108065B
S21401F96804F10204E4D10AB0BDE8F081E4AD040074
S21401F978F0B589B005460E4601F034FE044600BBD4
S21401F98801AC06F10C070FCF0FC497E8070084E80F
S21401F998070001A9284605F0F1FC2846311D1AF092
S21401F9A859F9044648B92846074901F05DFA04465C
S21401F9B818B9284601F0E0FD044628463168FFF7E5
S21401F9C89BFF204609B0F0BDDCAD0400014919F0E3
S21401F9D86DBC00BF7115020070B5164E03280446AB
S21401F9E80D4633781ED023FA04F202F00102AA4229
S21401F9F81DD053B10122A240A54023EA02032B439E
S21401FA08DBB233704BB1012070BD2DB10A4B01201A
S21401FA181B6898473378EDE73570074B00201B685D
S21401FA289847F0E79A07DED003F0FC03E9E70020E1
S21401FA3870BD00BF4368002054580020F8B505463D
S21401FA480C461EF0F4F9104F06463B7833B1012DEB
S21401FA5804D01CB90D481CF0B1FF3C70214628465D
S21401FA68FFF7BAFF0A4B04461B783BB93B782BB91C
S21401FA7819F006FE10B1074B1B68984730461EF072
S21401FA88D1F92046F8BD00BF446800202858002058
S21401FA9843680020E46F0020054A0B46117831B10F
S21401FAA800211170034A01215268187810477047DF
S21401FAB844680020E46F002038B5074D04462B78CB
S21401FAC8834207D001F0B8FC20462C70BDE83840C8
S21401FAD8F0F7BCB938BD00BF4268002038B5044607
S21401FAE880B11EF0A4F90121044608461CF0DAFB91
S21401FAF801210B4A084616F020F82046BDE8384092
S21401FB081EF090B91EF093F90546214601201CF017
S21401FB18C9FB01202146024A16F00FF82846EDE7F0
S21401FB28EB8304001B4B022910B5187002D0032979
S21401FB3804D010BD184B1B78002BFAD105F08CFBAE
S21401FB480028F6D04FF00052144BC3F88020BFF3BC
S21401FB584F8FBFF36F8F01F047FC0028E9D001F003
S21401FB683BFA0028E5D10E4B1C6834B12368984748
S21401FB78BDE81040002001F053BC19F093FB094B77
S21401FB8818601EF040FA084B1860204601F034FC55
S21401FB98EEE700BF027300204268002000E100E0A3
S21401FBA878580020505800204C58002038B5044694
S21401FBB80D4605F051FB80B14FF00052124B1A600A
S21401FBC801F012FC48B9012D07D8012001F028FCE4
S21401FBD80E4B1B6823B15B6898470D4B1C7038BDEC
S21401FBE81EF011FA0B4B1A68801A18601CF094FF65
S21401FBF84FF47A72084B1B6802FB003019F054FB6D
S21401FC08012001F0F9FBE8E700E100E07858002060
S21401FC18027300204C58002050580020F0B585B0DB
S21401FC281EF005F9344D04462B7823B133481CF0F1
S21401FC38C5FE002852D11CF04BFF02AA03A919F0F1
S21401FC4809FD0346002838D019F018FD029B984292
S21401FC581CD100202A4B03991B682A4E9942307002
S21401FC6820D90027C91A012324482B70264A33466F
S21401FC78CDE900771EF0A3F9002837D1234A137877
S21401FC88D90701D53178F9B1204611E019F0F4FC0D
S21401FC98029B984228D0002318461949194A096830
S21401FCA8137003910121FFF797FE002320462B705E
S21401FCB81EF0B8F8002005B0F0BD20462B701EF0E7
S21401FCC8B1F8212005B0F0BD03F0FE031370002B38
S21401FCD8DAD10F4B1B6898472046E9E720461EF005
S21401FCE8A1F80E2005B0F0BD0220B3E70323204695
S21401FCF82F703370F3E700BF4468002028580020AF
S21401FD084858002001730020A1FA0100436800202A
S21401FD185458002070B51EF08AF8184D04462B7802
S21401FD2823BB174A17491370174B184A18481A6005
S21401FD38184A194E5A60F0F72DF818491848F0F77E
S21401FD4829F8184B80203360EDF7E4FD052804BF39
S21401FD58154B3360154B5B6F03F44073B3F5007FA7
S21401FD6802BF0222124B1A6001232B70F0F77AF9B0
S21401FD7820461EF057F8002070BD00BF45680020D9
S21401FD884468002008AE0400E46F002025FC01004A
S21401FD981858002045FA01005458002010AE0400F7
S21401FDA820580020C1FA0100E5FA01000040005081
S21401FDB8485800202DE9F0438F7880460F2F0C46CF
S21401FDC885B003D9212005B0BDE8F08327B9012302
S21401FDD8374A00201370F6E70D784E78EDB9002EF5
S21401FDE8F0D194F90310E08802F00CFE2128E9D03E
S21401FDF855EA0603A088DFF8C89013D002F066FE1D
S21401FE084FF60403B9F8002001469A424BD1AE4298
S21401FE18334638BF2B4600262DE0082DD2D8082EAB
S21401FE28D0D8DEE702F052FE4FF6040501464FF63B
S21401FE380500204A136E9BB2AB4208BF0346B1F5D4
S21401FE48803FA9F800300FD90223082513668023BE
S21401FE580126C2F880302B4649084FF6FF72013951
S21401FE68914228BF114608E0802301260825166618
S21401FE78C2F880302B460029EFD1002202920122D7
S21401FE88013FFFB2009201972A4608F1F80002F0F6
S21401FE98C7FC1EB14FF48012074B5A65074BA26880
S21401FEA81A60022394E703480266A9F80030AEE711
S21401FEB84668002000C001B800D001B8605800208C
S21401FEC88872002010B50446D0F818210B4B4FF461
S21401FED80061C3F8CC2090F82420D20102F4006215
S21401FEE805F0D6F894F8243013F0100F4FF4007389
S21401FEF814BF034A034A136410BD00BF003E00B096
S21401FF08001002B8002002B8431C07D06FF0FF02A9
S21401FF18034B10405A62A3F580535862704700BFDE
S21401FF2800E000B8F8B504460F4616461DF07FFFF8
S21401FF380546A047044620B128461DF073FF204613
S21401FF48F8BD04F05FFA04220549D1F8F03E23EA29
S21401FF5807033343C1F8F03E024B1A64ECE700BFCF
S21401FF68003000B0002002B800F01803182B0AD0A1
S21401FF7803070AD440F2011310F0100018BF184600
S21401FF88034BD86770470020FAE70120F8E700BF5F
S21401FF98003F00B0044B1868830654BFC0F30F2017
S21401FFA84FF6FF70704700BF0459002038B1036848
S21401FFB8044A002B08BF1346034A13607047014BD7
S21401FFC8FAE700BFFB920300F06F002010B4D0E9F7
S21401FFD8524122400B4052EA030104D003495DF81E
S21401FFE8044B096808475DF8044B7047F06F00201A
S21401FFF80F2938B505460C460ED801F033FA012804
S2140200080CD1074A2846936E23F00F0323439366C0
S21402001819F094FB002038BD2120FCE70220FAE7FD
S214020028003F00B0014BD86E704700BF003F00B0DB
S214020038014B0020D9667047003F00B003282DE91F
S214020048F347884655D82C4B13F800902B4B1E5C6A
S2140200582B4B13F800A01DF0EAFE074604F01EF923
S214020068054640B100230022CDE9003301200023D3
S214020078002103F03FFF04F019F948B100230022DB
S214020088CDE90033002000234FF4004103F032FF8D
S2140200986EB31C4BDC6C04F008041B4B3146DC6464
S2140200A8484604F00DFA52463146484604F096FA97
S2140200B8164BDC646DB1164B1868D0F89010F83001
S2140200C803F008F813490868FFF71EFF4FF0FF33DE
S2140200D80B60B8F1000F04D00F4B002103205B68B9
S2140200E89847384602B0BDE8F0471DF09BBE344636
S2140200F8D3E702B0BDE8F08720AE04001CAE0400C9
S21402010818AE0400004000B8006000B8005000B8FE
S21402011810590020EC6F0020E46F00200F4A136C81
S21402012813F0A00F15D1506C10F0040013D10C4B2D
S214020138D3F8F03E23F07F4323F0FF035BB1D36886
S214020148C3F30362092A07D0B2F10C0018BF0120D4
S2140201587047002070470120704700BF000002B8B1
S214020168003000B070B50D46064620B91A4B1B681B
S214020178A3B10E2011E001F075F9012829D1174B19
S21402018893F90040C4F12704641BC4F11C03002B36
S214020198B8BF5B42232B0CDD212070BDA1F10B03F7
S2140201A8002BB8BF5B42232BF6DC0C4B19700020E1
S2140201B8F3E786F826501DF03AFE094AE402136A67
S2140201C804F4FF2423F4FF231C4314621DF02AFEC2
S2140201D8EDE70220E1E700BF10590020476800203B
S2140201E800C000B818B9034B93F90000704790F99D
S2140201F8260070474768002010B5FFF763FE03F035
S214020208A7FB1DF014FE0A4A0121D2F8C83E04468E
S21402021823F02003C2F8C83E0222064B08469A601C
S214020228054B5B68984720461DF0FCFD002010BD74
S214020238003000B0001002B8E46F0020094B0846F0
S2140202485A6A91020BD4D3F80021D20708D4D3F8FD
S214020258803013F4706F14BF01200020704701200D
S214020268704700BF004001B8F8B50D46D0F8903088
S21402027802EA010423EA01032343C0F890303D4A08
S21402028801F00B0323EA0401D1642340A2F580524D
S2140202986F070646D36410D50121FFF7CFFF60B17A
S2140202A804F0B0F84FF4007314F0040F14BF324A87
S2140202B8324A53620422324B1A64E90606D514F00F
S2140202C8100F14BF00221B222E4B5A652A061DD574
S2140202D8230616D54FF40012274B1A62012203F59D
S2140202E88053C3F800211DF0A2FD0E210746032005
S2140202F802F040FE40F20122224B3846DA621DF036
S21402030891FD214606F1F80002F0E4FEEF0503D55A
S214020318E00529D502F0FEFDA90503D5A20526D5D6
S21402032802F004FE15F0600F09D0D6F8E410304645
S21402033818F0E0FF8022144B9867144B1A612B05BD
S21402034810D504F05FF8124A14F4006FD2F8F03EA3
S21402035814BF43F0006323F00063C2F8F03E0422A1
S214020368074B1A640020F8BD02F0CEFDD4E702F06F
S214020378D7FDD7E7006000B8005001B8006001B8A2
S214020388002002B8004000B8003F00B0000002B8E3
S214020398003000B0014B1868704700BF6C58002048
S2140203A837B51DF044FD002401230022CDE90034B0
S2140203B8002305461946104603F09CFD022002F06B
S2140203C803F9064B21461C60054B02205B689847DA
S2140203D828461DF027FD204603B030BD745800207D
S2140203E8E46F00202DE9FF4102290D46164698467D
S2140203F8039004D1FFF7D4FF04B0BDE8F0811DF0E6
S21402040816FD1E4F04463B683BB1B34205D01DF0AD
S21402041809FD002321203B60EEE7194B0022C3F8B2
S21402042800803E60002301264FF000081046194659
S214020438CDE9006603F05EFD124B022083F80080C9
S21402044802F0C2F843462A46022003A902F0DAF866
S2140204580D4B039A1A6008B92046D8E70B4D2B684D
S2140204689847212804D020461DF0DCFC0020C3E76C
S21402047831466B6802209847F5E700BF745800209B
S21402048870580020496800206C580020E46F00204D
S214020498044B5B6E5B054EBF0120034B187800F0D9
S2140204A80100704700C001B8496800200A78022A8D
S2140204B811D0101F4242424152004B781201022BC1
S2140204C80BD0191F4B424B415B000549054842EACF
S2140204D88312FFF727BD0122EFE70123F5E700BFE6
S2140204E8F0FFFF00B51402000B78022B10D0181F7D
S2140204F8434243415B004A78022A0BD0111F4A4204
S2140205084A4152000F21044843EA8202FFF70ABD15
S2140205180123F0E70122F5E7E11402002DE9F8438A
S2140205280E780446042E0D4690F824810BD1002737
S2140205385FFA87F9484601F0BBFC08B14E4602E06E
S2140205480137042FF4D1304601F0B2FC002849D016
S21402055894F82431B34209D1AA88D4F8A4309A422E
S21402056804D16A88B4F826319A4238D084F82461CD
S214020578AB883046A4F828316B88A4F82631AB88B5
S21402058804F59275C4F8A430FF2384F8293019F0CC
S21402059853F984F82800284601F04AFC18BB284676
S2140205A801F07CFCF8B9D4F8E03053B194F8241181
S2140205B8414506D02046B3F91220EEF737F984F8FB
S2140205C82D01204601F0B8FC0949A4F828010123A8
S2140205D8084AD1F8FC1004F1F80003F083FA002068
S2140205E8BDE8F88321200C2384F82431F8E700BFFD
S2140205F8004F00B0A43F00B070B5054690F824013D
S2140206080C460C281FD0FF2901D1212070BD1AB133
S2140206184FF0FF320D4B1A6019F00EF9064695F8A0
S214020628240101F07BFC844228BF0446E4B2B442AB
S21402063838BF3446E0B285F8290001F079FDFF2874
S214020648E3D00020E2E70220E0E700BFF46F0020D4
S21402065810B590F8243104460C2B44D0D0F8E0307C
S21402066880F82810DBB3D0F8F020D2B990F82D31F4
S2140206788B421CD300222046FFF7BEFF48BB1B4B0B
S2140206881B7813F0FD0F23D1204601F055FC1849BC
S2140206980123184AD1F8FC1004F1F80003F022FAF4
S2140206A816E0B0F94020B3F912309A42E2DD002291
S2140206B8204694F82D11FFF79FFF50B9C4F8E000C2
S2140206C8204619F063FA4FF6FF739842014601D1A5
S2140206D8002010BD2046BDE8104004F077BFFF2377
S2140206E880F82930F4E70220F3E700BF8C72002076
S2140206F8004F00B0A43F00B0F0B51D46144B0446A8
S2140207081B780F46164685B05BB1D0F8E030E3B1E9
S21402071802AAB3F912300092002214F023FB05B0A5
S214020728F0BD02A918F06FFD9DF808103A4620465B
S214020738EEF77CF8014626B92A462046FFF75CFF04
S214020748EDE72046FFF784FFE9E71846E7E700BF2C
S214020758C3850400D0F89830012B01D100207047D9
S21402076870B5054650498EB019F0B9F8D5F8E0606C
S2140207780146AC8DC5F8E40026B1336813B15B6850
S214020788002B6BD11DF053FB1DF04CFB0123D5F853
S214020798E4108DF80E30B389D6E90120E31A9BB22D
S2140207A800FB03224148ADF80C30036802929942D6
S2140207B807D0284618F09EFD80223D493D4B8867A3
S2140207C81A613D4C3B4E00F04DFE0128FBD1236CCE
S2140207D8D907F8D4336CDA01F5D4D5F8E4102846EC
S2140207E80D919DF80E20029908AB02F037FE0028FC
S2140207F831D100F037FE0128FBD12E4A2E49136C60
S214020808DB01FCD40B6CDE07F9D408A901A803F0B7
S21402081847F800BBAA8D294B5A6495F8243060F332
S214020828410385F8243018F0AEFFD5F8E0300246CA
S2140208385B691968431EDBB2FD2B049114D9CC1CE4
S21402084812D91F4B01311B6815D0D81C10D8284660
S21402085804A904930AE002200EB070BD1A68032A9F
S21402086890D99B6A5B0E94E7284604A918F075FF90
S21402087800200EB070BDD91C04D8284604A90493DB
S21402088818F06BFFD5F84C319B0506D495F8243042
S21402089843F0020385F82430EAE728464FF480310D
S2140208A819F0A4F9E4E700BFFC4F00B05C5800203A
S2140208B8003F00B0000002B800C002B8008001B8CD
S2140208C80070002010B50C4619B118F002FF00B1EE
S2140208D80434204602F0FAF8024B4042C3F8E00E0F
S2140208E8002010BD003000B0438E70B593420C460F
S2140208F815461CD3436C8B4208BF00241DF097FA9A
S2140209084FF49C530B490646CA68C2F30362D340A7
S214020918DA0702D50B6C9B0304D40122294620462B
S21402092801F05CF830461DF07DFA002070BD2120EB
S214020938FCE700BF000002B82DE9F84F0746154647
S2140209480B4611B92120BDE8F88F002AFAD00329F0
S21402095805D8002201F0ACF903460028F2D01C881C
S2140209689A78B4F5804F02F0070180F0CE80A1F1A4
S214020978070C187993F805B0DE88DCF1000343EB20
S2140209880C0305292B7394BF0023C2F30013C2F38A
S214020998801C6B73930985F810C003F00203C2F338
S2140209A8C00C43EA0C03C2F34012E8746B74AA74D0
S2140209B8D7F89030AE82D80600F19380063901291E
S2140209C800F28F80B7F81290D7F81C8009F1FF3929
S2140209D84F4B083C04EA09045B6D18F80430002102
S2140209E8802B0CBF6FF07F03323B04F1010418BF63
S2140209F85BB204EA0904AB73631D03EA09035A1CD3
S214020A08A96002EA090218F8022018F8036097F8A3
S214020A1825A046EA022636B2BAF1000F5FD1F104E3
S214020A2856D5D7F8E43013B11B68022B05D841F225
S214020A384D724C21002004F0F7FDD7F8E420C6F3E7
S214020A480B0392F82420DB000AB1B3FBF2F39B45B2
S214020A5808D83BB1CBEB0B2BBBFBF3FB6FEA0B0BBC
S214020A685FFA8BFAD7F8EC3023B1504695F90E1098
S214020A7898478246013485F80FA004EA090418F854
S214020A880410013404EA090418F80430013404EAAC
S214020A98090441EA032118F80430013404EA090477
S214020AA841EA034118F8043041EA036116F4804328
S214020AB805D0184BDB6EB3FA83F35B095B00384646
S214020AC86A7C03F0CBF806232860AB7100203AE76D
S214020AD818F804A04FEA4A0A5FFA8AFAC2E78A4670
S214020AE8C8E700230020EB730B4BDA69C2F307232F
S214020AF8120448BF63F0FF035AB212F1800F1CBFFC
S214020B08323B5AB2AA730346DEE702201BE700BF4F
S214020B18004000B8003F00B000C000B806238B7142
S214020B2890F8253043B1054BD3F8C4200B6802F081
S214020B381F0203EBC2030B6000207047003E00B0A2
S214020B4811F5004F1FBF01F30E01044BC1F30E014E
S214020B58002014BF99642120704700BF008001B8A6
S214020B68F8B504460E4619B990F824305A0647D402
S214020B784FF6FF73218ED4F8E470994204D0354BB1
S214020B881B680BB120469847334D2B68BB4255D09D
S214020B98324B1B683BB11FB13A68002A50D0BF6877
S214020BA83946204698470727204601F0C5F9002E01
S214020BB83AD004F0C7FA0620294B94F9262093F96E
S214020BC800302849C3F127039B1A0A6ADB0222F47B
S214020BD8FF2203F4FF2313430B62D4F8E420224BCC
S214020BE82A60986701F01CFB002501211F4A204B4A
S214020BF81170204683F8845018F0A0FD2846F8BDE8
S214020C084FF6FF71144DD0F8E4702A6866F386131F
S214020C189742018680F8243017D0104B1B68002BA9
S214020C28B9D101F089F9072712493B46124AD1F889
S214020C38FC1004F1F80002F055FFBAE70127B3E703
S214020C481746204639469847ADE701F075F9012759
S214020C58EAE700BF685800205C5800206458002065
S214020C684768002000C000B8006000B84868002046
S214020C78003F00B0004F00B0A43F00B0054A12681B
S214020C881AB190F81E1119B91047084602F092B91F
S214020C98014870475858002000FEFFFF334B2DE9E5
S214020CA8F7431C6801F4007900F00103174653EA7B
S214020CB8090206460D4632D04FF0000823B3002339
S214020CC8002201200021CDE9008803F013F94146ED
S214020CD82046FFF7D3FF01224146E085104618F06A
S214020CE807FFD4F8901004F1F80002F0F3F920494F
S214020CF80868FFF709F94FF0FF330B6094F82430C1
S214020D0843F0040384F82430B9F1000F07D0012118
S214020D18204618F06BFF25F4007506430D432B4654
S214020D2832462046FFF752F9FB070FD51149124AF9
S214020D3808680021136811600121104A117003B176
S214020D4898470F4B002102205B68984717F00E0F52
S214020D5808D04FF409723B21002003B0BDE8F043E7
S214020D6804F062BC03B0BDE8F08300BF105900204F
S214020D78EC6F002070580020745800204968002044
S214020D88E46F002008B5582200210648FEF754F9F9
S214020D981022FF210448FEF74FF904F0D3F9002089
S214020DA808BD00BFF43E00B0383F00B073B57421EA
S214020DB80C236D22A0F81411822180F824314FF6F4
S214020DC8FF734FF0FF35C0E941120026C0F8002134
S214020DD864220446838580F82A301E4BC0E94322E3
S214020DE8C36300F1480343641B4B80F82660C0E9DE
S214020DF80C35C0F8A450058503F060FA2046FFF7C4
S214020E08C1FF94F926102046FFF7ACF96023134A6F
S214020E1840F6FF71D3644FF03A4211631167104AE5
S214020E282946D36440220F4B20461A64D4F89020F1
S214020E38FFF71AFA0E230022CDE9003340F2022306
S214020E481046194603F056F801F046F8304602B046
S214020E5870BD00BF0700FFFFFFFF4000004000B85C
S214020E68005000B8002002B810B50C46FFF78AFFFB
S214020E78CCB1A378082B18D8E278082A15D843EA02
S214020E88021313F0FF030CBF19466168084AC2F83A
S214020E98F410217882F84811617882F84B3182F88A
S214020EA8491104F04FF9002010BD2120FCE700BFCD
S214020EB8003E00B0012A10B512D8032B10D803EB57
S214020EC882020123074C934094F84A01DBB221B10F
S214020ED80343002084F84A3110BD20EA0303F8E7EA
S214020EE82120F9E7003E00B0044BD3F8F03E13F099
S214020EF8806F14BF23200020704700BF003000B068
S214020F080246F8B5B0F8284100F1F805FFF7ECFFFD
S214020F180B688E68013304BFD2F800310B604B6849
S214020F28013304BFD2F80C314B60771C3BD1D2F8A0
S214020F380831CF688B607E1C3CD1D2F804610F69F9
S214020F48CE60013704BFD2F8F8700F614F690137D7
S214020F5804BFD2F8FC704F618F69013704BFD2F81C
S214020F6810718F618F6967BBC0F1640408688C6171
S214020F7810B16D2838BF6D20C2F808314B68C2E937
S214020F884006C2E943340B692846C2F8F8304B6972
S214020F980F49C2F8FC30D1F8FC1007230D4A02F0BC
S214020FA8A1FD0020F8BD04F16D031B1AB34238BF39
S214020FB83346BEE704F17406361ABE4238BF3E46CA
S214020FC8BDE76D34241ABC4238BF3C46CEE700BFA4
S214020FD8004F00B0A43F00B070B51CF028FF0546CD
S214020FE80B4E00F03FFA012805D028461CF01AFFDF
S214020FF80224204670BDF36813F0706FF1D1F468CE
S21402100814F08054EDD128461CF00CFFF1E700BF1F
S214021018000002B838B51CF00AFF4FF6FF710A4AFC
S21402102813888B4203D11CF0FDFE0E2038BD074CF8
S214021038074D1B046566A4F58054636611801CF090
S214021048F1FE0020F2E700BF8A720020006001B8B5
S2140210580000FFFF2DE9F74304460F4615461E46D5
S214021068FFF75CF838B3A38A2BB3204618F00DF9BD
S21402107878B9744BD3F8F02E1EB10E2003B0BDE833
S214021088F08302F03003102BF7D002F0C002402A99
S214021098F3D0DFF8E08102F05BFCD8F81430DE0704
S2140210A8EBD51CF0C4FE0646032001F08BFB20B1EC
S2140210B830461CF0B7FE0220E0E7D8F8142012F0FB
S2140210C80608F5D130461CF0ADFE5E4B4FF40061C3
S2140210D82046D3F8F09ED3F8D06E03F0EDFF40B169
S2140210E84FF400720121584B08461A64424618F01B
S2140210F8FFFC3946204604F069FA524BC3F8F09EC4
S214021108C3F8D06E0028B9D194F82430980601D4D2
S214021118002D57D0C5F3400003F03AF9022315F420
S214021128807F1FBF494A002113644FF03A420BBF23
S214021138454A91611364536303F064F94FF480637C
S21402114815F0040F14BF424A424A15F0400F536284
S2140211584FF004023C4B28461A644FF0400314BF73
S2140211683D4A3E4AC2F88830FEF7FEFE204618F090
S214021178B6F938B14FF4807315F0010F14BF334A2D
S214021188314A1364A90646D54FF6FF72E38F934297
S2140211980FD0334A3349526E100CC2F30112013291
S2140211A8B3FBF2F308802A4A2A492F481B044866EA
S2140211B85366003D18BF012594F8243065F345139D
S2140211C884F82430204618F084FAF0B1204618F045
S2140211D886F9D0B14FF40031204603F06DFF431C68
S2140211E803229BB2214801A918F013FB9DF804209C
S2140211F802F00703052B9DF8053015D112070DD40A
S21402120843F480731A4AC2F8D830002003B0BDE807
S214021218F04318F00BBBFFF7FDFECAE713F0040F06
S21402122809D19DF80630EBE703F03002202A05D1F3
S21402123813F0010FF4E74FF48073E3E79DF80630E6
S214021248E0E700BF003000B0002002B8001002B885
S214021258005001B8006001B800D000B800E000B83D
S214021268004001B88A7200200000FFFF0C0000BA96
S214021278003E00B000C001B82DE9F3410646884694
S21402128815461F461CF0D3FD0446032001F09AFAC1
S21402129838B120461CF0C6FD0E24204602B0BDE832
S2140212A8F081042001F08EFA0028F2D120461CF0C4
S2140212B8B9FD01232A4641463046FFF7CBFE0446CF
S2140212C80028EAD1DFF8C8805FB388F800003946FC
S2140212D83046FEF76FFD00284CD198F80030012BF7
S2140212E81CD02022244B1A64244B9B6FB3F5817FB3
S2140212F81FD2012018F0B3FA1CF099FD204B0646BF
S2140213081B680193CBB901F0DDFA15F0800526D1EA
S21402131801F01CFB284603F00FF825E003F022F83C
S214021328BBE798F80030012BF8D0002BD9D121243E
S214021338B3E78022134B1A61DBE7042001F044F975
S21402134800230122042001A901F05CF90028DAD161
S21402135803F070F8212430461CF064FD9DE7002255
S214021368094B9A6701F0F2FA084B01215B680020E4
S2140213789847F0E7044690E7001002B8003F00B02E
S21402138860580020000002B800C001B8E46F0020D0
S2140213984668002008B50B4BD3F84C114B1C10D0EE
S2140213A811F080410DD1084B1B6813B10320FEF7DC
S2140213B845FE4FF08062054BDA6401225A6102222A
S2140213C89A6208BD0080E00F10590020001002B88B
S2140213D84FF40022034B186C03F500531A64C0F34B
S2140213E8C0407047000002B8024B586900F001007E
S2140213F8704700BF00C001B8084B5A69D10707D525
S21402140808B901F0BDB85B69DA0706D401F0AAB8D4
S2140214185B69DB0701D40028F8D1704700C001B821
S2140214284FF0806310B1024A53617047014AFBE7E6
S214021438001002B8002002B8202350B1064AC2F8AB
S214021448F433064B196C11F0010104D1032002F0A3
S21402145893BA034AF3E77047001002B800C002B80E
S214021468002002B80F4BDB68C3F30363013B0B2B68
S2140214780FD8DFE803F006060C06060606080A0872
S214021488080802207047042070470520704703208A
S2140214987047054B5B6913F0060F0CBF012004204A
S2140214A8704700BF000002B800C001B8094AD368F6
S2140214B8C3F303630B2B08D06FF49050184100F067
S2140214C8010080F0010040007047106C10F4803074
S2140214D8EDD17047000002B80C4AD368C3F3036321
S2140214E8062B07D8042BD8B20BD8C31E584258412D
S2140214F840007047072B06D1D2F844010028ECD1E9
S2140215087047022070470020704700BF000002B8EC
S214021518094BDB68C3F303639A1E012A8CBF0022B9
S2140215280122012B02701EBF4FF4026222FA03F355
S21402153803F001030B707047000002B8094AD3682B
S214021548C3F30363032B01D0072B08D1536CDB06C6
S21402155805D4906C80F00800C0F3C00070470020E5
S214021568704700BF000002B8024B0022196818F044
S21402157893B800BF60AE040010B5FF224FF6FF71A5
S214021588044618F0A9F868B9FF224FF6FF712046FC
S21402159818F0B3F830B92046BDE81040FF220249D9
S2140215A818F0BDB810BD00BF28AE040010B55B0722
S2140215B843EA02439DF8082043EAC163520502F053
S2140215C8BC621A43064942F4C872044603F060FD38
S2140215D8002220461146FFF787F9002010BD00BFFB
S2140215E89007E12D37B50C460546094A09490A48C7
S2140215F801F038FB94F828302846009394F82B30EC
S21402160894F8292094F82A10FFF7D0FF03B030BDCB
S214021618C4AE0400CCAE040094AE040008B5FFF7CE
S2140216288DFF88B1094BDA6912030DD5186C10F4D0
S214021638003009D19B6C13F0100F4FF010030CBF4B
S214021648034A044A936408BD0220FCE7000002B875
S214021658001002B8002002B8034610B500B3124ABA
S214021668D16909031ED5546CC4F38114032C15D012
S214021678022C17D122460D49B1F8D40001F10061B7
S214021688801A01F5357101441846FDF765FE064ACB
S2140216980472926C120A4272002010BD0822EAE70F
S2140216A82120FAE70220F8E7000002B8003E00B060
S2140216B80A68064B12F0802F1CBF42F20101C3F8DB
S2140216C82812C3F88822C3F88C227047004001B853
S2140216D8F0B585B06C460E460B4B074615460FCB43
S2140216E884E80F00094BD3F84822009226B16B1EF5
S2140216F8DBB2FD2B88BF32602A462146384618F0F0
S2140217082CF805B0F0BD00BF30AE04000080E00F34
S214021718F0B585B06E460D4B07460D460FCB86E8EC
S2140217280F0018F030F8314604460246384618F0DC
S21402173876F94DB140B9FF2C1BBF04AB03EB84040A
S214021748009B54F8103C2B6005B0F0BD30AE040088
S21402175830B50823054685B080B9094AC2F8FC3375
S21402176851B96C46074B0FCB84E80F00064B2A4646
S21402177821461868FFF7ACFF05B030BD034AEDE70F
S214021788001002B840AE040010590020002002B82B
S2140217984FF03A43D3F81421D2031ED54FF48032C1
S2140217A80E49C1F81421A1F58051C1F818215A6DC5
S2140217B8D1B2C2F30722C3F8A410C3F8A4200422A5
S2140217C8C3F8A4200022C3F8A420C3F8A420C3F8B0
S2140217D8A420C3F8A420C3F8A4207047002000BAA7
S2140217E8F0220B4B01219A64A022A3F580539A6437
S2140217F84FF03A43426CC3F8F410FC21C3F8CC10FD
S214021808C3F8D0204FF40052C3F8F020704700BF48
S214021818006000B8F8B50D464FF03A44174606463B
S2140218281CF005FB01230421074A6363E76026616F
S2140218386561C2F81411054AC2F884311CF0F2FA3E
S2140218480DB102236363F8BD002000BA00E100E090
S2140218582DE9F04105460124006800F0070006302D
S21402186804FA00F3A868EC685E1EA04262D000EA9A
S214021878060E6C6810441E430640A3EB0E000EEBE1
S214021888040C8242644618D9D31A0EEB030298B1A6
S214021898431E052B04D94B1CACEB0303022B59D869
S2140218A80B460844ACEB010E03EB0E0113F8014B92
S2140218B883420C70F8D101466C688AB1531E052B18
S2140218C801F1010302D9E01A022812D80A44611E5D
S2140218D800E0013313F8010C934201F8010FF8D126
S2140218E81CF0A5FA0223AE60AB62BDE8F0411CF01C
S2140218F899BA0B46204622F0030E8E4453F804CBC0
S214021908734540F804CBF9D122F00303D01A9207A4
S21402191801EB030C04EB0307E2D0CA5C0128E2548D
S214021928DED09CF8013002287B70D9D09CF80230B1
S214021938BB70D5E7042A35D90878043AA8614878EE
S2140219480431A86111F8020CA86111F8010CA8610B
S214021958A8688CE70B4620F003070F44ACEB010E91
S2140219681C684EF803400433BB42F9D120F0030347
S21402197810F0030F01EB030EA0EB03040CEB0307B6
S21402198828D011F80380012C0CF8038022D09EF888
S2140219980130022C7B7018BF9EF80230084418BF2C
S2140219A8BB7088E7013A032A12D8DFE802F00F155F
S2140219B807020B4613F8012B1946AA610A4612F8C3
S2140219C8013BAB61114611F8013BAB610B78AB6189
S2140219D8BDE8F08108446EE70A46F3E738B50B46D9
S2140219E8154601464FF03A4468B101221048C4F839
S2140219F8F4201A46FFF72CFF25B14FF03A4304228B
S214021A08C3F8F42038BD73B1D4F8D8209A4284BFFC
S214021A180122C4F8F4204FF03A42C2F8D430022326
S214021A28C2F8F430E8E70123C4F8F430E4E700BF6C
S214021A38CC0000BA38B504461CF0F9F94FF03A4221
S214021A480121238F054651674BB3B3FA83F3C3F1DB
S214021A581903DBB2A069C2F8B410C2F88C300723A7
S214021A68C2F89000C2F8B0304FF4A02302F5005234
S214021A78C2F81431A2F58052C2F8183100220C4B73
S214021A881A600C4B1B6C5B0209D54FF480020A4B9A
S214021A9804F1F8001A64D4F8901001F01BFB002336
S214021AA8638707232846A387BDE838401CF0BAB9DF
S214021AB87C580020000002B8002002B82DE9F8433E
S214021AC805460C46B1B1D0F81880078F1CF0AFF95E
S214021AD8B5F83AC0791E01EA0C0323F00702032C74
S214021AE80646DFF8F8E042445ED1DEF8004024B944
S214021AF81CF098F90E20BDE8F88324F00104DEF8FD
S214021B08000020F00100A04253D10023CEF8003096
S214021B18238894426FEA43436FEA534323803ED1B5
S214021B28AB8F08EB07091846083880B202F108049A
S214021B384C4528BF4446082804D9B4F800E0BEF548
S214021B48804F40D263440F431B1A3B409BB26B87BD
S214021B58A887947811884FF03A42C1F30C01916530
S214021B68C2F89830C2F8B0004FF48022174B04F03F
S214021B780704C3F814210122154BC3F88421FFF782
S214021B8807FE042C0BD14FF48002124B05F1F80025
S214021B981B6C114B1A64D5F8901001F09BFA30466C
S214021BA81CF040F90020A6E7601E012898BF1446DC
S214021BB8A5E7A88F4344E31A48BFDB1908389842BA
S214021BC8A6DC304694E72246AEE700BF002000BAFD
S214021BD800E100E0000002B8002002B87C580020AD
S214021BE8154B10B519688A8F4B8F088F1344013826
S214021BF8073B8C69034023F007031C4402F10803E1
S214021C084FF03A429BB28B87C2F8B0304FF480222C
S214021C180A4BC3F814210122094BC3F88421A07881
S214021C2800F00700042803D1064AD3681B03FCD435
S214021C38054B1C6010BD00BF10590020002000BADA
S214021C4800E100E0000002B87C58002010B5064CFF
S214021C58216839B1CB0703D4044B1868FFF72EFF67
S214021C680023236010BD00BF7C58002010590020B6
S214021C784FF480320C4B0D49C3F818214FF03A4303
S214021C88C1F81421D3F8AC10D3F88C20012302F043
S214021C98070206329340C1F30C01083B994201D869
S214021CA8FFF776BD704700BF002000BA001000BAE2
S214021CB82DE9F04780460C4616468769058F1CF0C4
S214021CC8B6F8B8F83A2005F1FF3C02EA0C0323F00E
S214021CD80701032C82463944B8F83C0019D14A4C0D
S214021CE824689CB90244073A02EA0C0222F0070268
S214021CF8BC183B44E31A48BF5B19834210DB5046C4
S214021D081CF090F800242046BDE8F08724F0010471
S214021D18EFE7012C02D0022CEBD108380C46E8E794
S214021D28002E3FD08C4241D14FF03A42D2F858901A
S214021D384FF03A41D1F8AC20B8F81270C2F30C0250
S214021D48934247DA2588B5F5804FD8D2A378C5F3EB
S214021D580C0503F007037A1EA5EB09053A43052B83
S214021D68337005EA02052DD82DB2E84340F2414207
S214021D780421C00F03F058FC7580E3783374D8F852
S214021D881C207B1E03EA0903D118B160A9B213FA14
S214021D9885F5AF422FBF0023FF1AB780F26024BF33
S214021DA8B180F36050461CF03DF8ACE7A4F1080297
S214021DB8974284BFED0802EBC502B2F80090C9F359
S214021DC80C09B5E7114B5B6D003B18BF0123A5EB69
S214021DD8C305C9E74B6D7A1EA3EB09033A431A40BB
S214021DE80B4915B2002DCB680BDCC3F30363D81E70
S214021DF843424341DB0033708B6C72801B0A337498
S214021E08BDE70823F7E700BF7C580020004000B86B
S214021E18000002B8054BA822D3F84C013121431C16
S214021E280CBF0120C0F3807003F0FEBB0080E00FF9
S214021E3838B5134D0446297819B920221148FDF7FA
S214021E48FBF86188104A23785180002113700F4AE4
S214021E58022BC2F8CC104FF0FF010D4A0D4B117041
S214021E684FF007010C4A4FF00000C2F8FC130CBFF3
S214021E7804220122C3F8FC2301232B7038BD00BFBD
S214021E884A680020E03F00B08C720020004001B88B
S214021E9805730020001002B8002002B8034B1A6827
S214021EA802609B8883800020704700BF8C720020E7
S214021EB810B5044600F03AFF064BD3F8F83724B9B3
S214021EC883F40033C3F3404010BDA31E5842584162
S214021ED8FAE700BF000002B84FF63F720A4BD3F883
S214021EE8FC37934206D0094AC3F301131370E02263
S214021EF8074B1A7041F66A02064B1B68B3FBF2F3ED
S214021F08054A1360704700BF000002B80673002037
S214021F18077300209C5800208058002020B1022811
S214021F2804D1034B18787047024BFBE70020704732
S214021F3806730020077300202DE9F74FD0F8A42077
S214021F484C21022A38BF0222064690F824B16B4872
S214021F58013A036AD0F8CC506948C3F38213D940D1
S214021F680368DFF8C0A19342DFF8BC91654BDFF83F
S214021F78BC8101F0010116D11C788C4213D19AF863
S214021F8800405C450FD1D6F8A84064B1AC420AD1ED
S214021F9896F8295099F80040A54204D1B8F80400EA
S214021FA803B0BDE8F08F98F800400260204619702A
S214021FB8FFF7B4FF002900F0888004234FF07F4023
S214021FC800255149C1F8B830504BC3F8B80096F806
S214021FD829301B06C1F8B8304FF080514A4B2C0402
S214021FE8C3F8B41040F27121494B1B68B3FBF1F3F6
S214021FF819215343182BB3FBF1F173D8002C7BD06D
S214022008B4FA84F2C2F12002C2F10F03012B38BFE0
S2140220180123D440A14201D2013B64086A1C03F0A2
S2140220281F0152008A403B4F121B9208C7F8B02085
S2140220381A0242EA03121343019305EB052305EB42
S2140220480325354B40F6970218682B21003818BF2F
S214022058012003F0E9FAFA222F4B02FB04F01B6870
S21402206840F6FF72B0FBF3F00A2358432B4B00F5F9
S2140220787A74C3F8C420019AA3F58053C3F8C4201F
S214022088A3F58053C3F8CC50D3F8CC3000F58C5067
S214022098C7F8FC30C6F8A850214D14302C6001F061
S2140220A8ABFC4FF47A72C7F8A400C7F8F8002B689E
S2140220B8B4FBF2F0B3FBF2F3A8F8043096F8293032
S2140220C88AF800B089F800306AE7002C14BF102599
S2140220D8202596F82930834294BFED182D1805F06E
S2140220E8FF0579E7B1FA81F234B1B4FA84F3D21A69
S2140220F8002A89DC0F238DE70F238FE7004001B8FB
S214022108F46F00204B680020001002B8002002B8C6
S2140221189C580020003F00B080580020006001B89C
S2140221288458002004730020037300208C72002059
S21402213810B5114B01461B78104C0C2B02D1FF2010
S214022148207010BD184617F077FB02461846FFF7B0
S214022158E5FE884228BF0846C0B2904238BF1046FD
S2140221682378C0B28342ECD0054B20701868FFF77C
S214022178E3FE2078E5E700BF8C7200200573002096
S2140221881059002010B5044603F066F878B1154BCE
S2140221981B786BB964B1144B1B784BB1134B1B7885
S2140221A8013B012B04D84FF40042114BDA6410BDF0
S2140221B8104BDB6C1B04FAD41BF039FE044602F003
S2140221C821F94FF400420C4B2046BDE81040DA6471
S2140221D802220A4BC3F87C240422054B1A641BF01D
S2140221E821BE00BF4C6800204D6800208858002099
S2140221F8002002B8000002B8001002B800D003504F
S2140222080122024B00201A70FFF7BCBF4C68002060
S2140222180022024B01201A70FFF7B4BF4C68002058
S2140222284FF48022014B9A64704700BF005000B8F2
S214022238F7B50646544C00F079FD01213A20EBF733
S2140222480BFA524B2578524F1E7085BB2846FFF76D
S21402225899FF2378013B012B19D8E37B01A88DF857
S2140222680430237C8DF80530E9F7FCF9C7F87C546E
S2140222784FF6FF72474BC3F88420F822A3F5805323
S214022288C3F884200022424BC3F87C240DE04FF6A4
S214022298FF72404BC7F87C54C3F88420F822A3F593
S2140222A88053C3F88420C7F87C543B4B5BE000207D
S2140222B8FFF768FF2378013B012B08D8E37B01A8C8
S2140222C88DF80430237C8DF80530E9F7CBF9002326
S2140222D8C7F87C34002ECBD062685AB32F4B1B68E3
S2140222E803EB5203B3FBF2F3013B1B0243F0F80382
S2140222F826782849022E2A4A1ED0032E4FF6FF7544
S214022308234826D0012E38D143F00203C1F8845060
S214022318C2F884300723C0F87C34E37B01A88DF822
S2140223280430237C8DF80530E9F770F90120FFF7B1
S21402233829FF17E0F823DBE74FF6FF7043F00103A7
S214022348C1F88400C2F884300622114BC3F87C24F4
S214022358E3E743F00503C1F88450C2F88430042347
S214022368C0F87C340F4B4FF080420020DA644FF4FA
S21402237880220B4B9A6403B0F0BDC1F88450C2F8B1
S21402238884300023ECE700BF885800204D68002000
S21402239800C00350006000B8002002B89C58002015
S2140223A8005000B8001002B8F0B52B4F06463D465E
S2140223B804460FCE0FC5336885B02B6000F0B6FC16
S2140223C801213A20EBF748F90022244BC3F87C2473
S2140223D8A17A627A42EA0142C3F88824217CE27B27
S2140223E842EA0142C3F88424217B627B41EA024026
S2140223F8C3F880043B78032B2AD8DFE803F02202CE
S2140224080C178DF8041004218DF805200DEB010039
S2140224180022E9F7C7F8E37B00228DF80830237C10
S214022428042102A88DF80930E9F7BCF8637A01227C
S2140224388DF80C30A37A042103A88DF80D30E9F73D
S214022448B1F8074B187805B0BDE8F040FFF7F0BEC4
S214022458212005B0F0BD00BF8858002000C00350F8
S2140224684D680020034BDB6C002BBCBF024BC3F845
S21402247888007047000002B8004000B82DE9F0470F
S21402248800F0AEFC4FF47A762D4BB0FBF6F61860E9
S2140224984FF4FA73734307462A48190E1B02181894
S2140224A8294A4FF0000341F10001FCF759FA274B7D
S2140224B8A0F5807205461A6320B948222B2103F03C
S2140224C8B3F801254FF47A724FF0000A6A4353466E
S2140224D850083102FCF744FA1C4B1D4AB7F57A7FBE
S2140224E89A601C4B4FEA056819601B4B89460446DE
S2140224F818604FEA152505D29B222B21504603F079
S21402250893F801264FF47A73A8FB030103FB05111F
S2140225187308C01841F1000100233246FCF720FA7E
S2140225280E4B023419600E4B49F10009A4081860D4
S21402253844EA8974054B013C9C63BDE8F08700BFFA
S2140225489C58002020A1070040420F0000C001B896
S21402255802110100AC580020A8580020A4580020F8
S214022568A05800201022044BC3F884215A60012286
S214022578024BDA60704700BF00E100E000C001B815
S2140225881022064BC3F88421C3F88420BFF34F8F6A
S214022598BFF36F8F0422024BDA60704700E100E057
S2140225A800C001B810B50446A242A2EB0000A3EB95
S2140225B8010104D2034B01399B6B0133184401F025
S2140225C8030110BD00C001B838B501250A4B020147
S2140225D89D504FF480730446084A834053661BF0A6
S2140225E826FC074AA540137823EA05031370BDE8BC
S2140225F838401BF017BC00BF00E101B800E001B884
S214022608566800202DE9F84F164605468A461F46A4
S2140226181BF00DFC022E00F0918080461BF014FC85
S2140226285A4B5B4AD3F8209092F891405A6EE4B21D
S214022638520744BFD3F82090013404F003041BF079
S214022648FEFB4846214600F02FFA8446DAF80000D8
S214022658012E04BF01306044ACEB000C08BFCAF878
S2140226680000BCF1804F7DD300F030FA8145A1EB23
S214022678040188BF454BDFF838C188BF01F1FF3136
S21402268801F0030188BF9B6BA0EB090E0CF805103E
S214022698A1B1F90742BF41F61F723E4B5A67BA0705
S2140226A842BF3C4B3C4A5A677B0742BF0022374B25
S2140226B89A673C0742BF0022344B9A6511244FF0B2
S2140226C8010A324B05F11002120103EB051BCBF887
S2140226D80C0132499C501A6A0AFA05F4586E0B78AD
S2140226E8A2EB0902E4B2234372450B7025D34FF4DA
S2140226F88073AB40034220D11CF80520002A40D143
S2140227080EB3274AF807536607D541F61F7140F2FB
S2140227180110204B596750675967B90706D51D4BF4
S2140227281D4A1F491F485A6748675A677A0742BFB1
S21402273801221D4B1A613B071AD440461BF072FB56
S2140227480120BDE8F88F194A2D0142F805A042F883
S2140227589C3C1BF06CFB11490B7823EA04030B70B4
S2140227681BF060FB40461BF05DFB0020BDE8F88FBF
S2140227782120FFF777FE4FF48032044B4046DA609A
S214022788DCE7074A40465366D8E700BF00C001B8F0
S214022798003E00B000E001B800001F1F5668002087
S2140227A800D001B800000101000002B800E101B83B
S2140227B84E680020024B1878003818BF0120704770
S2140227C856680020034B10300001185800F001002C
S2140227D8704700BF00C001B870B50646FEF704FE93
S2140227E8044608B1FFF7CCFE00230A4D3046AB611B
S2140227F8EB612B6200F06AF9074BC9B283F89110B5
S21402280828622CB1FFF7AEFE4FF08062034B1A64C3
S214022818002070BD00C001B8003E00B0002002B81B
S2140228282DE9F0419DF818800D46B8F1000F08BF53
S2140228380022214EB5F5803FB168074621F47001A3
S21402284841F4A001B1609DF820409DF81C104FEAA3
S214022858042444EA016444EA031444EA084444EAC1
S21402286802044FF0180140F2E9222CBF0020012092
S214022878746502F0D9FE3564B8F1000F1AD00F4B12
S214022888BC68D3F888306D2C38BF6D245B0606D535
S21402289800F082FB18B10A4BB3FBF0F31C44204647
S2140228A800F014F90130854238BF0022024B34BFCB
S2140228B85A645864BDE8F08100C001B800C000B888
S2140228C800093D0038B51A4B5D6C35BB1024202034
S2140228D8FFF7C8FD174B9C6002F04EFB2022164BF2
S2140228E8C3F8842101F0D2FC48B12A460020082108
S2140228F8FEF7D4F9114B5C66A3F580531C67104AA1
S214022908D36803F07063B3F1807FF9D9084B0D4A98
S2140229185A6741F201429A6738BD01F0B7FC0028AF
S214022928F4D0094B054A5366A2F580521367EDE7C1
S21402293800C001B8001002B800E100E000E001B8EB
S214022948000002B8011B01181000002008B521205B
S214022958FFF788FD4FF48032014BDA6008BD00BFEE
S21402296800C001B8F8B5184D04466B6A1B0426D594
S21402297800F086FB6B6AA0FB044613F0787F4FEAEA
S2140229889367C3F34450C3F3044505D140F25A4251
S2140229982B2102F049FE0120AD01B5FBF0F010EB49
S2140229A8871005D140F25F422B2102F03DFE01203E
S2140229B80246002320463146FBF7D2FFF8BD00F058
S2140229C8EBFAA0FB0401F9E700C000B802460120B2
S2140229D830B50B4CA0F12003C0F1200524FA05F50A
S2140229E804FA03F32B4304FA00F595428B4100D30D
S2140229F830BD0F2801D00130ECE7FF20F8E700BF12
S214022A0840420F0010B50C46FFF7ACFFC30943EA75
S214022A184163C01A61EBD111FFF7D8FFFF2814D023
S214022A280F220C4B40F01000C3F88820A3F5805301
S214022A38C3F88800A3F580535B6ADBB2802B06D006
S214022A482046BDE8104000F007BB212010BD02203A
S214022A58FCE700BF00E000B838B51BF0F5F9084BF4
S214022A68084A1D6A92F891405A6EE4B2520744BF69
S214022A781D6A01341BF0E3F9284604F0030138BD49
S214022A8800C001B8003E00B00346064A103302EB07
S214022A9800111B01D1F80C01D158C1F3400116F000
S214022AA8E9BE00BF00C001B8064B1B68434303EBF0
S214022AB88171054B1B68A3FB003013F1004341EB01
S214022AC800007047A4580020A05800200C4A20F0A6
S214022AD84043014610B5002014684FF00042E4FB5C
S214022AE80320084A890F126802FB0300064B9B6BF9
S214022AF8984204D901330131C01A01F0030110BD0E
S214022B08A8580020AC58002000C001B8044B01F0B9
S214022B18F071103041F0030100011950704700BFF0
S214022B2800C001B808B52220FFF79CFC4FF48022AB
S214022B38014BDA6008BD00BF00C001B870B5164682
S214022B48054600B3F9B1F2B14268104B0068033289
S214022B581B68920800F130409847044688B9EA682C
S214022B68A86803323146920800F1304016F09BFE00
S214022B78044630B9D5E90402214600F13040FCF794
S214022B885BFA204670BD2124FBE700BFFC6F0020DD
S214022B9870B50C68651C15D0C4F302669E42C4F371
S214022BA8074530D1A4B294422DD804EB8506B2422A
S214022BB829D2141BA50824F003040E59340F04D096
S214022BC8012C08D00022212402E06B1C51F8232095
S214022BD8C0E9002470BD0E4C34F8133042EA0343B1
S214022BE81A686B1C51F8234001EB83014B6822409C
S214022BF85E4036F0704404D11B0F032B04BF8B686B
S214022C081A430024E4E7013501EB8501C1E700BF5A
S214022C1858AE040007B501A8EBF71AFD9DF8053073
S214022C28022B02BF40220B4BC3F8FC23C8220A4BD6
S214022C385A650A4B0A4AD3F86032DBB2FF2B08BF42
S214022C4803239B0043F47F53C2F8F83303B05DF8BE
S214022C5804FB00BF001002B8008001B80080E00F35
S214022C68000002B8836810B4074C03F130432468A6
S214022C781B689C4203D15DF8044BFFF75FBF002038
S214022C885DF8044B704700BF107000200022012137
S214022C9808B51E4B1A645A649A641D4A5161022189
S214022CA89162DA68C2F303620D2A01D0002AF8D1CB
S214022CB8112218499A631848184AFFF73FFF00F08E
S214022CC8E9FF174A93685BB9164A93689BB94FF0AF
S214022CD880620F4B5A61012203F580535A6108BD80
S214022CE81149D268096803F13043032AECD943F83C
S214022CF8041B043AF9E70C49D268096803F1304321
S214022D08032AE4D943F8041B043AF9E7000002B898
S214022D18001002B8C4B30400ACAE0400C8AE040087
S214022D2894AE04007CAE040010700020012341F625
S214022D38FF710D4AC2F8803291660C4A53600C4AFB
S214022D4853600C4A5360A2F580425360A2F5404293
S214022D58536002F5C032536002F580425360A2F512
S214022D6800425360704700BF0090005000D000B881
S214022D78001000BA005001B838B50324FFF7D6FF92
S214022D88114A124B124DDA64FFF744FF114BC3F88F
S214022D98E0400123EB6400F0DBFD4FF460736B61E7
S214022DA84FF40073EB6416F0EEFC0021FEF7D0FC3D
S214022DB88022094B1C64A3F580535C64074BC3F856
S214022DC884215A6038BD00BF0048F000000002B8EF
S214022DD8001002B8005001B800A002B800E100E0F6
S214022DE808B519F063F9044B1B6FC3F300430133AC
S214022DF8B0FBF3F008BD00BF0080005070B5044673
S214022E0898B1B1B13A4A52F8043B834213D100232F
S214022E18384A116CC907FCD4374800EB830016F011
S214022E284BFD364B106001221A6470BD01330C2B21
S214022E3802D1334D2CE0012352F8041BA142F5D1EE
S214022E48304A32F81330E3E7C2F3016335F8130069
S214022E58110C93B211F0FE0F43EA0043606820D0CB
S214022E680434CAB2022A216808D9D4E90160033AAE
S214022E78C3E9001698600C340C33F3E704D1626891
S214022E88C3E90012083403E0012A01D104341960A8
S214022E982268531CD8D10022164B1A6003F58053B9
S214022EA8C1E7120F072AEDD8DFE802F00704090D7A
S214022EB81013181DC04303F500531860E2E71A689A
S214022EC842401A60DEE703F58053F6E716F0C7FCC1
S214022ED8D8E7012203F580538240F2E7012203F580
S214022EE800538240EDE71A6830EA0202FBD1C9E7CE
S214022EF8B058002000C002B8404000B000D002B867
S214022F0858AE0400766000200122014BDA6470474E
S214022F18001002B80122014BDA647047002002B89A
S214022F284022014BDA647047002002B84022014B67
S214022F38DA647047001002B80B4B1B68D3F8E4300B
S214022F4823B11A68022A01D9186A7047074B9A6D84
S214022F5890B238B1064BC2F307421B68DB085343EC
S214022F68B3FBF0F0704700BF10590020004001B8CC
S214022F789C580020064BDB68C3F30363984206D1CD
S214022F88044A936E23F0F00343EA011191667047F0
S214022F98000002B8003F00B0054B1B68D3F8E430C7
S214022FA813B11A680A2A01D8FFF7C6BF186C704709
S214022FB8105900202DE9F743064616F049FC00246E
S214022FC88046DFF890901AF032FF0DF107010546A9
S214022FD80DF10600FEF79CFA9DF806308BB9721CB6
S214022FE829D016F035FCA0EB080428461AF01AFF7A
S214022FF89DF8063013B99DF807303BB3A642E2D8CF
S21402300824E0D9F80C3013F4603FE8D0D9F8180059
S21402301816F0A5FC731C074603D016F019FCA0EBA5
S214023028080428461AF0FEFE17F5007FE0D0384658
S21402303803B0BDE8F08328461AF0F4FE9DF8063081
S214023048002BC0D19DF80730002BBCD1004FEEE70D
S21402305800FEFFFF00C000B810F1800F04D04D2814
S214023068CEBF7F20323040B2FF22044BC0B25A6233
S214023078A3F5805358620020704700BF00E000B8EE
S2140230880B4A10B5136E0B4C116E03F00703E35C84
S214023098C1F3CD0101FB0333126E0748C2F3454262
S2140230A802FB033300688001B0FBF3F010BD00BFDB
S2140230B8004001B850AE04009C580020044BD3F8D8
S2140230C8AC3010B1C3F30332027003F00F0070473E
S2140230D8000002B8094B01F080011B6C03F4800360
S2140230E80B4309D14FF40012054B1A62837F1BB1BA
S2140230F80122044BC3F80021704700BF000002B843
S214023108006001B8005001B82DE9F04F404F8046E4
S21402311885B038680C4616F0B8F820B90024204660
S21402312805B0BDE8F08F224600214046FBF784FF33
S214023138384B5D6915F00105F0D102F019F906461B
S2140231480028EBD03F68384616F020FD4FF6FF738E
S214023158984234D04FF060512F4E304B304AD3F855
S2140231682090D6F88C3011624FF00061A2F580529A
S214023178116224220421C6F88C202A4A4FF4804B76
S21402318891604FF480520027DFF8A4A0CAF868B00E
S214023198F262A7421ED30421234A9160A2F5F032B6
S2140231A8C2F88C304FF060521D4B1A6209EA0203CD
S2140231B81E4A13624FF480421D4B9A66AFE73146A9
S2140231C8384616F087FC0146384602F0FFF9002812
S2140231D8C0D0A3E7B26E5104FCD5B268D205F9D5C1
S2140231E8CAF868B0D6F890200135012D0392D0D9D6
S2140231F8E21B042AA8BF042208EB070003A90193CE
S2140232080092FCF7A9F8009A019B3A4497B2C0E7E5
S21402321810590020000002B8004000B8004001B86B
S214023228006001B8001002B8002002B8005001B8C9
S214023238006000B84FF604014FF60502044B012061
S2140232481B6C9BB28B4208BF1346024A1366704732
S2140232580080E00F00C001B82DE9F74F81460F46FF
S2140232684FF0FF35FFF7F8FB002601908A462C46FA
S2140232783046DFF8D8B006F110031B015BF80330BE
S21402328803F00308B8F1010F15D13046FFF7FCFB2F
S21402329802460B4601985146FFF784F9DBF864307C
S2140232A806F10802D340DB0739D5002F40D00025A7
S2140232B82C463E6040460136082EDCD160B3234ACF
S2140232C80027D2F808C0916B0CF440330131A4FBF6
S2140232D80141641941F10001B3F5003F30D1536B47
S2140232E80CF4405C013347F10006BCF5805F22D13E
S2140232F8156B15F5807505FB06F647F1000203FB0C
S2140233080266A5FB03323244594304FB0212A3FBAE
S21402331804341444C9E9003403B0BDE8F08FA84267
S21402332871EB0403C6D207B13E6005460C46C1E7F8
S2140233383D463C46BEE7320242EA13621B02E3E718
S214023348136B13F5807347F10002DDE700C001B87E
S21402335808B516F018FB0122054B93F88D30023398
S2140233685B00DBB202FA03F3024A536108BD00BFF0
S214023378003E00B0002000B82DE9F34105460F468E
S21402338868461146FFF768FF0646B0B1AFB1DDE9F9
S21402339800321B0A43EA0263A5FB0384094B120A9E
S2140233A805FB02441A6812B9FFF71AFD0246002303
S2140233B840462146FBF7D4FA3860304602B0BDE8EC
S2140233C8F08100BF9C5800204FF00052014B1A6053
S2140233D8704700BF00E100E04FF00052034BC3F80D
S2140233E88020BFF34F8FBFF36F8F704700E100E076
S2140233F8F8B50B46002213F8044B944225D91D68EB
S214023408854224D106245A791D79124B88181E68DB
S21402341804FB0503104F33F8063C7B43B3420ED930
S21402342800238A5A7A43964202D804FB0300F8BD60
S2140234389D42FAD9013304FB03F2825AF2E740F2BC
S21402344844423D21002002F0EFF80020EFE708335F
S2140234580132D2E7E058002040420F0000202DE952
S214023468F84FA2FB018BC74EC74F18EB06069946C4
S2140234786BF10003B74270EB030307D240F23E2219
S2140234880E2102F0D1F80220BDE8F88FD9F814A070
S2140234980C461546BAF1000F04D0DAF80030032BB2
S2140234A800F21B81B94BBA4A9F6BA3F58043D3F847
S2140234B8EC30C7F314075E00B64B48BF47F4001754
S2140234C81B6ED2F8FCA058074EBF4FF440039B056C
S2140234D803F0E0731F43B04BD3F8E430990748BFB4
S2140234E847F0807747EA456718F014FE012D06462E
S2140234F8C9D10028C7D0A94B984200F0FD8003F531
S214023508122303F5F863984200F05A81A44B9842B6
S21402351800F0A781002502462B4600204FF00071D6
S214023528FBF71EFA2B46013008FB03F3C7F3130119
S21402353800FB0B33A1FB0662A8FB008001FB0522F9
S214023548034420339B09C9F80030F60C954B46EA2B
S2140235584236FA021C6058BF7642934B934D344467
S2140235681E602C60BAF1000F00F00881FB014FF0D4
S21402357800038F49C7F381528A5C194648BF64081C
S214023588002EB8BF764292066008C2FB06012246A3
S214023598FBF7E6F9DAF800100E2908D97D4B7B4AC4
S2140235A8926BDE69D3F80C31F60600F12881C0F377
S2140235B8130017F40017C9F8040014BFC42040F219
S2140235C807107C4ADAF81860A2FB04C24FEA5212C5
S2140235D800FB02F24FF4FA73B2FBF6F218BF0027AA
S2140235E802FB03F3A4FB00C0FA33A3FB063604FB74
S2140235F807006345864138BF0132D2B242F4006CF6
S214023608C9F808C0002A00F0BB80DAF81C70A2FBD2
S214023618070624B1B4FA84F30E2B40F3D880E303EA
S214023628002E40F0D180B3FBF0F6700000FB0220BB
S214023638A0FB07834FEA044EC6454FEA144474EBD0
S214023648030309D352001044A7FB0083C64574EB54
S214023658030306F10106F6D2C6F30E034CEA033C50
S2140236684CF000630629C9F8083049D9DAF8303030
S214023678002B45D00023C9F80C30C9F8103018F0D2
S21402368849FDDAF83010FFF7B3FE044618B183781E
S214023698002B40F0CC8018F003FDDAF83010FFF764
S2140236A8A7FE0446002869D08378002B66D04079A6
S2140236B84FF4AE62003818BF01203D2101F0B4FF76
S2140236C8207940F2715200384FF03D0118BF0120B0
S2140236D801F0AAFF237962794BE0042BDAF8287006
S2140236E87FF402AFFB014CBF4FF4400307F0E073D0
S2140236F827F0E0771F43F7E600232F481D4613E717
S21402370818F008FD2C68002C00F0AF80B4FA84F399
S214023718D3F1020358BFDC40284B9C4288BF64089A
S214023728002875D0B4FBF0F3642100FB134201FBBA
S21402373802F2904203F1FF3200F2A6805D085308B7
S214023748013D1B0243EA0515C9F80C5018F0AEFCF9
S214023758002800F09080B4FBF0F2642100FB1244CB
S21402376801FB04F4A04200F28D80531E52085B0847
S214023778013A1B0243EA0213C9F81030002083E616
S214023788212081E6006CCA88807C814A008001B8C4
S214023798004F00B0004001B8000002B800F049022D
S2140237A8005A6202E8580020E4580020E058002038
S2140237B864AE0400D34D62100A3BB2DF3FBE40251A
S2140237C8002335481D46AFE61046002630E7C3F10B
S2140237D80F0E03F1110806FA08F820FA0EF040EA6E
S2140237E80800AEF1200826FA08F840EA080026FA89
S2140237F80EFE013004FA03F34EF1000610E702F457
S214023808801203F400131A4308BFC0F58010CEE6F0
S214023818631EA51E5B086D08013B2D0245EA0315CB
S21402382840F2C2422B21002001F0FEFE8CE74079CE
S21402383840F25552003818BF01203D2101F0F4FE2F
S214023848207940F25652003818BF01203D2101F077
S214023858EBFE237962791B0243EA0213C9F80C309D
S21402386819E700230D481D465EE66FF01F0500287F
S2140238787FF46AAFD4E740F2E5422B2101F0D4FE8A
S214023888621E72E71446FBE79D1E6D085308013B4D
S2140238982D0245EA031557E7313641DCD694BFD6E2
S2140238A810B5044686B059B9214B4168D3F8FC30A6
S2140238B8827A2048059300686B46FFF7CFFD694673
S2140238C81D4B0A685A631A4BD3F8FC3033B34B685D
S2140238D843B11A4B1A4AC3F80C214A68A3F5805317
S2140238E8C3F80C218B6843B1144B164AC3F8EC2074
S2140238F88A68A3F58053C3F8EC20134AC868D2F83E
S214023908743123F4EE630343C2F87431D2F86C318F
S214023918096923F4EE630B43C2F86C31002022894E
S2140239280A4B9A6203F5A033186406B010BD00BFAE
S214023938004F00B010590020008001B8006001B89E
S214023948FFFF0F00FFF8FF0F000002B8004000B8A4
S214023958064B9A6E920607D55B6E002B4FF4804391
S214023968B4BF034A034AD36400207047008000505D
S214023978002002B8001002B8064B1A6C9207FCD454
S214023988022240EA01205860034B1A640122034BC4
S2140239981A70704700C002B800D002B857680020F4
S2140239A840B10368012B05D90069034B002808BFFC
S2140239B818467047004870476CAE040010B590B1C0
S2140239C80468012C0FD902696AB11168094B102CD8
S2140239D8196051685960916888BFD268996094BF27
S2140239E8D960DA6010BD102200210248FBF724FBDA
S2140239F8F8E700BFF0580020084BC1171A68A2FB68
S214023A08000302FB013310F1807043F10003400EFD
S214023A1840EAC310803820EAE07070470059002058
S214023A280722194B70B5DA63184B194A1D68194BE9
S214023A38EC08E005C0184FEA153141F100010023F1
S214023A48FAF78EFF144B154E18601548FFF7D4FF89
S214023A584042C6F8DC0049F65800FFF7CDFFC6F824
S214023A68A8001048FFF732F8024660B1E301500892
S214023A7818184FEA15714FF0000341F10001FAF7E2
S214023A886FFFC6F8B40070BD000002B89C5800204C
S214023A9865CD1D00B2E60E0000590020003F00B0BA
S214023AA87011010040420F0010B5044698B10B4B46
S214023AB8D3F8FC00FFF782FF4FF47A7303FB04F097
S214023AC8074BA0F57A60DA689B681044C01ABDE80E
S214023AD81040FFF791BF49F64040F8E7004F00B0A4
S214023AE8F05800202DE9F8430546084614461E46B7
S214023AF8FFF764FF05B306F0020716F004061DD1A9
S214023B08D7B14FF47A706B685843002B40F08C801C
S214023B18FFF772FF20636B69002B00F08C804A4A1D
S214023B28D0684FF47A7202FB0300A0F5FA50FFF74A
S214023B3863FFE062002E58D1BDE8F88328690028A2
S214023B4869D04FF47A7358433F4BA0F57A609B6866
S214023B58C01AFFF751FFA062A88B00285ED04FF468
S214023B687A735843384BA0F57A609B68C01AFFF7F9
S214023B7843FFE061354BE968D3F80080002950D04E
S214023B884FF47A735943304BA1F57A619A685B68A9
S214023B98891AC91A2E4BC8171A68DFF8BC90A2FBF6
S214023BA8011302FB003311F1807143F10003490E41
S214023BB841EAC3118039274B2162D3F8C4306362C5
S214023BC8D9F8003053B1404615F083FD30B122468D
S214023BD8D9F800301C49D8F8D80098470021A869B7
S214023BE8FFF762FF6063002F8BD1A86830BB47F2ED
S214023BF83050FFF701FF60614FF47A702B68584324
S214023C082BB1114B1B6803F51C5310331844FFF7EE
S214023C18F3FEA06190E749F640409AE749F640402D
S214023C28A5E749F64041B5E7074B1B6803F51C5361
S214023C38103318446CE747F2305078E74FF47A733B
S214023C485843A0F5FA50D4E7F0580020105900203F
S214023C5800590020003F00B0EC58002038B5054651
S214023C6808461C4615F017FE0246D5F8E400FFF78C
S214023C7897FE4368A018002B044AA8BF4FF4FA72AE
S214023C881A44034B92FBF3F2104438BD0CFEFFFFB6
S214023C9818FCFFFF70B588B06D46124C0FCC0FC5E6
S214023CA894E80F0085E80F00D82200210E48FBF79B
S214023CB8C3F9AC2200210D48FBF7BEF920220021E9
S214023CC80B48FBF7B9F916F00EF80A4B1B783BB10E
S214023CD86D46044E0FCD0FC695E80F0084E80F0018
S214023CE808B070BDE03F00B07C3E00B0543F00B064
S214023CF8E04F00B04A68002008B51AF098F80E4B54
S214023D081A78A2B90D4A126812F4843F0FD10C4AE7
S214023D181021D1641B7863B9084B1B68DB0508D4ED
S214023D28074B2022DA64BDE808401AF07BB8054A39
S214023D38EEE7044BF5E700BF5D680020001400209C
S214023D48002002B8001002B80A4B197801F0FF02E8
S214023D5829B10021197008499202C1F8042159783C
S214023D6801F0FF0229B1002159709302024AC2F8F3
S214023D780831704758680020005000B8064BD3F840
S214023D88F00E064B5B6C1A0103D4054B9B6E1B04A4
S214023D9801D500F580707047003000B0000002B808
S214023DA8004000B810B51AF042F80E210446032067
S214023DB8FFF7E0F840F20122034B2046BDE8104028
S214023DC8DA621AF02FB800BF004000B838B51AF009
S214023DD82EF84FF00043244C0546C4F88030BFF353
S214023DE84F8FBFF36F8F0123C4F88430BFF34F8F12
S214023DF8BFF36F8F0223C4F88430BFF34F8FBFF32D
S214023E086F8F0423C4F88430BFF34F8FBFF36F8FCE
S214023E180823C4F88430BFF34F8FBFF36F8FFFF7C2
S214023E28DBFA1023C4F88430BFF34F8FBFF36F8FCB
S214023E382023C4F88430BFF34F8FBFF36F8F40231D
S214023E48C4F88430BFF34F8FBFF36F8F4FF480638D
S214023E58C4F88430BFF34F8FBFF36F8F2846BDE890
S214023E68384019F0DFBF00BF00E100E038B519F0AE
S214023E78DEFF05464FF000430A4C236001236360C9
S214023E880423636008236360FFF79EFA10236360C7
S214023E9820236360402363602846BDE8384019F053
S214023EA8C1BF00BF00E100E0012370B5074C2370D4
S214023EB8074B1E68074B3240D3E900531940284087
S214023EC8FCF7ECFE0023237070BD00BF5B68002081
S214023ED808590020001400200022044B1A70044BD4
S214023EE8197811B11A70FFF707BF70475C6800208F
S214023EF85D6800202DE9F047DDF820A003EA0108F6
S214023F08099B06460D4602EA000703EA0A09BAF1C1
S214023F18000F40F05281031F0B4300F01281052860
S214023F2871F1000380F0E88050EA010300F078811E
S214023F38431E0B4300F02881FFF748FFB94AD2E92F
S214023F48004323EA050324EA06043C4343EA080737
S214023F58B54BC2E900471E6826EA0A0646EA09067B
S214023F681E60FFF7C9FE14F02A4F14BF48F2020378
S214023F784FF40043AD4AB007D26EAD4848BF43F48B
S214023F88005383EA020122EA0302C266A94A0B40E8
S214023F988166D366C4F380421203210348BF42F403
S214023FA88072E30648BF42F40052A34BA50648BFF8
S214023FB842F400726006D3F80C3248BF42F48062BC
S214023FC8210648BF42F400629C4882EA030123EABB
S214023FD80203C0F80C329A4B0A4017F4007FC0F866
S214023FE80812C3F80C22974B07F4007200F00481FB
S214023FF801224FF4802583F88820E30448BF45F45D
S2140240088035A00348BF45F48015A10748BF45F48C
S214024018001514F4001FDFF8688206D0D8F80000EE
S21402402815F05FFE08B945F40025E20248BF45F4DC
S2140240380035FB06844B48BF45F480051A6A834957
S21402404885EA020323F001031A400A621D40CB6187
S2140240587F4B16F0010F1D627E4B7F4A18BF1A4629
S2140240687E4B7D071B6F48BF42F000627C4882EA9F
S214024078030123EA020303677A4B0A4041661A677A
S214024088794A04F00103926CA0F5803083EA0201B3
S21402409822EA03028264754A0B4041649364D8F8A4
S2140240A80020200248BF724B92F8F62058BF714B88
S2140240B8610748BF43F4806322B114F4C06F18BF87
S2140240C843F4807332074FF03A42BDE8F047D2F81D
S2140240D8181148BF43F0004383EA010222F4A022E3
S2140240E865481140C0F818111340C0F81421634AF5
S2140240F8C2F81831FFF7BABEA0F580630B4306D0A4
S21402410820F48063A3F500730B437FF415AF19F010
S2140241188EFE4449D1E9003223EA060322EA050262
S21402412842EA08023B43C1E90032554A126892F84D
S214024138F610514A09B313F4C06F1ED04FF48073B9
S21402414811E019F074FE374AD2E9003123F004036D
S2140241583B4341EA080157EA0807C2E900314FF42F
S2140241688063454A0BD0C2F81431A2F58052C2F8D1
S2140241781831BDE8F04719F055BE4FF48073C2F8FF
S2140241881831C2F81431F4E719F051FE254AD2E97B
S214024198003123F001033B4341EA0801C2E900313A
S2140241A80123384A57EA08071BBF5364A2F5805210
S2140241B89364936408BF5364DBE750EA01037FF411
S2140241C8BBAEBAF1010F7FF4B7AE19F030FE164A4D
S2140241D8136823F0010343EA090313604FF480636C
S2140241E81F4AB9F1000F04D05366A2F5805213672E
S2140241F8BFE713675366BCE793F8881071B183F874
S2140242088820214BD3F8A41003F50053C3F8A41052
S214024218C3F8A0104FF05023C3F8A4200025ECE6FC
S214024228BDE8F0870014002008590020004000B8B6
S214024238006000B8005000B8004001B8006001B83D
S214024248005001B8003F00B0000002B8002002B8D3
S214024258001002B8041C00030418000300C001B8CA
S21402426800E001B800D001B800C000B800D000B81D
S2140242780D0A0A09090A0A09002000BA001000BA3B
S2140242881059002000E000B800400050024B586861
S214024298C0F3C000704700BF00140020024B186825
S2140242A800F00100704700BF00140020024B586857
S2140242B8C0F3C030704700BF0014002010B5044693
S2140242C8FEF75AFDFFF782FD2046FDF789FAFEF74C
S2140242D8DDFCFEF7D3F8FEF745F9FFF7A1FB134915
S2140242E80723134AD1F8FC1004F1F800FFF7FAFB8B
S2140242F84FF080710020FEF709FC4FF000720D4B5C
S2140243084FF400110120C3F80021FEF7FFFBFEF769
S21402431891FF20B940F29232142101F085F915F086
S2140243283BFBBDE810400120FDF782BF004F00B0FE
S214024338A43F00B000D001B88023074A13640823BC
S21402434840B11364054AD2F8C83E23F02003C2F8E7
S214024358C83E7047024AF4E7001002B8003000B0C0
S214024368002002B810B519F062FD012104460020AB
S214024378FFF7E2FF044B1961044B5B689847204637
S214024388BDE8104019F04EBD000002B8E46F0020E8
S214024398F8B5194C0546207840F2E442B0FA80F0A7
S2140243A83E21400901F040F955B9607840F2E442EE
S2140243B8BDE8F840B0FA80F03E21400901F034B971
S2140243C84FF440660D4F0E4DD7F8043140F2E442E2
S2140243D8C3F381232370C5F8046160783E21B0FADE
S2140243E880F0400901F020F9D7F80831C3F3812399
S2140243F86370C5F80861F8BD58680020004000B828
S214024408006000B8F8B5084C084D236C0423084F22
S2140244182B64236C5B0300D4F8BD042602203E649A
S21402442815F01DFA2E64F4E7000002B8001002B870
S214024438002002B8A82238B51A4B1D6C03F50053A3
S2140244481A6410229A60A3F5804302F100521A6792
S2140244585A66FFF779FC144B1B7813B90320FEF74C
S214024468B3F80024114B9C67FFF7CCFF104A114B98
S214024478D2F8F01E0B40C2F8F03E04220E4B1A6425
S2140244880E4BAA06C3F8D04008D503F580739B6F77
S214024498B3F5817F22BF8022024B1A61BDE83840FD
S2140244A8FCF7B8BD000002B85A68002000C001B880
S2140244B8003000B0DF0000FF002002B8003E00B067
S2140244C810B551B920B3154BDB681B0E13F00E0F4F
S2140244D81ED1134B1B6CD9071AD4FFF763FC0F4C7B
S2140244E80020FEF7EBFD032801D0092805D1A36AB0
S2140244F8DA07F5D4636CDB03F2D4FFF783FF0122F5
S214024508084B5A6102229A62042203F580531A64FF
S2140245184FF4C062044BDA6210BD00BF000002B856
S21402452800C002B8001002B8006001B808B503213E
S2140245380920FEF71FFD2022014B1A6108BD00BFA5
S214024548000002B80D4A10B5D2F8A030D2F8A4106E
S2140245580B40B3F1804F0CD34FF040400849094C4A
S214024568C1F8A400D467C1F8A0004FF48021064A17
S214024578D161034AC2F8A03010BD00BF0040005007
S214024588006000500000FF01001002B838B505466A
S21402459819F04DFC0E4B04461868FDF74BFA35B178
S2140245A8FFF79AFC2046BDE8384019F03BBC094B99
S2140245B81B78002BF6D0084B1D78002DF2D1FFF79A
S2140245C88BFC2A464FF480400021FFF76DFCE9E792
S2140245D8105900205C6800205B6800202DE9F84F1F
S2140245E85A4B06460D4614461B6C002A40F0AB8012
S2140245F813F0A00F14BF4FF001094FF00009FCF7A3
S21402460809FDA0234FF0000ADFF85C810320C8F8F2
S2140246184030FDF7D9FF0420FDF7D6FF4C4FFFF7D1
S2140246285BFC4C4B4FF0040B7B67C7F878A0FFF790
S214024638E9FE494B4FF48071D3F8C82E42F02002A7
S214024648C3F8C82EFF22C8F80820404A1161D3F8DA
S214024658F02E42491140C3F8F01EC8F840B0C3F81D
S214024668D0AE7B6913F0060F04D0FEF75BFA584605
S214024678FDF7AAFFB9F1000F08D04FF40062384BD5
S2140246881A644FF40042A3F5E0339A6666B1354BD6
S214024698DB6C180701D4FFF785FBFFF747FF0420FA
S2140246A8FDF792FFFFF750FB284B5A69D10748D50A
S2140246B8DA6812F0706FFBD12B4B2C4A1A642C4A1C
S2140246C8936E23F0F003936615B12046FFF75EFF5C
S2140246D8284BD3F84C315A1C01D05B0002D5012274
S2140246E8214B5A616CB31F4BDA6E03F500539A6678
S2140246F803F5D0331B6A1C4A23F00103D3611E4B11
S214024708D3F80C1203F50053C3F8081203F5005346
S214024718D3F8841003F5005399674FF03A43D3F859
S214024728181103F50053C3F81411144B996C03F5CA
S21402473800535964124903F5803359664FF6084305
S2140247481364BDE8F88F4FF0000958E7000002B876
S21402475800C001B800000101003000B0DF0000FF11
S214024768001002B8004000B8002002B8100030005E
S214024778003F00B00080E00F004001B800C000B85B
S2140247885000002F9D4B2DE9F04F9F6EDB6E85B0D3
S2140247981F409B4B9F664FF03A43D3F81451D3F809
S2140247A818311D40974BC3F81451974BD3F808227B
S2140247B8D3F80C3202EA0309944BC3F8089203F5BD
S2140247C82043DA691B6A02EA0308914B08F4770267
S2140247D8DA61904BD3F80422D20605D4D3F8043112
S2140247E8C3F30016DB0653D519F021FB8A4B5A6928
S2140247F85E6E1B6F12F0060F06EA0306874A26F05D
S214024808007314BF4FF0010A4FF0000A23F4006346
S2140248187407536606D5824A92F891300133DBB2A2
S21402482882F8913019F0FEFA002F00F0E48017F4AF
S214024838004300F0D58019F0FAFA0146FFF79EFA0F
S2140248480446784BD3F800B0DBF80020DBF80030DB
S2140248589A42FBD0DBF800209A42FBD0FFF78EFA8A
S214024868A04217D1084619F0DDFA6F4B1C606F4B51
S214024878D3F840B01BF4E0520ED124F07F4424F063
S214024888DF040CB9FFF7D6FD4FF0807B002414E056
S214024898B246C9E70446D7E70192FFF7CBFD5C4B61
S2140248A8019A1BF480541A6440F09C801BF4806FB3
S2140248B80CBF4FF0805B4FF0806BB80715D55B4A8C
S2140248C85348126C02F460410164002900F08D809E
S2140248D8110400F18D8012F4005F0CBF4FF00052F5
S2140248E84FF0006200244BEA020BC7F340377F0002
S2140248F84F4A2A40002A4BD015F4206F0AD040F6B9
S214024908A3120621002000F08FFE0020FFF73EFECD
S21402491825F48025EB0506D5FF213D4A4BF4C06BEE
S2140249289160FFF73FFA15F0090F0BD040F6B81260
S2140249380821002000F078FEFFF7F8FD4FF03A4213
S2140249480121516315F0106F0CD040F6C1120921EF
S214024958002000F069FEFFF7E9FD00221146104626
S214024968FDF73CF815F4202F0AD040F6C9120721A5
S214024978002000F059FE0020FFF708FE25F48025E7
S214024988E80301D5FDF774F9002DB8BF47F008070C
S21402499869070ED54FF03A42126B12F4005F4FF4D5
S2140249A8005217BF174923490A634BF4000B08BF86
S2140249B80A636A0548BF4BF0040B15F4802301937B
S2140249C800F0A480FDF70CF90138062834D8DFE891
S2140249D810F01A011D011A012001230126012601E1
S2140249E89B4653E74FF0804B50E74FF0007279E74B
S2140249F84FF0004276E7BB463C4679E7004000B8EF
S214024A08006000B8002000BA004001B8006001B893
S214024A18002002B800E100E000C001B800E001B8DA
S214024A28003E00B024AE040004590020000002B87C
S214024A38090B0B89001000BA40F6FA12032100206F
S214024A4800F0F2FD4FF03A400121D0F88C20D0F861
S214024A58AC3002F00702063201FA02F2C3F30C0C7B
S214024A68A2EB0C0292B2072A12D9774A126C5302A8
S214024A780ED4764BC26CC06E5B6D5BB102F0070259
S214024A8806329140C0F30C00091A89B2072901D8E8
S214024A984BF4007B6E4A1278002A37D04FF03A421F
S214024AA8D2F8142112F4A02F30D16A4A6A49127831
S214024AB89AB9F20411D40A787AB14FEADB02674847
S214024AC842EA447282F00102D0F8F00E02F00102C5
S214024AD8520020FA02F2930718D10420FDF774FD5B
S214024AE85F4A60485067FFF7F7F95B490A784AB9A0
S214024AF85D4A127832B15D4A5D4912680BEA0202D3
S214024B080A4201D14BF4804B26F48056B9F1000FC5
S214024B181DD019F4805F18BF4BF4802B19F4807FE0
S214024B2818BF4BF4002B19F4005F18BF4BF0100B9C
S214024B3819F4007F18BF4BF0200B19F4806F18BFCA
S214024B484BF0400B19F4006F18BF4BF0800BB8F10E
S214024B58000F3AD018F4802F18BF44F4007418F4E3
S214024B68803F18BF4BF4805B18F4801F18BF4BF4C5
S214024B78003B18F4001F18BF4BF0020B18F4003F56
S214024B8818BF4BF4801B18F4800F18BF44F01004AB
S214024B9818F4002F19D0314AD2F8C82E12F0C00FD6
S214024BA813D02949CA68C2F30362032A01D0072A26
S214024BB805D14A6CD00602D48A6C110732D54FF456
S214024BC800212C4A28F40028D161002E00F0188112
S214024BD8320540F18A802848DFF88490C27827494F
S214024BE8002A51D04FF40063013AD2B24B66C27023
S214024BF832B9234A1278C2B140F60141214A5167B6
S214024C08002200216EE04BF4803B1BE74BF4006B5E
S214024C1818E74BF4806B15E74BF4807B12E74BF0F2
S214024C28080B0FE74BF4001BCFE7D9F8782012F4ED
S214024C38A05F15BF4FF4807240F60142C9F85820AB
S214024C48C9F87820DCE700BF000002B8004000B8C8
S214024C585D6800205C6800205F680020003000B0B5
S214024C6800C001B8000001015E68002000140020A0
S214024C78088D0100002002B84E68002000E001B846
S214024C885A68002000D001B80320FDF79DFCD9F829
S214024C981420A34B12F0060F04BF41F61F72A14957
S214024CA8A14808BF4A674FF400619E4A5166D9F880
S214024CB8142012F0060208BFC9F87820B3F88E202E
S214024CC812F400615DD022F40062A3F88E20027806
S214024CD802F0FF09002A58D1FDF724FFFFF7AAFBC6
S214024CE84A4620214BEA020B0C43B30009D52E2074
S214024CF8FDF7B8FB4FF000518A4A44F008041167E2
S214024D085166F00606D52B20FDF7ACFB1021854A26
S214024D181167516616F0306F05D1F1045DD5BAF108
S214024D28000F00F0A780320111D52920FDF79AFB63
S214024D38FFF7ACFA48B17D4A7D487A494A66026767
S214024D4800F54050C068430422D444F0040416F028
S214024D58007A28D00420FDF737FC2720FDF782FBCF
S214024D68FFF768FB4FF000716E4A5166714AD2F837
S214024D78F01E490678D4704A0221916044F0020473
S214024D8828E002784FF40052ACE74FF4004238E7C6
S214024D980A6720204A66FDF765FB2D2044F00C04BE
S214024DA8FDF760FBD3E716F0807FDFF8909146D0D8
S214024DB80420FDF709FC2820FDF754FBD9F87820D3
S214024DC8002A39D1FFF736FB564A584944F00104FF
S214024DD8116751660021594A9165320405D5584A29
S214024DE8126890474BEA000B0C43730508D55549E1
S214024DF88A78002A00F08E80013A8A7000221743C9
S214024E083A4658462146FFF74FF8019B0BB1FCF786
S214024E181DFF01224C4B05F00435C3F814514B4BC9
S214024E2818F4002FC3F884211EBF4FF40022424B09
S214024E38DA6105B0BDE8F08FC9F878A0C4E7F004D7
S214024E48C8D50420FDF7C0FB414AC9F87420FDF70F
S214024E5869FED9F8642012F0407FBBD12A20FDF7FC
S214024E6801FBFFF7E7FA81E7D2F8C82E930685D446
S214024E78384A81E733490A7952B1013AD2B20A71FD
S214024E8812B92B4A3449516700224BEA020BA4E7AF
S214024E980420FDF799FB0320FDF796FB274A2C49C9
S214024EA8516718F0C4FF81460DF10F00FEF706F9A8
S214024EB82A4A824612780AB1FEF774FFBAF1030F3D
S214024EC80ED1DFF8A0A00020FEF7F8F8032807D1D5
S214024ED8DAF82820D007F6D4DAF84420D103F2D438
S214024EE89DF80F20032A06D101211D4A4846117053
S214024EF818F098FFC8E74FF03A42D2F8142112F495
S214024F08A02FF1D1FEF7E8FF484618F08BFF4FF4C2
S214024F188042BAE70220FDF757FB01226FE700BF7F
S214024F28003E00B000E001B85A68002010000020D9
S214024F3800D001B8003000B0002002B800C001B8A6
S214024F48F86F00204E680020002000BA00E100E05A
S214024F5800000101001002B80000010D6068002080
S214024F685C680020000002B80122024B1A62DA616D
S214024F78704700BF002002B8094A08B5D369116A0B
S214024F880B40084923F47F00DB07C86106D5D168C1
S214024F984FF0FF30C1F3036114F008FD08BD00BFEF
S214024FA8000002B8002002B80C4A08B5536C926C8E
S214024FB813400B4A5364DB070FD50A4B40F663428D
S214024FC81878122100F0010000F02EFBBDE8084018
S214024FD8002201200021FEF767BF08BD00C000B806
S214024FE800E000B80014002070B5174D2C6C6B6CEE
S214024FF81C40164B24F00202E1071A6405D540F657
S214025008CA420020296800F00FFBA2071AD502221E
S2140250180E4B1A646B68DBB2A3B9FDF71DFD044696
S2140250280D460B4ED6F8F433DB060BD5FDF714FD0A
S21402503802460B4620462946FDF7B4FA652871F162
S2140250480001EFD370BD00BF008002B800A002B80E
S214025058000002B838B50B4C0B4DD4F88430DB0789
S21402506806D4A36FD4F884201340084A936738BD41
S214025078D5F804311A06F0D5FFF7B6FF8023C5F82F
S2140250888431EAE7008001B800E100E000A001B838
S21402509870B514460D4618F0CAFE064BD3F8C86E0D
S2140250A874402C407440C3F8C84E18F0BBFE06EA9B
S2140250B8050070BD003000B0034BD3F8C83E9943D4
S2140250C80CBF012000207047003000B02DE9F041E7
S2140250D817460A43012A1D469DF818409DF81C608B
S2140250E8DDF8208029D8B44227D2082E25D8032BEB
S2140250F823D8B8F1000F20D00A460021FBF7DAFEC3
S214025108FF21EB009940C943DFF834C008F1FF38A5
S214025118FF00E2B2964202D80020BDE8F0813D19AF
S2140251280CEB8505D5F8F82018F8010F0A409840C8
S2140251381043C5F8F8000134EBE72120EDE700BF7D
S214025148003E00B01E4BD3F8C83E13F001001ED036
S2140251581C4B93F84C001C4A40F08073C2F8CC30C3
S2140251684FF480131949C1F8B430A1F58051C1F83B
S214025178B830D2F80C31DBB2FF2B1FD0984294BF5E
S2140251880020012040F61F623C2100F04DBA1A06A4
S214025198E1D40F4A92F84B1121B1DB0602D592F8F8
S2140251A84801D8E74FF480120020084B0649C3F896
S2140251B8B820C1F8CC00C3F8B42070470120E1E754
S2140251C8003000B0003F00B0004000B8006000B8F1
S2140251D8003E00B0034B1868034B002808BF184669
S2140251E8704700BF0C59002000E704002DE9F84379
S2140251F8DFF860900646D9F8008008461746B8F1E8
S214025208000F03D00E242046BDE8F88306B33368A1
S21402521801331DD1E1B100F073F805460028F1D03C
S214025228C9F8000000F092F8284614F018FC044664
S21402523840B14046C9F8008000F088F8284614F0C5
S21402524809FCE0E73560002FDDD02846B847DAE7E4
S2140252582124D8E710590020024B1868003818BFD6
S2140252680120704710590020002108B5024B084655
S2140252785B689847002008BDE46F0020431E03338E
S21402528806D8044B984228BF1846642838BF6420BC
S214025298704700BF40420F0038B505460C4641B17C
S2140252A80B6833B11B68013303D0CB680BB18B682C
S2140252B84BB914F0B7FA00204FF4C172412100F03E
S2140252C8B3F9212038BD0846FCF7A4FD00230A4A94
S2140252D885F83031C5E93743C2E9003363694BB113
S2140252E8064A422110684FF4D272C31A58425841ED
S2140252F800F09AF90020E5E7306B00209C58002061
S214025308F8B5044618F093FD002607460E4B1B68B0
S21402531893B19E68AEB196F82420D20711D43546CA
S2140253280FCC0FC50FCC0FC523682B6096F8243018
S21402533843F0010386F82430384618F073FD3046E9
S214025348F8BD1B68E4E700BF2070002010B50446CD
S21402535818B9054B054A136010BDFAF727FED4F8AC
S214025368E830002BF6D1F4E7459A03001C700020BB
S214025378014B1868704700BF306B002008B502461C
S2140253880868FFF77BFF08604868FFF777FF486002
S2140253988868FFF773FF8860C868FFF76FFF0B69B6
S2140253A8C860581C03D00B48834228BF03460B61CB
S2140253B84B69581C03D00748834228BF03468869AE
S2140253C84B61FFF75BFFBDE8084088611046FBF7B4
S2140253D897BD00BF40420F00D0F8E0302DE9F041FB
S2140253E805460C4613B1838D8B424CD0D5F8DC307B
S2140253F8002B4BD09E68002E48D0D868002845D08F
S214025408013800B200281ADB002106E0128A591C6D
S214025418A24217D209B2884211DB0B1803EBD373E8
S2140254285B1003EBC30206EB8202B2F80EC003F16E
S214025438FF3EA445EAD90FFA8EF08842EDDA21201B
S214025448BDE8F0814FF6FF7299B29142F7D09BB24F
S21402545803EBC30306EB83062846B6F9122095F833
S2140254682411D5F8F080E9F7E1F90746B8F1000FFC
S21402547804D00023324628461946C047AC85C5F8EC
S214025488E06085F82D710020BDE8F0810E20BDE8A9
S214025498F08100BF2DE9F04782B004460F46164653
S2140254A8FBF796FF00285ED1454D2B68D4F8DCA0A2
S2140254B8D4F8E0800BB1534562D04FF00009AF60D4
S2140254C8FBF7D0FF0128074651D12B68DAF80010FF
S2140254D8D8F8002013B1186888425CD0204614F029
S2140254E8ADF8C5E900A8D4F8F0508DF80760002D8D
S2140254F858D00022204611460DF10703A847204639
S214025508FBF728F90546B9F1000F0FD076B9D4F89B
S21402551888300BBB012F05D025B12A4B002103206A
S2140255285B689847284602B0BDE8F087B5FA85F06A
S21402553840F207523321400900F076F831462046F9
S214025548FBF70EFB204B05461B684146204698474C
S214025558D4F88830002BDDD000224FF400732046A2
S214025568FAF734FDD6E70023154D6B609DE7002158
S2140255780120FAF763FDFBF775FF0128FBD1A4E7C4
S2140255886B68002B99D0434597D1AB689F4215D0DC
S2140255984FF0010993E7696811B109689142A0D0F2
S2140255A859689BE794F8281094F82D3132469942A8
S2140255B828BF19462046FBF71FF8A0E70025B1E7E3
S2140255C8306B0020E46F00201C700020F8B50E46F1
S2140255D8054618F02CFC314607462846FFF7FCFE1F
S2140255E8044620B1384618F01DFC2046F8BDFBF7E5
S2140255F8D1FE224631462846FFF74CFF0446384677
S21402560818F010FC2046F8BD38B5044D044C054B7E
S214025618286021601A6018F005F938BD1459002070
S214025628247000201859002010B550B90548064BBA
S2140256380160064802601868054B18601868FFF78C
S214025648E3FF10BD247000201059002018590020CE
S2140256581459002010B518F0EAFB084B04461B68DC
S2140256683BB1984728B1002200204FF48061FEF72C
S2140256781BFC2046BDE8104018F0D4BB1C5900207D
S2140256880023F0B585B0CDE901330393124B134DD1
S2140256981B78134E8DF8043018F0D6FB2A78337828
S2140256A804469A420F4F0CD03178386801AA2970FE
S2140256B814F0B1F950B140F608210B4818F04BFC2B
S2140256C804E0386814F087F90128EDD0204618F06F
S2140256D8B6FB05B0F0BD00BFE272002010730020D2
S2140256E81173002038590020F0830400F8B52B4BBC
S2140256F81B7823B140F6FC31294818F02CFC18F028
S214025708A3FB284B07461C8814F0060409D001217F
S2140257184FF4807017F0F2FB3846BDE8F84018F0F0
S2140257288EBB21464FF4807017F0E8FB204600F047
S2140257389DFF022808D180221B4B8021186813F08F
S21402574806FDFFF79DFFE7E7204600F08FFF0546B8
S21402575838B1012807D040F63141114818F0FBFB52
S214025768DAE70246E8E7FF220F4E104B30681A7057
S214025778FFF77AFD306814F02EF90128CCD02A46B5
S2140257882946306814F029F921462C2017F0E2FB46
S21402579821460A2017F0DEFBBEE700BF6668002037
S2140257A8F08304009260002038590020107300200D
S2140257B80021014818F0E8B9787000207F2837B52C
S2140257C8044610D14FF6FF73022217480DF1060160
S2140257D8ADF80630EAF74CFFBDF80640E2054CBFC6
S2140257E86FF04A0464B218F02FFB104B05461C7083
S2140257F80F4B1B88DB0710D50E4B1B78002B0E4B66
S2140258080CBF21466FF07F01186813F0CEFC20B15A
S21402581840F67861094818F09EFB284603B0BDE8B2
S214025828304018F00CBB00BF641002C0087300209A
S214025838926000206768002038590020F083040030
S21402584810B50FF08BFA60B10FF08AFA0B4A80B1E6
S21402585841F20D03BDE8104041F20D01074817F06A
S2140258689FBC074B1A781B799A4204D10022002360
S214025878F0E70D23EEE7034AF9E700BF400D030001
S214025888E2720020488D0100F8B5164E0D463378B0
S21402589802F0010423B140F2C531134818F05BFB4D
S2140258A8124B134F1D60134DA4B1134B997801B1D7
S2140258B80121202017F022FB2B783B700F4B1C7817
S2140258C80F4B00211C70042333700E48BDE8F840C5
S2140258D818F05AB92146202017F010FB2B783B7097
S2140258E8EEE700BF66680020F0830400285900200F
S2140258F863680020127300202C5900206468002078
S21402590865680020787000202DE9F84318F09CFAA4
S214025918DFF8A0810546B8F80030614C13F4807FA2
S21402592803D0237873BBFFF7E1FE0021084617F081
S21402593811FB5C4B1A78FF2A13D01A7802F0FF067E
S21402594832BBFF221A702378052B0AD10023284679
S214025958237018F074FA304614F0C6F918F074FA80
S21402596805462378504E062B09D13378FF2B06D0EE
S2140259783378022B15D100214C4818F005F9FF237D
S21402598833702BE000214FF4807017F0B7FACCE79B
S2140259981A78012A4FF0FF0214BF33264C261A70D3
S2140259A8D4E7337813B13378012B22D117F046FBAC
S2140259B807463E4896F8009001F0CEFBFF235FFAB2
S2140259C889F9337077B1B9F1010F44D164213748A8
S2140259D884F8009018F0D8F8FFF752FE284618F018
S2140259E82EFA06E02846277018F029FA384614F0E8
S2140259F87BF9B8F800301B0605D50021802017F081
S214025A087DFA12F067FB01F0E3FA294E308000B304
S214025A182778012F42D117F0CBFF054610B3013085
S214025A2818F077FB00F44060B0F5006F1AD1042234
S214025A383946284617F0FCFE284418F06AFB4FF64B
S214025A48FF7398420ED10020318800F0F1FC002343
S214025A583380BDE8F88300232846237018F0EFF950
S214025A683F20C4E7114801F077FB00210846217061
S214025A78012500F08FFC23780BB9FFF737FE0020CC
S214025A88318800F0D5FC00233380002DE1D0207841
S214025A980028DED1BDE8F84314F05EBA0025EAE72E
S214025AA8666800200F7300200E73002078700020AE
S214025AB8906000209260002008B513460A461946F0
S214025AC8064B186813F0FEFB30B1BDE8084040F2FA
S214025AD8F441034818F03FBA08BD00BF3859002001
S214025AE8F083040008B513460A461946064B18689A
S214025AF813F0E2FB30B1BDE8084040F2FB41034830
S214025B0818F029BA08BD00BF38590020F0830400EF
S214025B18024B1878431E5842584170476668002060
S214025B2808B5064B1B7823B140F22551044818F0F5
S214025B3812FAFFF7DBFD002008BD00BF66680020EA
S214025B48F083040008B5054B01EB8101186849008B
S214025B5813F02DFB002818BF212008BD3859002055
S214025B6808B5044B1868F9F7B1FE0A2390FBF3F060
S214025B7840B208BD38590020014B1878704700BF5C
S214025B881173002008B5044B186813F0C4FFB0FA66
S214025B9880F0400908BD00BF3859002038B5124DBC
S214025BA80C462B78012B04D940F246510F4818F0C0
S214025BB8D2F921460020FFF7E5FF90B10C4B1C7086
S214025BC82B785BB9FFF792FD0A4B93F900100A4B44
S214025BD8C901186814F008F8002038BDFFF750FD10
S214025BE8F2E72120F9E700BF66680020F083040088
S214025BF811730020686800203859002008B5074B42
S214025C08186813F086FF30B1054BB3FBF0F083B289
S214025C180BB1184608BD0120FCE700BF3859002022
S214025C2840420F002DE9F3475C4E012018F090F928
S214025C383388990704D440F63F41594818F08BF93F
S214025C48DFF8808198F80030053B012B04D940F62E
S214025C584141534818F07FF9524F3B6823B940F642
S214025C6844414F4818F077F9348814F0200478D065
S214025C780121222017F06EF94FF47A74FFF7BEFF5F
S214025C883B681B780933434304EBC30498F8003097
S214025C98A5B2062B0BD117F099FD0446FFF7AEFF07
S214025CA8602358430C2303FB0400284485B2D7F824
S214025CB800903D4B99F800801C7808F1FF381FFACF
S214025CC888F8002C52D133885A0505D409F1010008
S214025CD818F01FFAC0F340143449354A8878127807
S214025CE84B7812FB00F2334F93423B70A4BF9B1AC9
S214025CF83B703B78CA78BD60934238BF13463B7008
S214025D080FF034F8002833D00FF02EF8012814BF0D
S214025D181025082525430023DFF8ACA0009380222F
S214025D2843464946DAF8000013F073FA20B14FF4F6
S214025D383B611B4818F00FF91F4BDAF80000197878
S214025D481E4B197033889B0614D52A461C4B00979F
S214025D5813F05FFEC0B9002002B0BDE8F04718F0A5
S214025D68F7B82146222017F0F5F887E70024B3E7AC
S214025D782546D0E72A460F4B13F049FE014618B9C6
S214025D88252017F0E7F8E6E72146262017F0E2F87E
S214025D9840F6F431024818F0DEF8DCE7926000209C
S214025DA8F08304002859002069680020E272002067
S214025DB863680020287000201173002010730020EA
S214025DC82C5900206668002038590020184B10B558
S214025DD81B889B0704D440F6A661164818F0BBF841
S214025DE8154B1B78053B012B04D940F6A7611148D1
S214025DF818F0B1F8114B1B6823B940F6A9610D4893
S214025E0818F0A9F800240E4B0E4921201C7017F032
S214025E18A1F8014618B9BDE81040FFF703BF0228EB
S214025E2804D12046BDE8104017F02AB910BD00BFBD
S214025E3892600020F083040066680020285900203B
S214025E4861680020ED5F0200F8B55A4C23889A076D
S214025E5804D54FF43E71584818F07DF8574801F0BB
S214025E687BF917F0F1FF238805465B070DD54FF03F
S214025E78FF3013F015FA524B1B68C01AB0F5717F43
S214025E8803D90021042017F039F828464D4D17F09B
S214025E98D6FF2B78042B32D117F0D6FF2388064676
S214025EA85F0708D54548002117F06EFE3046BDE864
S214025EB8F84017F0C4BF17F0C2FF17F0C5FF424BF1
S214025EC806461B78414F13B9238859050FD5052373
S214025ED8012102202B7017F011F8FFF777FF3046E2
S214025EE817F0ADFF3B68DA78394B1A70F8BD386898
S214025EF8013018F00EF98206E9D50623E8E7062BE4
S214025F084DD1344B1B78FF2BF0D1334E0EF030FFB9
S214025F183378002B3DD017F097FF238805465B079A
S214025F2805D52648002117F02FFE2846BFE717F0AA
S214025F3886FF3378013B337017F086FF044601214B
S214025F48022016F0DBFFFFF741FF20461F4C17F032
S214025F5876FF2068013018F0DCF800F44060B0F5EF
S214025F68006F13D1246801210422204617F060FC32
S214025F78204418F0CEF80146184B04201A783378D5
S214025F88D21AD2B2BDE8F84018F08CB84FF6FF71B4
S214025F98F2E740202B70BDE8F84013F0A5BE012BAF
S214025FA8A4D100232B700E4B1868FFF75DF93F202B
S214025FB8F1E700BF92600020F083040078700020AA
S214025FC824590020666800206968002028590020A5
S214025FD8626800200E730020636800201273002097
S214025FE83859002008B50A4B1A7882B901221028B7
S214025FF81A7004D040F69D61064817F0ACFF0021DF
S214026008202016F07BFFBDE80840FFF70BBE08BD50
S21402601861680020F083040008B5094B1B88DB067C
S21402602804D440F2C351074817F095FF1020002108
S21402603816F064FF044B1868BDE8084013F0E0BC8D
S21402604892600020F083040038590020012208B527
S214026058074B1146186813F0C0FC00212C2016F0D6
S21402606879FFBDE8084000210A2016F073BF00BF7A
S21402607838590020014B4008185C70470A73002004
S21402608808B513460A461946064B186813F020F94F
S21402609830B1BDE8084040F6E941034817F05BBF57
S2140260A808BD00BF38590020F083040008B5044B29
S2140260B8186813F090FC013818BF012008BD00BF0D
S2140260C83859002070B5054617F0BEFE0E4B0F4E27
S2140260D81B880446DA07357008D50D4B0D4D1B781C
S2140260E8012B08D90121286813F0F7FD2046BDE8E0
S2140260F8704017F0A4BE1BB10EF02EFEC305F1D4F5
S214026108317881F00101EEE79260002009730020E1
S21402611867680020385900200C4B10B51B880446C7
S214026128DB0711D5FFF78CFB094B84F00102082127
S2140261381868D20013F00BF830B1BDE8104040F6EC
S2140261483671044817F007BF10BD00BF92600020E2
S21402615838590020F083040008B5044B0146186835
S21402616813F0C1F8003818BF012008BD38590020BE
S21402617810B50A4C23787BB1FFF768FF002104208C
S21402618816F0BCFE0021022016F0B8FE002323708B
S214026198BDE81040FFF7AABA10BD00BF6668002027
S2140261A838B5094800F0E8FC0024084D95F8443054
S2140261B8E0B2834200D838BD05EBC000043000F0D8
S2140261C8DBFC0134F2E700BFDC5900203C59002012
S2140261D808B5104602494822F9F7BEF8002008BD5D
S2140261E89459002008B5054818F029F8014620B940
S2140261F8BDE80840014817F0C7BC08BD98700020E3
S214026208002238B51C4B15461C461A700132082A5D
S2140262185D609D8043F8085FF8D148220021174840
S214026228F8F70AFF4FF6FE73A4F868306FF4803367
S214026238E365134B00211A88124B1868F8F7FCFE20
S214026248114BC4E91255C4E9283584F8445084F839
S2140262585050656584F8A850E9F754FDFF220B4BA9
S214026268012118700A4B00201A70E0F72DFC002056
S214026278FFF7B8FF002038BD3C590020945900208B
S21402628884720020506F00200000FFFF6A6800201A
S214026298B068002010B5AC24084B04FB0030836CB1
S2140262A853B990F850403CB931B1C0E912122046B1
S2140262B8FFF798FF204610BD2120FCE73C59002036
S2140262C8AC2370B503FB00F5094E731993F85040DA
S2140262D85CB920460BF022FF735D204643F00203AA
S2140262E87355FFF77FFF204670BD0120FCE700BF0D
S2140262F83C590020AC235843024A135C23F003039C
S214026308135470473C59002070B516461F4A044677
S2140263181278C2BBAC211E4D01FB00518A6C92BB9F
S21402632891F850203AB1022B2DD191F84410072942
S21402633807D91C2026E091F844100729F9D8012B22
S21402634808D0AC2000FB0450CA00011D0C30F8F738
S214026358C5FE0021AC2303FB04F000249DF814308C
S21402636800EBC1012944CB71049B8E808B602B18ED
S21402637893F84420204601328C7183F84420FFF7B4
S21402638831FF204670BD0120FCE700BF6968002087
S2140263983C590020F8B5234B04461B780F46002BC1
S2140263A83ED1AC23204D03FB0053B3F8A03023B9EB
S2140263B840F245311D4817F0CEFDAC2202FB0452CE
S2140263C8D2F8A46036B192F8A33039460020B2F863
S2140263D8A020B047AC2300216343EA18A2F8A01015
S2140263E8C2F8A410482192F8A82001FB02322A44D7
S2140263F8D2F89820964213D0EB5C9B070CD5AC22B9
S2140264086243AB5C204623F0020343F00103AB541D
S214026418BDE8F840FFF7E6BE0BF0A2FE0028EED174
S214026428F8BD00BF696800203C5900204784040074
S2140264382DE9F04F89B0059008460D4617F0B8FAD0
S214026448044618B9212009B0BDE8F08F284617F08F
S214026458CBFAC0B20838215C221892F802A004913E
S214026468D1785268277803920022B4F80130ADF842
S2140264781E20434A029192F800B0BBF1000F08D0E2
S214026488404B1B681BB120464FFA8AF298470020F9
S214026498D9E703F00703022B70D0013409225946C4
S2140264A8204617F0C5F9023F3F1A3B0606465FFA32
S2140264B887F8C7D4344FD7F89090B9F1000F27D190
S2140264C800210DF11E0B434622460846CDF800B0C1
S2140264D80BF05CFDC3B20546002B4BD1BDF81E007F
S2140264E813F046FCE0B9BDF81E0013F02AFD8146FB
S2140264F8BDF81E0013F03CFCF0B906EB08020123B7
S2140265082146584692B200F07BFDD0B119209AE790
S2140265185B465A4601212846C8470028D0D191E74B
S214026528D7F89430BDF81E00002BDCD0A119984786
S2140265380028D8D1022086E742464846A119F8F72D
S2140265480BFFBDF81E0017F033FA029B059A03727A
S214026558049B80F809A08372039B1BBAC360AC2312
S21402656803FB027393F85020BDF81E0022B1DB6CC1
S21402657803B19847E8B266E7BB6FF9E7012062E71E
S21402658869680020205900203C5900202DE9F8436C
S21402659808460F46164602F1010913F0D7FC804654
S2140265A8384613F0DEFB042856D1384613F0FDFBB6
S2140265B848F661054FF6FF7248F64103294C9042A9
S2140265C808BF1D46B4F85C10301D17F0A4FD384607
S2140265D813F0EBFB0146B01D17F09DFDB4F85E10F4
S2140265E806F1080017F097FD06F10A04384615F07A
S2140265F870F910B145F01005ADB22946484617F0B5
S2140266088AFD384613F09DFC424601462046F8F7B6
S214026618A3FE3846012117F003FA4444074660B140
S21402662817F0E2F90546384617F0C2F9EDB2014608
S2140266382A462046F8F790FE2C440B4AA41B1378E9
S2140266480134591C1170F37034703046BDE8F843B3
S2140266580922012117F0ECB8484617F05AFD4C46B5
S2140266680546C3E73C5900206A680020AC2210B5EC
S21402667848245043094B1A1892F8A81004FB010044
S214026688034493F87700022806D092F850301BB9D4
S214026698032818BF012010BD0020FCE73C59002043
S2140266A870B508B1012070BD234C94F8A850002D8F
S2140266B8F8D12946B4F85C20FFF714FA294628468A
S2140266C8B4F85E20FFF7F8F92946284604F1600276
S2140266D8FFF7D6FC94F87730002BE3D0284694F8D8
S2140266E85860FFF749FA864215D1002094F95A50A5
S2140266F8FFF736FA854216D10020FFF7B7FF0446A1
S214026708002017F04BF80028CDD02146BDE870408F
S2140267180020FFF705BA284694F85810FFF73EFA05
S2140267280028E2D0BFE7002094F95A10FFF70AFAC9
S2140267380028E1D0B7E700BF3C5900200346AC204A
S21402674810B51446164A00FB032292F87700022870
S2140267580CD1E07F022809D141B1124909780129F2
S21402676813D992F85810227891420ED118462178F9
S214026778FFF708FA90B1482221460B48F8F7ECFDD5
S214026788002017F00BF808B9002010BD044B93F848
S214026798A8000028F8D1FFF783FFF5E72120F4E7E1
S2140267A83C590020A46700209459002038B5AC2331
S2140267B80D4C054603FB004300205A6DD86483F847
S2140267C8500012B15865FFF727FCF5F7D5FBFF28EE
S2140267D81EBFAC2303FB054484F8A8000020FFF77D
S2140267E85FFF002038BD00BF3C5900207FB51D4C16
S2140267F894F8A83023B1002084F8A800FFF750FFC9
S21402680894F85A30B4F8A0608DF80F3026B940F2E2
S214026818FD21154817F09FFB144B31461D680020D2
S2140268282A46FFF7B3FEE46F02469CB10DF10F034A
S21402683801930023294630460093A04702462C7847
S21402684854B920462146FFF7A5FD2046FFF7CAFCA5
S21402685804B070BD0122F2E729460020FFF714F8BB
S214026868F6E700BF3C59002047840400506F00201A
S21402687838B5494B1C78002C58D1484800F06CFCB7
S214026888204616F08BFF002850D0454C2378D907AF
S21402689833D594F850201AB123F00303237045E049
S2140268A823F0010323700BF043FC237805469A076E
S2140268B801D50BF033FC294600200BF049FA40B903
S2140268C82378284643F001032370BDE838400BF0CE
S2140268D825BC0023482284F8A33094F8A83084F80C
S2140268E8A25002FB0343D3F89830A4F8A000C4F8D9
S2140268F8A430BDE83840FFF779BF94F84400B0B139
S21402690804F1A003251D95E8030083E80300FFF7BA
S2140269186DFF94F844202846D20004F10C01F8F7DB
S214026928DDFB94F84430013B84F8443038BDA26C51
S21402693862B99B0711D52378002023F0020343F09F
S21402694801032370BDE83840FFF74CBC0123A0645E
S21402695884F85030904723789EE70BF001FC002815
S214026968E9D194F8A83073B1F5F706FB94F85030DD
S214026978002BDBD1FF2818BF84F8A800BDE83840F2
S2140269880020FFF78DBED4F88C30002BECD0984749
S2140269980028CBD1E8E700BF69680020987000207D
S2140269A83C59002070B50446002016F0F7FEAC23CA
S2140269B85C430B4E351995F850300BB1002070BD6C
S2140269C80028FBD0074817F03AFC0028F6D1335DBA
S2140269D8002BF3D195F84400B0FA80F04009EEE7B0
S2140269E83C5900209870002010B5084A034613F058
S2140269F8BBFA14684FF6FF7203EB40039C42184634
S214026A0803D9018802339142F8D010BDF859002004
S214026A182DE9F047204F05463B88A3B3B0F902306C
S214026A28002B30DBDFF87C801C49D8F80000F8F72A
S214026A3859FD20B94FF4EA71194817F08CFA002666
S214026A48DFF85CA0DFF860903A88B3B29A4204D8BE
S214026A584FF4EB71504617F07EFAD9F80030B2B20E
S214026A6853F83200D8F8001003EBC20468B943F8AA
S214026A783210A38828460133A38013F075FAE388F8
S214026A8803EB4003E380BDE8F087F8F72BFD0136F9
S214026A980028D9D1EDE700BF9460002014840400D2
S214026AA81E840400B8700020EC59002038B5094C42
S214026AB8094D22682B689A4204D94FF48771074811
S214026AC817F049FA28682368C01A20F0010080B235
S214026AD838BD00BFF8590020005A00201E84040062
S214026AE838B5124C124D21462846F5F7F3F82368B6
S214026AF80BB12B681BB9DE210E4817F02CFA2A6850
S214026B080D4B0E491A60236823F0010313440B60E9
S214026B180B4B1A602AB9BDE83840F821054817F029
S214026B281ABAFFF7C3FF6428F5D938BDF059002012
S214026B38F45900201E840400FC590020005A002044
S214026B48F859002038B5094C094D22682B689A4234
S214026B5804D34FF48A71074817F0FDF928682368AA
S214026B68C01A20F0010080B238BD00BFFC590020D0
S214026B78005A00201E8404002DE9F0411D4B0446ED
S214026B881B78012B24D1008816F0F4FE0546D8B1EE
S214026B980426DFF864802C4617F056F90746204686
S214026BA8FFF736FF638843EA08036380A05B16F0A4
S214026BB8E1FE0446384617F042F91CB1B4F9023031
S214026BC8002BE9DA062E01D1BDE8F0810626E2E7B7
S214026BD8022BF9D117F038F90246208816F0CAFEB9
S214026BE818B10388C3F30E0323801046BDE8F041AC
S214026BF817F025B96B6800200080FFFF2DE9F04FDB
S214026C080024BA4B97B006461C8017F01DF90123DC
S214026C18DFF8EC82B64F3B70B8F80030A8F80040B0
S214026C28ADF81630B34B1B68019317F008F9B24B50
S214026C3821461A88B14BD2001868F8F7FDF90DF10B
S214026C481600FFF799FF002E3CD1DFF8B8924FF0F6
S214026C58000B0125D9F80040019B9C4239D3BBF1B1
S214026C68000F39D1002DF2D0D9F80040DFF898A2EB
S214026C7825462246019B9A4273D302230DF116003B
S214026C883B70FFF779FF002E40F08F80D9F800603E
S214026C983246AA4280F0A280908816F06BFE18B19F
S214026CA80388C3F30E039380D08816F063FE18B1E8
S214026CB80388C3F30E03D3801046FFF795FE0246F9
S214026CC8E7E79847E3B256F823300134002BF8D1A9
S214026CD8BBE7BBF1000F3ED00BF1FF335FFA83FB35
S214026CE816AB03EB8B0252F8402CB2F9020051881D
S214026CF80028B1DA4B04AFD4924641F48040931D83
S214026D082AF8020F02933AF8020F16F033FEF0B191
S214026D18B0F902E0B0F802C0BEF1000F17DB6FEA66
S214026D284C4C6FEA5C4CA0F802C00390FFF770FE6A
S214026D38BBF10F0F8FBF002516AB039A03EB8B0030
S214026D489EBF0BF1010340F8402C5FFA83FB029BBF
S214026D589A45D8D180E72046FFF746FE22460446E3
S214026D68C3E7104613F000F98346B2F90200118809
S214026D7800280AEA010108DA204616F0F1FD08435F
S214026D8881B204EB4B0402EB4B0510461180FFF769
S214026D982BFE02466EE798475FFA8AF356F82330C8
S214026DA80AF1010A002BF6D170E74FF0000AF3E762
S214026DB83046FFF719FE82467EB1B6F90230718870
S214026DC8002B0ADA3088C0F30E0016F0D3FD86428E
S214026DD803462DD1C1F30D0171805646AE42E7D364
S214026DE8DFF81CA117F030F800210646504613F0CB
S214026DF80CF916F0BFFD0546002800F087803046DD
S214026E0817F01DF8284613F0AFF80646204616F087
S214026E18A7FD81467600324629462046F8F75EF9EF
S214026E28002249460DF1160017F0E1F93444D9E775
S214026E381BD9304613F098F8C1F30D014200718051
S214026E481846314692B2F8F749F9C6E75046FFF7B0
S214026E58CBFDD146854203D9B0F90230002B01DAC0
S214026E68824603E0FFF7C0FDF4E7B146554507D969
S214026E78BAF80000C0F30E0016F07CFD8245E5D392
S214026E88B9F1000F30D0B9F80000C0F30E0016F0C2
S214026E9871FD034638B93346CB46994513D8B145F2
S214026EA89BD0D946ECE7484613F05EF8B9F80220BC
S214026EB84946C2F30D02A9F80220420092B21846C9
S214026EC8F8F70CF9E7E718460193FFF78DFD019BE3
S214026ED89B46854203D9B0F90230002B01DA0346F5
S214026EE8DBE7FFF781FDF4E7CB46DAE7966000209A
S214026EF86B680020F859002094600020EC590020A6
S214026F0898600020FC5900200080FFFFBDF816306C
S214026F183870A8F80030044B30461C6016F08FFF15
S214026F2817B0BDE8F08F00BFF85900202DE9F041F0
S214026F38054616F01FFD0F460446D8B117F041F96C
S214026F4820B940F2FB41204817F005F8284616F00B
S214026F584BFD05462046FFF747FDBD42064609D0CB
S214026F6804D840F20351184816F0F5FF2588ED0BB1
S214026F7802D02781BDE8F0816780204612F0F4FF30
S214026F88074604EB400816F05FFF104B1A68B24239
S214026F980AD1C3F8008016F052FF2A464046BDE8DA
S214026FA8F041FF21F8F748B8A6EB0806B5B216F086
S214026FB846FF072DF1D90023083D44F81730C8F8D4
S214026FC80430A8F80250D5E71E840400F8590020B9
S214026FD838B516F039FF00210546044813F015F8AF
S214026FE80446284616F02BFF204638BD9860002037
S214026FF8024B1888B0FA80F0400970479860002063
S2140270082DE9F74F044600881F4616F0B3FC88465B
S2140270181546064617F0D5F820B940F2FE613F48F5
S21402702816F099FF3388DB0B009306D033892B447E
S2140270383381002003B0BDE8F08F208816F0D4FC18
S21402704882463046FFF7D0FC019016F0FDFEDFF8C8
S214027058D0B0019BDBF8002081469A421DD1FFF78B
S21402706825FDA84204D2484616F0E9FE1A20E1E7B2
S2140270780AEB050373803FB1208816F099FC2A466E
S21402708841465044F8F768F93046FFF7ADFCCBF8AE
S2140270980000484616F0D3FECBE716F0D0FE20884E
S2140270A816F0A2FC2844009980B216F0F5FC0646B3
S2140270B80028DBD016F07CFC8146208816F078FC87
S2140270C88246208816F090FC514602464846F8F753
S2140270D843F93046AFB116F06BFC0746208816F027
S2140270E883FC2A4641463844F8F736F901212088B7
S2140270F816F096FC01210246304616F0A5FC2680BC
S21402710897E716F055FC8046208816F06DFC2A464E
S21402711839464044F7F790FFE8E700BF1E840400AC
S214027128F85900203421014816F015BF32840400AD
S214027138036910B55BB18268064B9A4201D10020FA
S21402714810BD446916F000FF201AF9D5F7E74FF08C
S214027158FF30F5E72D71020082681C4B70B59A4223
S2140271680446056819D116F06FFE236923B1A342B7
S21402717806D100222A601A61BDE8704016F05FBE8A
S2140271881A4611461269A242FBD12A68A24208BFD1
S21402719829600B6100232361EEE7036993B19842E5
S2140271A86E6803D19D210A4816F0D5FE2B46B442D6
S2140271B809D122699D4218BF1A614FF0000308BF21
S2140271C86A60236170BD33463669F0E72D710200A6
S2140271D8328404002DE9F047074600254FF0010ADD
S2140271E8154EDFF858808AB0347914B90AB0BDE86B
S2140271F8F087D6F8009087B900972A46B8F80010A4
S214027208234603A817F082F82246484603A9E9F758
S2140272185BFA2544EDB20836E6E7224603A9484655
S214027228E9F726FACDF800A023462A46B8F8001051
S21402723803A817F06BF8ECE738E704009A6000201A
S2140272480148FFF799BC00BF9A6000209C46174B7E
S214027258F7B5054608461988164611B1144B1C7828
S214027268CCB1014662463046BDB103B0BDE8F04037
S214027278E9F7FEB91C44E4B208373B79002BF0D094
S2140272883A689642F6D185F001052246009517F02F
S2140272983DF803B0F0BD074FEFE7E9F715FAB0B2CD
S2140272A803B0BDE8F04010F019BF00BF9A60002096
S2140272B81373002038E7040010B5074C238843B13F
S2140272C80020FFF787FF0020FF22044B20801A7059
S2140272D810BD0220FCE700BF9A600020137300204E
S2140272E8142810B518D8082805D110F060FFC40174
S2140272F8E4B2204610BD0E2802D110F05BFFF6E776
S214027308064B53F82040002CF3D00A282478F0D1F4
S21402731805F0A0FE0443EBE7FF24EAE788E704004B
S214027328014BB3F8680070473C5900200048704784
S214027338A6590020014B1878704700BFE267002064
S214027348014B1870704700BFE2670020194B0228ED
S21402735810B5187002D0043801281BD8164B1B78B3
S214027368042B03D00021154816F00EFC144B1B689C
S2140273789A001BD513F0805F40F6114418BF4FF4ED
S2140273884164204611F0ADFA90B92046BDE8104097
S21402739810F0A2BE0948FFF7DFFE0A48FFF7DCFE38
S2140273A8162413F05EF811F096FAEAE71524E8E7D1
S2140273B810BD00BFE6670020E7670020BC7000200B
S2140273C8844C0020F04B0020024B187800F00F0087
S2140273D8704700BFE6670020034B187800F00F00DE
S2140273E8831E584258417047E667002008B513F0D6
S2140273F823F8C0B113F039F8A8B10AF0A7FF90B97C
S2140274080A4812F0CBFD70B1094812F0C7FD50B118
S21402741810F0D5FE38B111F066FA20B9BDE808407A
S214027428044812F06CBE002008BD00BF9C60002015
S214027438CE600020045A002030B505460C4693B0AC
S21402744881B910B9002013B030BD1023214A69460D
S2140274580120FFF7FBFE9DF805305A1E052A28D99B
S2140274681720F0E7182200212046F7F7E5FD002D41
S214027478EBD1FFF7B1FF30B310F06CFD6A46014658
S2140274880020FEF7A5FEBDF80430204623819DF8AD
S2140274980230A3729DF80030E37213F06CF90023F1
S2140274A804F11401237304F1100003F0CBFDE0810C
S2140274B8C8E7094A9DF8041012789142D0D12B7079
S2140274C8002CD6D1BEE7054B1B78033B022BD3D93B
S2140274D8C6E700BF64EE0100ED720020E6670020F2
S2140274E830B593B005460C46FFF776FF20B90C4B2D
S2140274F81B78033B022B10D810F02CFD6A46014677
S2140275082846FEF765FE00209DF80230607023705C
S2140275189DF80030A37013B030BD1720FBE700BFFC
S214027528E6670020054B1878012805D000F0FD0014
S214027538A0F1310358425841704700BFE667002061
S2140275481FB50146002201A816F0EEFB064801A95F
S21402755816F0AAFE20B116F02BFA4089C0F34000B6
S21402756805B05DF804FB00BF9272002030B585B006
S2140275780D460022014601A816F0D6FB084801A9C6
S21402758816F092FE50B116F013FA04460146082287
S2140275982846F7F7A3FD6089C0F3400005B030BD62
S2140275A892720020F8B50546F8B100210F4816F089
S2140275B818FE0446A8B10D4F204616F0F9F90646FD
S2140275C816F09EFB830705D4082229463046F8F7AC
S2140275D87FF838B12146384616F027FE04460028BA
S2140275E8EAD10024201E18BF0120F8BD927200209E
S2140275F810B50C460146064816F056FE30B116F08F
S214027608D7F943891C4214BF0120002010BD00BFD1
S214027618927200201FB51446024601A816F084FB93
S214027628074801A916F040FE40B134B116F0C0F979
S214027638142201462046F7F751FD012004B010BD7A
S214027648927200201FB50146002201A816F06CFBB4
S214027658094801A916F028FE58B116F0A9F9438977
S214027668024613F0020004D0507B80F00800C0F3F4
S214027678C00005B05DF804FB92720020F7B59DF8CD
S21402768824400D4601949DF82040064600941F4665
S21402769814F00EF94FF6FF718842044610D0BB0765
S2140276A811D4284600F056FF204616F024FEFF287E
S2140276B81FBF084A32F8103023F4804322F81030ED
S2140276C8204603B0F0BD02462946304612F0ADFD0C
S2140276D8EAE700BF6C60002073B50E460146144800
S2140276E816F0E2FD0546D8B116F062F9438904465B
S2140276F8334012D09B0736B20BD5002E09DAA17B8F
S214027708437B0289007B0191012100912146FFF704
S214027718B5FF638923EA06036381628912B10120F1
S21402772802B070BD2946024812F08EFCF7E700BF89
S214027738927200200148FFF71FBA00BF927200201B
S21402774813B53E4C0DF019FFD4F8FC311020C3F3E4
S21402775807430193FFF7C4FD000650D50020FFF744
S214027768BFFD01064BD5019B802B3ED1236A9A07A3
S21402777804D440F61544204602B010BDE3699B07C0
S214027788F7D52F4812F064F9012012F0C8FA0DF066
S21402779807FF04460028EED100F042F9294812F005
S2140277A888FC00F099F9E8F7ADF80DF0E5FE08F068
S2140277B803FF08F055FFF4F7D7FAF4F775FBF4F76A
S2140277C88FFB03F0DBFD10F0F4FC10F0F5FC11F073
S2140277D88DF81D4814F075F806F08CFA11F049F881
S2140277E80028C8D011F047F8C5E7019B812BC0D105
S2140277F8D4F80C315B00BCD5D4F80C31BFE71020A6
S214027808FFF76EFD0006BCD40020FFF769FD0106EF
S214027818B7D5019B802B05D1084B1A6AD207A8D583
S214027828DB69ACE7019B812BA3D1044BD3F80C216F
S214027838002A9EDAD3F80C31A1E700BF0080E00FD9
S214027848690345EC045A00204975020010B512F087
S21402785805FE70B301F0E0FA80F00104E4B20020FD
S214027868FEF724FC44EA800424B212F0E5FD10BBBD
S21402787802200443164816F0E2FC44EA401415486F
S21402788816F0DDFC24B244EA0014134816F0D7FCBE
S21402789824B244EA8014114816F0D1FC24B244EA11
S2140278A840240F4816F0CBFC24B244EAC02080B22B
S2140278B810BD0124D3E70B4812F070FB0028D7D07E
S2140278C8094812F06BFB80F00100C0B24000D0E716
S2140278D8FC700020E0710020884C002060710020B7
S2140278E8C07100209C600020CE60002008B501F020
S2140278F87FF8FEF709F8144812F050FB08B904F0AE
S21402790825FF124812F04AFB08B906F0DDF902F024
S21402791895FF0F4812F0FFFB0E4B1B78043B022B19
S21402792809D80D4816F08BFC28B1FFF78FFF1028F0
S21402793801D107F0E1FC10F044FC12F085FCBDE82A
S21402794808400648FFF75AB99C600020CE6000201F
S214027958045A0020E7670020E071002000E80400CF
S214027968014B1868704700BF385900204FF6F77366
S21402797870B5984204460D4686B043D812F072FC9B
S214027988A04207D1082220492846F7F7A7FB00207D
S21402799806B070BD1D4EB6F86830A3420AD1002262
S2140279A8082106F16A0012F0EBFB18B9082206F164
S2140279B86A01E9E784B100230122194620460093AA
S2140279C808F05CFDFF2811D12946204608F000FF82
S2140279D880F00100C0B2DBE70D4B1B689B07EAD4B8
S2140279E8284606F0FBFD0028E5D0D0E702A913F0EA
S2140279F80AFE0028E8D1DDF80D302B60DDF81130DC
S214027A086B60C4E70120C3E76C6800203C5900207D
S214027A18844C0020014B1870704700BFED7200209E
S214027A2810B5054C082221460448E8F721FE2046F0
S214027A3812F052FC10BD00BF6C68002034B608C0B5
S214027A48004870476C680020082208B50349F7F713
S214027A583FFEB0FA80F0400908BD00BF6C680020FF
S214027A68014B1870704700BFDA670020F7B50D465D
S214027A78044616461F460021284601F061FD0B4BB8
S214027A88002183F859402A463346204600970AF0D2
S214027A983FF9014630B10222204603B0BDE8F04065
S214027AA800F006B8012003B0F0BD00BF3C59002024
S214027AB813B513460C461AB1022A0CBF1346012305
S214027AC80021044A019100922246FEF71DFC02B0EC
S214027AD810BD00BF47A5030000B5002093B0FEF70F
S214027AE88FFB1E4B188813F0EDFE1D4B1D491A78A6
S214027AF800200AF091F9342200216846F7F79CFA2A
S214027B080B238DF800306FF4803301934FF6FE7323
S214027B18ADF8103003238DF81D30134B134A089323
S214027B28134B10680993134B51680D93124B6A4610
S214027B380E93124B0F93124B1093124B119302ABE8
S214027B4803C300210846FEF7F9FD6A460121002014
S214027B58FEF7F4FD13B05DF804FB00BF7E7200204A
S214027B68FC720020F8930400897F02006C680020EB
S214027B78E3A2030071AC0200318102009DBB020041
S214027B8847A50300A1A80200014B1878704700BF5A
S214027B9874680020014B1888704700BF9672002050
S214027BA82DE9F74F814610460E46904616F0B1FA72
S214027BB8DFF840B105469BF8003033B94A4B1B68DC
S214027BC81BB94A4B1B68002B7FD015F4406A05F098
S214027BD840071BD19FBBB5F5804F61D24FF4807426
S214027BE8B9F1400F73D0B9F1800F63D0B9F1100F15
S214027BF86BD100239BF800003D4AD9B2884264D96B
S214027C0832F8021B0133A142F7D166E008F10300FD
S214027C1816F07FFA4FF6FF73984214BF0124022427
S214027C2887B1052705F44043B3F5004F44F008042E
S214027C3825D0B5F5804F24D244F4807421E054460A
S214027C480327EFE7B5F5804F4FF00507F4D3BAF5EB
S214027C58406F14BF022008203844404416F059FAF0
S214027C68019012F01CFB019B05F4404598420CBF9C
S214027C7844F0080444F00404B5F5004F01D144F07A
S214027C888004BAF5006F0FD108EB070016F041FA28
S214027C98054612F0E7FAA842A2D144F010049FE77C
S214027CA8544603270220D7E7BAF5406F08BF44F0C8
S214027CB8200495E70C4B1B683BB10022D1B233F87F
S214027CC8110033F91110002903DA002008E0074BE7
S214027CD8F1E7A04202F10102F0D106B13480012098
S214027CE803B0BDE8F08F00BF145A0020185A0020CF
S214027CF8EC600020AD680020034B1A78022A04BF05
S214027D0809221A70704700BF756800200C22034BC0
S214027D181A211A700320002201F090BD756800200F
S214027D280C2208B5054B1A211A700022104601F0DB
S214027D3885FD0022024B1A6008BD00BF7568002048
S214027D48205A00200C2270B50D4B05461E781A7074
S214027D5830B93046BDE8704000221A2101F06EBDE7
S214027D68084B1C78E1B21A29F3D825FA04F3DB0784
S214027D7803D54422304601F061FD0134F2E700BF24
S214027D8875680020157300200C22024B1A7010F03A
S214027D98A3BD00BF75680020F0B50C8805460E46E0
S214027DA88BB0E4B94FF6FF77ADF8247010F0A9FD52
S214027DB810B902200BB0F0BDCDE90340CDE9054469
S214027DC8134A0294B2F85C306032019300923B4642
S214027DD84CF60101FF2009AA13F08FFD30802846D1
S214027DE812F086FB0B4C70B1237863B1013BDBB211
S214027DF82846237012F07CFB38B12078B0FA80F05F
S214027E084009C0B2D6E70523F2E70120F9E700BF2A
S214027E183C59002014730020034B11461B6803B11B
S214027E28184710F019B900BF205A00200C22024B3E
S214027E381A7008F039BF00BF756800200148FEF7BF
S214027E489BBE00BF9E6000207FB505460C461646C0
S214027E5815F0D8FF00286BD1062D03D85223EB4025
S214027E68DB071AD4B4F1006F05D3E30E1C3B032BD1
S214027E7818D94F202EE000222F4B1A602F4B1D7068
S214027E8812F0A4F903460A2D54D8DFE805F02D1897
S214027E983E49182518535341360002F0A3F8B4F1A8
S214027EA8006FE2D20022244B042D1A60234B1D7069
S214027EB8E6D1022001F0B6F912F088F9034601224B
S214027EC802921F4A01921F4A00921F4A31462046D2
S214027ED80AF078FA04B070BD314620461B4A04B050
S214027EE8BDE870400AF056BA31462046184B194A81
S214027EF804B0BDE870400AF031BA00220292164A6F
S214027F080192104A0092154AE0E702220B4B1A70B9
S214027F1800221046124904B0BDE87040FEF7BAB90E
S214027F28002202920F4A0192064A00920E4ACDE7B2
S214027F384D20CFE70120CDE7205A002075680020A3
S214027F484D7D0200897F020033A50300357E0200BC
S214027F58297D0200217E0200917D0200A17D020099
S214027F68017D0200157D0200F5A4030008B50AF09B
S214027F7859FA0C22014B00201A7008BD75680020B9
S214027F88F0B585B0ADF8060018B97621644815F044
S214027F98E2FFBDF8060011F0E4FE0446BDF806004E
S214027FA811F0DFFE082846D00C2CBDF8060042D198
S214027FB811F0C7FF074616F0ACF80DF10F0106469A
S214027FC8BDF8060010F0E6F8002879D0092200214C
S214027FD8384615F02DFC9DF80F301033C518BDF83D
S214027FE8060015F001FDEDB2854269D22946BDF8B4
S214027FF806000AF025FB06F44C4416F440660546CD
S21402800814D0F81C16F085F84FF6FF73984208BF8E
S21402801844F04004B6F5006F08D1781D16F079F8DA
S2140280284FF6FF73984208BF44F010049DF80F30CD
S2140280385BB3072D44D1BDF8060011F088FE04464E
S214028048BDF8060011F08DFE082817D0A30615D530
S21402805824F0200189B2BDF8060011F063FEBDF8CF
S214028068060011F06EFF0021092215F0E1FB00F16F
S214028078100189B20DF1060013F068FD0022BDF862
S2140280880610284816F0B3F81AE0082D16D8BDB11F
S214028098013D072D14D801A353F825F001810200EB
S2140280A80D810200C9800200CD800200C98002004C
S2140280B8198102003F8002001F8102007C2D24D015
S2140280C805B0F0BD24F48844A4B2B4F5084FF7D13D
S2140280D8BDF8060011F040FEBDF8061013F0F7FBD7
S2140280E80028A8D0BDF8060011F08EFE0022014630
S2140280F8022015F0D7FFE3E724F48064A4B2B4F5AF
S214028108484F97E7B4F54C4F94E7B4F54C4F92D0E6
S2140281184CF6500301E04CF640439C428AE700BF07
S214028128408404009C6000202DE9F7430F469046E1
S2140281389946064615F03CFC0446304615F054FCB3
S214028148C5B2083D2C44E178094BA2781970094B50
S21402815831461A70002043463A46CDF800900DF094
S21402816897FE003818BF012003B0BDE8F08300BFB1
S2140281788F6800208E6800202DE9F04FDFF84081D6
S214028188DFF8409198F8002099F8003006469A429F
S21402819885B004D340F21911424815F0DCFE304689
S2140281A80DF10F0115F0D8FD20B14FF48E713D4840
S2140281B815F0D1FE98F800709DF80F403D1B15F09B
S2140281C8FF0530D04FF0FF3C374B01211B78A1400A
S2140281D8184699F800304FF6FF790CFA03FC00238C
S2140281E8324A01F1FF3E0193C1F1000A9DF80430BC
S2140281F8984243D8122004FB00002D4BA0F112012E
S21402820805EBC5025200194404F101091844F6F7B1
S21402821865FF4FEA89092748A9F104010144AA0023
S2140282284844F6F75BFF224904EBC40201EB42031B
S21402823821F81260204A013712784FF6FF71DA7376
S2140282481A745A7412025A801C4A0D2012781A712D
S21402825810225A7100229A73C3F80620C3F80A201D
S214028268144B43F8242088F8007015F01BFF0EB94B
S21402827813F08CF9204605B0BDE8F08F13884B45FD
S2140282880AD053680AEA030B03EA0E030B4403EB0D
S2140282984B0343EA0C035360019B083201330193F4
S2140282A8A4E700BF53840400F9720020544A002051
S2140282B838600020504A00208F6800207668002028
S2140282C8E0670020F772002010B5074C2046FEF73C
S2140282D843FF04F06BFB02F0DDFE2046BDE81040CB
S2140282E84FF47A5115F050BCBC7000202DE9F041CD
S2140282F8074600250A4B0B4E93F80080ECB2A045C1
S21402830803D8FF242046BDE8F08108223846B11D6E
S214028318F7F7DEF901350028F4D01236EEE700BF8B
S214028328E06700203860002007B50DF1070115F058
S21402833813FD30B19DF80730034803EBC30300EB87
S214028348430003B05DF804FB386000202DE9F843CB
S214028358294E044633785D1E2D1A8342EDB204D8A0
S2140283684FF4A171254815F0F6FD0123A3404FF0FE
S214028378FF305F1E3B4400214FF6FF7E6FEA03087C
S2140283881F4A92F800C01F4A127890401E4ACBB283
S2140283989C4523D8BDB127B204EBC4041B4864002D
S2140283A805EBC50204F11201014452002044F6F717
S2140283B895FEBF001648AA00391D014402F0FC02C9
S2140283C83844F6F78BFE33780022013B33704FF6BB
S2140283D8FF71BDE8F8430E2015F064BE1388734596
S2140283E807D0536808EA03093B4003EB59030343E3
S2140283F8536008320131CAE7E0670020538404005C
S214028408F9720020F7720020544A002038600020D3
S214028418504A002010B50A4C207858B9094B1B78E8
S2140284281A2B03D99921084815F095FD0322074B04
S2140284381A7010BD0138C0B2FFF788FFECE700BF1C
S214028448E0670020F772002053840400DC670020EF
S2140284582DE9F047054615F03DFFFF28044624D1CE
S214028468DFF884901E4B99F800201B789A422BD28C
S2140284782846BDE8F047FFF77FBE38883B79504567
S21402848818D86F2B4FEA131214D85B0710D012377E
S21402849808F1010899F800105FFA88F6B142ECD89C
S2140284A80023104ADEB28E4214D32046BDE8F08777
S2140284B8022AECD913F0DBF90028E8D1294630461F
S2140284C8BDE8F04712F055B84FF000084FF6F77AB5
S2140284D8044FDFE7107901338F28EFD81232E1E72D
S2140284E8F772002038600020E06700204FF6F77326
S2140284F8984210B514D8FFF7ABFFFF2810D0134CDC
S21402850800B200EBC00004EB40040DF0D3FE1049A5
S21402851838B962880B7802EB0313A3EB1213638055
S21402852810BD227C637C09789A42E27323746174D4
S21402853807D98B4203D213468B4228BF0B461B022F
S214028548EDE78A42F8D31346F9E700BF3860002001
S2140285588F6800202DE9F04106460F4600240E4D8E
S214028568DFF8388098F80030A34201D8BDE8F081D9
S214028578082229463046F7F7ABF840B935F8063CE4
S214028588BB4204D02046FFF7E1FE013CE4B20134C8
S214028598E4B21235E6E700BF3E600020E06700203E
S2140285A8F8B5054608460E46FFF7A0FEFF2830D067
S2140285B81D4B294653F820703046FFF7CBFF284656
S2140285C8FFF746FFFF28044625D113F06BF9FF286C
S2140285D80AD1164C207838B10FF0BFFC2378B0FBCE
S2140285E8F3F202FB1300C0B2294611F0C2FF04469A
S2140285F823B20F4D03EBC30305EB430508223146AE
S214028608A81DF6F76BFD2B79204603F00F032B7196
S214028618F8BD0027D3E7074B1B78002B18BF0027A7
S214028628014B43F82070E3E7504A0020F772002017
S214028638386000201673002038B50B4B04461B78AA
S2140286480D46834204D840F25A21084815F083FCA6
S214028658074804EBC40400EB44002946BDE838404A
S21402866808220630F6F73ABDF77200205384040053
S2140286783860002070B5044608460E4615F02AFEF5
S214028688FF28054610D02046FFF730FEFF2807D001
S214028698084B1B7823B9084B53F8202043F82520AB
S2140286A821462846FFF7C8FF31462046BDE87040F7
S2140286B8FFF750BF16730020504A00202DE9F843F2
S2140286C80024804601272646114DDFF84C9099F87B
S2140286D80030A34210D83E430134E4B21A2C4FEAC3
S2140286E8470705F11205F2D14FF0FF30094B1B7808
S2140286F898403043BDE8F8832B884345EBD028469C
S21402870811F080FF0328E6D82B796F2BE3D8E3E72E
S21402871838600020F7720020E067002010B5084C89
S21402872800EBC00004EB400423795B0707D1204620
S21402873811F068FF237923F007031843207110BD50
S214028748386000200022084B1878084BD1B28842BD
S21402875803F1120300D8704713F80D1C013221F0FA
S214028768100103F80D1CF1E7E067002038600020CE
S2140287782DE9F04702261227DFF85C90DFF85C80C6
S21402878899F8004000250CE007FB05F338F803A02B
S2140287980021504611F04BFF10B15CB1013CE4B227
S2140287A8013599F80030EAB29342EDD8A34204D1D3
S2140287B84FF6FF7A5046BDE8F0870FF0CEFB99F8E1
S2140287C80030012EA3EB040390FBF3F202FB130026
S2140287D8C4B2EDD00126D5E7E06700203860002055
S2140287E8034B00211A7803489200F6F725BC00BF0F
S2140287F8F7720020504A002010B5134B0C461B781F
S21402880886B0834212D9114900EBC00001EB400141
S214028818082220460631F6F761FC00220821204687
S21402882811F0AEFC80F00100C0B206E0C01A01A941
S214028838C0B213F040F810B1002006B010BD01AB6C
S21402884803CB20606160E8E7F772002038600020FA
S21402885808B5074B024653F820308B4206D9152036
S2140288684FF6FF7115F01EFC002008BD0120FCE73C
S214028878504A0020024B013143F82010704700BFCF
S214028888504A00202DE9F34781460C4600272A4E17
S214028898DFF8ACA09AF80030FDB2AB4210D86946B1
S2140288A8204613F021F8C0B3082269464846F6F770
S2140288B80FFF90B34946204612F05FF9FE2537E0CF
S2140288C806F10608082241464846F6F701FF90B91F
S2140288D84FF6FF739C422BD03388A34228D02046FB
S2140288E815F009FDFF2814D14946204602B0BDE816
S2140288F8F047FFF755BE14B912360137CAE7338870
S214028908A342F9D100220821404611F039FC00287A
S214028918F2D12846FFF71AFDCCE74946002015F0A3
S214028928E8FCFF28054603D0044B1B780344DDB257
S214028938284602B0BDE8F08738600020F7720020AB
S214028948E06700200F4B1B7883420CD8C01A0E4AE9
S214028958C0B232F81030D90411D443F4805322F846
S214028968103001207047094B00EBC00003EB4003B0
S2140289785A79D10603D442F010025A71F1E7002060
S214028988704700BFF77200206C6000203860002035
S214028998F0B5134B06461B78FBB100251148DFF8E5
S2140289A84CC090F800E0104807781F44E8B28645A5
S2140289B801D80020F0BD7C1B94FBF3F003FB1044A7
S2140289C80CEBC4003CF83440B44204D1002AF1D17E
S2140289D884788C42EED00135E8E71846EAE700BF0D
S2140289E8F9720020704C0020DE670020544A0020EE
S2140289F870B50CF0B3FD14250F49104E0B7832886B
S214028A0830809B1A03449BB2B3FBF5F405FB143380
S214028A180B700B49E2B20B78934292BF00239B1A63
S214028A28DBB2032A0B7088BF002306499EBFD2001A
S214028A380B68D3400B6070BD78680020A0600020E9
S214028A48DD670020704C0020084B1868084BC2B23D
S214028A581B789A4208D2074BC0F307201B78984225
S214028A6834BF00200120704701207047704C002058
S214028A78F972002077680020F8B505461746FFF712
S214028A88E3FF064610B9184B1A783AB92120012294
S214028A984FF6FF7115F006FB0020F8BD1348DFF805
S214028AA854C003780133B3FBF2F402FB14330370A9
S214028AB80F48DCF8002000EBC30420F8335002F11C
S214028AC80132A1703846CCF80020FFF7F7FDE670B1
S214028AD8606011F0C7FBA84201D10120DDE7E37808
S214028AE80133E370F9E700BFF9720020DE67002061
S214028AF8544A0020704C002010B50B4C0B4A2378C1
S214028B08063B13700CF02AFD0022094BFF21188041
S214028B18084B09481A602278D200F6F78DFA042222
S214028B28064B1A7010BD00BFF97200207768002045
S214028B38A0600020704C0020544A0020DD67002008
S214028B482DE9F843074615F0FFF905461A4815F0C9
S214028B5876FB1A4B48B31C683C1B2C44A4B2002272
S214028B68174BDFF864901B78164D99F8006005EBF2
S214028B7803155FFA82F8464509D9AB8805F1100055
S214028B88A34215D9B21A29461201F6F7A7FA0136F0
S214028B9889F80060AC80B8F1000F03D13946064860
S214028BA814F0F2FF2846BDE8F8833C461D60D6E777
S214028BB805460132DDE700BFDC700020245A00209B
S214028BC87A680020504900207B6800202DE9F74F7C
S214028BD815F0BAF94FF0000E284D294F2978294C7E
S214028BE897F800A004EB011303EB0A120092F3466F
S214028BF85246DFF898801FFA80FC0646B8F800004E
S214028C08ACEB0009A0EB0C001FFA89F9019000985A
S214028C18984217D1BEF1000F00D02970524503D2F0
S214028C2800203A70FDF7DEFA3B7823B32B78164815
S214028C3804EB0314A188C8F8006003B0BDE8F04F3F
S214028C4814F0A2BFB3F804C0CC450FD84FF0010EFB
S214028C5893F802C001310CF1FF3C013AA3F804B0C4
S214028C6883F802C0C9B2D2B21033D0E7019884445E
S214028C78A3F804C0F8E703B0BDE8F08F7A680020CE
S214028C887B68002050490020DC700020245A00200F
S214028C987FB56C461E4B1F4D1E78013EF6B21E70FF
S214028CA895E80F0084E80F001B4B28461A7805F152
S214028CB8100132441201F6F711FA9DF8026016F016
S214028CC80F0511D1BDF8080009F02CFE360918BFA9
S214028CD829464FF00002BDF8000008BF039904B009
S214028CE8BDE8704002F022BDBDF80400FFF728FF79
S214028CF80346828804ADADF80420224603CAAA4277
S214028D0818605960144603F10803F6D104B070BD22
S214028D187A680020504900207B680020F8B50024B5
S214028D28084D094F094E3B783178E2B20B449A4215
S214028D3804F1010400DBF8BD2846FDF71DFF1035D7
S214028D48F1E700BF504900207B6800207A680020BF
S214028D5870B5134B06460D46104612491A78124B42
S214028D6809781B780B44934206DB1F204FF6FF71E7
S214028D7815F098F9002070BDFFF7E2FE013506806F
S214028D888570044615F0DBF8E08009F0D1FD40F660
S214028D9802432081E3600020FDF724FA0120EAE777
S214028DA8F67200207B6800207A6800202DE9F843D6
S214028DB886460023144FDFF85C803E7898F8005009
S214028DC812497219DCB294421CDA4FEA041C31F8D2
S214028DD80C900133F14501EB0410F3D1631CD21A4F
S214028DE80CF1100C12016144F6F778F9A5428BBF14
S214028DF805F1FF3506F1FF3688F800503E700CB9CB
S214028E08034B1C70BDE8F8837B680020504900209D
S214028E18796800207A680020044B054A1B78127885
S214028E28D3420CBF01200020704700BF7A6800209A
S214028E387B680020024B1878003818BF012070475C
S214028E487A680020002108B5084B09481970094BB2
S214028E581970094B1970094B1A781201F6F7ECF8D3
S214028E68BDE808400648FEF777B900BF7B680020D1
S214028E78504900207A68002079680020F67200209F
S214028E88DC70002010B50B4C23784BB10A4802F070
S214028E983BFD58B1084B0121188811F0D5FA08B9DC
S214028EA8002010BD0122054B1A70FAE7FFF7F0FE04
S214028EB8EAE700BF7A680020504900207968002057
S214028EC810B50E4B1B78BBB10D4C238883424FF06E
S214028ED8000311D10B4AE160137049B9A378103325
S214028EE8A37011F07BFD18B9A37823F00F03A370C3
S214028EF8FFF7CEFE012010BD1846FCE77A68002070
S214028F08504900207968002070B592B00C46064693
S214028F180FF020F8E17A05460020FCF733FE28B366
S214028F2894F90A0011F037F910BB134BE27A294676
S214028F3883F85820A27A83F85A206A46FDF748F939
S214028F484FF6FE739E420CBF4FF6FF7323896A469E
S214028F5829460020ADF80660ADF80430FDF7EEFBB2
S214028F6840B92289054B5A8012B070BD5520FBE7DE
S214028F785620F9E72120F7E73C590020285A002016
S214028F8810B50446014608220948F6F7A7F8237BD7
S214028F98022B0AD8002B14BF3122012205490B7076
S214028FA817234B61044B1A7010BD00230122F5E704
S214028FB82C5A0020285A0020E66700200146102373
S214028FC80120014AFEF742B964EE0100014B5861DE
S214028FD8704700BF285A0020014B1878704700BF18
S214028FE8285A002010B5054C2378112B03D0E2210D
S214028FF8034814F0B0FF4123237010BDE667002033
S2140290085E840400064B01461B78042B04D1054AED
S214029018137E053313767047034814F0B5BD00BFB8
S214029028E7670020285A0020FC70002008B506488A
S214029038FDF7A2FD0548FDF79FFD0FF0B7F8BDE85E
S214029048084000F0EBBF00BF9C600020CE60002006
S214029058064B1878332806D000F0EF00A0F1430339
S2140290685842584170470120704700BFE667002003
S214029078002208B5074B4FF6FE701A7011F0FEF87C
S2140290884FF6FF7011F017F9034B5869BDE8084010
S2140290980FF022B8E6670020285A002008B5064BCB
S2140290A8187838B10548FEF743F84FF47A73B0FBE0
S2140290B8F3F0C0B208BD00BFDB670020304C0020CA
S2140290C82DE9F0438BB00746154698460E469DF89E
S2140290D8489049B9104605AC15F00DF9214612F02C
S2140290E8EAFB172818BF2646B9F1000F0AD1124B19
S2140290F81B781BB9284612F0FBFBD0B92846FEF7A8
S214029108A1FA02E0284612F0F3FB80F00104E4B26A
S2140291189DF850302A4602939DF84C303146CDE9E8
S214029128009338464346039411F0D2FA0BB0BDE8D2
S214029138F0834C46ECE700BFE26700200022014BB2
S2140291481A767047285A002008B50020FEF788FCD1
S2140291580023024AC2E90133538008BD285A002078
S21402916810B5144B1B78033B012B16D8124BB3F8D9
S21402917868204FF6FF739A420FD10320FEF7E6F8EF
S21402918801F052FFFFF7E0FF002014F007FB78B16A
S214029198BDE81040002010F0E2BEFEF7C7F804460D
S2140291A8FEF7BEF80146204607F01AF80220E5E761
S2140291B810BD00BFE76700203C59002008B5114AD9
S2140291C8114B58611378032B1BD0D3B1332B01D024
S2140291D8432B10D10D4B1B78033B012B05D80323D9
S2140291E81370BDE808400EF077BF0EF075FFBDE8B5
S2140291F80840FFF7B5BF21231370BDE8084001F009
S2140292087DBD08BDE6670020285A0020E7670020D3
S21402921808B50348FDF7A0FFFFF796FF022008BD32
S214029228304C002038B5114D04462B78834218BFBF
S21402923828700FF05EFB80B124B920460FF05BFB66
S21402924802220DE001200FF056FB2B781A1F012A86
S21402925805D9062BF4D1032202E0002CF5D101220F
S214029268BDE838400021084611F072B9E7670020C9
S21402927830B5044685B068460D46FFF79FFE94B1A2
S21402928800212846144A01F0F3FE144B20681B7886
S21402929861688DF80430124B1B788DF8053002ABE6
S2140292A803C305F071F90F4B93F8582093F85A3018
S2140292B88DF803208DF8023010F0F1FFADF80000AB
S2140292C810F0D0FF1023ADF8060069460020064AC3
S2140292D8FDF7BCFF05B030BD00F8FF07ED720020B1
S2140292E8E76700203C59002064EE010010B5104BD9
S2140292F804461A780F4B002083F8582014F04EFACA
S21402930810B1002010F02BFE00210846FFF7B0FF30
S2140293180FF0E1FA2046FDF749FA40F617400EF03C
S214029328DBFE0023044A1380044A138010BD00BFE4
S2140293387C6800203C59002076600020746000207B
S2140293481FB504466846FFF739FE54B100238DF868
S2140293580530102369460020064AFDF777FF04B059
S21402936810BD10F07FFFADF8060010F098FFADF8BC
S2140293780000EEE764EE010010B501460446002040
S214029388FCF700FC90B10C4B1B78023B032B0FD862
S2140293980A4B1C7014F036FD60B9094A0949FCF7F5
S2140293A879FF003818BF0120800010BD5520FCE761
S2140293B80220FAE74D20F8E7E66700207C680020DE
S2140293C845BC0200F5920200F8B5064614F01AFDEE
S2140293D8044668B914F0E2F950B1064D204695F8ED
S2140293E8587085F8586010F0BAFD10B185F85870B4
S2140293F84D20F8BD3C5900202DE9F041804618461C
S214029408033B012B0E46174602D918B1212438E031
S214029418FFF708FF274B1D78022D08D0032D46D1EB
S214029428B8F1000F03D1244B1B689B073FD43320A7
S214029438FDF78CFF01F096FAB6F1006F34BF1F4BAA
S214029448052231464FF0060038BF1A78FEF7FCFCB4
S214029458044628BB1A4D2873012000F017FE10F0A8
S2140294681EFF68802846B8F1000F0DD0022300F8C8
S214029478043B11F080F96C732F61394630460EF0C2
S2140294886FFD2046BDE8F081012300F8043B11F089
S21402949872F96C732F61394630460EF060FDF0E7BC
S2140294A82846FDF753FFB8F1000FF4D0E5E702248B
S2140294B8E7E700BFE6670020844C00201773002009
S2140294C8285A0020034B187818B9034B034A1B780E
S2140294D8D05C7047E5670020E7670020E4E80400F0
S2140294E838B5437B0446DB0703D590F909000FF02D
S2140294F8F1F900250F4B83F859502079FFF764FFDE
S214029508FFF7E0FF61882488034622462846FEF7CE
S214029518ADFA044620B11720FFF750FE204638BDA4
S2140295281723054DC82105486B6114F02DFB03234C
S2140295382B76F3E73C590020285A0020FC700020BE
S214029548F0B51A4D06460C4693B0A5F8680005F124
S2140295586A0729BBC5F86A1079600EF0FBFC6A46F2
S21402956801460020FCF734FED5F86A30ADF81060E4
S214029578CDF812307B68CDF816300EF0EBFC6A4652
S21402958801460020FDF7DAF84FF6FF73B5F86800D3
S214029598984203D014B106490EF0E5FC13B0F0BDAC
S2140295A808223846F5F79AFDD7E700BF3C5900204F
S2140295B8A65900202DE9F041DFF8B8801F4698F832
S2140295C8003005460C4616461BB102252846BDE85D
S2140295D8F081531E052BF8D814F014FC0028F4D199
S2140295E83B7B032B14D14FF6FE739C4212D1012EFD
S2140295F809D0022EE9D110F035FE4FF6FB739842D9
S21402960803D810F02FFE044604E011F086FAFAE7B3
S214029618012EDAD0EDB939462046FFF775FC054625
S2140296280028D3D198F80030332B03D0532B1CBF15
S2140296380E4B18613046FFF7F5FD00214FF6FF7016
S214029648FFF77EFF0A4B1B78002BBFD012F036F9C5
S214029658BCE7397B721ECB1E5942594150425041D3
S21402966805F07CFF05460028D5D0AFE7285A00202B
S21402967818730020E66700202DE9F04105460F46DC
S214029688904610F0EFFD6B7B0446DB0703D595F991
S21402969809000FF01FF910F0E5FD384B384E188018
S2140296A810F0FDFD374B1880FDF73AFE364B188052
S2140296B8FDF73CFE082201463448F5F70FFD10F088
S2140296C893FD334B18702879FFF77EFE00216888D1
S2140296D8FFF736FFFDF726FF60B14FF6F672631EF8
S2140296E89BB2934206D911F018FAB6F868300446C7
S2140296F88342F8D0204610F0C1FD288810F0DBFD22
S2140297084146B6F86800B847044628B91920FFF754
S21402971855FD1920BDE8F081B6F8681010F05BFB1D
S21402972800231C4D86F859302B7803F0FB03022BD6
S21402973802D0204610F0BCFF002220461146FFF752
S21402974807FB0446B0B117236B61134B1B78042B37
S21402975809D1C821114814F017FA03232B7684F08E
S2140297680100C0B2D6E74FF416710C4814F00CFA92
S2140297780023F3E71720FFF721FDF0E7A660002095
S2140297883C590020A4600020A26000207D680020CA
S21402979885680020285A0020E7670020FC70002011
S2140297A8F0B50C461E460B462049074689B004F11A
S2140297B8140053F8045B834241F8045BF9D11B8812
S2140297C802AD0B80D4F80E00D4F81210238803C515
S2140297D8ADF8103023798DF812208DF81330002357
S2140297E83A468DF814304FF6FE71012002ABFFF7A9
S2140297F8E1FEC8B902A8FFF7C3FB237B4BB10C4DA9
S2140298080C4B01AA2946012001930FF041F82A7849
S2140298181AB92046FFF764FE03E020460199FFF7CF
S2140298282BFF08B9044B1E7009B0F0BDA8600020D3
S214029838285A002095A703008668002001232DE9F0
S214029848F341304E05460F4600202F4914467373DF
S21402985800F0EAFB0FF040F8DFF8AC8038B9012DCB
S21402986801D9042D0FD1214638460EF0F9FB1020F7
S214029878002112F03BF800283CD0002002B0BDE8D8
S214029888F041FCF7AFBC002CF1D1204B1B78212B02
S21402989803D0062B01D0532B02D101F02FFAE6E7AC
S2140298A8FDF740FE0028E2D000F0EAFB28B9307B3C
S2140298B8C0F11800FFF782FCD9E7154B414620464F
S2140298C8019300F0B1FB20B140F61901114814F0DB
S2140298D842FB01AA0B4998F80C000EF0D9FF327821
S2140298E81AB90948FFF7FCFDC1E701990648FFF7D0
S2140298F8C3FEBCE7FFF79EFA0028BED102B0BDE859
S214029908F08100BF285A0020A8600020E6670020E1
S21402991895A703005E8404001FB5144B04461B88F3
S214029928DB0707D44FF6FF700021FFF709FE002079
S21402993804B010BD0A230E4A012001A9FDF786FCD1
S2140299484FF6FF73BDF80C209A42EBD00822FF218F
S21402995801A810F015FC0028E4D10CB90120E7E7AD
S214029968BDF80C0001A9FFF7EBFDF7E7C060002081
S21402997826E1010038B50C46154610F07FFC02F0C9
S21402998853FF29462046FFF7DBFD00F079FB48B176
S214029998054BDB790E2B28BF0E230133DBB2034AB5
S2140299A8137038BD0123FAE7A860002092680020E9
S2140299B838B51D46FFF7FEFD0446C8B92B7B284678
S2140299C8032B03D1BDE8384010F0F4BEFFF7D8FAEF
S2140299D8084B25469C8110F007FC0121064B814066
S2140299E81A780620FEF730FA044608B1034B1D70B3
S2140299F8204638BD285A002017730020E667002044
S214029A0830B5012087B0FFF787FF6B460446144A35
S214029A181068516803C384B904F0C4FD02A8FFF7AE
S214029A28CDFA4FF6FF752246BDF80E002946FFF717
S214029A38A1FF0EF09CFA07B030BD6B46094AD2F871
S214029A486A00D2F86E10B2F8685003C304F0AAFD92
S214029A5802A8FFF7B3FA6A46BDF80E00E6E700BFAB
S214029A68F20C04003C59002037B5324B04461B78EA
S214029A781BB10224204603B030BD14F0C3F90028F7
S214029A88F7D100F00DFB14B122882B4B1A80002167
S214029A980DF10700FDF7D0FC002848D110F05CFE57
S214029AA804460028E6D1254D9DF80700FFF7BAFBC5
S214029AB82B78033B012B27D82046FFF72DFF18B338
S214029AC8FFF79EFF00F0FCFEFFF74AFB012010F0AE
S214029AD855FB48B9184B1B889A0707D52346052213
S214029AE801201749FFF788FC0446C3E7154D0223F1
S214029AF829460120144AFDF7A9FB2B885B07B9D52E
S214029B08204600F0F1FEB5E72B78053B012BB1D8CD
S214029B18FFF776FFFFF724FB2B78052B0CBF0420F4
S214029B280520FDF713FC012010F028FBDCE71724BC
S214029B38A0E700BFE6670020C0600020E7670020B5
S214029B4800F8FF077260002027E101007FB50024B5
S214029B58184E194D3278E3B29A4201D804B070BD55
S214029B684FF6FF73B5F868209A421AD0134B1B8833
S214029B78DB0714D5124AB5F8683010685168ADF894
S214029B880C3001AB03C30F4A0A23002001A9FDF7D4
S214029B985DFB022300200C4A0C49FDF757FB0134F3
S214029BA8D8E700220821064810F0EAFA0028F6D17B
S214029BB8DCE700BFF87200203C590020C060002095
S214029BC8A659002026E1010027E101007260002064
S214029BD810B500F0C7FE01F013FCD8B10E48FDF729
S214029BE8BBFA0E480E4C017A0E30FFF741FB23787B
S214029BF81BB100F0F7F9002323700022094B1A73F1
S214029C08FFF7AEFA07F0B8F900F012FFBDE8104009
S214029C18FFF79CBF10BD00BFFC700020A8600020A4
S214029C2886680020285A002010B52548FDF794FAC1
S214029C3801F0E6FB30B1234B1B781BB9BDE8104098
S214029C48FFF7C6BF01F0DCFB78B11F4C237E83B159
S214029C58C8211B4813F098FF0021237E0846013BC3
S214029C682376BDE81040FCF72BBBFDF75BFC00280B
S214029C78EBD1FDF757FC154B1B7858B9112B03D0BF
S214029C8803F0FD03412B19D1BDE810400E4B58696D
S214029C98FFF794BA332BF7D10D4B188810F0EEFA6B
S214029CA80C4B188810F007FB0B4B0C491888FFF76B
S214029CB847FC0B4B1878FFF787FBE5E710BD00BF9C
S214029CC8FC700020E2670020285A0020E667002081
S214029CD8A6600020A4600020A26000207D68002004
S214029CE8856800202DE9F04F0F4685B002AD044680
S214029CF829463846914612F08BF84FF0000B8246FA
S214029D083846CDF804B010F01CF94678022C804686
S214029D1806F0020609D85CB1FDF704FC04460028E2
S214029D2848D1754B01241B7865E0043C022C3AD9CD
S214029D38FDF7F8FB384610F07DF800240546A046E5
S214029D48DFF8D8A1384610F0FCF850F809300DF1C3
S214029D580500019314F0DDF99DF807B00746B8F13F
S214029D68000F4DD1BBF1000F5BD0DFF88C9199F84C
S214029D7800300BB1002E63D0002C61D05F4B1B78ED
S214029D88022B5DD1BBF1000F53D1384610F076FA9C
S214029D9858465946FFF76CFA07F0EEF840F60740C1
S214029DA80EF09AF934E010F0CBFCFDF7BBFB044644
S214029DB8F8B15C464EB1524B1B78012B02D0043BDD
S214029DC8012B0BD805B0BDE8F08F4B4B1B782BB197
S214029DD84B4B1B7803F0FB03022BF3D0BAF1000FB0
S214029DE8404608BF002512F006F84FF001088246E2
S214029DF8A8E7414B1B78002BF0D0002EEED1E1E706
S214029E08BAF1000FAED05046FDF71EFE0028A9D1C3
S214029E18002013F0C3FC0028D4D0002010F09FF8CE
S214029E28D0E74FF6F7739F429FD91720FFF7C6F978
S214029E38EEE7FDF777FB48B13248FDF78DF9F4E710
S214029E48FDF770FB10B1BBF1000FF5D1FDF76AFB09
S214029E580028DDD02846FEF749FAFF28DFF89CA03E
S214029E68294C03D09AF80030012B04D12946B4F8BD
S214029E786800FEF795FBFEF751FC2A463846B4F80A
S214029E886810FFF777FD214B214A93F906301B022B
S214029E9813809AF80030012B19D0312B14BF4323B4
S214029EA811238AF800301B4B1648196813F06CFE0B
S214029EB800F006FD0023124C99F80010237641B9EB
S214029EC8104813F061FE40F61B436361A0E71123B6
S214029ED8E7E7B8F1000F03D016B1FFF779FEF2E70D
S214029EE80D4B1B78042BEED10521064813F04CFEC9
S214029EF809232376E7E700BFE2670020E66700202B
S214029F08285A0020FC7000203C590020A860002037
S214029F18BE6000201C710020E76700206C680020E5
S214029F2870B508468CB00D4610F00BF809220021D1
S214029F38064613F07DFC044628460FF07BFF0522F2
S214029F4828460DF10F0304A90EF018F902281BD0B3
S214029F589DF80F3029461C440023E4B204F110028F
S214029F68365D01200093D2B20BF092FF60B1022E4A
S214029F780AD1064B1B78012B06D1054B187818B95F
S214029F8822462946FFF7AEFE0CB070BDE6670020F3
S214029F98285A002008B5084B187050B1074B1B8882
S214029FA83BB14FF47A710648594313F0EDFD002091
S214029FB808BD0120FCE700BFD96700209872002080
S214029FC8504B0020014B18800020704798720020E2
S214029FD808B5FDF7C1F80022014B1A7008BD00BF8C
S214029FE8D967002010B50024044B05481C80054B91
S214029FF81C70FDF7B1F8204610BD00BFC2600020F5
S21402A008207100208768002008B50348FDF7A4F8E9
S21402A018BDE80840FFF7E6BF207100200148FCF7BC
S21402A028ABBD00BFC2600020F7B5134B04461B78D1
S21402A0380E46EBB183421DD90021104814F0D1F820
S21402A048002501460D4F09B9012009E0AC4209D1A5
S21402A0580024162322463046009414F057F9204668
S21402A06803B0F0BD384614F0E0F801350146EAE7D9
S21402A0781820F5E72720F3E787680020C26000204B
S21402A088014B1878704700BF8768002025289DBFB7
S21402A098024B187000202120704700BF1973002059
S21402A0A8012307B51846064A0DF10701FDF7CEF853
S21402A0B89DF80720034B1A7003B05DF804FB00BF37
S21402A0C829E101009A72002084B010B502AC84E837
S21402A0D80F00082224480DF11601089CF5F7F8FA35
S21402A0E838BB9DF815309B0705D4204B1B7803F028
S21402A0F8FD03312B23D11E496378097803F00F023A
S21402A1088A4203D0012928D1022A18D12278B2B964
S21402A1181B09022B13D194F90230002B21DB154BB5
S21402A128B3F86820BDF80A309A4208D1FEF790FFC5
S21402A13806E0002208210C4810F022F820B9002078
S21402A148BDE8104004B070470B4BBDF808205B888A
S21402A1589A42C6D0002BC4D0F1E70229EFD1012AD1
S21402A168D3E70120ECE700BF2C5A0020E667002060
S21402A178ED7200203C590020285A002084B02DE9B0
S21402A188F0478EB016AC84E80F00DFF868C1564B6D
S21402A198BCF802009DF85D9010F001049DF962205B
S21402A1A8BDF870E09DF875A09DF976709DF8785018
S21402A1B89DF97A109DF95E809DF860601B782FD015
S21402A1C89DF87D00C0F34004C0F38000002B44D005
S21402A1D8464B1B78012B02D1002C00F08280C0B1BE
S21402A1E89CF800301E335BB2BB42ACBF0027012787
S21402A1F89845D4BF00230123BB4209D18A4208DB13
S21402A2080CD1A81BC0B280288CBF0020012000E019
S21402A21838460EB0BDE8F04704B070470020F8E7AD
S21402A22810F0020F18D0C3B1490814BF012000204D
S21402A238520814BF012300238342EAD1AB1BDBB2C8
S21402A248802B0AD9AE42E9D1B84506DB49D1CA45C0
S21402A25894BF00200120DCE70BB90120D9E7AE4203
S21402A26816D002AC1CAF0FCF0FC497E8030044F811
S21402A278040B2180DDE91A0116AB0090ADF8041034
S21402A2880FCB0EF0FEFA0028E7D1AE42B9D1C0E7EE
S21402A298BDF8583073451ED008AC0DF1700CBCE8FA
S21402A2A80F000FC49CE8030044F8040B2180104CEE
S21402A2B8638873450FD10822211D0DF12E00F5F78C
S21402A2C807FA024638B90821201D0FF059FF10B9BF
S21402A2D86388002BC1D1B845BFDBC2D1CA45BCD8FA
S21402A2E8BFE7204695E700BF87680020E66700209C
S21402A2F8285A00209A72002084B02DE9F04F8FB0B9
S21402A3086A4E18AC08AD84E80F00162200212846CB
S21402A318F4F792FE33783BB90024654B32781B7803
S21402A3289A4239D2002726E00021624813F059FFE4
S21402A33800270446B846DFF87C91002C45D13FB189
S21402A348224639465B480FF07FFE3378013B33706E
S21402A3583378002BE0D0002156484FF0000913F05E
S21402A36840FF4F468046CA46DFF848B1B8F1000FAC
S21402A3786CD1002FD1D01621002218A80FF0FCFDB0
S21402A388014648B1002F00F08B80224649480FF05C
S21402A39813FE337801333370454B32781B789A4272
S21402A3A807D94448002201880FF04EFE3378013B55
S21402A3B833703378012B03D13F49404813F0E4FB4E
S21402A3C80FB0BDE8F04F04B07047002221461623AE
S21402A3D82846CDF8008013F099FF1622294618A8B9
S21402A3E8F5F776F90028EBD09DF864209DF824301E
S21402A3F89A4225D1BDF86020BDF820309A421FD176
S21402A40808220DF12E010DF16E00F5F761F9B8B9C3
S21402A41802AF0DF1600CBCE80F000FC79CE8030002
S21402A42847F8040B39800EAB13E903000090ADF829
S21402A438041095E80F00FFF7A1FE0028C0D02746B3
S21402A4482146484613F0F1FE044676E71623002214
S21402A45841462846CDF800A013F058FF02AF0DF18A
S21402A468600CBCE80F000FC79CE8030047F8040B13
S21402A47839800EAB13E903000090ADF8041095E896
S21402A4880F00FFF77BFE074620B1B9F1000F04BFA5
S21402A498444681464146584613F0C7FE804665E75D
S21402A4A83A46044813F0A3FE73E700BF8768002005
S21402A4B819730020C260002020BF0200207100200D
S21402A4C82DE9F04F002104469FB00DF140081622F0
S21402A4D840460E91CDE90C11CDF83B10F4F7ACFDD1
S21402A4E8052220460DF11F0316A90DF047FE022885
S21402A4F8074600F0F28020460FF023FD064613F0CA
S21402A50808FE8146F01C13F004FEADF84000701DEC
S21402A51813F0FFFD012FADF84200204640F0E08020
S21402A5280FF00FFD0546204613F042FA0D350223BA
S21402A5382D1A0093214643460820EAB20BF0A8FCDF
S21402A548002800F0CA8020460FF000FD012F83463F
S21402A5589DF84D3040F0DC8000252F4643F001037D
S21402A5688DF84D3016AE3388022B4DD1F178204641
S21402A578023108F065F81B2846D1F17820460331E7
S21402A58808F05EF819283FD1F1782046043108F021
S21402A59857F84A2838D14FF0050AF1782046013193
S21402A5A8514408F04DF8F17805905144204608F0D9
S21402A5B847F8059B00EB032083B200F03F02932B7B
S21402A5C8059240F095800023F778214602375744D3
S21402A5D8FFB23A4600930CA80F2313F097FE07F132
S21402A5E80F01204611F0EDFA07F111010546204643
S21402A5F811F0E7FAADF84200059B023353445FFABE
S21402A60883FA33795345C8D806360DF17603B34232
S21402A618A9D19DF84D20C5F3C03363F34102204605
S21402A6288DF84D200FF024FC8DF8440020460FF0DC
S21402A63814FC8DF8450020460FF014FC9DF83230C5
S21402A648BBF1190FC3F3C3028DF84720DDF8332098
S21402A6588DF84600CDF84E20DDF83720CDF852208A
S21402A66894BF00229DF83E208DF8482003F003028E
S21402A6788DF84A209DF84D20DB0963F38202694B68
S21402A6888DF84D201B78022B56D1BDF840600FF08E
S21402A69806FE864250D108A810F06DF8BBF1190FD5
S21402A6A847D908220DF14E0108A8F5F711F8002837
S21402A6B83CD1B9F5004F02D0B9F5624F0DD140F63C
S21402A6C8FF7325F440459D4207D1002208210DF16B
S21402A6D84E000FF055FD00283ED01FB0BDE8F08FA3
S21402A6E80FF02FFC0546204613F062F907351EE7E1
S21402A6F8412B81D1F17820460231514407F0A0FF60
S21402A708494B1B78C3F1B30318448DF8490073E725
S21402A7186FF30003F01D8DF84D3013F0FAFC0CA908
S21402A7280546204610F079F80B2772E700F058FD28
S21402A738BFE700F055FDD0E7B9F5004F02D0B9F5EE
S21402A748624FCAD140F6FF7325F440459D42C4D1F4
S21402A758BBF1190FC1D9B8E7BBF11A0F06D007F13A
S21402A7681F0142462046C9B20EF091F82F4C304DD2
S21402A778637BDBB12B78012B1DD1012323730CAB32
S21402A788029314AC94E803000090ADF8041098E81D
S21402A7980F00FFF799FC90B194E803000090ADF81B
S21402A7A8041098E80F00FFF7A7FD08E0FCF7BAFECA
S21402A7B80028DFD0E1E703F0FD03042BDDD02B7879
S21402A7C8012B01D0042B88D11A4BDDF84E001B78DA
S21402A7D8DDF852108DF82230BDF84030ADF8203042
S21402A7E89DF84D30C3F340038DF823309DF8313081
S21402A7F803F00F038DF82C309DF848308DF82D3075
S21402A80809AB03C30C4B1B681BB1414608A8984703
S21402A81863E79DF946209DF8451008A80DF01EFC32
S21402A8285BE700BFE66700208E680020285A0020F3
S21402A838756800208D6800201C5A002010B513F099
S21402A84883FB114B1B78022B1CD1104A1468A042BA
S21402A85818D00F4910600A68121B10440D4A086087
S21402A86812786AB1013A93403C2253434FF47A7203
S21402A8785343984206D9BDE810400320FCF766BD4C
S21402A8880A23F3E710BD00BFE66700207C4C0020D1
S21402A898784C0020E9720020064B1B88DB0708D597
S21402A8A80022054B43F82020044A135C63F00F038A
S21402A8B813547047C4600020CC4A0020AB670020BF
S21402A8C808B513F041FB0022024B1860024B1A60CF
S21402A8D808BD00BF7C4C0020784C0020014B18684D
S21402A8E8704700BF784C002008B50C48FCF734FCCB
S21402A8F8FCF772FD80B10A4B0322B3F868100120F8
S21402A9080DF0E5FF4FF47A71064B04481B8859434D
S21402A918BDE8084013F038B908BD00BF40710020F2
S21402A9283C5900207C720020014B1880002070479A
S21402A9389E720020044A054B1870138823F00303FE
S21402A9481843108000207047C4600020EA72002076
S21402A958034B1888C0F30E00003818BF0120704752
S21402A9687260002008B5FFF7F3FF30B100200449F3
S21402A9780223044A0880FCF769FC002008BD00BFD1
S21402A9887260002027E10100024B1888C0F30E000F
S21402A998704700BF726000200023084A0120137027
S21402A9A8074A08491370084B084A1B7843F0040301
S21402A9B813800223064AFCF749BC00BF8A680020B7
S21402A9C88968002072600020EA720020C4600020B5
S21402A9D827E1010030B5012100240B2385B0104D74
S21402A9E8019400918DF80C308DF80D000323B5F80C
S21402A9F8680003AA8DF80E4011F09CF968B1B5F804
S21402AA0868100FF0C7FF40B10522064B64211A7082
S21402AA18054B06481C7013F0B7F805B030BD00BFEA
S21402AA283C590020896800208A680020607100204E
S21402AA38064B1B78033B012B06D8054B1B781BB924
S21402AA48044B1878FFF7C6BF704700BFE7670020B9
S21402AA5888680020E972002010B51548FCF77CFBD0
S21402AA68144B1978F9B9144A13787BB1013B137061
S21402AA78124B1B78042B02D10846FBF721FCBDE8D3
S21402AA8810404FF496710A4813F07EB80C4A1288A2
S21402AA9802F00302022A0AD1BDE81040032201206E
S21402AAA80849FEF7A9BCBDE81040FFF7C1BF10BDB4
S21402AAB8607100208A68002089680020E767002005
S21402AAC87260002000F8FF07084B1A785AB1022372
S21402AAD8013A93404EF66022534303210448B3FBDF
S21402AAE8F1F113F051B842F21073F6E7E97200205A
S21402AAF86071002070B505461748FCF72DFB012249
S21402AB08164B28461A7011F039F9411C044689B2C8
S21402AB18284607F095FDA11C064689B2284607F086
S21402AB288FFD0F4C02232080214600200D4AFCF799
S21402AB388DFB86B9238803F00303022B03D1FFF7A4
S21402AB48BFFEFFF7C1FF23885B0704D5BDE8704048
S21402AB580548FFF7C9BE70BD607100208A680020EC
S21402AB687260002027E10100407100202DE9F043C1
S21402AB781F4C0546238889B0002B33D01D4E002172
S21402AB884FF4807010F092FE3378DB0728D5012147
S21402AB98208812F045FF074620880FF0D2F90230C7
S21402ABA813F0B7FA05A98046208811F0CEF9337853
S21402ABB8384613F0020F104B18BF0025B3F8009062
S21402ABC812F012FF0646384612F0F2FEF6B202906D
S21402ABD8424606212846CDE9009605AB0DF0FAF95D
S21402ABE800232380054809B0BDE8F043FCF7B4BA51
S21402ABF8CA6000208B680020C86000208071002090
S21402AC0810B5044640F62140FFF7B0FF01214FF485
S21402AC18807010F04BFE78B10022084B1C80084B5F
S21402AC281A7007F085FEBDE81040064B1880064BE2
S21402AC380648198812F0A8BF10BD00BFCA600020D7
S21402AC488B680020C86000207E7200208071002079
S21402AC58044A137818B943F001031370704743F097
S21402AC680303FAE78B680020044B1B781BB9044AD7
S21402AC781380FEF707B90020704700BF79680020E6
S21402AC88C6600020042230B501F0400387B0002BCE
S21402AC98054614BF012400248DF80C208DF80D10EB
S21402ACA804D004A910F020FE10B304ABCDE900438B
S21402ACB801210223284603AA11F03CF80446C8B12B
S21402ACC80D4BB3F868100FF086F84FF6F7739D42EF
S21402ACD809D9322202212046FEF73AF880F001000E
S21402ACE8C0B207B030BD294620460FF053FEF5E73E
S21402ACF80120F6E71920F4E73C59002010B5FFF7C3
S21402AD0831FE04F031FA0FF0D1FC002010F0E4FD19
S21402AD1813F078F808B1FDF729F9204C2378532B5D
S21402AD2812D1032323700023FF2219460120FEF7BF
S21402AD3863FB002012F032FD10B100200FF00FF96D
S21402AD48BDE810400DF0C7BD062B01D0212BF0D16F
S21402AD580120FEF7F5FA4FF6FE700FF08FFA4FF65F
S21402AD68FF700FF0A8FA0020FEF752FA0020FEF74E
S21402AD7859FAFEF7E9F900F029FB0DF0AFFD237842
S21402AD88212B02D1FEF774F9D3E70020FCF7DEFA8E
S21402AD9800214FF4004010F079FBCAE7E66700206E
S21402ADA810B50A4C0A48FCF7D7F92378062B02D1C5
S21402ADB80120FEF7C5FA2378062B01D0532B03D1C0
S21402ADC8BDE81040FFF79ABF10BD00BFE667002037
S21402ADD8A07100202DE9F047DFF8C08004460E4631
S21402ADE81746FFF7BFFD98F8005015B90220BDE8D0
S21402ADF8F087212DFAD0284813F021FA0028F5D139
S21402AE0814F0200439463046DFF894A0DFF8949010
S21402AE1805F00F051BD00DF0A5F8012D8AF8007075
S21402AE28A9F8006029D1212388F80030FFF766FFC9
S21402AE380020DCE7212388F80030FFF75FFF0021B7
S21402AE484FF6FE70FEF77CFBFEF780FEF0E70DF08D
S21402AE5888F8012D8AF80070A9F80060EAD006235F
S21402AE6821464FF6FD7088F80030FFF70BFF40F2D8
S21402AE782621094812F088FEE1E7532321464FF6B9
S21402AE88FD7088F80030FFF7FDFE40F226210248E2
S21402AE9812F07AFECCE700BFA0710020E667002019
S21402AEA88C680020A0720020F8B50D460646511C94
S21402AEB8284607F0C5FB044628460FF042F8054622
S21402AEC8023013F026F9154B07461B78022B02D0E0
S21402AED8043B012B21D8124B1B68580201D5A10648
S21402AEE81BD5620619D50F4BB3F86830B34214D196
S21402AEF86B781B070DD5284610F07DFFFCF7A4FDDE
S21402AF0858B1314604F020000122BDE8F840FFF7A8
S21402AF1861BF0FF0A7F9B842F3D0F8BDE667002084
S21402AF28844C00203C59002073B504460D4613F0A5
S21402AF38E2F9FF28034625D0134A12784AB1134A83
S21402AF4832F81020520404D510F0B7FC002002B0E4
S21402AF5870BD184610F0C2FC6946064610F0C4FCDE
S21402AF6840B1FCF7E7F928B10023022269463046C9
S21402AF7805F0DCF8204645F0400102B0BDE8704016
S21402AF88FFF780BE0120E2E7E26700206C6000203F
S21402AF9838B505460EF0D5FF0446284610F0EEFEF4
S21402AFA8411C89B2284607F04BFB42060DD563784A
S21402AFB81B070FD5204610F01EFF0146002013F08F
S21402AFC898F9BDE8384010F078BC0348BDE8384028
S21402AFD8FFF7E6BE38BD00BFA071002038B54FF6B1
S21402AFE8FF75A842044617D00FF059F9A04213D0AD
S21402AFF84FF6FD72094B198891420DD9084A1288F4
S21402B008AA4201D0A24207D11C804FF47A71BDE849
S21402B0183840044812F0B8BD38BD00BF867200201A
S21402B028A2720020104C002008B50448FCF794F8D9
S21402B0384FF6FF72024B1A8008BD00BF104C002064
S21402B0488672002037B505460C4608236946012055
S21402B058064AFCF7FBF815B19DF806302B700CB1C2
S21402B068009B2360BDF8040003B030BD25E1010053
S21402B07807B508238DF80600ADF804100092694655
S21402B0880020034AFCF7E2F803B05DF804FB00BFB1
S21402B09825E10100024A13780BB1013B1370704791
S21402B0A8D767002008B50FF006F900214FF6FF72A1
S21402B0B8054B08461A80FEF7DBF8BDE8084040F65E
S21402B0C816400DF009B800BF8672002008B5FCF7D6
S21402B0D843F80A4B1B78023B032B08D84FF6FE733D
S21402B0E8074A108898424FF6FF7301D1138008BDAD
S21402B0F89842FCD0BDE80840FFF7D4BFE6670020B8
S21402B1088672002010B5084B1B78042B0AD00FF065
S21402B118A9F8002104460846FFF794FF231A584266
S21402B128584110BD0020FCE7E7670020F0B500266E
S21402B13889B00546CDE90566ADF81C6010F01EFE1E
S21402B1480A23024604462946009605A813F0DEF8A6
S21402B1589DF815309DF814701F2B27D803A80FF0FA
S21402B1680AFB08220DF1160103A8F4F7B1FA0646FF
S21402B178E0B9092F1CD1FFF7C5FFB8B1144B1B78ED
S21402B188A3B1144B1A884FF6FD739A420ED9124C85
S21402B198124A23780433DBB223701278013AB3EBEF
S21402B1A8820F03DD58B20BF051F8267009B0F0BDD5
S21402B1B80A34E4B22146284607F042FA0FF06EFB3C
S21402B1C8611C284610F0FDFCFFF708FFEEE700BFFB
S21402B1D8FD72002086720020D7670020E8720020E1
S21402B1E838B5134B1B78033B012B20D9114B4FF66E
S21402B1F8FF711B78ABB1104D2B888B4217D10FF01D
S21402B2084EF84EF6602104460C4812F0BDFC4FF686
S21402B218FE7322462B800021BDE8384009200FF035
S21402B2284BBB074A13888B421CBF0133138038BDB9
S21402B238E7670020FD72002086720020104C00206E
S21402B2486E60002008B50448FBF786FFBDE8084094
S21402B25800210846FBF734B8C071002010B5044632
S21402B26861B1FF210EF00EFE002120460EF010FE00
S21402B2780EF051FD014620460EF010FE2146BDE8AE
S21402B28810400022014812F0B2BF00BFCE60002074
S21402B2982DE9F0410D46174604460EF052FE067892
S21402B2A82846FCF74DF92946804620460EF093FDBF
S21402B2B80EF0D8FFA84206D120460121FFF7CEFF9E
S21402B2C80120BDE8F0812846B8F1000F0AD0FCF745
S21402B2D8B9F950B9144B3A462046BDE8F0411978F8
S21402B2E8FDF736BD10F004FBF3E706F00306012E61
S21402B2F808D00EF0B7FF00232246294602F042FA8B
S21402B3080028D9D120460EF022FD430505D5204651
S21402B318BDE8F04100210FF097B8204610F0D3FAA6
S21402B328B0FA80F04009CCE7E772002010B586B084
S21402B338044610F023FD104B02461868197902904D
S21402B348D3F805005B7A01328DF8143000238DF8A5
S21402B3580C1004902146009392B2052304A812F01A
S21402B368D5FF052204A902A8F4F7B2F9B0FA80F0CC
S21402B378400906B010BD00BF5CE8040008B51148D5
S21402B3880EF09CFE104B1B78012B06D8FF2010F0FF
S21402B3986DFAFDF7B1FB10F088FAFDF73BF801F0FD
S21402B3A891FCFFF7F9FA10F061FE07F0F1FDFDF7E0
S21402B3B849FD07F03DFB0CF0D7FDBDE8084002F05A
S21402B3C8D3BC00BF045A0020A467002008B5F0F7D3
S21402B3D8D3FDFF2803D0094B1B78012B06D9002082
S21402B3E810F044FAFDF788FB10F05FFAFDF712F842
S21402B3F801F068FCBDE8084002F0B6BCA46700206D
S21402B408064B1878112806D000F0FD00A0F141037B
S21402B4185842584170470120704700BFE66700202F
S21402B4282DE9F8430446FDF70FFB18B1002630460F
S21402B438BDE8F8834FF6FF78184BB3F86810414515
S21402B448F4D020460EF0C7FC154B022120461A8877
S21402B458FDF77EFC06460028E8D020460EF071FD71
S21402B46890F807900546043012F053FE07460EF091
S21402B478F9FE494602463846FDF7FEFAA81C12F0BF
S21402B48848FE404502D12046FFF7BAFB2B789B07B9
S21402B498CDD101212046FFF7E1FEC8E73C5900203E
S21402B4A8CC600020F8B507460EF04BFD0546043082
S21402B4B812F02FFE0646A81C12F02BFE0446304653
S21402B4C812F019FF3046FCF73BF82B789B0701D1A0
S21402B4D80EF0C8FEAB790BB90320F8BD0EF0C2FE1B
S21402B4E8A0420CD10EF0BEFE0446094B2146384651
S21402B4F81A78FFF7CDFE0028EED00020EDE7054BC0
S21402B5081B78052B1CBF044BB3F86840EDE700BF59
S21402B518CC600020E76700203C5900202DE9F04166
S21402B528064610460D4610F029FCA0F11004E7B2B4
S21402B53856FA84F42146EA1B04F10E00F3F7CEFD10
S21402B5482823DFF84480F35598F80030637301F037
S21402B558CDFB611C024601200DF0D5F908220949E7
S21402B568601DF3F7BBFD98F800000FF0EBFF05F13E
S21402B5780E0130463B460022C9B201F069FC122091
S21402B588BDE8F0816C680020E16700202DE9F04FE5
S21402B59887B004460EF0D5FC064620460EF034FC6C
S21402B5A80746301D12F0B5FD8146B01C12F0B1FDFB
S21402B5B8384696F807A012F0A7FE33789A075FD1A6
S21402B5C82146042001F04CFD002859D0204610F0F0
S21402B5D8D5FB0146204607F033F8830750D12046AC
S21402B5E810F0CCFB0146204607F02AF810F00303B9
S21402B5F8039345D12046FFF799FE002840D02046FF
S21402B60810F092FC451C204612F0EEF9EDB205F158
S21402B6180A0B83455DDA304A04AB1068516803C3E7
S21402B628691C204607F00CF829468046204607F093
S21402B63807F800EB082059461FFA80F8204606F05D
S21402B648FFFF8346039B2146AA1C009304A80823EF
S21402B65812F05CFE20460EF0D7FB5A4641460DF025
S21402B66844F90122404604A90FF0A2FA88BB022038
S21402B67807F032FC013003D1404604A9F0F744FD36
S21402B6880EF0F0FD48453A46514607D10EF0F2FF55
S21402B698F8B907B0BDE8F04F0FF03EBA48460EF0CC
S21402B6A8E9FFB0B90D4B1B781BB9394648460FF06F
S21402B6B849F93A4651464846FDF7DEF948B1317827
S21402B6C811F0030105D1204607B0BDE8F04FFFF799
S21402B6D8C5BD07B0BDE8F08FF20C0400DD67002098
S21402B6E838B5114D2B78023B012B18D80DF0FFF810
S21402B6F80446B0B9FFF7A2F82B78032B07D12346E6
S21402B708FF2221460120FDF777FE012038BD21469B
S21402B7182046FAF7D5FD003818BF0120F6E71720AD
S21402B728F4E70220F2E700BFE66700202DE9F743B8
S21402B73805460E4614460EF014FB0C2828464AD137
S21402B7480EF0FFFB0922002112F072F800F1100138
S21402B758C9B2284606F074FF042813D07C282BD0DA
S21402B768012840F0AC8046B91321284610F029FA81
S21402B77803B0BDE8F0430EF09EBD03B0BDE8F0434B
S21402B788FDF7DCBC5B4B1B78022B40F0988046B971
S21402B798FFF7FAF8C3070AD5FFF792F8002C08BF96
S21402B7A83F26304603B0BDE8F0430CF0F9BBFFF77E
S21402B7B8CFF80028F0D0F1E7284612F015F904462B
S21402B7C8284612F0F5F802463046E1B203B0BDE864
S21402B7D8F0430CF0E3BB0EF0B4FB8046043012F0E4
S21402B7E898FC074608F1020012F093FC4FF6F7732E
S21402B7F8984204460CD8404A138801339BB21380F9
S21402B8080BB93E4A13801EB13C4A13880133138093
S21402B81898F8009009F00309B9F1010F1DD12846DE
S21402B82810F0ACFA0146284606F00AFF0B2809D0A3
S21402B8380D2807D0042842D1284603B0BDE8F043B5
S21402B848FFF7A6BB2E4B1B78042B38D100210846DF
S21402B85803B0BDE8F043FAF733BDB9F1000F2ED1B5
S21402B8683146284603F05EFD4EB34FF6F7739C4208
S21402B87825D898F80160204616F0040622D110F062
S21402B88805F8054620467DB110F032F8034600BB9F
S21402B8980C220090214638460FF022FA0C2200238A
S21402B8A839462046009308E010F022F80346C8B945
S21402B8B8144A00901278214638460FF011FA03B05F
S21402B8C8BDE8F08310F014F8034678B90B2200900E
S21402B8D8F1E7062233462146384600960FF000FA6C
S21402B8E80622DCE72B4600950622E4E74B46CDF80F
S21402B8F80090F9E7E6670020766000207460002072
S21402B908E76700201B7300202DE9F04F05888BB0EF
S21402B918044628460EF015FB0746043012F0F9FBDB
S21402B9288146B81C12F0F5FB05A98046284610F099
S21402B9386FFA284610F022FA01460646284606F00E
S21402B9487FFE3B78824603F00303012B0CBF834637
S21402B9584FF0FF0B12F0F3FAE388019002930EF011
S21402B96881FCFB7900904846039300F081FF00288B
S21402B97876D1404600F07CFF002840F08880FDF72C
S21402B9882BFB8046FBF7CEFD10B9FFF739FD30B129
S21402B998A8F104085FFA88F8B8F1020F1BD90BF071
S21402B9A8FD03042B00F0B380FFF72AFD20B10AF04E
S21402B9B8030ABAF1010F0ED0FBF70EFD28B9714B38
S21402B9C81B7803F00F03062B68D16F4B2846B3F893
S21402B9D868100EF000FABBF1010F63D128460EF08C
S21402B9E8E4F94FF6FF73984240F0918000233146FF
S21402B9F8284607AA0FF052FF0746002842D0427987
S21402BA089DF82530934209D9711D284689B206F059
S21402BA182BFEA37823F00F030233A3700CF09DFAD3
S21402BA287E23B0FBF3F202FB130303F58073A380B5
S21402BA389DF8263013F0180F0AD0A3781B0707D1F3
S21402BA48009B4B4504D048467A7905A90CF0BAFA09
S21402BA589DF82700003818BF01200BB0BDE8F08F0C
S21402BA6828460EF06EFA023012F053FB4FF6F773C2
S21402BA78984207D9039B2BB92846FFF757FC00289C
S21402BA887FF477AFA37823F00F03A37008E040464D
S21402BA9812F03AFC00287FF472AFF3E72823A3805B
S21402BAA80020DAE7BBF1020F54D10123314607AA78
S21402BAB828460FF0F3FE80460EF0D4FBBDF822307F
S21402BAC898421FD1B8F1000FDCD00122B8F8023034
S21402BAD8314628460FF0E0FE2C4A13780133DBB2D3
S21402BAE8FB711370B8F80230BDF81E209A421FBFC9
S21402BAF8A37823F00F030233A3704FF4C873A3800E
S21402BB080120AAE7184612F0FFFB0028DAD12846D9
S21402BB180EF04BF912F098FB012808BF1C4BA278CE
S21402BB2809BF1B78FA2303EB830303EB830302BFE5
S21402BB389B00FA339BB21209A4D1DDE90121521AFD
S21402BB4892B293429ED30CF008FA00F01F0010300F
S21402BB58A080D5E7BBF1030FD9D1009B4B45D6D1C0
S21402BB68711C284689B206F06BFD0C28CFD1FCF76B
S21402BB78FFFD4FF6FF7398420146C8D028460EF0DE
S21402BB882AF9C4E7E66700203C590020E46700204B
S21402BB98F67200202DE9F04105460C460EF0E1F853
S21402BBA8082802D10120BDE8F081201D12F0B1FA62
S21402BBB80646284694F807800EF026F907462846D1
S21402BBC80EF0C5F8010612D5184B1B78042B0ED1B9
S21402BBD8174B1B78022B0AD1164BB3F868204FF680
S21402BBE8FF739A4203D000210846FAF769FB124B04
S21402BBF81B78002BD6D1A01C12F08BFA4FF6F773DF
S21402BC08984202D86378DA070DD523789B070AD1BB
S21402BC183A46414630460EF02DFD80F00100C0B28D
S21402BC2800F00100BFE70120FAE700BFE76700203F
S21402BC38E66700203C590020916800202DE9F04F65
S21402BC489DB004460EF08DF8054620460EF089F89B
S21402BC58082869D14FF400432046ADF85030ADF8B5
S21402BC685C4011F0C1FEBDF85C20A0F11005EDB2F3
S21402BC7810461023002100950FF090FF294617A8BA
S21402BC880FF064FF204611F093FE0AF0F5FA00233F
S21402BC9821461A460C2000930AF0FAF898B3204672
S21402BCA811F086FE14A902461020FBF779FF05015B
S21402BCB8204611F07DFE14A902464020EDB2FBF79D
S21402BCC86FFF10B120460CF051F9204611F070FEB5
S21402BCD814A902468020FBF763FFB8B99DB1102568
S21402BCE817A805F067FF2046BDF8507011F07CFED5
S21402BCF80646204611F05CFE29460090F3B2384606
S21402BD0817AA0CF0C9F91DB0BDE8F08FBDF850307F
S21402BD1817A8ADF85E40ADF85C300CF0E0FD0028E0
S21402BD28DCD145F08005DBE720460EF05AF8B0F580
S21402BD38006F40F0058120460EF066F80646042D90
S21402BD4840F0018120460EF002F880F40060C0F34D
S21402BD58C02000223146400012F0A4F9944B1A780B
S21402BD68022A0DD0FFF74CFB50B902F0FD03312B27
S21402BD7806D0043A012A03D98E4B1B78002BC2D070
S21402BD882146022001F06CF905900028BBD0204617
S21402BD98ADF846400EF0D5F80446BDF846000EF05B
S21402BDA833F80646201D12F0B4F9A31C834618463B
S21402BDB8039312F0AEF912A90746BDF8460010F032
S21402BDC827F863780690BDF8460094F80080089332
S21402BDD80FF0D4FF6378054608F0030830460C9344
S21402BDE8FBF7AEFBB8F1010F0CBF032302230E9339
S21402BDF8714B08BF4FF00B091E80237818BF4FF00F
S21402BE080A0903F03C03082B0D907FF47CAFBDF8BB
S21402BE18460011F0E9FDA8427FF675AFB8F1010FAA
S21402BE2803D023789B077FF46EAF644BB3F8683071
S21402BE38B3420DD1624A634BB2F9001093F900304F
S21402BE48002900F0A58001EB0313A3EB211313804E
S21402BE584FF0010AA5F11003DBB20A938DF84530BC
S21402BE6810224846BDF84610CDF800A00DF145034D
S21402BE780AF00EF800283FF446AF089B13F00203B8
S21402BE88099300F00981504B1B78002B3FF43BAF17
S21402BE98BDF8469048460FF071FF002307904846C3
S21402BEA8CDE917331993ADF868300DF0ADFF079B4F
S21402BEB8039003F10E01484689B20FF032FF0028BC
S21402BEC870D000234946079A009317A80E2312F04B
S21402BED81DFA50460DF15D010CF023FD9DF8693000
S21402BEE80B9004939DF85C30282B5BD10DF1610012
S21402BEF8FBF7AAFD0F90002854D104980FF022FBF6
S21402BF080F9B002866D1314B049A1B78D31A1C065D
S21402BF1848D404F059F950453CD112F015F82C4E85
S21402BF280546346824B104F055F92C1B844239D3EB
S21402BF380023FF2219461846FDF75EFA356031E0FF
S21402BF484FF6FD76FBE64FF6FF70301A18BF012053
S21402BF5800223146400012F0A5F80C2D0DD12146DC
S21402BF68012001F07DF800283FF4CDAE21460020DE
S21402BF781DB0BDE8F04FFDF7D3BF2DB920461DB062
S21402BF88BDE8F04FFEF79CBA042D7FF4BCAEE5E69A
S21402BF981B025CE704F018F9022803D104F0F6F84D
S21402BFA80028BAD000221920039912F07BF8AAE6D4
S21402BFB8E667002091680020EA6000203C590020CD
S21402BFC8BE6000208E680020E2670020E16700203D
S21402BFD84C5A002010214846079ACDF800A00FF0C8
S21402BFE801F90028DED0BB4B049A1B78934240F036
S21402BFF8AA8003990DF1610214A811F095FE012199
S21402C00814A8FBF7F5FA824648F2030114A8FBF7D0
S21402C01863FBBAF1000F03D0082114A80CF024FC25
S21402C02848460FF0C9FE03990DF16100FCF72AFC99
S21402C038FE288246B6D0FF280AD1039812F04AF99B
S21402C048FF28824600F087800DF16101FCF7F4FABA
S21402C058A04B049A1B78934200F0A38050460B9993
S21402C068FCF7F6FB00283FF44EAE50460B99FCF759
S21402C07801FC237898070FD148460FF07FFE014649
S21402C088484606F0DDFA00F00300012804D10398BA
S21402C0980DF16101F0F738F8BDF846000DF057FECD
S21402C0A8010440F18580204612F033F840F400710E
S21402C0B889B2204612F02FF800224FF40041BDF84C
S21402C0C846000DF035FEDDF8149001231022009389
S21402C0D8BDF846100E980DF1450309F0D9FE002862
S21402C0E83FF411AE032866D1204612F012F840F447
S21402C0F8007189B2204612F00EF8304612F004F9A2
S21402C108002840F0B680DDF81490B8F1010F40F030
S21402C118B6800320BDF8461000F0A2FF002840F0C3
S21402C128AE802946BDF8460006F08AFA0F28014670
S21402C1387FF6E9AD4FF6F7739F423FF6E4AD304619
S21402C1480EF06DFCDFE55046049903F085FA0028E8
S21402C1587FF44FAF26E7237803F00303012B08D1B9
S21402C16848460FF00BFE0146484606F069FA0828CC
S21402C17892D0594B1A78594B1B789A4209D20DF12C
S21402C18861010398FCF70CFA039812F0A3F88246AA
S21402C1985EE7A01C11F0BDFF4FF6F7739842EED982
S21402C1A800E75046FCF7CEFB00283FF457AF5CE7A3
S21402C1B84FF0000989E7304612F0A6F80028A4D006
S21402C1C8099B002B57D1B9F1000F52D1B8F1010FD4
S21402C1D8BDF846009DD0294606F032FA8246DFF8B8
S21402C1E8089199F80030002B54D00EF03BF887429D
S21402C1F87FF489ADB8F1010F7ED1BAF1070F75D871
S21402C208BAF1050F7FF67FAD354B1B78022B02D0AD
S21402C218043B012B03D899F80030002B41D00C9B25
S21402C2289A0640F1B4800D9B002B40F0AC80304655
S21402C23812F061F8FF2840F0A6805E457FF463ADF1
S21402C248069B002B00F09D8012AB46F204020124E6
S21402C258ADF85C200193214602233046009417AAC3
S21402C2680FF068FD00283FF44EAD21460EF0ECF8BC
S21402C27849E5DDF8149030460FF022FB45E72946DB
S21402C288BDF8460006F0DCF9099B824613B9B9F1F7
S21402C298000FA4D0124B1B78022B02D0043B012BB2
S21402C2A8BDD8304600F0E4FA814600287FF42BAD6C
S21402C2B80DF0D8FF864225D10A4BB3F868400DF038
S21402C2C8D1FF4B4601460D222046CDF800900EF0CF
S21402C2D807FD18E5E1670020E0670020F7720020F6
S21402C2E8E66700203C590020E2670020AAF10E0308
S21402C2F8DBB2012B88D906E50AF00303012B7FF48B
S21402C30802AD81E7304611F0FFFF58B90DF0C7FFBE
S21402C3184FF6FF73984205D011F074FD10B93046F7
S21402C328FCF7E4F8304611F0EFFF88B10DF0B7FFDE
S21402C3384FF6FF7398420BD011F064FD40B9B8F17E
S21402C348010F02D1BAF1060F02D030460FF0B7FA43
S21402C358069BA3B91946012258460EF029FC8146C7
S21402C36800287FF4D0AC20460FF045FD4A46014629
S21402C37838460EF01DFC00283FF451AFC3E412A95C
S21402C388E9E7069B61E7637823F0200363704FF6BC
S21402C398FC739F423FF4B7AC4FF6FD739F4204D13D
S21402C3A8B34B1B78042B3FF4AEACA3790BB1013B1D
S21402C3B8A37163785B0727D50023584617AA14A9E2
S21402C3C817930FF05DFA1798F0B10FF052FA8146FC
S21402C3D8384611F090FF179A0146137903F0300099
S21402C3E8102806D003F00C0008281CBF23F00C0304
S21402C3F81371137903F03303202B05D1FF2903D0D9
S21402C408012248460FF044FA304611F074FFFF281E
S21402C4181EBF0022974B43F82020089B03F0010911
S21402C4284FF6F7739F4200F2F980B9F1000F40F019
S21402C4380181314658460EF085FA0DF013FF874201
S21402C44800F0C680384611F05FFF002841D0B8F1E8
S21402C458010F27D1BAF1010F17D14A462946BDF86E
S21402C46846000FF018FA384611F04EFF824B1B783A
S21402C478002B72D1584611F047FF002866D138467D
S21402C48811F042FF002861D13DE4384611F03CFF26
S21402C49850B3BAF1030F27D12946BDF846000EF06D
S21402C4A857FC30E4384611F02FFF38460FF020FAD2
S21402C4B8002847D0002339465846BDF8462001F0E2
S21402C4C861F900283ED00021BDF84600FEF7C6FEF8
S21402C4D819E4384611F018FF18B1B8F1010FD8D090
S21402C4E8E3E7B8F1010FE0D1634B1B78002BC1D00C
S21402C4F8BAF1050F31D10DF0B5FE8DF85C000DF0DE
S21402C508B1FE000A8DF85D000123022217A90DF17B
S21402C5184600FAF775FD00287FF4F5AB691C89B268
S21402C528BDF8460006F07AF803780133037063789C
S21402C538590715D40DF096FE834522D000223946B7
S21402C5481C2032E54C4B1B78002B93D0B8F1010F18
S21402C558CED063785A0714D502E06378580718D500
S21402C568BDF8464020460FF0CBFB411C89B2204658
S21402C57806F054F80378B8F1010F03F1FF3303709D
S21402C58804D0BDF84600FEF78DFF09E0BAF1050FA4
S21402C598D0D0BDF84600FEF785FFBAF1030FCDD01E
S21402C5A80228CBD10021584617AA0FF06CF930B1F1
S21402C5B80379468003F03C0343F0400303710023EB
S21402C5C82E4A00933946584612780EF089FBB5E78C
S21402C5D8B8F1010F7FF477AF0AF1FF330C2B00F2A4
S21402C5E8868001A252F823F051C6020051C6020004
S21402C5F8A1C4020067C6020089C602000FBD020077
S21402C608ADC60200BDC60200C9C60200C9C60200FF
S21402C6180FBD0200DFC60200EBC60200B8F1010F2A
S21402C62871D0B9F1000F08D1BDF84600FEF7AEFF8B
S21402C638FFF769BBB8F1010FCED0237A03F00303E4
S21402C648012B7FF460ABEFE7AAF102035A422946B0
S21402C658BDF846005A410FF01EF9FFF754BB2A46AA
S21402C6685846BDF84610FEF71FFCFFF74CBB00BF46
S21402C678E7670020CC4A0020FB7200201B730020CC
S21402C688691CBDF8460089B205F0DAFF0235EDB23C
S21402C6980246BDF846305846009512A906F0D4FD63
S21402C6A8FFF731BB01200A9ABDF84610FDF71AFBC0
S21402C6B8FFF729BBBDF846000FF0F3F8FFF723BBD8
S21402C6C8BDF84600FEF732FDFFF71DBBBDF8460073
S21402C6D8FEF72CFDA8E7BDF84600FEF70BFAFFF7B3
S21402C6E812BBBDF846000CF0F4F8FFF70CBB2B465D
S21402C6F822465046BDF846100CF0C1F800287FF4D2
S21402C70802AB51461BE50AF1FF330C2B3FF6FBAA98
S21402C71801A252F823F000BF51C6020051C6020019
S21402C728A1C4020067C6020089C602000FBD020045
S21402C738ADC60200BDC60200D5C60200D5C60200B6
S21402C7480FBD0200DFC60200EBC6020010B50021CC
S21402C75811480DF05AFC0446E8B10DF07EFB0F4B6B
S21402C768187020460DF07EFB0D4B187020460DF013
S21402C7787FFB0C4B187020460DF07FFB0A4B1860A7
S21402C788012011F0E5FB2046FFF758FABDE81040F5
S21402C798002011F0DDBB10BD9C6000208F680020D1
S21402C7A88E6800208D680020445A002070B5144E0A
S21402C7B8044633680D46BBB10DF0D3FA0C2813D1E4
S21402C7C820460DF0BEFB09220021044611F030F87F
S21402C7D8235C042B08D10B4C25B10B4B22781B7813
S21402C7E89A4203D300232370002070BD074831689D
S21402C7F811F0CAF92378012001332370F5E700BF48
S21402C808485A0020906800201A730020C071002041
S21402C818014B93F901007047BE600020014BB3F844
S21402C828680070473C59002070B500240D4D2C70E6
S21402C838EFF77CFAE6B2B04208D800220A4B1A7022
S21402C8480A4B198801B11A80012070BD304611F0D2
S21402C85858FDC30748BF2B7804F1010444BF0133CF
S21402C8682B70E5E7DF670020D8670020706000209D
S21402C87838B50B4B05461B7873B101335C08094B78
S21402C888188811F095F8002330F81320AA4205D02C
S21402C8980133DAB2A242F7D3002038BD0120FCE702
S21402C8A8D86700207060002030B5054685B0084677
S21402C8B80C4611F022FDFF280CD00EF02EF90122AC
S21402C8C800210346CDE90112009221462A46072096
S21402C8D8FCF7F6FB284611F00EFDFF2804460FD09B
S21402C8E811F00FFDC2070DD5204611F00AFD830789
S21402C8F808D40B4A32F8143043F4806322F8143012
S21402C90805B030BD0EF009F9012200210346CDE933
S21402C9180112009207202A46FCF7D2FBF0E700BF76
S21402C9286C6000204FF6FA72431E9BB2934270B5B3
S21402C93804462AD8FFF79CFF38BB194B1B78042BF2
S21402C94823D0204611F0C6FCFF2801D0FBF7FEFCD8
S21402C95820460EF090FF08B10EF087FF2046114ED3
S21402C96803F0ACFE20460BF02BFB31780E4D69B176
S21402C978288811F01DF8054601461E220230F2F7F5
S21402C988ADFB2C8033781E2B07D970BD202011F002
S21402C99883F828800028EBD1F7E702333370F4E7F0
S21402C9A8E7670020D867002070600020044A1378E2
S21402C9B82BB1013BDBB213700BB9024A13807047E6
S21402C9C8D8670020706000200148FAF7D5B800BF83
S21402C9D8706000202DE9F047804617460D468CB059
S21402C9E861B903AE00211B4811F0FBFB4FF00009AA
S21402C9F80446DFF860A01CB920461DE00E46F1E7A3
S21402CA080022214624233046CDF8009011F07EFC01
S21402CA18082241463046F2F75BFEA8B9337C9BB93A
S21402CA286FB945B92A4621460A480DF00DFB0A4A4F
S21402CA381388013B138001200CB0BDE8F0873B88C1
S21402CA48B28953405B06ECD52146504611F0EDFB01
S21402CA580446D0E7D2600020D0600020024B188837
S21402CA68003818BF01207047D06000202DE9F04337
S21402CA7830488DB0FAF770FB11F066FA2E4D2B6827
S21402CA88C41A4FF47A73B4FBF3F4A4B214B111F0D7
S21402CA985BFA2860294F4FF6FF763B88DFF8A080BE
S21402CAA8ADF80A3000233B8000210DF10A000DF094
S21402CAB8ACFA054658B9224B1B882BB14FF47A714B
S21402CAC81C48714311F060F80DB0BDE8F0834FF0D2
S21402CAD8000924234A462946CDF8009003A811F0F7
S21402CAE815FCBDF81A30A34294BFDB1A1B1B9BB277
S21402CAF8ADF81A3063B9BDF818301B0602D5089887
S21402CB080BF0CBFCB8F80030013BA8F80030CBE7B6
S21402CB189E4228BF1E4601234A462946009303A87A
S21402CB28242311F0F3FB4A462946384611F05FFBE8
S21402CB38BAE700BFB04B0020505A0020D26000204F
S21402CB48D0600020F0B504462E4A8DB010685168B1
S21402CB5801AB03C3A378012B4FD1162200210DF196
S21402CB681A00F2F769FAD4F82110D4F81D0003ABBC
S21402CB7803C32388190644BF62680892DA050BD5F0
S21402CB88221D08AE04F114073546106851680832AB
S21402CB9803C5BA422E46F7D1ADF8183013F004038F
S21402CBA818BFA3690593EFF7D9F80023ADF81A0062
S21402CBB8082201A903A88DF81C30F2F789FD18B1DE
S21402CBC806A903A80EF044FA0022242103A80DF0B1
S21402CBD8D3F9044698B10020FFF748FF0022214601
S21402CBE8094811F004FB094A002013880133138010
S21402CBF8FFF73CFF00200DB0F0BD0220FBE719202E
S21402CC08F9E700BFF20C0400D2600020D0600020D2
S21402CC18F7B5044600200E46FFF728FF104B1B8880
S21402CC28A34202D8212003B0F0BD00210D4811F01E
S21402CC38D8FA002501460B4F0029F3D0A54208D1A1
S21402CC480024242322463046009411F05FFB204637
S21402CC58E9E7384611F0E9FA01350146ECE700BF84
S21402CC68D0600020D26000200148F9F785BF00BFD7
S21402CC78D2600020014B1888704700BFD0600020A1
S21402CC8870B50C4611460E4A23781278064613F0FB
S21402CC98200542EA0302227018BF611D0822F2F735
S21402CCA81DFA002D0CBF05200D20D4F80130B36004
S21402CCB82378337303F01803082B08BF013070BDBE
S21402CCC8E2670020042307B501200DEB0301054A9D
S21402CCD8FAF7BCFA019B044A1B03136003B05DF81B
S21402CCE804FB00BF63E51100744C002010B5064C27
S21402CCF82368C3F30B0313B90448E3F7A9FC2068B7
S21402CD08431C236010BD00BF744C002063E511006D
S21402CD18014B1868704700BF744C002007B5002006
S21402CD28054B064A186004230DEB03010190FAF737
S21402CD388DFA03B05DF804FB744C002063E511001D
S21402CD487FB511230A4A012001A9FAF77FFA094B8F
S21402CD589DF814201A70084B1B780BB1052B05D1C9
S21402CD680BF0FAF8012007B05DF804FB0020FAE79A
S21402CD7879EB0100E1670020E26700202DE9F04F19
S21402CD880646CBB0884600880121174610F048FEB2
S21402CD982E4B3A463188ADF8160006A80EF0F7F97B
S21402CDA80DF1280B5A464146C41930880EF079F917
S21402CDB8E4B208EB0003A34208BF044605464FF058
S21402CDC804091CBFA4EB0804E4B223465A46012110
S21402CDD8CDE900090BEB050ACDF808B02D1B06A80D
S21402CDE8EFF7ECFBEDB20BEB040300930195234639
S21402CDF85A46414630880EF082F93488394620462B
S21402CE0805F01EFC394600F0F802204605F02CFC18
S21402CE180121308810F004FE01234A46514680B1AB
S21402CE280DF11600FAF7ECF801210446BDF81620B3
S21402CE38308810F009FEB4FA84F040094BB0BDE819
S21402CE48F08F3046FAF7DCF80446F4E76C68002000
S21402CE582DE9F04FC9B0044688469246C118224AC0
S21402CE6804A81F46FFF70CFF4FF00409C519EDB2D8
S21402CE7808AB0293A5EB0A0BA8EB0A035FFA8BFB37
S21402CE88A8EB0506DBB2F6B204EB0A020093012110
S21402CE985B46CDF8049004A8EFF790FB06F590736E
S21402CEA80DEB03025A44A2F58072136808A844F8E8
S21402CEB80830E35D324623F00703E3552C44214647
S21402CEC8F2F74AFA08ABCDE9019308AA0023012132
S21402CED8009604A8EFF772FB3246204608A9F2F736
S21402CEE83BFA49B0BDE8F08F6C680020F8B50646F4
S21402CEF80FF01AF8811C054689B230460EF011FF6B
S21402CF08F0B1EDB12946304605F09AFB12280746DD
S21402CF1816D80C4B691C1C5C89B2304605F090FB8F
S21402CF282C44052FE4B205D1052809D8064B1B5C0C
S21402CF381C44E4B221463046BDE8F8400EF0F1BE85
S21402CF480020F8BD9EE8040098E80400F8B50546F7
S21402CF580EF014FF044628460CF0F3FFA11C074601
S21402CF6889B228460EF0DDFE00283ED0002C3CD0C2
S21402CF782146284605F064FB0646611C284689B207
S21402CF8805F05EFB0F2E30D8194B9B5DE118731E19
S21402CF9889B2092B0ED8DFE803F009050D0D120D2C
S21402CFA80D181E1EC40644BF083189B2820601D572
S21402CFB8083189B22846BDE8F8400EF0B2BE7B7842
S21402CFC8DB0612D501EB4001F3E700F01F0000EB89
S21402CFD840000144EDE71F2805D8092E0ABF400085
S21402CFE8022080B2F5E7C828E4D00020F8BD00BFCA
S21402CFF8B1E80400F8B506460CF0A3FF09220021A2
S21402D008054610F015FC00F11004284611F081F8C8
S21402D018E4B207462146304605F012FB054630467E
S21402D02810F0E2FCBA05A0EB0403DBB20AD47C2DAE
S21402D0380AD0082D0AD8064A505D98428CBF0020AE
S21402D0480120F8BD1220F8E70320F6E7FF20F4E7F0
S21402D058C2E80400014B1878704700BF1C73002012
S21402D06838B5114B04461B7808469BB9012038BDD3
S21402D078A24205F101050FD103EBC1035B6898478D
S21402D0880028F3D11E2022464FF6FF7111F00AF847
S21402D0980020ECE70025054BE9B213F83120002AF8
S21402D0A8E6D11446EEE700BF1C73002068E80400C9
S21402D0B84FF6FF7307B502220DF106010348ADF8D5
S21402D0C80630E3F701FB03B05DF804FB603202E0CA
S21402D0D8002307B5ADF80430134B984221D10B88CC
S21402D0E8DA0703D5232003B05DF804FB9B0748BF85
S21402D0F84FF47F434FF002020C480DF1060148BF79
S21402D108ADF80430E3F7B4FA4FF6FF73BDF806201D
S21402D1189A42E7D10222054801A9E3F7D5FA002088
S21402D128E1E72120DFE700BF1FD1BACA603202E07A
S21402D138002313B50222038004460DF106010F48A8
S21402D148E3F796FA2D2801D0112805D14FF6FF737A
S21402D158ADF80630FFF7ACFF9DF80630BDF806209E
S21402D1681BB1238843F0010323800020FF2A82BFD5
S21402D178238843F00203238002B010BD603202E027
S21402D188034B1B78002B14BF442056200E307047E2
S21402D198E26700202DE9F04F8DB0179C06468946B7
S21402D1A8CDE90223BDF85870D588ADF816103CB9FB
S21402D1B8EC0605D500970BF000F80DB0BDE8F08F29
S21402D1C8C5F380242B054FEA043448BF44F40064B0
S21402D1D8A80511D544F080040A2E00F26981DFE81A
S21402D1E816F09A002F00170037006701670137000C
S21402D1F810009A0037009E00E90548BF44F0400434
S21402D208EAE74FF001084FF0020B4FF0000A14E06D
S21402D21808A95FFA89F00EF0F6F9DDF82500DDF8C0
S21402D228291006AB03C3A44B33F81930ADF81630F1
S21402D2384FF00008C3460DF1180A002F5DD125E00D
S21402D24806AA0DF116015FFA89F003F017FAEFE75E
S21402D2584FF6F773994540F22B8115F4026F40F0AA
S21402D2682781964B1B78022B03D0043B012B00F236
S21402D278218147BB032E4FF001080CBF4FF00C0B61
S21402D2884FF0080BBA4624F4C074A4B28C4B188824
S21402D2984FF6FF73984206D08A49FAF767FB10B131
S21402D2A824F48054A4B2039B38460093BDF8162093
S21402D2B8534644F4027105F0EBF9ADF82000002855
S21402D2C838D1192079E7384610F08EFB0246FFF768
S21402D2D857FF032E08BF0138824201DD38206CE76B
S21402D2E8032E4FF001080CBF4FF00C0B4FF0080B43
S21402D2F84FF0000A24F4C074A4B2029B1B889BB9A0
S21402D3081A4639460620009308F0E5FD0028BDD1E6
S21402D31840F6014051E74FF00008C34675E74FF064
S21402D32801084FF0030B70E7002339461A46072018
S21402D3380093E9E74FF6FF73614A118899421CD0B9
S21402D3480CF0FFFD03465E4A04301188039310F082
S21402D358E2FE5D49039B097814F4805FD971594946
S21402D368574A1FBF086898604868D8604FF6FF7328
S21402D37813804FF0FF330B604B605946029A08A899
S21402D38805F03AFA00289CD0504C2378002B3CD162
S21402D398A7B1384610F028FB0746BDF8200010F063
S21402D3A823FB23780744002B14BF12220022EB101B
S21402D3B803F0040317443B44842B8FDC15F4005710
S21402D3C80AD0BDF8204020460CF0C1FC40F480612B
S21402D3D889B220460CF0A6FCA6F10803012B05D854
S21402D3E801221021BDF820000CF0A2FC179BBDF804
S21402D3F8204043B32046BDF816100CF0ECFCBDF8EE
S21402D4082030179A00201380D7E6AA06C0D56B01EB
S21402D41803F020030A2E14BF43F0010363F07E03D1
S21402D428DBB2B8F1000F08D000215246009108A8D6
S21402D43800F082FE0028ABD0BFE61A46514608A87E
S21402D4480DF0D0FFF6E720460EF098FC179B024632
S21402D45821460420009308F03EFD00283FF458AF0A
S21402D4680A2E18D84FF4D963F340DB0713D5072ED4
S21402D4780AD00A2E08D0BDF820000DF073FA80F004
S21402D4880100C0B2800098E608A80BF005FA00284A
S21402D498F1D0042091E617B125F04005ADB22B462F
S21402D4A83146BDF820005FFA89F201F07DFE84E677
S21402D4B8012082E6162080E6A05F0020E6670020AC
S21402D4C8A47200201D7300209C680020E2670020DA
S21402D4D8F7B50F469DF828100446DDE90B061D46EB
S21402D4E8F1B94FF6FF739C421CBF174B1C804FF0D6
S21402D4F800041CBF154B1A70BDF8240005F012FA7A
S21402D50800232A46CDE90043394606209DF82030F6
S21402D518FFF740FE10B90EB1AB7A337003B0F0BD18
S21402D52878B14FF6FF739C421FBF074B1C80074B10
S21402D5381A7000220CF020FD04460028DCD11920BF
S21402D548ECE72120EAE700BFA47200209C680020CE
S21402D5582DE9F04788469DF82810074616461D46C8
S21402D5689DF820A0BDF824900B9839B158B3002234
S21402D5780CF002FD044610B9192025E00C464FF6B9
S21402D588FF739D421FBF114B1D80114B83F800A0ED
S21402D5984FF6F7739E4208D80E4B4FF6FD761A786A
S21402D5A84FF6FF73002A18BF1E46484605F0BAF91A
S21402D5B800233A46CDE9084331464346BDE8F047DC
S21402D5C80320FFF7E7BD2120BDE8F087A4720020FC
S21402D5D89C680020A36700202DE9F04786B09DF8D6
S21402D5E838600546DDE90FA80C4617469946B6BBCD
S21402D5F8374B1B78022B1DD125BB4FF6F7739C427F
S21402D60814D80026484605F08DF900233A46CDE997
S21402D61800632146FF232846FFF7BCFD38B9B8F158
S21402D628000F04D0BB7A88F8003000E0012006B06C
S21402D638BDE8F087043B012BDED908460BF029F932
S21402D64810B31DB3022D31D1EEF76AFBA042EDD915
S21402D658204B33F814204FF6FD739A4219E0BAF1BC
S21402D668000F32D01A4B1B78022B05D1FFF788FD24
S21402D678B042E6D23820DAE7043B012BF6D9084650
S21402D6880BF007F90028F1D11620D0E74FF6F7730A
S21402D6989C42CBD8002EB4D03146002250460CF01D
S21402D6A86BFC06460028ADD11920C0E7012DBDD176
S21402D6B804AA0DF10E01E0B202F0E0FF064B1B7859
S21402D6C8A342B3D9BDF80E20C5E72120AFE700BFB5
S21402D6D8E6670020A05F0020F172002030B5104BEC
S21402D6E887B005460C461868596803AA03C29868A4
S21402D6F80C4910609A88DB8852BA23F04003ADF8CA
S21402D70812300023CDE90043ADF81020FF23098824
S21402D71803AA0720ADF80E50FFF73CFD07B030BD50
S21402D728DE600020EA60002038B50C461146124A30
S21402D738124D108022682A6062686A60A268AA602F
S21402D748E288500616D5EA88520613D561B1002239
S21402D75818460CF011FC014650B16088FFF7BEFF70
S21402D7680522074B1A7038BD08460EF048FAF2E74B
S21402D7781920F5E70220F6E7EA600020DE600020BE
S21402D788AC6800202DE9F04F074689B010461546CA
S21402D7981C468A460EF0F2FA0146284604F050FF66
S21402D7A8064628460CF0CDFB043010F0B2FC804644
S21402D7B80CF058FD804550D0B2074ED1DFF8AC8049
S21402D7C8284605A9B8F800B00EF0BFFB9DF8193038
S21402D7D8A8F8007003BBBDF81430EBB928460CF065
S21402D7E8B0FB023010F095FC4FF6F773984294BFE0
S21402D7F84FF000094FF0010901230134E4B22A462A
S21402D8083846CDF8009005A9039303F001FC039B64
S21402D81840B901339C421ED20020A8F800B009B0D5
S21402D828BDE8F08F022CF8D1012BF6D10C4A0D4B2D
S21402D838A3F800A01378591C11700B4A7F3B16F008
S21402D8480C01137007D1BDF81A305B0603D5BDF874
S21402D8581600FFF743FF0223D1E70020DFE700BFE9
S21402D868E4670020A47200209C680020EA6000207A
S21402D8782DE9F04FABB00F46ADF81E000CF061FB79
S21402D88800F1020A0646504610F043FCBDF81E4058
S21402D898054620460EF072FA0146204604F0D0FEEF
S21402D8A8814600F00308301D10F033FC414C2080FE
S21402D8B80CF0D8FCA8422DD04FF6F7739D4229D813
S21402D8C87378DA0726D428460EF012F830B1012308
S21402D8D82946BDF81E202088FFF754FF0CF0C2FC2C
S21402D8E8344B1B8883420FD1BDF81E4020460EF0EB
S21402D8F845FA0146204604F0A3FE10F00C0103D1B7
S21402D908BDF81E0001F00EFD00222B4B1A602BB04C
S21402D918BDE8F08F2949BDF81E000EF016FB28490F
S21402D928BDF81E000EF074FA0028254B08BF002327
S21402D938214ABDF81E0013600CF08FFA214B1870AE
S21402D948BDF81E000CF08EFA1F4B1870BDF81E00AC
S21402D9580CF093FA1D4B186000238DF82230002F26
S21402D9683AD0164BDB889B0636D5194B1B689D07A3
S21402D9781ED4B8F1010F14BF082318230DF1220292
S21402D988009200220DF11E00114600F0D5FB18B3D6
S21402D998B8F1010FA2D10F4B1B78112B9ED10DF0B7
S21402D9A8C0FD00289AD140F61D40FBF70FFB95E70D
S21402D9B80823E3E7EA600020585A0020DE600020C9
S21402D9C8946800208F6800208E680020445A002041
S21402D9D8844C0020E6670020504610F09AFB8246E8
S21402D9E8BDF81E0010F000F8A0F11005EDB22A46A8
S21402D9F831460AA8F1F7B0FCFF238DF82F304FF610
S21402DA08F7739A4540F2DF80B8F1010F00F0E7801D
S21402DA18B8F1020F00F04681B8F1000F7FF45EAF4E
S21402DA28A44DBDF81E00EB88ADF8240004930CF054
S21402DA3888FABDF82460074630460EF09FF901467C
S21402DA48304604F0FDFD8DF82300B81C7E7810F0F1
S21402DA5860FB07460CF006FC06F00106B4F80090D8
S21402DA6803906C88002E7FF439AF4FF6F77A424659
S21402DA78494657458CBF0620082010F013FBBDF810
S21402DA8824B058460EF07AF9594602464346042010
S21402DA98CDF8008008F0FCF9574583460AD8B5F950
S21402DAA80620EB88002A05DB580603D541462046A1
S21402DAB8FFF714FEBBF1000F3FF410AF2B88002BC4
S21402DAC85AD16B79002B57D14FF6F7730DF1260111
S21402DAD89F42BDF8240094BF4FF0000B4FF0010B95
S21402DAE80DF0F0FDDFF8D8A100F1FF38BAF80030E3
S21402DAF81FFA88F10593EB88BDF82600069304F012
S21402DB089FFD069B04990190009322465B46059862
S21402DB18C1F340110AF0CAFE00283FF4DFAE042320
S21402DB2806200093BDF82610624B5FFA88F208F0CA
S21402DB38AFF900283FF4D2AE48F202036A889A4246
S21402DB4805D1BDF82410BAF8000000F025FF594D9B
S21402DB5809AA29460DF123000AF0A6FE0346002864
S21402DB687FF4BCAE2104BAF80000BDF8242060D5C4
S21402DB78234629460DF0BBFD9DF823304D4D03F094
S21402DB880C030C2B75D128890DF07CFD00283FF478
S21402DB98A5AE039B002029894B4514BF02260326FF
S21402DBA802F044FC444B18704FF6F7739F42BDF8D8
S21402DBB8240075D8A4F138025342534132463D49EF
S21402DBC804F036F88AE6B8F1020F6BD0394BB3F98F
S21402DBD80630002B26DAB8F1010F7FF41DAF0CF0E1
S21402DBE841FB238883423FF479AE0520BDF81E1018
S21402DBF8FFF736FA00283FF471AE2E4AD3885B0642
S21402DC0807D50023CDE900330A20FF232188FFF732
S21402DC18C1FA3A469DF822302188BDF81E0002F065
S21402DC281DF85BE629460AA800F070F80028D2D04C
S21402DC3854E60221DFF88C8088F800102946CDF8D1
S21402DC4800B003F0E5F9132C96D0EB885D0493D464
S21402DC581A4B1B78D80703D598F80020022A8BD0CF
S21402DC6899077FF53BAE98F80030012B7FF436AE65
S21402DC7882E700222B79124800936B7911460088B6
S21402DC8802F0FCFB0C4B18709DF8233003F00C03D3
S21402DC98082B89D1039B4B4514BF0426052683E728
S21402DCA801238BE74846BDF81E20024901F0AEFA6A
S21402DCB814E600BFDE600020AB680020A7670020DD
S21402DCC8EA6000209D68002010B5002108480CF084
S21402DCD89CF9044650B101460420FFF7C1F928B161
S21402DCE82046BDE810400121FFF7C2BD10BD00BFA7
S21402DCF8CE600020034BFF211A7803489200F1F702
S21402DD089BB900BFF27200203C49002070B5451846
S21402DD1804464FF0FF31AC4212D1104B10481A7825
S21402DD2805460023934211DB0E4C2078431CB3FBB6
S21402DD38F2F602FB163345F82010237000200CE09A
S21402DD4814F8010BE1F7F4FD0146E4E750F8044B3A
S21402DD58A14201D00133E5E7012070BDF27200202E
S21402DD683C4900209E680020042307B501200DEBDD
S21402DD780301054AF9F76AFA019B044A1B03136072
S21402DD8803B05DF804FB00BF23E11100545A0020DB
S21402DD98014B1868704700BF545A0020014B186898
S21402DDA8704700BF545A002010B5064C2368C3F3C8
S21402DDB80B0313B90448E2F74BFC2068431C2360A4
S21402DDC810BD00BF545A002023E111002DE9F04F80
S21402DDD893B003930023DDE91C79069399F8003083
S21402DDE883460DA804930E4615460AF0EDF999F8EF
S21402DDF8003013F003043ED0039B0DF1250A8DF87C
S21402DE0824300022082138460CF0BAF9002870D0CF
S21402DE1828880CF096F899F800301C074CBF043096
S21402DE28023010F076F907A98046F9F79FFB9DF8AD
S21402DE3824300446980633D5288806F10D010DF0DD
S21402DE4870FFA8B100230093384608232988721D5C
S21402DE5810F05CFA99F8003003F01803182B4AD130
S21402DE68B8F1000F47D0A94BB3F86830434542D003
S21402DE7840F60A4327E02888711D0DF052FF002855
S21402DE88F6D0009405233246298809A810F03EFAEF
S21402DE989DF824300DF1240A03F018030393B0E723
S21402DEA814BB39464046F9F761FD0028D2D099F8E6
S21402DEB800309907DCD040232246214640460DF022
S21402DEC8BDFC40F6094399F8002012F0030440F01E
S21402DED8F780288803930BF097FF224601461A20FC
S21402DEE810F0E0F8039BEBE007AB03CB38607960F1
S21402DEF8B0E74FF6FF780AF0BCFC044620B10421CE
S21402DF083846F9F74FFB04461E9B002B5AD00923C6
S21402DF181E990DA88DF834300AF0D0FA209B0BB162
S21402DF28209B0693039B002B40F08E800DA8EEF7ED
S21402DF38A7FB99F800309A0700F09880FFF734FF9D
S21402DF485146024601200AF0DEFC99F800309B078B
S21402DF5810D5594628880DF0BEFF0BF1090350FA72
S21402DF6883F35FFA83FB594628880DF08BFF00EB94
S21402DF780B06F6B299F8003013F0C20F0AF1040342
S21402DF880DD09DF82420624942F020028DF8242004
S21402DF980A68CAF804204A685A600AF10C03012281
S21402DFA809A800921B1A324629889BB210F0AEF9CD
S21402DFB8324659462846FEF7E1FE002800F0A480BD
S21402DFC800237DE01F9B5BB19E460DF1340CBEE834
S21402DFD80F00ACE80F00DEF80030CCF800309DE702
S21402DFE8049B594603F020032888049304F028FB70
S21402DFF810F0030F0CBF012300230593049B059A18
S21402E008003B18BF012342EA430300930DAA06AB5E
S21402E01838461F9900F0FEFA049A034682B1002891
S21402E02880D0059B0DAA0093384606AB1F9900F0D0
S21402E038F1FA034699F8002022F0200289F8002017
S21402E048002B3FF46FAF3EE7039B102B06D1BDF8BB
S21402E058363043F00103ADF8363067E7039B182BDA
S21402E0684FD1BDF8363043F00203F4E701200DF134
S21402E07825010AF056FC99F80030824613F0040F80
S21402E088288821D1069B1BB3002C35D00BF0BCFE8A
S21402E09800220146162010F005F884B17FB14FF62B
S21402E0A8FF7398450BD000230DA91A4638460AF086
S21402E0B816FB394640469DF835200AF0F0FB012348
S21402E0C8184613B0BDE8F08F002CDFD1104F01E0E0
S21402E0D8002CDBD100233246009359463B460DF00E
S21402E0E881F800283FF4C4AE002C3FF469AF069AC4
S21402E0F80AF10103136063E71B685345C6D8012477
S21402E108E8E740F60A43DBE71923D9E73C5900203B
S21402E1186C680020002307B5054A064813600422E7
S21402E1280DEB02010193E2F7CFFA03B05DF804FBA8
S21402E138545A002023E111002DE9F04F0446B1B0ED
S21402E14800888DF82F3016468A460DF017FE0146CF
S21402E158814620880DF096FE00EB090820880DF00F
S21402E168E3FE00239DF82F505FFA88F815F00107A2
S21402E1780790ADF8363008D101460DF136022088F0
S21402E1880DF089FD08B1ADF8367016B9CDE90E6600
S21402E1980EAEFEF763FC18B145F020058DF82F5039
S21402E1A80023CDE9033302930DF12F03CDE9006373
S21402E1B82246534641464846FFF708FE05460028CB
S21402E1C800F043819DF82F3013F0010746D1B44A78
S21402E1D823F02003106851688DF82F3010AB03C364
S21402E1E8184600F0FBF90546FEF744FDBBB2984216
S21402E1F800F2B7803A9B13B100233A9A1370BDF81F
S21402E2083630CBB1012120880FF00AFC2788054654
S21402E218002800F04F81012138460FF001FCBDF8B6
S21402E2283670054638460FF0DFFB002300903A4664
S21402E238194628460DF0B2FC0023CDE903330293B3
S21402E2480DF12F03CDE90063224653464146484660
S21402E258FFF7BCFD0546002800F0F7809DF82F3032
S21402E26803F01103102B40F003818E4B1B78432BCF
S21402E27840F0FE808C4B1B685B0640F1F9802088D4
S21402E28808F105010DF04DFD8346002800F0F080E8
S21402E2984146208804F0D4F9844B10F0200F08BFBA
S21402E2A81E4612A800F09AF90822314612A8F1F77B
S21402E2B80FFA002800F00E81314612A80AF0B8FAC2
S21402E2C8012326AE00933246002314A912A800F0B2
S21402E2D8A1F9002840F0CC8012AB0DF12F07CDE94A
S21402E2E803600290009322465346414648460197E9
S21402E2F8FFF76CFD002800F0EF80BDF89A3010207A
S21402E30843F0080318AA14A9ADF89A300CF041FE97
S21402E318002840F0AD8012ABCDE90360CDE901706C
S21402E32800932246534641464846FFF74FFD0546A8
S21402E338002840F09D8018AB4FF49071002012AA76
S21402E34800F0D4F84FF0005100200DF09FF8BBF112
S21402E358000F00F08C804FF0805100200DF096F8E8
S21402E36885E018AB14AA26A9F8B20AF00DFA002816
S21402E37840F09480082210A927A8F1F7A9F9834645
S21402E388ADB19DF8A53013F0020F08930FD00822FE
S21402E39812A927A8F1F79CF948B9089B590706D588
S21402E3A83A9B13B101233A9A1370089507E03A9BF1
S21402E3B8002B61D1BBF1000F70D1002308930DF139
S21402E3C8740C14AB0FCB8CE80F00BDF83630CBB10B
S21402E3D8012120880FF024FBB4F800B000284FD0A3
S21402E3E8012158460FF01CFBBDF83620834610461E
S21402E3F809920FF0F9FA00231946099A009058462E
S21402E4080DF0CCFB2A4B0DF1740B049300230393F7
S21402E4180DF12F03CDE9006322465346414648468E
S21402E428CDF808B0FFF7D2FC002837D1002D33D03C
S21402E43812AA5B464FF482714FF4005000F056F869
S21402E448089B13B126A809F0BAFF174B1B689A0750
S21402E4580DD4FEF703FB50B1114A18AB1068516889
S21402E46803C3002226A918A80CF0B6FD68BB00252F
S21402E478284631B0BDE8F08F00233A9A137099E720
S21402E488BDF836200A90104609920FF0ADFADDE97B
S21402E498092307990090B2E72A46CAE70137A3E696
S21402E4A8F20C0400E6670020844C0020A6590020DF
S21402E4B8804C0020BDF836B058460FF095FA2B4629
S21402E4C800905A4638460799B4E626A918A80CF0CA
S21402E4D8BFFDC6E78346F3E614AB2DE701461A23CB
S21402E4E80120014AF8F7B2BE24E10100F0B516464B
S21402E4F891B0074609A80D461C46FFF7EFFF3EB146
S21402E508336845F04005CDF826307368CDF82A30D2
S21402E5181B4B1A6822EA070242EA050119604B04F5
S21402E5280DD5BDF824200B0A03F4E243C9B222F43F
S21402E538E3420B4322F07F021343ADF824301A233A
S21402E5480020104A09A9F8F781FEB4B104A809F018
S21402E5583BFE02236A468DF810301546234604F120
S21402E5681006144618685968083303C4B34222468C
S21402E578F7D1294604A809F0A1FF11B0F0BD00BFE3
S21402E588844C002024E1010047F2FF10044B19686E
S21402E59841F48042014041F480411A600CF076BF93
S21402E5A8844C002000B589B0FEF7CAFB01A8FFF725
S21402E5B895FF0948BDF804200168130221F0FF01FF
S21402E5C803F4E2030B43D2B2134343F480430360DB
S21402E5D809B05DF804FB00BF844C002010B50C4B54
S21402E5E80446186888B0830706D54FF0FF332360C1
S21402E5F80120636008B010BD10F04000FAD001A8F0
S21402E608FFF76CFFDDF806302360DDF80A30EFE727
S21402E618844C00202DE9F04F99B081460C461E46E0
S21402E62817469DF88880A2B11546284609F0CCFD03
S21402E63818F0020B0FD004B911AC6B4622462946D5
S21402E64848460AF07FF80EB10023336019B0BDE8D9
S21402E658F08F0CADE9E76B462946484604AA0AF04D
S21402E6683EF86B7808F00108FF2B25D000287AD1EF
S21402E67854B104AB08AF1A4603CABA4220606160B6
S21402E688134604F10804F6D126B16A78374B03EB31
S21402E69882033360B8F1000F01D10020D6E7BDF837
S21402E6A80030D906F9D418204FF6FF716A780FF0B1
S21402E6B8F9FC40F60E40C9E7DFF8B8A0DAF80030F1
S21402E6C82EB19A0756BF2A4AC6F800B0326003F03F
S21402E6D83003102B01D0202B1ED111A8FFF7FEFE07
S21402E6E8082248460DF14601F0F7F2FF28B1DAF89B
S21402E6F8003003F04403402B0ED0B8F1000F0ED1C1
S21402E70808A80CF0C7FE02232B70C4B9002FC4D089
S21402E718281DFFF763FFC0E740F60A4096E7DAF8D7
S21402E7280030DB03ECD508A80CF0B4FE02232B70ED
S21402E738BCB9002FB7D0281DFFF750FFB3E7002655
S21402E74808AB0CAF1A4603CABA4220606160134689
S21402E75804F10804F6D1281DFFF740FF002E9CD0CE
S21402E768A1E70126ECE72D2070E700BF98480020B5
S21402E778804C0020844C002049B9084B197849B1CE
S21402E7884EF66023594328B105480FF0FDB941F209
S21402E7988831F8E70248F8F7DFBC00BFA567002013
S21402E7A8D04B002070B586B00546F8F7C3FD10B901
S21402E7B8022006B070BD01A8FFF710FF0646002823
S21402E7C8F6D08DB92E4B1C6814F0020406D02D4BD9
S21402E7D81B78112BECD12C4BB3F868404FF48163AD
S21402E7E80221ADF80C3023E02846F9F72DF9002867
S21402E7F8DED1234B1C6814F0020406D0214B1B788A
S21402E808112BD5D1204BB3F868400822294601A817
S21402E818F0F75EFF0028E1D04FF4027300260A21C3
S21402E828ADF80C302B68CDF80E306B68CDF8123088
S21402E838002203A80BF0A0FB024608B91920B8E785
S21402E8480F4B196801F03003102B17D0202B14BF7A
S21402E85801230323490001F004010B43204600214B
S21402E86800F0F4FF0028E9D000210120FFF784FF1A
S21402E87816B10122054B1A7000209AE70323E9E72E
S21402E888844C0020E66700203C590020936800204C
S21402E89830B500251D4C85B0CDE90055F8F75CFC6F
S21402E8A823784BB31A491B480A780078904223D932
S21402E8B80132012B0A700ED12A464FF4A07128465F
S21402E8C802F0BEFAC0B2B8B941F2883112480FF067
S21402E8D85BF905B030BD022B09D1284602A9F9F723
S21402E8E845F80028EED102A8FFF75CFFEAE7032BFB
S21402E8F802D101F065F9E5E7002108462170FFF725
S21402E9083BFF0421684609F0CDFBE2E79F6800203A
S21402E918A068002025730020D04B002070B5194A45
S21402E928194D04465168106886B02E7801AB03C3A9
S21402E9381EB10224204606B070BDF8F745FD02282F
S21402E948F7D103A800F0E8FD082201A90DF10E0090
S21402E958F0F7BEFEA0B10D4B32464FF4A07130461A
S21402E9681C7002F06DFA04460028E3D10123084A17
S21402E97841F2883107482B7013700FF005F9D9E772
S21402E9882324D7E7CBE804009F68002025730020DD
S21402E998A0680020D04B0020F0B50C4600219BB0A2
S21402E9A82B4F0646492207A80691F0F745FB3B7807
S21402E9B8012B34D19EBB0DF10E0120460CF082FECF
S21402E9C80546BDF80E000FF00FF8441BE4B2BDF87A
S21402E9D80E1023462A46009606A80FF097FC3046E5
S21402E9E804A9F8F7C3FFD0B9CCB19DF81920B2B97B
S21402E9F8BDF8233003F47E43B3F5285F1ED3B3F580
S21402EA08385F0ED31349BDF80E000B6843F40003B3
S21402EA180B60294609F026FF18B104233B701BB089
S21402EA28F0BD01220C4B04A81A70FFF7BBFE41F298
S21402EA3888310A480FF0A8F80223EFE711463A7021
S21402EA48FFF79AFE1E2104A809F02CFBE7E700BF91
S21402EA589F680020844C0020A0680020D04B00202D
S21402EA68014B1870704700BFA0680020014B187849
S21402EA78704700BF9F680020014B1870704700BFA0
S21402EA889F6800202DE9F04F0446408891B00E2971
S21402EA988846ADF81A0074D094F80890A7790BF057
S21402EAA850FA09A90546BDF81A00E6790DF04DFA9E
S21402EAB8BDF81A000BF04BF9430542BFBDF82A30E1
S21402EAC843F40053ADF82A30E379D80642BFBDF8BE
S21402EAD82A3043F48053ADF82A30BDF82A30990616
S21402EAE813D5022F52D10CA9207A0CF08CFDDDF832
S21402EAF83500DDF8391007AB03C307AA0021042343
S21402EB0800910DF11A00FFF717FB0121BDF81A0054
S21402EB180EF086FF022F824644D1454B33F8195031
S21402EB28B8F1000F79D0BDF82A305A0675D54FF6D7
S21402EB38FB72954271D83F4AB2F86820AA426CD056
S21402EB48DB0502D528460CF0A4FEBDF82A30D80408
S21402EB5863D5002F33D1BDF81A000BF0F8F8C106BA
S21402EB6863D548F23403BDF826209A4209D1324EBC
S21402EB783078FF2805D003222946FCF72BF9FF2315
S21402EB8833700023236011B0BDE8F08F012F01BF58
S21402EB98237A2A4A03EB430302EB830314BF0022B9
S21402EBA89A1CABE7012F05D10C2303FB09F3234A72
S21402EBB8D55AB5E7A81C0FF0ACFA0546B0E72846C2
S21402EBC801F07CFDBDF81A000BF0C1F8C206C8D4E5
S21402EBD86389504605930EF007FF834650460EF0AB
S21402EBE8E7FE059B02905FFA8BF04A46394601908B
S21402EBF80093404609AB09F0EDF9B8F1000F14BFCF
S21402EC080B20092016F0030218BF02F1FF3229462C
S21402EC1818BFD2B20FF046FAA3E7BDF81A000BF0F7
S21402EC2896F8C3069DD4002FD2D1A946D0E700BFD6
S21402EC38A05F00203C59002029730020E05E0020D7
S21402EC4838B500240F4B104D2A78A24205D8C2B90F
S21402EC58BDE838400D48F8F77FBA598869B9013ACD
S21402EC68D2B2A2422A70EFD0121B184603F1100144
S21402EC781201F0F733FA0346E6E701341033E4B23A
S21402EC88E2E738BD9C480020A3680020E071002017
S21402EC9870B51A4B1A4A1D780023DCB2A54200D872
S21402ECA870BD144666880133864202F11002F4D11A
S21402ECB8E379A588E16003F040028DB9CAB123F072
S21402ECC80403E3710BF03DF9037803F07F03037046
S21402ECD821880029E4D1BDE870400A480EF054BFE6
S21402ECE800216580A180002AE9D1BDE87040FFF7BF
S21402ECF8A7BF2046FFF7C6FEF7E700BFA3680020B7
S21402ED089C480020E07100202DE9F047044686B0B2
S21402ED1840880F4615460BF014F9A3798046082B4F
S21402ED2852D8DFE803F0052E18515151515105000B
S21402ED3802300FF0EEF9002D4ED06946F8F716FEAF
S21402ED48002841D1684601F063FDB0FA80F0400918
S21402ED5806B0BDE8F08702A9207A0CF054FC6B4690
S21402ED686E46DDF80D00DDF81110334A03C3237A28
S21402ED7832F81390314AD05C75B131460CF067FC14
S21402ED88E6E7237A2E4903EB430301EB830231F8C5
S21402ED982390907A961CEFE74FF6FB7AD14515D961
S21402EDA830460CF09EFD4FF6FF739842054615D086
S21402EDB80146304601F09EFC554508D9E379DA0645
S21402EDC80ED440F62243E3600020C1E74D462946AA
S21402EDD808F102000FF09FF90120B9E74D46EDE76A
S21402EDE84FF6FC78454512D103F00C030C2B1CD1C8
S21402EDF8DFB130464FF6FD7101F07CFC40F61F414C
S21402EE082046E160FFF73EFEFFF71AFFDCE74FF603
S21402EE18FD739D4209D10023304619461A4602F070
S21402EE28DBF84146304601F065FCE37943F00C0313
S21402EE38E37140F62343C6E7A05F0020AC670020D4
S21402EE48E05E002073B5044640880E460BF079F85B
S21402EE5802300FF05EF909F01CFD18B1A11C201D46
S21402EE6809F01CFDE6B1E5790135EDB2E57115F05C
S21402EE78400514D0ECF74EFF012205460021204635
S21402EE88FFF742FF18B1394B1B882B449DB2384B0B
S21402EE981B78042B01BF354B1B885B199DB2258056
S21402EEA8002231462046FFF72FFF20B360880BF07A
S21402EEB848F8E2792F4922F00C03E3710B780546ED
S21402EEC80133DBB20B70C3712B4BA61C1B780BB33A
S21402EED8E37998061ED52949097871B159060CD5E1
S21402EEE892070AD500220423114630460092FFF7FD
S21402EEF823F910B1E06002B070BD0022012311466A
S21402EF0830460092FFF718F920B1E37943F003037D
S21402EF18E371EFE7304609F0BFFC0028EAD16088C3
S21402EF28FCF7C0FA0328E6D8DFE800F0020D1D1940
S21402EF38E37943F00403E3711B06DCD5104B1A7819
S21402EF48104B1A70D7E740F62443E360E37943F0A0
S21402EF580803E3712B7803F07F032B70CBE740F6A8
S21402EF682543E360C7E740F62643FAE77E720020A9
S21402EF78E7670020E4670020E26700202673002087
S21402EF88AA670020A26800202DE9F74F06460EF071
S21402EF98D6FF5F4B0546B3F8009018805D4BA0EB92
S21402EFA809041B78A4B2A34298BF00234FF00008B6
S21402EFB84FF6FF7788BF1B1B564A88BFDBB2137013
S21402EFC8DFF864B1A9EB00030093534B5FFA88F2AB
S21402EFD8197891420ED80EB1FFF732FE4FF6FF733C
S21402EFE89F4200F08E8039464C4803B0BDE8F04F89
S21402EFF80EF0CABDBBF80220002A3CD0484B9BF84C
S21402F00807201878BBF800A0042818D00020BAF108
S21402F018000F08BFA2462044504523D2BBF8001072
S21402F028009B1944ABF80010002E4ED002F048029E
S21402F038482A4AD100215846FFF704FF45E00192C4
S21402F048F8F704FC30F01003019ADFD1FBF746FC10
S21402F058344B019AB3F800C08445D7D9ACEB00000C
S21402F06880B2D4E702F00C00042807D10022ABF8DD
S21402F07800200BF1100B08F10108A6E7510602F072
S21402F088030C02F008000ED528B3BCF1030F25D1F5
S21402F098DEB1DBF80C105846002908BF4FF442616F
S21402F0A8FFF7F0FC11E040B3BCF1010F25D11206C0
S21402F0B8EED44FF4C862ABF800209BF8072022F083
S21402F0C8030242F002028BF80720BBF800209742A0
S21402F0D828BF1746CDE703208445D9D213060ED596
S21402F0E80C4B1A780AEB0200844208DA4A44521B8E
S21402F0F80AEB0201ABF80010E7E70120ECE7012172
S21402F10899E7064803B0BDE8F04FF8F725B800BF00
S21402F118D4600020A2680020A3680020E0710020C6
S21402F128E76700207E7200209C480020F8B500257C
S21402F1380A4E0B4F3378ECB2A34204D8BDE8F84027
S21402F1480848F7F719BD07EB0414A01CF7F714FDD7
S21402F158201DF7F711FD0135ECE700BFA368002074
S21402F1689C480020CA60002070B500240B4D0C4E47
S21402F1782B78A34208D81B1BDBB22B706BB9BDE8F1
S21402F18870400848F7F7E8BF06EB041040F621413E
S21402F1980134FFF777FCE4B2EAE770BDA368002003
S21402F1A89C480020E0710020F8B5154EDFF858E0BC
S21402F1B835789EF800E0134FAE454FEA051C07EB7C
S21402F1C8051419D0002503F4835343EA1323A171C7
S21402F1D82272E371608027F80C50A58003F0A8FB22
S21402F1E840F60243E3603378608101332846337081
S21402F1F8FFF7CAFE2846F8BD40F60340FBE700BF05
S21402F208A36800209C480020F07200202DE9F04FE9
S21402F218344B0D461C78174685B05CB9B1F90680A2
S21402F228DFF8C890DFF8C8A0DFF8C8B099F8003051
S21402F238A34202D805B0BDE8F08F0AEB0416B088E0
S21402F24800B9708801A90CF080FEAA7A9DF80E30E3
S21402F2589A4244D1B8F1000F0FDA297A9DF80C20A9
S21402F2682B89914209D8204800780844824236DA27
S21402F278521A1B0A1341D90731D538460CF054FEE8
S21402F288BDF80A3004469A0602D5EB889B06D1D505
S21402F298F37903F00C03042B08D17088F9F786FD7E
S21402F2A800237288194618460CF015FB00213046D2
S21402F2B8FFF7E8FBFFF7C4FC38460EF095FB8442DE
S21402F2C808D2337A01228BF80030294600233846C2
S21402F2D802F0AEFCB8F1000FACDA0024A6E701345F
S21402F2E8E4B2A3E7A1680020EF720020A36800201A
S21402F2F89C480020AB68002008B50EF020FE074B9D
S21402F3081B88C01A80B2B0F5807F05D9BDE80840D0
S21402F318002103480EF038BC08BD00BFD4600020A8
S21402F328E07100202DE9F04788B004460D460CF03F
S21402F33825FD0146204603F083F910F003035FD14A
S21402F34810F00C0F06D12946204608B0BDE8F04753
S21402F358FFF79EBC20460AF0FAFCC30638D42046BD
S21402F3680CF00CFD0146204603F06AF906462046D4
S21402F3780AF0E7FD804602300EF0CBFE05A90746E6
S21402F38820460CF0E2FD06F00C0698F801300C2E2A
S21402F3980CBF4FF003094FF00609012113F0010FC5
S21402F3A8204618BF4FF003090EF03AFB174B80466B
S21402F3B81B88A3420FD1B5FA85F04009FBF748FC33
S21402F3C820460AF0F2FC0022014607200EF06AFEEA
S21402F3D808B0BDE8F08703F0ABFA824640460EF066
S21402F3E803FB064640460EF0E3FAF6B202903A46A9
S21402F3F849462846CDE900A605AB08F0EBFDDFE74F
S21402F408012BE5D110F00C0FE2D19CE7CA60002070
S21402F418002210B5094B1C78094BD1B28C4201D890
S21402F428002010BD197A814202D19979022902D0A8
S21402F43810330132F1E70120F3E700BFA36800208A
S21402F4489C4800200146002210B5084B1C78084B41
S21402F458D0B2844201D8002010BD187A884202D160
S21402F46898790128F8D010330132F1E7A368002012
S21402F4789C480020002210B40A4B1C780A4BD1B2D2
S21402F4888C4203D85DF8044BFFF7DABB197A81423F
S21402F49805D19979012902BF0021198059801033B4
S21402F4A80132ECE7A36800209C480020024B18783B
S21402F4B8003818BF01207047A3680020044B1B6859
S21402F4C813F0300F03D0202130200BF0DFBF704737
S21402F4D8844C0020002310B5044608491A4601EA5F
S21402F4E800414FF07F60FFF701F8E30703D50021DC
S21402F4F830200BF0CBFF002010BD00BF00007207C3
S21402F508044B5B8823F4784323F08D0303800020A2
S21402F518704700BF844C002008B500220346C3F893
S21402F5280220C3F806200B4A02301268D1B212F043
S21402F538200F18BF41F010011980930701D4FFF776
S21402F5484DF8054B1B78023B032B8CBF1720002077
S21402F55808BD00BF844C0020E667002038B5054683
S21402F5680C46FDF7EDFB98B10E4B187878B10E4BAA
S21402F5781B681A040FD58CB113F0420F00D17DB167
S21402F58803F44073B3F5407F0CBF0020232038BD38
S21402F59840F60840FBE740F60B40F8E72046F6E759
S21402F5A82320F4E7E2670020844C0020F0B50446E6
S21402F5B88DB007A80D46164608F006FE1022002152
S21402F5C803A8EFF739FD5CB1234603AC03F1100735
S21402F5D8224618685968083303C2BB421446F7D154
S21402F5E8012703A986EA070307A88DF81C708DF879
S21402F5F81D3008F054FF80EA070401A8E4B2EDF7CC
S21402F6089DF8B6B101A88DF80650EDF7C3F864B1B7
S21402F618002303A907A88DF81D3008F04FFF0C4BEE
S21402F6281B78432B01D1F9F7DBF80A4B1D700DB096
S21402F638F0BD01A88DF80750EDF7ACF8002CF6D00F
S21402F64803A907A88DF81D7008F038FFEFE700BF7A
S21402F658E6670020E1670020F0B5012593B007466B
S21402F6680DA80C4608F0B0FD05A90DA8ADF8345053
S21402F67808F03FFF01A8EDF761F809A90DA88DF873
S21402F68835509DF8066008F034FF0DA89DF807501F
S21402F69808F0C5FE70BB731BDBB2802B28D91FB1DE
S21402F6A8A64225D0A54223D105A90DA808F006FF33
S21402F6B803A8EDF743F803A88DF80F60EDF76AF88C
S21402F6C80122294609A8FFF771FF0AF0C5FF0121A2
S21402F6D84FF400700CF0EAF8FDF71AFBB0F1004F91
S21402F6E801D9FDF71BFB044B187808F0D9FC01205A
S21402F6F813B0F0BD0020FBE7E167002070B50E46A8
S21402F708144605460320FFF7B7F946F004022946D1
S21402F718204608F02DFF0022014B1A6070BD00BF7C
S21402F728804C0020F0B587B00788054610220021D5
S21402F73802A8EFF781FC3E4B1B78002B76D1BC055E
S21402F7485ED407F08403842B63D00022394C11461A
S21402F7581046FFF72BFF17F4045F276005F1020631
S21402F7681CD0B9040AD5304602F09CFA00284ED1BD
S21402F778236823F4005343F48073236030460BF067
S21402F78801FF002842D108F01DFD18B9236843F48A
S21402F79880332360236843F02003236022680DF138
S21402F7A8060042F400432360FFF7AAFE12F4805FC5
S21402F7B8BDF8063031D043F02003ADF80630216894
S21402F7C8334611F0400218BF05F123024FF07F605E
S21402F7D8FEF78CFEBDF80630DA0703D50021302086
S21402F7E80BF054FE23689B0506D5012295F82210D5
S21402F7F805F11200FFF7DAFE00200F4B186006E04C
S21402F80805F112000BF0BEFE00289AD0292007B098
S21402F818F0BDB80799D52320F9E723F02003ADF801
S21402F8280630FDF77BFAFEF775FCC8E70220EEE71E
S21402F838E6670020844C0020804C0020024B1868A3
S21402F848C0F30050704700BF844C00202DE9F04FEB
S21402F858064689461046002189B01546984602F0A3
S21402F868EFFE102807460AD86A4B0341DB0706D480
S21402F878C8F340049DB9002009B0BDE8F08F664B76
S21402F8881C78002CF6D0FFF7D9FF00280CBF4FF4DF
S21402F898F0744FF4D074FC4004F00104EAE74FF029
S21402F8A8000A18F0010F5346524629464FF0050043
S21402F8B8CDF800A00CBF4FF0080B4FF4027B06F001
S21402F8C80AFB0028D7D0C823324600935946534627
S21402F8D8284602F0DDFEADF80E000028CBD018F060
S21402F8E8080A4AD14FF6F773A7F10F02D2B29E4220
S21402F8F88CBF09230123012A01D843F04003474A53
S21402F9088DF810301378591C11708DF81130002CB0
S21402F9184FD09DF81030052F43F020038DF8103095
S21402F92833D03F4B1D78002D5AD04FF6F77300257B
S21402F9389E424FF00F0248D9012304A90DF10E008A
S21402F948F7F75EFB002896D1002C4DD1BAF10001DC
S21402F95833463A4618BF0121BDF80E00CDF800908E
S21402F96808F0A1FFADF80E00002884D018F0040FA6
S21402F9784DD031460BF00EF87EE749460DF10E00E3
S21402F9880BF0B9FF0028ADD175E70121BDF80E00CE
S21402F9980EF046F8012102F053FE0123834013F0CD
S21402F9A8620F1CD11E4B1B78E3B14FF6F77318256E
S21402F9B8BEE71B4B25461B780222002BBCD04FF60F
S21402F9C8F7739E42B8D8052FB6D0BAF1000FB3D156
S21402F9D89DF8103043F040038DF81030ACE7102540
S21402F9E80F22A9E71825FBE7BAF1000F0AD002236F
S21402F9F84A46009029460DF10E00FEF79DFB0028A8
S21402FA08A4D038E741235246CDF800A0F2E70AF020
S21402FA18A9FF31E79FFEFEFFE2670020E3670020AA
S21402FA28D66700202DE9DF431E46144B80461B6826
S21402FA380F469B0791460A9C1BD4204614B108F031
S21402FA481CFFC0B20622CDE902403B460020CDE9A3
S21402FA5800890B490CF012F9024650B10021002E1B
S21402FA680CBF01230323084604B0BDE8D043FFF7C2
S21402FA78EDBE002004B0BDE8D08300BF844C002051
S21402FA886C8404002DE9F04F8DB081468A461F46E5
S21402FA9893469DF85C803AB903A8FEF79FFDB0BB73
S21402FAA800200DB0BDE8F08F15460022232110462F
S21402FAB80AF062FAADF80A000028F1D00DF078FFD5
S21402FAC80523044618F0100F00F8023B677020D092
S21402FAD811220021EFF7B0FA04F11306032F4FF0B4
S21402FAE8080237D159463046EFF7F8FAC8F38013BA
S21402FAF806F10905337208F0BCFE00283ED0002342
S21402FB082B706B700123033505F8013C36E003AD14
S21402FB18CBE7012610221699EFF7E0FA06FA07F362
S21402FB2813F0620F02D104F11206D7E707A808F00D
S21402FB384BFB05A88DF81C60ECF700FE9DF8162016
S21402FB4818F0200F9DF8173008BF134604F1130665
S21402FB58A374C3E751463046EFF7C0FA012306F10D
S21402FB680802121B28460093BDF80A10082392B210
S21402FB780EF0CCFB042F06F11005BCD02D1BA9B243
S21402FB880DF10A000BF0E2FF002889D118F0040FE5
S21402FB980BD048460EF0AFFBFF281FBF074A32F8C5
S21402FBA8103023F4804322F8103043465146484624
S21402FBB8BDF80A20FFF74AFE73E700BF6C60002014
S21402FBC870B5032690B08DF80760F7F7B3FB18B93F
S21402FBD80224204610B070BD02AD2846FEF7FEFC91
S21402FBE80028F5D01B4B1C6814F00204F0D140F232
S21402FBF80F43194AADF82430136804A8CDF8263006
S21402FC085368CDF82A3008F0DFFA95E8030005AB0A
S21402FC1883E80300062304A88DF81D308DF81060CB
S21402FC28ECF72EFD01210DF12E020DF10700ECF77F
S21402FC387FFC22461A2109A80AF09EF9024608B94C
S21402FC481924C6E7012329462046FFF7FFFD0028A8
S21402FC58BFD1F5E7844C00206C6800202DE9F04FF0
S21402FC6804460D46002191B01F2208A89B4607911C
S21402FC78EFF7E2F920460CF081F80146204602F03A
S21402FC88DFFC8DF8110020460AF05BF99DF811306A
S21402FC98467899068146C6F34006204648BF46F08F
S21402FCA802060CF041F9804620460DF09DFE002221
S21402FCB8A0EB0803DBB2232B28BF2323009221469E
S21402FCC8424607A80EF022FB00283AD1A24B9DF81E
S21402FCD81C701B789DF81DA0B3B3FFF7AFFD002874
S21402FCE80CBF4FF4F0734FF4D073FB40DA072BD5F2
S21402FCF8B30729D4082F22D1BAF1040F21D1FBF772
S21402FD087FFBF0B9012342460093214605200DF1F8
S21402FD18110306F0BDF8A0B1053F0D2F11D8DFE894
S21402FD2817F024001000AF01BC01C5011000100036
S21402FD381000100010001000CB01F901F901052F80
S21402FD4807D011B0BDE8F08F102F05D1BBF1000F18
S21402FD58F7D0FBF755FBD5E7FBF752FB0028D1D0C7
S21402FD68052FCFD0112FCDD0EBE7BAF1050FE8D883
S21402FD7820460AF049F8029009F102000EF0C9F985
S21402FD8882460DF11200FFF7BBFB01239DF81D808A
S21402FD9803FA08F313F0620303932DD0BDF812306A
S21402FDA89D0722D5B407CCD5FBF72AFB0DF11E001A
S21402FDB80BF0E8FBB8F1030F04469DF82EB02FD1DE
S21402FDC80DF12F050AF04EFA824540F03181032ED6
S21402FDD8B7D19DF836100DF11E02003918BF012161
S21402FDE80DF12E0008F06AFDABE7FBF709FB0028C9
S21402FDF8DCD1002EA5D0D9E7FBF702FB68B10DF1DE
S21402FE081E000BF0BFFBB8F1030F04464FF0000BC1
S21402FE1840F082800DF12E05D4E7002E91D0EEE751
S21402FE284E4B1B6898072AD5FF2208210DF137008A
S21402FE380AF0A6F9814610BB034601460DF13702C1
S21402FE480220FEF753FB0AF00DFA82450DF137073A
S21402FE580DF12F0523D04FF6F7739A4540F2ED8041
S21402FE680022082128460AF08BF9002800F0E580CF
S21402FE78002259460DF11E00FFF798FB61E70DF1C7
S21402FE8837070DF12F0538460BF028FB002848D017
S21402FE980AF0E8F9824540F0CC804FF0000928467F
S21402FEA8F7F7D2FD002800F0C480B8F1010F5BD046
S21402FEB8B8F1040F7FF445AF0BF033FB10B1032EF5
S21402FEC87FF43FAF002C7FF43CAF3A4602210DF197
S21402FED81E00FFF713FC224B1B7863B1FFF770FE78
S21402FEE8FEF7C4FD022806D10120FEF7B9FD01215E
S21402FEF80846FEF741FC1B4B1B78022B20D1032138
S21402FF08384608F0CFF8FEF7B1FD014600287FF420
S21402FF1818AFFEF731FC14E70DF136070DF12E0582
S21402FF28B1E7104B1B78432B7FF40BAFB8F1010FE8
S21402FF387FF407AF0AF096F982457AD1C146AEE752
S21402FF48412B7FF4FEAE054B1B6859057FF5F9AECB
S21402FF58F9F73EFEF5E600BFE2670020844C002073
S21402FF6893680020E66700206C4D2B78022B22D07F
S21402FF782B78412B3FF4E5AE3CB9FBF741FA5946DC
S21402FF8802460DF11E00FFF711FBFBF739FA0028AF
S21402FF983FF4D7AE0BF0C5FA614C98B123681B053F
S21402FFA802D42B78432B0DD1B0070BD440F61A4057
S21402FFB8F9F70CF8C5E60BF0B4FA0028D8D0B20761
S21402FFC8D6D4BEE6206810F0020002D102990BF0E1
S21402FFD867FC2B78112B16D12368590513D50020F8
S21402FFE8FEF7E0FB044600287FF4ABAE0AF0A8FB57
S21402FFF840F61C40F8F7EAFF21462046FEF7BCFB0F
S214030008F8F7F0FF9DE6B20701D5FFF757FAB9F1FF
S214030018000F9DD008F0D6F818B94FF480310BF0CE
S21403002835FA00223F4B38461A600BF04EFA8FE734
S2140300380027039B002B7FF40EAF4FF6FF7328466B
S21403004805A9ADF814300AF000F920B128460AF0DD
S214030058DDF8ADF814004FF6FF73BDF814009842A8
S2140300683FF46FAE002C0CBF0423152301930DF148
S2140300781E0300933A4643462946FFF703FD60E608
S2140300880DF11D00F7F7E0FC00283FF45AAE0222F4
S21403009829460020FAF79EFE53E6F3077FF551AE8E
S2140300A83246284607A90BF025FC4AE69DF81D109C
S2140300B80120FFF7D1FA44E6184B1B78022B20D110
S2140300C8002D7FF43EAE05A8FEF788FA00283FF415
S2140300D838AE154B1D709DF81D30002B14BF6424D5
S2140300E86524FEF7C3FC032806D128462946FEF7EF
S2140300F843FB2846FEF7C0FC214605A807F0D2FFB7
S2140301081FE6043B012BDBD9284608F0C2FB002870
S214030118D6D116E6204608F0BEFB12E6E6670020B0
S214030128844C0020804C0020936800202DE9F3417E
S21403013805460E46174698460BF0F3F9044640B1B3
S21403014801233A4631462846CDF80080FFF76AFC75
S21403015804460BF0E6F930B1FFF770FB78B10A4BAB
S2140301681B689B010BD400233A4631462846CDF834
S2140301780080FFF757FC002C0CBF0446012404F04C
S214030188010002B0BDE8F081844C002070B58AB047
S21403019805A808F019F8022301AA15468DF81430A5
S2140301A8084B03F11006144618685968083303C445
S2140301B8B3422246F7D1294605A808F070F90AB0D3
S2140301C870BD00BFD3E80400014B1878704700BF22
S2140301D827730020014B1888704700BFA6720020BB
S2140301E84FF6FF732DE9F043994280460D4685B0D6
S2140301F80BD000274FF6FD791C4EEBF791FDFCB2AA
S214030208A0420BD84FF6FF701DE0F7F71DFC002839
S214030218EFD005B0BDE8F0430AF024B836F814303A
S2140302284B4517D8694620460BF0B1F908224146D4
S2140302380DF10500EFF74CFA4FF6FF7360B99D42D0
S21403024804D136F8140005B0BDE8F08326F8145038
S2140302580BF077F90137D0E79D42FBD036F8143018
S214030268AB4208BF26F81490F4E700BFA05F00204F
S2140302782DE9FF4706460F4600254FF6FD79DFF8BA
S2140302883C80DFF83CA0EBF74BFDECB2A04202D86B
S21403029804B0BDE8F08738F814304B450CD86946E7
S2140302A820460BF074F9082231460DF10500EFF7E6
S2140302B80FFA08B90AF804700135E4E7A05F0020CE
S2140302C8AC670020014B33F810007047A05F00208E
S2140302D8F0B5064600250D4F85B0EBF721FDECB2C9
S2140302E8A04201D805B0F0BD37F81430B3420BD19D
S2140302F8694620460BF087F99DF80030022B1CBF91
S2140303084FF6FD7327F814300135E6E7A05F0020A3
S21403031830B585B004460D46EBF702FDA0420FD96B
S214030328084B33F814204FF6FD739A4208D86946EB
S21403033820460BF068F929460DF10500FFF750FF34
S21403034805B030BDA05F002030B585B00446EBF796
S214030358E7FCA04219D92046FFF75AF80546B0B974
S214030368694620460BF013F99DF800302BB1694611
S21403037820468DF800500BF028F94FF6FF72002040
S214030388044B23F8142005B030BD2820FBE740F6BD
S2140303980440F8E7A05F00202DE9F0410B780546F6
S2140303A80E461BB9BDE8F041FFF7CEBFEBF7B8FC26
S2140303B8A84231D92846FFF72BF878BB374617F8F3
S2140303C8058B4FF6FF713846FFF70AFF0446384693
S2140303D800F01EFAB0FA80F04009B8F1000F15D005
S2140303E8B8F1030F15D04FF6FF724FF6FD7394421C
S2140303F808BF1C460B4B314623F815400A4B585585
S21403040828460BF0E2F80020BDE8F0814FF6FF74AB
S214030418F0E74FF6FE74EDE72820F5E740F60440CC
S214030428F2E700BFA05F0020AC6700202DE9FF417C
S2140304380D4604464FF6FE780F4F0E0AEBF770FC90
S214030448A04204D8FF24204604B0BDE8F08137F85C
S214030458143043450CD1694620460BF098F89DF8AE
S2140304680520EBB29A4203D19DF80630B342EAD090
S2140304780134E4B2E2E700BFA05F00202DE9F04FA5
S2140304880C461746984600254FF6FD7B87B09DF821
S21403049840A0DFF85C900190EBF742FCEEB2B04266
S2140304A801D8FF2616E039F816205A451ED83046D6
S2140304B802A90BF06CF83FB99DF80920424515D1FF
S2140304C89DF80C20524511D144B939F81620019BE2
S2140304D89A420BD1304607B0BDE8F08F0822204673
S2140304E80DF10D01EFF7F4F80028F3D00135D3E743
S2140304F8A05F002010B514460BF049F82046BDE867
S214030508104008220149EEF7E9BD00BF6C680020D9
S2140305182DE9FF47074615460846082224491E467E
S214030528EFF7D6F8044600283FD14FF6FF7ADFF8F0
S2140305388490EBF7F5FB5FFA84F880450BD385B315
S214030548384605F066FD01250C9B187001203570AA
S21403055804B0BDE8F08739F8183053451FD069460C
S21403056840460BF014F87A789DF801309A4216D173
S2140305787A88BDF802309A4211D13A799DF8043048
S2140305889A420CD108220DF10501781DEFF7A0F861
S21403059828B9002DD7D1404605F056FDD3E70134D8
S2140305A8C7E7FF2005F050FDCEE70020D0E700BFE1
S2140305B86C680020A05F0020F0B50025154E164F86
S2140305C885B0EBF7ADFBECB2A04201D805B0F0BDA1
S2140305D8694620460AF0DBFF9DF80030032B06D950
S2140305E80023694620468DF800300AF0EEFF9DF892
S2140305F8002062B14FF6FD734FF6FE71032A08BF5B
S2140306080B4626F81430002301353B55D9E74FF639
S214030618FF73F6E7A05F0020AC670020F8B50E4628
S21403062804464FF6FF770C4B0C4D1B7803EB43033E
S21403063805EB8305A54202D800242046F8BD238887
S214030648BB4206D008223146A01CEFF741F8002823
S214030658F3D00C34EEE700BFF1720020E05E002012
S214030668044BFF211A78044802EB42029200EEF785
S214030678E3BC00BFF1720020E05E0020F8B5044634
S2140306880C4B0D461B781046A3420DD90C270221A6
S21403069817FB04117C43084E08223144EEF71EFD6F
S2140306A8335B00202B80F8BD0023136053604FF69E
S2140306B8FF73F6E7F1720020E05E002038B50446C3
S2140306C84FF6FD75FFF704FE0022084B1878084B13
S2140306D8D1B2884200D838BD33F80C1C0132A14287
S2140306E808BF23F80C5C0C33F2E700BFF172002056
S2140306F8EC5E002070B505460E460846FFF7DEFF9B
S21403070831462846FFF76CFD29460648FFF786FF5D
S21403071800B970BD044624F80C6B0AF012FF29468C
S2140307282046F3E7E05E002010B5082286B023498A
S2140307380446EEF7CDFF20B906B0BDE8104009F031
S21403074891BD082220461E49EEF7C2FF20B91D4B6D
S214030758B3F8680006B010BD0023012221464FF601
S214030768FF700093FFF78AFEFF2806D0164B33F870
S21403077810004FF6FB739842ECD903A8FEF7CCFE9D
S21403078858B9BDF80C305B0607D5082221460DF18B
S2140307980E00EEF79DFF0028DCD021460B48FFF736
S2140307A83DFF40B14FF6FB724FF6FF730088904249
S2140307B888BF1846CEE74FF6FF70CBE76C68002075
S2140307C8A65900203C590020A05F0020E05E0020C8
S2140307D870B5002204464FF6FB7608460A4B1D788A
S2140307E80A4BD1B28D4201D8002009E01988B142DC
S2140307F807D8A14205D10822991CEEF76FFC012001
S21403080870BD0C330132ECE7F1720020E05E002085
S21403081837B5014605460E48FFF700FF044640B1C4
S214030828807A29460AF013FF80F00100C0B203B0AD
S21403083830BD03460090012229464FF6FF70FFF7A6
S2140308481DFEFF2816BF034B2046185CE9E700BFCA
S214030858E05E0020AC6700202DE9F341224B0446F6
S2140308681B780F468342154638D9FEF7EBFDB8BB0F
S2140308784FF6FD739D421D4E0ED004EB440326F837
S21403088823504FF6FF739D421FD12046FEF7F2FD15
S214030898002002B0BDE8F0810DF10601384609F0E4
S2140308A8D4FC4FF6FF72BDF806303846934218BF9D
S2140308B81D460C236343F55206EB0308FFF7A8FF10
S2140308C8B0FA80F0400988F80A000C2303FB04609A
S2140308D8082239460230EEF701FCD9E72820D8E784
S2140308E840F60540D5E700BFF1720020E05E002021
S2140308F838B504460D46FFF7BBFC21460448FFF708
S2140309088DFE00B938BD857221460C30F7E700BF67
S214030918E05E00200023074A1370074A1370074A4D
S214030928118801B11380064B1A880AB100221A806F
S214030938704700BFA5680020A4680020DA6000207E
S214030948D86000202DE9F04F3C4C1D46238887B01D
S2140309580746884610469DF840605BB952B10BF0CF
S2140309680EF920804FF4FA61354807B0BDE8F04F1A
S2140309780DF00AB9DFF8D890B9F80040002C49D032
S21403098820460DF031F8C0F3470620460DF010F860
S214030998DFF8C0A00296BAF80030DFF8BCB00193BF
S2140309A8BBF800300446009300222B460120254955
S2140309B80BF064F9ADF81600E8B1012504EB46061A
S2140309C8B4420DD1BDB9BDF81630A3B12A46414687
S2140309D8384600F06FF9ABF80050AAF800500AE062
S2140309E8012321461A460DF11600F6F709FB0234D1
S2140309F805460028E4D00023134AA9F800301378E4
S214030A08013BDBB21370002BACD107B0BDE8F04F47
S214030A18FFF780BF0D4C237823B90DF0F3F908B917
S214030A2801232370324629460520F7F70DFA0028D6
S214030A38EBD1207007B0BDE8F08F00BFDA60002066
S214030A480072002072840400A5680020A4680020B1
S214030A58D8600020746000207660002030B5154DFD
S214030A6887B02C889CB923464FF4A07248F2380105
S214030A7803A80AF0C8FE21462046FAF7E3FA2246F8
S214030A880D4B009403A9FFF75DFF07B030BD204662
S214030A9809F057FA04300DF03CFB03A904462888EE
S214030AA80BF053FA0023009320462A8803A900F084
S214030AB8AFFAEAE7DA60002000F8FF0737B5002048
S214030AC801A9FAF7BFFA0D4C014623780C4D7BB102
S214030AD80C4B019A1878FAF7CBFA2078F8F74CFCFF
S214030AE8002323702B700848F6F736FB03B030BD97
S214030AF82B78002BF7D0FFF7B1FFF4E7A7680020A1
S214030B08A5680020A66800200072002008B50548DE
S214030B18F6F732F80448F6F72FF8BDE80840034816
S214030B28F6F72AB8DA600020D8600020D6600020DE
S214030B382DE9F04F89B089460446CDE905239DF88B
S214030B484870139E30B316F801ABBAF1000F23D0E2
S214030B580AF1FF34A400E4B23146012007F0E1FEAF
S214030B68C00E1BD1DFF838B13146012007F0D9FE95
S214030B789BF8005034442279BDB1002F47D1802317
S214030B884846CDE90277CDE900773E4A059900F055
S214030B9891F83CE08246DFE75446DDE71B28ECD9AC
S214030BA83146012007F0BDFEE7E7DFF8F880FF2AA5
S214030BB800EA08080BD14246E379A179607901EB8C
S214030BC8032189B209B0BDE8F04FFAF751BA2E49A6
S214030BD809688B070AD5FE2A35D101230135EDB2FC
S214030BE8202D4FEA43030AD1FF250AE02946284663
S214030BF80792FAF727FA4845BFD1079AEBE79845CD
S214030C08ECD1224B1B78FF2B04D0AB4204D009B09F
S214030C18BDE8F08FFF2DFAD029460020F4F7B2FF7F
S214030C280028F4D09BF800306479002BEFD1FFF747
S214030C3871FE17484FF410510CF0A6FF154B8BF8AE
S214030C4800501C70E3E7052A97D8BAF1010F94D829
S214030C58B8F1000F91D0002FD9D17379002BD6D0D5
S214030C680D49098821B9082B28BF08230B490B709F
S214030C78434648461292DDE9051209B0BDE8F04F2F
S214030C88FFF760BE72840400844C0020287300209B
S214030C9800720020A6680020DA600020A5680020FD
S214030CA8A768002000F8FF07014B1880FFF7D6BE99
S214030CB8D86000200CB42DE9F04F8BB014AA0E466A
S214030CC852F8041B07460992002940F08F80BDF8A6
S214030CD85400ADF82200002800F0A18033794FF6BF
S214030CE8F778002B40F0868047458CBF4FF00908FD
S214030CF84FF008084C4B1C78FF2C40F08380B6F95D
S214030D080230002BA9BF494B347A1C780134A2BFA2
S214030D18E4B21C7044F08004DFF81CB122460021BC
S214030D2801F0A2FC9BF80030BDF82200002B6CD023
S214030D38DFF808A14FF00009BAF8003007930CF063
S214030D4853FE0546BDF822000CF032FEEBB2CDE9A1
S214030D580193FF23CDE90309009322463346394618
S214030D680798FCF7B5FB4FF6FF7305468BF800901C
S214030D78AAF80030382D33D13246394640460DF1AD
S214030D88220307F08EFD00284BD04FF6F7739F42D9
S214030D9826D8B6F902307088002B21DA48F2040206
S214030DA82349244B4FF00008904214BF89469946BE
S214030DB809F058FA494603468A220120CDF80080EE
S214030DC80AF05CFF814658B12246414601F04CFCC6
S214030DD8FF23324639464046CDE90098FCF7DAF950
S214030DE828460BB0BDE8F04F02B0704701200AF062
S214030DF822FF6EE7002347458CBF4FF00608984648
S214030E08337177E7FF221A7086E7CDE90003324687
S214030E18FF2339464046FCF7BDF90546AAE71925D8
S214030E28DEE70546DCE700BF2A730020A968002032
S214030E388384040078840400A8680020DC6000200B
S214030E4870B54FF4003300240546164688B0ADF84F
S214030E581A100DF10F0204A90593ADF81840ADF862
S214030E681C4004948DF80F4007F0FAFC9DF80F30E9
S214030E7828460193049B044A009305A93346FFF7C3
S214030E8819FF08B070BD00BF7C84040030B54FF46A
S214030E988035002487B00395BDF82850CDE90012A5
S214030EA88DF81030074A034603A9BDF82C008DF8C1
S214030EB81140ADF81250ADF81440FFF7FBFE07B02B
S214030EC830BD00BF88840400B1F1006F2DE9F043FC
S214030ED814462CBF392238228BB01D464FF0000328
S214030EE8ADF81E204FF480022CBF4FF00109994637
S214030EF8FF2C0646ADF81C300892ADF824304FEAAE
S214030F0811471FFA81F80FD109F0BDFCB9F1000F9C
S214030F1819D1154ACDE9020543463046CDE9007492
S214030F2807A9FFF7C7FE1AE0FE2C0AD109F0ABFCA7
S214030F380130C0B209F0B2FCB9F1000F12D00B4A67
S214030F4802E0E8B2F8E70A4ACDE90305012330468A
S214030F58CDE90174CDF8008007A9FFF7ABFE0BB007
S214030F68BDE8F083034AD5E780840400868404003A
S214030F787F840400878404004FF498124FF080633C
S214030F8810B586B0CDE903230023ADF8143009F075
S214030F9869F90446F8F796FA054B01900093054A53
S214030FA8234603A94FF6FD70FFF784FE06B010BD6F
S214030FB86C6800208C84040008B5064B1B78022B4B
S214030FC802D0043B012B03D8FFF7D6FF002008BD49
S214030FD80220FCE7E667002030B500244FF480655E
S214030FE887B0CDE900128DF81030084A034603A9E6
S214030FF84FF6FD708DF811400394ADF81250ADF816
S2140310081440FFF757FE07B030BD00BF90840400B6
S2140310182DE9F04F99B00E4605460CA91046CDE9C2
S2140310280A329DF888700AF04DFBBDF8309080466A
S21403103848460CF0D9FCB6F902300446002BB6F83D
S21403104806A0B6F802B004DA00228D4B1A70002008
S21403105849E048460CF0C8FC4045F5D3A4EB080421
S214031068E3B2002F18BF4FF4A07A152B099328BFB5
S21403107815230024013308F1FF324946DBB292B246
S214031088009412A80DF042F96FEA4B436FEA5343F4
S2140310987C499DF8482008684968ADF83E300DAB92
S2140310A803C3ADF84040ADF83C40ADF842A0ADF8F8
S2140310B84420BBF1000F24D10DF14900F6F7C4FC18
S2140310C8A0B109F0CFF85C4680460DF151060DF144
S2140310D849030A9A96F80090012A2CD14FB384F054
S2140310E8010404F0010019B0BDE8F08F0DF14900C2
S2140310F80AF0F7FB4FF6FF74011B4C4280464C413F
S214031108E3E7BBF1010F57D1BDF8498009F0AAF808
S21403111880450AD040460DA90AF0E6FB80F0010494
S214031128E4B20DF14B060DABD3E7574B0DF14B0667
S214031138CFE70A9CD5E75FB344BBB9F1010F25D8BF
S21403114830D109F08FF809F08DF822468046717879
S2140311584D4B029100210120CDE900814B490AF04D
S2140311688DFDADF8320088B124BBB9F1010F0CBF71
S2140311780D210C210DF132000AF0E8FC024628B9CD
S2140311882846BDF832300FA9FFF794FD0120AAE7D9
S214031198B9F1010F04D1002CD3D081227178D8E796
S2140311A8002CFAD1B9F1010F94BF002201227178FD
S2140311B8D201CEE70C21DDE70A9B002B7FF447AF6D
S2140311C87388342B4BD1099B092B7FF440AF002F30
S2140311D87FF43DAF9DF951603A46B41008210DF1EE
S2140311E8490004F0200408F0CBFFA0B1284B1B7875
S2140311F8012B3FF42CAF274A274BB2F868201B680D
S214031208AA421DD0DA001BD5C8232846234A0FA9AD
S214031218FFF750FD1BE70DF14900F6F715FC00280C
S214031228E4D10DF149000AF05CFB4FF6FF739842D0
S214031238EAD02146F9F778FE03460028E4D1E4E726
S2140312485B0201D5002E08DA00232846134A0FA9A5
S214031258FFF730FD124B1C70F9E68D23D5E7099B83
S214031268CDE905A204930DF14903CDE9028331467E
S2140312782846CDE900790B9B0FAA00F03DF8E6E671
S2140312889D680020F20C04006C6800209484040017
S214031298E76700203C590020844C0020DC39040012
S2140312A829730020024B187840F08000704700BF6F
S2140312B8A9680020014B188000207047AE720020F2
S2140312C84FF6FF71034602881B798A4217BF074900
S2140312D801200A8041881EBF054A00201180FF2B83
S2140312E81EBF044A00201370704700BFAA7200206E
S2140312F8A8720020AA6800202DE9F04FA1B09946ED
S214031308BDF8AC302D9F0D939DF8B03004460E9370
S214031318BDF8BC3038460F939DF8C0304E888846D3
S21403132815469DF8A8B010930CF0F3FE112E8246CE
S21403133871D808F097FF504576D0062E10D14FF691
S214031348FD72924526D0BBF1000F10D100228023F0
S214031358CDE900A229462046BC4AFFF7ABFC06E0C7
S214031368BBF1000F03D1032E07D8012E09D800229C
S214031378B74B1A7021B0BDE8F08F043E022EF6D89C
S214031388E4E7802329462046B24ACDF800A0FFF7B3
S21403139891FCECE7B04B1B785E074CD408F062FF71
S2140313A80026034632460120A84900960AF066FC42
S2140313B83B79ADF866000F930028DBD0DDE90E32E3
S2140313C80D9803EB42090CF00FFB5FFA89F909F154
S2140313D805085FFA88F88045CCD241460D9801F097
S2140313E82FF9109008EB40080D980CF0FDFA80458D
S2140313F8C0DADDE90F321343DBB2002B40F0348248
S214031408BBF1000FB6D1D84642460421BDF86600A4
S21403141801F02AF974E1904A3A2E127812D948F262
S2140314283B039E4207D013E08B4A127850070BD52E
S214031438321F022A08D8B8F8063043F48043A8F8BF
S214031448063097E71B2E1DD8B21E91B213295FD913
S214031458109B494602930F9B3046CDE900B30E9A7C
S214031468234607F004FA0F2884D10122784B1A7012
S214031478794B1B789B0740F12783BBF1000F7FF45A
S21403148879AFD8E7A6F11C011E29E1D801A050F8C8
S21403149821F000BFE71A0300591403005914030088
S2140314A87D13030059140300D5180300D518030049
S2140314B8591403005914030059140300591403005C
S2140314C8591403005914030059140300591403004C
S2140314D8591403005914030059140300591403003C
S2140314E859140300591403000719030007190300C6
S2140314F8B91A03005914030059140300DB1A03002E
S21403150859140300371B03004D1B03005B1B030022
S214031518132A9DD801A151F822F000BF75150300C0
S21403152805160300231603003B170300A513030041
S21403153859140300591403005914030059140300DB
S21403154859140300591403005914030059140300CB
S21403155859140300591403005914030059140300BB
S2140315687F18030059140300131B030000231A9360
S2140315788DF866300DF1660322460E9948460093A9
S2140315881AAB07F06EF908F06DFE0646EAF7D4FBC9
S214031598162894BF4FF002094FF02209F7F792FF77
S2140315A82E4B0746B3F800A0FBF7EAFD2C4B804604
S2140315B84FF6FF70B3F800B00AF04BF9294B9DF8C5
S2140315C866201988244B1B7813F002031CBF264B8E
S2140315D81B780B921A9ACDE90701CDE90932402305
S2140315E82946CDE9019320460023CDE9058BCDE9AD
S2140315F8037A1E4A0096FFF75DFBBBE608F032FE49
S2140316081B4B1C4A1B88CDE92A0300232946204680
S21403161821B0BDE8F04FFFF74DBBBE781AA9731E7D
S214031628DBB2EF2B304627D9F22E25D005F04BFC3C
S214031638822608F017FE00232946CDE90003034A4D
S21403164833462046FFF736FB94E600BF788404004B
S2140316589D68002083840400A7670020AE720020DC
S214031668AA720020A8720020AA6800209A840400A0
S214031678AC720020A784040005F025FC002856D089
S21403168808F0F0FD9DF86C209DF86E100492BDF8E6
S2140316986A2049000392BDF86820C9B2CDE9016201
S2140316A89DF86D2003465200D2B208320A440092CF
S2140316B801200022C6490AF0E1FA9DF86D30ADF81C
S2140316C866008DF8633000283FF454AE4FF00008E8
S2140316D801230DF163011A460DF16600F5F790FC38
S2140316E8074600287FF446AE9DF86330FAB2934265
S2140316F80CD89DF86E308DF86330B8F1000F02D021
S214031708BDF8663036E04FF00108E1E7414630465B
S21403171805F0DBFB0123ADF86400022219A90DF1DD
S2140317286600F5F76DFC01370028DDD022E6832630
S2140317387FE708F097FD064605F0E6FB334600907C
S21403174800220120A3490AF099FA00283FF412AEB2
S21403175800273E46ADF8680005F0D6FB5FFA87F823
S21403176840450DD832460421BDF8680000F07CFFDA
S214031778BDF86830002229462046FFF79BFAF9E5AC
S214031788404605F09EFBFF288DF866000BD0012324
S21403179801361A460DF166011AA8F6B2F5F730FCBB
S2140317A800287FF4E7AD0137D6E75046B7F802902E
S2140317B805F087FBFF288DF8640000F0E2811AA97C
S2140317C805F081FBBDF868304B4507D04FF6FF722E
S2140317D8914540F0D681190400F1D3819DF86D3008
S2140317E812930E9B0533DBB213930F9B14930023BC
S2140317F84FF0000911934B4613E017934900139BC8
S214031808C9B219440D9889B20AF0DBF94FF0000AF9
S214031818179B159012995FFA8AF28A4216D309F132
S2140318280109149A5FFA89F19142E6D39DF86E206E
S2140318381292169A1392002B40F09581119B002B57
S21403184840F09F81109B14930123D1E711999DF8CB
S2140318586400179305F039FB159A179B0AF1010ADA
S214031868824208BF0123D5E709F106095FFA89F31F
S214031878B046169386E1BD1C29465046BC7A06F048
S21403188879FB01222946504609F092F9504609F099
S214031898F4FF28460AF025F83A88824207D04FF61E
S2140318A8FF72904203D00CF026FD0AF006F884F087
S2140318B80804C4F3C00421462846FFF719F821464E
S2140318C8284621B0BDE8F04F06F0FABFBBF1000F7B
S2140318D87FF450AD12073FF5AEAD33463A46294678
S2140318E8204601F08FF900287FF444AD8423294667
S2140318F82046394A21B0BDE8F04FFFF7DBB90F9809
S21403190897F8008009F061FD00210746204601F09C
S214031918E3FC312EA7EB0007FFB240F0D5804FF06B
S214031928000A012053465246CDE9008A2B490AF09D
S214031938A5F9ADF8660000283FF41CAD16225146FB
S2140319481AA8EDF779FB1AA808F015FF4FF0FF332E
S214031958DFF894B0CDE91C339BF80090B9F1000F7B
S21403196802D14FF0010A55E01D4E33796F2B02D989
S2140319780026324625E050461CA9F6F73DFF002808
S214031988F6D0184BB6F80090B3F86830B9F1000FE4
S2140319982CD1003B18BF01235B0143F004038DF8E9
S2140319A87A3002238DF87B3073881B0A49461EA8B3
S2140319B88DF87D300CF0AFFBB8F1000F65D000262C
S2140319C801220221BDF8660000F04EFE32461CE5F1
S2140319D8AB84040078840400DC390400B384040070
S2140319E8386000203C590020E0670020B3EB090369
S2140319F818BF01235B0143F005038DF87A300223F1
S214031A088DF87B300F238DF87C30CDE70AF1010A79
S214031A185FFA8AFA0AF1FF36F6B230460CF071FC22
S214031A28C307F3D59BF8003019EB030F04D009F16D
S214031A3801095FFA89F9E9E7584B1CA91878304475
S214031A48C0B2F6F7D9FE002892D0304609F046FF12
S214031A58814630460CF055FCC0070FD416238DF884
S214031A687A304F4B1B780133DBB20F2B28BF0F237B
S214031A788DF87C304B4B33F8163096E730460CF02F
S214031A8840FC8107EAD41223E9E7BDF866000BF0A9
S214031A98ABFF1630B84292DC012316221AA90DF1C1
S214031AA86600F5F7ADFA00287FF464AC012660E714
S214031AB812073FF5C0AC3B46224629460F9801F06D
S214031AC8F9F800287FF456ACBBF1000F7FF452AC4C
S214031AD80CE7BBF1000F7FF44DAC802307E708F053
S214031AE8C1FB50457FF446ACB81CF5F7ADFF00289C
S214031AF83FF440AC08F0B6FB064608F0B3FB2A4BA7
S214031B082A4ACDE92A03334680E538460CF001FB1A
S214031B1809F09FFE00283FF42DAC2A90002329469F
S214031B282046234A21B0BDE8F04FFFF7C3B84B461B
S214031B382A4621460020CDE92AB721B0BDE8F04F52
S214031B48FEF7F6BF4B462A4621460120CDE92AB7BB
S214031B58F3E75B464A46294620462A9721B0BDE85E
S214031B68F04F06F0B2BE012319A91A460DF1660016
S214031B78F5F746FA00287FF4FDAB08F101085FFA8B
S214031B8888F8013605F0C0F95FFA86FA50453FF63D
S214031B980CAEB8F1000F3FF433AC35E4F77200200F
S214031BA8926800206A6000206C680020B8840400ED
S214031BB883840400F8B5164B04461D88154B20F895
S214031BC8025B196879B10822EDF788FA124B0C20E4
S214031BD81B78124EA372124B19780023DAB291427D
S214031BE805D8FF2209E0C4F802104160EEE7013386
S214031BF800FB03F7F75BAF42F0D10A4BE2721B78A0
S214031C082373094B1B786373084B1B682361F8BD62
S214031C18EA600020585A0020AB680020D45E0020F3
S214031C28F17200208F6800208E680020445A002036
S214031C38F0B589B006460C4615460AF075F90DF157
S214031C480A02014630460AF026F8144F0346F0B94E
S214031C5801223A702288BDF80A102AB1024600907B
S214031C68072004F015F990B103A8FFF7A3FFBDF802
S214031C780A000BF0B9FE0646BDF80A000BF098FEFC
S214031C8821460090F3B2284603AA06F09DF90023DE
S214031C98034A3B70136009B0F0BD00BFAC68002070
S214031CA8585A0020142230B58BB005460DEB0201B6
S214031CB81548DEF7DDFC10BBBDF81430DA0720D470
S214031CC813F0060FC3F3410208BFC3F341220F4BB9
S214031CD80DF116019C5C68462246EDF73DFBBDF800
S214031CE8263004F128026A4402F8283C02341B0A08
S214031CF802F8273C69462A46E0B209F04AF90BB0CF
S214031D0830BD2320FBE700BF703214E0EBE8040085
S214031D1810B58AB0ADF826200022CDE90522049234
S214031D280CAA02924FF6FF720446AC2101200192D8
S214031D38064A039004FB0122603200924CF6200107
S214031D480DF1260209F0D9FD0AB010BD3C59002052
S214031D5810B54FF6FF741E4A8AB0B2F86800B2F898
S214031D685E10A042ADF82600B2F85C304FF6FD7060
S214031D78ADF8241018D081424FF0000094BF48F6FF
S214031D8860014CF66001CDE90500CDE90300CDE915
S214031D98010094BF09AA603200920DF126020420BE
S214031DA809F0ABFD0AB010BD81424FF000008CBFAE
S214031DB8603209AA00928CBF4CF6604148F660412F
S214031DC8CDE90500CDE90300CDE90100014AE6E7C0
S214031DD83C590020A659002000B50E4B0022B3F844
S214031DE85E308BB0ADF824304FF6FF73CDE905228D
S214031DF8CDE90322CDE9012209AA00924FF4006136
S214031E080DF126020720ADF8263009F076FD0BB053
S214031E185DF804FB3C590020202A10B5144614D854
S214031E28012A04D10C88B4F5004418BF01246200C3
S214031E3830B10748EDF752F9064B00201C7010BD69
S214031E480548EDF74BF9054BF7E72120F7E700BF01
S214031E58EC600020AD6800202C610020AE680020EE
S214031E682DE9F047104617460CF053F9DFF814A18E
S214031E78DFF814919AF8003099F8002005461343C2
S214031E8802D10020BDE8F08710F4406800F0400651
S214031E9819D186BBB0F5804F5CD24FF4807400230B
S214031EA89AF80000344AD9B288425DD8002399F8D4
S214031EB80000324AD9B28842E3D932F8021B01330A
S214031EC8A142F7D155E0F81C0CF023F94FF6FF733F
S214031ED8984214BF0124022486B1052605F440431C
S214031EE8B3F5004F44F0080424D0B5F5804F23D249
S214031EF844F4807420E044460326EFE7B5F5804FA4
S214031F084FF00506F4D3B8F5406F14BF0220082037
S214031F18304438440CF0FDF8194B05F44045B3F843
S214031F285C3083420CBF44F0080444F00404B5F55F
S214031F38004F01D144F08004B8F5006F0ED1B819EC
S214031F480CF0E7F80E4BB3F85E308342A7D144F0A3
S214031F581004A4E7444603260220D9E7B8F5406FE1
S214031F6808BF44F020049AE732F8021B0133A14263
S214031F7899D1012086E700BF2C610020EC60002081
S214031F883C590020AE680020AD6800202DE9F04FCC
S214031F98104685B0164698460CF0BBF85D4F00F021
S214031FA80803B7F85C10044600F00709F01C029310
S214031FB80391B7F85EB00CF0ACF806F1050A0546CF
S214031FC850460CF0A6F803464FF6FF70854218D025
S214031FD80399A1EB050CDCF1000545EB0C056D0038
S214031FE84FF6FF718B420ED145F004050BF00AFF3E
S214031FF8029B6BB1B9F1000F11D0422005B0BDE8C2
S214032008F08F0125ECE79B4508BF45F00805EDE78B
S214032018B9F1030FF1D8DFE809F0021B795D0BF07D
S214032028F1FE08B9A807E8D524F00804A4B2B4F565
S214032038004F05D0B4F5624F02D0B4F5404FDCD15B
S2140320480025294697F8A820002007F058FF3CE00B
S214032058D7F88030E3B9002132460846FFF700FF79
S214032068D8B948F6410224F038039BB29342C4D148
S2140320780A2D49D0062DC0D197F87730023B012B9D
S214032088BBD8F3F745FD0028B7D140F6040505E0AD
S2140320984146304698470028DDD00825E20648BF63
S2140320A845F08005A30648BF45F4805505F00C03A4
S2140320B8042BC6D1F01D0CF02CF897F8A83032463E
S2140320C8009341462B4607F0EFFE08B30E9B188095
S2140320D8002093E7A90705D14FF6FF73B7F85C20EE
S2140320E89A428AD104F44063B3F5006F0AD0B3F575
S2140320F8406F82D1082250460749EDF7E9FA0028CF
S2140321087FF47BAF0C25C9E70425C7E7432075E7AB
S214032118192073E73C5900209C590020034B1A7872
S2140321281AB1FF2A04BF00221A707047B06800204D
S21403213870B5084C084E2378F55C1DB13E21074858
S2140321480BF009FFFF2223782846F2540023237056
S21403215870BD00BFAF680020B0680020BC840400D0
S214032168034B044A1B78D05CFF3818BF012070471E
S214032178AF680020B06800200023074A07491360A9
S214032188074A1360074A1360074A11600121074A82
S2140321981170074A13607047685A00208DBA030007
S2140321A8645A0020605A0020207200202B730020F7
S2140321B8705A00200E2A70B50C4606461546194670
S2140321C803D9FFF7D9FF502070BD012807D1002097
S2140321D8F3F7B8FCB0B1FFF7CFFF2120F4E780226E
S2140321E80021224B1A70224B1960224B1B684BB1F5
S2140321F834200BF051FC204B188018B9FFF7BCFFAE
S2140322080120E1E724F0FF6323F4FF231BB1FFF764
S214032218B3FF4F20D8E774B92046F3F7ADFC012483
S214032228032510F0800F43B21BBF00F01F039C402A
S2140322389C4044F078440020104B24F078441E70E9
S2140322480F4B10491D70104B1C60104B1870104B29
S2140322581A68F4F71FF818B1FFF78EFF0420B3E7E0
S2140322689DF810200B4B1A70AEE700BFB16800202C
S2140322786C5A0020605A00206C610020B668002063
S214032288B468002081250300705A0020B568002032
S214032298685A0020B26800207FB5244B00251A78B8
S2140322A801232348234903FA02F200781A440A60F2
S2140322B8ADF80E5020B3984236D11F4C1F4B2078EA
S2140322C81B680DF10E0198471D4EBDF80E203070A1
S2140322D892B11C4B29460093284602230195F4F72E
S2140322E813F83278237822B1012A12BF1B2301334D
S2140322F8DBB2237004B070BD013818BF0120F0E7C5
S21403230878235A43013A0A6008220F490BF00AFB5E
S2140323180B49094A0978137821B1012912BF1B23EF
S2140323280133DBB21370E5E71846E3E7B468002029
S214032338B6680020745A0020B56800202072002072
S2140323482B730020BD25030099DD0300024B186894
S214032358003818BF01207047605A002037B5054675
S2140323681C460BF04FFD68B974B1084B1A60084B4E
S2140323780A461C600123294600930323FFF71AFF26
S21403238803B030BD4D20FBE72520F9E75C5A002053
S214032398645A002013B504460BF034FD58B962B1ED
S2140323A8074B1A6001230A46009321460323FFF7C7
S2140323B801FF02B010BD4D20FBE72520F9E700BF5B
S2140323C8605A00202DE9F0410446DDE906861D46DD
S2140323D89DF820700BF016FD88B99EB1A2B10B4B81
S2140323E801201A600A4B0A46C3F80080094B2146A7
S2140323F81E602B460697BDE8F041FFF7DBBE4D206F
S214032408BDE8F0812520FBE72120F9E720720020AC
S214032418685A0020645A00200148F4F7ADBB00BF91
S2140324286C6100202DE9F0410020F3F7A1FE114B63
S214032438114C1E68114B20881D68114B114FD3F899
S214032448008010B13978F4F771FD00203870FFF773
S21403245893FEF4F7ABF90EB14046B0473DB120887A
S214032468A84700232380BDE8F0410BF0EFBDBDE885
S214032478F08100BF645A00206C610020605A002077
S214032488705A0020B7680020F8B52F48F4F764FEA2
S2140324982E4B187830BBF3F76FFB2D4F06463B6879
S2140324A803B32C4B2C4D1C6824B195F900301A46FF
S2140324B81946A047294B1B6883B1294C2378312B2F
S2140324C80CD8284B18880BF073FA23785A1C2270FA
S2140324D82A78C25423785A1C2270C65480232B7039
S2140324E800233B60204C23781A2B22D81F4A1278E5
S2140324F8012A09D100211E4A156825FA03F0C007E8
S214032508DAB20ED501B122700020F3F735FB217835
S214032518884212D10022174B1A70FFF7BDFE40B946
S214032528F8BD0133D8B21A284FF00101E5D90A4499
S2140325382270BDE8F840FFF775BF0020F3F72EFBBF
S2140325480028E7D0F5E700BF24720020B66800200D
S2140325586C5A00205C5A0020B1680020605A00209C
S214032568B76800206C610020B56800202B73002034
S214032578705A0020B368002008B50B4B187880B94A
S2140325880221F3F7CDFA094B1B782BB100214FF63E
S214032598FF720846F3F7A6FABDE808400448FFF7B3
S2140325A873BF00210846ECE7B6680020B26800202F
S2140325B82472002038B5144B0C461D78012D21D102
S2140325C881B90846F3F7D8FA104A05FA00F01368F3
S2140325D80F4923EA0003136020462A46BDE838401D
S2140325E80BF0A0B90B4A13780133DBB2022B137036
S2140325F804D9BDE838400848FFF746BFFFF74CFE46
S2140326080028F6D138BD00BFB6680020705A0020EF
S21403261899DD0300B36800202472002038B50C4601
S21403262805460BF0E1F9A04203D82D2103480BF029
S21403263892FC28460BF0BCF9204438BDD08404002D
S21403264870B506460D460BF0B3F9044648B1304656
S2140326580BF0CAF9A84203D8352102480BF07BFCD5
S214032668605D70BDD084040070B50C4606461546FA
S2140326780BF0BAF9A04203D83E2104480BF06BFCD2
S21403268830460BF095F900B1055570BDD0840400AB
S2140326982DE9F0438FB007460C4615461E469DF8AF
S2140326A85880F8F755F920B1F4F796FE08B144F4C4
S2140326B800544D4B1B7813B924F40074A4B22005B8
S2140326C809D546B9284604A9F5F750F9002846D08F
S2140326D824F40064A4B2ADF81840ADF81A5007F015
S2140326E8C1FD424BADF81C00B8F1000F02D01A78B2
S2140326F8424501D293F800803D4AE105137848BF66
S2140327080DF1210103F10103DBB2137058BF08A9C9
S21403271822058DF81E808DF81F3006D533680831DC
S21403272841F8083C736841F8043CE30407D5314A8A
S2140327380831136841F8083C536841F8043C0DF126
S2140327481808A1EB08005FFA80F9002148460BF049
S214032758A3F9064628B900200FB0BDE8F08304AEF7
S214032768B9E70BF025F941464A46ECF7F5FD30463E
S2140327780BF03AF9804630460BF01AF90023024666
S21403278800934FF6FF7004235FFA88F107F08CFB7B
S214032798ADF80E000028DED040F201131C421AD111
S2140327A84FF6F7739D4216D80BF01EF90DF10E017E
S2140327B80446284600F090FDBDF80E000BF014F909
S2140327C8E4B2A04207D9BDF80E0007F0BAFB437877
S2140327D843F004034370BDF80E003A4601210BF09C
S2140327E833F9BDF80E00B7E7E2670020EB72002066
S2140327F8E46700206C680020F0B50829D58889B0FE
S21403280828D00C2926D0AE0424D405F040030B4365
S214032818424C267816B105F0200423432FB2002F26
S214032828B8BF43F08003032920D11223AC068DF8E2
S2140328380430937A10D48DF805300DF1060401A9F7
S214032848621A012392B2F4F7DBFBB0FA80F0400970
S21403285809B0F0BD0B46DBE732228DF805308DF85C
S2140328680420002EE9D00DF11304E8E70C298DF8AF
S21403287804300ABF138953798DF80530548805BF89
S2140328881B0A8DF806308DF805300DF1070318BFBF
S2140328980DF106031C70240A5C70148802399C70B8
S2140328A8240ADC70147901291C7111D8917A002F37
S2140328B8597131DA022112899971DA71120A03F110
S2140328C809041A72002EBAD0AB06B8D50534B6E793
S2140328D8A9071AD4002F0CDA117A51B1917A5971D3
S2140328E81189127A03F1080492B102229A71D971F6
S2140328F8E8E70B4C217801F1010C84F800C09172CB
S2140329089C1D002F5971DDDAEAE7917A9C1DF8E7DA
S2140329180122090A9A71EAE79C1DD3E7E2670020B9
S214032928E3670020014B1880704700BF6E610020E4
S214032938014B1888704700BF6E6100202DE9F843E5
S21403294807460BF001FB05461B480BF078FC1B4BB0
S21403295860B31C683C1B2C44A4B20022184BDFF857
S21403296868901B78174D03EB830399F8006005EB13
S21403297843055FFA82F846450AD9AB8805F10A008B
S214032988A34216D90A23B21A29465A43ECF7A6FBDA
S214032998013689F80060AC80B8F1000F03D13946D8
S2140329A805480BF0F1F82846BDE8F8833C461D6059
S2140329B8D3E705460132DCE744720020785A002044
S2140329C8B868002006600020B96800201FB5154ABD
S2140329D8154C1378013BDBB213706168206801AAB3
S2140329E803C221891180114A1278D21805D00A2306
S2140329F820465A43E118ECF771FB9DF806301B078F
S214032A080DD0BDF80C00FFF799FF03468288ADF892
S214032A18082001AA03CA1288186059601A8104B0EC
S214032A2810BD00BFB868002006600020B968002003
S214032A38002108B5084B09481970094B1970094B4A
S214032A481A7802EB82025200ECF7F6FABDE8084061
S214032A580548F4F781BB00BFB9680020066000206C
S214032A68B8680020F572002044720020F8B50024E8
S214032A78084D094F094E3B783178E2B20B449A4227
S214032A8804F1010400DBF8BD2846F4F775F80A35A7
S214032A98F1E700BF06600020B9680020B868002088
S214032AA810B5064C207828B1054807F076FF10B114
S214032AB8034B188810BDFFF789FFF3E7B8680020B3
S214032AC80660002008B50A4A0346107860B1094A2A
S214032AD81088984209D121B99378103323F00F034D
S214032AE89370FFF773FF012008BD0020FCE700BFC3
S214032AF8B8680020066000202DE9F74F00260BF083
S214032B0823FADFF8F890B24699F80070B3463A46C7
S214032B18DFF8EC801FFA80FEB8F800C0344CAEEB42
S214032B280C039BB201932378324D009303EB830384
S214032B3805EB4303ACEB0E0C5FFA86FEBE4515D3D6
S214032B48BAF1000F01D0009B2370BA422AD3002F94
S214032B5837D00A222378C8F8000002FB0353264816
S214032B68998803B0BDE8F04F0BF00EB8B3F804E04D
S214032B7801998E4512D84FF0010A009993F802E09E
S214032B8801310EF1FF3EC9B2013AA3F804B083F847
S214032B9802E00091D2B20A330136CDE7E644A3F841
S214032BA804E0F8E789F800204AB10A222378C8F82F
S214032BB8000002FB0353104899880AF0E5FF2378C0
S214032BC813B903B0BDE8F08FFFF76AFF064600287F
S214032BD8F5D007F0EAF80146304607F0DBFE20B1E9
S214032BE800212888FFF76EFFE9E740F60241F8E779
S214032BF8B86800200660002044720020B9680020E8
S214032C08785A00202DE9F04192F808801F4608F10B
S214032C18FF33DBB2EF2B05460E46144688B00BD9B6
S214032C2882238DF80E30314628469DF80E30204A0A
S214032C38FEF740F8012037E00E22002104A8ECF73F
S214032C48FBF9B4F809308DF81180ADF81230E37A41
S214032C5803F07F02032A08D0012B24D103238DF81F
S214032C681030A389ADF815300EE0032B14BF0223EA
S214032C7801238DF81030E368CDF815302369CDF8B5
S214032C881930237D8DF81430A7F121014A420DF13E
S214032C980E034A41009321460DF10F0304A8FDF7DE
S214032CA837FC0028BFD1002008B0BDE8F08100BF7C
S214032CB8DC3904002DE9F04F00241D7895B0CDE9E2
S214032CC802010492234622460120CDE900544049D6
S214032CD808F0D4FFADF81E00F8B1A34626462746EB
S214032CE80DF120090DF1380AE9F71AF85FFA84F8A6
S214032CF8404516D83A460221BDF81E00FFF7B4FC35
S214032D0832460421BDF81E00FFF7AEFCDDE90310CA
S214032D180022BDF81E30FDF7CDFF012015B0BDE833
S214032D28F08F4A4640460AA9FDF7E4FB9DF828209B
S214032D3822B12DB1013DEDB20137FFB20134D3E71D
S214032D48BBF1000FF8D199E803009DF829308AE80B
S214032D5803008DF84030BDF82A30032A8DF8413039
S214032D684FEA13238DF8423017BF032301238DF848
S214032D7843309DF82C30DDF83110DDF82D0014BFF4
S214032D888DF84C308DF8433011AB03C302980CBF53
S214032D984FF00E084FF0150808F017FB0590BDF81E
S214032DA81E000AF021FE059900EB080399420BDB87
S214032DB80123424651460DF11E00F4F721F9002877
S214032DC8ABD10136F6B2B7E74FF0010BB4E700BF55
S214032DD8B384040038B505460D4B0E481C88F4F733
S214032DE8A7F9012D0CD10C4B1C88FA21614358B165
S214032DF8884209D28408012C204638BF012038BDF2
S214032E08022D08BF0224F0E702480AF0BDFEF2E7E7
S214032E1802600020704B002000600020012208B5E5
S214032E28054B06481A7000210AF0AEFEBDE80840B6
S214032E380020FFF7CFBF00BFCD670020704B0020F0
S214032E481E4B73B51A8802F108039BB2012B02D8EE
S214032E581B4B1B7823B902B0BDE87040F4F77CB966
S214032E680024184B184D1C70184B1C702B787BB11C
S214032E784FF6FC73164E00932246234621463088A7
S214032E8808F0C9FC4FF6FD732C70338001200FE061
S214032E98104B1046197807F07BFD0028F6D10C4B2B
S214032EA81A884FF6FD739A42F0D0012302202B703E
S214032EB802B0BDE87040FFF78DBF00BF0460002076
S214032EC8CD670020D0670020CE670020CF6700209C
S214032ED8FE5F0020D1670020012808B50AD0022823
S214032EE80CD020B9084B18700848F4F735F94FF09A
S214032EF8FF3008BDBDE80840FFF790BF0020BDE8D7
S214032F080840FFF767BF00BFCD670020704B00205F
S214032F1802280CD859B1064A13780133DBB213706A
S214032F28044A12789A4202D80220FFF7D5BF7047A0
S214032F38CF670020D267002038B5A0F61343012BCD
S214032F4804460D4615D80E4A13780133DBB21370C0
S214032F580C4A12789A420CD84FF6FD720A4B002098
S214032F681988914201BF00221D80084B1A70FFF78B
S214032F7831FF29462046BDE8384005F029B800BF8A
S214032F88D0670020D3670020FE5F0020CE670020AE
S214032F9800234FF6FD71054A1370054A1370054A58
S214032FA81180054A1370054A13707047D0670020CE
S214032FB8CF670020FE5F0020CE670020CD67002085
S214032FC830B5094B02461B7833B1084B084C1978C1
S214032FD80023D8B2884201D3FF2004E0013334F833
S214032FE823509542F5D130BDF4720020D5670020F2
S214032FF8DE5F00200022FF21044B05481A70054BAC
S2140330081970054B1A789200ECF716B8D5670020A6
S214033018E25F0020D4670020F4720020F7B58DF82D
S21403302807100DF10701044602F09EFF234B1D7897
S214033038002D41D02046FFF7C3FF214EFF283178E5
S214033048204B05D1204A107885422DD9451C15708A
S214033058884219D01C4A1B4D92F800C00022D7B2EA
S214033068BC450CD92F4697F803E00132864505F18F
S2140330780405F4D102B203EB8202D278FA7002B2E4
S21403308803EB8202D170307002B203EB820123F89D
S2140330982240FF228A709DF80720FF2A02D003EBFE
S2140330A88203987003B0F0BD0A46104603EB82020B
S2140330B8D278FF2AF9D1CBE7FF20F3E7F472002092
S2140330C8D4670020E25F0020D56700202DE9F84387
S2140330D8FFF776FFFF28044669D04FF6FF72354F91
S2140330E803B2DFF8DC80344E27F8232098F8005024
S2140330F8A54202D10020BDE8F883337820B28100C8
S214033108A34207EB800090F803E010D00023294A77
S2140331185FFA83F94D45944606D99CF80390013324
S214033128A14502F10402F3D18CF803E001E086F826
S21403313800E0013DEDB22A1BD2B2043192003944B5
S214033148EBF7CCFF88F800503378FF2B04D0A34264
S21403315824BF03F1FF33337000214FF6FF70154B7E
S214033168CAB2AA420CD300234FF6FF71134ADCB245
S214033178AC42BBD2013332F823008842F7D1B5E715
S2140331889A78A2420BD11880DA78FF2A04D0A24292
S21403319824BF02F1FF32DA7001310433E0E7FF2A75
S2140331A8F2D0A24224BF02F1FF329A70ECE72D2038
S2140331B8A1E700BFE25F0020D4670020DE5F00209F
S2140331C8D5670020F8B51C4B05461B78084673B32D
S2140331D8FFF7F6FEFF28044629D02846FFF7F0FE39
S2140331E8FF2806D0154B164E1A780023D9B29142FB
S2140331F818D3FF212846FFF711FFFF28014616D0EC
S2140332080546104F23B207EB830237F82300967858
S214033218FFF704FFA84208BFFF25FF2E214608D163
S2140332282846F8BD013316F823108142DED1FF2560
S214033238F6E73446E6E700BFF4720020D5670020B9
S214033248E05F0020E25F00202DE9F04180460E464D
S2140332581F46002386B001A814469DF830508DF803
S2140332680330FEF7A7FCADF804802EB13368CDF81B
S21403327806307368CDF80A3038460AF099FB0DF124
S21403328803034219214601A804F0AEFE9DF8033055
S21403329893B931464046E8F737FF0E4B1B785BB1C8
S2140332A80B2C09D8FF214046FFF7B8FE064605EB68
S2140332B84404E4B2A54202D106B0BDE8F08129462B
S2140332C8384608F07EFC3146FFF7A8FE0235064668
S2140332D8EDB2EFE7F472002000232DE9F3470DF172
S2140332E807028DF8073004460E4602F028FE9DF8BE
S2140332F80730054663B92046FFF762FE04465EB10B
S21403330830880AF071FB5FFA80F8FF2C45D1002558
S214033318284602B0BDE8F087B046F6E701320C2A25
S214033328F5D02DB207EB8505AD78FF2DF6D112F053
S214033338FF0AECD04FEA4A050235EDB2002EE7D075
S214033348304605EB080108F001FC0028DFD1524699
S21403335841463088FFF788F90AF1FF3208F1010180
S21403336808F102093088D2B2C9B25FFA89F9FFF7C1
S2140333787BF924B207EB8404A478FF2CC8D023B2C5
S214033388494637F82320308808F02BFC0028BED19E
S21403339809F102095FFA89F9EBE725460022014F8E
S2140333A8BFE700BFE25F002010B50446018801208E
S2140333B8D5F714F8E3880BB9C823E38010BD37B5EF
S2140333C80446D5F719F8658885420ED8A188E28899
S2140333D8814205D3431B5343491BB3FBF1F39AB20C
S2140333E880B240EA024003B030BD0022F8E770B569
S2140333F891F860300C46BBB9088800F088F994F851
S2140334084430054683420FD004F11C06304600F0CC
S214033418B9F984F8445000F0B9F9618BA0643046D2
S214033428BDE8704000F0A9B970BD38B5044690F8F9
S21403343844108378826CCB1A59425941D3F7BEFDA0
S214033448E37893B1257985B900F0A0F90346A26815
S214033458218A04F11C009C1A8C4236BF521829464E
S214033468D11ABDE8384000F088B938BD09B100F074
S2140334783AB900F042B938B58388044603B3E3780B
S2140334880088A17804F10C05A3B10023B1FA81F1F1
S214033498E3704909FFF7EAFF4FF6FF72A38821890D
S2140334A893421CBF03F1FF33A3802846BDE8384088
S2140334B800F063B90123E370FFF7D8FFE188F4E768
S2140334C838BD10B5044681780088FFF7CFFF01237F
S2140334D8E3700023A38010BD10B581780446B1FAC3
S2140334E881F100884909FFF7C1FF0023E370A38031
S2140334F810BDFFF7F1BF70B50446054600262B46F8
S21403350855F8040B10B11B1B0C2B00DD70BD237C78
S2140335188680002BF3D0637C13B1FFF7D2FFEEE768
S214033528FFF7DAFFEBE7FFF7E6BF70B50446054695
S2140335384FF6FF762B4655F8040B10B11B1B0C2BC6
S21403354800DD70BD8388B342F4D04FF4FA724FF6A9
S214033558FF731146D3F786FDECE709B100F0C3B84D
S21403356800F0CBB810B50446C0600830D5F7A8F805
S21403357894F838308BB921792088B1FA81F1490952
S214033588FFF7EBFFA37943B121796088B1FA81F19C
S214033598BDE810404909FFF7E0BF10BD50B1003938
S2140335A818BF012143798B4204D0036B41710BB1D9
S2140335B8406B1847704700F0D6B80346184613F80A
S2140335C8012B8A4201D0002AF8D1704710B53B2157
S2140335D804460068FFF7F1FF0022034603F8012BB1
S2140335E82068236010BD10B540B1421E0A2400208F
S2140335F812F8013F303BD9B2092900D910BD04FBA4
S2140336080030F5E703463038C0B209280DD9A3F1D0
S2140336184102052A02D8373BD8B27047A3F16102A4
S214033628052A01D8573BF7E7FF20704738B5034606
S21403363898B191B1007878B15C7874B1FFF7E2FF7E
S21403364805462046FFF7DEFFFF2D06D0FF2804D0E9
S21403365840EA05100870012038BD0020FCE708B5CD
S21403366800F07EF808B540F2BA4200211020D4F7DD
S21403367831FE41F2E823584340F6FF7300F2FF7029
S214033688B0FBF3F080B208BD50F80C3C23B150F8F9
S214033698041C30F80E0C18477047084619B1FF216A
S2140336A8103002F073BB704773B505460E466DBA05
S2140336B81446D4F73BFFADF804507EB1012C04D072
S2140336C8032C09D00022012101E02246022101A889
S2140336D8D7F768FF02B070BD0022F7E70421324629
S2140336E80DEB0100F4E707B540BAADF8040001A8EE
S2140336F8D7F78CFF03B05DF804FB07B540BAADF8FF
S214033708040001A8D7F7AEFF03B05DF804FB002357
S21403371807B540BAADF804000DF1030101A88DF80A
S2140337280330D7F7CBFF9DF8030003B05DF804FB1F
S214033738007800F0DF03552B07D0642807D06638D7
S21403374818BF4FF0FF30C0B2704701207047032000
S214033758704718B12D280CBF012002207047704708
S21403376808B501F005FF08B500F090F8BDE8084075
S21403377804F008BC50E9023018470A460830FF210F
S21403378802F0FBBAFF21083002F008BB08B50AF0BE
S2140337983AFCBDE8084009F0BFB9704770470020F7
S2140337A8704702B11180002070470AB100231380C6
S2140337B80020704713B500240DF107008DF8074065
S2140337C803F092FB40B99DF80700033803288CBF23
S2140337D80020012002B010BD2046FBE72DE9F0418A
S2140337E8044600274FF00C0E8F4202DB0020BDE88C
S2140337F8F0812078904204D1002594F80780454547
S21403380802DB01370C34EFE70EFB05F6D4F808C0E5
S2140338180CEB06003CF806609E42E8D00135EEE75E
S214033828F0B585B005460E461746D4F79FFF0446FF
S214033838A0B131462846D4F751FF83783A46002B81
S214033848A36831460293A378284601934FF00003F2
S21403385800930CBF80234023E4F7F2FE05B0F0BDC7
S21403386808B51288D4F782FF50B10279BDF80C3038
S2140338789A4207D881680298EBF730FC002008BD07
S2140338888620FCE78920FAE7D5F774B8002004F009
S214033898F5BB08B504F05AFC002814BF0320002023
S2140338A808BD10B50446FFF785FF20B12046BDE8DE
S2140338B81040DFF70BBE10BD08B5FFF77BFF18B146
S2140338C8BDE80840DFF7F4BD08BD704708B502F049
S2140338D839F9D3F7EDFAD5F7B9F86420DFF706FE1A
S2140338E86420DFF7F3FD02F02FF9D3F70DFB08F09A
S2140338F83DFDF8E7F8B5D0E90176437B04460D4667
S21403390813B133463E461F46FFF740FF012D20649A
S21403391838460ED1D3F70CFC3046D3F737FC25735D
S21403392860784FF47F42BDE8F8404FF48171FFF7A3
S21403393877BF022D05D1D3F729FC3046D3F7F8FB1A
S214033948EDE7D3F723FC3046D3F720FC0025E6E75C
S21403395838B5037B04468B420D4607D190F84430AE
S2140339685BB3BDE838404830FFF70CBFFFF70EFFE0
S214033978216C431AC72B0CD80123C83184F8455049
S21403398884F84430091A04F14800BDE83840FFF7C4
S214033998F4BE0DB1237B2BB929462046BDE8384033
S2140339A8FFF7A8BF00212046FFF7A4FF0123C8217D
S2140339B884F8455084F84430E5E738BD90F8451058
S2140339C8FFF7C6BF0121FFF7C3BF0221FFF7C0BF3A
S2140339D80021FFF7BDBF4FF60173994210B50446A1
S2140339E802D10021FFF7B4FF2046BDE81040D5F703
S2140339F811BA032910B504462BD0007B30B9012928
S214033A0803D002290CBF0120FF2010BD032A07D8C4
S214033A18DFE802F00208101401291CD002291FD07F
S214033A28FF20F2E70029FBD1B4F85C20012A12D064
S214033A38022AF4E704290ED00529F0E7042914D04E
S214033A48052914D00029EBD1B4F85C20111F0129ED
S214033A58ECD80220D9E75A1E534253415800D4E7FC
S214033A68022B0CBF02200120CFE70020CDE7012060
S214033A78CBE730B587B005460C46D4F769FF01286F
S214033A8820D11CB1611E4B424B4158006B784FF452
S214033A9880728DF804304FF48273ADF806304FF415
S214033AA88173ADF8083001238DF80B30002385F8B1
S214033AB8900001A8CDE903238DF80A408DF8143049
S214033AC8D4F77EFF07B030BD41680346C978027B4A
S214033AD899B98168C97899B9002A08BF0321D5F727
S214033AE85DBA9B7B002B0CBF01210221F7E79B7B6A
S214033AF8002B0CBF02210121F1E7012AF1D17047FF
S214033B08012AF4D17047042910B5044604D831B104
S214033B18BDE81040D5F7C6BA05290DD010BD037BFE
S214033B285522002B08BF0321A0F85C104078122109
S214033B38FFF776FE2046EBE743681A8A83681A82FD
S214033B48E6E7012303730378013343734FF44073A3
S214033B58C381032303740023A0F85C3080F89030F5
S214033B68704700230B704B70030A8B70C87070473E
S214033B780346007938B95878831E022B02D80730D3
S214033B88C0B270470820704773B50446002842D071
S214033B9890F88530002B3ED090F8842090F8543067
S214033BA822B3FD2B2CD8C3F1FE020B2A35DD0C33CA
S214033BB8DDB22046FFF7DCFF4FF47A730646FE2095
S214033BC86B437F33B3FBF0F001A9FFF7CAFF0A463E
S214033BD8042302213046D6F733FF002208216078F3
S214033BE884F85450FFF71CFE2B4609E043B10C2B10
S214033BF81D4638BF0C250C3D05F0FF05AB42D8D152
S214033C0894F885203AB194F8842042B1FD2B08D95C
S214033C18002384F8853002B070BDFE25C9E7002B63
S214033C28F6D04FF4967104F15C0002B0BDE870401C
S214033C38FFF7A3BD0346C07820B95878831E022B26
S214033C4888BF01207047024613B588B144F20303C0
S214033C5899420FD1007A58B1937813B1012B18BF44
S214033C6802238DF804300421012301AAD6F7E8FEBF
S214033C7802B010BD102913D18479002CF8D090F81F
S214033C8855304FF47A72FE2053437F33B3FBF0F07C
S214033C9801A9FFF766FF0A46042302212046E5E743
S214033CA8112905D1C479002CE2D090F85630E8E7FC
S214033CB80029DDD140790028DAD0012304215732C0
S214033CC802B0BDE81040D6F7BBBEA0F13003DBB2A6
S214033CD8092B01D858B27047A0F14103052B02D827
S214033CE8373840B27047A0F16103052B01D857381F
S214033CF8F7E74FF0FF30704710B504460078FFF734
S214033D08E4FF021E09DB6078FFF7DFFF002804DB09
S214033D1840EA02100870012010BD0020FCE738B501
S214033D2804460D4601B945890123E373FFF72EFDC3
S214033D38FA2202FB050020612089BDE8384050437B
S214033D48FFF7AFBD10B50446006DD8B1E278022A76
S214033D5804D0E36C5B7972B984F8543094F8543021
S214033D686BB1FFF7AEFB60784FF60272BDE8104002
S214033D780621FFF755BDB3FA83F35B09ECE7FFF7B4
S214033D88ABFBF0E710BD10B50446C06CD3F7D0F90B
S214033D982046BDE81040FFF7D5BF10B50446C06CF3
S214033DA8D3F7F4F92046BDE81040FFF7CBBF10B5AC
S214033DB80446C06CD3F71AFA2046BDE81040FFF74E
S214033DC8C1BF10B50446002206214078FFF728FD38
S214033DD8A378022B01D0FF2B04D12046BDE8104060
S214033DE8D6F704B810BD10B5D0F8A4407CB1037953
S214033DF81BB14079D6F71CF948B9A3883BB93222D8
S214033E082046BDE8104001231146D3F72BB910BD51
S214033E1810B50446FFF7E7FFA278237982B913B1F2
S214033E282046D6F72BF92046D6F76CF90323607895
S214033E38A4F86C305522BDE810401221FFF7F0BCF9
S214033E48012B02D12046D6F719F9A379012B02D103
S214033E582046D6F757F90123E9E710B583780446D1
S214033E68ABB9FFF7C0FFA3788BB9237913B1204604
S214033E78D6F726F92046D6F78BF904236078A4F8F4
S214033E886C305522BDE810401221FFF7C9BCB4F8C0
S214033E986C30022B0DD02379032B02D12046D6F79C
S214033EA8EDF8A379032B02D12046D6F72BF9002386
S214033EB8E4E72046D6F7B0F9F9E7827883685AB973
S214033EC8DB78002B14BF03230423A0F86C30552299
S214033ED812214078FFF7A4BC1A7922B9DB78003B95
S214033EE818BF0123F1E70223EFE72DE9F0438846DD
S214033EF816461F4691B020B94FF0FF3011B0BDE803
S214033F08F0830029F8D00B2AF6D94AF65521ADF8DE
S214033F1800100221C4888DF802100188C2880D0A91
S214033F288DF8041004F10A01231DB14252BA9BB25C
S214033F388DF80350E0DA00255BBAADF80630C3788F
S214033F4881788DF8083003798DF80510ADF80A20C6
S214033F5800F10801224603A88DF80930EBF7FCF9AF
S214033F686A462B4604F10D090C341FFA89F9A1B2E7
S214033F7812F8010B01339BB205449942EDB2F7D808
S214033F8804F140030DEB03044E4504F8405CB3D339
S214033F984A4669464046EBF7DFF90FB90020ADE716
S214033FA8A7F80090FAE7F8B50E461546044610B982
S214033FB84FF0FF30F8BD002AFAD00829F8D91A229C
S214033FC800212846EBF738F82378552BF0D1637889
S214033FD8AA2BEDD1A378022BEAD1B4F803305BBA47
S214033FE82B806079A870E7887BBA9BB203F1090235
S214033FF892B2B242DCD80021E21892F808C00A4608
S21403400803F1080685F818C0B6B21FFA81FEB6454E
S2140340181DD39445CCD1043802281ED8032BC7D900
S214034028227AEA70627A2A71618948BA82B2102AB9
S214034038E880BDD8043B9BB29342B9D329B104F1B7
S2140340480C0105F10800EBF787F90020B2E714F82E
S21403405801E001317244D2B2D7E7102B28BF1023F0
S2140340681A46EB80002FF0D004F10801E9E77FB584
S21403407800239E6A0446B6F5C04F0D460CD201A827
S214034088D6F7A8FD039B5B0506D529462046336C61
S21403409804B0BDE87040184704B070BD00239B6A9F
S2140340A8B3F5C04F05D21B6BB3F5C04F01D29B685F
S2140340B818474FF4817070471FB500239A6AB2F504
S2140340C8C04F04D340F2011005B05DF804FB126B31
S2140340D8B2F5C04FF6D2012201A8CDE902338DF816
S2140340E80420D6F777FD039BDB03EBD5029B1A0E5A
S2140340F8E8D0012A03D1C3F307430A2BE2D90023E6
S2140341089B6A1B6B1B6C9847DEE7002303607047AC
S21403411803680B600160704710B538B132B129B136
S21403412800230139D45C14B90023037010BD8B42F5
S214034138FAD200F8014B0133F4E7034638B10020FE
S214034148814204D01A5C02B970470130F8E7704719
S2140341584FF0FF31FFF7F1BF70B50C46164605461C
S21403416860B15AB151B1FFF7F3FF844206D9211A59
S21403417832462844BDE87040FFF7CEBF70BDFEE761
S214034188FEE700239A4200D1704710B550F8234043
S21403419841F8234001339A42F8D110BDD7F7E6B960
S2140341A84369426CD91C143AB1FBF2F103EBC10024
S2140341B80330B0FBF2F00230704738B505460C46BC
S2140341C8FFF7EEFF6A6CE31D143AB3FBF2F3013311
S2140341D804EBC30402FB004038BD38B50546446902
S2140341E82146FFF7EAFF6A6CE31D143AB3FBF2F3C2
S2140341F8013304EBC304204438BDF7B507460E461F
S21403420800257C6CA819644280EA06031C4003D088
S2140342182C46204603B0F0BDFB6B01225B6901A95F
S2140342289847019B0133F4D10435EAE770B5054690
S2140342380C46D8F775FFEB6B2046BDE87040DB6885
S214034248184770B50025044686B00562E369AB4295
S21403425802D8206A06B070BD666C2068E36B052238
S2140342685B6901A906FB0500984701A800F023FC33
S21403427800F046FC10B1236A013323620135E5E7F3
S21403428838B50446456C006804F1400305FB010194
S214034298E06B00F042FC05462046FFF7D2FF2846AF
S2140342A838BDF0B50546002687B0EC69013CB44234
S2140342B803D80C46204607B0F0BD01B14C1E6F6C00
S2140342C82868EB6B05225B6901A907FB040098477E
S2140342D801A800F0F0FB00F013FC0028EAD1214601
S2140342E80136E2E7F0B504460D46466CE36B006814
S2140342F887B005225B6901A906FB0500984701A854
S21403430800F0D9FB00F0FCFB20B101A800F0AAFBE3
S21403431807B0F0BD29462046FFF7C3FF0646676C7D
S2140343282068E36B05225B6901A907FB060098472B
S21403433801A800F097FB431CEAD0B54238BF01300A
S214034348E6E72DE9F0434FF6FF79D0F824800446D4
S2140343580E46C84514BF45460025002787B0E369BF
S214034368BB4202D807B0BDE8F083E26B2368606CF3
S214034378D2F814C000FB0530052201A9E04701A8BE
S21403438800F099FB022806D0C8450CD1721C2946B2
S2140343982046FFF775FFE3690135B5FBF3F20137EE
S2140343A803FB1255DBE729462046FFF79BFFB0F1D0
S2140343B8FF3F14BF024632460132E8E70368F0B50A
S2140343C8CC1A436C0646B4FBF3F4002587B0F369AE
S2140343D837685A1E9542706C08D3706C336800FBB6
S2140343E8043007B0BDE8F04000F095BB0134B4FBD9
S2140343F8F3F203FB1244F36B05225B6901A900FB86
S2140344080470984701A800F056FB00F079FB0028D3
S214034418E3D10135DBE710B423F0030422449B07FA
S2140344280A44436C18BF04325B4281EA02042342FF
S21403443803D05DF8044BFFF7C1BF10465DF8044B85
S21403444870472DE9F041D0E90A369E42044686B005
S21403445828D11422C369456802FB1355284606B0BB
S214034468BDE8F0812068676C331AB3FBF7F3E26B99
S21403447807FB0300D2F8148001A90522C04701A848
S21403448800F019FB012804D0636C1D44013B33403C
S214034498ED1A31462046FFF791FF0646A36AB34254
S2140344A8E0D1DBE70025F9E708B508301346D1E97C
S2140344B80012D8F7BBFD012008BD13B50C46002132
S2140344C821760093616813462246D7F7A9F918B1EF
S2140344D8E37D03B1A07EA075A07D02B010BD73B5C1
S2140344E8164600F108050C46284609680DF107022A
S2140344F800F098F9032E06D16368834203D1284651
S214034508216800F076F9012002B070BDD01E009B2A
S21403451842424241187E824211D11A688A420ED814
S2140345285A688A420BD35A6901325A61D3E903029D
S21403453882423FBF986840F8221001321A61012070
S214034548704710B5032A029C07D1A26A5340626CCF
S2140345585242134201D100F04CF9012010BD08B5B0
S214034568C36800209847BDE80840D8F7E1BD01288E
S21403457814BF0420022070B5002442431C70CC7D6F
S214034588101D02F002024CB91AB1012220F00300F2
S2140345981A7000F108034868184470BD1AB101225E
S2140345A820F003001A7000230C7E01F12005DAB20E
S2140345B8A24201D30020F0E735F833205E1C82427E
S2140345C806D901EBC30300F10802D8691044E4E7EF
S2140345D83346801AEBE773B5054690F842601C46E7
S2140345E830460DF10303FFF7C2FFEB6B012E5B6941
S2140345F80DD1324601A998479DF8033013B1BDF88B
S21403460806300193BDF80430236002B070BD012262
S214034618214602B0BDE870401847F0B505460024A9
S2140346284868EB6B87B00E4601225B69029402A9C1
S21403463808309847274695F84230012B40F0AC805F
S214034648632C00F2AB80612C08D805AB22463146B2
S2140346582846FFF7C0FF9DF814305BB305AB224628
S214034668314628468DF81070FFF7B5FF95F84230A7
S214034678012B059B7FD14FF6FF72934256D0082233
S21403468805A904A800F063FA059B9DF81010C3F368
S214034698072291424AD1DBB2029A1A44029245E0B3
S2140346A8DCD005AB224631462846FFF794FFBDF813
S2140346B81430D2E795F84230012B39D1612C2ED825
S2140346C822463146284603ABFFF785FF3146284680
S2140346D804AB621CFFF77FFF3146284605ABA21CD6
S2140346E8FFF779FF102208230DEB02010DF10700EF
S2140346F88DF8073000F02BFA102205A90DF10700F4
S21403470800F025FA039BDAB24AB99DF80720B2EB04
S214034718132F04D1DDE9043203EB0243029395F821
S2140347284230012B14BF012302231C44013482E7C1
S214034738302CF4D822463146284603ABFFF74BFF06
S2140347483146284604AB621CFFF745FF1023202298
S2140347580DEB03010DF107008DF8073000F0F7F9AC
S214034768039B9AB2002ADAD19DF80720B2EB134FBF
S214034778D5D1049BD2E70133D8D0102205A90DEB77
S214034788020000F0E4F9059B9DF81010C3F30742F6
S2140347989142CBD19BB27FE7312C81D9029807B0DF
S2140347A8F0BD13B500240194049C0094D7F714FDB8
S2140347B802B010BD13B501240194049C0094D7F7E6
S2140347C80BFD02B010BD00234FF0FF3230B544682E
S2140347D89C4202D10023037230BD016801EBC30576
S2140347E841F833206A600133F2E7C0E90012FFF7A5
S2140347F8EABF0023F0B545689D4210D00468DF0081
S21403480854F8332004EBC306B2F1FF3F08D0C2F3D3
S2140348181302914204D14FF0FF33E3517360F0BDA6
S2140348280133E9E70023F0B545689D4202D14FF00E
S214034838FF300EE00468DE0054F83340671C09D0E6
S214034848C4F31307B94205D1240D1470036833441F
S2140348585868F0BD0133E8E7704770B59400224600
S21403486805460E4609F088FD431C0AD058B9224669
S21403487831462846EAF72CFF002814BF3D200020BF
S21403488870BD6E20FCE77120FAE713B5044601A84D
S214034898D9F7DEFE9DF8063023804FF480736380D5
S2140348A8D9F7F0FE6060002002B010BDD9F750BEFD
S2140348B808B5D9F73DFE002008BD10B5044644EAFE
S2140348C8010313F00303084609D1934201D10020DC
S2140348D810BD54F8231040F823100133F5E721469A
S2140348E89200EAF739FDF2E710B5044609F040FDF1
S2140348F8431C10D088B9D9F7C5FE234620F0030019
S2140349082044984201D1002010BD53F8042B0132ED
S214034918F7D03E20F8E76E20F6E77120F4E77047F5
S21403492813B50023044601461B220DF107008DF834
S214034938073000F00CF922689DF80730B3EBD26F06
S2140349480CBF0120002002B010BD13B50023044697
S214034958014620220DF107008DF8073000F0F7F81E
S2140349680DF107001A22211D00F0F1F862689DF880
S2140349780730B3EB926F0CBF0120002002B010BDC6
S2140349880068431C584258417047006810F07E0F71
S2140349980CBFC0F3C160002070470068C0F3D31093
S2140349A87047006800F07F0001288CBF00200120B4
S2140349B87047036813F07E0F14BF0420082070475F
S2140349C8036813F07E0F03D1406820F07C407047DD
S2140349D813F078001CBF03F07F03D81F70470068E6
S2140349E800F07F007047032809D0022803D1C1F1DD
S2140349F80201C8B2704700290CBF07200020704781
S214034A0837B5054601F10C04436969460122204679
S214034A189847BDF80030012201932046AB6901A9E7
S214034A28984703B030BD37B501F10C04436901223A
S214034A3869460546204698474FF6FF72009B99B28B
S214034A4891420DD16FF30F0343F4254343F0A503B7
S214034A58019301222046AB6901A9984703B030BDEC
S214034A680020FBE737B5044600251B22011D0DF180
S214034A7807008DF8075000F06AF860689DF807206D
S214034A88B2EBD06F03D120F0784003B030BD0DF100
S214034A9807001B2204F108018DF8075000F057F8A9
S214034AA8A0689DF80730B3EBD06F01D1C043EAE79F
S214034AB84FF0FF30E9E74BF29A22036810B5B2EBE2
S214034AC8134F044613D19BB2012B13D1FFF7CAFF2A
S214034AD801300CD04FF6FF72E068B2EB104F4FEA86
S214034AE8104309D180B2C01A18BF012010BD23682D
S214034AF8013303D00420F9E70220F7E70320F5E79C
S214034B0801288CBF002001207047033801288CBF7A
S214034B18002001207047143070472DE9F041054600
S214034B289846036908460E4617469847044638B912
S214034B3843463A4631462846D8F76AFB044618B130
S214034B4831462846FFF75CFF2046BDE8F0811F2A5A
S214034B580B689EBF4FF0FF3191408B43590801F015
S214034B6855315B1A03F033319B0803F033330B4498
S214034B78017803EB13130A444FF0013103F00F33A4
S214034B884B43A2EB13620270704708B507F0BAFAF4
S214034B98BDE808400021D8F739BD0029CCBF01215C
S214034BA80021D8F733BD02214FF42070D9F704B893
S214034BB8704770470020D9F79FB80120D9F79CB8EB
S214034BC8704770B5054614460E4609F030F92B684B
S214034BD85C4034405C402C60BDE8704009F022B964
S214034BE84369DB01FCD4012300F50050436070479A
S214034BF8022A10B54FF0000405D9033A022A0CD945
S214034C080360047110BD11F4000218BF4FF07F4211
S214034C1821F07F4313430C0EF2E721F0FF03CCB2D7
S214034C28EEE730B4012500F5805344685D60CB7821
S214034C384D785B0443EA05230D7889782B430904EA
S214034C4801F480310B43C0F89830E30702D430BC34
S214034C58FFF7C6BF30BC704738B50C460546FFF7A6
S214034C68BFFF23781146627803F0070343EAC203BB
S214034C78E278284643EA0223A278120102F03002B9
S214034C8813432B67EB6AA27923F48B3323F48073DD
S214034C9843EA02432279120202F4E062134362797A
S214034CA8120302F480521343EB62FFF7BAFF0123A1
S214034CB805F580525360E27902B1EB6038BD08B55A
S214034CC80A6FC96F02F00702FFF792FF08BD4FF09D
S214034CD850234FF400321A6770474FF0B0435A68B0
S214034CE812B19A6A002AFAD1704770B50546144677
S214034CF80E4609F09CF82B685C4034405C402C60F8
S214034D08BDE8704009F08EB80122417803788A40DE
S214034D1830214B4342F2100103F1A04303F57033ED
S214034D285A50704721FA00F2D20730B5034600F00E
S214034D38FC040FD500220132D2B2042A02D14FF066
S214034D48FF3008E0831803F00303234421FA03F52E
S214034D58ED07F0D4184630BD002070470020704792
S214034D6800207047002070470120704701207047D5
S214034D780F207047EAF7CEBF00207047FFF7FCBF47
S214034D880020704770470020704700207047C368AC
S214034D981944836853F8210030F8023B13607047C0
S214034DA8012310B580F888300378044653B100F021
S214034DB861FA21462046D9F7C9FF2046BDE81040C8
S214034DC800F04DBA10BD38B50D460446D9F7A6FF10
S214034DD86B682046C4F8B032A96800F096F94FF01D
S214034DE8FF332046C4F8B432FFF7CDFF38BDD0F8FA
S214034DF8B43210B50133044601D0002010BD00F0CC
S214034E08BCFAC4F8B4020130F7D194F8B80280F0BB
S214034E180100F3E708B5D9F7BDFF08BD0A780138DE
S214034E282D2A0ABF012200228918DAF70FB80728A5
S214034E381BD8DFE800F0060A0D1013150417012027
S214034E48704700220820DAF701B800221020FAE794
S214034E5800222020F7E70820FFF7E0BF1020FBE733
S214034E682020F9E70846DAF753B8002070472DE9FB
S214034E78F74307280C46DDE90A7690461D4608D808
S214034E88013806280AD8DFE800F01D27303A4457C9
S214034E984A00212850D003B0BDE8F08300222046FC
S214034EA81146EAF795F83368C0B205EB83013A680A
S214034EB845F82300013348F8221033603B68013372
S214034EC83B60E8E7002220461146EAF781F8336894
S214034ED880B205EB8301EAE7002220461146EAF78B
S214034EE877F8336805EB8301E1E70022204611468D
S214034EF8EAF71CFA336840B205EB8301D7E70022CA
S214034F0820461146EAF712FA336800B205EB830126
S214034F18CDE7002220461146EAF708FAE1E7002320
S214034F2889461E461D468DF8063019F8013F7D2B27
S214034F3806D125702D0A65703B6848F82340BDE7FF
S214034F48202BF2D006F00102013612B98DF8043090
S214034F58EBE71022002101A88DF80530EAF7E6F9F9
S214034F68631901359870ADB2DFE72DE9F04F9B461C
S214034F78002385B08B45814688469246CDE90233A1
S214034F886BDC1A461E4619F80340212C09D81F2C39
S214034F9804D8103C072C98BF012200E001260133F1
S214034FA8F1E7FF2CFBD15B4436B1013B43450ADDF1
S214034FB82B2005B0BDE8F08F62B1013B4345F7DC13
S214034FC83546374602E000252F462E46454504DB80
S214034FD80020EEE79845F3D0EAE75D453BDB19F892
S214034FE80730202B18D109EB07035B78FF2BDFD19B
S214034FF8CEB920465AF82510FFF719FF78B303AB46
S214035008019302AB00932046DDE90E235AF82510D8
S214035018FFF72DFF0135D9E7212B0ED109EB07033F
S2140350285B78FF2BC4D1029B5AF825200E990126DC
S21403503841F8232001330293ECE7A3F11004072C6D
S21403504802D91C460137D3E709EB07035B78FF2B26
S214035058AED1E4B2CCE70624CAE72120A9E7262086
S214035068A7E72DE9F04F07460E4615469846044629
S21403507885B0DDF84490DDE90FAB206808B3DAF8AD
S2140350880020D8F800108A421BDA0E9B53F8221029
S214035098D6F7A0F948BBDAF800200132CAF8002090
S2140350A86268117BFE291BD10E9B106801210093B1
S2140350B82A464346CDE902B9CDF804A0FFF7D1FF47
S2140350C804462B7843B999F800302BB97EB10123EF
S2140350D83C4689F800302B70204605B0BDE8F08FB3
S2140350E801238BF800302B70EBE70C34C5E7344606
S2140350F8F2E710B50446236803B910BD237A13B93B
S2140351082046D9F73BFF0C34F5E710B541B10A79C9
S21403511832B901249C300C71FEF7FAFF204610BD05
S2140351280020FCE72DE9F041BAB005460AAA08466E
S21403513803A900F05FF90446B0B90DF10A03019319
S2140351480DF10B038DF80A0000930AAA284604AB50
S21403515803A9DAF7C3F89DF80A20B2B19DF80B2025
S21403516848B12AB1D9F70AFF20463AB0BDE8F0811C
S214035178FFF7BFFFF8E7D5F89C50002DF4D0A868D2
S21403518808B1FFF7B6FF2D68F7E700B346681AAB12
S21403519806F10C082AAF01934046049B039900972F
S2140351A80AAAFFF7E2FE04460028DDD1039B05A8FA
S2140351B8CDE90637049B0595CDE90838DBF77EFB72
S2140351C805A83368984705A800F03FFDCCE72D24CB
S2140351D8CAE710B50446AC30E9F72AFE04F1AB0378
S2140351E81A180020934200D110BD13F8011F002996
S2140351F8FAD00A2908BF0130F4E70023F0B50B609C
S21403520813600646D0F8AC0278B196F8AC0060B1E5
S214035218012406F1AC07D6F8AC02844210D306F193
S214035228AC00B3F5007F10D30120F0BD0D6801353F
S2140352380D60156801351560F85C01330A2802D03D
S214035248B3F5007FF2D30134E5E7C15C0A29EBD056
S2140352580029E9D01168013301311160E1E710B57F
S2140352680021D0F88C200446E9F7E6FE0023C4E9BB
S214035278243310BD73B5044600F1AC0580212046DF
S214035288FEF75BFF4FF4007106462846FEF755FF08
S2140352980136C0F50070864220461FD8E9F7C8FDD8
S2140352A806462846E9F7C4FD01362946421CA819CE
S2140352B8E9F714FF2046E9F7BBFD214602462846D0
S2140352C8EAF74AF82046E9F7B3FD0A23204480F8AC
S2140352D8AC300023C4F8AC3202B070BDFFF779FFD8
S2140352E801AAC4F8AC0269462046FFF786FF0022E7
S2140352F8009B234483F8AC20C0E773B50D460446E9
S214035308FFF767FF6B1C19D1D4F8AC3213B1013B16
S214035318C4F8AC3200252046E9F78AFDA84215D81A
S2140353282046FFF79CFFD4F8AC322BB169462046DB
S21403533801AAFFF762FFA0B902B070BD012DFBD129
S214035348D4F8AC328342F7D20133E1E7082000F001
S21403535823F8202000F020F8082000F01DF8013577
S214035368D9E7009D04F1AC06019BAB42E4D9715D15
S2140353782046DAF7E1F80135F6E707B500200DF120
S214035388070100F0E7F820B99DF8070003B05DF8B9
S21403539804FB4FF0FF30F9E710B5C1B2044600200E
S2140353A800F0C8F800280CBF20464FF0FF3010BDA9
S2140353B80FB407B504AA52F8041B00200192DAF7C3
S2140353C85FFA002003B05DF804EB04B0704710B52D
S2140353D84C1C0B460119045D222C03D07B2C01D0F0
S2140353E85C2C05D1D21A1844E9F778FE012010BDC3
S2140353F80020FCE72DE9F047054691468846E9F77D
S21403540817FD2A4606461346197801322029FAD08C
S214035418C9F800305C1B01236FF0404AC8F8003017
S214035428A64201D8002014E02F5D29197B2F12D03D
S214035438222F2ED1D8F80030621C53442A4449F848
S2140354482320012C09D911F8013C13F0DF0F04D0EF
S2140354582120BDE8F0877D27F3E701342B5DBB42A7
S21403546809D12B195B7813F0DF03F1D1222F00D172
S2140354782B550134D4E75C2B07D132462146284600
S214035488FFF7A5FF0028E3D0013E0134A642E5D87E
S214035498DEE75C2F08D1324621462846FFF797FFFA
S2140354A80028D5D0013EE4E7202FE2D10022631C72
S2140354B8B3420A70DDD2EA18EB5C202BD9D0D8F8B1
S2140354C800300F2B05DC49F823200133C8F80030D9
S2140354D8CFE71E20BDE700F000B800207047D5F7D9
S2140354E867BF70B50C46154610B9DAF7BDF938B17B
S2140354F843682BB12A462146BDE870400068184722
S214035508232070BDF7B50D4616461C4638B9DAF79C
S214035518ABF904B901AC20B9232003B0F0BD03B935
S21403552801ACC768002FF7D02346324629460068E1
S214035538B847F2E707B501228DF807100DF1070102
S214035548FFF7CFFF03B05DF804FB0B46014618468A
S214035558FFF7F0BF00230122FFF7D4BF08B508F012
S214035568F3FCFA23B0FBF3F080B208BD04207047BF
S21403557840F20160DAF76EBA7047012070470020E0
S214035588704749BA89B280EA0103C3F3031253404A
S214035598180380B258405B0103F4FF535840704722
S2140355A808B5DAF759FE58B1A0F15903042B06D803
S2140355B8042B04D8DFE803F00404040304005C2087
S2140355C808BDDAF78BBF7047F8B50C468D18073554
S2140355D852421540A5F108070646384600F0DFF99B
S2140355E8A188381B628801EBE00189B2A2EBE002CE
S2140355F825F8041C25F8062CA288C310AAB1A4EB28
S214035608C202B2F802C0D18003EB0C015180E288D3
S21403561892B1D31A9BB204EBC20425F8023CA380CA
S214035628B3680344B3603846F8BD15F8082C42F04F
S214035638020205F8082CEAE725F8022CF0E72DE91C
S214035648F04F4FF0000887B09946531C109B054649
S214035658174614BF14460824CDF81480002B00F010
S214035668C580C3F80080002900F0C28042688A42D9
S21403567840F2BE80073121F0070608F0E5FB05AACD
S214035688CDE9008282463A464B463146284600F024
S2140356988AF9059F834607B130B9504608F0CFFB11
S2140356A8192007B0BDE8F08FB7F8028029694FEADA
S2140356B8C802C0EBC8080139B8F1270F29617AD99F
S2140356C8B9F1000F51D1864206F1080848D02246A0
S2140356D839462846FFF778FF04460590059B984405
S2140356E8404600F05CF9059906F10F004A88C3089E
S2140356F8A2EBD002A8F80220CA88A8F80430002A29
S21403570830D0D31A9BB201EBC202A8F806309380B6
S2140357188B88F608A380B8F804303A46E3804146F7
S21403572800232846668000F0A6F9AB680833AB600A
S214035738237843F0010323702B6901332B616288B6
S214035748AB68504603EBC203EA68AB60934288BF74
S214035758EB6008F074FB109B083400201C60A0E77D
S2140357683C46BBE7A8F80620D2E707EB0804204622
S214035778039200F014F90BF10703DB08059963801D
S21403578808F10703DB08A380CB8893B1DB00039AF1
S214035798D81D821A5A44C2F3CF020B44E2809A8079
S2140357A8A38808F1FF384FEAD808A1F80280CB800F
S2140357B8BBE7E380F4E7B9F1010F1BD107F1080350
S2140357C8B3FBF4F204FB1233B3B122463946284638
S2140357D8FFF7FAFE044623783A4643F0010323709C
S2140357E821460123284600F046F9A8E7222058E771
S2140357F8212056E78642E8D13C46ECE707B5002267
S2140358084FF0FF3101AB0192DAF7A8FA019803B01B
S2140358185DF804FB2DE9F74F04460D46002900F012
S214035828AB80D0E9056808F00FFB15F8087C35F857
S214035838061CFB07009000D531B9009808F0FFFA5C
S214035848012003B0BDE8F08FA368D4F8109035F8AC
S21403585804ECA3EBC10B09F10103A5F1080C4A1CE0
S214035868C4F808B02361BEF1000F7BD0ACEBCE03BF
S214035878D888B3F802A00190187807F00207C00783
S21403588865D4002F64D10198A0EB0A07012F69D1CC
S2140358988A1CABF108075244C4F81090A76035F881
S2140358A802ECBEF1000F61D0D4E900700CEBCE0A0F
S2140358B807EB0009CA4559D21CF83EC057461CF0E8
S2140358C8010C15D1AEEB0101012911D1BAF802106A
S2140358D8AAF802C001310A44BAF80610002943D0D0
S2140358E80AEBC107216901392161A1680839A1605A
S2140358F815F8081C013A21F0010105F8081C0021D7
S21403590825F8061C5A801A7861F300021A707FB3CA
S214035918C3F107023A44C2F3CF02DA80BA804EB321
S214035928B34227D37288002A08BF1E46B8F1000F71
S21403593806D0434504D8B8F80220002A18BF4346C1
S2140359480098C4E9056308F07AFA002079E74FB1AE
S21403595815F8087C724427F0020705F8087C002728
S2140359689F809CE763469AE70F46BBE70027BFE797
S214035978DF80D4E71E46D9E7222062E710B504463F
S214035988DAF704FA2146BDE81040FFF743BFFFF7EE
S214035998F5BF0846FFF732BF0846FFF7F8BF0023F0
S2140359A8036043607047F0B5D0E90554561C08BF3A
S2140359B80822002B4FF0000008BF2C46DDF818C05D
S2140359C8CCF80000002C37D09DF814706588FF00CB
S2140359D807EBC505C2F1000E2078C00708D51BBB28
S2140359E8E088A0B104EBC004658807EBC505F3E7B8
S2140359F88D42F4D363B904F10806B6FBF2F002FB52
S214035A08106670180EB1A842EAD8CCF80040F0BD6C
S214035A18082A0FD06088013004EBC000461A06EA4D
S214035A280E06801B8542F0D2A0880028EFD0A4EB90
S214035A38C004D9E70846E8E72046E8E703460069CE
S214035A48C0B10AB951B91A6810460378DB0711D5ED
S214035A5831B9C3885BB100EBC300F6E79A69F3E78D
S214035A68012904D1838823B1A0EBC300EDE7002006
S214035A787047184670472DE9F041D0E905540746A4
S214035A8888461646ABB1954200D00ABB424600216B
S214035A983846FFF7D3FFB442054600D02EB9424630
S214035AA801213846FFF7CAFF0446C7E90554BDE88F
S214035AB8F081954208D08D4228BF0D46B44205D0E2
S214035AC8444538BF4446F0E70D46F7E74446ECE757
S214035AD89442EAD1E3E770B500261C46C3E9000101
S214035AE8C3E90266C3E905001E611A775E62FFF71B
S214035AF856FF23690139C908013341802361A36826
S214035B0830460833A360E3680833E36070BD0023B8
S214035B1807B5684600938DF80430D8F77FF903B0C5
S214035B285DF804FB10B508F082F9044606F058FB46
S214035B382046BDE8104008F075B970474FF4C870A2
S214035B48DAF7ACB9DAF794BA00F01CB870477047BE
S214035B5808B503F015FA03F01DFA03F024FA03F068
S214035B6833FABDE8084003F040BA704708B503F0B7
S214035B7802FA03F001FA03F000FA03F000FAFFF75B
S214035B88F4FF08BD08B503F031FA03F030FA03F062
S214035B9830FABDE8084003F033BA7047012070476F
S214035BA82DE9F34112F001050446884622D110F088
S214035BB8030525D12F465208BA4209D1D8F7B8FCAF
S214035BC80026B74204EB860008D1D8F7C1FC11E0DB
S214035BD854F8273001330CD10137EDE7042258F87F
S214035BE826300DEB0201019308F0C6FB30B1D8F757
S214035BF8AFFC3D25284602B0BDE8F0810136E0E754
S214035C080125F7E77047B0F1006F0FD300F078432C
S214035C18B3F1006F0CD000F06040B0F1404F09D0EC
S214035C28B0F1604F14BF042003207047002070476C
S214035C380120704702207047002070471AB111B13F
S214035C4880B2DAF74BBC2120704701F056BEE3F763
S214035C5875BDFFF78DBCD0E9023253F82230002118
S214035C681878E3F7BDB9704702F08CB901F0DABDCE
S214035C78C3688268013BDBB252F823305B78652B36
S214035C8802D10020E5F7FCBC6E2B01D10120F9E711
S214035C98662B01D10220F5E7704710B5D0E902322A
S214035CA8044653F82230187802F046FAE368A268E6
S214035CB8013352F82330BDE81040187802F03ABA98
S214035CC810B50446C0B2DBF7D7FD200ABDE810407E
S214035CD8DBF7D2BDD0E9023253F822301878DBF767
S214035CE8D3BE02F0E1B9E4F7C9B908B501F0B8FEC6
S214035CF8BDE80840E5F7B2BBD0E9023253F82230D4
S214035D08186801F0ABBE0020E5F7AEBC0120E5F746
S214035D18ABBC0221DBF74EBE0321DBF74BBE0521E6
S214035D28DBF748BE08B501460C20DBF71FFEBDE8C7
S214035D380840DBF7ADBD08B501460020DBF716FEC5
S214035D48BDE80840DBF7A4BD07B5C268836804321C
S214035D5853F8223001211B880DF10602ADF80630F0
S214035D680023DCF7ABFB03B05DF804FB08B508F0CB
S214035D78FFF8BDE80840F1F7B9BD10B51446DCF7DF
S214035D88B9FE2146BDE8104007F0FEBE08B5DCF7AD
S214035D98B1FEBDE80840002107F0F6BE08B5DCF7FB
S214035DA8A9FEBDE80840F1F7D7B908B5DCF7A2FEA7
S214035DB8BDE8084008F043BA08B5DCF79BFEBDE823
S214035DC80840F1F7B5B97047704708B508F0D0F83A
S214035DD8FFF7FAFF03F077F9BDE80840DCF7D6BE0D
S214035DE87047012070470120704708B5DCF76AFF43
S214035DF800280CBF0420012008BD70472DE9F34195
S214035E0804460D4616461F46DDF8208008F048F976
S214035E183B46324629462046CDF8008003F055F91E
S214035E283B46324629462046CDF80080FFF7E5FF75
S214035E3802B0BDE8F04101F060BD2DE9FF47044616
S214035E480D4616461F46BDF830809DF83490DDF89B
S214035E5838A008F025F93B46324629462046CDE9C0
S214035E68019ACDF8008000F0FDFF04B0BDE8F047C6
S214035E7801F043BD704708B508F012F903F028F996
S214035E88FFF7F8FFBDE8084001F037BD012070476B
S214035E982DE9F74304460D4616461F469DF82890F7
S214035EA808F0FEF83B46324629462046CDF80090D1
S214035EB8FFF7ECFF80463B46324629462046CDF898
S214035EC8009003F006F901F018FD404603B0BDE85C
S214035ED8F083012070472DE9F74304460D4616461E
S214035EE81F469DF8289008F0DBF83B4632462946BD
S214035EF82046CDF80090FFF7ECFF80463B46324637
S214035F0829462046CDF8009003F0E4F801F0F5FCA6
S214035F18404603B0BDE8F083F8B504460D4616467A
S214035F281F4608F0BDF83B4632462946204603F08E
S214035F38D2F8BDE8F84001F0E0BC00207047F8B599
S214035F4804460D46164608F0ABF832462946204660
S214035F58FFF7F3FF074632462946204603F0BCF808
S214035F6801F0CBFC3846F8BD38B504460D4608F0B4
S214035F7897F82946204603F0B0F8BDE8384001F004
S214035F88BCBC10B5044608F08BF8204603F0A6F808
S214035F982046FDF779FCBDE8104001F0AEBC70471B
S214035FA838B504460D4608F07BF82946204603F024
S214035FB8A7F829462046FFF7F2FFBDE8384001F068
S214035FC89CBC704770B504460D46164608F068F83C
S214035FD832462946204603F095F832462946204697
S214035FE8FFF7EFFFBDE8704001F087BC704738B590
S214035FF804460D4608F054F82946204603F084F86C
S21403600829462046FFF7F2FFBDE8384001F075BC85
S214036018704738B5054608F043F8284600F0EFFE03
S21403602804460146284601F0ABFF01F066FC20460D
S21403603838BD38B504460D4603F068F829462046A9
S214036048FFF7E6FF38BD704738B5054608F028F869
S2140360582846E3F71FFB04460146284601F08EFF51
S21403606801F04BFC204638BD38B504460D4603F010
S2140360784EF829462046FFF7E6FF38BD704710B5A9
S214036088044608F00DF8204603F042F82046FFF7CA
S214036098F5FFBDE8104001F030BC704738B504463C
S2140360A80D4607F0FDFF2946204603F033F8294638
S2140360B82046FFF7F2FFBDE8384001F01EBC7047E4
S2140360C870B504460D46164607F0EAFF32462946DB
S2140360D8204603F020F8324629462046FFF7EFFF0E
S2140360E8BDE8704001F009BC704738B504460D4654
S2140360F807F0D6FF2946204603F00EF82946204621
S214036108FFF7F2FFBDE8384001F0F7BB704738B534
S21403611804460D4607F0C4FF2946204602F0FDFF55
S21403612829462046FFF7F2FFBDE8384001F0E5BBF5
S214036138704710B5044607F0B3FF204602F0EEFF9B
S2140361482046FFF7F5FFBDE8104001F0D6BB7047C1
S21403615810B5044607F0A4FF204602F0E0FF2046E9
S214036168FFF7F5FFBDE8104001F0C7BB704770475F
S21403617870B504460D46164607F092FF3246294682
S214036188204602F0CFFF324629462046FFF7EFFFA8
S214036198BDE8704001F0B1BB704710B5044607F080
S2140361A87FFF204602F0BFFF2046FFF7F5FFBDE856
S2140361B8104001F0A2BB704738B504460D4607F0F9
S2140361C86FFF2946204602F0AFFF29462046FFF711
S2140361D8F2FFBDE8384001F090BB704770B504463F
S2140361E80D46164607F05CFF32462946204602F05F
S2140361F89DFF324629462046FFF7EFFFBDE870406D
S21403620801F07BBB70472DE9F34104460D4616465D
S2140362181F46DDF8208007F043FF3B4632462946F3
S2140362282046CDF8008002F082FF3B4632462946D8
S2140362382046CDF80080FFF7E5FF02B0BDE8F04141
S21403624801F05BBB0E2070470E20704738B5044636
S21403625807F026FF2046FFF7F7FF0546204602F01D
S21403626867FF2046FFF7EEFF01F047FB284638BDD9
S214036278002070470020704738B5044607F010FF23
S2140362882046FFF7F7FF0546204602F052FF204652
S214036298FFF7EEFF01F031FB284638BD704708B517
S2140362A807F0FEFE02F046FFFFF7F8FFBDE80840DA
S2140362B801F023BB002070477047704708B5DCF72A
S2140362C8D3FD00280CBF0420012008BD70470B68C7
S2140362D8DA7B1AB9DB7C0BB9DCF7EABD8120704799
S2140362E808B5DCF7FDFDBDE80840DCF707BE7047D8
S2140362F8DCF7F6BDDCF702BE082808D84FF48B7324
S214036308C34013F0010F0CBF212000207047212043
S21403631870470121DCF7E4BE0221DCF7E1BE042165
S214036328DCF7DEBE0821DCF7DBBE1021DCF7D8BEBF
S21403633808B500F026F808B1002008BDDCF720FFF2
S2140363480028F9D1DCF72EFF0120F6E7152808B553
S21403635803D1BDE80840DCF719BF01F089FE60B930
S214036368E2F7ECFC032806D100F009F828B9BDE8E3
S2140363780840FFF7DDBF0028EBD008BD70470020B4
S21403638870470020704708B5DDF7F2F8FA23B0FB2C
S214036398F3F008BD0321DDF71BB901207047D0E9E8
S2140363A8023253F822301878DDF71ABB0868C37B25
S2140363B81BB9C37C0BB9DDF743BB81207047D0E913
S2140363C8023253F822301878DDF77CBB704730B5B5
S2140363D80546044615F8100B85B0029565691D44F5
S2140363E8CDE900250B46A21D618801F023FE05B002
S2140363F830BD704710B492F80A4192F8053103EBA2
S21403640804230B8100235DF8044B1A4601F010BEE3
S2140364181FB50446084671B12178FF290BD0238B94
S214036428029363690193237C00936288A31DE3F7B1
S2140364384DF9FF23237004B010BD0868C37B73B9F6
S214036448C37C032B0BD8DFE803F002080406DDF74A
S21403645839BEDDF769BEDDF799BEDDF747BE812095
S21403646870477047704700207047137810B5032BA2
S2140364780CD15479CBB29C4208D19379B3EB112F44
S21403648804D153781B1A5842584110BD0020FCE724
S2140364987FB505460E4600246946E0B201F076FD50
S2140364A828B96A4631462846FFF7DFFF18B901348C
S2140364B8202CF1D1002004B070BDFFF7E9BF0868AF
S2140364C8C37B9BB9C37C052B10D8DFE803F0030D09
S2140364D8070B0905DDF7FEBEDEF73AB9DDF794BF0D
S2140364E8DEF7E6B8DEF764B8DDF736BF8120704717
S2140364F80020704730B5102587B001AA0021019502
S214036508FEF745FC04462A46002102A8E8F794FD50
S2140365182A46214602A8E8F7E1FD012102A8DEF78C
S214036528F5FA07B030BDDEF783BA7047FFF7FDBF4D
S2140365380B68DA7B5AB9DB7C012B04D0022B04D018
S2140365482BB9DEF707BFDEF711BFDEF71BBF8120C7
S2140365587047002307B5012101A80193D4F75CFD12
S21403656808B9D4F74DFB012003B05DF804FB08B562
S21403657802F030FA052803D0003818BF012008BDFA
S2140365880220FCE77047D0E9023253F82230187825
S214036598003818BF0120E0F775BAE0F779BA00208B
S2140365A87047002070477047FF207047FF207047EA
S2140365B80020704700207047002070477047062069
S2140365C87047DFF71DBD0868E0F7F6B970B50D46E6
S2140365D8044600212846164601F074F93246208000
S2140365E80221284601F06EF93246608004212846C7
S2140365F801F065F90023A360E3606060082070BDBE
S214036608034641B181424FF0640005D94343B3FBC7
S214036618F1F0C0B2704708467047E0F747BAE1F7AB
S2140366283DB8E1F745B9B0F5807F05D0A0F500730E
S21403663858425841400170470820704730B599B012
S2140366480D4669461446E1F797F830B915B1BDF813
S21403665802302B600CB10D9B236019B030BD2DE9B9
S214036668F04788B00E46904604A905AA07461D4675
S214036678FFF7E4FF044638BB28800DF10C09DDE973
S21403668804A39A4520D2062251463846CDF80090F0
S21403669806ABE1F78DF8D8B9039B062B18D12A88E1
S2140366A8DDF81A3042450ED2BDF8181026F8321017
S2140366B82A8806EBC20253602A88534401320633FB
S2140366C82A800493DBE7F7D9204608B0BDE8F087AD
S2140366D80124F9E72DE9F0438FB00F46904601A948
S2140366E8002204469946FFF7A9FF18B101200FB008
S2140366F8BDE8F083062220460DF1020302A9FFF740
S214036708AEFF0028F2D105460246BDF80210019CEA
S214036718EEB28E42EAD20EAB03EBC60656F82C3C14
S21403672836F8306C0634BE4217BFE4180122134607
S2140367380022013522B1C8F80040C9F80030D6E770
S2140367481A46E5E770B50024012602F01DF9E5B2FE
S214036758C26806FA05F59542234604F10104F4D304
S214036768D8B270BD70B586B0E0F754FE00F11006D7
S214036778E6F7C0F900240546142201A9301902F0E9
S2140367880AF91CB99DF80430FF2B16D0002303F131
S21403679818026A4412F8142CFF2A06D11C44601EF9
S2140367A890FBF5F080B206B070BD2B44DBB2132B1A
S2140367B8EDD91434B4F5826FDED14FF0FF30F2E72B
S2140367C8E0F75EBC07B504220DEB020102F0E3F81E
S2140367D8019803B05DF804FB37B5054608460C4632
S2140367E8FFF7F0FFA84206D0042220460DEB02016D
S2140367F80195E6F7D1F903B030BD07B50B4600920D
S214036808002102460120E0F7CDFC03B05DF804FB47
S21403681808B50121E0F7FEFBBDE80840E6F768BBCC
S214036828E0F73CBF08B5FFF7F3FF002008BD08B53F
S21403683813460A4601461846E0F748FD80F001006D
S214036848C0B208BD00207047704708B1E1F746B8E4
S214036858704730B4DDE902451DB1029430BC00F040
S214036868C6B930BC70471F2804D8142200F5A030D8
S214036878D9F7FEBE70471F2804D8142200F5A030A7
S214036888D9F722BF7047152808B505D1FFF7DCFFEF
S214036898BDE80840E1F768B908BD10B5142486B00A
S2140368A82246002101A8E8F7C7FB2023224601A9B0
S2140368B84FF4A03001F078FC06B010BD00207047F6
S2140368C813B500230C461A460146CDE90033E0B259
S2140368D8E1F70EFF02B010BD13B50023144601906E
S2140368E801220093E0B2E1F703FF02B010BDD0E93E
S2140368F8023253F822301868E2F772B81944914204
S2140369080ADC4218002003B9704712F8011D013B40
S21403691801EB0020DBB2F6E7002070472DE9F04FC5
S2140369284FF0000A85B0019381460F461546534635
S214036938019A11785FFA8AF2914203D8002005B0CB
S214036948BDE8F08F019909EB050801EB420251787F
S21403695892F802B011F04004009101F03F061BD0F4
S214036968AC19BC42D4BF0024012433466400A207F2
S21403697840F18880009B1B0640F192800E9B3246AE
S21403698803EB0B000021E8F757FB3D4600231D44A5
S214036998ADB20AF1010ACBE7042E07D866B1B31ED7
S2140369A8022B0BD8DFE803F0122130003E2E37D037
S2140369B83F2E5BD03D2E4BD00320C0E7BD4234BFED
S2140369C800240124012664003346D0E7AB1CBB42EF
S2140369D850DC02233A4629464846FFF78FFFADF8B0
S2140369E80A0002230DF10A08C1E7EB1CBB4243DC8D
S2140369F803233A4629464846FFF780FF03900426B2
S214036A0803230DF10C08B2E72B1DBB4236DC042327
S214036A183A4629464846FFF771FF03900423F0E7F2
S214036A287A1E95422CDA02233A4629464846FFF749
S214036A3865FF4FF6FF7380B298420EBF02230230FB
S214036A4883B25C19A742B4BF0324012404268EE745
S214036A58BD4215D298F80030FF2B0CBF0123013333
S214036A68EC18BC42CCBF03240124EFE70124042618
S214036A7800237CE73446B4E70224C0E70224CDE7C4
S214036A880324E3E70E9A02EB0B0014B142F80B80DB
S214036A987DE7324641460093E8F75EFC009B76E7BF
S214036AA802204CE710B5144686B018811A460A9B8E
S214036AB80291CDE9034301230193099B0146009301
S214036AC80320BDF82030E2F74FF806B010BD1FB517
S214036AD800240294079C0194BDF818400094FFF71D
S214036AE8E1FF04B010BD2DE9F0410E4617460546F2
S214036AF886B098B391B38AB34FF0000802A95FFA39
S214036B0888F001F043FA044640B99DF80830032B91
S214036B1808D008F10108B8F1200FEFD1204606B0D7
S214036B28BDE8F0819DF809202B799A42F1D1BDF88A
S214036B380A206B889A42ECD19DF80C30BDF80D00FC
S214036B486B7128812B4622464FF6FF71CDE9006705
S214036B58FFF7BDFF0028DCD00446DFE72124DDE786
S214036B6810B586B00A9C04949DF824400394BDF897
S214036B78204002940124CDE9003413460A46014610
S214036B880620E1F7F1FF06B010BD1FB50446084618
S214036B98194600230094CDE90123079BBDF8182066
S214036BA8FFF7DEFF04B010BDF0B5022805460E4613
S214036BB814461F468BB00AD106A9F0B201F0E6F9CF
S214036BC898B99DF8193023719DF81C306371119B91
S214036BD8224604930023CDE902330193109B3146E2
S214036BE8009328463B46E1F7BFFF0BB0F0BD13B54D
S214036BF800240194049C0094FFF7D6FF02B010BD4E
S214036C082DE9F0450646884614469A460027012588
S214036C188BB006A9F8B201F0B9F920BB9DF8183075
S214036C28012B19D19DF8192033799A4214D1BDF84E
S214036C381A2073889A420FD19DF81C303246737116
S214036C48B9B2CDE9030ACDE9010043460220009410
S214036C58E1F78AFF054610B90137202FD9D1284610
S214036C680BB0BDE8F0850546F9E70023FFF7C8BF74
S214036C7810B50446E2F756FD0021631E04F10F0221
S214036C8813F8010FFF2808BF19709342F8D10023A1
S214036C98237410BD0020704770B506461D46E2F7FC
S214036CA8B5FB044608B9212070BD3046E2F77CFEE2
S214036CB80028F8D0A0682A46FF21FFF75EF89DF85B
S214036CC81030002063719DF81430A371ECE713B5F8
S214036CD89DF81040CDE9003413460122FFF7DCFF88
S214036CE802B010BD08B5E2F791FB28B18068FF2112
S214036CF8FFF754F8002008BD2120FCE70122FFF720
S214036D08F1BF1FB50B466A460146184601F034F92B
S214036D186A460823002032F8021B013B13F0FF03E0
S214036D2880EA0100F7D1012838BF012080B205B0F8
S214036D385DF804FB2DE9F04F87B0DDE9109B0546A7
S214036D488846484619461F461446BDF848609DF8C7
S214036D584CA0FFF7D6FF042D0346ABF800001AD85D
S214036D68022D1DD9042D07D04FF2F222A188914295
S214036D7822D1E28891071FD5E17A0022CDE90137AF
S214036D8820463346CDE90392CDF800A001F043F937
S214036D9807B0BDE8F08F6A1F012A11D92120F7E74B
S214036DA800224146CDE9119228462246109707B09D
S214036DB8BDE8F04F01F03EB94FF6FF760C21DCE74D
S214036DC8052D0ED10023E17A0022CDE90137CDE95E
S214036DD803920091234652464146304601F00EF987
S214036DE8D6E74FF2F222A188914204D1E2889207AD
S214036DF801D5E17AE8E74FF6FF760C21E4E7F0B52C
S214036E0885B00546E1F7C2FF48B16B88B3F5006F56
S214036E1805D1681D05B0BDE8F04000F0EEBC284675
S214036E2800F004FD0446C8B9E7B26946384601F0DF
S214036E38ADF878B99DF8006066B92946384601F07A
S214036E48A9F820B140F60443984207D08C2630466A
S214036E5805B0F0BD0134202CE6D1F7E78D26F6E71A
S214036E68E2F77AB92DE9FF4704460D460146184668
S214036E7817461E46BDF830809DF83490DDF838A0D6
S214036E88DCF760FFD0B92146284601F021F93346DE
S214036E983A4629462046CDE9019ACDF80080E2F71E
S214036EA8FFF933463A4629462046CDE90D9ACDF8EA
S214036EB8308004B0BDE8F04702F009B904B0BDE875
S214036EC8F087E2F797BBE2F74FBBE2F773BB10B561
S214036ED8044601F009F9082201462046BDE8104099
S214036EE8E8F7FCB801F002B9002101F0FFB801F099
S214036EF811B90020704720207047EFF7D7BDEFF78A
S214036F0821BEF2F7CBB87047E2F7C0BC70B50646A9
S214036F180C46154600F04CF850B13CB135B1204646
S214036F2800F0D6FC013080B2A84200D9002070BD1C
S214036F38304600F043F840B1002CF7D0012DF5D9C0
S214036F48204600F0CAFC0230EDE73046E2F7FEFBC7
S214036F58EAE7F8B5BDF8185010B3967855B9D4785B
S214036F68A6F14107012F07D8621ED2B200F0CFFD63
S214036F780020F8BD2C46F3E7433E012E04D8A21E94
S214036F8892B200F0DCFDF3E7D27813B90DB1AA424A
S214036F9806D811B9E8F750F8EAE7E8F79FF8E7E7FD
S214036FA88920E6E7413803288CBF00200120704774
S214036FB8413801288CBF0020012070474338012838
S214036FC88CBF0020012070470020704700207047C0
S214036FD80388B3F57C4F01D3FFF7F8BF0846FFF7DE
S214036FE8F3BF10B54A880488A2420DD1037B0C79F7
S214036FF8234009D0B2F57C4F08D3FFF7E7FF0B8988
S2140370081B1A5842584110BD0020FCE70120FAE736
S21403701838B50D88D488A5420AD10388B3F57C4FC2
S21403702808D2FFF7D5FF13891B1A5842584138BDB3
S2140370380020FCE70120FAE72DE9F0471546044649
S214037048B8B149B1EAB100264FF0140AB04690F831
S2140370580490F3B2994501D800240AE027680AFB8E
S21403706806773846FFF7BDFF013628B13C46A5F834
S21403707800802046BDE8F0877B8943441FFA83F8DF
S214037088E7E71446F5E72DE9F0470E4615460446A6
S214037098B8B149B112B300274FF00C0AB846B0F896
S2140370A80890BBB2994501D800240AE063683246C3
S2140370B820460AFB0731FFF7ABFF28B10C46A5F8B5
S2140370C800802046BDE8F0870B79013713F0300FB0
S2140370D802BFCB7843441FFA83F8E2E71446F0E787
S2140370E82DE9F04186B00D461446984604AA05AB2A
S2140370F803A90646E2F700FC40B30DB1049B2B60D8
S21403710834B3049D03982946FFF762FF2B88074686
S21403711802467188307800F04FFBD8B1297911F010
S21403712810030BD0EB782A46CDE900433B4671881B
S2140371383078FCF795FB06B0BDE8F0812A46204672
S2140371480599CDF80080FFF704FFF4E78620F2E7F9
S2140371582046F0E77E20EEE71FB51C460023ADF871
S2140371680A20BDF818208DF80400ADF80610ADF80F
S2140371780C2069461A4601A800938DF80840FFF7C5
S214037188AFFF009804B010BDF0B587B00E4605AB48
S21403719804AA03A90446E2F7AFFB08B3049D0398C1
S2140371A82946FFF715FF2B8807460246618820788D
S2140371B800F004FBB0B1297911F0100108D000964D
S2140371C83B462A4661882078D1F7A6FB07B0F0BD70
S2140371D8009101232A4631460598FFF7BAFEF5E7DC
S2140371E88620F3E77E20F1E72DE9F04106460025E1
S2140371F84FF014080779E8B2874201D800241AE04A
S21403720808FB05F0D6F800C00CEB00043CF80000B9
S21403721881421AD132B1802A10D194F90CC0BCF13C
S214037228000F12DAB0F57C4F05D32046FFF7CEFEE3
S214037238834200D04BB92046BDE8F081402A04D1EA
S21403724894F80CC01CF0400FECD10135D3E70121AC
S214037258E2F78EBA08B513460022E2F7B7FB003802
S21403726818BF012008BD08B513464022E2F7AEFB57
S214037278003818BF012008BD08B513468022E2F778
S214037288A5FB003818BF012008BD08B54022002317
S214037298E2F79CFB003818BF012008BD08B580221A
S2140372A80023E2F793FB003818BF012008BD00232C
S2140372B8E2F78CBB0021E2F7F9BB10B504460121BF
S2140372C8E2F7F4FB2046BDE8104001F034BF7047F0
S2140372D8F8B516461F469DF81820BDF81C30054617
S2140372E8E2F774FB78B10421E2F75EFC044650B17A
S2140372F8284600F00EFB3A4631462846A047BDE826
S214037308F84000F0FABAF8BD2DE9F74F1E46DDE956
S2140373180C9B074688461446BDF838302AB3B9F19D
S214037328000F22D00EB392F804A099F80020504616
S21403733812F0080F0CBF802240226188E2F746FB52
S21403734898B10821E2F730FC054670B1504600F0C4
S214037358E0FA3346224641463846CDE9009BA8471D
S21403736803B0BDE8F04F00F0C8BA03B0BDE8F08F2D
S214037378F8B5BDF8187016461A463B460446E2F7B3
S21403738825FBE0B177B90221E2F70EFC0546B0B15A
S214037398204600F0BEFA31462046A847BDE8F84026
S2140373A800F0ABBA1021E2F7FFFB054638B12046DA
S2140373B800F0AFFA3A4631462046A847EEE7F8BD4E
S2140373C873B5BDF8184016461A4623460546E2F72F
S2140373D8FDFAB8B1C4B92021E2F7E6FB044670B15A
S2140373E8284600F096FA099B3146009328469DF8EE
S2140373F820309DF81C20A047044600F07EFA20465D
S21403740802B070BD8624FAE70024F8E72DE9F041B8
S21403741886680446007800F07CFA0025142732793B
S214037428EBB29A4203D8BDE8F04100F066BA7B4354
S21403743832682078D15A02EB030800F0C1F901211B
S2140374484046E2F7B1FB034608B120789847013572
S214037458E5E72DE9F04F1C4689B09DF84C30BDF89A
S214037468488001939DF8503092460293224643463D
S21403747807460D46E2F7AAFA8DF814700646ADF8E5
S21403748816508DF81840ADF81AA0ADF81C8018B938
S214037498012009B0BDE8F08F05A9FFF7A2FD002873
S2140374A8F6D000252F46A8462C4634E00C231FFAB0
S2140374B885F903FB09F931887368B1F57C4F33F80E
S2140374C8092003EB090B1AD333F8090050452CD3CC
S2140374D8019BA3422DD900F0B8F99BF80200E3F705
S2140374E80FF8029B43B19BF8043013F0010F0CBF4F
S2140374F805200720E3F704F80134A4B219E0ADF831
S2140375081A205946304605AA0393FFF781FD039BC5
S2140375180028D9D101353289ABB29A42C6D804EBD2
S2140375280800C31B58425841B3E708F101081FFA7D
S21403753888F80137BFB2EDE710B5012488B0069482
S2140375489DF83C4005949DF8384004949DF83440D3
S21403755803949DF8304002940B9C0194BDF8284090
S2140375680094E2F765FC08B010BD2DE9F04786B035
S214037578BDF83880DDF83C909DF840A0CDF8008033
S214037588CDE9019A04460D4616461F4600F012F941
S214037598B8B1431EDBB2012B10D800230122811E8B
S2140375A848424841CDE90432CDE902A03B4632467B
S2140375B829462046CDE90089FFF7BEFF06B0BDE899
S2140375C8F0870120FAE730B50024012587B0CDE916
S2140375D8044503959DF82C5002950A9DCDE9004570
S2140375E8FFF7AAFF07B030BD30B50024012587B0E2
S2140375F8CDE9044503959DF828500094CDE9013557
S2140376084023FFF799FF07B030BD10B5012486B0B5
S214037618CDE90444002403949DF828400294099C69
S2140376280194BDF820400094FFF786FF06B010BD0E
S2140376381FB5089C03949DF81C400294069C01946D
S21403764800240094E2F7F0FC04B010BD70472DE95F
S214037658F84F0229074688460C9D04D84FF0000ABF
S2140376685046BDE8F88F1BB10429F7D942F0040247
S2140376783A702BB303247B701B0ABB70E3F7EAFF4D
S2140376884FF000099DF82830385504F1020A0134F2
S2140376983B550B9A5FFA89F3D45C002CE0D0732C25
S2140376A810D82E464C2C56F804BB3DD0532C15D078
S2140376B8622C45D1AC8805F1080600231A4616E065
S2140376C80124DBE7A4F17503032BC7D8763C2E1DEC
S2140376D8022C52D8DFE804F0565A58006A6805F1B7
S2140376E8080694B2D2B2B2F1FF0318BF01230AEB1D
S2140376F8040119448845B1DB50461946002947D189
S21403770853441FFA83FA5CB1BBF1000FA6D0224696
S21403771807EB0A005946E7F71FFE54441FFA84FA94
S214037728354609F10109B4E74FF6FF736A6805F1B0
S214037738080694B222469C4214BF02230023D6E7C7
S2140377486C2C05D1584600F0C8F8841CA4B2B4E7DC
S214037758732C04D1584600F0BBF8441CF6E7A4F192
S2140377683003DAB2092A01D89CB2A6E7A4F141038A
S214037778062B3FF673AF373CE8E7012300242A6855
S214037788A346B4E70223F9E70323F7E70423F5E759
S21403779800F1010C01393A54C9B2120A1FFA8CF0E7
S2140377A8ACE70020E2F734BE0022E2F751BE00231E
S2140377B8E2F764BE01207047012070470120704736
S2140377C8704700207047002070470020704700204D
S2140377D87047002070470020704770470E20704798
S2140377E8002070470020704700207047002070472D
S2140377F87047FF2070470E207047842070477047F5
S214037808002070477047002070470020704700200C
S21403781870470020704700207047002070470020FC
S214037828704770470E207047002070470020704747
S21403783800207047704770470E2070477047002037
S2140378487047812070477047704738B50546C0B201
S214037858E2F756FE0446280AE2F752FE14B1002859
S21403786808BF0024204638BDF8B50546C0B2E2F77F
S21403787847FE0446C5F30720E2F742FE0746C5F36C
S2140378880740E2F73DFE0646280EE2F739FE24B126
S2140378982FB136B1002808BF00242046F8BD3C4661
S2140378A8FBE73446F9E710B4CC18944203DC5DF8DA
S2140378B8044BFFF723B800205DF8044B70470423F6
S2140378C8FFF7F1BF08B50223FFF7EDFF80B208BD47
S2140378D80078FF2808BF0020704708B50222002159
S2140378E8FFF7F0FF4FF6FF73984208BF002008BD66
S2140378F8003818BF0120400070470020704708B5BD
S214037908FFF7A5FCFF284FF0FF3018BF0020C0B2D2
S21403791808BD08B5FFF7F3FFFF280CBF212000209A
S21403792808BDF8B506460C4615461F4600F011F87E
S21403793810B12544AC4200D1F8BD3946304614F898
S214037948012BE2F7CFFEF5E7014600220220E2F715
S21403795859BE0120704737B50546E1F7E3F80446F4
S21403796801950CB981201CE0237823B12046E1F762
S214037978E1F80446F5E72B6862685B889A42F5D116
S214037988A368EA7B99B272B12A8A9142EED16A7DDC
S214037998B2EB134FEAD10020E36801A99847812880
S2140379A8E4D003B030BD4FF6FF72EEE72DE9F84397
S2140379B804460F46904699460BB3012A1FD80C2057
S2140379C8E7F740FD064610B91920BDE8F8831020EE
S2140379D8E7F738FD18B93046E7F73CFDF4E7012327
S2140379E8002547EA084770600570C0F80C904460A5
S2140379F8876033803046E1F78DF82846E5E721208F
S214037A08E3E738B50446436808460D469847B4F98D
S214037A180830002B02DB2B78042B06D100232046E4
S214037A286360BDE83840E3F7EFB938BD30B54FF4C7
S214037A388A5587B0ADF816200DF116041A46029536
S214037A4843B100230122CDE90033234600F01EFA92
S214037A5807B030BD019401240094F7E7FFF7EBBEA7
S214037A68FFF7BEBE0020704708B500F001FB20B93B
S214037A7800F048FB08B9E0F745FAFFF7D2FEBDE881
S214037A880840FFF7DBBE0020E3F726BE0021E3F736
S214037A98C3BE0022E3F782BE1FB5D2880B4612F098
S214037AA8200F4FF6FD7114BF49245224ADF8061073
S214037AB8510544BF083CE4B2110544BF083CE4B290
S214037AC8120444BF023CE4B2032805D8DFE800F0FA
S214037AD8020F161CADF80630BDF80600FFF789FE40
S214037AE8FF281CBF241AE4B2204604B010BD02AA1D
S214037AF80DF10601D8B200F079FAEDE7D8B200F036
S214037B0847FAADF80600E7E7013CE4B2E4E7F8B560
S214037B18064617460D4681B10C78FF2C0BD008464F
S214037B28FFF7D6FEB84228BF3846C4B22246691CB9
S214037B38701CE7F7D3FA3470F8BD0C46FBE770B54C
S214037B48044615460E4611B94170017070BD0B7890
S214037B58FF2B05D14B78FF2B02D103704370F5E753
S214037B683046FFF7BAFEA84228BF284685B22A46FB
S214037B78B11CA01CE7F7B2FA25702D0A6570E5E775
S214037B88F0B523B9013A531C2FD1002020E0042A6C
S214037B98FBD800231C46551E6E1C1AD1042A10D087
S214037BA80121D200501E01FA00F020421EBF914068
S214037BB849420C4318421EBF4FF0FF3101FA02F246
S214037BC813439C421EDCB4BF4FF0FF30002040B284
S214037BD8F0BD40B1465DEF00BE4034434E5D013D07
S214037BE8BE403343D8E70646F5E78C5C38B9034608
S214037BF8A34202F1FF32C6D24FF0FF30E8E7835CB8
S214037C08A342F5D90120E3E7283807288CBF0020CC
S214037C18012070471D2810D004D840B11C2804D072
S214037C28552070471E380128FAD81A2901E00B395F
S214037C380F298CBF5520002070470829F9E7002034
S214037C4800217047F7B59DF820400546082C1046D6
S214037C5819469DF8246036D8002213462C44AC42B5
S214037C6808D106F0FD04382C0ED10096FFF7E7FF7F
S214037C7803B0F0BD14F8017D1B0243EA1263120237
S214037C88BA1843F10003EAE7392E10D107EE100AB3
S214037C9807EE902AB4EEE77AF1EE10FACCBF77EE49
S214037CA8677A77EEC77A002117EE900AE0E78242F2
S214037CB873EB010403D2801A61EB0301D8E7101AA9
S214037CC863EB0101D4E700200146D1E738B5C36862
S214037CD814461944836853F821501AB12846E7F71F
S214037CE8A7F82070284638BD2DE9F3411C461646EA
S214037CF80DF107029DF82050FFF7E8FF9DF80730BF
S214037D088046A34288BF8DF807409DF807700DB1DB
S214037D18E41BE5B22A4600213046E7F78DF93A46D2
S214037D2841467019E7F7DAF9384602B0BDE8F0813C
S214037D382DE9F3411D46164601AA9DF82040FDF796
S214037D4826F8019B80469D4238BF0195019F04B1E2
S214037D58EC1B224600213046E7F76EF93A464146C1
S214037D683019E7F7BBF9F8B202B0BDE8F08173B58E
S214037D780024154601AA1E460194FDF708F8019B40
S214037D88072B0AD92146CCB216B1C4F10704E4B2CC
S214037D98425C013108292A55F5D1D8B202B070BD24
S214037DA81FB5030A8DF80E300323009303AB8DF833
S214037DB80D0000F0BBF805B05DF804FB1FB58DF8A1
S214037DC80F100421030A8DF80E30009103AB8DF8CB
S214037DD80D0000F0ABF805B05DF804FBF0B589B00C
S214037DE816689DF83C50CDF809608DF81130566832
S214037DF8BDF83830012D109FBDF84440CDF80D600E
S214037E08ADF812308DF8145014D0032D19D13B68F1
S214037E18CDF815307B68CDF819309DF848308DF8C5
S214037E281D3016230093BDF84C2002AB00F07EF8F5
S214037E3809B0F0BD8DF81540240A0F238DF81640B7
S214037E48F0E70120F4E71FB50446084611461A462C
S214037E5802238DF80D100093214603AB00F066F855
S214037E6804B010BD10B514461A460B6886B0CDF894
S214037E780D304B683421CDF811300A23009303AB39
S214037E888DF8154000F052F806B010BD2DE9F04104
S214037E98B6B014461D4606460F469DF8F080E3F72F
S214037EA8DFFE03AA8DF80C001046330A8DF80F7010
S214037EB83F0A8DF80E308DF80D602B468DF810703E
S214037EC88DF8114005EB4405AB4202F102021FD1BF
S214037ED86200D2B2931DDBB23D99D8336B440732A6
S214037EE803F8CC8C01EB4805D3B250FA82F2A942C8
S214037EF802F1020212D103EB480300900621304632
S214037F08BDF8F820DBB2E3F7B5FE36B0BDE8F0817E
S214037F1833F8021B1171090A5171D5E731F8024B80
S214037F2802F8024C240A02F8014CE0E72DE9F04176
S214037F381C4605460E4617469DF81880E3F790FE3E
S214037F48207043463A46314628460694BDE8F04133
S214037F58E3F790BE002070477047D7F7D3BE704745
S214037F6870477047704770470020704770477047E0
S214037F78002070477047704703F00BB8FEF774B8D5
S214037F88FEF757B803F04EBBF8F7DEB903F03BBB72
S214037F98F8F798B9F8F700BAF8F7BAB9FEF71EB9BA
S214037FA8FEF76DB8FEF77AB8F4F732BCF4F736BCCA
S214037FB8F3F796BBF2F7B8BCF2F7BCBCEFF790B989
S214037FC8FEF7B7B8FEF77CB8FDF718BFFEF79FB8FD
S214037FD8FEF78BB830B4BDF808409DF80C50CDE9D1
S214037FE8024530BCFDF729BFFDF796BFF8F746BB39
S214037FF8E3F790BEF8F70CBCF7F758BA70B49DF8D9
S2140380080C40BDF810509DF814600394CDE904564F
S21403801870BCF5F75DBA70B49DF80C40BDF8105007
S2140380289DF814600394CDE9045670BCF5F790BA2E
S214038038F5F77ABB10B49DF8044001945DF8044B39
S214038048F5F7CABA10B49DF8044001945DF8044BDA
S21403805802F090B802F090B8FDF7A2BFFDF7B2BFE2
S214038068FDF7C5BFF1F7C8B9F2F70AB8F1F7DCBFF1
S214038078F0F7EEBF02F0BCBBF1F792BB02F0FEBB13
S214038088F1F7F2BCF1F7C4B8F2F700B8F1F782BF1C
S214038098F1F798BFEFF7D8BEFEF7B5B8FEF768B89E
S2140380A8FEF77BB8FEF788B800F00BBC00F004BCFC
S2140380B8F7F732BAF5F73CB8F7F70CBAF7F732BB67
S2140380C8F5F706B8EFF7F8B8F6F728BCFFF745BF95
S2140380D8FAF71EBFFEF7E3B8FDF753BFFEF738B847
S2140380E801F01EBEE3F774BDEFF7AABCEFF7A4B919
S2140380F802F0B8B802F088B8EFF7F2B9EFF730BC79
S214038108EFF734BCEFF760B9E3F77EBDE3F790BD4E
S214038118E3F768BDEFF70EB9E3F76EBDF9F7D0B826
S21403812802F070B802F037B8EFF70AB9EFF772BC87
S214038138EFF752B9E3F70CBEE3F704BEF8F7C4BE8D
S214038148F9F7B0B803F07ABB03F080BBF8F734BF8F
S214038158F9F7B0B800F063B900F0A1B900F0C9B9EF
S21403816800F0A0BA00F010BB00F079BAE4F7E6BA5C
S21403817800F0E6B900F013BA00F026B810B51C46AE
S21403818801F0DFFE05F0C5FF0023C0F3402023708F
S214038198400010BD002208B50B461146FFF7EEFF58
S2140381A8023818BF012008BD00207047704700201A
S2140381B8704770470020704770470E2070470120AD
S2140381C8704770470120704714220021E6F734BF32
S2140381D8704770B505460C468AB0252200210DF176
S2140381E80300E6F729FF6B68CDF81D30AB68CDF8BA
S2140381F82130234601AC03F1100622461868596855
S214038208083303C2B3421446F7D101236A7B8DF8B9
S214038218023012F0040F0CBF4FF480734FF4A073B0
S214038228110748BF43F48063ADF80030930748BF8F
S214038238BDF80030684644BF43F00803ADF8003085
S214038248F4F780FC0AB070BD30B5427B0D46D10703
S21403825804468BB007D5407801A9F4F7D9FCD8B102
S2140382682D200BB030BD9307FAD5C2F38003100751
S2140382784FEA8313ADF8023044BF43F48063ADF886
S2140382880230BDF80220201D0AB10DF1020201A931
S21403829802F09CFE0028E3D001AB03CB9DF8143014
S2140382A8A1602373BDF810306060590642BF627B35
S2140382B842F0040262735A0542BF627B42F0080228
S2140382C862731B0742BF637B43F0020363732B4649
S2140382D806AC0AAD224603CAAA4218605960144679
S2140382E803F10803F6D10020BBE7F0B504460D46B4
S2140382F893B0252200210DF12300E6F79DFE63685F
S21403830804F1040CCDF83D30A36809AECDF841302E
S2140383182B4605F11007324618685968083303C216
S214038328BB421646F7D105238DF82230637B5B01E3
S21403833803F40073ADF820306378FF2B1AD10023BB
S21403834860461A4601A900F0CAF99DF80530FF2BC6
S2140383580DD1002301A91A46184600F0C0F99DF866
S2140383680530FF2B03D11C26304613B0F0BD9DF80D
S214038378053063700020617808AA00F09BFA064669
S2140383880028F1D1607801A900F02FFA2B4603AD37
S2140383982A4618685968083303C2BB421546F7D1FC
S2140383A8637B6078DB0648BF9DF81C3001A944BF91
S2140383B863F07F038DF81C3000F02EFAD4E710B56F
S2140383C804468AB02422002101A8E6F735FE637B1B
S2140383D8590744BF4022ADF810201A0742BFBDF81C
S2140383E8102042F48062ADF81020DB070FD56078C2
S2140383F801A9F4F70DFC10B12D200AB010BD01AB8E
S21403840803CB637B606043F00203A160637304A934
S214038418201D02F0DDFD0028EED00020EDE71FB595
S214038428694600F066F8002818BF2D2005B05DF8E9
S21403843804FB73B50D4614460646E3F7ADFD6B8895
S2140384481A071AD522463146102002F0A2FD204606
S214038458E3F7A2FD6B88D90717D500232246012127
S2140384680DF107008DF80730E4F762F86B88002BE8
S2140384780CBF2120002002B070BDDE06EAD52246D6
S2140384880821281DE4F754F8E1E79A0701D50223E3
S214038498E4E75B07EAD50323E0E70F2070471FB539
S2140384A80C46694600F025F8102221466846E7F789
S2140384B80FF9B0FA80F0400904B010BDB8B1B1B1F5
S2140384C84388A3B90378013B082B10D8DFE803F0E9
S2140384D80507090B0F0F0F0F0D00E3F72BBFE3F785
S2140384E885BFFFF776BEFFF700BFE4F713B9212071
S2140384F8704738B50D4609B300B30378013B082B1C
S2140385081AD8DFE803F0050D101319191919160000
S214038518E3F748FF0446284602F03BFF204638BDEB
S214038528E3F784FFF6E7FFF78FFEF3E7E3F7B4FF17
S214038538F0E7E4F7F9F8EDE72124ECE72124EDE783
S21403854870B586B0064601A80C461546FFF73CFEEE
S21403855804238DF804301CB12068616802AB03C39A
S214038568294601A88DF80560FFF7A8FF06B070BD79
S21403857870B586B0044601A80D461646FFF724FED6
S2140385880323206861688DF8043002AB8DF8116008
S21403859803C3294601A8FFF791FF06B070BD002262
S2140385A8FFF7E6BF30B5437B044613F001020D46DA
S2140385B88BB007D0407801A9F4F72AFB70B12D20B9
S2140385C80BB030BD9B07FAD5ADF8022001A90DF113
S2140385D80202043002F0FAFC0028F0D000210E2232
S2140385E8A81CE6F729FDBDF810302B80039BAB606B
S2140385F8BDF81230AB819DF81430237301AB03CB5F
S2140386086060A1600020DBE770B5437B0446DB07A8
S2140386180E468AB003D42D2528460AB070BD69468F
S214038628407800F045F905460028F4D1DDF81D30FA
S2140386380E226360DDF821300146A360637BB01C1D
S21403864843F002036373E6F7F7FCBDF80030069AB7
S21403865843F004033380059BB2607360DCE70B4684
S21403866810B50446102200211846E6F7E5FC2278E2
S214038678032A09D0042A0DD0022A11D1014620461E
S214038688BDE81040E4F7B6B801462046BDE81040FA
S214038698FFF788BF01462046BDE81040FFF7B4BF82
S2140386A8262010BDF8B5074608460C4616461D464E
S2140386B8FFF78AFD04232370637B314643F00103E7
S2140386C8204667706373FFF714FF08B12D20F8BDC3
S2140386D829462046FFF7C3FF0028F8D0F6E7F8B583
S2140386E8054608460C461F461646FFF76DFD042347
S2140386F8237025B108222946E018E6F7EFFC637BCA
S21403870843F0020363734EB932460121284600F04C
S214038718DAF8FF28607007D12D20F8BD31462046C9
S214038728FFF7E7FE0028F7D1637B43F00103637383
S2140387380DB90020F1E7002FFBD039462046FFF796
S2140387488EFFF6E7F8B50C460746084616461D4656
S214038758FFF73AFD03232046394600F8043B082270
S214038768E6F7BCFC637B314643F00203204663739B
S214038778FFF7BFFE08B12D20F8BD29462046FFF7B0
S2140387886EFF0028F8D0F6E7F8B5074608460C4605
S21403879816461D46FFF718FD03232370637B3146F1
S2140387A843F00103204667706373FFF7A2FE08B120
S2140387B82D20F8BD29462046FFF751FF0028F8D09C
S2140387C8F6E718B18022012100F07DB8FF20704734
S2140387D8002307B51A4619460093F5F71BFFB0FAA8
S2140387E880F0400903B05DF804FB0B4610B5192268
S2140387F80446FF211846E6F71FFC7E2C01468CBF6D
S21403880804F5C43004F583304FF01902BDE8104070
S21403881888BFAD30D7F72CBF7E2888BF00F5C43095
S2140388284FF0190294BF00F58330AD30D7F74CBF2D
S21403883830B589B00D46FFF7C4FFFF2804460DD0B0
S21403884801A9FFF7D2FF2868696801AB03C320466E
S21403885801A9FFF7E1FF002009B030BD2D20FBE793
S214038868704770470020704770470F2070470F20E7
S2140388787047002070470F2070470020704700207D
S214038888704784B08DE80F00002004B07047704727
S21403889870470020704770470020704770470020D5
S2140388A870470120704770470020704701207047C3
S2140388B80E2070470E2070470E2070470020704722
S2140388C870470E207047FF20704770477047002098
S2140388D870477047704770470020704770470020FE
S2140388E87047002070470020704770477047002085
S2140388F87047002070477047002070470020704775
S21403890870470020704710B50024E3B210B9C3F1CE
S2140389180303DBB20134042CCA544FEA1222F4D1FF
S21403892810BD10B50B784C788A78C97828B91046E4
S2140389382246044608461946034642EA012043EA05
S214038948042343EA004010BD7047E4F707B808B5A8
S214038958D2F7A0FA002814BF8620002008BD08B561
S214038968D2F768FC003818BF012008BD08B5D2F74F
S21403897821FC003818BF012008BD08B5D2F7A6FCAD
S214038988003818BF012008BD08B5E4F7C7F8BDE8E6
S2140389980840E4F775B870B504460D461646E4F77E
S2140389A8BDF80420E4F75EF8324629462046FFF76A
S2140389B8DDFF04460220E4F755F8204670BD08B5E7
S2140389C8E4F7ACF8BDE80840D2F7D8BBE4F7DEBB5B
S2140389D8E4F7BEBB08B5E4F7BBFB20B1BDE8084027
S2140389E80020E4F7F3BC112008BD08B5E4F7D0FD72
S2140389F8E4F7D6FDE4F7DEFDBDE80840E4F7EEBD90
S214038A0810B5044622F07042103060602160A26000
S214038A1839B1A26803F070431343A360029BE36073
S214038A2810BDA36843F08043F7E701234360C36898
S214038A3843F02003C360836843F0005383607047A2
S214038A4837B515464A6804463AB18C6800930968F0
S214038A5845EA0403FFF7D4FF0446204603B030BDB7
S214038A682DE9F04FD3B0CDE90123DDE96085002376
S214038A780390042003ACCDE9050307C907AB83E8D5
S214038A880700214618465D9E0494E4F7BFFD074693
S214038A98002840F0BA805C9A0AAB07CA83E8070046
S214038AA8494201F00F0900215E9B5F9A5B68526892
S214038AB80D9113445B4203F00F0AD8F80430129161
S214038AC85B420093B368DA0048BF73684FF010023E
S214038AD842BF033323F003037360AB68DB0041BF75
S214038AE86B68033323F003036B605E9BD3F804B011
S214038AF85F9B5C680BEB04035344CDE90E31736844
S214038B085B4203F00F03CDE910136B685B4203F077
S214038B180F03CDE9131316AB18461591E6F78CFA2F
S214038B285C9A516851B9D8F804100C4354EA0B04FC
S214038B3801BF10229146CDE90B240A9011234FF06A
S214038B48005204A932A8FFF77BFF40F611034FF043
S214038B58005207A9FFF774FF42F611034FF00052BD
S214038B680299FFF76DFF44F611034FF0005201997F
S214038B78FFF766FF412300225E99FFF761FF4FEA7E
S214038B880A234FF000525F9943F04103FFF758FF5B
S214038B984FEA09234FF0005243F001030AA9FFF7EF
S214038BA84FFF009B4FF000521B0203F470634146CD
S214038BB843F00103FFF744FF1038FFF736FF00239F
S214038BC80DA91A461AA8FFF73BFF002331461A4693
S214038BD8FFF736FF002310A91A46FFF731FF0023D5
S214038BE829461A46FFF72CFF002313A91A46FFF750
S214038BF827FF002362991A46FFF722FF1038FFF76C
S214038C0814FF1AA932A8FFF7F0FE384653B0BDE89A
S214038C18F08F10B5044608B1E4F7DAFD2046BDE840
S214038C281040FCF7B4BE10B50446006A10B1616A7A
S214038C38FFF7EFFF0020C4E9080010BD38B5054666
S214038C48FFF7F1FF2B7E0446012B0ED0023B012BC8
S214038C580ED8EB69012B18BF6FF096042822002163
S214038C682846E6F7E9F9204638BDEB69002BF2E714
S214038C786FF09604F2E718220021E6F7DDB970478D
S214038C882DE9F84F9846DDE90B490D9B15469A07DB
S214038C9806460F4623D02A460A9B03EB040A1444C7
S214038CA8A24220D10D9B9B0705D5A2EB050AD14509
S214038CB805EB0A0420D82046BDE8F88F4346394614
S214038CC82020B0470AF1010ACA450AEB0B02F5D37E
S214038CD8A9EB04024C4588BF00222A44DCE7A246D7
S214038CE8A5EB040BF0E702F1010B434639461AF8E5
S214038CF8010DB0475A46D3E7434622463946202055
S214038D08B0470AF1010AD2E72DE9F047DDE90D7607
S214038D1816F0020F9DF82880DDE90854DDE90BCE2E
S214038D281FD106F001094FB1B9F1000F06D0B8F10B
S214038D38000F02D116F00C0F00D0013F4FF0300A97
S214038D4804E0202C04D005F804A001347445F8D3B5
S214038D58B9F1000F05D04FF03009A74201D9202CEE
S214038D682DD116F0100F1FD016F4806F2CD15CB3DC
S214038D78744501D0BC4227D1B4F1010E23D0BCF10F
S214038D88100F46D1023C16F0200F28D1202C28D0ED
S214038D984FF0780C05F804C00134202C21D04FF08E
S214038DA8300C05F804C00134202C1AD0B8F1000F93
S214038DB823D04FF02D0C05F804C0013412E005F853
S214038DC804900134C9E77446BCF1100FDBD0BCF13C
S214038DD8020FE2D1202C04D04FF0620CDAE7202CE5
S214038DE808D12024CDE90A76CDE90854BDE8F04732
S214038DF8FFF746BF4FF0580CCCE716F0040F02D027
S214038E084FF02B0CD7E716F0080FEBD04FF0200CDB
S214038E18D1E7BCF1020F7446C1D1DDE72DE9F04373
S214038E2891B0189D1A9E1D9F0DB927F010077C0553
S214038E3800D515B317F0200F14BF4FF0410E4FF0AF
S214038E48610EAC4600250DF12008AEF10A0EBCFBF8
S214038E58F6F906FB19C95FFA89F4B9F1090F94BF45
S214038E6830347444E4B2B44508F8014B05F10105FF
S214038E78BCFBF6F401D3202D10D11C9C0697059451
S214038E881B9CCDE903649DF86440CDE9015408AC06
S214038E980094FFF739FF11B0BDE8F083A446D6E780
S214038EA82DE9F04F95B0269ECDE90A23DDE91E7419
S214038EB8DDE9229B57EA040308BF26F0100672056D
S214038EC8CDE9080102D557EA040337D016F0200F78
S214038ED814BF4123612300250DF1300AA3F10A08C4
S214038EE821464A465B463846E5F73AFDD2B2092A92
S214038EF894BF303242444F45D2B274EB0B0405F1AB
S214038F0801050AF8012B01D3202D14D1259B0696BB
S214038F180593249BDDE90801CDE903939DF880308A
S214038F28CDE901530CAB0093DDE90A23FFF7ECFE0A
S214038F3815B0BDE8F08F07460C46D1E70025E5E7F0
S214038F4808B100F014B8704710B1D1E900311847DA
S214038F58704738B5441E14F8015F25B90A2000F097
S214038F6806F8284638BD284600F001F8F3E7014618
S214038F780020FCF7DFBA70477047EDF7B1BD7047BE
S214038F8808B5FCF7A8FAD1F785FFBDE80840D4F77B
S214038F98BDB8704708B5D2F7E9FAFBF7FFF8BDE89E
S214038FA80840E3F7BBBD08B5FBF7E8FEE4F744FC67
S214038FB8FBF7E2FEE4F7EEFFE4F7DAFFE4F750FF29
S214038FC8BDE80840D7F72EBB08B5D5F709FDFBF76C
S214038FD8D1FED5F711FDD9F737FDD9F7DDFDD9F75A
S214038FE8E5FEBDE80840D9F703BE70477047E4F7C7
S214038FF85DBF08B5FCF7BAFEBDE80840FCF7E5BE5A
S214039008704707B500220346114601200092D8F799
S21403901895FE03B05DF804FB07B500920B46027D88
S21403902881898068FDF77AFC003818BF0120C001E3
S21403903803B05DF804FB08B50020E0F707FA002044
S214039048E1F798FF0020DAF791F80020DAF728FB13
S2140390580020DAF727FD0020DBF714F80020DBF7FB
S2140390683DFD0020DEF76CF80020DEF7D7FD002074
S214039078DFF7CCFBBDE808400020DFF7B7BC08B530
S2140390880120FDF72DF90120DAF7D0F9BDE80840ED
S2140390980120DAF7F7BF08B50220E0F7CBFA02207B
S2140390A8DFF7BEFC0220E2F773FA0220FFF790FC14
S2140390B80220FDF7B5FB0220DEF7B0FDBDE8084049
S2140390C80220DFF757BFDAF7F5BAFDF7C9BE7047D0
S2140390D870477047704770477047704710B5044627
S2140390E8DFF762FE2046FDF731F92046DCF708F87D
S2140390F82046DCF75BFF2046BDE81040FDF7C3BB00
S214039108FDF7DEBBFDF7E8BBDFF78ABB70477047A2
S214039118FDF740B970477047704770477047704708
S21403912804F0BDBF70477047DFF714BC704770473D
S2140391387047704770477047CFF73ABBFEF76BBB6D
S214039148704700207047FEF768BBFEF771BBE7F76A
S2140391588BB838B504460D4600F097F850B1294643
S2140391682046ECF733FA30B929462046BDE838409E
S214039178E7F742B80E2038BD08B5ECF76DF818B116
S214039188BDE80840EAF7E4BB08BD70B516460C46CA
S21403919804F04DFE314605462046E9F7B5FF04467A
S2140391A8284604F03FFE204670BD00F032B970B57D
S2140391B8044600200E4600F039FBD4F8F0503DB1C3
S2140391C8002331462046AC46BDE870401A46604741
S2140391D82B46012231462046E7F78EFA284670BD0D
S2140391E838B5044648880D4600F020FBD4F8F0301E
S2140391F82BB929462046BDE83840E7F78FB9022041
S21403920838BD00F015BB00F03CB9E6F7C3BE00F066
S2140392181BBB70B5BDF81060054606B16BB1334489
S21403922828469BB200F073F9044620B91EB13146AE
S214039238284600F0ADF9204670BD2124FBE7E8F781
S21403924837BDC0F8EC1000207047E7F775BBE7F7A3
S21403925865BC10B4BDF8044001945DF8044B00F0F7
S2140392689FB80B4610B514461846A1689288E6F7C9
S21403927873F8E168034631B1A0886288121A92B27D
S2140392881844E6F769F8002010BD0346408A18B16B
S214039298188A003818BF012070470846E9F784B8CB
S2140392A800F0D6BA00F0D4BAE9F796BA084708B574
S2140392B8E6F7B8FEC0B208BD022A01D800F00CBA19
S2140392C821207047022A01D800F017BA21207047D8
S2140392D8022A01D800F023BA21207047E8F79EB97E
S2140392E80846E8F7B9B900F033BA002070470020FB
S2140392F870477047D0F8903003F06003402B0DD0CA
S214039308602B03D0203B58425841704749B10B683D
S214039318012B06D9486940F00100704740F2011056
S214039328704700207047F7B504461046D4E952C77D
S214039338DDE908268CEA020587EA06010540194096
S21403934885EA0C057940C4E95251002523F4004107
S21403935806EA010320F0010043F40073024043F0D9
S2140393680203CDE90055EAF7C5FD94F824309A07B9
S21403937813D5D4F84C319B050FD54FF488112046E6
S21403938800F034FC94F82430024665F3410384F86D
S214039398243020460B46E6F719FE002003B0F0BD3E
S2140393A8F0B587B01C461746BDF830601AB90024D6
S2140393B8204607B0F0BD002BF9D00029F7D001AA44
S2140393C8E8F776FC0028F2D0BDF80630A2199A42D0
S2140393D8BDF80850C4BF9B1B9CB2B54212D903996B
S2140393E8AD1BADB23144A5420391ADF808500DD27A
S2140393F82A463846E5F7B0FF0499621B7819E5F75D
S214039408ABFFD5E70499761B3144049122463846C8
S214039418F5E70846E9F720BE0220E9F7D3B908B509
S214039428D0F8E4304BB11A68022A06D993F82520F7
S2140394384AB1186AB0FBF2F008BD4FF446624C21F5
S2140394480020ECF7F1F80020F6E7D0F8E42008B59A
S2140394587AB11368022B0CD9536A13F47F4FC3F3FC
S214039468072106D0126ADBB253438B42B3FBF1F0F3
S21403947806D2002040F67F424C21ECF7D5F80020B0
S21403948808BD0346D0F824010860B3F82831002045
S2140394988B80704790F824310C2B14BF90F8290062
S2140394A8FF20704738B50C464FF400610546EBF7C6
S2140394B803FE70B17CB195F81E3173B94FF4807210
S2140394C84FF480712846EBF7E3FD003818BF0120F8
S2140394D838BD2202F4E72246F2E70020F8E74FF405
S2140394E88071EBF7E9BD08B54A024FF40071EBF754
S2140394F8CFFD002008BD08B58A024FF48061EBF75C
S214039508C7FD002008BD4FF40071EBF7D5BD2DE964
S214039518F041884618F0030706461546194633D120
S214039528B2F5805F30D89A422ED33F2A28D9B2FAAA
S21403953882F401220120C4F11F03DBB29A4092B2DF
S214039548AA422CBFC4F11904C4F11A04E2B2931D4B
S214039558DBB2984080B2A84214D096F8F530ABB97F
S214039568012096F8243060F3C71386F82430404663
S214039578E8F750F9C6F82080B5823846BDE8F0818A
S2140395883A46EAE70020ECE72127F6E70E27F4E752
S214039598084600F02EB9F8B511F0030607460D463F
S2140395A8144621D102B313883F2B1DD9B3FA83F38C
S2140395B8C3F11901C9B2062901D8192B12D00629F5
S2140395C828BF062101238A1DD2B29340284623804A
S2140395D800F015F923883846FD617B82E8F72AFAF6
S2140395E83046F8BD3146EDE72126F9E738B5148845
S2140395F811F003054FEAC4041ED13F2C1CD9B4FA54
S21403960884F4C4F11903DBB2052B01D8192C11D045
S214039618052B28BF052301240633DBB204FA03F31C
S214039628C3F3CF041480816104820387E8F702FA40
S214039638284638BD2B46EEE72125F9E710B514462C
S21403964808460121E9F7DAFB2046BDE81040012168
S214039658E9F7D4BBF8B504460E46174604F0E7FB0D
S2140396683A46054631462046E9F786FE0446284626
S21403967804F0D8FB2046F8BD022070470320704745
S214039688E9F798B810B50023E7F7E4FC044608B9E9
S214039698EAF768FE204610BD70B505460E46144622
S2140396A800F0C9F83146284600F04CFA00F0C3F833
S2140396B8230744BF24F00804A4B221462846E6F745
S2140396C8B7FC00224FF400312846EBF7E1FC0020F4
S2140396D870BD8021EBF7F0BC7FB5531C05AAADF827
S2140396E81410029202210022DBB2CDE900211146B2
S2140396F8EBF7ECFC07B05DF804FB7FB5531C05AA33
S214039708ADF81410029204210222DBB2CDE900213F
S21403971800220121EBF7DAFC07B05DF804FB1FB55E
S214039728531C029100220821CDE900210122DBB255
S2140397381146EBF7CBFC05B05DF804FB10B5044601
S214039748E6F770FC01462046BDE81040E6F770BC15
S214039758002914BF21200020704738B50546104657
S2140397680C46E7F7A5FF65B1D5F8E0304BB15B6962
S2140397783BB12268013204BF6FF0010222602268FF
S2140397881A60002038BD002070472DE9F74F0125E1
S2140397981C469DF83030064601930368174603F0C7
S2140397A8070306339D4005F1FF380B46A1B1416810
S2140397B804EA080BA5EB0B0A41F00059524509EBDE
S2140397C80B0114D952461846E5F7C6FD49467A1BD7
S2140397D85A445044E5F7C0FD019B2BB13C4448EA84
S2140397E8050804EA0804F46003B0BDE8F08F1846D9
S2140397F8F0E74FF03A43022298615A6370474FF0F6
S2140398083A4301225A6740F6FF72D96418651A6705
S214039818704737B5002514460095FFF7B6FF204670
S21403982803B030BDE7F7B6BD002070470020704789
S214039838002070477047704710F0FD0F14BF4FF0B5
S214039848FF300020C0B270477047002000217047E1
S21403985808B5E9F701F9BDE80840E9F725B938B5C9
S2140398680446FFF7F5FF0546FFF7F2FF431BA3423F
S214039878FAD338BD38B50D460446E9F7EDF835B1E1
S214039888844200D90139204601F0030138BD8442D9
S21403989838BF0131F7E708B50121FFF7EBFFBDE84D
S2140398A80840E9F701B908B521B19200E5F754FD78
S2140398B8002008BD2120FCE700F06F43B3F1804F7A
S2140398C802D0B3F1204F02D120F07040704700F069
S2140398D86043B3F1204F08BF20F0805070470B0C4D
S2140398E823F48053B3F5284FF7B50D468FB20646D3
S2140398F899B216D04AF60103994214D04AF60203DF
S214039908994212D0B1F5204F14BF04240324D6F885
S214039918E0300BB1196851B9D6F8DC3093B928682A
S2140399280EE00024F3E70124F1E70224EFE72346D9
S21403993868463A46E9F72CF9DDE90003002BEBD134
S21403994803B0F0BD19680029E9D0234668463A46AD
S214039958E9F71EF9DDE90003002BE0D1F0E702047E
S214039968C0F3891307D56FEA83536FEA935313F546
S214039978007F18B206D0A3F1C8006FF4FF739842AD
S214039988B8BF184670474FF0384359699A6903F5C4
S21403999800530A405A6170470E207047EAF7F2BE32
S2140399A8EAF7F0BEEAF7EEBEEAF7ECBE08B50846F5
S2140399B8EBF7DAFA08BDEAF7E5BE0220704702209D
S2140399C870470020704701207047002070470E201C
S2140399D8704700207047E7F745BD08461146012241
S2140399E800F086B870B505460C4611461A46EBF7DE
S2140399F8F1FB06682B462046B446BDE87040604730
S214039A0810B5EBF7E7FBBDE8104083681847FFF788
S214039A1839BEE7F731BCFFF79CBBE7F72FB970B53C
S214039A2804460D4616464FF4881100F0F4F83246FD
S214039A3829462046BDE87040E7F74ABE7047431EEE
S214039A48012B03D9031F584258417047012070471A
S214039A58FFF7EABE4FF4D4720021E5F7EDBA70B506
S214039A680446E7F7A3F90546A8B9A169F1B1238A1D
S214039A78D3B1204604F11002FFF7B8FD38BBE169FD
S214039A8819B3638AA3B1204604F11202FFF783FDD4
S214039A9878B1054603E00023A3612361E36100234D
S214039AA828466361236270BDA061E8E72082E6E783
S214039AB8E361216A0029F2D0A28A002AEFD0204661
S214039AC8E38ABDE87040FFF722BD6182F1E765824D
S214039AD8E561DEE711B9D0F8DC1021B1CB6813B124
S214039AE88B68D88970474FF6FF707047E6F780BAD9
S214039AF810B50C461146E6F7A1FAE7F7B3FC0128BA
S214039B0801D1002010BD002CF7D10520FAE7FFF796
S214039B1886BCFFF79ABC70B500232425D0F8DC0072
S214039B28C4689C4201D1212070BD826805FB0322CC
S214039B38D6898E4202D8128A8A4201D20133F0E7C6
S214039B480020F1E7F8B506460D46EBF7A5FBD8B9AE
S214039B584FF6FF734FF0240CEF68C1B28F4208D854
S214039B681C4621463046EBF731FDFFF763FE2046D9
S214039B78F8BDAA680CFB0122D4899C4202D2002CA9
S214039B88EFD023460130E8E70024F0E7808D7047DE
S214039B980A7838B505461046FFF751FF60B14C788A
S214039BA82046FFF74CFF38B12243530704D4284610
S214039BB8BDE83840E6F77ABC212038BD10B5044620
S214039BC80878FFF73CFF58B14A781046FFF737FF87
S214039BD830B1042A04D02046BDE81040E6F784BC1A
S214039BE8212010BDFFF79FBBE6F7AABF38B5054689
S214039BF80C4604F01CF9D5F88C301C40D5F8883090
S214039C082343C5F8883004F00DF9211E18BF012137
S214039C180020490238BD38B504460D4604F007F956
S214039C28D4F88C301D40D4F8883023EA0505C4F8E8
S214039C38885004F0F7F8284638BD38B504460D466C
S214039C484FF48811FFF7E7FF29462046BDE838405A
S214039C58E7F75EBD73B50D7806460C4635B30423A1
S214039C688DF804302379304601A98DF80530FFF7BF
S214039C78A5FF0546B8B92278A37952BB8DF80430F8
S214039C88E379304601A98DF80530FFF781FF0546CD
S214039C9848B923783BB161883046E6F713FE0121BD
S214039CA83046FFF7FFFB284602B070BD2946FFF78C
S214039CB8F9FB29463046FFF716FC29463046FFF7D8
S214039CC81AFC2378002BCAD123798DF804306379DC
S214039CD8C9E702228DF80420D3E7FFF704BCFFF791
S214039CE812BC00207047704710B50446EBF7FEFC1D
S214039CF821460020ECF74EFBBDE81040002000F09C
S214039D082BB970470120704708B5EDF771F980F055
S214039D180100C0B208BD4FF0FF30FFF7C1BA704765
S214039D280020704710B50C4603F042FE048010BDB1
S214039D3838B50C46154603F03BFE03881DB11C4395
S214039D48A1B2018038BD23EA040189B2F9E708B550
S214039D5803F02EFE008808BD08B503F029FEC07878
S214039D6808BD08B503F024FE008800F00C0008BD03
S214039D7808B503F01DFE008800F00C00031F5842C8
S214039D88584108BD38B5054603F012FE0446284672
S214039D98FFF7EEFF30B904F1100004F0BAF900F447
S214039DA8406038BD4FF40060FBE738B5054603F05E
S214039DB8FFFD04462846FFF7DBFF014648B9103483
S214039DC82046042203F034FD2044BDE8384004F05E
S214039DD8A0B9A08838BD10B50C4603F0E9FD848009
S214039DE810BD38B5054603F0E3FD04462846FFF7DD
S214039DF8BFFF30B904F1100004F08BF900F44040BB
S214039E0838BD4FF40060FBE738B5054603F0D0FDD0
S214039E1804462846FFF7ACFF014648B910342046E7
S214039E28062203F005FD2044BDE8384004F071B966
S214039E38A08838BD38B5054603F0BAFD044628465B
S214039E48FFF796FF014608B1201D38BD10340622D9
S214039E58204603F0EDFC2044F7E708B503F0A8FD19
S214039E68007A08BD08B503F0A3FD90F9090008BDFC
S214039E7808B503F09DFD807A08BD08B503F098FD84
S214039E88C06808BD10B50C4603F092FD047210BDF9
S214039E9810B50C4603F08CFD447210BD10B50C4685
S214039EA803F086FDC46010BD2DE9F8430F468046CF
S214039EB8002107F110001646994603F0EDFD044607
S214039EC8D0B103F075FD0546204603F08DFD00214D
S214039ED802462846E5F7B0F800232046AB7049F05B
S214039EE80401FFF71FFFA5F804802EB13A46314652
S214039EF805F11000E5F730FA2046BDE8F883F8B513
S214039F0805460F461020002103F0C6FD0446B0B1EF
S214039F1803F04EFD0646204603F066FD0021024682
S214039F283046E5F789F8002339462046B370FFF72D
S214039F38F9FE25B12A460121204603F085FD204671
S214039F48F8BD08B503F034FD103008BD08B503F0B6
S214039F584BFD1038C0B208BD0020ECF743B908B56E
S214039F68ECF79EFB002008BD4088C0F30C000330C6
S214039F78800840000430704770B50E460546114603
S214039F88304603F089FD044635B128B103F010FDC9
S214039F9832462946E5F7A2F8204670BD0088B0FA8F
S214039FA880F04009704738B505880022044604F057
S214039FB81EF905B1258038BDF8B507460D46008855
S214039FC80021164603F02CFDB042044605D1294667
S214039FD83846BDE8F840FFF7E6BF0021204603F001
S214039FE81FFDB04205D02046002103F019FD0446A4
S214039FF8F3E72A462046002103F026FD3246284684
S21403A008BDE8F840002103F01FBDF8B505880746EC
S21403A0187DB1CCB22146284603F002FD85420646AA
S21403A02809D100233B8000222146304603F00CFD6D
S21403A03835462846F8BD214603F0F2FC214602467B
S21403A048284603F001FDEEE72DE9F0470788824628
S21403A058884614465FB3384603F0C6FC3D460646B4
S21403A068E4B22146284603F0DBFC4045814616D178
S21403A078214603F0D5FC21460246284603F0E4FCB5
S21403A088474504D1454508BF0025AAF800500022D5
S21403A0982146404603F0D8FC3046BDE8F0878742A1
S21403A0A8FAD003F0A1FC30444D4686B2D9E73E46C3
S21403A0B8F2E700220123C0E900237047F8B50446F7
S21403A0C80127002603F0C0FE23683BB903F0B7FE5A
S21403A0D800226368012B0ED16360F8BD1D691F61FA
S21403A0E8266003F0ACFE012DF2D02B462D691E61C7
S21403A0F8012DFAD1E6E719691A610B46EAE7036800
S21403A10823B94068012803D0EDF712B8002070473A
S21403A1184FF0FF307047F8B5054603F015FF0123E7
S21403A12806460027A8602B7303F08EFE2B680246AC
S21403A1387BB11C692169A1420CBF2F601961276195
S21403A148104603F07CFE012C08D020466368984727
S21403A158EAE76C68012C04D103F071FE00232B7325
S21403A168F8BD6169711AB1F1004FF5D821696960C4
S21403A1782361E5E7022070470220704700207047F6
S21403A1880144884201D10120704710F8013B9342ED
S21403A198F7D00020704770B50146064692B00020F7
S21403A1A8EBF7D0FC044670B9FDF7D4FE0546014626
S21403A1B86A462046ECF70CF86A46294620468DF888
S21403A1C80260ECF7BBFA204612B070BD00B593B038
S21403A1D8FDF7C0FE6A4601460020EBF7F9FF9DF936
S21403A1E8020013B05DF804FB00B593B0FDF7B2FEAA
S21403A1F86A4601460020EBF7EBFF9DF8000013B014
S21403A2085DF804FBEBF7A8BF012070477FB54FF650
S21403A218FF7101AAEDF7FEF920B1BDF80C0007B0EF
S21403A2285DF804FB4FF6FF70F9E708B51046EEF73E
S21403A238B7F9BDE80840EEF771BA7047704770473C
S21403A2487047704770477047704738B54FF6FF75C5
S21403A2580D800C46F6F768FA2080A8420CBF2D201E
S21403A268002038BD002100B593B06A460846EBF7D0
S21403A278AFFFBDF8060013B05DF804FB002110B568
S21403A28892B004466A460846EBF7A2FF00216A46E0
S21403A2980846ADF80640ECF751FA12B010BD002197
S21403A2A800B593B06A460846EBF792FFBDF804007C
S21403A2B813B05DF804FB002110B592B004466A4655
S21403A2C80846EBF785FF00216A460846ADF80440C2
S21403A2D8ECF734FA12B010BD70472DE9F04F87B08B
S21403A2E80C4691460746FFF73CFD0546661C304676
S21403A2F803F00FFF042D40F090803846FFF721FE49
S21403A3080378092203F00303012B14BF0223032354
S21403A31801212046039303F08BFA09220021054600
S21403A328204603F085FA21788DF8170001390022B4
S21403A338204689B2FFF720FE04EB09088346F0B1EE
S21403A3484FF0010A2A460146CDF800A003980DF1FE
S21403A3581703FBF7C0FD0228054626D1584603F027
S21403A36843FB00222070C0B2431E00929BB25246A3
S21403A3785946304603F0CAFF2378534423703846B9
S21403A388FFF7E5FC020424D498F8013021789B07EC
S21403A3981FD50139A1EB09013A464046C9B2F1F780
S21403A3A8BDF823781844207013E020B92070284697
S21403A3B807B0BDE8F08F032809D1404603F0A9FE8D
S21403A3C820F4007189B2404603F0A5FED7E70428B7
S21403A3D8D5D10125002220462178FFF7CDFD074673
S21403A3E80028E4D04FF000080146434601224046C1
S21403A3F8CDF80080FBF76FFD022819D1384603F025
S21403A408F3FAC2B2013A207093B2394601223046B3
S21403A418CDF8008003F07AFFC9E780F0800520F0C6
S21403A428800081B23046C5F3C01503F074FED1E749
S21403A4380028BCD12070BAE708B50020FFF764FCF3
S21403A44880F00100C0B208BD0A4608B501460020E0
S21403A458EDF72EFBB0FA80F0400908BD0020ECF7B4
S21403A468A1BA00210846EBF745BF0020FFF74ABC10
S21403A47870B5044603F04DFE042200210646204626
S21403A48803F0D6F9204403F044FE032205460021D0
S21403A498204603F0CDF9204403F03BFE4FF6FF7346
S21403A4A80540ADB29D4214D1F30712D5062200210A
S21403A4B8204603F0BDF9204403F02BFE0446EDF7CF
S21403A4C869FB844214BF02240624EDF75DFB204093
S21403A4D870BD2046FBF7D0FEC400E4B2F5E708B526
S21403A4E8FFF7C6FF003818BF012008BD01207047D4
S21403A4F810B50446FEF700FA08B9FEF7FFF9030598
S21403A5080FD40C231B2B01D1002009E020FA03F1FA
S21403A518C90703F1010206D5DBB2E31A58425841CC
S21403A52810BD0B23F9E71346ECE710B50C4609886C
S21403A53819B90846F7F750FC2080012010BD08B566
S21403A54810461A4600F08CFABDE8084003F07FBDB3
S21403A55870B504460D46164692B06A46EBF738FEC3
S21403A5686A46294620468DF81F60ECF7E7F812B0CE
S21403A57870BD10B50C46EDF7E9FE2046BDE8104061
S21403A588EDF7FABD0129F8B505460C461DD0032993
S21403A5981ED0052920D0072922D00026002400270C
S21403A5A80120EBF767FD304485421DDA0320EBF7FD
S21403A5B861FD2044854219DA0520EBF75BFD384434
S21403A5C88542B4BF07200520F8BD6FF00406E5E70B
S21403A5D86FF004040526E2E700266FF00407DFE7BA
S21403A5E8002405272646DBE70120EDE70320EBE7F3
S21403A5F838B14379490023F00C0301F00C010B43EF
S21403A6084371704710B5044678B1417940884908C4
S21403A61801F006010131000AFFF7B4FF02460146BE
S21403A6282046FFF7E5FF104610BD0722FBE738B5BF
S21403A6380D46EDF779FE044608B9002038BDFFF746
S21403A648E1FF002DFAD1237913F00703F5D09842DA
S21403A65838BF1846C0B2F1E7EEF774B80022EEF733
S21403A66897B90021012208B5EEF792F9401A18BFE8
S21403A678012008BD38B51546FFF7F0FF04462846FF
S21403A68803F028FE84B1FF2804D0626822FA00F398
S21403A698DB0701D5012038BD0123834013436360DC
S21403A6A8E3780133E370F5E72046F4E7EEF7CABB31
S21403A6B810B503F07DF900F11004204603F029FDD8
S21403A6C820F4007189B22046BDE8104003F023BD8C
S21403A6D82DE9FF411546019101218DF80D301B0A1E
S21403A6E88DF80E309DF82C308DF80C008DF80F3051
S21403A6F828460423009103AA9DF828809DF8307005
S21403A7089DF8346001F016FB044670B12946FFF73E
S21403A71862FBB8F1000F02D12046FFF7C9FF2FB13D
S21403A72846B93146204601F0D0F80024204604B046
S21403A738BDE8F081002220461146EEF709FBF4E750
S21403A7484FF47A70EEF75EBC08B5ECF705FDBDE886
S21403A75808400020EEF75CBD00B58BB06846EEF700
S21403A7682DFC009BBDF8060004A90693EEF7CCFB68
S21403A7780BB05DF804FB1FB504466846EEF71EFCEF
S21403A78802AB03CB2060616004B010BD1FB506237F
S21403A79804468DF80C30EEF795FE00238DF80D0071
S21403A7A8CDE9003301210223204603AA01F0C2FAA9
S21403A7B804B010BD38B5002208210546FFF7E0FCB3
S21403A7C8044698B9FFF74EFD22464FF6FF71EFF79A
S21403A7D8D1F82846297CEEF74BFD287C6A69E98977
S21403A7E8F0F746FCEEF7BCFC204638BD0120FCE734
S21403A7F870B50C4605460120EFF748FC237B4BB1A2
S21403A808FFF730FD014623462A46BDE8704001207F
S21403A818EFF7CEB84FF6FE71F5E7F8B50E460746DE
S21403A828FFF78FFB054603F074FC00F44040B0F5D1
S21403A838404F14BF0022062202F10A03EB5C0B32D8
S21403A8485C0004F00E045B08144403F0380338462F
S21403A8581C44FFF77BFB844208D2001BC2B20F2AB4
S21403A86828BF0F2230462919E4F776FD2046F8BD9F
S21403A878ECF772BC40F62740F0F778B9FF224FF69C
S21403A888FF71F0F7A7BA07B500210DF10700F0F737
S21403A898D9FB9DF8070003B05DF804FB13B504461F
S21403A8A801A90020F0F7CEFB019A01462046F0F7EF
S21403A8B8DFFB204602B010BDF0B50F46002187B077
S21403A8C8044608461646F0F7BDFB012305460DF178
S21403A8D80A008DF808408DF80930FFF74CFF092C5D
S21403A8E81DD131460DF1120003F015FC05AB00210E
S21403A8F802AA9B1A2846CDE90011DBB2642101F0AF
S21403A90819FA0546E0B1092C15D1F0F7FBFB044606
S21403A91888B12846F0F70AFC204607B0F0BD314652
S21403A9280DF113008DF812704FF6FF7503F0F3FB65
S21403A9380DF11503DBE7284600F014F80446EBE7A9
S21403A9480446E9E738B504460D4603F0DDFC40B196
S21403A958AC4206D0204603F0CEFCBDE8384000F0F3
S21403A968ACBF38BD10B50446FFF7EBFA023003F068
S21403A978D0FB4FF6F7739842204603D9BDE810403C
S21403A988F0F74EBDF0F78EFDB0FA80F0400910BD23
S21403A998012070470022F0F77BBC70B50446008898
S21403A9A8FFF7CFFA0546043003F0B3FB0646A81CA8
S21403A9B803F0AFFB054603F0C2FA3046F1F758FF3B
S21403A9C830B92846F1F754FF10B1284603F09CFC2B
S21403A9D8A378002023F00F03A37070BD70B5054657
S21403A9E8FFF7AFFA0646284601F0C8F90146284697
S21403A9F8F7F726FE04462846FFF7D7F94FF6F77308
S21403AA08984208D8337803F00303012B05D1A31E15
S21403AA185842584170BD0120FCE70020FAE741F28E
S21403AA28033330B585B00D46ADF808300446FFF756
S21403AA3819FC8DF80A00FFF715FC0021000A8DF8AB
S21403AA480B0005232046CDE9001102AA8DF80C5009
S21403AA5801F070F910B12146FFF79CFF05B030BD31
S21403AA682DE9F041044617460D46E1B13F294FF05C
S21403AA78000600D135462046FFF773F9082814D197
S21403AA880121204602F0CCFF064602F0ADFF04463D
S21403AA98304602F08DFF3B4601462A46E0B2BDE843
S21403AAA8F041FDF7FBBA0126E5E72046FFF759F91B
S21403AAB8024630B9BDE8F0414FF6FF71012003F0B6
S21403AAC8F1BA2046FFF75EF9B0F5006F0ED12046BF
S21403AAD8FFF76BF94FF6FF739842014617D0002D20
S21403AAE80CBF03200520002203F0DCFA2946204683
S21403AAF8EEF7E6F968B929462046F1F757FE40B956
S21403AB08324629462046BDE8F041F0F70FBE01203D
S21403AB18E9E7BDE8F0817047704737B54FF6F67535
S21403AB28FDF71BFA431E9BB2AB420446F8D8EDF773
S21403AB38FBFB0028F4D169462046ECF717FF0028EC
S21403AB48EED0204600F09AFE0028E9D12046FFF70B
S21403AB5888FD0028E4D12046F1F78AFE0028DFD1D5
S21403AB68204603F0D1FB0028DAD12046FDF700FA89
S21403AB780028D5D1204603B030BD73B504460E462B
S21403AB88F1F776FE054688B92046F1F7CBFE21464F
S21403AB982B460D224FF6FD70009500F0A1F83146BE
S21403ABA8204602B0BDE87040F1F77EBE02B070BD25
S21403ABB8F7B504460D461746FFF754FB0646002D21
S21403ABC83FD04FF6FB739C423BD82046F1F750FE26
S21403ABD808B1A64235D02046F1F74AFE10B1012047
S21403ABE803B0F0BD2046FDF7C3F9C0B1A642F6D0C0
S21403ABF8F4B169462046ECF7B9FE0246C0B9082107
S21403AC086846FFF7BDFA98B9082269462846E4F766
S21403AC185FFD68B129462046FFF7AFFFDFE7A64288
S21403AC28E6D12846ECF710FF10B900F03DFED6E74C
S21403AC383FB121462846EDF71DFD21462846F5F780
S21403AC4859FD0020CCE737B5054614460C2914D819
S21403AC58DFE801F02C132C13131307131313132411
S21403AC6824006946ECF782FE18B901216846F5F711
S21403AC783FFE41202946F8F75FF9D4B12046FFF78F
S21403AC8860F9023003F045FA4FF6F773984210D985
S21403AC98204603B0BDE83040F0F778BC40F61440D1
S21403ACA840F613430B2908BF1846E3E700F0EDFD0B
S21403ACB8E3E703B030BD1FB50346084603218DF806
S21403ACC80D308DF80C1001230021ADF80E20CDE9C8
S21403ACD8003103AA042301F02DF805B05DF804FB40
S21403ACE82DE9F34106460F4614461D469DF8208077
S21403ACF8FFF7B8FAB04207D100222146384602B019
S21403AD08BDE8F041FFF79FBF3A4631462046FFF7B6
S21403AD18D2FFADF8060060B10D2C05D100224FF620
S21403AD28FF71282003F0BEF935B9BDF80600FFF712
S21403AD3819FE02B0BDE8F0810123424629460DF10B
S21403AD480600ECF75DF9BDF80630002BEDD1F0E709
S21403AD58F7B50C460546FFF7F4F8611C0646284681
S21403AD68F7F76EFCA11C0746284600F02AFF0146A3
S21403AD7804463846FDF72AF90D2F34D12046F1F755
S21403AD8877FD78B1301D03F0C4F904462846F679F2
S21403AD98FFF73AF831460246204603B0BDE8F040CE
S21403ADA8FFF768BCB01C03F0B4F94FF6F773984284
S21403ADB802D92846F0F7EAFB2046F1F7B3FDFFF77A
S21403ADC851FAA04205D1002003B0BDE8F040FFF7D2
S21403ADD8A2BE6B46B068F16803C369462046F1F71E
S21403ADE863FD03B0F0BD2A463946204603B0BDE8E6
S21403ADF8F040FFF728BF14220021E4F71DB92DE918
S21403AE08F04F11F00F0704460E4615468FB05CD177
S21403AE180120E1F763FC09A8FDF7D6F9092309A879
S21403AE288DF82430FDF7D4F909A8E1F729FC01A920
S21403AE3809A8FDF75EFB26F00F08A84404F11009DD
S21403AE4804F10F0A454511D1236901A93344236147
S21403AE5809A8FDF733FB0020E1F740FCB6F1005FD5
S21403AE6828BF272738460FB0BDE8F08F05AA234624
S21403AE7896469446186859680833ACE803004B4569
S21403AE886246F6D12B46224605F1100B53F8041BEF
S21403AE985B4542F8041BF9D1714609A8FDF70EFB7A
S21403AEA809A8E1F7EDFB224621460120E1F7D2FB8C
S21403AEB8013D631E13F8012F15F8011F534582EA57
S21403AEC801021A70F6D15D46BCE70227CAE7F0B559
S21403AED8174685B005460C46102200216846E4F757
S21403AEE8ABF8BFB3C4B30F2C04F00F0608D924F08D
S21403AEF80F043A4621462846FFF781FF40BB2744FE
S21403AF08324639466846E4F727FA80222F6906F15F
S21403AF18100337446B44B7F5005F03F8102C2F6112
S21403AF28C6F110061AD3062E1FDDFB001A0E8DF87F
S21403AF380A201A0C5BBA8DF80B20ADF80C306A465B
S21403AF4810212846FFF75BFF00202B69103B2B6177
S21403AF5805B0F0BD3E46D8E72646D6E7022E04DD02
S21403AF68FB005BBAADF80E30E9E76A4610212846BF
S21403AF78FFF745FF2B691022A3F11004002168464A
S21403AF882C61E4F759F8B7F5005F4FEAC403CDD24E
S21403AF98E7E770B50E46054686B001A81446FFF7E0
S21403AFA82AFF3246294601A8FFF791FF224605469F
S21403AFB801AB05AE1C4603CCB44210605160234671
S21403AFC802F10802F6D1284606B070BDF1F702BDB5
S21403AFD80A460021F1F7FEBCF0B58BB00C4601A972
S21403AFE8F1F7F8FC054680B325220021E01CE4F7B8
S21403AFF823F80123A3700E23BDF810702380FA05E7
S21403B00810D523464FF4877206AE23F8042B0DF1AA
S21403B018280C324603CA624518605960164603F17F
S21403B0280803F6D13B0605D5238843F0800323801F
S21403B038069B636001AB03CB039BC4F81D00C4F8EF
S21403B0482110A361F2F7AAFE606128460BB0F0BD93
S21403B05830B505460C4687B001A8FDF7B5F828684D
S21403B068696802AB03C39DF8113043F002028DF8FA
S21403B078112074B12288510644BF43F006038DF8A5
S21403B0881130530542BF9DF8113043F008038DF87D
S21403B098113001A8FDF793F9B0FA80F0400907B01C
S21403B0A830BD2DE9F3410F460546164602F09CFCD3
S21403B0B84FF00008C41BE4B2294623463A463046F6
S21403B0C8CDF8008003F022F90121284602F0A8FCF7
S21403B0D888B10121284602F0A3FC074602F084FC47
S21403B0E80546C3B2424630193946CDF8008003F008
S21403B0F80DF92544ECB2204602B0BDE8F0812DE9EF
S21403B108F04F85B00C46054691461F464FF0010A98
S21403B118DDF838809DF83CB002F066FC22463B46D4
S21403B12829460646CDF800A0484603F0EFF85146F0
S21403B138284602F075FC3C4418B35146284602F0EC
S21403B1486FFCF6B2B442814610DAE7B2F31BDBB201
S21403B158404622462946CDF800A003935F4403F0F1
S21403B168D5F8039BBF1B984407F0FF0B0123002267
S21403B1780E9349465B46404605B0BDE8F04F03F0DC
S21403B188C5B85B4622462946CDF838A0F3E72DE92D
S21403B198F041002686B0074608460C4615469846EC
S21403B1A8CDE9026604968DF8146002F01DFC411B77
S21403B1B8CBB20D2B28BF0D232A462146009602A89C
S21403B1C803F0A4F8424602A93846F1F759FD0646A5
S21403B1D8294620469DF80820F7F746FA304606B073
S21403B1E8BDE8F0812DE9F04F0E46CBB001210546A8
S21403B1F817461C4602F014FC23463A46294681465F
S21403B20806A8FFF7C4FF0DF1280A00EB070B524602
S21403B218314628465FFA8BFBFFF743FFB34503D255
S21403B22800204BB0BDE8F08FABEB06085FFA88F852
S21403B23808F104039842F3DB331F18440423C4B20B
S21403B2480193A31BDBB20093524643460021CDF875
S21403B25808A006A8E1F7B2F90028E1D1A4EB0B048D
S21403B2680AEB0803E4B25246284631460093019493
S21403B2784346FFF744FF39462846F7F7E1F93946C8
S21403B28800F0F8022846F7F7EFF90121284602F0FE
S21403B298C7FB002818BF4D462846ADF8165002F0DF
S21403B2A8A3FB011FC9B20DF1160000F04FFC0120E5
S21403B2B8B7E72DE9D841064600F060FD411C044671
S21403B2C889B2304600F02DFD98B394B32146304634
S21403B2D8F7F7B6F900F00C03042B074629D000F05D
S21403B2E80308B8F1020F00D11BBB384600F0B0FDC7
S21403B2F83B060444A4B216D5611C304689B200F056
S21403B30810FDB0B121463046F7F79AF9B8F1010FA8
S21403B318014600F003030CD0032B0AD0384600F08E
S21403B328A6FD03199CB221463046BDE8D84100F075
S21403B338F8BC0020BDE8D881F8B5064600F0E0FC66
S21403B348054604463046FEF7FCFD43785B0718D5EA
S21403B358AC1CA4B22146304600F0E3FCB8B129463B
S21403B3683046F7F76DF90746691C304689B2F7F792
S21403B37867F91FB1874201D8FF2808D104EB4704B1
S21403B388A4B221463046BDE8F84000F0CABC002007
S21403B398F8BD13B5044601A8F1F7CAFEBDF8043094
S21403B3A8DA0710D49B0707D410220021204602B0E0
S21403B3B8BDE81040E3F740BE224621461020FFF7BB
S21403B3C8E8FD0028F0D102B010BD024608B5F1F733
S21403B3D8D7FE510544BF0838C0B2130544BF083822
S21403B3E8C0B208BDF0B5D30705460C468BB04AD5A0
S21403B3F8008800F0C3FC00230646029314B9CDE97F
S21403B408034403AC002208212046FEF7B9FEA8B180
S21403B4182888FEF796FD023002F07BFE2146074693
S21403B428ECF7A4FA50B1002240231146384600F040
S21403B43805FA40F6094528460BB0F0BD314628887C
S21403B448F7F7FEF810F0030F0CBF01260026F1F7F6
S21403B45805FB46EA4000C0B200900021204602AB36
S21403B46805AAF3F7D7F80546F1F7F8FA0028E2D065
S21403B478002DE0D000212046009602AB05AAF3F77C
S21403B488C9F80546D7E740F60A45D4E700231A461F
S21403B498F3F72CB830B58BB005AD04462846FCF751
S21403B4A893FE0223284601A98DF81430FDF721F8E8
S21403B4B8234601AA144603CCAC42186059602246B8
S21403B4C803F10803F6D10BB030BD08B500230246D6
S21403B4D819461846F3F70AF8012008BD37B5044697
S21403B4E86846F3F77BF8054648B1082221466846BE
S21403B4F8E4F7EEF8B0FA80F0400903B030BDFF2257
S21403B50808212046FEF73CFE034628B106212846B6
S21403B518FFF7BCFF0120F0E722460146F2F7E6FFF5
S21403B528F8E707B56846F3F759F810B16846FDF724
S21403B5384FF900F0010003B05DF804FB0120F3F7B0
S21403B54823BD704730B50124054689B003A8FCF728
S21403B5583BFE01A88DF80C40E1F7F0F89DF80620AD
S21403B5689DF80730AA4209D0AB4209D103A88DF843
S21403B5780D40E1F785F8012009B030BD0024F5E752
S21403B5880020F9E700221021FEF7FABD70477FB5C1
S21403B5980D4600F582300D22694600F58070D5F712
S21403B5A867F86B462A4602AE1C4603CCB4421060C4
S21403B5B85160234602F10802F6D120681060237909
S21403B5C8137100236B7304B070BDF0B585B06A467B
S21403B5D805460B46164601F10807144618685968C7
S21403B5E8083303C4BB422246F7D118680D222060ED
S21403B5F81B7905F582303146237100F58070D5F73F
S21403B60863F805B0F0BD38B504460D46E0F788FB89
S21403B618A04205D920462946FFF7B9FF002038BDC2
S21403B6282820FCE730B5002485B08DF80040E0F705
S21403B63877FBE5B2A84204D8F4F7BEFF002005B0AE
S21403B64830BD69462846FFF7C0FF0134EFE738B533
S21403B6580446002002F04DFEFF2805460FD002F0F0
S21403B66850FE10F0010009D0284602F04AFE4008B2
S21403B67840EAC17080F0010000F0010038BD04F014
S21403B6880100FBE70146F8B506460020F4F7CEFEB0
S21403B698FF2801D00120F8BDE0F732FB0024054659
S21403B6A8871CE0F731FBE3B2984201D80020F2E7A3
S21403B6B835F82430B34203D117F82430002BE9D1E8
S21403B6C80134EEE738B50D460121044602F0A8F921
S21403B6D830B10121204602F0A3F92880012038BDA5
S21403B6E820462C8000F020FC0130C0B2F7E72DE995
S21403B6F8F04788B00746894610460DF10A011D46ED
S21403B7089046FFF7DFFF4FF0000ABDF80A600446CD
S21403B7183046CDE905AACDF81BA002F065F9031B50
S21403B728DBB20B2B28BF0B2322463146CDF800A0ED
S21403B73805A802F0EBFD48F21F039D4243D00BD841
S21403B74885F40043012B15D9234642464946284625
S21403B7580097FDF78AF833E048F23A039D42F3D19F
S21403B768FEF780FDB8422BD02246414605A8FDF7D2
S21403B778ADF825E09DF8143013BBBDF81D40DDF881
S21403B7881500DDF8191003AB03C3204603A9E0F739
S21403B798BBFC0122204603A9FFF70AFAA74206467E
S21403B7A80ED0012103A8F5F7A3F848F201039D423A
S21403B7B806D12EB9334632463946204600F058FCA1
S21403B7C808B0BDE8F0879DF81450002DF8D12F4631
S21403B7D89DF815800234EAB24245F1D2D200D2B2BD
S21403B7E822440823314692B2009703A8CDE903778B
S21403B7F802F08CFD03A800F074F802F07CFD00F05C
S21403B8085CF80135E7E710B500244180848004809E
S21403B818C280038110BD13B5BDF81040CDE90034CE
S21403B8280023F5F733FB02B010BD13B5BDF810407F
S21403B83801900094F5F72AFB02B010BD07B50093F4
S21403B8480123FFF7F2FF03B05DF804FB0123F5F7C6
S21403B858C3BB38B50546EFF755FC0446E0F76CFA64
S21403B868A40144EA4020284038BD704770470020AA
S21403B8787047FF20704700207047704700207047C6
S21403B8884FF6FF70704700207047704700207047D8
S21403B89870470020704770470020704700207047A5
S21403B8A870477047002070477047704700207047FE
S21403B8B84FF6FF70704717207047704770477047FA
S21403B8C87047704770470120704701207047002073
S21403B8D87047002070477047704770474FF6FF70F1
S21403B8E870474FF6FF707047002070470020704778
S21403B8F8002070477047002070472DE9F04F002757
S21403B90885B081460C467E2039469846BDF83CB03D
S21403B9189DF844A0BDF84C500192ADF80E7002F0A5
S21403B928BBF80646002800F0AA8002F041F839461C
S21403B9387E22E3F781FB304602F03AF80090304661
S21403B94802F036F8B9F1FF0F0CBF274644F0030799
S21403B9583B0A14F44062077043705FD14FF008083F
S21403B968C31C184642460199E3F7B8FB034604F49A
S21403B9784044434484B1790606D419464FEA1B2249
S21403B98801F802BB5A700B46B4F5004F56D0A4F51F
S21403B998404254425441E400224618460E99E3F7BF
S21403B9A89DFB009A03462044A0EB02085FFA88F83A
S21403B9B89DB14FF47C521A53841C284601F0F8FFB5
S21403B9C88346284602F010F8C5B22A46594620464A
S21403B9D8E3F7C2FC60190235EDB2B9F1FF0F2FD0B9
S21403B9E85246109900F8019BE3F7B6FC08F10101EB
S21403B9F85AFA81F129443046EBF798FA0C210022CB
S21403BA08FF0007F0800710463943FEF778FAADF8CB
S21403BA180E00E8B9002005B0BDE8F08FB2F5006F58
S21403BA2880F803804FEA182880F8048000F105039D
S21403BA3814BF4FF008084FF0020892E70224ABE75A
S21403BA4808EB0A0129443046EBF770FA0821D6E7D3
S21403BA58304601F0ADFF0446304601F0C5FF01232A
S21403BA68024621460DF10E00EBF7CAFA0028D1D19B
S21403BA780121BDF84820BDF80E0001F0E5FFBDF82A
S21403BA880E00C8E710B50C46098821B90846F6F72C
S21403BA98A3F9208008B1012010BD0220FCE72DE998
S21403BAA8F04780460F460646002402F1FF39BC429B
S21403BAB802D219F8015F25B9A6EB080080B2BDE8E3
S21403BAC8F0879A46A5F13102012A5AF8041B10D8C2
S21403BAD83246322D02F8011B06D10134A4B2A7421E
S21403BAE832D30912B21C7170013453461646A4B2F7
S21403BAF8DDE7342D0CD10334BC42DDDA0B0A317092
S21403BB0873700B0C090EB370321DF170A4B2EBE719
S21403BB18A5F13302062A0DD8303DADB22B19BB4228
S21403BB28CADA2A463046013CE3F7D8FA15FA84F40B
S21403BB387219EBE7A5F14102062A01D8373DECE76F
S21403BB489D8803F1080AE9E71646B5E770B5054682
S21403BB5800880C4601F048FFA04228880AD201F064
S21403BB6843FF0023221A19462846BDE8704092B2BE
S21403BB78EBF746BA2146EBF7D9F9002070BD38B57E
S21403BB88054601F015FF0446284601F02DFF00225E
S21403BB9801462046BDE83840FEF7EEB9F8B5164626
S21403BBA80C461D46BDF8187001F002FF04443046E3
S21403BBB801F0FEFE3A4641192046BDE8F840E3F791
S21403BBC88DBA70B50C46013189B20646F6F738FDCC
S21403BBD8214605463046F6F733FD00EB052080B2CE
S21403BBE870BD1FB50123ADF80C2000930A46022347
S21403BBF8014603A802F08AFB05B05DF804FB0FB400
S21403BC0837B5069D0021A8B201F046FF044601F0A9
S21403BC18CFFE2CB1002207AB0193D1B28D4205D8D3
S21403BC28204603B0BDE8304004B0704753F8041B01
S21403BC3881540132F1E773B504460D4640200021CE
S21403BC48164601F029FFADF8060001F0B1FEBDF86F
S21403BC58063013B9002002B070BD402133462A4689
S21403BC682044FFF71CFF211889B20DF10600FFF7E1
S21403BC786DFF0028EED1BDF80600ECE70EB403B559
S21403BC8803AA52F8041B0192FFF7D5FF02B05DF82A
S21403BC9804EB03B070472DE9F7430F4601218146AD
S21403BCA8164601F0BDFE054658B1FFF768FF30801B
S21403BCB888B9284601F098FE68B1192003B0BDE894
S21403BCC8F083484601F090FEFF2FA0EB0704E4B28A
S21403BCD814D014B934800020F0E72A4621462846B3
S21403BCE8FEF74AF980460028E7D03B464A462946E7
S21403BCF80094FFF753FFA6F80080ECE70120DDE782
S21403BD0808B5FEF71EF9437803F001001A074CBF7F
S21403BD1810300830DB0644BF0830C0B21030C0B25B
S21403BD2808BD10B50C4601F05FFEA04234BF0020E4
S21403BD38012010BD7FB514460091024641F2092141
S21403BD4841F609209DF820601D46002E18BF0146BF
S21403BD58099B0020F6F79CFCADF80E0010B90020EE
S21403BD6804B070BD01232A4621460DF10E00EBF7F9
S21403BD7847F90028F3D1BDF80E00F1E738B50546B4
S21403BD88FFF7BEFF0446284601F02EFE631C9BB24F
S21403BD9883420FD82846FEF7D4F843785B0707D5BF
S21403BDA821462846F6F74CFC013004EB4004E4B27F
S21403BDB8204638BD0024FBE71FB5ADF80E0001F09A
S21403BDC813FE0446BDF80E00FFF7D8FF00F10E0376
S21403BDD8DBB2BDF80E200146E01A80B2009010468A
S21403BDE8FFF7DCFEA4F10E0189B20DF10E00FFF792
S21403BDF8ADFE04B010BD4278034612F0080006D024
S21403BE08D20702D403F10800704703F1090070470C
S21403BE1837B505460C46FEF794F8437813F0100238
S21403BE2812D09CB103F001021B074FF0000329460A
S21403BE38009320464FF0080354BF1832203202F00E
S21403BE4865FA012003B030BD1046FBE72046F9E744
S21403BE5800F00303012B08D0C30606D400F00C0039
S21403BE680C2814BF08200920704702207047034691
S21403BE7811F0030005D003F00303022B14BF0220BE
S21403BE8803207047F8B50C46064601F0ADFD631C63
S21403BE98834202D900252846F8BD21463046F6F7E0
S21403BEA8CFFB0746FFF7D4FF3B060546F3D5044406
S21403BEB8304601F099FDA4B2631C9BB28342E9D8CD
S21403BEC821463046F6F7BCFB01463846FFF7CFFF58
S21403BED82844C5B2DFE770B506460D46FFF7D2FF1E
S21403BEE8044610B90024204670BD29463046F6F7A6
S21403BEF8A7FB8206F7D5304601F076FD2544ADB29A
S21403BF086B1C9BB28342EDD829463046F6F798FB5E
S21403BF1800F01803082B14BF05340634E4B283066E
S21403BF2844BF0834E4B2DEE738B50546FFF726FF14
S21403BF38044608B9002038BD01462846FFF7CBFF5C
S21403BF480028F7D02044C0B2F5E72DE9F04387B0C0
S21403BF5805460C46FDF7F5FF804602F0DAF8074675
S21403BF682846FFF70BFF064601462846FFF78AFFD3
S21403BF780022034600922946324602A802F0C6F972
S21403BF889DF8086006F00C030C2B06F003090BD08B
S21403BF98B9F1010F59D0F10657D49DF809300DF1C0
S21403BFA80A050020637107E0FF230DF1090063719A
S21403BFB802F0AFF80DF10B05208198F80130DA0787
S21403BFC804D508F1020002F0A4F82081B9F1010FA4
S21403BFD85FFA89F83DD0F3063BD4284602F099F871
S21403BFE86080A81C02F095F8053515F8013C2080FA
S21403BFF823712B78B006A37206F0400348BF43F0BC
S21403C0082003390627D543F40073F80448BF43F4DE
S21403C0188063390548BF43F400633206E38011D5CD
S21403C0286A7812F003020DD06FEA43436FEA53436C
S21403C038A978B8F1020FE3800B4611D1EB7841EAF1
S21403C0480321218107B0BDE8F083FF230DF109051D
S21403C058A7E7FF23CCE77A0648BF43F48073D4E701
S21403C068012A04BF0B029BB22381EBE7F6F7C2BF94
S21403C0780BB1F7F72BB80AB9F7F7A4B8FF21F6F709
S21403C088CDBF431C08BF0020E4F7ACB8034B586881
S21403C098C0F30800003818BF0120704700ED00E021
S21403C0A8014B1868704700BF406D0020084B1B6F94
S21403C0B803F00703022B04D0032B05D0012B05D06E
S21403C0C8FEE7044B18687047034BFBE703487047C3
S21403C0D800800050406D0020486D0020002D31017F
S21403C0E808B5FFF7E3FF054B1B6FC3F303330133B1
S21403C0F8B0FBF3F0024B186008BD00BF0080005089
S21403C1083C6D00200048704700B4C40400487047DC
S21403C118002D3101014B1868704700BF486D002099
S21403C128014B1868704700BF446D0020B8B1036818
S21403C13813F4E07F03F03F00C3F382120AD0012A08
S21403C1480DD1084B41B103F58053012282401A6092
S21403C15800207047044BF5E703F50053F5E70E2078
S21403C168704700BF688000506480005007B500F031
S21403C17895FC6A4600F0F2FC18B14721034801F023
S21403C188EAFEDDE9000103B05DF804FBCDEE03002B
S21403C1980229F8B596BF104B00245C5C01280546B7
S21403C1A80E4608D0022809D008B944F002040B4BFF
S21403C1B81F6837B9F8BD44F00804F8E744F02004CC
S21403C1C8F5E77B681A68144203D0314628465B684D
S21403C1D898473F68EDE700BFF2880400284200202E
S21403C1E838B5104D2B78ABB10F4C23781BB100F044
S21403C1F84FFA00232370002001F0C0FE0B4C50B109
S21403C20800F098FA0023012120782B70FFF7C0FF6F
S21403C2180123237038BD0122054B1A702278054B7B
S21403C2281A70F7E744620020426200204A62002040
S21403C23845620020466200200E490B78FF2B01D189
S21403C24898B170470BB990B97047002814BF0122FC
S21403C258FF2213440B7060B1074B1B78012B08D9D8
S21403C268064B1B782BB9FFF7BBBF1A46F1E701222B
S21403C278EFE77047496200204A62002045620020C3
S21403C28810B501F0D4FD064B04461B781BB1BDE878
S21403C298104001F0C7BDFFF7A3FF2046F7E700BF2E
S21403C2A84162002002282DE9F04147D02948037847
S21403C2B8FF2B41D1002941D11A461344DBB2037040
S21403C2C800293BD0244E3278012A37D9002B3ED09A
S21403C2D801F0ADFD214F04463B780BB3204D2B7878
S21403C2E81BB901222A701F4A1370DFF87C8098F85E
S21403C2F8003023B100F0CCF9002388F8003020463C
S21403C30801F090FD012001F039FE01F090FD2B7835
S21403C31804461BB100F00EFA00232B7000233B7073
S21403C328204601F07FFD01243078A04206D021463E
S21403C338FFF72EFF347001E013B931B9BDE8F08179
S21403C348002914BF0122FF22B7E70122B5E702241A
S21403C358EAE700BF496200204A62002044620020E0
S21403C3684162002045620020426200202DE9FF4713
S21403C378EFF3108572B6AFF3008001F0D4FE002801
S21403C38800F0A4806B4E6C4F337823B10020FFF780
S21403C39853FF00233370387878B903A900F04EFBAF
S21403C3A8044650B9654B039A1B689A4200F2968076
S21403C3B80120FFF741FF012333703B78002B40F041
S21403C3C8AB805F4B1B78002B00F0A3804FF002086E
S21403C3D85C4CDFF890912078DFF88CA140450AD0B2
S21403C3E8002389F800309AF8003013B94146FFF75E
S21403C3F8CFFE84F8008099F800303BB12378022BEF
S21403C40804D1002389F8003001F0D7FEB8F1020FF3
S21403C4180FD1DFF82C8198F8003053B94A4B1B78B4
S21403C42823B900F02FF90122484B1A70012388F824
S21403C4380030207800F0FEF89AF8003013B1444B29
S21403C4481B782370AFF30080284601F092FDEFF3C4
S21403C458108572B63F4B1A7852B100221A703C4BBD
S21403C46820781B78984203D101212170FFF790FEAC
S21403C478394800F0A3FA01F06AFE8046002883D103
S21403C4882F4F89F800003B789BB1DFF8C0908AF8F5
S21403C498000099F800301BB100F0FAF889F800801C
S21403C4A8002001F06BFD002839D000F043F9002383
S21403C4B83B70337823B10020FFF7BEFE00233370AA
S21403C4C800212078FFF764FE00232370AFF3008073
S21403C4D8284604B0BDE8F04701F04BBD1F4BD3F820
S21403C4E8008000F061F9039B80449845BFF460AF71
S21403C4F800F054F98200039942F0020292B2CDE9A1
S21403C50800422346164AA1EB0801134801F038FDFA
S21403C51853E700F0A1F859E74FF0010858E7012060
S21403C52800F088F8284601F024FDEFF3108572B66C
S21403C538B6E700BF4362002049620020304200206D
S21403C548446200204A6200204862002042620020BB
S21403C558466200203F620020344200202C4200201E
S21403C56889C20300476200204562002010B501F027
S21403C5785EFC0022054B1C781A7001F053FC00F091
S21403C58821FBE4B22043C0B210BD00BF40620020C6
S21403C59838B501F04CFC094B05461B78012B04D82B
S21403C5A801F040FC0024204638BD054B1C6800F00B
S21403C5B8FBF80444284601F035FCF4E74A620020F9
S21403C5C82C4200201649174A0B6F10B503F00703D1
S21403C5D81360154A154C9269032B02F00200C2F346
S21403C5E8400222701AD0D1F8203103F00303022B3D
S21403C5F814D0D1F8243103F007039C1E6342634129
S21403C6080B4A137048B143B9054BD3F8003103F00E
S21403C6180303591E4B424B41137010BD0123EFE72A
S21403C628008000509042002000C001504F62002056
S21403C63850620020012805D00238012808D80020B7
S21403C648D1F7B8BB034A136923F00403136130BF59
S21403C658704700BF00ED00E0074A0849D2F82031CA
S21403C66803F003030B60D2F82431054A03F00703EB
S21403C6781360F8F79FBA00BF008000509C42002062
S21403C688984200200122014B1A7070474E62002020
S21403C698F8B51F4B1B78002B39D01E4C2378B3B93B
S21403C6A81D4B9A6DD10302D5DA6D92072FD49B6D75
S21403C6B8DB072CD401F0A7FC184B194A1860136F34
S21403C6C823F0070343F003031367FFF709FD01F09D
S21403C6D89AFC124B134D1B68134EC01A2B78134F34
S21403C6E856F8232046F82300111A3A681048521AB7
S21403C6F80A213A600932B2FBF1F20133DBB2026077
S21403C708B3FBF1F201FB12332B7000232370F8BD41
S21403C718506200204D62002000C00050884200206E
S21403C728008000504C620020604200205C420020DB
S21403C7385842002008B5F8F740FA124B12491A6F08
S21403C748096822F007020A431A671049D3F820211A
S21403C758096822F003020A43C3F820210C49D3F8D8
S21403C7682421096822F007020A43C3F82421094B47
S21403C7781B7813B10122084B9A62BDE80840FFF7FD
S21403C788AFBC00BF00800050904200209C420020AF
S21403C798984200205062002000E00050014B1878B1
S21403C7A8704700BF50620020054B187818B1054B38
S21403C7B8186800EBD000044B1B681844704700BF8A
S21403C7C850620020584200208C42002008B5104BC7
S21403C7D81A78C2B100221A700E4B1A6F22F007029B
S21403C7E842F001021A67D3F8202142F00302C3F885
S21403C7F82021D3F8242122F0070242F00302C3F8CB
S21403C8082421FFF76DFC0122034B5A6708BD00BFBE
S21403C8184E6200200080005000E000500D490B686F
S21403C828A0B10022A3B1834203D1836822B90B6067
S21403C83803E01A469B68F5E7936083680BB9002004
S21403C84870475A6941690A445A61F8E722207047D3
S21403C85802207047A842002010B501F0F0FB0A4CEE
S21403C8680A4B19682368C31A09B9206010BD002B40
S21403C878FBD04A699A423ABF9B1A0022D21A4A61E7
S21403C88828BF00238968EFE7A4420020A8420020B7
S21403C89838B5154D2B682BB35B69B3B1134A022021
S21403C8A814681C4400F088FA204600F047FA002271
S21403C8B80F492B680A70012A05D823B1D888800740
S21403C8C80AD501230B70002038BD022000F074FA45
S21403C8D8022000F093FAEAE79B68002BF3D0586926
S21403C8E80244E8E72220EFE7A8420020A4420020FB
S21403C8F852620020C38870B504460D463BB9FFF75D
S21403C90847FE8542064602D2F9F70CF935460E4A23
S21403C918656113689BB91460A3600FE02D1A9868C5
S21403C92819466561034618B15869A842F6D941B154
S21403C9388C60A36013B15A69521B5A6170BD0021FB
S21403C948F2E71460F5E700BFA842002070B5164664
S21403C9589DF81420C0E903360271049ABDF818300E
S21403C9680260002204460D468260C38006BB01F0BF
S21403C97866FB2844A0613DB9E368656113B12046A8
S21403C9882168984796B1354601F051FA0646FFF7EF
S21403C99863FF29462046FFF7ADFF074B1B68A342F4
S21403C9A801D1FFF775FF304601F03CFA002070BD51
S21403C9B801F045FB3044DDE7A8420020F8B50546FC
S21403C9C8D0B101F034FA0646FFF746FF0B4B28466C
S21403C9D81F68FFF723FF044620B1304601F022FA0A
S21403C9E82046F8BDAF42F8D1FFF752FF2228F4D10C
S21403C9F8022000F0EDF9F0E72224F1E7A842002030
S21403CA0838B50C460546A8B1A1B100230B7001F052
S21403CA181BFA0121084B1B6833B901F010FA0020F2
S21403CA2838BD9D4204D121702278002AF9D0F4E754
S21403CA389B68F1E72220F3E7A8420020F8B50646EC
S21403CA480F4601F001FA00250446124B1B6823B96A
S21403CA58204601F0F4F91B2011E05A691544DA88D8
S21403CA68B2420DD101F0EBFA0B4E3368C01AA84256
S21403CA780AD3002320463B6001F0E1F90020F8BD05
S21403CA88FF2EEFD09B68E2E701F0D9FA33682B4410
S21403CA981B1AEFE7A8420020A442002070B501F055
S21403CAA8D3F9064601F0CBFA084B044601201D6865
S21403CAB801F0B5FA18B101F0C2FA0446013530465A
S21403CAC801F0BDF92046294670BD00BFB0420020DC
S21403CAD8014B1868704700BFAC420020F8B50C4BF2
S21403CAE805461B680E4683420FD3002440F2E73000
S21403CAF82146084B4FF47A721F680023E5FB0701AB
S21403CB08E1F72EFF30602046F8BD2120FCE700BF82
S21403CB18A0420020AC4200200F4B10B51A689AB109
S21403CB284FF47A71531E1342A0FB01010ED1B2FAD9
S21403CB3882F2C2F11F04531CD243E04001FA03F306
S21403CB48184321FA02F20243104610BD0023E1F708
S21403CB5807FF0246F8E700BFAC42002038B5164B7D
S21403CB6814468342154B8B4123D3154B1A6802B3DD
S21403CB784FF47A75A0FB050305FB0131531E1342D8
S21403CB8811D1B2FA82F3C3F11F055A1CDB4301FA2B
S21403CB9802F2E84021FA03F310431843E940C4E9D4
S21403CBA80001002038BD0023E1F7DAFEC4E90001DE
S21403CBB8F7E72120F6E700BFEFA7C64B3789410002
S21403CBC8AC42002010B501F03FF9034B1C7801F086
S21403CBD836F9E4B2204610BD5162002008B5084B6A
S21403CBE81B7803F0FF004BB101F00DFA054B1B68E9
S21403CBF89B69C01A02288CBF0020012008BD00BF0D
S21403CC0852620020A8420020C2072DE9F8430446D2
S21403CC1807D5474A136801331360FFF71DFEFFF76E
S21403CC2837FEA30740F1818001F00EF94FF00008A4
S21403CC3805464646FFF710FE3E4F3C680CB163694F
S21403CC48A3B100223C4B012E1A7003D118F0020F31
S21403CC5818BF1E70FFF71CFE222802D1022000F020
S21403CC68B7F82846BDE8F84301F0E9B823465A69F9
S21403CC783AB91A792179914288BF1C469B68002BDA
S21403CC88F5D1284601F0DBF8D4F81080B8F1000F88
S21403CC983FD001F0D4F9A269851AEB17454573F11D
S21403CCA8000337DB23691344A36101232269CAB14E
S21403CCB8C3B9A38BB8EB050833B1E28B13449BB215
S21403CCC8B3F57A7F1CD2E38301F0BEF805464146E6
S21403CCD82046FFF70FFEA369226928461344A3617B
S21403CCE801F0ADF8E36813B1204621689847B4F815
S21403CCF8068001F0A9F801360546FFF7ADFD9CE767
S21403CD08A3F57A73E383A36918F1FF38013BA3619C
S21403CD18DAE7454601F098F881462046FFF77EFD98
S21403CD28484601F08CF80023C0E7BDE8F88300BF47
S21403CD38B0420020A84200205162002010B50446E5
S21403CD4801F075F84FF0B042936A1907FCD4136ADA
S21403CD58116C5269520604D4CA1A032A01D8994296
S21403CD680ED1E21A022A98BFDC1CB4F1FF3F38BF83
S21403CD78013C4FF0B04340221C6403F580539A618C
S21403CD8801F050F8054A13783BB14FF0B041CB6B2E
S21403CD9843F00203CB630023137010BDB472002064
S21403CDA807B5044B01A9187901F06AF8019803B08E
S21403CDB85DF804FB3C87040000F001038207034A7E
S21403CDC848BF43F040039361704700BF0010005804
S21403CDD8820700F001030AD50121064A43F04003FF
S21403CDE811704FF0B041CA6B22F00302CA63024ABD
S21403CDF893617047B472002000200058830742BF2F
S21403CE084022014B5A6170470010005873B502ABB5
S21403CE18164603E90600044600F052FF0546204678
S21403CE2800F05EFF9DF800208DB1202C33780ED8D5
S21403CE38012B2ED84FF6FF752D4803EB43132344D7
S21403CE4830F81310A94202D0013120F81310294BE9
S21403CE58294E33F8141036F81400814232D34FF6AD
S21403CE68FF75A9424FF0010502D0013123F81410CB
S21403CE7804F0FD01092927D1998AB68A0A44B242E1
S21403CE88B4BF9A829E8233F81430834227D202B004
S21403CE9870BD022BDBD14FF6FF704FF6FF75144BB0
S21403CEA833F81410814218BF013104F1210018BF6A
S21403CEB823F8141033F81010A9421CBF013123F8C5
S21403CEC81010C4E70025D0E71D2CDCD1598F8E1827
S21403CED8864203DA01390A445A87D4E75887002D6D
S21403CEE8D5D1204602B0BDE8704001F0C3B800BFF4
S21403CEF8B45D00208C5E0020385E002038B50D46F1
S21403CF08044600F0A1FF064A13889BB22DB12343BB
S21403CF181380BDE8384000F092BF23EA0403F7E71E
S21403CF28926000200022034B01214FF480701A7090
S21403CF38FFF7E4BF6668002008B5054B1868FCF7DA
S21403CF484AFD00F00300C31E5842584108BD00BFFF
S21403CF583859002038B5044601F02AF90C4B054623
S21403CF681978187981420FD0631E082B0CD8DFE88E
S21403CF7803F0050D0B0D0B0D0D0D0D0000220146DC
S21403CF88044B1868FCF725FD284638BD0022F7E74A
S21403CF98E27200203859002038B54FF0FF300C46AF
S21403CFA8FFF76FF80A4B05461868FFF76AF8641B1D
S21403CFB8241A20B210F1630F06DB10F1240F05DAEA
S21403CFC864308000C0B238BD0020FCE7FF20FAE7D3
S21403CFD83859002008B5134B1B78062B04D040F6A7
S21403CFE82101114800F0B7FF104B1B881B0704D418
S21403CFF840F622010C4800F0AEFF0D4B2A201978A4
S21403D008FFF7A8FF00210820FFF778FF0222094B45
S21403D0181A70094B1868E8F727F9BDE8084001F0C5
S21403D02816B800BF66680020F083040092600020EC
S21403D038636800200E7300203859002010B50E4C84
S21403D048236823B940F6A3410C4800F084FF206800
S21403D058013001F05EF800F0070003280AD12468BF
S21403D06809220121204600F0E3FB205C031F5842F7
S21403D078584110BD0020FCE728590020F08304001F
S21403D08838B50C4640B100210420FFF737FF00F0FF
S21403D098DEFF012C1DD038BD244B1B889B07F6D515
S21403D0A80129234A2FD1117869B30139C9B21170FE
S21403D0B811B92020FFF722FF00210220FFF71EFFE9
S21403D0C804221C4B00211C481A7000F05DFD00F07A
S21403D0D8BEFF1A4C2068013001F01BF800F44060CC
S21403D0E8B0F5006F1FD1246801210422204600F002
S21403D0F89FFB204401F00DF80146BDE838400022A6
S21403D108202000F0CFBF00210D4D02201170FFF73D
S21403D118F5FE2B78FF2B04D040F29961094800F0FE
S21403D1281AFF2C70B3E74FF6FF71E6E7926000200C
S21403D138656800206668002058700020285900207B
S21403D1480F730020F083040038B5134C0546238874
S21403D158580709D5FFF7F0FE01460720FFF7FAFE42
S21403D168FF210120FFF78CFF238899070BD50B4B6C
S21403D178284619788A1F51425141FFF7EBFE0121D1
S21403D1880020FFF77DFF23881B0703D5BDE838403B
S21403D198FFF720BF38BD00BF9260002066680020F6
S21403D1A8F7B5124CD4E9006586EA020C85EA03074C
S21403D1B80CEA000C0F405CEA070E15D086EA0C064C
S21403D1C87D40C4E90065CDE900230B4608490246BD
S21403D1D80868FCF707FD38B14FF4FD71054803B03E
S21403D1E8BDE8F04000F0B7BE03B0F0BDB0150020B0
S21403D1F838590020F083040008B50A4B1B88DB0661
S21403D20804D440F64701084800F0A5FE0021102084
S21403D218FFF774FE002000F06BFBBDE8084000F043
S21403D22816BF00BF92600020F08304002DE9F04F7C
S21403D2385706804614461D4691B005D5FFF77CFE73
S21403D24801460120FFF786FEEE0403D500212D20B4
S21403D258FFF780FEA00224D54046FCF740FD0146B2
S21403D268F8B94020FFF74AFE40460AA9FCF738F803
S21403D278B8B99DF83030022B40F0D980BDF82800A5
S21403D28801F039F8FF2808D14046FCF727F840B9DB
S21403D29801214020FFF732FE03E001F030F80028B2
S21403D2A8F2D1A10305D5FFF747FE01460320FFF792
S21403D2B851FEE20104F0807640F1C080854B1B885E
S21403D2C89B072DD5844E3068FBF79FFF40BB834BE7
S21403D2D8834F18703B78FF2B04D040F25761814880
S21403D2E800F039FE4FF0000900210220FFF706FE82
S21403D2F887F800907C4F3B78062B07D1012108203E
S21403D308FFF7FCFD49462820FFF724FE3B78052B4C
S21403D31806D100212B20FFF71DFE3068E7F7A4FF90
S21403D32800F095FE220717D56B4F0321386805AA28
S21403D338FBF785FF064620B940F2C961694800F045
S21403D3480AFE9DF81430072B00F0D080FFF7F4FD93
S21403D35801460420FFF7FEFDE10505D5FFF7ECFDC2
S21403D36801460420FFF7F6FD14F4863F05D0FFF7C1
S21403D378E3FD01460220FFF7EDFDA20113D5FFF7F3
S21403D388DBFD01460820FFF7E5FD00210420FFF733
S21403D398B5FD554B1B78012B03D14F4B1868E7F7A0
S21403D3A863FF00F054FE14F0084F09D0FFF7C4FDDE
S21403D3B801460720FFF7CEFDFF210120FFF760FE99
S21403D3C8A30009D5FFF7B8FD01460620FFF7C2FDFF
S21403D3D8FF210120FFF754FEA70705D53D4B1B8801
S21403D3E81E0701D5FFF7F6FD6C0603D500210A20B4
S21403D3F8FFF7B0FD280602D50120FCF782FCE905F5
S21403D40840F1858140460AAA05A9FCF7E0FA9DF88B
S21403D4181430222B00F06D8100F28281152B40F226
S21403D4286A8140F60A112F4800F095FD6FE1032B39
S21403D4387FF437AF0AA800F05AFF30E705F0020773
S21403D44856EA07030DD0284B26201978A1F1060EB5
S21403D458DEF1000141EB0E01FFF77CFD01213046AA
S21403D46811E004F0805656EA07030FD01E4B262019
S21403D4781978A1F1060CDCF1000141EB0C01FFF76A
S21403D48869FD02213846FFF7FBFD4BE704F08841A8
S21403D49851EA060309D0144B272019788F1F7942BF
S21403D4A87941FFF757FD0221D9E705F008030B4337
S21403D4B802D02320FFF74EFD680703D5002124205A
S21403D4C8FFF748FDE9077FF52DAF00212520FFF775
S21403D4D841FD27E792600020385900206568002040
S21403D4E80F730020F083040066680020314638680E
S21403D4F80AAAFBF7AAFE20B14FF4DA619E4800F0A9
S21403D5082AFDBDF81630386802330AA9ADF82C3060
S21403D518FBF79DFE20B140F2DF61974800F01BFD44
S21403D5280023009331460423386804AAFBF791FEC8
S21403D538042804D040F2E4618F4800F00CFDDFF8BD
S21403D548589299F80030C3BB0DF1110000F0E1FDC5
S21403D55800F00700022830D1FFF7EEFC0146092049
S21403D568FFF7F8FC854B1B78062B23D1844B9DF8D5
S21403D57813201B789A421DD19DF8353023B940F203
S21403D588FA617D4800F0E7FC0DF1110000F0C1FDDB
S21403D598C0F3001631462920FFF7DCFC00210820DB
S21403D5A8FFF7ACFC774B1E70FFF748FD10B93868D9
S21403D5B8E7F75AFE00F04BFDCEE6BDF8160001214C
S21403D5C8083080B200F068FA039030B9FFF7B4FC6D
S21403D5D801460420FFF7BEFCECE700F0E9F905AACC
S21403D5E8014606463868FBF73CFE99F800A0BAF1F0
S21403D5F8000F22D106F1010B584600F08AFD830678
S21403D6085AD53868FCF76BFB0746FFF795FC0537D2
S21403D6180146F8B2FFF79EFC584600F07AFD00F084
S21403D62807000328584F2DD001210420FFF766FC76
S21403D6384FF0FF30FBF734FE386000225349BDF83D
S21403D64816300978F718F1549DF83630BB709DF8F4
S21403D6583730FB700A9B190E3971190C7971FB71F7
S21403D668190A99F80030B97123B9737892B343F05D
S21403D67820037370002000F069F97870039800F0AF
S21403D68871FA97E701210922304600F0D1F8305C99
S21403D69801210428C9D1FFF731FC4FF0FF30FBF70F
S21403D6A8FFFD3B4B38601B885806C6D551464020BD
S21403D6B8FFF724FC0122C1E7FFF73EFC01460920D9
S21403D6C8FFF748FC2D4B1B78012BB6D13868E7F7D4
S21403D6D8CBFDB2E723F02003CBE701227E33DBB290
S21403D6E802FA03F313F00A1F31D113F0011F3FF4B4
S21403D6F898AE27202CE0012202FA03F3254A1A40A3
S21403D7082ABB13F0041FF4D1DA077FF58AAEAB05FC
S21403D7182FD50121802011B0BDE8F04FFFF7EEBBEF
S21403D728652B1AD8622B12D8452B0CD8422B0ED849
S21403D738352B06D8322B0AD8252B08D9322BD8D026
S21403D7486FE6422BFBE7552B05D8522BF7D9262035
S21403D758FFF7FAFCDBE7622BF1E7952B3FF661AEA2
S21403D768812BBAD8722BC4D0733B022B3FF659AE23
S21403D778EDE711B0BDE8F08FF0830400666800207B
S21403D788626800200E7300202459002010730020BE
S21403D798926000203A00380069680020024B187827
S21403D7A8B0FA80F0400970476668002008B5064B53
S21403D7B84FF0FF311868FCF730F90028B8BF03307C
S21403D7C840F3870008BD00BF3859002008B5074B4B
S21403D7D81868FCF79CF930B1054BB3FBF0F083B23D
S21403D7E80BB1184608BD0120FCE700BF38590020D6
S21403D7F840420F0038B510200C460121FFF77EFB88
S21403D808064B1D68FFF7E2FF012200FB04F1044BF9
S21403D8182846FCF7E7F8002038BD00BF3859002033
S21403D82801D20300014800F096BB00BF0A84040037
S21403D838032A70B5144602D82C4B985C70BD81F049
S21403D848010519B90D2A07D1FF20F7E70D2A03D1D9
S21403D85800780538C0B2F1E7084400F05AFCC5F171
S21403D868040110F440660246C9B209D1042C0846DE
S21403D878E4D0052C16D112F0400F18BF0846DDE792
S21403D888C5F10603042CD8B2D8D0B6F5006F03D179
S21403D898C5F10805E8B2ECE7B6F5406FE9D1C5F17E
S21403D8A80E05F7E712F4404107D1062CC6D0072C1D
S21403D8B8C4D0082C13D10130CCE755065CBF831CB3
S21403D8C8D8B2062CBAD0B1F5004F02D1831CD8B211
S21403D8D8EDE7B1F5404FEAD100F10803F7E7130780
S21403D8E844BF0530C0B20C2CA8D9ADE734E7040012
S21403D8F8AC2370B5094C054603FB00435E6D26B999
S21403D90840F2FD31064800F026FBAC2303FB054432
S21403D918002363653346BDE8704018473C5900202A
S21403D9284784040010B40C461146AC22064B02FB8F
S21403D9380033586D20B95C655DF8044BFFF75ABF92
S21403D94802205DF8044B70473C590020AC22034B79
S21403D95802FB003393F8A800704700BF3C59002029
S21403D96828B1034B1B68C01A4010013080B27047B9
S21403D978FC59002030B1044B00F100401B68013805
S21403D98803EB4000704700BFFC590020064B1B689A
S21403D998834206D8054B1B68834294BF00200120A8
S21403D9A870470020704700BFFC590020F859002034
S21403D9B810B5044608B9002010BD00F00BFC20B9CA
S21403D9C840F2CD41074800F0C6FA2046FFF7D2FFDB
S21403D9D80028F0D00388DB0B14BFD0F80A00083001
S21403D9E8EAE700BF1E84040010B508B9002010BD7E
S21403D9F8FFF7C0FF044600F0E4FB20B94FF49D612F
S21403DA08064800F0A8FA002CF0D02388DB0B0ABFE0
S21403DA1860882089C0F30C00E9E700BF1E84040071
S21403DA2838B5FFF7A7FF0D46044650B100F0C9FB0B
S21403DA3820B940F24151034800F08DFA023534F814
S21403DA48150038BD1E84040070B5FFF793FF0C4617
S21403DA5816460546B0B100F0B4FB20B940F24D5166
S21403DA680C4800F078FA3046FFF784FF00F0A9FB6D
S21403DA7820B940F24E51074800F06DFA023425F8F3
S21403DA88146070BD40F25251BDE87040014800F082
S21403DA9862BA00BF1E8404002DE9F8430746884689
S21403DAA800F0FBFA20B940F28E512A4800F053FAE8
S21403DAB8FC1CA408284B64000434B7F5005F1E68F2
S21403DAC8A4B204D340F29551224800F044FA00F079
S21403DAD8BBF9224981460B687BB9214B1D68761B27
S21403DAE8C6F34F06B44227D90025484600F0A7F9DF
S21403DAF82846BDE8F843FFF733BFB8F1000F11D047
S21403DB08174A15685A1BC2F34F029442ECD81448B6
S21403DB18620005EB44040460B8F1000F0FD1134408
S21403DB280B600CE0F61AC6F34F0676B940F2A65118
S21403DB38084800F010FAD7E705EB44041C600023F6
S21403DB486F80AB80EB802B80CFE7B442CCD8044AF7
S21403DB581568DCE71E840400005A0020E8590020F4
S21403DB68F859002038B5054600F06EF904462946EC
S21403DB780448002200F03BFB2046BDE8384000F08E
S21403DB885EB900BF9860002082684B4B2DE9F041D0
S21403DB989A4204460E46056815D121B140F2131180
S21403DBA8464800F0D8F900F04FF923691BB92B68EB
S21403DBB82BB924612C60BDE8F04100F040B91A691E
S21403DBC822611C61F6E700F0BFF98046FEF75EFAAD
S21403DBD820B14FF49571394800F0BDF96FF0004352
S21403DBE89E4221694BD22B7B08EB0602002B4DD0B5
S21403DBF8AB6893424AD1531C002949D061699942BC
S21403DC0842D01EB9521AB2F1004F3DD96361236957
S21403DC186E689C4203D19D21284800F09CF92F4644
S21403DC280023B4420BD0002B41D172696169891A6B
S21403DC38B1F1004F32D83269374694422CD1226963
S21403DC48BD420CBF6A603A617BB92669B44203D108
S21403DC58B8211A4800F07FF93B46012E05D06269C1
S21403DC687169521AB2F1004F23D99D420BBF6B68F4
S21403DC781A69236122610CBF6C601C6104E043448B
S21403DC8831B162699342C1D1BDE8F0811346B3E767
S21403DC986A6822616C60B9E71646C6E7A8EB020213
S21403DCA8B2F1004FC7D93B4637463669B9E71F4630
S21403DCB8F9E733463669D0E72D710200328404004B
S21403DCC80823064A12F8011B814205D0013B13F0CC
S21403DCD8FF03F7D11846704701207047E5E70400AD
S21403DCE80823064A12F8011B814205D0013B13F0AC
S21403DCF8FF03F7D11846704701207047DDE7040095
S21403DD0810B5082207490446E1F7E2FCB0FA80F0AA
S21403DD184FF6FF732289400940009A4208BF40F035
S21403DD28010010BDF6E7040030B504460D4685B07D
S21403DD3802B9084A1068516801AB03C301AB03CBA9
S21403DD4820602046ADF80C501B886160238105B01F
S21403DD5830BD00BFF20C0400002270B50A4B1C78D5
S21403DD680A4BD5B2AC4202D800200C7008E01E88D5
S21403DD780132864205D30D701B881B1A5842584138
S21403DD8870BD1233EDE700BFE0670020386000205F
S21403DD9810B5164B187860B1154C2368CBB14FF401
S21403DDA8707200201349FFF7BDFD2368013B23600B
S21403DDB810BDFFF7FBFC1049104A91F900401368A1
S21403DDC884420B4C03F1010313602368B8BF087041
S21403DDD853B90B4800F033FA0028E9D1BDE81040E0
S21403DDE801460748FFF7D0BE0822DAE7B6680020E0
S21403DDF8745A002099DD0300B16800206C5A00208D
S21403DE0824720020054B1B682BB9054B186800388D
S21403DE1818BF012070470120704700BF645A0020CE
S21403DE28605A002010B962B6BFF36F8F7047EFF3DE
S21403DE38108072B67047302383F31188704780F3D7
S21403DE481188BFF36F8F7047EFF31180302383F386
S21403DE5811887047002070474FF4004070474FF40E
S21403DE687A7070470122417803788A4030214B4301
S21403DE7841F2100103F1A04303F570335A5070477B
S21403DE8809B100F008B8222070470121FEF74EB901
S21403DE980021FEF74BB970B506460D46FFF7D4FFCB
S21403DEA804461D2E48D8DFE806F00F18471D202322
S21403DEB84726292C47472F32473538473B473E479F
S21403DEC84744474747474741FEF7F0F80026286088
S21403DED82046FFF7B4FF304670BD4FF4C070CFF747
S21403DEE8D5FBF3E74FF42070F9E74FF44070F6E7F5
S21403DEF84FF46070F3E74FF40070F0E74FF4806078
S21403DF08EDE74FF49060EAE74FF4C060E7E74FF4B5
S21403DF18F060E4E74FF4B060E1E74FF4D060DEE783
S21403DF284FF4E060DBE74FF4A060D8E74FF4807067
S21403DF38D5E74FF40860D2E700202126C7E708B5DF
S21403DF48FEF714F980B208BD08B5FEF70FF908BD49
S21403DF58704742DE704738B504460D4600F008F8A9
S21403DF68FFF769FF29462046BDE83840FFF7F1BFAB
S21403DF78704710B962B6BFF36F8F704701207047BA
S21403DF882DE9FF410D4616461F460446A8B14FF035
S21403DF980008C0F81C80FEF711FDBDF82C30424679
S21403DFA802939DF828302946CDE900732046334668
S21403DFB8FEF7CCFC04B0BDE8F0812220FAE7F0B502
S21403DFC81F46002387B00D46164604468DF81730BD
S21403DFD8A8B1C3610DF11701FEF712FD9DF81720CE
S21403DFE87AB9BDF83430294602939DF83030204676
S21403DFF8CDE900733346FEF7A9FC07B0F0BD22202F
S21403E008FBE70320F9E738B5FFF71EFF054600F0E0
S21403E01816F804462846FFF712FF204638BD4FF089
S21403E028B04301285B6904D0022805D1C3F38010E6
S21403E038704703F0010070470020704770474FF0A1
S21403E048B0439A6A1207FCD4186A7047704708B533
S21403E058FFF7FCFF00F01DF808BD10B5FFF7E7FE55
S21403E068012104460846FEF71DF92046BDE8104080
S21403E078FFF7D8BE10B5044600F012F82046FBF7A3
S21403E0884FF82046F8F772F8BDE81040F9F735BCA4
S21403E098704708B5FFF7FCFF08BD012070477047B7
S21403E0A80020704730B589B00446ADF806108DF8E1
S21403E0B81020FFF705FE05462046FFF711FE034628
S21403E0C89DB1BDF80600ABB900F0BEF8FF2808BF3F
S21403E0D800200DF10F038DF80F001A462046049909
S21403E0E80593FEF793FE09B030BD0028F5D00DF171
S21403E0F80603F2E700F0A8F8FF2808BF0020BDF8DB
S21403E10806308DF80F00ADF81A308DF8180006ABF8
S21403E118E3E7008870470170090A417070470120D9
S21403E12870470120704738B5DFF7BAFE0446D4F7C0
S21403E138C9FD051E18BF2546D4F796FE041E18BF4C
S21403E1482C46FFF7ECFF002818BF204638BD38B525
S21403E158FEF70CFA0446F7F709FA04281ED0022835
S21403E1684FF0000508BF0124F8F7A8F8042817D0CD
S21403E178022808BF0124F7F738FE042812D002281D
S21403E18808BF0124FFF7CDFF04280DD0022808BFD7
S21403E1980124002D18BF0024204638BD0125E3E7D7
S21403E1A80125E8E70125EDE70024F5E7FF2070479A
S21403E1B808B5FFF7FBFF002008BD02210120E1F7A1
S21403E1C8B1BC08B520B1FFF7E1FB00F0010008BDBC
S21403E1D80120FAE708B5FFF7CDFBBDE80840FFF7CF
S21403E1E8F0BF008810B1C9B2FFF71ABC70472DE913
S21403E1F8F041B0F8008006460C46D5B2B8F1000FD9
S21403E20811D029464046FFF70BFC22460746294607
S21403E2184046FFF719FC3A4629462046FFF714FC02
S21403E2283480BDE8F0810F46F5E703461B880846A9
S21403E2388B4202D00021FFF7F3BB0020704700692A
S21403E248003818BF0120704700207047F8B5064607
S21403E2580D46FFF755FD0328044621D02846FFF749
S21403E2684FFD032807461BD010F0020318D1A0075A
S21403E2780DD5F90716D401233C43E20704D43189A4
S21403E2882A89914218BF002303F00100F8BD08222B
S21403E29829463046E1F71CFAB0FA80F35B09EBE748
S21403E2A80020F3E71846F1E770B50D460021064649
S21403E2B8FFF797FF044630B1FFF77AFB0146284677
S21403E2C8FFF7C4FF08B1204670BD21463046FFF766
S21403E2D8ACFFEFE707B50DF10701FFF73DFD20B1EA
S21403E2E89DF8070003B05DF804FBFF20FAE700205B
S21403E2F87047FF207047FF207047FF2070470020B5
S21403E3087047002000217047002070472DE9F84326
S21403E31807460846154688461C469DF82090FFF78C
S21403E32847FB4619A4B19EB14046FFF75DFB25445B
S21403E33885420FDC2246B9F1000F06D1314638462E
S21403E348E0F7CCFE0020BDE8F88339463046F7E709
S21403E3582120F8E71D20F6E7F8B500BFF8BC08BC8F
S21403E3689E467047F8B500BFF8BC08BC9E46704783
S21403E3785FF800F0116A00205FF800F0B96A002021
S21403E3885FF800F05969002049676E6F72696E6717
S21403E398204D4355206C65617665207265717565F9
S21403E3A873743A20616C7265616479206A6F696E6A
S21403E3B865640D0A004D4355206C656176652072C9
S21403E3C8657175657374207768696C6520756E6A00
S21403E3D86F696E65643A2072657374617274696EE8
S21403E3E867207374656572696E670D0A00446576FF
S21403E3F86963652074797065206368616E67652054
S21403E40864657465637465643A202564202D3E202C
S21403E41825640D0A0050726573732064657465631A
S21403E4287465640D0A004D756C74692070726573A3
S21403E438732064657465637465643A2025640D0AFD
S21403E4480052656C656173652064657465637465FD
S21403E458640D0A004C6F6E672070726573732064D0
S21403E468657465637465640D0A0072656C61795F2B
S21403E47873746172745F6C61746368696E675F70E6
S21403E488756C73653A20616E6F7468657220707573
S21403E4986C7365206973206163746976650D0A0079
S21403E4A872656C61795F6F6E0D0A0072656C6179CF
S21403E4B85F6F66660D0A0072656C61795F746F67D5
S21403E4C8676C650D0A0057726974696E6720636F17
S21403E4D86E66696720746F206E763A2025730D0A78
S21403E4E80053697A653A2025640D0A004661696C0B
S21403E4F8656420746F2077726974652044455649AD
S21403E50843455F434F4E4649475F44415441207451
S21403E5186F204E562C207374617475733A202564E5
S21403E5282E202862797465733A202564290D0A001B
S21403E53873756363657373210D0A004661696C65B9
S21403E5486420746F2072656164204E565F49544593
S21403E5584D5F4445564943455F434F4E4649472C0E
S21403E568207573696E672064656661756C742063CD
S21403E5786F6E66696720696E73746561642C2073B1
S21403E58874617475733A2025642E2028627974653D
S21403E598733A202564290D0A005573696E6720634C
S21403E5A86F6E6669673A2025642063686172732014
S21403E5B866726F6D0D0A25730D0A00736F6E6F66AC
S21403E5C8663B5A424D494E494C322D637573746FF8
S21403E5D86D3B424130753B4C4335693B5341367579
S21403E5E83B52413541343B0057726974696E672064
S21403E5F8647020636F6E66696720746F206E763A60
S21403E6082025730D0A004661696C656420746F20C3
S21403E61877726974652044505F434F4E46494720D6
S21403E628746F204E562C207374617475733A2025C4
S21403E638642E202862797465733A202564290D0AA6
S21403E648005573696E6720647020636F6E6669672A
S21403E6583A2025642063686172732066726F6D0DB5
S21403E6680A25730D0A0057726974696E6720646514
S21403E6787669636520636F6E6669672065787420BC
S21403E688746F206E763A2025730D0A004661696C0E
S21403E698656420746F20777269746520444556490B
S21403E6A843455F434F4E4649475F45585420746F6A
S21403E6B8204E562C207374617475733A2025642E85
S21403E6C8202862797465733A202564290D0A005553
S21403E6D873696E672064657669636520636F6E6623
S21403E6E86967206578743A202564206368617273C5
S21403E6F82066726F6D0D0A25730D0A0064657669C8
S21403E70863655F636F6E6669675F657874207472A6
S21403E718756E63617465643A202564206F662025E8
S21403E7286420627974657320646964206E6F74204C
S21403E7386669740D0A004E6574776F726B2073747E
S21403E74861747573206368616E67656420746F20EF
S21403E75825640D0A004D616E75666163747572658E
S21403E7687220746F6F206269670D0A004D6F6465C7
S21403E7786C20746F6F206269670D0A00546F6F20F0
S21403E7886D616E792072656C6179732C2069676E8A
S21403E7986F72696E672025730D0A00496E6974697E
S21403E7A8616C697A696E67205A696762656520775E
S21403E7B86974682025642073776974636865732CA5
S21403E7C82025642072656C6179732C202564206487
S21403E7D8696D6D6572732C20256420636F76657288
S21403E7E82073776974636865732C20256420636FC8
S21403E7F8766572730D0A00436F6E666967207061EB
S21403E80872736564207375636365737366756C6C7E
S21403E818790D0A00726561642076657273696F6E96
S21403E82820666F726D206E6577206C6F63617469FE
S21403E8386F6E0D0A004661696C656420746F2077F5
S21403E84872697465206C6173745365656E56657278
S21403E85873696F6E20746F204E562C2073743A209B
S21403E86825640D0A004F6C642076657273696F6EB3
S21403E8783A2025640D0A0043757272656E74207615
S21403E888657273696F6E3A2025640D0A0052455304
S21403E898455420414C4C210D0A0068616C5F677033
S21403E8A8696F5F63616C6C6261636B3A2065787449
S21403E8B869206C696E6520256C64207374617475B1
S21403E8C87320256C750D0A0068616C5F6770696F45
S21403E8D85F63616C6C6261636B3A206E6F2066726D
S21403E8E865652045585449206C696E65730D0A00A2
S21403E8F82F686F6D652F72756E6E65722F776F72E0
S21403E9086B2F747579612D7A69676265652D7377E0
S21403E918697463682F747579612D7A6967626565AA
S21403E9282D7377697463682F73696C6162735F7498
S21403E9386F6F6C732F73696D706C69636974795F35
S21403E94873646B2F2E2E2F2E2E2F7372632F7369DD
S21403E9586C6162732F68616C2F7A69676265652ECE
S21403E968630044726F7070696E67206F6C64204F23
S21403E978544120696D6167652C2063757272656EF4
S21403E98874206F66667365743A20256C750A00559D
S21403E9986E6B6E6F776E20636F76657220636F6D2E
S21403E9A86D616E643A2025640D0A00556E6B6E6FB2
S21403E9B8776E20636D642025640D0A0042757474AF
S21403E9C86F6E20707265737320646574656374650F
S21403E9D8642C20627574206E6F20627574746F6E73
S21403E9E820697320707265737365640D0A00427537
S21403E9F874746F6E206C6F6E672070726573732005
S21403EA0864657465637465642C20627574206E6F20
S21403EA1820627574746F6E206973206C6F6E67203E
S21403EA28707265737365640D0A004E6F20636F76A4
S21403EA3865722073776974636820636F6E666967A7
S21403EA4820696E204E562C207573696E67206465A0
S21403EA586661756C74730D0A0064705F6174747212
S21403EA683A2062616420656E747279206174202589
S21403EA78640D0A0064705F617474723A202564201A
S21403EA88617474726962757465287329206D617080
S21403EA987065640D0A004174747269627574652042
S21403EAA86368616E6765642C2065703A2025642C5C
S21403EAB820636C75737465723A2025642C20617420
S21403EAC874723A2025640D0A00506F6C6C20636FCD
S21403EAD86E74726F6C3A2073656E64696E67206332
S21403EAE86865636B2D696E0D0A005A434C20616393
S21403EAF87469766974792C20656E746572696E67B5
S21403EB08206661737420706F6C6C0D0A00506F6C0E
S21403EB186C20636F6E74726F6C3A20636865636B00
S21403EB282D696E20726573706F6E73652C2066612F
S21403EB3873743D25642C2074696D656F75743D2563
S21403EB48640D0A00506F6C6C20636F6E74726F6C82
S21403EB583A206661737420706F6C6C2073746F70E0
S21403EB680D0A00506F6C6C20636F6E74726F6C3A8C
S21403EB7820736574206C6F6E6720706F6C6C2069E9
S21403EB886E74657276616C3D256C750D0A00506F60
S21403EB986C6C20636F6E74726F6C3A2073657420A6
S21403EBA873686F727420706F6C6C20696E7465720C
S21403EBB876616C3D25640D0A00506F6C6C20636F9C
S21403EBC86E74726F6C3A20636865636B2D696E208A
S21403EBD8696E74657276616C207772697474656E93
S21403EBE83D256C750D0A00506F6C6C20636F6E7450
S21403EBF8726F6C3A20696E76616C69642063686527
S21403EC08636B2D696E20696E74657276616C2C2051
S21403EC18726576657274696E670D0A00506F6C6C60
S21403EC2820636F6E74726F6C3A206661737420701B
S21403EC386F6C6C2074696D656F7574207772697470
S21403EC4874656E3D25640D0A00506F6C6C20636F07
S21403EC586E74726F6C3A206661737420706F6C6C96
S21403EC682074696D656F75742C207377697463688F
S21403EC78696E6720746F206C6F6E6720706F6C6C9C
S21403EC880D0A00556E6B6E6F776E204C6576656C55
S21403EC984374726C20636F6D6D616E643A202564ED
S21403ECA80D0A00556E6B6E6F776E204F6E4F666655
S21403ECB820636F6D6D616E643A2025640D0A004902
S21403ECC86E64657820617420777269746520617450
S21403ECD874723A2025640D0A004E6F2073776974A0
S21403ECE8636820636F6E66696720696E204E562CCC
S21403ECF8207573696E672064656661756C74730D39
S21403ED080A00496E76616C69642072656C61795F86
S21403ED18696E64657820256420696E204E562C201B
S21403ED28726573657474696E6720746F20646566AC
S21403ED3861756C740D0A00436C6F636B207365749E
S21403ED482066726F6D20636F6F7264696E61746F8D
S21403ED58723A2025750D0A005365636F6E646172F7
S21403ED6879204D4355206C696E6B20737475636BFD
S21403ED782C207265696E697469616C6973696E675C
S21403ED8820554152540D0A003E2000556E6B6E6F97
S21403ED98776E206572726F7200496E7075742062A2
S21403EDA875666665722069732046554C4C004D613E
S21403EDB878696D756D206E756D626572206F662055
S21403EDC8617267756D656E747320657863656564CF
S21403EDD865640054686520617267756D656E742096
S21403EDE86973206E6F7420666F726D6174746564E0
S21403EDF820636F72726563746C7900496E636F7211
S21403EE087265637420617267756D656E74207479B4
S21403EE18706500496E636F7272656374206E756DF4
S21403EE28626572206F6620617267756D656E7473AE
S21403EE38004E6F20636F6D6D616E6420666F756E2E
S21403EE48640075696E7438006164646974696F6E0A
S21403EE58616C002A00756E6B6E6F776E0077696C4F
S21403EE686463617264006865786F707400737472A3
S21403EE78696E676F70740075696E7433326F707479
S21403EE880075696E7431366F70740075696E743800
S21403EE986F70740068657800737472696E670075BE
S21403EEA8696E7431360075696E743332002E2E2EF1
S21403EEB8200068656C70000A25730A25732573009D
S21403EEC825732008002F686F6D652F72756E6E6543
S21403EED8722F776F726B2F747579612D7A696762F3
S21403EEE865652D7377697463682F747579612D7AF0
S21403EEF869676265652D7377697463682F73696CD0
S21403EF086162735F746F6F6C732F73696D706C696E
S21403EF18636974795F73646B2F706C6174666F7260
S21403EF286D2F736572766963652F6C6567616379A0
S21403EF385F68616C2F7372632F626173652D7265E8
S21403EF48706C6163656D656E742E63002F686F6DF4
S21403EF58652F72756E6E65722F776F726B2F747569
S21403EF6879612D7A69676265652D73776974636855
S21403EF782F747579612D7A69676265652D7377696C
S21403EF887463682F73696C6162735F746F6F6C73F5
S21403EF982F73696D706C69636974795F73646B2F1B
S21403EFA8706C6174666F726D2F73657276696365CC
S21403EFB82F746F6B656E5F6D616E616765722F6C1C
S21403EFC865676163792F7372632F736C5F746F6BF6
S21403EFD8656E5F6D616E616765722E63002F686F7D
S21403EFE86D652F72756E6E65722F776F726B2F74E1
S21403EFF87579612D7A69676265652D7377697463B8
S21403F008682F747579612D7A69676265652D7377DC
S21403F018697463682F73696C6162735F746F6F6C6E
S21403F028732F73696D706C69636974795F73646B46
S21403F0382F706C6174666F726D2F73657276696371
S21403F048652F746F6B656E5F6D616E616765722F92
S21403F0586C65676163792F7372632F736C5F746F64
S21403F0686B656E5F6D616E75666163747572696EE6
S21403F078672E630043757272656E7420436F6E66FF
S21403F08869673A2025307800536574204343412046
S21403F0986D6F646520746F2025643A2025307800E8
S21403F0A8656E61626C65640064697361626C65644D
S21403F0B8006F757428636C69656E742900696E2021
S21403F0C82873657276657229004D46472053747215
S21403F0D8696E673A202573004170704275696C64DF
S21403F0E86572204D464720436F64653A203078257D
S21403F0F8303458006E6F6465205B0041646469743D
S21403F108696F6E616C20696E746572666163657398
S21403F11800202025643A200070616765205B25641B
S21403F1285D206368616E205B25645D2070777220BE
S21403F1385B25645D006E6F74206163746976650091
S21403F1486572726F72203078253038580070616E99
S21403F1584944205B3078253034585D206E6F6465EB
S21403F1684944205B3078253034585D200078706138
S21403F1786E205B307800706172656E744944205B5C
S21403F1883078253034585D20706172656E7452731A
S21403F1987369205B25645D006E6F646554797065DA
S21403F1A8205B005365637572697479206C657665B0
S21403F1B86C205B253032585D006E6574776F726B12
S21403F1C8207374617465205B253032585D200042D5
S21403F1D875666665722062797465733A20256420BD
S21403F1E82F20256400457020636E743A202564003A
S21403F1F86570202564205B656E64706F696E742085
S21403F20825732C206465766963652025735D200065
S21403F2186E776B205B25645D2070726F66696C651C
S21403F228205B3078253034585D2064657649642041
S21403F2385B3078253034585D20766572205B3078ED
S21403F248253032585D0020202020257320636C75F6
S21403F258737465723A2030782530345820004E7718
S21403F2686B20636E743A202564006E776B202564E2
S21403F278205B25735D005072696D61727920287072
S21403F288726F290020206E6F646554797065205B61
S21403F2983078253032585D002020736563757269AF
S21403F2A8747950726F66696C65205B3078253032E6
S21403F2B8585D0045502025643A2025732000457282
S21403F2C8726F723A2020556E6B6E6F776E20656E7E
S21403F2D864706F696E742E00456E61626C65206596
S21403F2E876656E7420646562756720696E666F203E
S21403F2F8696E20436F726520434C4920636F6D70B7
S21403F3086F6E656E74006F6E6C7920636F6F7264D0
S21403F318696E61746F72732063616E20666F726DB7
S21403F3280A006A6F696E203078253038580A006CF0
S21403F33865617665002573203078253032580A00D3
S21403F34872656A6F696E0072656A6F696E4469668C
S21403F3586644657669636554797065006578742EC6
S21403F3682050414E2049443A20004E574B206F7098
S21403F378656E3A20257520736563004E574B2063E8
S21403F3886C6F7365640066696E64206A6F696E6184
S21403F398626C653A203078253032580066696E64A8
S21403F3A820756E757365643A2030782530325800B8
S21403F3B84368616E67696E6720746F206368616E61
S21403F3C86E656C2025643A203078253032580069FB
S21403F3D86E76616C6964206E6574776F726B2069EC
S21403F3E86E6465780053686F72742049443A203017
S21403F3F878253034582C2045554936343A20002C85
S21403F4082050616E2049443A20307825303458001D
S21403F41853746172746564206D756C74692D7068B5
S21403F4287920696E74657266616365004661696C06
S21403F438656420746F202573202573203078253063
S21403F4483258005465726D696E617465642025735D
S21403F45820307825303258004B65657020616C691A
S21403F468766520737570706F727420656E61626C52
S21403F47865642E006661696C656420746F20736525
S21403F48874206B65657020616C697665206D6F64A2
S21403F498652E007375636365737366756C6C792084
S21403F4A873657420746865206368696C642074697E
S21403F4B86D656F7574206F7074696F6E206D6173F8
S21403F4C86B2E006661696C656420746F20736574BF
S21403F4D820746865206368696C642074696D656F59
S21403F4E87574206F7074696F6E206D61736B2E0070
S21403F4F8646973636F766572004D6174636820256B
S21403F50873792066726F6D203078253034582C2036
S21403F5186570202564004E574B20416464726573FA
S21403F5287320726573706F6E73653A203078253072
S21403F5383458004945454520416464726573732011
S21403F548726573706F6E73653A20005365727669D9
S21403F55863652025737920646F6E652E002320204B
S21403F568747970652020206E776B20206C6F63207B
S21403F578202072656D202020636C75732020206E12
S21403F5886F64652020206575690020202564202087
S21403F59820203078253034582020307825303458C9
S21403F5A820203078253034582030782530345820B9
S21403F5B800736C5F7A69676265655F6765745F6227
S21403F5C8696E64696E67204572726F723A20307886
S21403F5D8253038580A002564206F66202564206283
S21403F5E8696E64696E6773207573656400656E611A
S21403F5F8626C6564207072696E7400646973616214
S21403F6086C6564207072696E7400616464206C694A
S21403F6186E6B206B6579004552523A2043616C63E2
S21403F628756C617465642043524320646F65732068
S21403F6386E6F74206D61746368004552523A2049B0
S21403F6486E7374616C6C20436F6465206D75737498
S21403F65820626520382C2031302C2031342C206F42
S21403F6687220313820627974657320696E206C6560
S21403F6786E677468004552523A204145532D4D4DE6
S21403F6884F2068617368206661696C65643A203048
S21403F698782530325800536574206A6F696E696E30
S21403F6A867206C696E6B206B6579007365742062DE
S21403F6B8696E642025643A20307825303278004510
S21403F6C84D50545900554E494341004D324F4E450F
S21403F6D8004D554C5449003F2020202000496E64B5
S21403F6E865782049454545204164647265737320EF
S21403F6F820202020202020204E574B496E64657812
S21403F7082020496E204643202020202054544C288D
S21403F718732920466C6167202020204B65792020BA
S21403F7282020002564202020202000202025642077
S21403F7382020202020200020202530385820200094
S21403F74820307825303458202000496E64657820A8
S21403F758494545452041646472657373202020201B
S21403F7682020202020496E20464320202020205495
S21403F77879706520204175746820204B6579002DC3
S21403F78820202020200025632020202020256320F9
S21403F7982020202000696573005741524E494E4782
S21403F7A83A202052454144494E47204F46204B4570
S21403F7B8592056414C5545532044495341424C45DC
S21403F7C844204259204D464720544F4B454E004E41
S21403F7D8574B204B6579002573206F757420464375
S21403F7E83A202530385800257320736571206E75C6
S21403F7F86D3A20307825303258002573206F75749B
S21403F8082046433A20253038780054432025732071
S21403F818002573205461626C650025642F256420D7
S21403F828656E747269657320757365642E00547209
S21403F838616E7369656E74204B657900256420656F
S21403F8486E7472257320636F6E73756D696E6720A9
S21403F8582564207061636B657420627566666572DD
S21403F86825732E0057494C4C0057494C4C204E4F95
S21403F878540054727573742043656E74657220253C
S21403F8887320616C6C6F772074727573742063656C
S21403F8986E7465722072656A6F696E732075736914
S21403F8A86E672077656C6C2D6B6E6F776E206B6555
S21403F8B8792E005365742074696D656F75742066B8
S21403F8C86F722054727573742043656E7465722064
S21403F8D872656A6F696E73207573696E67207765DC
S21403F8E86C6C2D6B6E6F776E206C696E6B206B6518
S21403F8F87920746F202564207365636F6E64732E96
S21403F908004552524F523A20002573737461636B55
S21403F918206D75737420626520646F776E2E0052AF
S21403F928656164696E6720416C6C6F77656400482F
S21403F938617368696E67206F6E6C7900736C5F7AA3
S21403F94869676265655F6B65795F73657474696E0D
S21403F95867735F743A203078253034580020205077
S21403F96865726D697373696F6E733A202573004504
S21403F97872726F723A204661696C656420746F20F0
S21403F98867657420636F6E6669672C207374617489
S21403F99875733A20307825303858004661696C65A7
S21403F9A8643A20307825303858004D73673A206318
S21403F9B86C7573203078253034582C20636D64209A
S21403F9C83078253032582C206C656E20256400620A
S21403F9D875666665723A2000454D4245525F0025B6
S21403F9E87353454355524954595F4C4556454C3A0B
S21403F9F820253032580025736572617365206B6560
S21403FA08792025643A2030782530385800636D64A9
S21403FA18206E6F74206275696C7400737263206558
S21403FA287020253032782C20636C7573202530348B
S21403FA38780073656E64696E6720746F206D756CE5
S21403FA487469636173742062696E640025733A206F
S21403FA5865703A2025642C20636C3A20307825306C
S21403FA6834582C20617474723A2030782530345810
S21403FA78002C207376723A2025630025733A207289
S21403FA886561643A20307825303278002C20737606
S21403FA98723A2025632C2064747970653A2030788E
S21403FAA82530325800417267756D656E742061742F
S21403FAB820696E6465783A202564206973206F751B
S21403FAC874206F662072616E676500436F6D6D61A3
S21403FAD86E6420616C7265616479206275696C7402
S21403FAE82E202043616E6E6F7420736574204D4616
S21403FAF84720737065636966696320636F6465206E
S21403FB08666F7220636F6D6D616E642E004D464797
S21403FB1820436F64652053657420666F72206E6594
S21403FB28787420636F6D6D616E643A203078253083
S21403FB38345800557365204E65787420536571757F
S21403FB48656E63652053657420666F72206E6578EC
S21403FB587420636F6D6D616E643A20307825303299
S21403FB68580044697361626C652044656661756C08
S21403FB787420526573706F6E7365205365742066C0
S21403FB886F72206E65787420636F6D6D616E643A6C
S21403FB9820307825303258004552523A2072656133
S21403FBA864696E672061747472696275746520256A
S21403FBB8303278004552523A20617474726962751D
S21403FBC874652073697A6520256420746F6F206CCA
S21403FBD86172676520666F72206275666665720075
S21403FBE84572726F723A20617474726962757465CD
S21403FBF820494420307825303458207265706F7257
S21403FC087461626C65206368616E6765206973203A
S21403FC1873697A65202564422C20627574202564EE
S21403FC284220656E74657265640A006E6F20636DA4
S21403FC3864004572726F723A20434C492053656ECE
S21403FC4864206661696C65642C20737461747573CB
S21403FC583A20307825303858004572726F723A2049
S21403FC6820455549363420617267756D656E742074
S21403FC78697320656D70747920616E64206C6F6F8C
S21403FC886B7570206279206E6F6465204944206620
S21403FC9861696C65642E0047726F757000556E69EE
S21403FCA86361737400556E62696E6420257320253C
S21403FCB87330782530325800526571756573743A17
S21403FCC820005A444F2073696D706C652064657311
S21403FCD863207265712025303278005A444F206EAF
S21403FCE86F646520646573632072657120253032FE
S21403FCF878005A444F206D617463682064657363A3
S21403FD08207265712025303258005573696E672056
S21403FD186D79206C6F63616C2045554936342066CF
S21403FD286F72206465737420455549363420696EAE
S21403FD382062696E64696E67005A444F2062696E72
S21403FD486420726571202530327800636C7573748D
S21403FD586572206C696D6974207265616368656491
S21403FD6800696E76616C696420706167653A202560
S21403FD7864206F72206368616E6E656C3A20256432
S21403FD88004368616E6765206368616E6E656C2004
S21403FD987374617475733A2030782530327800644A
S21403FDA875726174696F6E206D7573742062652051
S21403FDB8696E2072616E67652030202D20350063DA
S21403FDC86F756E74206D75737420626520696E2076
S21403FDD872616E67652031202D2038007363616E6B
S21403FDE82073746174757320307825303258006E2A
S21403FDF86574776F726B20757064617465207365BC
S21403FE087420737461747573203078253032580003
S21403FE18416374697665204550207265717565730C
S21403FE2874207374617475733A20307825303258A9
S21403FE38004C5149205461626C6520726571756582
S21403FE4873743A203078253032580042696E6469F4
S21403FE586E67205461626C6520726571756573748C
S21403FE683A20307825303258004C6561766520256F
S21403FE787330782530325800506F776572204465A2
S21403FE887363726970746F72202573307825303205
S21403FE9858005573696E67206D79206C6F63616CC3
S21403FEA820455549363420666F722064657374207E
S21403FEB8455549363420696E20756E62696E6469E5
S21403FEC86E6700526F757465205461626C652025F1
S21403FED873307825303258002F686F6D652F72752A
S21403FEE86E6E65722F776F726B2F747579612D7AC4
S21403FEF869676265652D7377697463682F747579A6
S21403FF08612D7A69676265652D7377697463682FEF
S21403FF1873696C6162735F746F6F6C732F73696D4B
S21403FF28706C69636974795F73646B2F70726F742E
S21403FF386F636F6C2F7A69676265652F6170702FC0
S21403FF486672616D65776F726B2F636F6D6D6F6E1B
S21403FF582F736C5F7A69676265655F737973746517
S21403FF686D5F636F6D6D6F6E2E6300457874656E97
S21403FF7864656420526573657420696E666F3A20FB
S21403FF883078253034582028257329002F686F6D5C
S21403FF98652F72756E6E65722F776F726B2F747519
S21403FFA879612D7A69676265652D73776974636805
S21403FFB82F747579612D7A69676265652D7377691C
S21403FFC87463682F73696C6162735F746F6F6C73A5
S21403FFD82F73696D706C69636974795F73646B2FCB
S21403FFE870726F746F636F6C2F7A69676265652FBB
S21403FFF86170702F6672616D65776F726B2F636FB2
S2140400086D6D6F6E2F7A69676265655F6170705F84
S2140400186672616D65776F726B5F736C6565702E5B
S214040028630053746179206177616B65207768652E
S2140400386E206E6F74206A6F696E65643A20257345
S21404004800466F7263656420737461792061776112
S2140400586B653A20202020202020202020257300AD
S214040068466F7263696E6720646576696365207493
S2140400786F2073746179206177616B6500416C6CDD
S2140400886F77696E672064657669636520746F2088
S214040098676F20746F20736C656570002F686F6DCA
S2140400A8652F72756E6E65722F776F726B2F747507
S2140400B879612D7A69676265652D737769746368F3
S2140400C82F747579612D7A69676265652D7377690A
S2140400D87463682F73696C6162735F746F6F6C7393
S2140400E82F73696D706C69636974795F73646B2FB9
S2140400F870726F746F636F6C2F7A69676265652FA9
S2140401086170702F6672616D65776F726B2F636F9F
S2140401186D6D6F6E2F7A69676265655F7374616368
S2140401286B5F736C6565702E630052583A2052658F
S214040138736574546F466163746F72794465666157
S214040148756C747343616C6C6261636B00657A7377
S2140401587020636F756E74657273206661696C656A
S2140401686420257500657A7370205265736574205B
S2140401785468726573686F6C64206572726F722057
S214040188257500657A737020536574205468726503
S21404019873686F6C64206572726F7220257500250B
S2140401A875292025733A2025750053657474696E7D
S2140401B867205468726573686F6C6420636F6D6D2E
S2140401C8616E64003F3F3F004D61632052782042D1
S2140401D863617374004D61632054782042636173CD
S2140401E874004D6163205278205563617374004D22
S2140401F86163205478205563617374004D616320ED
S2140402085478205563617374205265747279004D6E
S2140402186163205478205563617374204661696C61
S2140402280041505320527820426361737400415051
S214040238532054782042636173740041505320520B
S21404024878205563617374004150532054782055C0
S2140402586361737420537563636573730041505305
S214040268205478205563617374205265747279003B
S214040278415053205478205563617374204661694D
S2140402886C00526F757465204469736320496E69FF
S214040298746961746564004E65696768626F722084
S2140402A84164646564004E65696768626F722052CB
S2140402B8656D6F766564004E65696768626F72205F
S2140402C85374616C65004A6F696E20496E6469638D
S2140402D86174696F6E004368696C64204D6F766557
S2140402E86400415348204F766572666C6F77004108
S2140402F85348204672616D65204572726F720041DC
S2140403085348204F76657272756E204572726F7206
S214040318004E574B204643204661696C757265004B
S214040328415053204643204661696C757265004106
S214040338534820584F66660041505320556E6175E1
S21404034874686F72697A6564204B6579004E574BFA
S2140403582044656372797074204661696C757265A9
S2140403687300415053204465637279707420466163
S214040378696C75726573005061636B6574204275A9
S2140403886666657220416C6C6F63617465204661AD
S214040398696C757265730052656C6179656420557D
S2140403A8636173740050687920746F204D4143204C
S2140403B87175657565206C696D697420726561630D
S2140403C8686564005061636B65742056616C696483
S2140403D86174652064726F7020636F756E74004E66
S2140403E8574B207265747279206F766572666C6FE7
S2140403F87700434341204661696C75726573004211
S214040408726F616463617374207461626C652066DC
S214040418756C6C00505441204C6F20507269205201
S214040428657100505441204869205072692052650D
S2140404387100505441204C6F205072692044656EF8
S2140404486965640050544120486920507269204404
S214040458656E69656400505441204C6F205072697B
S2140404682054782041627274005054412048692010
S2140404785072692054782041627274004164647230
S21404048865737320436F6E666C6963742053656E78
S214040498740043534C205278207363686564756C03
S2140404A865206661696C6564000D0044656275675D
S2140404B8207072696E742067726F75702025730ACF
S2140404C80057726F6E6720706172616D657465722D
S2140404D80A005363686564756C65206D6F766520DD
S2140404E86E776B0025732025643A202564004D61D9
S2140404F878206D6F7665206C696D69742072656105
S21404050863686564206E776B2025643A202564004A
S214040518456E642044657669636520506F6C6C206C
S214040528496E666F726D6174696F6E00454D42451B
S214040538525F454E445F4445564943455F54494DCA
S214040548454F55543A20202020202020256400506A
S2140405586F6C6C20636F6D706C6574656420636182
S2140405686C6C6261636B3A202573002020437572B5
S21404057872656E7420506F6C6C20496E7465727662
S214040588616C20287173293A202020256C64002089
S214040598204C6F6E6720506F6C6C20496E746572C1
S2140405A876616C20287173293A2020202020202583
S2140405B86C6400202053686F727420506F6C6C2033
S2140405C8496E74657276616C20287173293A202006
S2140405D8202020256C6400202057616B6520546910
S2140405E86D656F757420287173293A2020202020A1
S2140405F820202020202020256C6400202057616BB2
S214040608652054696D656F7574204269746D6173ED
S2140406186B3A2020202020202020203078253038CF
S2140406285800202043757272656E742041707020DD
S2140406385461736B733A2020202020202020202029
S214040648202030782530385800202043757272658B
S2140406586E7420506F6C6C20436F6E74726F6C20CF
S21404066820202020202020202025730020204465D8
S2140406786661756C7420506F6C6C20436F6E747270
S2140406886F6C202020202020202020202573004660
S2140406986F7263696E672064657669636520746F34
S2140406A82073686F727420706F6C6C00416C6C6F8A
S2140406B877696E672064657669636520746F206C55
S2140406C86F6E6720706F6C6C00534C5F5A494742D4
S2140406D845455F41465F4C4F4E475F504F4C4C0074
S2140406E8534C5F5A49474245455F41465F53484F16
S2140406F852545F504F4C4C00706F6C6C206E776B86
S2140407082025643A203078253032580046696E64CD
S21404071820616E642042696E6420496E697469615A
S214040728746F723A20436F6D706C6574653A203046
S2140407387825303258005374617274207461726775
S21404074865740046696E6420616E642042696E644E
S214040758205461726765740025733A2025733A201D
S21404076830782530325800467261676D656E74615C
S21404077874696F6E2052582077696E646F77207399
S214040788697A652073657420746F202564002F6861
S2140407986F6D652F72756E6E65722F776F726B2F1D
S2140407A8747579612D7A69676265652D73776974DE
S2140407B863682F747579612D7A69676265652D7328
S2140407C877697463682F73696C6162735F746F6F9B
S2140407D86C732F73696D706C69636974795F73647D
S2140407E86B2F70726F746F636F6C2F7A69676265AC
S2140407F8652F6170702F6672616D65776F726B2FE7
S214040808706C7567696E2F667261676D656E746164
S21404081874696F6E2F667261676D656E746174694C
S2140408286F6E2E630052583A2041646447726F759F
S21404083870526573706F6E73652030782530325841
S2140408482C203078253034580052583A205669659A
S2140408587747726F7570526573706F6E7365203064
S21404086878253032582C203078253034582C2022DD
S2140408780052583A2047657447726F75704D656D17
S21404088862657273686970526573706F6E736520FB
S2140408983078253032582C203078253032582C00C1
S2140408A8205B3078253034585D0052583A2052651B
S2140408B86D6F766547726F7570526573706F6E7379
S2140408C865203078253032582C2030782530345836
S2140408D80065705B253032585D2069645B253034CA
S2140408E8585D00436C656172696E6720616C6C20A4
S2140408F867726F7570732E004552523A20466169C6
S2140409086C656420746F206372656174652062691F
S2140409186E64696E67202830782530325829004579
S21404092852523A2042696E64696E67207461626C3A
S214040938652069732066756C6C004552523A2077B8
S214040948726974696E67206E616D65207375707060
S2140409586F727420253032580052583A2041646425
S21404096847726F7570203078253034582C20220052
S21404097875760052583A205669657747726F7570CF
S2140409882030782530345800757673007669657794
S2140409985F67726F75700047726F7570733A20667A
S2140409A861696C656420746F2073656E64202573B2
S2140409B820726573706F6E73653A2030782530320E
S2140409C858006765745F67726F75705F6D656D62F2
S2140409D865727368697020726573706F6E736500EC
S2140409E864656661756C745F726573706F6E736543
S2140409F80052583A2047657447726F75704D656D96
S214040A0862657273686970203078253032582C0015
S214040A187575620047726F7570733A206661696C03
S214040A28656420746F2073656E642025733A2030DD
S214040A3878253032580052583A2052656D6F7665DC
S214040A4847726F75702030782530345800455252F6
S214040A583A204661696C656420746F2064656C6529
S214040A6874652062696E64696E672028307825305C
S214040A783258290072656D6F76655F67726F757098
S214040A880052583A2052656D6F7665416C6C477211
S214040A986F7570730052583A2041646447726F75D4
S214040AA87049664964656E74696679696E6720304C
S214040AB878253034582C2022006164640043686129
S214040AC86E6E656C206E6F742076616C69643A206D
S214040AD82564005072696D617279002573206D6112
S214040AE8736B206E6F77203078253038580053653E
S214040AF8636F6E64617279004D61736B206E6F74F8
S214040B082076616C69643A202564007072696D61A8
S214040B187279007365636F6E646172790025733A3F
S214040B2820536574202573206D61736B20746F20C1
S214040B3830782530385800537461747573002573FB
S214040B483A2025733A004368616E6E656C206D61C1
S214040B58736B3A002020202028312920307825304D
S214040B683858205B00202020202832292030782579
S214040B78303858205B0053746174653A2030782501
S214040B8830325820282573290043757272656E74AE
S214040B98206368616E6E656C3A20256400546F7431
S214040BA8616C20626561636F6E733A202564004A3F
S214040BB86F696E20617474656D7074733A20256469
S214040BC8004E6574776F726B2073746174653A208F
S214040BD83078253032580053746F700025732053CC
S214040BE8746F702E2020436C65616E696E6720757D
S214040BF8702E0042726F616463617374696E672055
S214040C087065726D6974206A6F696E0054727573C4
S214040C18742063656E746572206C696E6B206B65F0
S214040C2879207570646174652073746174757300D3
S214040C3825733A205741524E494E473A20736C5F03
S214040C487A69676265655F7365745F696E697469F6
S214040C58616C5F73656375726974795F73746174C4
S214040C6865206661696C65642E20436F6E74696ED0
S214040C7875696E6720776974686F757420696E7312
S214040C8874616C6C20636F64652E004572726F72B3
S214040C983A20696E7374616C6C20636F64652073A4
S214040CA865747570206661696C65642E20497320C6
S214040CB8616E20696E7374616C6C20636F64652062
S214040CC8666C6173686564206F6E746F20746865FB
S214040CD8206465766963653F00D0D1D2D3D4D5D66F
S214040CE8D7D8D9DADBDCDDDEDF00FFFFFFFFFFFF46
S214040CF8FFFF005A6967426565416C6C69616E63FB
S214040D086530390025733A2069737375696E6720F0
S214040D187363616E206F6E202573206368616E6E40
S214040D28656C7320286D61736B20307825303858CD
S214040D382900257320697320616C726561647920C3
S214040D48696E2070726F677265737300537461728C
S214040D5874004578616D696E696E672062656163C3
S214040D686F6E206F6E206368616E6E656C202564F6
S214040D7820776974682070616E496420307825305D
S214040D883458005468697320626561636F6E20691D
S214040D9873206E6F742070617274206F6620746896
S214040DA8652063757272656E74206368616E6E651D
S214040DB86C206D61736B2028307825303858292EBE
S214040DC82047657474696E67206E6578742062655A
S214040DD861636F6E2077686F7365206368616E6EF3
S214040DE8656C206269746D61736B20697320736522
S214040DF8742E004572726F723A20257320636F75DD
S214040E086C64206E6F7420617474656D7074206AE7
S214040E186F696E3A20307825303258004E6F20625B
S214040E286561636F6E73206C656674206F6E2063ED
S214040E38757272656E74206D61736B2E204D6F76B5
S214040E48696E6720746F206E657874207374617495
S214040E5865002573206A6F696E696E672030782589
S214040E68303458206F6E206368616E6E656C20257A
S214040E78640025732053746174653A20257300450D
S214040E8872726F723A20257320636F756C64206ED5
S214040E986F742073657475702073656375726974EE
S214040EA8793A20307825303258004572726F723A93
S214040EB8205363616E20636F6D706C65746520687B
S214040EC8616E646C65722072657475726E656420F2
S214040ED8307825303258002573207363616E20639A
S214040EE86F6D706C6574652E20426561636F6E73F2
S214040EF82068656172643A2025640025732073743B
S214040F0861636B207374617475732030782530328E
S214040F1858002573206E6574776F726B206A6F6944
S214040F286E65642E00257320747279696E67206E68
S214040F38657874206E6574776F726B2E004E6F6ECC
S214040F4865005363616E205072696D61727920433F
S214040F5868616E6E656C7320616E642075736520B7
S214040F68436F6E66696775726564204B65790053CE
S214040F7863616E205072696D617279204368616E90
S214040F886E656C7320616E642075736520496E7394
S214040F9874616C6C20436F6465005363616E205003
S214040FA872696D617279204368616E6E656C732030
S214040FB8616E64205573652043656E7472616C694E
S214040FC87A6564204B6579005363616E20507269B4
S214040FD86D617279204368616E6E656C7320616E0C
S214040FE86420557365204469737472696275746500
S214040FF864204B6579005363616E205365636F6E96
S21404100864617279204368616E6E656C7320616EE4
S214041018642075736520436F6E66696775726564C8
S214041028204B6579005363616E205365636F6E6465
S214041038617279204368616E6E656C7320616E64B4
S2140410482075736520496E7374616C6C20436F64F5
S21404105865005363616E205365636F6E64617279CD
S214041068204368616E6E656C7320616E64205573E8
S214041078652043656E7472616C697A6564204B6595
S21404108879005363616E205365636F6E6461727989
S214041098204368616E6E656C7320616E64205573B8
S2140410A865204469737472696275746564204B6557
S2140410B879005363616E205072696D6172792043BA
S2140410C868616E6E656C7320616E64205573652066
S2140410D8416C6C204B6579732028696E7374616C57
S2140410E86C20636F64652C2063656E7472616C692A
S2140410F87A65642C206469737472696275746564AD
S21404110829005363616E205365636F6E6461727958
S214041118204368616E6E656C7320616E6420557337
S2140411286520416C6C204B6579732028696E73744E
S214041138616C6C20636F64652C2063656E747261E1
S2140411486C697A65642C2064697374726962757450
S214041158656429004F6E2F4F666620736574207683
S214041168616C75653A20253032582025303258008F
S2140411784552523A2072656164696E67206F6E2F15
S2140411886F66662025303258004F6E2F6F666620CD
S214041198616C72656164792073657420746F206E5F
S2140411A865772076616C756500546F67676C652093
S2140411B86F6E2F6F66662066726F6D202530325804
S2140411C820746F2025303258004552523A207772E0
S2140411D86974696E67206F6E2F6F666620253032D5
S2140411E85800496E7374616C6C6564205479706534
S2140411F8202842617365293A2020307825303258F1
S214041208004361706162696C69746965733A202089
S2140412182020202020202020203078253034580014
S214041228426F6F746C6F6164657220566572736979
S2140412386F6E3A202020202030782530345800530A
S214041248656375726520426F6F746C6F616465724E
S214041258204B65793A20202020202000426F6F74A6
S2140412686C6F6164696E67206661696C65642100E9
S214041278446F776E6C6F6164206661696C65642E72
S2140412880044656C6574696E67206661696C65649C
S21404129820646F776E6C6F61642C20737461747548
S2140412A8733A2030782530325800496D61676520D6
S2140412B8646F6573206E6F7420636F6E7461696EF5
S2140412C820616E205570677261646520496D616798
S2140412D865205461672028307825303458292E2014
S2140412E8536B697070696E672075706772616465A0
S2140412F82E00457865637574696E6720626F6F742F
S2140413086C6F61642063616C6C6261636B2E00535E
S21404131874617274696E672045424C2076657269FA
S2140413286669636174696F6E0045424C206661693C
S2140413386C656420766572696669636174696F6E44
S2140413482E0045424C20706173736564207665727E
S214041358696669636174696F6E2E002573696E67C2
S214041368204F544120636C69656E742073746174ED
S21404137865206D616368696E650073746F707000CC
S2140413884572726F723A204E6F20696D61676520E8
S214041398617420696E646578202564004E6F742035
S2140413A8737570706F727465642E00436C69656E2D
S2140413B87420696D61676520717565727920696E38
S2140413C8666F004D616E75662049443A20202020D9
S2140413D8202020202030782530345800496D616755
S2140413E86520547970652049443A202020203078B6
S2140413F8253034580043757272656E7420566572CB
S21404140873696F6E3A202030782530385800486162
S2140414187264776172652056657273696F6E3A20D6
S214041428004E410051756572792044656C617920D7
S2140414386D733A20202020202020202020202025DC
S2140414486C640053657276657220446973636F76BC
S2140414586572792044656C6179206D733A20256C31
S2140414686400446F776E6C6F61642044656C6179C0
S214041478206D733A202020202020202020256C640C
S2140414880052756E20557067726164652044656CF9
S2140414986179206D733A202020202020256C640072
S2140414A85665726966792044656C6179206D733A6D
S2140414B82020202020202020202020256C64004482
S2140414C86F776E6C6F6164204572726F7220546811
S2140414D8726573686F6C643A2020256400557067DB
S2140414E8726164652057616974205468726573680C
S2140414F86F6C643A202020202564004F5441204411
S2140415086F776E6772616465733A204469736162C3
S2140415186C6564004F544120446F776E677261644B
S21404152865733A20456E61626C656400426F6F7439
S2140415386C6F61642073746174653A20257300497E
S2140415486E76616C6964204550202564207768654A
S2140415586E20747279696E6720746F2073656E6482
S214041568204F5441206D6573736167652E0053657B
S2140415786E64696E67205570677261646520456E8F
S2140415886420726571756573742E0025733A206934
S2140415986E76616C696420636D64496420307825CE
S2140415A8303258004572726F723A20204661696C70
S2140415B8656420746F2073656E64204F54412063FD
S2140415C86F6D6D616E64203078253032582C207328
S2140415D874617475733A2030782530325800536530
S2140415E87276657220756E6B6E6F776E2C206661E8
S2140415F86C6C696E67206261636B20746F20646923
S21404160873636F766572792E004D6178696D756DB2
S214041618207175657279206572726F7273206869B5
S2140416287420282564292C207374617274696E6783
S2140416382073656172636820666F72206E65772012
S2140416484F5441207365727665722E0A0041707095
S2140416586C79696E672075706772616465002573B6
S2140416683A20696E76616C6964206F666673657481
S2140416782063757272656E7454696D6528307825B2
S21404168830385829203E207570677261646554693D
S2140416986D652830782530385829004F5441204342
S2140416A86C75737465723A207761697420666F7214
S2140416B8202564207300525865642074696D654F4C
S2140416C875742030782530385820732C204D4158AE
S2140416D82074696D654F7574203078253038582025
S2140416E873004D6178696D756D20757067726164F5
S2140416F865207265717565737473206D6164652001
S2140417082825642920776974686F75742072657350
S214041718706F6E73652066726F6D2073657276657A
S214041728722E00557067726164696E6720616E79FF
S214041738776179004F544120536572766963652052
S214041748646973636F766572792070726576656E00
S214041758746564202D20616E6F74686572206973E1
S21404176820616C726561647920696E2070726F6797
S21404177872657373004661696C656420746F2069CA
S2140417886E69746961746520736572766963652029
S214041798646973636F766572792E004F54412053DB
S2140417A865727669636520446973636F76657279D2
S2140417B820696E2070726F677265737300436C6974
S2140417C8656E7420766572696669636174696F6E9E
S2140417D8206661696C65642E005369676E6174756A
S2140417E8726500437573746F6D0070617373656416
S2140417F8004641494C4544004E6F207369676E6144
S2140418087475726520766572696669636174696F52
S2140418186E20737570706F72742C20617373756D97
S214041828696E6720696D616765206973206F6B61EF
S214041838792E002573207665726966696361746912
S2140418486F6E2025733A20307825303258004D6163
S21404185878696D756D206E756D626572206F662089
S214041868646F776E6C6F6164206572726F72732032
S214041878726561636820282564292C2061626F726A
S21404188874696E672E004F544120436C75737465F3
S214041898723A2073657474696E6720494545452015
S2140418A861646472657373206F66204F54412063C5
S2140418B86C7573746572005061727469616C206625
S2140418C8696C6520646F776E6C6F616420666F75EB
S2140418D86E642C20636F6E74696E75696E67206615
S2140418E8726F6D206F66667365742030782530389D
S2140418F85800466F756E642066756C6C7920646F44
S214041908776E6C6F616465642066696C6520696EC1
S2140419182073746F72616765202876657273696FC1
S2140419286E20307825303858292E00466F756E6438
S2140419382066696C6520696E2073746F72616765CA
S214041948207769746820646966666572656E7420B3
S21404195876657273696F6E20283078253038582972
S214041968207468616E2063757272656E742076657D
S2140419787273696F6E2028307825303858290046E7
S214041988696C6520696E2073746F72616765206977
S214041998732073616D652061732063757272656E5A
S2140419A8742072756E6E696E672076657273696FD9
S2140419B86E202830782530385829004E6F20696DF7
S2140419C861676520666F756E6420696E2073746F30
S2140419D8726167652E004F544120536572766963B9
S2140419E86520446973636F7665727920756E626CD8
S2140419F86F636B65640049676E6F72696E67207300
S214041A0865727665722066726F6D206C6F6F706291
S214041A1861636B20616464726573730049676E6FF3
S214041A2872696E6720307825303458204F54412028
S214041A3873657276657220696E2073656172636871
S214041A48206F662054430053657474696E67204F8C
S214041A5854412053657276657220746F2030782559
S214041A683034580044656C6179696E6720256420B3
S214041A787365636F6E6473206265666F7265207340
S214041A8874617274696E67204F544120636C69658B
S214041A986E740054696D656F75742077616974692E
S214041AA86E6720666F72206D6573736167652E00B6
S214041AB8426164204F544120636F6D6D616E643AD1
S214041AC820307825303258004F544120636F6D6DAE
S214041AD8616E642030782530325820746F6F207316
S214041AE8686F727420286C656E202564203C206D0F
S214041AF8696E20256429004F544120636F6D6D611B
S214041B086E642066726F6D20756E7265636F676E9D
S214041B18697A656420736572766572203078253034
S214041B2834582E20204D79204F5441207365727600
S214041B3865723A2030782530345800496D616765F7
S214041B48204E6F7469667900476F7420756E6578E1
S214041B587065637465642025732E2020537461723F
S214041B687420646973636F766572792E006465669B
S214041B7861756C74004F54413A206661696C6564FB
S214041B8820746F2073656E642025732072657370E5
S214041B986F6E73653A2030782530325800496D6187
S214041BA86765206E6F7469667900476F7420756E72
S214041BB865787065637465642025732E20204967EC
S214041BC86E6F7265642E004F54413A204465666110
S214041BD8756C7420726573706F6E736520666F72A9
S214041BE820496D616765206E6F746966792C207369
S214041BF874617475732030782530325800496D61E5
S214041C086765206E6F7469667920636F6D6D616EA3
S214041C186400257320756E69636173742C2071756E
S214041C28657279696E6700496E76616C6964002529
S214041C3873202573207061796C6F616420747970E1
S214041C4865203078253032580025732025733A20CD
S214041C586F7574206F662072616E6765206A697492
S214041C687465722025640025732025733A207061F4
S214041C78796C6F6164206C656E67746820646F6540
S214041C88736E2774206D6174636820747970652098
S214041C9830782530325820282564203C20256429AD
S214041CA80025732025732064756520746F206E6F75
S214041CB86E2D6D61746368696E67206D616E7566F6
S214041CC86163747572657220494400257320257310
S214041CD82064756520746F206E6F6E2D6D61746355
S214041CE868696E6720696D61676520747970652018
S214041CF849440025732025732064756520746F2075
S214041D086D61746368696E67206669726D7761725F
S214041D18652076657273696F6E0025732025732CAB
S214041D282052782764204A697474657220283078AB
S214041D3825303258292C205069636B6564204A691B
S214041D487474657220283078253032582900517505
S214041D58657279206E65787420696D61676520728E
S214041D686573706F6E73650025732072657475727B
S214041D786E6564203078253032582E20204E6F2029
S214041D886E657720696D61676520746F20646F7768
S214041D986E6C6F61642E00257320746F6F207368F1
S214041DA86F727420282564203C2025642900257336
S214041DB83A204E657720696D6167652069732061EE
S214041DC87661696C61626C6520666F7220646F77F1
S214041DD86E6C6F61642E002573206973206E6F74B1
S214041DE8207573696E67206D7920696D6167652053
S214041DF8696E666F2E004552524F523A204E6578E9
S214041E087420496D61676520697320746F6F20625A
S214041E18696720746F2073746F726520283078257C
S214041E28303858203E203078253038582900257315
S214041E382072657475726E65642073616D652046DC
S214041E48696C6556657273696F6E20617320637575
S214041E587272656E746C7920696E7374616C6C65E5
S214041E68642E004F544120446F776E677261646530
S214041E78732044697361626C65643A2046696C65CC
S214041E8856657273696F6E20626568696E6420634E
S214041E98757272656E7420696E7374616C6C6174A5
S214041EA8696F6E005374617274696E6720646F7725
S214041EB86E6C6F61642C2056657273696F6E203081
S214041EC87825303858004572726F723A2046616930
S214041ED86C656420746F2064656C65746520696D30
S214041EE86167652E004572726F723A204661696CA6
S214041EF8656420746F206572617365206F6C642056
S214041F0874656D7020646174612E00496D6167653F
S214041F1820626C6F636B20726573706F6E736500F6
S214041F284F54413A20496D616765426C6F636B5242
S214041F3865706F6E736520636F6E7461696E732067
S214041F48696E76616C6964206F7220696E636F6D62
S214041F58706C65746520646174610055706461749E
S214041F68696E67204D696E20426C6F636B205265FC
S214041F78717565737420506572696F6420746F2078
S214041F882564206D7300446F776E6C6F61642064FB
S214041F98656C61792062792073657276657220258E
S214041FA864206D7300446F776E6C6F6164206162A1
S214041FB86F72746564206279207365727665722E12
S214041FC80053657276657220646F65736E27742095
S214041FD8737570706F7274207061676520726571AE
S214041FE8756573742C206F6E6C79207573696E67CB
S214041FF820626C6F636B20726571756573742E004E
S2140420085365727665722072657475726E6564209F
S21404201827756E737570706F7274656420636C755B
S2140420287374657220636F6D6D616E64272E005538
S2140420386E6B6E6F776E2025732073746174757378
S21404204820636F6465203078253032580025732065
S21404205868617320646174612073697A6520282531
S214042068642920736D616C6C6572207468616E20D7
S21404207861637475616C207061636B657420736941
S2140420887A6520282564292E002573206572726FC8
S214042098723A204578706563746564206F66667363
S2140420A86574203078253038582C2062757420677B
S2140420B86F74203078253038582E202049676E6F84
S2140420C872696E6700257320696E666F206469649A
S2140420D8206E6F74206D61746368206D792065784E
S2140420E870656374656420696E666F2E202044727A
S2140420F86F7070696E672E004661696C656420743B
S2140421086F20777269746520746F2073746F7261B8
S2140421186765206465766963652100446F776E6C2D
S2140421286F6164005570677261646520656E64202B
S214042138726573706F6E7365005365727665722088
S21404214861626F7274656420757067726164652C69
S214042158207374617475733A2030782530325800C9
S2140421684572726F723A2025732068616420696E1E
S21404217876616C69642025733A200066696C65206C
S21404218876657273696F6E00416464696E672025AC
S21404219864206D732E2064656C617920666F7220E6
S2140421A8696D6D65646961746520757067726164CC
S2140421B8652E00436F756E74646F776E20746F2097
S2140421C8757067726164653A202564206D73002013
S2140421D853746174653A202020257300205761697A
S2140421E874696E6720666F7220726573706F6E739B
S2140421F8653A20257300204E657874204576656E0A
S214042208742054696D65723A202564206D73002025
S21404221843757272656E7420446F776E6C6F616472
S214042228204F66667365743A20307825303858200F
S2140422382825642525290025733A206661696C6576
S214042248642070617273696E67204F544120636D11
S2140422586420307825303258004F5441204465664F
S21404226861756C7420726573706F6E736520746F15
S21404227820636F6D6D616E64204944203078253084
S21404228832582C2073746174757320307825303274
S2140422985800496D61676520626C6F636B207265D0
S2140422A871756573742074657374206F6E6C792009
S2140422B8776F726B73207768656E207374617465C4
S2140422C820697320424F4F544C4F41445F53544146
S2140422D854455F4E4F4E450052616E646F6D204400
S2140422E8656C6179206265666F72652073746172C5
S2140422F87400446973636F766572696E67204F5419
S214042308412053657276657200476574204F5441C0
S2140423182053657276657220455549004F6274618C
S214042328696E206C696E6B206B65790051756572F1
S21404233879696E67204E65787420496D6167650013
S214042348446F776E6C6F6164696E6720496D616768
S2140423586500566572696679696E6720496D6167B6
S214042368650057616974696E6720666F72205570D8
S2140423786772616465206D65737361676500436F92
S214042388756E74646F776E20746F2055706772610B
S21404239864650057616974696E6720746F20757088
S2140423A8677261646520766961206F75742D6F663F
S2140423B82D62616E64206D656368616E69736D0075
S2140423C825733A202564252520636F6D706C657423
S2140423D86500496D616765202564002020455252D2
S2140423E84F523A20436F756C64206E6F742067658D
S2140423F8742066756C6C20686561646572210020BB
S214042408204865616465722056657273696F6E3A12
S2140424182030782530345800202048656164657279
S214042428204C656E6774683A2020256420627974A7
S21404243865730020204669656C6420436F6E747269
S2140424486F6C3A20203078253034580020204D61AF
S2140424586E75662049443A202020202020203078B3
S21404246825303458002020496D61676520547970FA
S214042478653A202020202030782530345800202043
S21404248856657273696F6E3A20202020202020201B
S2140424983078253038580020205A696762656520E8
S2140424A856657273696F6E3A203078253034580052
S2140424B8202048656164657220537472696E673AB1
S2140424C820202573002020496D6167652053697AAA
S2140424D8653A2020202020256C6420627974657370
S2140424E800202053656375726974792043726564A5
S2140424F83A202030782530325800202055706772EC
S21404250861646520446573743A2020200020204DB9
S214042518696E2E204857205665723A2020202030AF
S21404252878253034580020204D61782E20485720CE
S2140425385665723A202020203078253034580020FA
S21404254820546F74616C20546167733A20256400C4
S214042558202020205461673A2030782530345800EB
S2140425682020202020204C656E6774683A20256C4D
S21404257864004572726F723A20436F756C64206EFD
S2140425886F74206F627461696E2074616720696E67
S214042598666F2066726F6D20696D6167652E000A26
S2140425A8256420696D6167657320696E204F544100
S2140425B82073746F726167652E00496D61676520C4
S2140425C864656C65746525732E004572726F723A7D
S2140425D82020436F756C64206E6F74207265616486
S2140425E820626C6F636B3A203078253032582E0A96
S2140425F8005374617274696E67206572617365202E
S21404260866726F6D206F6666736574203078253041
S214042618385820746F2030782530385800436F7542
S2140426286C64206E6F742073746172742045524112
S21404263853452120283078253032582900454550FE
S214042648524F4D20457261736520636F6D706C65DB
S2140426587465002F686F6D652F72756E6E65722FC0
S214042668776F726B2F747579612D7A696762656501
S2140426782D7377697463682F747579612D7A696721
S2140426886265652D7377697463682F73696C616214
S214042698735F746F6F6C732F73696D706C6963699D
S2140426A874795F73646B2F70726F746F636F6C2FBB
S2140426B87A69676265652F6170702F6672616D65E9
S2140426C8776F726B2F706C7567696E2F6F74612DD8
S2140426D873746F726167652D73696D706C652D65AB
S2140426E86570726F6D2F6F74612D73746F72616786
S2140426F8652D656570726F6D2D706167652D6572E1
S2140427086173652E63002F686F6D652F72756E6E24
S21404271865722F776F726B2F747579612D7A696776
S2140427286265652D7377697463682F747579612D8E
S2140427387A69676265652D7377697463682F736948
S2140427486C6162735F746F6F6C732F73696D706CF2
S21404275869636974795F73646B2F70726F746F63DF
S2140427686F6C2F7A69676265652F6170702F667261
S214042778616D65776F726B2F706C7567696E2F6FF6
S21404278874612D73746F726167652D73696D706CEF
S214042798652D656570726F6D2F6F74612D73746F18
S2140427A8726167652D656570726F6D2E63004F5490
S2140427B8412053696D706C652053746F7261676548
S2140427C820454550524F4D207761726E696E673AC0
S2140427D820636F756C64206E6F742067657420734D
S2140427E86C6F7420696E666F20666F7220736C6FE8
S2140427F87420256420286572726F7220307825301C
S2140428083258292E2044656661756C74696E672093
S214042818746F2073706563696669656420616464AF
S21404282872657373206F6666736574730053746F8A
S21404283872616765204472697665723A20202020A2
S2140428482020202020202020204F54412053696D2A
S214042858706C652053746F726167652045455052E5
S2140428684F4D20506C7567696E0052656164204D43
S2140428786F64696679205772697465205375707039
S2140428886F72743A20206E6F00534F4320426F6F66
S214042898746C6F6164696E6720537570706F7274B8
S2140428A83A2020202079657300426F6F746C6F613C
S2140428B86465722053746F7261676520537570700F
S2140428C86F72743A20557365206669727374207340
S2140428D86C6F7400536C6F7420746F207573653A4C
S2140428E820202020202020202020202020202020D7
S2140428F825640043757272656E7420446F776E6C37
S2140429086F6164204F66667365743A202020203011
S21404291878253038580045424C2053746172742028
S2140429284F66667365743A202020202020202020D5
S214042938202030782530385800454550524F4D20D1
S21404294853746172743A20202020202020202020EE
S214042958202020202030782530385800454550520D
S2140429684F4D20456E643A20202020202020202029
S2140429782020202020202020307825303858004970
S2140429886D61676520496E666F2053746172743A88
S2140429982020202020202020202020307825303891
S2140429A858005361766520526174652028627974EC
S2140429B865732920202020202020202020203078FD
S2140429C825303858004F6666736574206F66206431
S2140429D86F776E6C6F6164206F666673657420200B
S2140429E820307825303858004F6666736574206F33
S2140429F8662045424C206F66667365743A2020202C
S214042A0820202020307825303858004F66667365B5
S214042A1874206F6620696D616765207374617274CB
S214042A283A20202020202030782530385800736C2F
S214042A385F7A69676265655F61665F6F74615F7315
S214042A48746F726167655F6472697665725F7265D2
S214042A5861645F63622829206661696C6564210085
S214042A68426164206D61676963206E756D62657284
S214042A7820696E2066696C653A20307825303258AD
S214042A882030782530325820307825303258203097
S214042A987825303258004261642076657273696F0F
S214042AA86E20696E2066696C652030782530345847
S214042AB8004572726F723A2072656164416E64569C
S214042AC8616C696461746553746F726564496D6199
S214042AD86765282920747269656420746F20726596
S214042AE86164206D6F726520646174612074686126
S214042AF86E20697420636F756C6420686F6C642E2E
S214042B0800736C5F7A69676265655F61665F6F7498
S214042B18615F73746F726167655F64726976657204
S214042B285F726561645F63622829204641494C45A3
S214042B384421004C617374206F6666736574206460
S214042B486F776E6C6F616465643A20307825303828
S214042B58580053746F72616765204D6F64756C65B1
S214042B683A204F54412053696D706C652053746F36
S214042B787261676520506C7567696E00496D616798
S214042B8865732053746F7265643A20202564206F39
S214042B986620310A00253032583A00657020253000
S214042BA8325820636C757320253034582061747449
S214042BB87220253034582073767220256300206DE1
S214042BC86667202530325800207265706F7274204C
S214042BD86D696E2025303458206D61782025303490
S214042BE858207270742D6368672025303858002082
S214042BF8726563656976652066726F6D2025303464
S214042C085820657020253032582074696D656F75B4
S214042C1874202530345800636C6561720072656DE3
S214042C286F766500636C656172696E67206C6173A4
S214042C3874207265706F72742074696D65206F668F
S214042C4820616C6C206174747269627574657300B3
S214042C5874657374696E672074696D696E67206F2E
S214042C686620766172696F7573207265706F727408
S214042C78696E67206F7065726174696F6E73002D74
S214042C882D2D2D2D2D2D2D2D2D2D2D2D2D2D2D2D63
S214042C982D2D2D2D2D2D2D2D2D2D2D2D2D2D2D2D53
S214042CA82D2D2D2D2D2D2D2D2D2D2D2D2D2D002D70
S214042CB82D7461626C65207265616473202D2066CC
S214042CC8756C6C207461626C652D2D007265737565
S214042CD86C74203D202564206D73002D2D696E6963
S214042CE874202F207363686564756C652074696343
S214042CF86B2D2D2D002D2D6C6F616420636F6E6611
S214042D08696775726174696F6E2064656661756C4F
S214042D1874732D2D002F686F6D652F72756E6E6532
S214042D28722F776F726B2F747579612D7A69676263
S214042D3865652D7377697463682F747579612D7A60
S214042D4869676265652D7377697463682F73696C40
S214042D586162735F746F6F6C732F73696D706C69DF
S214042D68636974795F73646B2F70726F746F636FC3
S214042D786C2F7A69676265652F6170702F66726159
S214042D886D65776F726B2F706C7567696E2F7265D9
S214042D98706F7274696E672F7265706F7274696E7D
S214042DA8672E6300524541445F5250545F4346477A
S214042DB800726561645F7265706F7274696E675FCE
S214042DC8636F6E66696775726174696F6E005265C3
S214042DD8706F7274696E673A206661696C65642000
S214042DE8746F2073656E6420257320726573706F24
S214042DF86E73653A20307825303258004552523A78
S214042E082072656164696E6720636C757374657295
S214042E182030782530345820617474726962757469
S214042E2865203078253034583A20307825303258A2
S214042E38004552523A207265706F7274696E672044
S214042E486F66204C4F4E4720737472696E67206114
S214042E5874747269627574652074797065206E6F0F
S214042E687420737570706F727465643A20636C7539
S214042E7873746572203078253034582061747472FF
S214042E886962757465203078253034580052657048
S214042E986F7274696E6720456E7472792046756C15
S214042EA86C202D206372656174696E67206E657781
S214042EB8207265706F7274004346475F5250540020
S214042EC8202D20646972656374696F6E3A25303202
S214042ED8582C20617474723A253034580020202007
S214042EE8747970653A253032582C206D696E3A2507
S214042EF83034582C206D61783A2530345800202018
S214042F08206368616E67653A0020202074696D65E1
S214042F186F75743A2530345800636F6E6669677542
S214042F2872655F7265706F7274696E6700205443C9
S214042F384C4B2075706461746520616C72656164BD
S214042F487920696E2070726F6772657373004D61BD
S214042F586E75616C2054434C4B20757064617465BF
S214042F68206661696C65642E2573005374617274F7
S214042F78696E6720757064617465207472757374FD
S214042F882063656E746572206C696E6B206B657958
S214042F982070726F6365737300557064617465207E
S214042FA85443204C696E6B204B657900204E657738
S214042FB8206B65792065737461626C6973686564EF
S214042FC83A00204572726F723A00506172746E65E8
S214042FD8723A20005A434C20676C6F62616C206317
S214042FE86C757374657220636F6D6D616E647300BF
S214042FF8646972656374696F6E00646973632D63CC
S2140430086F6D2D67656E00646973632D636F6D2D30
S214043018726563006578706563742D7265706F7287
S214043028742D66726F6D2D6D65007577726974659B
S214043038006E7772697465007265706F72742D72AB
S2140430486561640073656E642D6D652D612D72650A
S214043058706F7274004372656174657320612067CB
S2140430686C6F62616C20646973636F766572206343
S2140430786F6D6D616E6420666F722074686520617A
S21404308873736F6369617465642076616C756573C0
S2140430982E00636C757374657249641F6174747268
S2140430A8696275746549641F6D61784E756D6265ED
S2140430B872546F5265706F72741F00437265617440
S2140430C86573206120676C6F62616C2073656E643B
S2140430D8206D652061207265706F727420636F6D51
S2140430E86D616E6420666F72207468652061737300
S2140430F86F6369617465642076616C7565732E0008
S214043108636C757374657249641F6174747269625A
S21404311875746549641F64617461547970651F6DBC
S214043128696E5265706F727454696D651F6D617847
S2140431385265706F727454696D651F7265706F722C
S2140431487461626C654368616E67651F00437265E7
S21404315861746573206120676C6F62616C207265A8
S2140431686164207265706F7274696E6720636F6D30
S2140431786D616E6420666F7220746865206173736F
S2140431886F63696174656420636C75737465722C07
S2140431982061747472696275746520616E64207344
S2140431A865727665722F636C69656E7420646972DD
S2140431B8656374696F6E2E00636C75737465724903
S2140431C8641F61747472696275746549641F6469FE
S2140431D872656374696F6E1F00476C6F62616C205A
S2140431E87265706F7274696E6720636F6D6D616E59
S2140431F86400656E64706F696E741F636C757374AF
S214043208657249641F617474726962757465496489
S2140432181F6D61736B1F004372656174657320616B
S21404322820676C6F62616C207265616420636F6DE1
S2140432386D616E64206D65737361676520746F20B5
S214043248726561642066726F6D2074686520636CAD
S214043258757374657220616E642061747472696231
S214043268757465207370656369666965642E0063A2
S2140432786C757374657249641F61747472696275D7
S214043288746549641F004372656174657320612020
S214043298676C6F62616C20777269746520636F6D02
S2140432A86D616E64206D65737361676520746F2045
S2140432B8777269746520746F2074686520636C750A
S2140432C87374657220616E642061747472696275C1
S2140432D874652073706563696669656400636C75F4
S2140432E87374657249641F6174747269627574656F
S2140432F849641F747970651F646174611F004372A2
S214043308656174652061206578706563742D7265DF
S214043318706F72742D66726F6D2D6D65206D657392
S214043328736167652077697468206173736F63696E
S214043338617465642076616C7565732E00636C75BC
S2140433487374657249641F6174747269627574650E
S21404335849641F74696D656F75741F0043726561EF
S2140433687465206120446973636F76657220436FC1
S2140433786D6D616E64732047656E6572617465640D
S21404338820636F6D6D616E6420776974682061735D
S214043398736F6369617465642076616C7565732EF2
S2140433A800636C757374657249641F737461727410
S2140433B8436F6D6D616E6449641F6D6178436F6D0C
S2140433C86D616E6449641F00536574732074686580
S2140433D820646972656374696F6E20666F7220670D
S2140433E86C6F62616C20636F6D6D616E64732C2004
S2140433F865697468657220636C69656E7420746F99
S21404340820736572766572206F72207365727665AE
S2140434187220746F20636C69656E742E005365742D
S21404342873206120666C616720736F20746861740A
S21404343820746865206170706C69636174696F6E66
S214043448206672616D65776F726B2057494C4C2005
S2140434584E4F5420726573706F6E6420746F2074B8
S2140434686865206E657874205A434C206D657373BE
S214043478616765207468617420636F6D657320697D
S2140434886E206F76657220746865206169722E00F6
S21404349853657473206120666C616720736F2074AB
S2140434A868617420746865206170706C69636174FF
S2140434B8696F6E206672616D65776F726B20574907
S2140434C84C4C20726573706F6E6420746F20746839
S2140434D865206E657874205A434C206D6573736155
S2140434E86765207468617420636F6D657320696E00
S2140434F8206F76657220746865206169722E0053A1
S214043508657473207468652044697361626C652009
S21404351844656661756C7420526573706F6E736566
S214043528204672616D6520436F6E74726F6C2062FC
S214043538697420746F2075736520666F72207468CA
S21404354865206E65787420636F6D6D616E6420699E
S214043558662074686520636F6D6D616E6420697398
S214043568206E6F7420616C72656164792062756977
S2140435786C742E0064697361626C65446566617573
S2140435886C74526573706F6E73651F00536574733D
S2140435982074686520666C616720746F207573658F
S2140435A82074686520696E6372656D656E746564FB
S2140435B82073657175656E6365206E756D626572D8
S2140435C82066726F6D20746865206672616D657713
S2140435D86F726B20666F7220746865206E657874E7
S2140435E82072617720636F6D6D616E642E0075734B
S2140435F8654E65787453657175656E63651F00431B
S2140436086C6920636F6D6D616E6420746F206361EE
S2140436186C6C20736C5F7A69676265655F61665F68
S2140436287365745F74696D652066756E6374696F17
S2140436386E20646F63756D656E74656420696E20AC
S21404364861662E680075746354696D651F0053655A
S2140436587473207468652074776F206279746520A3
S2140436686D616E75666163747572657220737065D4
S2140436786369666963206964656E746966696572F8
S21404368820746F2075736520666F722074686520D1
S2140436986E65787420636F6D6D616E64206966204C
S2140436A874686520636F6D6D616E64206973206E3F
S2140436B86F7420616C7265616479206275696C74D4
S2140436C82E006D6667537065636966696349641F8F
S2140436D8006E6F742000534C5F5354415455535F27
S2140436E84E4554574F524B5F55502030782530344A
S2140436F8580054727573742043656E746572204559
S2140437085549206861732025736368616E6765642C
S2140437182E00534C5F5354415455535F4E455457EB
S2140437284F524B5F444F574E00534C5F53544154CB
S21404373855535F4E4F545F4A4F494E454400534CC9
S2140437485F5354415455535F5A49474245455F4E63
S2140437584554574F524B5F4F50454E45443A2025E3
S214043768642073656300534C5F5354415455535F48
S2140437785A49474245455F4E4554574F524B5F4357
S2140437884C4F5345440025733A20257300646973E7
S21404379874726962757465640063656E7472616CCC
S2140437A8697A656400466F726D002573696E6720D2
S2140437B86F6E2063682025642C2070616E4964202F
S2140437C8307825303458004572726F723A20446552
S2140437D87669636520646F6573206E6F74207375ED
S2140437E870706F7274202573206E6574776F726BB1
S2140437F820666F726D6174696F6E004A6F696E0039
S214043808496E76616C696420536563757269747968
S2140438182050726F66696C653A20307825303258C5
S21404382800704A6F696E20666F722025642073657F
S214043838633A20307825303258004C696D697469CB
S2140438486E67206475726174696F6E206F66207087
S21404385865726D6974206A6F696E2066726F6D2072
S214043868666F726576657220283235352920746F3E
S214043878203235340052583A205A444F2C20636F6D
S2140438886D6D616E64203078253034582C2073743E
S214043898617475733A203078253032580053696D50
S2140438A8706C650052583A2025732044657363206B
S2140438B852657370004D61746368002C204D617402
S2140438C8636865733A2025640044657669636520F1
S2140438D8416E6E6F756E63653A20307825303458BD
S2140438E80052583A20494545452041646472657338
S2140438F87320526573706F6E73650052583A204190
S214043908637469766520455020526573706F6E73CC
S214043918652C20436F756E743A202564004E6F64D8
S21404392865002C204D6174636865733A20307825E9
S21404393830345800737461636B207665722E205B8E
S21404394825642E25642E2564002025732062756957
S2140439586C642025645D005A444F00534500484172
S21404396800436C757374657200476C6F62616C0013
S21404397825737478203078253038582C20005072F7
S2140439886F66696C653A20257320283078253034AC
S21404399858292C20436C75737465723A2030782540
S2140439A83034582C2025642062797465732C0020E2
S2140439B85A434C20257320436D642049443A2025F5
S2140439C864005072652D52656C6561736500416CC0
S2140439D8706861203100416C706861203200416C67
S2140439E87068612033004265746120310042657452
S2140439F861203200426574612033004741005265F5
S214043A0873657420696E666F3A20307825303258AC
S214043A1820282573290064656C6574652062696EC0
S214043A2864696E673A2025303258202530325800AB
S214043A380102030405060708090A0B0C0001010124
S214043A4801010101010101010100575249544520B1
S214043A584552523A20002573657020253032582086
S214043A68636C75732025303458206174747220256D
S214043A78303458206E6F7420737570706F72746566
S214043A8864002573696E76616C6964206461746188
S214043A98207479706500257361747472206E6F746F
S214043AA8207772697461626C650057524954453AC6
S214043AB8206E6F2077726974652C206A757374207B
S214043AC861207465737400524541443A20617474E5
S214043AD87269627574652073697A6520746F6F20DD
S214043AE86C6172676520666F722063616C6C6572C0
S214043AF800636C6E74007372767200525700524FED
S214043B0800202052414D20200020746F6B656E20E3
S214043B180065787465726E2000454E44504F494ED1
S214043B2854202530325800636C7573202F2073692F
S214043B386465202F2061747472202F206D666720B8
S214043B48202F74797065286C656E292F207277206B
S214043B582F2073746F72616765202F206461746107
S214043B682028726177290025303458202F202573A1
S214043B78202F2025303458202F2000202F202530B1
S214043B88325820282530325829202F202573202FF4
S214043B98202573202F2000556E737570706F72740D
S214043BA86564004F544120524541443A2065703AB2
S214043BB825303258206369643A25303458206174B5
S214043BC87469643A25303458206D736B3A2530325C
S214043BD858206D66636F64653A253034580052453C
S214043BE841443A20636C757320253034582C206180
S214043BF87474722025303458206661696C656420B4
S214043C082530325800524541443A20636C75732077
S214043C18253034582C206174747220253034582C7E
S214043C2820646174614C656E3A20253032582C2025
S214043C384F4B00282563292530325825303258251D
S214043C4830325825303258253032582530325825E7
S214043C58303258253032580064697361626C6500E6
S214043C682573642C2064726F7070696E67206570A3
S214043C782030782530325820636C757320307825C8
S214043C8830345820636D6420307825303258004725
S214043C98656E657261746564005265636569766508
S214043CA86400446973636F76657220436F6D6D6153
S214043CB86E647320726573706F6E73652028636F05
S214043CC86D706C6574653A202563292C202573204D
S214043CD84944733A200030782530325820005F452E
S214043CE8585400524541445F41545452005752496F
S214043CF854453A20636C7573202530345820617413
S214043D087472202530345820004641494C2025300A
S214043D1832580057524954453A20746F6F207368D6
S214043D286F727400444953435F41545452002573D8
S214043D3825733A20636C75732025303458005376FF
S214043D486320446973633A2000257357616974696C
S214043D586E672025642073656320666F7220646925
S214043D6873636F7665727920746F20636F6D706CF9
S214043D7865746500537461746520636F7272657345
S214043D88706F6E64696E6720746F2074686520743B
S214043D9868652072657175657374206E6F74206625
S214043DA86F756E640A002573636F6D706C65746551
S214043DB82E0A002573536572766963652044697311
S214043DC8636F76657279205374617465206C696DC7
S214043DD869747320726561636865640A00257349AB
S214043DE86C6C6567616C2062726F6164636173747E
S214043DF820616464726573732C2072656D617070DB
S214043E08696E6720746F2076616C6964206F6E65CE
S214043E182E0025734661696C656420746F2073658B
S214043E286E64206D6174636820646973636F766575
S214043E3872793A20307825303258002573537461E5
S214043E487274696E6720646973636F766572792025
S214043E58666F7220636C75737465722030782530CB
S214043E6834580025734661696C656420746F207342
S214043E78656E642073696D706C652064657363721F
S214043E886970746F7220726571756573743A203040
S214043E9878253032580025734661696C6564207449
S214043EA86F2073656E6420494545452061646472D5
S214043EB865737320726571756573743A2030782556
S214043EC83032580025734661696C656420746F2027
S214043ED873656E64204E574B206164647265737311
S214043EE820726571756573743A20307825303258B7
S214043EF8004572726F723A202573206261642073DB
S214043F08696D706C652064657363726970746F722A
S214043F18206C656E6774682E0025734D657373612F
S214043F28676520746F6F2073686F72740025734D0D
S214043F3865737361676520746F6F2073686F727436
S214043F4820666F72206E756D2E20656E64706F69BC
S214043F586E74730025734D61746368257320666FE9
S214043F68756E642066726F6D203078253034582E4E
S214043F78004572726F723A20257320696E76616CFA
S214043F886964206C656E6774682028256420213D62
S214043F982025642920666F7220416374697665203B
S214043FA8456E64706F696E7420726573706F6E7395
S214043FB865002573676F74206163746976652045A8
S214043FC85020726573706F6E736500555443207481
S214043FD8696D653A2025642F25642F256420256499
S214043FE83A25643A25642028253038582900285567
S214043FF86E6B6E6F776E20636C75732E205B3078ED
S214044008253034585D29000D0A54253038583A00AE
S2140440185258206C656E2025642C20657020253047
S21404402832582C20636C7573203078253034582029
S21404403800206D66674964202530345800204643BE
S2140440482025303258207365712025303258206375
S2140440586D642025303258207061796C6F61645B1A
S214044068004261736963004F766572207468652040
S21404407841697220426F6F746C6F6164696E670081
S2140440882573525820706B7420746F6F2073686F92
S21404409872743A202564203C2025640025735258FF
S2140440A820706B74206D616C666F726D65643A205F
S2140440B82564203C2025640020204861766520522B
S2140440C86F7574657220537570706F727400202053
S2140440D8456E6420446576696365204F6E6C790086
S2140440E82020456E61626C65640020204469736113
S2140440F8626C6564004572726F72207265747269C8
S2140441086576696E6720696E666F20666F72206CC6
S21404411869627261727920494420256400257320F7
S2140441286C69627261727925732070726573656E44
S21404413874005A69676265652050726F0042696E3A
S21404414864696E6700536563757269747920436F92
S2140441587265005365637572697479204C696E6B71
S214044168204B6579730043424B45203136334B3137
S2140441780043424B4520445341205369676E00452B
S21404418843430043424B45204453412056657269D5
S2140441986679005061636B65742056616C69646166
S2140441A87465005A4C4C0043424B45203238334B16
S2140441B83100454343203238334B310043424B45A4
S2140441C820636F7265004E4350004D756C74692009
S2140441D86E6574776F726B00456E68616E636564AE
S2140441E820426561636F6E205265710043424B45F9
S2140441F8203238334B312044534120566572696661
S21404420879004D756C74692D50414E002F686F6D9A
S214044218652F72756E6E65722F776F726B2F747555
S21404422879612D7A69676265652D73776974636841
S2140442382F747579612D7A69676265652D73776958
S2140442487463682F73696C6162735F746F6F6C73E1
S2140442582F73696D706C69636974795F73646B2F07
S21404426870726F746F636F6C2F7A69676265652FF7
S214044278737461636B2F636F6E6669672F736C5F05
S2140442887A69676265655F636F6E6669677572618A
S21404429874696F6E2E63002F686F6D652F72756E66
S2140442A86E65722F776F726B2F747579612D7A69C4
S2140442B8676265652D7377697463682F74757961A9
S2140442C82D7A69676265652D7377697463682F73D9
S2140442D8696C6162735F746F6F6C732F73696D704A
S2140442E86C69636974795F73646B2F70726F746F2B
S2140442F8636F6C2F7A69676265652F737461636B85
S2140443082F6672616D65776F726B2F6165732D65A5
S21404431863622E63002F686F6D652F72756E6E6507
S214044328722F776F726B2F747579612D7A6967624D
S21404433865652D7377697463682F747579612D7A4A
S21404434869676265652D7377697463682F73696C2A
S2140443586162735F746F6F6C732F73696D706C69C9
S214044368636974795F73646B2F70726F746F636FAD
S2140443786C2F7A69676265652F737461636B2F7334
S214044388656375726974792F7A69676265652D73D2
S214044398656375726974792D6D616E616765722DD2
S2140443A86E6F2D7661756C742E63004572726F722B
S2140443B83A20204661696C656420746F20726561D2
S2140443C8642066726F6D20454550524F4D206174C7
S2140443D82030782534582C207374617475733A2009
S2140443E8256400454550524F4D20496E69746961ED
S2140443F86C697A65643A20256300454550524F4DEA
S21404440820427573793A2025630050617274696195
S2140444186C20576F72642053746F7261676520430B
S2140444286F756E743A20256400416464726573730C
S2140444383A2030782534582C205061727469616C9F
S21404444820576F72643A203078255800636F6E667A
S21404445869726D656400617373756D6564000A45F9
S2140444684550524F4D20496E666F004E6F7420615A
S2140444787661696C61626C6520286F6C646572206D
S214044488626F6F746C6F6164657229005061727430
S214044498204465736372697074696F6E3A202020CD
S2140444A82020202020202025730043617061626943
S2140444B86C69746965733A20202020202020202007
S2140444C82020202020307825325800506167652047
S2140444D845726173652074696D65202873293A20CE
S2140444E820202020202564005061727420457261C3
S2140444F873652074696D65202873293A2020202066
S214044508202025640050617274204572617365200A
S21404451874696D6520286D73293A20202020202090
S214044528256400506167652073697A652028627976
S214044538746573293A202020202020202020256C0A
S21404454800506172742073697A65202862797465EC
S21404455873293A202020202020202020256C00576C
S2140445686F72642073697A65202862797465732982
S2140445783A2020202020202020202564202825706A
S2140445882900454550524F4D20696E69743A2030CB
S214044598782558002F686F6D652F72756E6E657274
S2140445A82F776F726B2F747579612D7A69676265D8
S2140445B8652D7377697463682F747579612D7A69C4
S2140445C8676265652D7377697463682F73696C61B0
S2140445D862735F746F6F6C732F73696D706C696345
S2140445E86974795F73646B2F7574696C2F706C7556
S2140445F867696E2F706C7567696E2D636F6D6D6F66
S2140446086E2F656570726F6D2F656570726F6D2E8F
S2140446186300556E61626C6520746F20626F6F74F8
S21404462820696D61676520617420736C6F7420253A
S2140446386C640A00536C6F74204D616E6167657212
S214044648206661696C656420746F206572617365A1
S21404465820736C6F740A004D61782072656164205B
S2140446686C696D69742073657420746F20256420E2
S21404467862797465730A00416464726573732020F2
S2140446882020202020202020446174610A003078ED
S21404469825346C7820202020202020307825780A9D
S2140446A8004661696C656420746F207265616420D5
S2140446B866726F6D20666C6173680A00536C6F745B
S2140446C820256C640A202041646472657373202074
S2140446D82020203A20307825346C580A20204C654F
S2140446E86E6774682020202020203A2030782534ED
S2140446F86C582028256C64206279746573290A002E
S21404470820205479706520202020202020203A205C
S214044718004E6F2047424C2070726573656E740AAB
S214044728005A69674265650A005468726561640AD6
S21404473800436F6E6E6563740A00426C7565746F29
S2140447486F74680A00426C7565746F6F74682061CC
S21404475870706C69636174696F6E0A004D43550A1C
S214044768004F7468657220283078256C58290A002A
S214044778202056657273696F6E20202020203A2008
S2140447883078256C580A0020204361706162696C91
S21404479869746965733A20307825346C580A0020A1
S2140447A82050726F6475637420494420203A2000B0
S2140447B8307825582000536C6F74204D616E6167FD
S2140447C865723A206661696C656420746F20696E48
S2140447D8697469616C697A6520626F6F746C6F615D
S2140447E864657220286572726F7220307825347872
S2140447F8290A0056657273696F6E20202020203AB5
S2140448082025640A0050617274202020202020206D
S214044818203A2025730A004361706162696C6974E2
S2140448286965733A20307825780A005061727420D6
S21404483873697A652020203A20256420420A0050AD
S2140448486167652073697A652020203A20256420EC
S214044858420A00576F72642073697A652020203AEA
S21404486820256420420A00536C6F7473202020208D
S2140448782020203A2025640A004661696C65642075
S214044888746F20726561642066726F6D2073746F2E
S2140448987261676520666C61736820286572726F3A
S2140448A872202564290A00496E76616C696420734F
S2140448B86C6F7420256420286D617820736C6F747F
S2140448C8202564290A004661696C656420746F2093
S2140448D867657420696E666F20666F7220736C6FE6
S2140448E8742025640A00536C6F74204D616E6167EA
S2140448F865723A20736C6F742077726974652066E3
S21404490861696C7572652E204164647265737320E0
S2140449186F66667365742028256429202B207772B1
S214044928697465206C656E67746820282564292078
S21404493867726561746572207468616E20746F743A
S214044948616C20736C6F74206C656E6774682028BD
S2140449582564290A00536C6F74204D616E6167657F
S21404496872207761726E696E673A20736C6F742072
S2140449782564206C656E6774682028256429206E73
S2140449886F7420616C69676E656420746F2070614B
S21404499867652073697A6520282564292E2054685B
S2140449A86520656E7469726520736C6F7420776908
S2140449B86C6C206E6F742062652065726173656422
S2140449C82E0A00536C6F74204D616E616765723AE7
S2140449D8206661696C656420746F2065726173650E
S2140449E820256420627974657320696E20736C6F61
S2140449F8742025642061742061646472657373206E
S214044A08307825347820286572726F7220307825BD
S214044A1878290A00457261736564202564206279E2
S214044A2874657320696E20736C6F742025640A009D
S214044A384661696C656420746F2073657420736CB2
S214044A486F7420746F20626F6F7420286572726F9B
S214044A5872203078253478290A004661696C6564C2
S214044A6820746F20736574206C697374206F6620D5
S214044A78736C6F747320746F20626F6F742028656C
S214044A8872726F72203078253478290A0046616974
S214044A986C656420746F20676574206E6577206C77
S214044AA8697374206F6620736C6F747320746F2038
S214044AB8626F6F7420286572726F7220307825349E
S214044AC878290A00426567696E6E696E6720696DA3
S214044AD861676520766572696669636174696F6E75
S214044AE82E2E2E002E6661696C6564212028457278
S214044AF8726F72203078253478290A002E70617314
S214044B087365642120426F6F74696E6720736C6FD7
S214044B18742025640A00666E692B00666E69006E4A
S214044B28616E00666E692D006C6962730062736557
S214044B386E64007265736574007261770073656EDF
S214044B48645F6D756C7469636173740073656E6411
S214044B582D7573696E672D6D756C746963617374EE
S214044B682D62696E64696E670074696D6573796E23
S214044B7863006765742D7074692D726164696F2D9E
S214044B88636F6E66696700636F6E6669672D636335
S214044B98612D6D6F6465006576656E747300736564
S214044BA8637572697479007A69676265655F70729D
S214044BB8696E7400706C7567696E006E6574006B58
S214044BC8657973006F7074696F6E00706C75670032
S214044BD86368616E67656B6579006368616E6765AF
S214044BE86B007A646F007072696E742072656C610B
S214044BF874656420636F6D6D616E64732E006174F2
S214044C087472005A646F2072656C617465642063FC
S214044C186F6D6D616E64732E00726F7574650070C7
S214044C286F776572006D676D742D6C7169006D67BA
S214044C386D742D62696E64006E6F64650073696DC9
S214044C48706C65006965656500756E62696E6400FA
S214044C586E776B2D757064006F75742D636C2D6C90
S214044C6869737400696E2D636C2D6C697374005ACD
S214044C78646F20696E2D636C2D6C6973742072657D
S214044C886C6174656420636F6D6D616E64732E0069
S214044C985A646F206F75742D636C2D6C6973742059
S214044CA872656C6174656420636F6D6D616E6473A0
S214044CB82E005A646F206E776B2D757064207265AB
S214044CC86C6174656420636F6D6D616E64732E0029
S214044CD87363616E2D6368616E2D6D61736B00730B
S214044CE863616E006368616E5067006368616E0096
S214044CF85A646F20756E62696E642072656C61749E
S214044D08656420636F6D6D616E64732E00756E69DD
S214044D1863617374006368616E67656B6579207296
S214044D28656C6174656420636F6D6D616E64732E63
S214044D38006C696E6B004F7074696F6E2072656CD8
S214044D486174656420636F6D6D616E64732E0072A2
S214044D5865676973746572006469736300696E7362
S214044D6874616C6C2D636F64650062696E64696E49
S214044D78672D7461626C65007072696E742D727842
S214044D882D6D736773006170737265747279004170
S214044D98505320726574727920666C616720666F5A
S214044DA872636520636F6D6D616E647300456E6132
S214044DB8626C65732F44697361626C6573207072E4
S214044DC8696E74696E67206F66205278206D657305
S214044DD873616765732E00656E61626C650042696F
S214044DE86E64696E67207461626C652072656C61B6
S214044DF874656420636F6D6D616E64732E0053650D
S214044E08637572697479206B6579732072656C6151
S214044E1874656420636F6D6D616E64732E006465DB
S214044E286C657465004E6574776F726B2072656C7A
S214044E386174656420636F6D6D616E64732E0066BD
S214044E486F726D0072656A6F696E2D646966662D89
S214044E586465766963652D74797065006578747021
S214044E68616E69640069736F70656E0062726F6163
S214044E78642D706A6F696E006368616E67652D637A
S214044E8868616E6E656C00696E6974006368616E4D
S214044E9867652D6B6565702D616C6976652D6D6F1C
S214044EA864650074696D656F75742D6F7074696FC9
S214044EB86E2D6D61736B006D756C74692D706879F1
S214044EC82D7374617274006D756C74692D706879CD
S214044ED82D73746F700066696E64006E6574776F00
S214044EE8726B2066696E6420636F6D6D616E6473A1
S214044EF82E006A6F696E61626C6500756E757365FF
S214044F086400736C6F742D6D616E616765720063FF
S214044F186F756E7465727300656E642D6465766964
S214044F2863652D737570706F72740066696E642D90
S214044F38616E642D62696E6400667261676D656E83
S214044F48746174696F6E0067726F7570732D73651C
S214044F5872766572006E6574776F726B2D737465FE
S214044F686572696E67006F74612D626F6F746C6F1B
S214044F786164006F74612D636C69656E74006F7488
S214044F88612D73746F726167652D636F6D6D6F6ED7
S214044F98006F74612D73746F726167652D65657033
S214044FA8726F6D0069646C652D736C656570007549
S214044FB870646174652D74632D6C696E6B2D6B65F6
S214044FC879007570646174652D74632D6C696E6BF5
S214044FD82D6B65792072656C6174656420636F6DEA
S214044FE86D616E64730074696D6572006E6F770028
S214044FF8436F6D6D616E647320746F20636F6E7497
S214045008726F6C2069646C696E672F736C65657063
S214045018696E67206F6620746865206465766963C0
S2140450286500666F7263652D6177616B65006177ED
S214045038616B652D7768656E2D6E6F742D6A6F6962
S2140450486E6564007265706F7274696E6720726547
S2140450586C6174656420636F6D6D616E64732E0095
S214045068636C6561722D6C6173742D7265706F72F2
S214045078742D74696D6500746573742D74696D692F
S2140450886E67006F74612D73746F726167652D6542
S2140450986570726F6D2072656C6174656420636FE9
S2140450A86D6D616E64732E0077697065006F746148
S2140450B82D73746F726167652D636F6D6D6F6E20E7
S2140450C872656C6174656420636F6D6D616E64737C
S2140450D8007072696E74496D616765730072656CF9
S2140450E86F61640073746F726167652D696E666FAD
S2140450F800646174612D7072696E74006F74612D3A
S214045108636C69656E742072656C6174656420638B
S2140451186F6D6D616E64732E0076657269667900CC
S214045128626C6F636B2D7465737400706167652DAC
S2140451387265717565737400757067726164652D40
S214045148726571756573740064697361626C652D44
S214045158646F776E67726164657300656E61626C0E
S214045168652D646F776E677261646573006F74612A
S2140451782D626F6F746C6F61642072656C61746500
S2140451886420636F6D6D616E6473006E6574776F0B
S214045198726B2D7374656572696E672072656C61CF
S2140451A874656420636F6D6D616E64732E0070722F
S2140451B8652D636F6E666967757265642D6B6579B0
S2140451C82D736574006D61736B2072656C6174650C
S2140451D86420636F6D6D616E642E007375627472FD
S2140451E86163740067726F7570732D736572766584
S2140451F8722072656C6174656420636F6D6D616E90
S21404520864732E00667261676D656E746174696F87
S2140452186E2072656C6174656420636F6D6D616E73
S21404522864732E007365742D72782D77696E646FB7
S214045238772D73697A650061727469666963696152
S2140452486C2D626C6F636B2D64726F700046696EAA
S2140452586420616E642062696E642072656C617491
S214045268656420636F6D6D616E64732E00696E6984
S214045278746961746F7200656E642D64657669631B
S214045288652D737570706F72742072656C617465C1
S2140452986420636F6D6D616E64732E00706F6C6C42
S2140452A82D636F6D706C657465642D63616C6C62D8
S2140452B861636B00666F7263652D73686F72742D15
S2140452C8706F6C6C00656E61626C655F747970658E
S2140452D800737461636B00617070007A636C006CB1
S2140452E865676163795F61665F64656275670063B5
S2140452F86F756E746572732072656C61746564206C
S214045308636F6D6D616E64732E007072696E742DB2
S214045318636F756E7465722D747970650073696D44
S214045328706C652D7072696E74007072696E742D77
S2140453387468726573686F6C6473007365742D742F
S21404534868726573686F6C640072657365742D742F
S21404535868726573686F6C64730073656E642D7227
S21404536865717565737400736563757269747920FD
S21404537872656C6174656420636F6D6D616E6473C9
S214045388007365742D616C6C6F772D747275737405
S2140453982D63656E7465722D72656A6F696E2D75F8
S2140453A873696E672D77656C6C2D6B6E6F776E2DD3
S2140453B86B6579007365742D616C6C6F772D7472E8
S2140453C87573742D63656E7465722D72656A6F697C
S2140453D86E2D7573696E672D77656C6C2D6B6E6FA5
S2140453E8776E2D6B65792D74696D656F75740073AA
S2140453F865742D6B65792D726571756573742D707A
S2140454086F6C696379006D66672D746F6B656E00E3
S214045418617073005365637572697479206170737B
S2140454282072656C6174656420636F6D6D616E646B
S214045438732E004765742F736574204D4647207491
S2140454486F6B656E2E00656E64706F696E7420727D
S214045458656C6174656420636F6D6D616E64732E2C
S21404546800656570726F6D207574696C697479204F
S21404547872656C6174656420636F6D6D616E6473C8
S21404548800536C6F74204D616E6167657220726597
S2140454986C6174656420636F6D6D616E647300621D
S2140454A86F6F742D736C6F740065726173652D73FA
S2140454B86C6F74006578742D666C6173682D696EFC
S2140454C8666F00736C6F74732D696E666F00507226
S2140454D8696E74732074696D652E005072696E74F3
S2140454E873206174747269627574652E00436C6502
S2140454F861727320746865205A444F206C6973740B
S214045508206F6620636C69656E742028696E29208E
S214045518636C7573746572732E00416464732063D8
S2140455286C75737465727320746F20746865206B69
S2140455386E6F776E20636C69656E742028696E29B1
S21404554820636C757374657273206F6E2074686953
S21404555873206465766963652E00436C65617273AF
S21404556820746865205A444F206C697374206F66EB
S21404557820636C69656E7420286F75742920636CC3
S2140455887573746572732E004164647320636C7556
S214045598737465727320746F20746865206B6E6FFD
S2140455A8776E20636C69656E7420286F757429207D
S2140455B8636C757374657273206F6E207468697390
S2140455C8206465766963652E0053656E647320618E
S2140455D86E20757064617465206368616E6E656CB0
S2140455E820726571756573742E006368616E6E65E6
S2140455F86C1F0053656E647320616E207570646159
S2140456087465206368616E6E656C207061676520DA
S2140456187265712E2054686520737461636B2073F9
S214045628656E6473206E776B20656E68616E63655D
S21404563864207570646174652072657120666F7283
S214045648206E6F6E2D7A65726F20706167652E0006
S2140456586368616E6E656C1F706167651F005065D0
S21404566872666F726D7320616E20656E65726779F7
S214045678207363616E2E007461726765744E6F647E
S2140456886549641F7363616E4475726174696F6EED
S2140456981F7363616E436F756E741F0042726F6189
S2140456A864636173747320746865204944206F6664
S2140456B820746865206E6577206E6574776F726BE4
S2140456C8206D616E6167657220616E642061637423
S2140456D8697665206368616E6E656C732E006E77F6
S2140456E86B4D676549641F6368616E6E656C4D61D2
S2140456F8736B1F00506572666F726D7320616E203F
S214045708656E65726779207363616E206F6E2067B5
S2140457186976656E206368616E6E656C206D61736C
S2140457286B2E007461726765744E6F646549641FF6
S2140457387363616E4475726174696F6E1F73636117
S2140457486E436F756E741F6368616E6E656C4D612B
S214045758736B1F0053656E64732061206E657477DF
S2140457686F726B20616464726573732072657175F9
S21404577865737420666F7220746865206769766539
S2140457886E204945454520616464726573732E002E
S214045798696565651F005265717565737473206164
S2140457A86E204945454520616464726573732062BA
S2140457B861736564206F6E206120676976656E2064
S2140457C86E6F64652049442E006E6F646549641FD5
S2140457D80053656E647320612073696D706C652070
S2140457E864657363726970746F7220726571756527
S2140457F8737420666F72207468652073686F727499
S214045808206164647265737320616E6420656E64D7
S214045818706F696E74207370656369666965642E53
S21404582800646573741F746172676574456E64708A
S2140458386F696E741F0053656E64732061206D6112
S21404584874636844657363726970746F72735265BF
S214045858717565737420746F20746865206769763B
S214045868656E2064657374696E6174696F6E2077FB
S2140458786974682074686520676976656E20707236
S2140458886F66696C652E006E6F646549641F707276
S2140458986F66696C651F0053656E64732061206EBD
S2140458A86F64652064657363726970746F722072BE
S2140458B865717565737420746F20612067697665F1
S2140458C86E20746172676574206465766963652EF4
S2140458D8007461726765741F0053656E6473206193
S2140458E8205A444F2042696E6420636F6D6D616E62
S2140458F86420746F2061206465766963652073701C
S2140459086563696669656420696E207468652063E2
S2140459186F6D6D616E6420617267756D656E747304
S2140459282E0044657374696E6174696F6E1F536FD5
S2140459387572636520656E64706F696E741F44655E
S2140459487374696E6174696F6E20656E64706F69CE
S2140459586E741F636C757374657249441F72656D43
S2140459686F746545554936341F64657374455549DF
S21404597836341F0053656E647320616E2061637449
S21404598869766520656E64706F696E7420726571D9
S2140459987565737420746F20746865206465766909
S2140459A86365207769746820746865206769766516
S2140459B86E2073686F72742049442E0053656E64B3
S2140459C87320616E20756E62696E642072657175E7
S2140459D865737420666F72206120756E69636173DF
S2140459E8742062696E64696E6720746F20746865D3
S2140459F820746172676574206465766963652E0031
S214045A087461726765741F736F7572636520657554
S214045A186936341F736F7572636520656E64706FBC
S214045A28696E741F636C757374657249441F646584
S214045A387374696E6174696F6E45554936341F64AC
S214045A48657374696E6174696F6E20656E64706FD1
S214045A58696E741F0053656E647320616E20756EDC
S214045A6862696E64207265717565737420666F72F8
S214045A782061206D756C7469636173742062696E45
S214045A8864696E6720746F20746865207461726731
S214045A986574206465766963652E0074617267654B
S214045AA8741F736F757263652065756936341F7362
S214045AB86F7572636520656E64706F696E741F63B4
S214045AC86C757374657249441F67726F75704164A8
S214045AD864726573731F0053656E64732061205A7D
S214045AE8444F204D616E6167656D656E74204C6524
S214045AF861766520636F6D6D616E6420746F2074C3
S214045B086865207461726765742064657669636580
S214045B182E007461726765741F72656D6F766543CF
S214045B2868696C6472656E1F72656A6F696E1F00B9
S214045B3853656E64732061205A444F204D474D5474
S214045B482D42696E64202842696E64696E67205423
S214045B5861626C6529205265717565737420746F6B
S214045B682074686520746172676574206465766954
S214045B7863652E007461726765741F73746172744A
S214045B88496E6465781F0053656E64732061205AF5
S214045B98444F204D474D542D4C514920284C5149CB
S214045BA8205461626C65292052657175657374208A
S214045BB8746F207468652074617267657420646500
S214045BC8766963652E0053656E64732061205A44B3
S214045BD84F20506F776572204465736372697074DA
S214045BE86F72205265717565737420746F207468BB
S214045BF86520746172676574206465766963652ECA
S214045C080053656E64732061205A444F20726F7582
S214045C187465207265717565737420636F6D6D6144
S214045C286E6420746F207468652074617267657486
S214045C382E007461726765741F696E6465781F0048
S214045C48696E6465781F65756936341F696E737482
S214045C58616C6C436F64651F00696E6465781F65C4
S214045C68756936341F6B65791F005443206C696E5A
S214045C786B206B6579207265717565737420706F17
S214045C886C6963791F417070206C696E6B206B6554
S214045C9879207265717565737420706F6C696379A1
S214045CA81F00426F6F6C3A20616C6C6F77207472B9
S214045CB87573742063656E7465722072656A6F699D
S214045CC86E207573696E672077656C6C2D6B6E6FC6
S214045CD8776E206B65791F0070726F66696C65490C
S214045CE8641F636C757374657249641F007461720B
S214045CF867657449641F00456E61626C657320703D
S214045D0872696E74696E67206F66205278206D65B6
S214045D187373616765732E005365747320746865BE
S214045D282062696E64696E67207461626C650069D6
S214045D386E6465781F636C75737465721F6C6F6325
S214045D48616C45701F72656D6F746545701F657567
S214045D586936341F00436C65617273207468652065
S214045D6862696E64696E67207461626C652E0050A1
S214045D7872696E7473207468652062696E64696EED
S214045D8867207461626C6520746F2074686520638C
S214045D986F6D6D616E64206C696E652E00436C656C
S214045DA861727320616C6C207365637572697479AB
S214045DB8206B6579732E0044656C65746520746879
S214045DC86520737065636966696564206C696E6BC3
S214045DD8206B657920696E6465782E005072696E4A
S214045DE8747320616C6C20736563757269747920AA
S214045DF86B6579732E005465726D696E617465738C
S214045E0820746865206D756C74692D50485920692E
S214045E186E74657266616365005573656420746F95
S214045E28207374617274206D756C74692D504859AA
S214045E3820696E74657266616365206F746865723E
S214045E48207468616E206E617469766520616E647C
S214045E5820666F726D20746865206E6574776F723D
S214045E686B2E2054686520737461636B20757365A4
S214045E78732073616D652050616E496420617320D8
S214045E886E617469766520726164696F206E6574E4
S214045E98776F726B2E00706167651F6368616E6E3C
S214045EA8656C1F706F7765721F6F7074696F6E7399
S214045EB84D61736B20284269742030203D20526F50
S214045EC8757465727320616C6C6F7765642C2042F8
S214045ED869742031203D2042726F61646361737473
S214045EE820616C6C6F776564291F00417474656D56
S214045EF870747320746F206368616E6765207468B5
S214045F0865206368696C642074696D656F757420B0
S214045F186F7074696F6E206D61736B20746F206682
S214045F28696C746572206F757420756E6465736920
S214045F387261626C652076616C7565732028652EBF
S214045F48672E206E6F206D6F7265207468616E20F0
S214045F58332064617973292E0074696D656F7574CE
S214045F68206F7074696F6E206D61736B1F005377B2
S214045F78697463686573206265747765656E206402
S214045F886966666572656E74206B65657020616CFB
S214045F98697665206D6F64657320737570706F72AB
S214045FA8746564206279206120726F757465722E38
S214045FB8004B65657020616C697665206D6F646555
S214045FC81F005072696E7473207468652063757256
S214045FD872656E74204E6F64652049442C204555BE
S214045FE84936342C20616E642050616E2049442E54
S214045FF800496E697469616C697A65732061206EFC
S2140460086574776F726B3B207468697320697320B4
S21404601861207465737420636F6D6D616E6420759A
S21404602873656420666F722074632D737761702DB0
S2140460386F75742074657374696E672E005365747F
S2140460487320746865206E6574776F726B20696E4A
S214046058646578207573656420627920616C6C20A9
S21404606866757475726520434C4920636F6D6D615F
S2140460786E64732E20204265666F726520657865A7
S214046088637574696E67206120434C4920636F6D9D
S2140460986D616E642C20746865206672616D657720
S2140460A86F726B20737769746368657320746F20E6
S2140460B874686973206E6574776F726B2E2020413E
S2140460C8667465722074686520636F6D6D616E64AE
S2140460D82066696E69736865732065786563757488
S2140460E8696E672C20746865206672616D65776FC3
S2140460F8726B207377697463686573206261636B77
S21404610820746F207468652070726576696F75737D
S214046118206E6574776F726B2E2020546865204352
S2140461284C492075736573207468652073616D65C2
S214046138206E6574776F726B20696E646578207557
S2140461486E74696C20746865206465766963652076
S214046158726573657473206F72206974206973207E
S2140461686368616E676564207468726F7567682013
S2140461787468697320636F6D6D616E642E00417474
S21404618874656D70747320746F206368616E6765D8
S21404619820646576696365206F76657220746F205F
S2140461A86120646966666572656E74206368616EEC
S2140461B86E656C20676976656E20696E20746865FE
S2140461C8206368616E6E656C20617267756D656EB6
S2140461D8742E00546865206368616E6E656C20745E
S2140461E86F206368616E676520746F1F0066696E4A
S2140461F864556E7573656450616E49640066696EAD
S214046208644A6F696E61626C654E6574776F726B0B
S214046218005065726D697473206A6F696E696E677B
S214046228206F6E20746865206E6574776F726B20B5
S214046238666F72206120676976656E206E756D627A
S2140462486572206F66207365636F6E647320414EB3
S214046258442062726F616463617374732061205AA8
S214046268444F204D676D74205065726D6974204ADA
S2140462786F696E696E6720726571756573742074CC
S2140462886F20616C6C20726F75746572732E004192
S2140462982073696E676C65206279746520696E641C
S2140462A869636174696E6720686F77206C6F6E67C0
S2140462B820746865206465766963652073686F75FD
S2140462C86C642068617665207065726D6974206AEE
S2140462D86F696E696E67207475726E6564206F6E7A
S2140462E820666F722E20412076616C7565206F6675
S2140462F82030786666207475726E73206F6E207010
S21404630865726D6974206A6F696E20696E64656665
S214046318696E6974656C792E1F00436865636B73D0
S214046328206E6574776F726B20706A6F696E20735F
S21404633874617475732E0057726974657320746873
S2140463486520657874656E6465642070616E20499E
S2140463584420666F72207468652064657669636590
S2140463682E0065787470616E69641F0052656A6FE2
S214046378696E7320616E206578697374696E672028
S2140463886E6574776F726B20696E2061207365631F
S214046398757265206F7220696E7365637572652001
S2140463A86D616E6E65722077697468206120646911
S2140463B866666572656E74206465766963652074BE
S2140463C87970652E00426F6F6C65616E206E657419
S2140463D8776F726B206B657920617661696C616290
S2140463E8696C6974791F4368616E6E656C206D61AB
S2140463F8736B1F416E20656E756D65726174696F87
S2140464086E20696E6469636174696E672074686572
S21404641820646576696365207479706520746F20D6
S21404642872656A6F696E2061732E5468652073748A
S21404643861636B206F6E6C79206163636570747337
S21404644820534C5F5A49474245455F454E445F448E
S214046458455649434520616E6420534C5F5A494764
S2140464684245455F534C454550595F454E445F4445
S21404647845564943452E1F0052654A6F696E732078
S21404648861206E6574776F726B2E00426F6F6C6551
S214046498616E206E6574776F726B206B6579206108
S2140464A87661696C6162696C6974791F4368616EA8
S2140464B86E656C206D61736B1F004C656176657341
S2140464C82061206E6574776F726B2E005475726E39
S2140464D873207065726D6974206A6F696E696E6779
S2140464E8206F6E20666F722074686520616D6F7504
S2140464F86E74206F662074696D6520696E646963BE
S214046508617465642E00412073696E676C65206249
S21404651879746520696E6469636174696E67206856
S2140465286F77206C6F6E672074686520646576697B
S21404653863652073686F756C64206861766520707F
S21404654865726D6974206A6F696E696E6720747502
S214046558726E206F6E20666F722E20412076616CF4
S2140465687565206F662030786666207475726E735B
S214046578207065726D6974206A6F696E20696E642E
S2140465886566696E6974656C792E1F004A6F696E54
S214046598732061206E6574776F726B206F6E20614E
S2140465A820676976656E206368616E6E656C2C205C
S2140465B877697468206120676976656E2054582068
S2140465C8506F77657220616E642050414E204944AE
S2140465D82E00546865206368616E6E656C206F6E65
S2140465E820776869636820746F206A6F696E207400
S2140465F86865206E6574776F726B1F4F6E652D62C3
S214046608797465207369676E65642076616C756550
S21404661820696E6469636174696E672074686520AE
S214046628545820506F7765722074686174207468B3
S2140466386520726164696F2073686F756C64206284
S214046648652073657420746F1F5468652050414E26
S214046658204944206F6E20776869636820746F2029
S2140466686A6F696E20746865206E6574776F726BDE
S2140466781F00466F726D732061206E6574776F72A3
S2140466886B206F6E206120676976656E206368618B
S2140466986E6E656C2C20776974682061206769764D
S2140466A8656E20545820506F77657220616E64209A
S2140466B850414E2049442E00546865206368616E34
S2140466C86E656C206F6E20776869636820746F2027
S2140466D8666F726D20746865206E6574776F726B6A
S2140466E81F4F6E652D62797465207369676E6564DD
S2140466F82076616C756520696E6469636174696E79
S214046708672074686520545820506F776572207423
S2140467186861742074686520726164696F207368A0
S2140467286F756C642062652073657420746F1F54DB
S21404673868652050414E204944206F6E207768696A
S214046748636820746F20666F726D20746865206EA7
S2140467586574776F726B1F005468697320696E6975
S21404676874696174657320612054434C4B207570BA
S214046778646174652070726F6365647572652E0053
S214046788537065636966792074686520616D6F75F2
S2140467986E74206F662074696D6520746F20776147
S2140467A86974206166746572206F6E652054434C64
S2140467B84B20757064617465206F706572617469C6
S2140467C86F6E20636F6D706C6574657320626566A2
S2140467D86F726520626567696E6E696E67206120F0
S2140467E86E65772054434C4B20757064617465203D
S2140467F86F7065726174696F6E2E005468652061E7
S2140468086D6F756E74206F662074696D6520626599
S214046818747765656E2073756273657175656E74D5
S2140468282074727573742063656E746572206C695F
S2140468386E6B206B65792075706461746573206966
S2140468486E206D696C6C697365636F6E64731F0084
S214046858536574206F7220636C656172207374616B
S21404686879206177616B65207768656E206E6F7432
S214046878206A6F696E656400536574206F722063BE
S2140468886C65617220666F726365206177616B65FB
S21404689800446973706C61792074686520736C654C
S2140468A865702073746174757300464F522054459E
S2140468B85354494E4720505552504F534553202D54
S2140468C8206761746865722074696D696E67206DE7
S2140468D865747269637320666F72207265706F726E
S2140468E874696E67207461626C65206F7065726186
S2140468F874696F6E732E00436C65617273207468D6
S21404690865206C617374207265706F727420746984
S2140469186D65206F66206174747269627574657338
S2140469282E00416464732061206E657720656E745A
S214046938727920746F20746865207265706F72743B
S214046948207461626C652E00546865206C6F636100
S2140469586C20656E64706F696E742066726F6D2045
S21404696877686963682074686520617474726962FC
S214046978757465206973207265706F727465641F18
S21404698854686520636C75737465722077686572DD
S214046998652074686520617474726962757465200C
S2140469A86973206C6F63617465641F546865204955
S2140469B844206F6620746865206174747269627511
S2140469C87465206265696E67207265706F72746597
S2140469D8641F3020666F7220636C69656E742D734D
S2140469E86964652061747472696275746573206F6E
S2140469F872203120666F72207365727665722D7305
S214046A0869646520617474726962757465731F5469
S214046A186865206D696E696D756D207265706F7234
S214046A2874696E6720696E74657276616C2C206D65
S214046A386561737572656420696E207365636F6E2D
S214046A4864732E1F546865206D6178696D756D20B2
S214046A587265706F7274696E6720696E7465727693
S214046A68616C2C206D6561737572656420696E208F
S214046A787365636F6E64732E1F546865206D696E44
S214046A88696D756D206368616E676520746F207420
S214046A9868652061747472696275746520746861C7
S214046AA8742077696C6C20726573756C7420696ED3
S214046AB82061207265706F7274206265696E672043
S214046AC873656E742E1F0052656D6F76657320614C
S214046AD86E20656E7472792066726F6D20746865B0
S214046AE8207265706F7274207461626C652E00542F
S214046AF8686520696E646578206F6620746865200A
S214046B087265706F727420746F2062652072656D8A
S214046B186F7665641F00436C6561727320616C6CE4
S214046B2820656E74726965732066726F6D2074686A
S214046B3865207265706F7274207461626C652E00CD
S214046B485072696E747320746865207265706F720B
S214046B5874207461626C652E0057697065732061D1
S214046B686C6C206461746120696E20746865207397
S214046B78746F72616765206465766963652E005074
S214046B8872696E74732061726269747261727920B4
S214046B986279746573206F6620746865204F544163
S214046BA820696D616765206F6E206469736B2E00BB
S214046BB854686520696E646578206F662074686515
S214046BC820696D61676520746F207072696E742021
S214046BD869747320646174611F546865206F6666FF
S214046BE873657420696E746F20746865204F544109
S214046BF820696D61676520746861742077696C6CB8
S214046C08206265207072696E7465641F005072692C
S214046C186E747320696E666F726D6174696F6E2028
S214046C2861626F7574207468652073746F72616727
S214046C3865206465766963652E0052656C6F6164C9
S214046C48207468652073746F72616765206465765E
S214046C586963652E0044656C65746573207468659D
S214046C6820696D6167652061742074686520737097
S214046C786563696669656420696E6465782E005480
S214046C88686520696E64657820617420776869632E
S214046C986820746F20626567696E2064656C657425
S214046CA8696E672074686520696D6167651F0050A2
S214046CB872696E74732074686520696D616765739C
S214046CC82E00456E61626C6573204F544120646FD4
S214046CD8776E6772616465732E0044697361626CCB
S214046CE86573204F544120646F776E6772616465DC
S214046CF8732E0053656E647320616E205570677238
S214046D08616465456E645265717565737420746F45
S214046D1820616E204F5441207365727665722E008A
S214046D2843616E206265207573656420746F206401
S214046D38796E616D6963616C6C79207475726E2006
S214046D486F66662073656E64696E67207061676532
S214046D58207265717565737473206F6E2074686528
S214046D6820636C69656E7420736964652C20696693
S214046D78207468652073657276657220646F65731F
S214046D886E277420737570706F72742074686973D4
S214046D9820666561747572652E00426F6F6C656156
S214046DA86E2076616C7565207475726E696E6720E0
S214046DB86F6E20283129206F72206F66662028306F
S214046DC82920746865207061676520726571756529
S214046DD8737420666C61671F0053656E6473206164
S214046DE86E20696D61676520626C6F636B207265DF
S214046DF8717565737420666F7220612066696C65A8
S214046E0820746865207365727665722073686F757A
S214046E186C64206E6F7420686176652E2020546535
S214046E287374206861726E657373206F6E6C792054
S214046E382874657374206361736520392E352E367D
S214046E48202D204D697373696E672046696C652921
S214046E58005072696E747320696E666F726D617421
S214046E68696F6E206F6E207468652063757272652C
S214046E786E74207374617465206F66207468652068
S214046E884F544120636C69656E7420646F776E6C2A
S214046E986F61642E0053746F707320746865204F96
S214046EA85441207374617465206D616368696E6506
S214046EB82E0053746172747320746865204F5441AD
S214046EC820636C69656E74207374617465206D61E3
S214046ED86368696E652E20546865207374617465EA
S214046EE8206D616368696E6520646973636F76658F
S214046EF8727320746865204F5441207365727665F2
S214046F08722C207175657269657320666F72206EBF
S214046F18657720696D616765732C20646F776E6C7E
S214046F286F6164732074686520696D616765732092
S214046F38616E6420776169747320666F7220746862
S214046F48652073657276657220636F6D6D616E6415
S214046F5820746F20757067726164652E00507269BC
S214046F686E747320746865206D616E7566616374EB
S214046F78757265722049442C20496D6167652054F2
S214046F887970652049442C20616E642056657273B6
S214046F98696F6E20696E666F726D6174696F6E20B4
S214046FA874686174206172652075736564207768F7
S214046FB8656E2061207175657279206E6578742017
S214046FC8696D6167652069732073656E7420746FD4
S214046FD820746865207365727665722062792074F9
S214046FE8686520636C69656E742E00506572666FFA
S214046FF8726D73207369676E617475726520766541
S21404700872696669636174696F6E206F6E2074684E
S2140470186520696D616765206174207468652073EE
S214047028706563696669656420696E6465782E00B0
S21404703854686520696E6465782061742077686989
S214047048636820746F20626567696E207665726966
S2140470586669636174696F6E206F6620746865205C
S214047068696D6167651F00426F6F746C6F61647346
S2140470782074686520696D6167652061742074688A
S214047088652073706563696669656420696E6465FE
S214047098782062792063616C6C696E672074686511
S2140470A8204F544120626F6F746C6F616420636173
S2140470B86C6C6261636B2E0054686520696E646547
S2140470C87820617420776869636820746F20626525
S2140470D867696E20626F6F746C6F6164696E67208F
S2140470E874686520696D6167651F005072696E74FF
S2140470F87320696E666F2061626F757420746865A4
S21404710820696E7374616C6C656420626F6F746C4E
S2140471186F616465722E005375627472616374736A
S2140471282061206368616E6E656C2066726F6D20E0
S21404713865697468657220746865207072696D6123
S2140471487279206F72207365636F6E64617279203A
S2140471586368616E6E656C206D61736B206F662064
S214047168746865206E6574776F726B2D73746565C5
S21404717872696E6720636F6D706F6E656E742E002D
S214047188546865206368616E6E656C206D61736B08
S21404719820746F20737562747261637420746865F2
S2140471A8206368616E6E656C2066726F6D1F546826
S2140471B865206368616E6E656C20746F20737562F3
S2140471C8747261637420746865206D61736B2066DD
S2140471D8726F6D1F00416464732061206368616E7A
S2140471E86E656C20746F20656974686572207468AF
S2140471F865207072696D617279206F722073656399
S2140472086F6E64617279206368616E6E656C206D5A
S21404721861736B206F6620746865206E6574776F7B
S214047228726B2D7374656572696E6720636F6D7013
S2140472386F6E656E742E00546865206368616E6EA2
S214047248656C206D61736B20746F206164642061C3
S214047258206368616E6E656C20746F1F54686520C1
S2140472686368616E6E656C20746F20616464207454
S2140472786F20746865206D61736B1F0053657473A3
S2140472882065697468657220746865207072696D13
S214047298617279206F72207365636F6E64617279A8
S2140472A8206368616E6E656C206D61736B2E005486
S2140472B86865206368616E6E656C206D61736B200B
S2140472C8746F2073756274726163742074686520C1
S2140472D86368616E6E656C2066726F6D1F546865B0
S2140472E82076616C756520746F20736574207468E5
S2140472F865206368616E6E656C206D61736B2074BF
S2140473086F2E1F0053657473207468652070726549
S2140473182D636F6E66696775726564206B65792080
S214047328736F207468617420746865206A6F696E68
S214047338696E67206465766963652063616E206597
S2140473486E74657220746865206E6574776F726BE8
S2140473582E00536574732074686520707265636FB5
S2140473686E66696775726564206B65791F00537469
S2140473786F707320746865206E6574776F726B20FF
S2140473887374656572696E672070726F636573736C
S2140473982E0053746172747320746865206E657465
S2140473A8776F726B207374656572696E6720707286
S2140473B86F636573732E0041206D61736B206F666F
S2140473C8206F7074696F6E7320666F7220696E64BE
S2140473D869636174696E6720737065636966696357
S2140473E8206265686176696F722077697468696E69
S2140473F820746865206E6574776F726B2D73746578
S2140474086572696E672070726F636573732E1F00EA
S214047418446973706C617973207468652063757247
S21404742872656E7420737461747573206F66207445
S2140474386865206E6574776F726B20737465657201
S214047448696E672070726F636573732E00436C658C
S214047458617273207468652067726F757073207420
S21404746861626C65206F6E20657665727920656E3C
S21404747864706F696E74005072696E747320696EF6
S214047488666F726D6174696F6E2061626F757420C1
S21404749874686520636F6E74656E7473206F6620F7
S2140474A87468652067726F757073207461626C65A2
S2140474B82E004172746966696369616C6C7920642C
S2140474C8726F70732074686520626C6F636B206ECD
S2140474D8756D62657220646566696E656420627996
S2140474E820746865207061737365642061726775BB
S2140474F86D656E74206F6E6C79206F6E63652C20D4
S214047508616E64207468656E20616C6C6F77732096
S21404751869742075706F6E20612072657472792E96
S2140475280054686520626C6F636B206E756D6265C7
S2140475387220746F206172746966696369616C6C21
S214047548792064726F7020746F20666F726365208A
S21404755861207265747279202D2073657420746FA7
S214047568203078464620746F2064697361626C65BF
S2140475781F005365747320746865207265636569B3
S21404758876652077696E646F772073697A652E202E
S21404759820427920646566696E6974696F6E20692D
S2140475A86E2074686520536D61727420456E65722A
S2140475B867792070726F66696C65206974206D75CA
S2140475C873742062652073657420746F203120629A
S2140475D87574207468697320616C6C6F777320699E
S2140475E87420746F206265206368616E6765642E14
S2140475F800546865206D6178206E756D626572202A
S2140476086F662074686520626C6F636B732072659E
S214047618636569766564206265666F726520616E67
S214047628204150532061636B2069732067656E653B
S21404763872617465641F004D616B657320746869B4
S21404764873206E6F64652073746172742069646550
S2140476586E74696679696E67206173206120746147
S2140476687267657420666F722062696E64696E67F5
S214047678207769746820616E20696E69746961741C
S2140476886F72206E6F64652E0054686520656E649C
S214047698706F696E74206F6E2077686963682074EB
S2140476A86F20626567696E207468652046696E6433
S2140476B8696E6720616E642042696E64696E67202D
S2140476C87461726765742070726F636573731F00E4
S2140476D84D616B65732074686973206E6F646520EA
S2140476E873746172742074686520696E697469615C
S2140476F8746F722070617274206F662074686520D7
S21404770866696E64696E6720616E642062696E6479
S214047718696E672070726F636573732E00546865AC
S21404772820656E64706F696E74206F6E2077686962
S214047738636820746F20626567696E2074686520C4
S21404774846696E64696E6720616E642042696E6479
S214047758696E6720696E69746961746F72207072E5
S2140477686F636573731F0053657473207768657455
S2140477786865722074686520434C4920666F726396
S2140477886573207468652064657669636520746F1C
S2140477982073686F727420706F6C6C2E0054686562
S2140477A82076616C756520696E6469636174696EB8
S2140477B867207768657468657220746865206465F0
S2140477C8766963652073686F756C642073686F7276
S2140477D87420706F6C6C1F0053657473207768652B
S2140477E87468657220746865206465766963657371
S2140477F820706F6C6C20636F6D706C6574656420A4
S21404780863616C6C6261636B2066756E6374696F22
S2140478186E20697320656E61626C65642E00546818
S214047828652076616C756520696E64696361746940
S2140478386E67207768657468657220746865206466
S21404784865766963657320706F6C6C20636F6D7002
S2140478586C657465642063616C6C6261636B206636
S214047868756E6374696F6E20697320656E61626CE9
S21404787865641F00446973706C6179732074686565
S21404788820737461747573206F6620746865204568
S2140478986E64204465766963657320706F6C6C69E2
S2140478A86E672E00456E61626C652F64697361624B
S2140478B86C6520646562756720606C6567616379CA
S2140478C820617070206672616D65776F726B2064D4
S2140478D86562756760207072696E74207479706565
S2140478E82E00456E61626C652F64697361626C650F
S2140478F81F00456E61626C652F64697361626C650E
S21404790820646562756720607A636C6020707269AB
S2140479186E7420747970652E00456E61626C652FEE
S21404792864697361626C652064656275672060616A
S214047938707060207072696E7420747970652E0099
S214047948456E61626C652F64697361626C65206458
S214047958656275672060636F726560207072696E11
S2140479687420747970652E00456E61626C652F64A8
S214047978697361626C6520646562756720607374F8
S21404798861636B60207072696E7420747970652EFA
S2140479980053656E6473206120726571756573742F
S2140479A820666F72204F544120636F756E7465723B
S2140479B8732E0052657365747320616C6C2074684A
S2140479C8726573686F6C64732076616C7565732072
S2140479D8746F203078464646462E005365747320E6
S2140479E861207468726573686F6C642076616C7560
S2140479F86520666F72206120706172746963756CA5
S214047A0861722074797065206F6620636F756E7472
S214047A1865722E0054797065206F6620636F756EE4
S214047A287465721F5468726573686F6C6420566157
S214047A386C75651F005072696E74732074686520CF
S214047A487468726573686F6C6473206F6620616C03
S214047A586C2074686520636F756E746572732E0087
S214047A68436C6561727320616C6C20636F756E7409
S214047A7865722076616C7565732E005072696E7433
S214047A887320616C6C20636F756E74657220766102
S214047A986C7565732E005072696E7473207468650D
S214047AA82076616C7565206F66207468697320702B
S214047AB86172746963756C617220636F756E746540
S214047AC8722E0054686520636F756E746572207430
S214047AD879706520746F207072696E741F00507216
S214047AE8696E747320616C6C20636F756E7465724E
S214047AF82076616C75657320616E6420636C6561BD
S214047B087273207468656D2E00536574204D46475D
S214047B1820746F6B656E2C2043414E4E4F542042A2
S214047B284520554E53455420425920434C492E006F
S214047B385072696E74204D464720746F6B656E2EBE
S214047B48005072696E742061637469766520657680
S214047B58656E74732E0044697361626C652074687C
S214047B686520656E64706F696E7420666F72205A3D
S214047B78434C206D657373616765732E00456E64A8
S214047B88706F696E7420696E6465781F00456E614F
S214047B98626C65732074686520656E64706F696EC0
S214047BA87420666F72205A434C206D657373616740
S214047BB865732E005072696E7420737461747573DD
S214047BC8206F6620656E64706F696E74732E00533A
S214047BD8686F7773207468652076657273696F6E4C
S214047BE8206F662074686520736F667477617265A3
S214047BF82E005365742074686520636F6E66696723
S214047C0875726564203830322E31352E342043435D
S214047C1841206D6F646520696E2074686520726102
S214047C2864696F2E2053656520646F63756D656E91
S214047C38746174696F6E20726567617264696E67D1
S214047C48205241494C5F4945454538303231353430
S214047C585F4363614D6F64655F742E004120524133
S214047C68494C5F494545453830323135345F4363BE
S214047C78614D6F64655F742076616C75651F00528C
S214047C88657475726E732050544920726164696F06
S214047C9820636F6E66696720696E666F726D6174BD
S214047CA8696F6E20746F2064657465726D696E659D
S214047CB82074686520504859207479706520626578
S214047CC8696E672075736564206279205241494C51
S214047CD82E2072657475726E2076616C75652069DF
S214047CE87320656E756D205241494C5F494545457C
S214047CF83830323135345F507469526164696F4381
S214047D086F6E6669675F7420652E67202052414946
S214047D184C5F494545453830323135345F5054490F
S214047D285F524144494F5F434F4E4649475F32507E
S214047D383447485A203D203078303055205241493F
S214047D484C5F494545453830323135345F505449DF
S214047D585F524144494F5F434F4E4649475F32504E
S214047D683447485A5F414E54444956203D2030789B
S214047D78303155205241494C5F49454545383032E3
S214047D883135345F5054495F524144494F5F434F3D
S214047D984E4649475F32503447485A5F434F455822
S214047DA8203D203078303255205241494C5F4945B1
S214047DB845453830323135345F5054495F52414472
S214047DC8494F5F434F4E4649475F32503447485AF7
S214047DD85F414E544449565F434F4558203D203032
S214047DE8783033550053656E64732061207265617C
S214047DF864206174747220666F72207468652074D7
S214047E08696D65206F6620746865206465766963A5
S214047E1865207370656369666965642E20497420F5
S214047E2873657473206120666C616720736F2077AE
S214047E3868656E20697420676574732074686520A5
S214047E48726573706F6E73652069742077726974CF
S214047E586573207468652074696D6520746F20697D
S214047E687473206F776E2074696D652061747472FC
S214047E782E0049641F737263456E64706F696E746E
S214047E881F64657374456E64706F696E741F00575B
S214047E9868656E2073656E64696E67207573696EAF
S214047EA86720612062696E64696E672C207370654A
S214047EB863696669657320776865746865722061A6
S214047EC8206D756C7469636173742062696E646985
S214047ED86E672073686F756C6420626520757365B9
S214047EE8642E007573654D756C74696361737442AA
S214047EF8696E64696E671F0053656E64732061203B
S214047F087072652D6275666665726564206D756C3B
S214047F18746963617374206D65737361676520742F
S214047F286F206120676976656E2067726F757020AA
S214047F3849442066726F6D206120676976656E20F5
S214047F48656E64706F696E742E0067726F7570491B
S214047F58641F7372632D656E64706F696E741F0098
S214047F68437265617465732061206D657373616718
S214047F78652062792073706563696679696E67201F
S214047F88746865207261772062797465732E20554B
S214047F987365207468652073656E6420636F6D6D01
S214047FA8616E6420746F2073656E6420746865203F
S214047FB86D657373616765206F6E636520697420E9
S214047FC8686173206265656E2063726561746564B2
S214047FD82E2045783A207261772030783030304643
S214047FE8207B30302030412030302031312032326E
S214047FF82033332034342035357D2073656E64731E
S2140480082061206D65737361676520746F20636CE7
S21404801875737465722031352028307830303046D0
S21404802829206F66206C656E677468203820776828
S21404803869636820696E636C756465732074686523
S214048048205A434C206865616465722E00436C753B
S2140480587374657249641F446174611F00526573C2
S21404806865747320746865206E6F64652E00577295
S214048078697465732061206D6573736167652E0086
S214048088456E64706F696E741F436C75737465729D
S2140480982049441F417474726962757465204944A2
S2140480A81F4D61736B1F4461746120747970651F7A
S2140480B84461746120627974651F00526561647353
S2140480C82061206D6573736167652E00456E647064
S2140480D86F696E741F436C75737465722049441F08
S2140480E84174747269627574652049441F31206945
S2140480F8662073657276657220646972656374694E
S2140481086F6E2C203020696620636C69656E742057
S214048118646972656374696F6E1F0053656E647371
S2140481282061206D6573736167652E0044657374FA
S214048138696E6174696F6E1F536F75726365206527
S2140481486E64706F696E741F44657374696E6174C7
S214048158696F6E20656E64706F696E741F00536F66
S2140481687572636520656E64706F696E741F004C63
S21404817869737473207768696368206F7074696FAD
S2140481886E616C206C6962726172696573206F66D1
S2140481982074686520737461636B20617265206956
S2140481A86D706C656D656E746564206F6E2074689A
S2140481B86973206465766963652E005072696E7407
S2140481C87320696E666F726D6174696F6E20616282
S2140481D86F757420746865206E6574776F726B208B
S2140481E873746174652C20636C7573746572732C70
S2140481F820616E6420656E64706F696E74732E00F9
S2140482086F66667365741F005072696E74732069AE
S2140482186E666F726D6174696F6E20666F72206128
S2140482286C6C20617661696C61626C6520736C6F36
S21404823874732E00526561647320726177206461DA
S21404824874612066726F6D20666C6173682073743F
S2140482586F726167652E0041646472657373207477
S2140482686F20726561641F4E756D626572206F6655
S21404827820627974657320746F20726561641F00C8
S2140482885072696E747320666C6173682073746FB9
S2140482987261676520696E666F726D6174696F6E68
S2140482A82E00457261736573207468652073706563
S2140482B863696669656420736C6F742049442E008C
S2140482C853746F7261676520736C6F74206E756D76
S2140482D86265721F00426F6F747320746865206944
S2140482E86D61676520696E207468652073706563C0
S2140482F8696669656420736C6F742049442E00436C
S2140483084C4920696E7374616E6365206578616D87
S214048318706C650064756D6D795F696E7374005A68
S214048328434C20636F6D6D616E647300626173699C
S2140483386300676C6F62616C006D66672D636F64BB
S21404834865007573652D6E6578742D73657175652E
S2140483586E636500782D64656661756C742D726548
S214048368737000746573742D726573706F6E7365BD
S2140483782D6F6E00746573742D726573706F6E73EB
S214048388652D6F6666005A434C20626173696320E4
S214048398636C757374657220636F6D6D616E647358
S2140483A8007274666400436F6D6D616E6420746851
S2140483B861742072657365747320616C6C206174D3
S2140483C8747269627574652076616C756573207459
S2140483D86F20666163746F72792064656661756C74
S2140483E8742E005241494C006C6F7765722D6D618E
S2140483F8632D7261696C2D3830322E31352E342E49
S21404840863006C69627261696C2E6100756E636CD8
S21404841861696D6564006275666665722D6D616E68
S2140484286167656D656E742E63006576656E742D7A
S21404843871756575652E63007A69676265652D755D
S214048448707065722D6D61632E63006E656967686A
S214048458626F722E63006173736F63696174696F08
S2140484686E2E6300313832317300313432323100C3
S2140484783132310032730031323231313200313226
S2140484883231310032383100383131003138323146
S21404849831003132313131323132323231730031D6
S2140484A83232003132313132323100313131310039
S2140484B8323238006D61632D6D756C74692D6E6586
S2140484C874776F726B2E63006C65676163792D70C1
S2140484D861636B65742D6275666665722E6300004B
S2140484E8000002000000000000000000BA040000BB
S2140484F80000000000000200000000000000000069
S214048508BA04000000000000000102030E312E31F8
S2140485182E322D62626664666332390001000002F8
S2140485280303010006000000000003000000010029
S21404853813B779FAC925DDB7ADF3CFE0F1B614B8A9
S2140485480102000000000000FFFFFFFF010000001A
S2140485580100000000000000000000000000000009
S21404856800000000000000000000000000000000FA
S21404857800000000000000000000000000000000EA
S214048588073F0300B9480300B548030093480300AF
S21404859861480300F1480300C34803006348030026
S2140485A82C00000002020203000000000000000085
S2140485B86480005068800050000201000009007FB3
S2140485C8FC8504000100000FDC85040000000000A0
S2140485D800000000E1FE59FF8FFFADFFC1FFD0FF8A
S2140485E8DCFFE4FFEBFFF2FFF6FFFAFFFDFF0000F7
S2140485F8030005005500EDFEFF0064001E000000A1
S2140486087F001B0DD063FDFF3600B7034DDAFFFF6E
S2140486181C005901EC3600001100BD00C83B0000E0
S2140486280B0071001435000007004900352C0000C3
S214048638050037000526000003001400FF14000098
S214048648513A040093ED030093ED030093ED030001
S21404865893ED030093ED030093ED030093ED0300FD
S21404866893ED030093ED030093ED030093ED0300ED
S21404867893ED030093ED030093ED030093ED0300DD
S21404868893ED030093ED030093ED030093ED0300CD
S21404869893ED030093ED030093ED030093ED0300BD
S2140486A893ED030093ED030093ED030093ED0300AD
S2140486B8A1ED030093ED0300B6ED030093ED03006C
S2140486C893ED0300DBED030093ED030093ED030045
S2140486D893ED030093ED030003EE030093ED03000C
S2140486E893ED030093ED030093ED03001BEE0300E4
S2140486F893ED030039EE03000103040101010903A5
S2140487080B0000000B000000020000000000202000
S21404871800000000030000008C8C3C0000000000F1
S21404872800000000000000001E0000000A00000010
S2140487381A000000000000581200000030870400E9
S214048748554E4B00474F200042544C00474F3200CA
S214048758474F3300474F3400474F3500474F3600DE
S214048768474F3700474F3800474F3900474F4100B7
S214048778474F4200474F4300474F4400474F450082
S214048788474F46004A4D5000424452005550520046
S21404879842544D004D534D0046544C00554E4B0024
S2140487A8474F200042544C004241440046544C0073
S2140487B8465243004F54410044534C004241500033
S2140487C855504700544D450046415500545A4600F6
S2140487D8554E4B0050494E00454D3400554E4B00FF
S2140487E848562000554E4B00455850004C574D00EF
S2140487F8554E4B005242540044534C00454D3400E9
S214048808554E4B0041535400554E4B00564659009E
S214048818494E4800554E4B004C434B0058544C00A8
S2140488284F424600554E4B00485244004D454D00B5
S214048838425553005553470044424700444D4100AF
S21404884856435400554E4B005550200052502000B5
S214048858415030004150310041502000445020001F
S21404886844454300488704004C870400A487040052
S214048878D8870400E4870400EC870400F88704001B
S21404888808880400108804001C8804002C88040047
S2140488984C880400554E4B004649420042544C004E
S2140488A84558540050575200574447002053570021
S2140488B8435253004653480042414400464C540031
S2140488C842524F000104010303060105010501098C
S2140488D80600060B0000070B050B0000000000004E
S2140488E8000000000400E40C02000104100100006B
S2140488F80005000200000300888B0400848B040033
S214048908708B04006C8B0400688B0400648B040072
S214048918528B0400428B0400288B0400208B04002E
S214048928168B0400148B0400FC8A0400F98A0400DD
S214048938F18A0400E08A0400D08A0400BE8A04008F
S214048948A48A04009C8A0400908A04008C8A040082
S214048958888A04007A8A04006F8A0400568A040007
S2140489683D8A0400E1890400E0890400D0890400F3
S214048978A88904009D8904009C8904008889040049
S21404898800000000000000000000000000000000D6
S214048998000000000F0000000000000000000000B7
S2140489A800000000000000000000000000000000B6
S2140489B800000000000000000000000000000000A6
S2140489C80000000000000000010000000000000095
S2140489D800000000000000000F0000000000000077
S2140489E80000000000000000000000000000000076
S2140489F80000000000000000000000000000000066
S214048A080000000000000000000000000000000055
S214048A180000000000000000000000000000000045
S214048A280000000000000000000000000000000035
S214048A380000000000000000000000000000000025
S214048A480000000000000000000000000000000015
S214048A580000000000000000000000000000000005
S214048A6800000000000000000000000000000000F5
S214048A7800000000000000000000000000000000E5
S214048A880000000000000000FFFFFFFFFFFFFFFFDD
S214048A98FFFF0000000000000000000000000000C7
S214048AA800000000000000000000000000000000B5
S214048AB800000000000000000000000000000000A5
S214048AC80000000000000000000000000000000095
S214048AD80000000000000000000000000000000085
S214048AE8000000000000000000FFFFFFFFFFFFFF7C
S214048AF8FF9C0000FF0000000000000000000000CB
S214048B080000000000000000800000000000FFFFD6
S214048B18FFFFFFFFFFFFFFFF00000000FFFF00004E
S214048B280000000000000000000000000000000034
S214048B3800000000000000000000FFFFFF00000027
S214048B480000000000000000000000000000000014
S214048B580000000000000000000000000000000004
S214048B6800000000000000000000000000000000F4
S214048B7800000000000000000000000000000000E4
S214048B88FC030101010101010101010101010101C7
S214048B9801000000000000010020000000000001A1
S214048BA80100002002041104040211101A080A0223
S214048BB81801081110111A080A04020D0B19195C79
S214048BC80110280B0114000000000000000000003B
S214048BD8000000000001010101010100010101017A
S214048BE8010101000001010100010001010000006B
S214048BF80000000000000000000000000001000063
S214048C0800000000000000000000000001FF010052
S214048C1823E1010075E4010063E2010063E5010055
S214048C2862E1010079EB010064EE010024E1010031
S214048C3825E1010026E1010027E1010028E1010001
S214048C4829E101002AE1010000000100800001007A
S214048C5800010100800101000002010080020100F9
S214048C6820E2010000030100000501008005010060
S214048C78000601002C890100800601000007010097
S214048C8801E5010002E50100000801008008010072
S214048C980040010086321010FFFFFFFFFFFFFFFFB2
S214048CA8C7F60300CDF60300D3F60300D9F603008F
S214048CB8DFF6030056777777777777777777777758
S214048CC8777777775A6967426565416C6C69616E30
S214048CD8636530395A6967426565416C6C69616ECB
S214048CE8636530394E574B205374656572696E67F1
S214048CF8000095969595950507090D000000000057
S214048D080001020304060000450F0400E0220400E4
S214048D18FA22040011230400242304003423040044
S214048D28482304005A2304006A2304008623040004
S214048D389B2304000208010D0D0101011201000025
S214048D48FFFFFFFFFFFFFFFF00000000000000001A
S214048D580109050100020000000000031EF1EE0BE5
S214048D68788D0400DC2F0400513A0400FE0000004D
S214048D78F82F0400D88E0400000000000230040017
S214048D88C88E0400000000000F300400B88E0400EB
S214048D98000000001C300400A88E04000000000038
S214048DA83A300400948E04000000000032300400B8
S214048DB8808E040000000000393004006C8E040025
S214048DC800000000473004005C8E04000000000029
S214048DD8B92E0400488E0400000000004030040049
S214048DE8388E0400000000004C300400248E040072
S214048DF800000000F8F40300148E040000000000CD
S214048E080000000000000000000000002D5D0300C4
S214048E185D3004009A300400010100FF2D22010091
S214048E28C330040008310400010100010107FF00F3
S214048E38E921010055310400C0310400010100FF96
S214048E4829210100E1310400FA310400000101007F
S214048E58FF0000003F5D03001F3204007732040061
S214048E680101FF00275D03008E320400E53204008A
S214048E7801010207FF000000215D03008E32040092
S214048E88E532040001010207FF0000001B5D030031
S214048E988E320400E532040001010207FF000000D8
S214048EA8DD2001000633040045330400010101FFF8
S214048EB87D20010064330400A9330400010000FF88
S214048EC83920010064330400A9330400010000FFBC
S214048ED8C1200100D0330400D631040000FF00008E
S214048EE8155D030025340400F15E0400FF0000004D
S214048EF80F5D030098340400F15E0400FF000000D0
S214048F0819200100073504007C35040000FF000022
S214048F18F11F010094350400F635040000FF000034
S214048F28015D0300073604004D36040002FF000006
S214048F38B91F010056360400CA36040001FF0000B3
S214048F4800000000CA39040011000000D6390400E5
S214048F5812000000DE39040013000000E63904009D
S214048F6821000000EE39040022000000F539040050
S214048F7823000000FC390400AA000000033A040099
S214048F88FF00000000000000FFFFFFFFFFFFFFFFD9
S214048F980000000000000000000001080109020AA1
S214048FA8030B040C050D060E070F0810011801190B
S214048FB8021A031B041C051D061E071F0820012190
S214048FC80222032304240525062607270828012940
S214048FD8022A032B042C052D062E072F08300131F0
S214048FE8023203380239043A08E004E104E204E8E9
S214048FF802E902EA04F008F110000000000000008C
S214049008040500006C90040002000F00949004000D
S21404901802000F00BC90040002000F00E490040055
S21404902802000F000C91040002000F0034910400A3
S21404903802000F005C91040002000F0084910400F3
S21404904802000F00AC91040002000F00D491040043
S21404905802000F00FC91040002000F002492040092
S21404906802000F00000000004C92040003000000F9
S2140490784000000000000000190000007092040080
S21404908804000F008000000000000000000000003C
S2140490984C9204000300000040000000000000009A
S2140490A8190000007092040004000F0080000000FD
S2140490B800000000000000004C92040003000000BA
S2140490C84000000000000000190000007092040030
S2140490D804000F00800000000000000000000000EC
S2140490E84C9204000300000040000000000000004A
S2140490F8190000007092040004000F0080000000AD
S21404910800000000000000004C9204000300000069
S21404911840000000000000001900000070920400DF
S21404912804000F008000000000000000000000009B
S2140491384C920400030000004000000000000000F9
S214049148190000007092040004000F00800000005C
S21404915800000000000000004C9204000300000019
S214049168400000000000000019000000709204008F
S21404917804000F008000000000000000000000004B
S2140491884C920400030000004000000000000000A9
S214049198190000007092040004000F00800000000C
S2140491A800000000000000004C92040003000000C9
S2140491B8400000000000000019000000709204003F
S2140491C804000F00800000000000000000000000FB
S2140491D84C92040003000000400000000000000059
S2140491E8190000007092040004000F0080000000BC
S2140491F800000000000000004C9204000300000079
S21404920840000000000000001900000070920400EE
S21404921804000F00800000000000000000000000AA
S2140492284C92040003000000400000000000000008
S214049238190000007092040004000F00800000006B
S21404924800000000000020012000000008000000C4
S2140492580400422130000000E492040000FF4200AB
S21404926830000000000000000000F0084000000085
S2140492780593040001002304400000000D93040035
S214049288060030014000000000000000FDFF210237
S2140492984000000001000000190000041900010144
S2140492A8190002041900030119000504190006012F
S2140492B81900070404004100954201000600410015
S2140492C83565030019008100855F010019008400D4
S2140492D8116A010000800000000000000643555390
S2140492E8544F4D000000000000000000000000007D
S2140492F800000000000000000000000000FFFFFF60
S214049308FFFFFFFFFFFFFFFFFF0004010401040146
S2140493180401040104010401040104010401040114
S2140493280401FFFFFFFFFFFFFFFFFFFFFFFFFFFF35
S214049338FFFFFFFFFFFFFFFFFFFF00010203040517
S214049348060708090A0B1F1C1F1E1F1E1F1F1E1FA9
S2140493581E1F07021F012F0037013F005701DF02B7
S214049368E700FF0200000000000000000000000004
S21404937800000000000000000000000000000000DC
S2140493880000000000000000694004001900000006
S2140493986F400400FFFF0000000000003A4104008C
S2140493A845410400513A04004D4104005B41040061
S2140493B8513A04006E4104007941040087410400D0
S2140493C88B4104009B4104004D100400AB4104008B
S2140493D8AF410400BA410400C4410400CE4104006D
S2140493E8D2410400E0410400F44104000A420400A7
S2140493F800800000000000000000000000000000DC
S214049408FFFFFFFFFF000000000000000000000050
S21404941800000000000000400000000001000000FA
S21404942841F0010000000000000000000000F03FCA
S214049438000000000000244000000000000059401E
S2140494480000000000408F40000000000088C34071
S21404945800000000006AF8400000000080842E41E6
S21404946800000000D01263410000000084D7974132
S2140494780000000065CDCD41C6130400ECAA040024
S21404948800000000304B0400DCAA040000000000C2
S214049498354B0400CCAA040000000000364B040038
S2140494A8BCAA04000000000047300400A8AA040070
S2140494B8000000003A30040094AA040000000000EB
S2140494C83B4B040084AA040000000000414B04003F
S2140494D874AA040000000000454B040064AA0400B3
S2140494E800000000544B040054AA040000000000C6
S2140494F8714B040044AA0400000000007A4B0400E0
S21404950834AA0400000000008F4B040024AA0400B8
S214049518000000008821040014AA040000000000CB
S2140495289F4B0400D4A9040000000000A54F0400C3
S21404953830A1040000000000523F0400F0A004001C
S21404954800000000A64B040030A004000000000041
S214049558AF4B0400349F040000000000BC4B04001A
S214049568DC9A040000000000D8410400B499040002
S21404957800000000C34B0400B49904000100000076
S214049588C74B04007499040000000000CC4B040088
S214049598389804000000000085EE0300389804009C
S2140495A801000000BC4B0400DC9A04000000000024
S2140495B8D34B0400DC9A040001000000D84B0400D6
S2140495C80498040000000000E24B04000498040019
S2140495D801000000EA4B0400349604000000000072
S2140495E8FDF50300009604000000000000000000DB
S2140495F8000000000000000010960400EE4B040073
S214049608513A0400FE000000064C0400D8A10400E9
S214049618000000007A500400C8A1040000000000FE
S214049628000000000000000000000000449604004B
S2140496380B4C0400513A0400FE000000214C0400C0
S21404964858A3040000000000274C040048A30400A4
S214049658000000002D4C040038A30400000000009D
S214049668364C040028A304000000000037F3030067
S21404967818A304000000000041F10300E0A204005F
S214049688000000004FFA0300CCA20400000000000B
S214049698404C0400BCA20400000000003CF6030092
S2140496A8ACA2040000000000454C04009CA2040080
S2140496B8000000004C4C04008CA2040000000000CB
S2140496C8E80404007CA2040000000000514C0400D6
S2140496D8D097040000000000584C04007897040053
S2140496E800000000604C04004497040000000000DA
S2140496F86C4C0400109704000000000000000000F2
S214049708000000000000000020970400774C0400C6
S214049718513A0400FE000000C10A0400F8A104003F
S214049728000000001F2C0400E8A10400000000004C
S2140497380000000000000000000000005497040029
S214049748984C0400513A0400FE000000C10A0400C4
S21404975818A20400000000001F2C040008A204003D
S21404976800000000000000000000000000000000E8
S21404977888970400BA4C0400513A0400FE0000001E
S214049788D84C040068A2040000000000C951040074
S21404979858A2040000000000E74C040048A2040095
S2140497A800000000EC4C040038A20400000000008E
S2140497B8F34C040028A20400000000000000000087
S2140497C80000000000000000E0970400F84C0400C5
S2140497D8513A0400FE000000830A040004A30400AF
S2140497E800000000154D0400F0A20400000000006C
S2140497F800000000000000000000000014980400A8
S2140498081D4D0400513A0400FE000000394D0400C2
S21404981898A3040000000000D841040088A30400AC
S2140498280000000000000000000000000000000027
S214049838489804003E4D0400513A0400FE00000017
S214049848574D040048A40400000000004407040020
S21404985838A4040000000000604D040028A4040096
S21404986800000000394D040078A30400000000003E
S214049878654D040068A3040000000000724D04004F
S2140498883499040000000000804D04000099040088
S214049898000000008E4D0400C0980400000000007C
S2140498A8A64B040030A004000000000000000000DE
S2140498B80000000000000000D0980400974D040043
S2140498C8513A0400FE0000007983040018A404003A
S2140498D8000000008A83040008A4040000000000B6
S2140498E8751B0400F8A30400000000000000000034
S2140498F8000000000000000010990400B54D0400A4
S214049908513A0400FE000000DF4D040068A4040079
S21404991800000000603C040058A404000000000096
S2140499280000000000000000000000004499040045
S214049938E64D0400513A0400FE000000FDF503005D
S2140499489CA40400000000001F2C04008CA404003F
S21404995800000000C951040078A4040000000000B8
S21404996800000000000000000000000084990400C5
S214049978064E0400513A0400FE000000FDF50300FC
S214049988CCA4040000000000264E0400BCA4040076
S214049998000000001F2C0400ACA404000000000013
S2140499A8000000000000000000000000C499040045
S2140499B82D4E0400513A0400FE000000474E0400F1
S2140499C800A60400000000000F0C0400F0A5040024
S2140499D8000000007A4E0400E0A504000000000021
S2140499E837F30300D0A504000000000048F3030082
S2140499F8C0A50400000000004C4E0400B0A50400F6
S214049A0800000000644E0400A0A504000000000046
S214049A186D4E040090A5040000000000744E040077
S214049A2880A5040000000000804E040050A5040031
S214049A3800000000C951040040A50400000000000E
S214049A488F4E040030A5040000000000341C0400F7
S214049A5820A5040000000000944E040010A504008D
S214049A6800000000AB4E040000A50400000000003F
S214049A78BF4E0400ECA4040000000000CF4E04000F
S214049A88DCA4040000000000DE4E0400A89A0400CB
S214049A9800000000000000000000000000000000B5
S214049AA8B89A0400E34E0400513A0400FE0000008D
S214049AB8FA4E040070A5040000000000034F0400DA
S214049AC860A504000000000000000000000000007C
S214049AD800000000EC9A0400513A0400513A0400CD
S214049AE8FE0000000A4F040070A1040000000000F5
S214049AF8174F0400B49F040000000000204F040021
S214049B08F49E040000000000334F0400C09E0400C6
S214049B1800000000414F04008C9E04000000000072
S214049B284F4F0400589E0400000000005D4F0400D8
S214049B38C09D0400000000006E4F0400989D0400B9
S214049B48000000007B4F0400F89C0400000000009E
S214049B58864F0400A09C040000000000994F0400EF
S214049B68789C0400000000002B2F0400149C0400BA
S214049B7800000000AC4F0400D49B04000000000062
S214049B88B74F0400A09B040000000000000000007B
S214049B980000000000000000B09B0400CA4F040048
S214049BA8513A0400FE000000EE4F040020A604000C
S214049BB800000000F44F040010A604000000000093
S214049BC8000000000000000000000000E49B040001
S214049BD8F84F0400513A0400FE000000310C04005B
S214049BE850A60400000000002A50040040A6040002
S214049BF8000000003650040030A6040000000000F0
S214049C08000000000000000000000000249C04007F
S214049C184C500400513A0400FE000000FDF5030011
S214049C28B4A60400000000001F2C0400A4A6040028
S214049C3800000000252C040094A604000000000080
S214049C48C10A040080A6040000000000685004004E
S214049C5870A60400000000007F50040060A60400FC
S214049C6800000000000000000000000000000000E3
S214049C78889C04008B500400513A0400FE0000003F
S214049C88B0500400C4A60400000000000000000051
S214049C980000000000000000B09C0400B55004005A
S214049CA8513A0400FE000000D950040014A704002A
S214049CB800000000264E040004A70400000000006C
S214049CC8E5500400F4A6040000000000EC5004006C
S214049CD8E4A6040000000000F9500400D4A604001A
S214049CE80000000000000000000000000000000063
S214049CF8089D040004510400513A0400FE000000C4
S214049D08724F0400C4A70400000000002151040098
S214049D18B4A7040000000000C6130400A4A70400A7
S214049D2800000000F422040094A7040000000000C9
S214049D38D94E040084A7040000000000310C040077
S214049D4874A70400000000002851040064A7040057
S214049D58000000003351040054A70400000000006B
S214049D684051040044A704000000000050510400B9
S214049D7834A70400000000006351040024A704006C
S214049D8800000000000000000000000000000000C2
S214049D98A89D040075510400513A0400FE00000012
S214049DA8C6130400D4A70400000000000000000046
S214049DB80000000000000000D09D04009351040039
S214049DC8513A0400FE000000310C040044A80400C4
S214049DD800000000F422040034A804000000000078
S214049DE8D94E040024A8040000000000B65104005C
S214049DF814A8040000000000E24C0400189E0400A6
S214049E080000000000000000000000000000000041
S214049E18289E0400CD510400513A0400FE000000B8
S214049E28C951040004A8040000000000C10A040084
S214049E38F4A7040000000000E3510400E4A70400AB
S214049E480000000000000000000000000000000001
S214049E58689E0400EC510400513A0400FE00000019
S214049E68FDF5030064A80400000000001F2C04008D
S214049E7854A80400000000000000000000000000D1
S214049E88000000009C9E04000C520400513A040092
S214049E98FE0000002C52040084A804000000000001
S214049EA83F52040074A804000000000000000000EC
S214049EB80000000000000000D09E04005552040074
S214049EC8513A0400FE00000075520400A4A80400D9
S214049ED8000000004407040094A8040000000000E2
S214049EE8000000000000000000000000049F0400BA
S214049EF87F520400513A0400FE000000310C0400AE
S214049F08D4A8040000000000A4520400C4A8040056
S214049F1800000000BC520400B4A8040000000000BE
S214049F28000000000000000000000000449F040039
S214049F38513A0400513A0400FE000000CD520400D1
S214049F485C9F040000000000000000000000000001
S214049F58000000006C9F0400513A0400513A0400C3
S214049F68FE000000D952040024A9040000000000E2
S214049F78C941040014A9040000000000DF520400CC
S214049F8804A9040000000000E3520400F4A8040036
S214049F9800000000E7520400E4A8040000000000E3
S214049FA8000000000000000000000000C49F040039
S214049FB8F7520400513A0400FE000000FDF50300C1
S214049FC8A4A90400000000001253040094A9040085
S214049FD8000000002553040084A9040000000000C3
S214049FE81F2C040074A90400000000003253040067
S214049FF864A90400000000004353040054A90400A4
S21404A008000000005153040044A9040000000000A6
S21404A0186253040034A90400000000000000000095
S21404A028000000000000000040A004006F53040075
S21404A038513A0400FE00000089530400C8A3040033
S21404A04800000000BC530400B8A30400000000008D
S21404A058F7530400A8A30400000000000E540400EC
S21404A068BCA00400000000001854040088A00400E3
S21404A07800000000000000000000000000000000CF
S21404A08898A004001C540400513A0400FE00000082
S21404A09879830400E8A30400000000008A8304000F
S21404A0A8D8A3040000000000000000000000000020
S21404A0B800000000CCA004003B540400513A0400FD
S21404A0C8FE0000005C070400C4A9040000000000A9
S21404A0D8C9510400B4A904000000000000000000F0
S21404A0E8000000000000000000A104004E54040014
S21404A0F8513A0400FE000000FDF5030004AA04001B
S21404A10800000000DF4D0400F4A90400000000006D
S21404A118603C0400E4A904000000000000000000FD
S21404A128000000000000000040A104006954040078
S21404A138513A0400FE000000F95004001CAB040069
S21404A14800000000310C04000CAB04000000000002
S21404A158C6130400FCAA0400000000000000000067
S21404A168000000000000000080A1040089540400D8
S21404A178513A0400FE000000A75404006CAB040027
S21404A18800000000B15404005CAB040000000000AA
S21404A198BC5404004CAB0400000000004730040024
S21404A1A83CAB040000000000CB5404002CAB0400B5
S21404A1B8000000000000000000000000000000008E
S21404A1C8F35C0300D6540400513A0400FF00000070
S21404A1D8EF5C0300E3540400513A0400FF00000057
S21404A1E82D270100F5540400513A0400FF0000002E
S21404A1F8C926010022550400EA5C040001FF000099
S21404A2082D27010062550400513A0400FF0000009F
S21404A218C926010090550400EA5C040001FF00000A
S21404A22861270100D1550400F255040000FF000020
S21404A23861270100FB550400585604000000FF007F
S21404A248DD270100665604007F560400010001FF5E
S21404A25849280100A4560400E65604000102FF003B
S21404A268DD270100FC5604002B57040001000102F8
S21404A278FF000000592501005C57040098570400A5
S21404A28807FF0000792501009E570400D1570400F3
S21404A29801FF00008D250100D95704002958040041
S21404A2A80100FF00E92501003E5804008F58040009
S21404A2B80101FF00BD2501009F580400D958040079
S21404A2C801FF00003D260100E15804002A59040055
S21404A2D8010000010707FF00792801007C590400E3
S21404A2E8D157040001FF000079290100C45904006D
S21404A2F8085A0400010700010700FF00515D030027
S21404A3085D5A0400A35A04000107000101FF000077
S21404A31801290100DF5A04001A5B0400010000FF4B
S21404A328D1280100385B04007C5B04000100FF00B0
S21404A338A12801008F5B04007C5B04000100FF0079
S21404A34849290100CE5B0400D958040001FF000027
S21404A358B9290100095C04003A5C04000100FF0006
S21404A368E9120100513A0400485C0400000707FF9C
S21404A3788D120100513A0400615C0400000707FFCF
S21404A38899170100513A04006D5C040007FF0000A9
S21404A39899170100513A04006D5C040007FF000099
S21404A3A8A35C0300513A0400725C04000000FF003A
S21404A3B875170100513A04005B33040001FF0000DE
S21404A3C83D170100513A0400AA5C040000FF00008F
S21404A3D86D120100513A0400513A0400FF000000CF
S21404A3E86D120100513A0400513A0400FF000000BF
S21404A3F8795C0300513A0400513A0400FF00000057
S21404A408795C0300513A0400513A0400FF00000046
S21404A418795C0300513A0400513A0400FF00000036
S21404A4283D120100513A0400E05C04000101FF00FB
S21404A43829120100513A0400F55C040001FF0000EB
S21404A448755C0300513A0400513A0400FF0000000A
S21404A458F1110100BD4D0400513A0400FF0000004C
S21404A468F1110100FF5C0400513A0400FF000000EB
S21404A47871130100205D0400375D0400000100002C
S21404A48807FF0000715C03005D5D0400513A040098
S21404A498FF000000ED100100775D0400513A040047
S21404A4A8FF000000EB5C0300A55D0400513A0400BD
S21404A4B8FF000000DD5C0300BF5D0400415C04008F
S21404A4C800FF00006D1A0100E45D0400513A040020
S21404A4D8FF000000C10F0100FE5D0400513A0400AD
S21404A4E8FF000000550F0100215E04009E5E040074
S21404A4F800000310FF00000031100100F35E0400A2
S21404A508615F040001FF000005100100765F040087
S21404A518B95F040000FF0000190F0100CA5F0400B9
S21404A528513A0400FF0000006F5C0300F95F040062
S21404A538513A0400FF000000F50E010045600400CF
S21404A548415C040000FF0000C10E0100866104009F
S21404A558DB61040000FF0000A50E0100F56104009D
S21404A568513A0400FF000000890E01000562040049
S21404A578513A0400FF0000005F5C030019620400FF
S21404A5889762040000FF0000590E010022630400CD
S21404A598513A0400FF000000150E01003F63040052
S21404A5A86A63040007FF0000D50D01007463040005
S21404A5B8CD630400000500FF8D0D010080640400CF
S21404A5C8936404000002FF00690D0100C2640400DD
S21404A5D8513A0400FF0000005F5C0300D4640400E2
S21404A5E80E65040000FF0000FD0C010094650400DD
S21404A5F8DA650400000301FFED0C01007A66040026
S21404A608C0660400000301FF89880100606704002F
S21404A618513A0400FF000000F76803008867040046
S21404A6280368040002FF0000992D0100586804001E
S21404A638F15E040000FF0000652D01008068040038
S21404A648F15E040000FF0000152D0100996804005F
S21404A658513A0400FF000000957A0100B26804002D
S21404A668513A0400FF0000006D7A0100FF680400F8
S21404A678513A0400FF000000F97901002A69040031
S21404A6885069040000010100010102FFD1790100AC
S21404A698CF6A0400F76A040000FF0000B1790100DD
S21404A6A81E6B0400513A0400FF000000F97801000C
S21404A6B8486B0400513A0400FF000000C967030011
S21404A6C8616B0400513A0400FF000000C96D0100E4
S21404A6D8876B0400B86B04000002FF002B660300B7
S21404A6E8156C0400513A0400FF00000027660300B6
S21404A6F8426C0400513A0400FF0000007D6D01001E
S21404A7085D6C0400876C040000FF00003D6B0100CC
S21404A718B76C0400513A0400FF000000B956010063
S21404A728CA6C0400513A0400FF000000A156010058
S21404A738E26C0400513A0400FF000000A36503001D
S21404A748FB6C0400513A0400FF0000008F65030008
S21404A758286D0400A26D040000FF0000496A010089
S21404A768E16D0400513A0400FF0000003969010055
S21404A778596E0400513A0400FF0000005D550100BC
S21404A7889D6E0400513A0400FF0000004155010084
S21404A798BA6E0400513A0400FF000000B9550100DF
S21404A7A8656F0400513A0400FF000000AD5501002F
S21404A7B8F36F04003870040000FF000079550100A8
S21404A7C86F700400C070040000FF0000A553010069
S21404A7D8F3700400513A0400FF0000003D480100ED
S21404A7E81F710400887104000000FF003D48010042
S21404A7F8DD7104003F7204000000FF00DD4801001C
S21404A80884720400B77204000002FF00FD640300AB
S21404A8180C7304005A73040007FF0000114A010071
S21404A82876730400513A0400FF000000254801002E
S21404A8389A730400BF73040000FF00003149010046
S21404A84818740400513A0400FF000000F5410100A2
S21404A85855740400513A0400FF000000BD4101008D
S21404A8687F740400513A0400FF000000D563030017
S21404A878BA7404002975040000FF0000193B01009F
S21404A8887A750400F975040000FF0000C763030026
S21404A8983F7604009176040000FF0000A7630300D7
S21404A8A8D87604002577040000FF0000E133010091
S21404A8B86F770400A577040003FF0000193401002D
S21404A8C8E07704002678040003FF0000C93201007C
S21404A8D87C780400513A0400FF0000003363030048
S21404A8E8AC780400EA78040000FF00002D63030037
S21404A8F8FA780400EA78040000FF000027630300DF
S21404A90821790400EA78040000FF000021630300AC
S21404A91848790400EA78040000FF00001B6303007B
S21404A92870790400EA78040000FF0000F762030068
S21404A93899790400513A0400FF000000FD62030000
S21404A948BB790400513A0400FF00000019300100E6
S21404A958E37904001C7A04000001FF004530010076
S21404A9683D7A0400513A0400FF000000F96203002F
S21404A978687A0400513A0400FF0000000130010020
S21404A988837A0400513A0400FF000000BD2F01003A
S21404A9989E7A0400CB7A040000FF0000A52F01006D
S21404A9A8E67A0400513A0400FF000000ED1701009F
S21404A9B8117B0400513A0400FF000000ED17010063
S21404A9C8387B0400513A0400FF000000DD0C010047
S21404A9D8497B0400513A0400FF000000A90C01005A
S21404A9E85E7B0400857B040000FF0000A90C0100C0
S21404A9F8957B0400857B040000FF0000410C0100E1
S21404AA08BC7B0400513A0400FF000000575C0300B6
S21404AA18D77B0400513A0400FF0000009D0801009B
S21404AA28FA7B0400647C040000FF00007D08010033
S21404AA38877C0400513A0400FF00000065240100E6
S21404AA48ED7D04007A7E0400010000FF492301001E
S21404AA58977E0400EB7E040000FF00007D230100BF
S21404AA68007F0400527F04000100FF00E922010071
S21404AA78687F0400558004000107FF005B5C030040
S21404AA8865800400513A0400FF000000491C0100D8
S21404AA987680040088800400000101000007FF0097
S21404AAA8411B0100C3800400D48004000001010097
S21404AAB8FF0000007D230100238104003481040084
S21404AAC8010000FFB91A010023810400668104000E
S21404AAD800FF000029BB010077810400513A0400F6
S21404AAE8FF000000D1080100C3810400513A0400A5
S21404AAF8FF00000053890300513A0400513A040049
S21404AB08FF000000F1C80100513A0400513A04005D
S21404AB18FF000000B5C80100513A0400088204008A
S21404AB2802FF000061D0010010820400513A0400BC
S21404AB38FF000000EDCF01003C8204005F820400A1
S21404AB480200FF00D589030088820400513A0400F5
S21404AB58FF000000C9CF0100AA820400C8820400CE
S21404AB6802FF0000A1CF0100DD820400C8820400B1
S21404AB7802FF0000010000007C51002000000000D5
S21404AB8800000000FFFF0000D7620300000000007A
S21404AB9803000000FFFF0100B56303000000000087
S21404ABA804000000FFFF01004364030000000000E7
S21404ABB804000000FFFF0000C76403000000000054
S21404ABC806000000FFFF00003965030000000000CF
S21404ABD819000000FFFF0100CF650300E3520400DC
S21404ABE8846F002000000000000000000000000041
S21404ABF8000000003483040068AC04000000000071
S21404AC083A830400688D04000000000041830400B1
S21404AC18388F0400000000007A500400288F0400CF
S21404AC28000000004A830400188F04000000000097
S21404AC385C830400088F0400000000006B83040093
S21404AC48F88E0400000000007C830400E88E0400EC
S21404AC5800000000000000000000000000000000E3
S21404AC6878AC04008E830400513A0400FE00000009
S21404AC78A983040090AC0400000000000000000053
S21404AC8800000000000000000B900300AE830400E0
S21404AC98513A0400FF03010001013F040201003F8A
S21404ACA8040202003D040202003D040102000102FF
S21404ACB80003010002023D04020100020202010030
S21404ACC802020000002020202020202020202828FF
S21404ACD8282828202020202020202020202020204B
S21404ACE8202020202088101010101010101010108B
S21404ACF810101010100404040404040404040410BB
S21404AD081010101010104141414141410101010148
S21404AD180101010101010101010101010101010112
S21404AD28101010101010424242424242020202021E
S21404AD3802020202020202020202020202020202E2
S21404AD481010101020000000000000000000000092
S21404AD5800000000000000000000000000000000E2
S21404AD6800000000000000000000000000000000D2
S21404AD7800000000000000000000000000000000C2
S21404AD8800000000000000000000000000000000B2
S21404AD9800000000000000000000000000000000A2
S21404ADA80000000000000000000000000000000092
S21404ADB80000000000000000000000000000000082
S21404ADC800000000000000021000000018560020D2
S21404ADD8801300200000020800000000FFFFFFFFA9
S21404ADE8FFFFFFFFFFFFFFFF00000000000000005A
S21404ADF80000000000000000000000000000000042
S21404AE0820000000B5FB0100100000002DFB010027
S21404AE1800000001000001010001010120C001B882
S21404AE280000000000000000FFFFFFFFFFFFFFFF19
S21404AE38FFFFFFFFFFFFFFFFFFFFFFFFFFFFFFFF11
S21404AE48FFFFFFFFFFFFFFFF0304040808080808C6
S21404AE5800B801B802B800B0C4E204000304040849
S21404AE6808050000000000000000000000000000C4
S21404AE7800000000F8330000E0030000D8370000A4
S21404AE8814000000383E000008000000002F0000F0
S21404AE98F8040000EC37000004000000343E00000C
S21404AEA80300000000000000002F0000F037000038
S21404AEB801000000403E000039000000012F000099
S21404AEC80100000070B50822804B1A60804B1B688E
S21404AED8DC0302D50020088070BD0C880019401ECB
S21404AEE800787C4DA870641C0C8045076D0F052DF2
S21404AEF805D8794E3668F60603D5022D0DD00320FC
S21404AF0870BD9604AE401E4001D1082070BD052DC4
S21404AF1803D1104201D1641E0C80AA484860002060
S21404AF2870BDF3B582B008886C490978491CC9B263
S21404AF38814204D202990918491E097800E00021C2
S21404AF48644A517093785B075B0F01933023019C26
S21404AF58052C28D1194232D19478E5081E242C40B1
S21404AF68CD0702D5250001242C430125A14EE64031
S21404AF782E4072D0019FA04EE641402426403E4310
S21404AF884C0602D5340020262643947889080D40BA
S21404AF98A7080C2139402943C02525400D43202104
S21404AFA82943967051704A490C685578022123261D
S21404AFB82E4008D0660302D52B40202B01D005204E
S21404AFC882E0424B196093789B0601D4202203E062
S21404AFD89278120702D540223C4B1A603D4A927872
S21404AFE86B461A70C022854B1E680E4001D1154266
S21404AFF812D06E46377827263E40232E03D1E60223
S21404B00807D4012606E0252E03D0212E04D12603D4
S21404B01802D504262D4F3E601B6819402026019F42
S21404B028002F1CD11E4027D02A4B5B781A40402A92
S21404B03813D00C221A40042A0FD02A073BD4012224
S21404B048002902D0E100CB0F5A4069460978CB079D
S21404B058DB0F1A422FD021012AD4072034E0022F0E
S21404B068E2D11E4008D00029DED1CC232B4003D1E0
S21404B0786B461B785B0601D5032025E0A30311D590
S21404B0889C4E73691B051B0D5B1C3668F60205D5BA
S21404B098994E36683607B60F9B1B5B1E9BB2052B6C
S21404B0A804D1C1E7029B1B78052BBDD006200BE014
S21404B0B88021064A1160E90702D4401C03990880D7
S21404B0C8AB4803994860002004B0F0BD481002A8B5
S21404B0D8C83E0000343E0000440002A8543E000067
S21404B0E8F2B586494978CA0705D4009A12888018A2
S21404B0F8401E037800E000239E4A106802249E4DF2
S21404B1082E68F60611D512695340DBB2002B03D11C
S21404B1186E68D30973402340002B03D0020204D47C
S21404B1280A20F2BDE206954E3260744A1E02C02317
S21404B1380B403343914E336093785E07760F022EA6
S21404B14806D16D682C4003D1002000990880F2BD12
S21404B158A0250D409E08102737402F433D090E07AB
S21404B16802D42E0010253543CC240C401A262E4033
S21404B1780A2E04D1CC2C02D02E00FD253540804E54
S21404B188EE40F60705D4000416D5412B10D108293D
S21404B19812D17C48E840112101402143202008436D
S21404B1A810700D210140009808D000F0A9F8F2BDEF
S21404B1B80B2B01D10029ECD00720F2BD00F020F8B3
S21404B1C8F2BD00005F2F000038B50C006E490B78FE
S21404B1D81A0953399500491925881B071B0FEB1ABA
S21404B1E89A1A8018FEF756FE010002D1200000F0D5
S21404B1F807F832BDF300A3E398144068480002A891
S21404B208F8B50400614805683C4F3878D0263042C3
S21404B21802D00D21014005D008205D490860EF20C2
S21404B228FEF7F6FD39782000314204D00909397052
S21404B23800F066F8F2BD052129401FD002884D4962
S21404B248CA60544BEC0705D5521C0280690607D41D
S21404B258514B05E043242C40422C03D1521C028057
S21404B26843600DE010224A4B1A604C4A09688B006A
S21404B278DB0F1901D16280210903116000210180C6
S21404B2880020F2BD0A888018401E0078830601D480
S21404B298121D0A801822024004D008885208801812
S21404B2A8C01E088039480068C00702D50888401CB4
S21404B2B808803948486000207047344A1368DB071A
S21404B2C808D51268920705D40A888018401E0078A4
S21404B2D804280CD110202E4A10603048254A1268DB
S21404B2E89300DB0F1A01C262802212030260002058
S21404B2F8088070470C4000A8080001A8343E0000E7
S21404B30831B581B02649002000900822254B1D78C7
S21404B31802230C24254202D10022234903E02C40B0
S21404B328082C00D10222EC0703D50C001E2161402C
S21404B33800931D4207D015490968090601D51B491B
S21404B34801E00021C943019B194C21601949FF24D7
S21404B3588C70009C15012543CD70087018880099D8
S21404B36840188018188014485860002036BD00001D
S21404B3781D310000C83E0000440002A8441002A87C
S21404B3880D0F0C0D071708504B3F0000480002A885
S21404B398482002A8C1320000F73200001C1002A898
S21404B3A8DE1B2501343E00002084100000FCFF014B
S21404B3B8F43E0000483F000005320000343E00001A
S21404B3C8C1290000D9290000D9290000D92900007C
S21404B3D8D9290000D9290000000000000000000058
S21404B3E80000000000000000D9290000D929000048
S21404B3F8D9290000192E0000D92900005523000079
S21404B40865230000F123000039240000B32400005B
S21404B4181D260000D3240000BD2600001F250000BA
S21404B4285D250000D525000031280000012900000C
S21404B43827230000632B00004D200000812B00000A
S21404B448F52B0000D9290000D52C00009D2C0000FF
S21404B458D9290000D9290000212D0000D929000087
S21404B468D9290000D92900005D10000053100000F7
S21404B47867100000711000007B1000008C4880687C
S21404B488000200D4704780B580208002A84908606E
S21404B498CF2000F045FA01BDF8B586480068864C0A
S21404B4A8802292032260854E316809051DD5110B4A
S21404B4B8A023034001D0216017E002403FD1802733
S21404B4C87F4A17607F4A1760084038D0784D287A34
S21404B4D8400705D501207C49086000027B490860BE
S21404B4E82878002801D0062801DB0020F2BD00F0E9
S21404B4F851FB716889684E682978052907D1B9050A
S21404B508A1606E60B668CC218901704A116000F0AB
S21404B5184AFB012E00DA0226BC208005854908600D
S21404B528942080058449086065480021C94301645D
S21404B5387142416481490F6040210160D5E7AE48F5
S21404B5480160FFF79BFF0120F2BD5A480168890590
S21404B55804D5C06E0004000F022801D000207047EE
S21404B5680120704738B580245548046000F012FB63
S21404B57805007348006800F05FF9280000F013FB24
S21404B588FFF77CFF4A48007A000705D5A0004A4919
S21404B598086000F0FEFB31BD600397490860AD48BB
S21404B5A8046031BDFEB50500CC208001934948608F
S21404B5B8012693480660FFF7C8FF002877D03C4C5E
S21404B5C82078002873D031020195052802D02A462F
S21404B5D80A406CD1CC27BF01884A17609E4A126875
S21404B5E853075B0F022805D1022B5ED3080137499F
S21404B5F80860F7BD4D01032804D1022B55D93348FA
S21404B6080560F7BD042802D111404ED0F7BD0528C1
S21404B6184BD10198002848D0C005C10F6846417030
S21404B6280198C004C10F6846017000F0B3FA02908E
S21404B638606869464978002903D006688021214A4B
S21404B64811602C04A7496A461278002A0CD0C268EE
S21404B6580B68D21AA44B1B68234001D0066800E086
S21404B6684668964200DD1600684640786A461278B0
S21404B678024308D008684242B01E824202DA704288
S21404B688886000E00026029800F08DFA019880058C
S21404B69801D5964804600198054001D09448046092
S21404B6A8002E02D009480760F7BDFFF75BFFF7BD19
S21404B6B8403E0000400002A8402002A8C83E000001
S21404B6C80CC001A890E001A894D000A8505201A884
S21404B6D838B5802487480460012049490860864DA7
S21404B6E82878052802D0600084490860FFF72DFFF3
S21404B6F8002812D012480068000A80214140A86831
S21404B708000EC9B2814208D2534800684007400F69
S21404B718022802D2FFF726FF31BD79480168C02205
S21404B7280A4002D1C06F204001D00448046031BDED
S21404B7381C1002A808E001A808D001A894D001A803
S21404B74818C000A8F1B582B00F008026B600A02065
S21404B758384002D06B4806604CE000F01BFA0090B4
S21404B76869480468F80202D5A0680069029000F0E7
S21404B7785FFBB102606800F069F9217820000022B6
S21404B788491C43788B4200D2002118234B43C51822
S21404B7980C352B78082BF3DA0C00017085605648B4
S21404B7A8297801703E4007D0574909688968CA68ED
S21404B7B8F90201D403218A438260012610463040E8
S21404B7C803D100F0F6FB00F0B4FFF104686900F05A
S21404B7D83DF93C2000F0A4F8E0B200F0A1F8009887
S21404B7E800F0E1F930054749086048480660300229
S21404B7F8024908600298FEBD401002A84C6201A8DF
S21404B80894E000A810B542480068800501D4FE20DC
S21404B81810BDC02080033F49086000F0BBF93A49D0
S21404B82809688A78D20702D589688C7800E00C788B
S21404B83800F0B9F9200010BD334909688A688B7886
S21404B848DB0704D5927818235A438A180C3290607A
S21404B85870470000100002A8084001A8F1B582B09D
S21404B8682D4F3C680026200F000702D1E001029005
S21404B8782AE000F05EFF00F08DF9019080210903AC
S21404B888606800F0E3F825786D1C6078A84200D25A
S21404B8980025E80020180C300090006802908021EB
S21404B8A809030098406800F0D1F83D2000F038F805
S21404B8B8E8B200F035F825700098A060019800F00A
S21404B8C872F902A800F09AFF14480068800407D5A5
S21404B8D8786901F050FC02990818029000D502967F
S21404B8E80298FEBD48C001A8480002A8481002A84D
S21404B8F8482002A894E001A8403E0000506201A82F
S21404B90814C001A8402002A8CC3E000090E000A87D
S21404B918400002A8401002A8D03E0000FC0302A87B
S21404B92841490968002901D5404908607047F3B5BC
S21404B93881B03F4FB9683F4C4A004CD501250901F0
S21404B94800D5212501003C4A1068566822689206EC
S21404B958920E94463A689300802213406246134334
S21404B968802252001A4300920A0023D0890601D581
S21404B978012008E0F021014007D16946097A0C2223
S21404B9880A4002D0022000F03FF82C49096809044E
S21404B9980AD53968090701D5022605E03968490336
S21404B9A801D5002600E003264835009A244909688C
S21404B9B8890003E0009A2249C96909094023194005
S21404B9C811439A00002E02D01643266608352166CF
S21404B9D8024322662566E06D4407640F00F0C4F847
S21404B9E8A0070BD0052C09D0B868000406D400F0CC
S21404B9F8D1F80221134A116000F0D5F800F0BDF81A
S21404BA08002000F001F8F7BD0B490A68F0239A43B2
S21404BA18000110430860C0B270478020C0020A497B
S21404BA2808607047000000004C0002A8884000A880
S21404BA38440002A8284000A8683F0000384101A82E
S21404BA48084001A87CD40350485000A880B5664A2C
S21404BA58116001F0BBFBFFF7E0FF01BDFEB500F087
S21404BA6899F8029010206149086000236048036032
S21404BA780220604908606048C0684005C20DD52A9F
S21404BA8801D2D52204E0D1204000824200D9020027
S21404BA9810000100594C0194843C246864011DD5A7
S21404BAA8574C0094251D574E367806277E43AA53CE
S21404BAB80024019D2D7CE540ED070CD5009D062647
S21404BAC86643AD19AD888FB2BD4200D2290086B24E
S21404BAD8AE4200D22800641C022CEAD389B246314E
S21404BAE80904494C0C404638C005C00D2043424959
S21404BAF80860C0200006454908604048017D0029C2
S21404BB080CD04349D52A02D98024E4050C60D124F4
S21404BB186400A24202D2802424060C6010213D4C04
S21404BB2821603D490B604188002900D102800298B3
S21404BB3800F039F8F7BD80B53848394908603948FF
S21404BB48C1680902090A19225143416005210160A6
S21404BB58FFF784FF01BD33480068C00300D470476C
S21404BB6880B5FFF77BFF01BD8020C0021E49086030
S21404BB782D4800684007FBD470478020C0022B4934
S21404BB880860704701E02A4908602A4909680140A4
S21404BB98F9D17047284800682021284A11601021E6
S21404BBA8274A116070473021014002D110202349EA
S21404BBB8086070472048006830210140102901D1E8
S21404BBC801207047002070471E480078062101406F
S21404BBD807D01D480068022803D0032801D0012096
S21404BBE87047002070470000401002A8F41302A80B
S21404BBF8048002A8409002A87C400050743F0000CD
S21404BC08643E0000603E00000000FF01A060005093
S21404BC18A4500050F42302A818E000E07F1A060196
S21404BC28500002A810E000E0400002A8402002A845
S21404BC38282002A8280002A85C0002A85C2002A803
S21404BC485C1002A8BC3E00006C3F0000F8B55348E0
S21404BC588021490281610221514A51600021514ADA
S21404BC681160514A118003214D4A11600221016076
S21404BC7820204E49086080204D490860CC20800169
S21404BC884C49086001204C4908604648806F00907B
S21404BC980F24070B274049480068C505ED0D103DDD
S21404BCA8C0202843C0B2FFF73BFE3E480069800325
S21404BCB80AD5092F08D0FFF787FF002802D0404886
S21404BCC80068804701F0D8F80098044000943D487E
S21404BCD804680098032803D0022806D1032F3AD014
S21404BCE800F002FA0098032803D0062F33D1062D55
S21404BCF831D0354800680104C90F01D001F084FB2F
S21404BD0832480068000109D5052D07D10125012010
S21404BD182F4908604005FFF735FF00E0002521009D
S21404BD28380000F0E3F904002A4E002D06D000F08F
S21404BD3889FB0120306002202749086080208003A0
S21404BD487065800925490860FFF73EFF002802D081
S21404BD58234800688047124880214902C161002FA1
S21404BD6808D10221416000200E490861C020C000A5
S21404BD781C4908602000F2BD80B5FFF7F5FE1A4896
S21404BD880078800602D4022018490860FFF7F5FEFA
S21404BD9801BD022016490860704700002C1002A84E
S21404BDA8282002A8340002A8743E000094E001A8E3
S21404BDB80CC001A8506201A894E000A804ED00E0B5
S21404BDC8E8370000B44000A800E200E0F03E0000B7
S21404BDD8645000A8646000A82C4000A880E200E034
S21404BDE8E43700002C6001A8C83E0000081002A82A
S21404BDF8082002A87B480068800700D4704730B53E
S21404BE0881480421904A0123E024E40085682540FB
S21404BE1802D01360D160D3600068044002D0136077
S21404BE285160536030BD89480121816001607047C4
S21404BE3810B5012075498A680240FCD1844A042357
S21404BE48D3600C680440FCD15360106010BD81496F
S21404BE5808680122104200D1704710B5E023DB00C1
S21404BE680340FF24A41CA34204D37B4B1B689B06F5
S21404BE7800D54868024001D000F0B6F810BDFEB5FB
S21404BE880700C820754908600620754908608020A0
S21404BE9840037449086074480168744A0A4080215B
S21404BEA8090111430160724CC020C00020600225BD
S21404BEB8A56168036F4908606F4E7048F0664C20A9
S21404BEC86F49C86638686F498968814201D200910B
S21404BED800E000900099401A38600121380000F00C
S21404BEE855FB01903868009940183860FFF782FFC0
S21404BEF8634800686349086063480168490601D5D1
S21404BF08624900E0624931670199002908D1032192
S21404BF18E16100683068054002D080208002206114
S21404BF280198FEBDF1B55B4C8020C00120605A4DD7
S21404BF380126AE62594F3E601D202860562068666A
S21404BF48072001F009FB02202860062129665449C7
S21404BF580968002902D408212966696651492965B1
S21404BF68C021C900504A1268F823DB01134001D1E6
S21404BF78A96700E07961E16B314008D0216BC907F5
S21404BF8805D44A490968084001D101F0EDFA484841
S21404BF9848490860206B064001D1FFF72BFF00983C
S21404BFA801F0C8FA206B8001FCD4206A4249086074
S21404BFB8F1BD30B53748414B0121026B0A4001D127
S21404BFC85961D9603E4A3F4C54663F4C1465032475
S21404BFD81C600023CE4D2B6014609162C903016077
S21404BFE830BD00004C0002A8F0210901374A116050
S21404BFF801403748016020203649086036490968F8
S21404C0080840C849086070476C0102A8700102A875
S21404C01880B532480821324A13680B4001D00161C2
S21404C02841611178C90602D5862109010160FFF726
S21404C0380EFF14202B490860BB480168490701D045
S21404C048FF21416101BD0000681102A86C2102A805
S21404C058682102A8783F0000400002A8548001A87E
S21404C0680C9001A8942002A8680102A8FFF1FFFF1B
S21404C078441102A8A01002A8E40002A8294E06004B
S21404C088300002A8A03F0000FC0302A8CC3F000032
S21404C098C43F0000100002A8E01002A8442102A829
S21404C0A828C000A80C1E0000A88001A8483E00006E
S21404C0B8FFFF7F7FB46000A89C3F0000602102A8B1
S21404C0C8E02002A85E060000041E00002C6001A8FA
S21404C0D82C5001A8442002A8084001A8301102A840
S21404C0E8F84F0000703F000070470000F8B586B0AF
S21404C0F805000C008D48866AFFF74CFD0590B005D0
S21404C10803D58B480068FFF797FB002001900122AF
S21404C1187306DB0F87498F688860B8204000864E10
S21404C12830606608B82030400978F0260E40402E65
S21404C13802D10100402008430D2D02D139000427FE
S21404C1480F43790704D501001420084310218C43B3
S21404C1587A4909686D462A7004930500784EC8051E
S21404C16806D5802040007749086028000125054345
S21404C1780498002811D10C20284008280DD028003F
S21404C1886A49496BCA0601D410229043890601D429
S21404C19820218843B121014067D0684600780028EA
S21404C1A865D0B26BB06D012101235207520F921D60
S21404C1B89340C004C00C181A80B2082809D28025F7
S21404C1C806205A4A106008049D4A106000206A46F1
S21404C1D81070812028404DD00820049A002A00D1E7
S21404C1E830623A000827174310208443042003903B
S21404C1F80005984A10604008974A106097480160FE
S21404C20868460078002832D00398062838D394481D
S21404C218806BC00634D593480068000E0190904899
S21404C228006880B202908F48006A000604D002981C
S21404C2388021490101430291FFF7C6FC002809D072
S21404C24889480078C00605D002988021C9010143B0
S21404C25889B2029102983061029800123061374818
S21404C2680168C80500D57AE70AE008203062009419
S21404C278049732E090A06906C90E405C0390BFE7B5
S21404C2880094049703982949CB6A764A1268346856
S21404C2986F463C8128241C400443980CC001204364
S21404C2A81C001B0E23401024234003439000402206
S21404C2B81040184302AA9070086B000A02A9C870B6
S21404C2C8FFF7A0FA02A90871019848716748006840
S21404C2D8C8800298F0660398F0660598FFF763FC32
S21404C2E808240098400601D55A488460FFF76CFC79
S21404C2F8002805D05E480078002801D05D48046010
S21404C3080498C1B2E8B2FFF712FB009807B0F0BD74
S21404C318400102A8081A03D2574909684018401C65
S21404C32870470000441002A80C4000A8180002A891
S21404C3381CC000A8683F0000B46000A81C0100AA3E
S21404C348540000AA1C2100AAF8B54C4E0F24012557
S21404C3584B491027706B38401BD001200870494899
S21404C368006849490968FFF7D5FF4849096840182D
S21404C37801284BDB01F0A4F945490968090B0C4070
S21404C388022C41D16905434A11604349CF6335609D
S21404C3983AE0F06BC0001ED540480068E0218905E5
S21404C3A8014033D03A4D286821030140780281427F
S21404C3B82CD1FFF7EFFB3A4A3A490968C90502D572
S21404C3C83949096811602968090B21400229F3D004
S21404C3D8FFF7E9FBF1BD354E3068002816D00D701E
S21404C3E801F0A8F8002811D101F06AF9284909686B
S21404C3F8090B0C40022C07D12904264A1160022195
S21404C408254A11600021316001F05EF9F1BD8020F3
S21404C418800427490860704780204004244908603F
S21404C42870478020C00422490860704780200005B1
S21404C4381F4908607047802040051D4908607047FA
S21404C448141100AA1B480168490701D0FF2141615D
S21404C45870470000401002A8205001A8006101A8F7
S21404C4681C4000A8084001A8C43E0000448001A857
S21404C478F0370000845000A838C001A8100002A8AD
S21404C488773E00001CC101A820C001A8E03E0000B9
S21404C498AC0002A81C1002A8082002A8204001A884
S21404C4A8800000AA084000A8904000A84C3E00005F
S21404C4B8382002A80C4000A8030107060301070653
S21404C4C80501060605010606030207060302070613
S21404C4D80502060605020606FF2807D0032805D225
S21404C4E8A9490978C140C807C00F7047002070479B
S21404C4F8F0B5802000020821A44A11600A2301210D
S21404C508A34A01249C400443B6A5ED5C25439560E4
S21404C518F025A04E35609D4DB5A6F65C0227374338
S21404C5282F6004262E609C4D2D680D4006D1CD0242
S21404C5386D1E03D0966C3603FAD401E00220F0BDD3
S21404C548956CD66C6D036D0BAE4200D220005B1E54
S21404C558D7D508238F4C23609060904B1B685B01EB
S21404C56812D58F4C63785D1C01262E4066701D001C
S21404C5780626754365191268AA80E88023708248DF
S21404C58802789940114301700020F0BDF1B582B0DD
S21404C598FFF749FC002481480068400102D40120C2
S21404C5A801901DE07F48826B00207D49C3B20625B2
S21404C5B86B43CB189B8895B2AB4204D0401CC3B2DD
S21404C5C8022BF3D3FF2008700120019073480068FB
S21404C5D8400105D50878FFF77FFF002800D00194AE
S21404C5E87148006871498861714D02980068296D20
S21404C5F84618002E15DD00F072FD2860C001301ABA
S21404C60800280EDDFFF714FC00F093F80298006883
S21404C618296D401800F08EFF050002D002980460C9
S21404C62885E0644E802080003060604A10680728E1
S21404C6382ED005210840052805D011600C2000F0EE
S21404C6488BFF050073D15C4D5C482862FFF7F0FB4E
S21404C65802202860E020C0025949086000025949AF
S21404C668486080208004706002203060012000F05A
S21404C67873FF802040002862022000F06DFF90209F
S21404C68840012862022000F067FF8020C00028626C
S21404C6984D4EE02040003060042000F05DFF0500A9
S21404C6A83CD10220474908608002B062C001B062EB
S21404C6B810203C4908600127F7654026434800686F
S21404C6C830401BD135480068400113D534480078FB
S21404C6D86946087068460078FFF7FEFE002809D009
S21404C6E82F4869460978062251434018C0882D49C0
S21404C6F8086403E0FFF7FCFE05000FD1294807602D
S21404C708C467022000F028FF314C2660B000206081
S21404C718022000F021FF8120C002A06201980028B0
S21404C72805D02A480068800101D4FFF714FA2800C7
S21404C738FEBD70B5FFF777FBFFF77AFB02261948AC
S21404C7480660244DF0022862C4082C62012000F01A
S21404C75803FF600828622E601F482862E020400015
S21404C7681B490860174D2E60FFF7FEF91B4E3078FC
S21404C778002800D005200D490860FFF7FEF92C6054
S21404C78817480068706370BD843F0000889001A84D
S21404C798448001A888A001A8140002A8F03E00005E
S21404C7A8603E00000C8001A8F80302A83C0102A819
S21404C7B88C3F0000941002A83C1102A8BD08000093
S21404C7C8142102A8942002A82C9001A84C0002A8C0
S21404C7D82CA001A83C2102A8FD680000603F0000C8
S21404C7E8300002A8000000010102040810202000FE
S21404C7F8505050404040403020202000F8B50400F7
S21404C808FFF716FB2948C021C900294A1268F823ED
S21404C818DB01134002D1274A116000E0016000944E
S21404C8282549AC2252008A640A220A6023498022D7
S21404C83852030A60224C626A224B13408022D200BA
S21404C8481A43626280222260022242605003C86051
S21404C8581D48E0601D4E4C20F0661D4D6869962103
S21404C868C901471800980068874200D30700C01B10
S21404C8780099086000210098FFF788FE0099096867
S21404C888C919009A1160316829601249096849066D
S21404C89801D5114900E011492161F2BD802000014B
S21404C8A80F49086000010F4908607047582102A81C
S21404C8B8AC8001A8581102A80C8001A8941002A8FC
S21404C8C8440102A8FFF1FFFF286E0600300002A804
S21404C8D8903F0000FC0302A8CC3F0000C43F0000C1
S21404C8E8401002A8685000A8F1B584B0B44800689F
S21404C8F80390B448006B9621C901401804998842ED
S21404C90805D2081A00F016FE002800D013E2AE4C32
S21404C9186068C00700D50EE20420AC49886280032C
S21404C928AB494862AB480568606B8607B60F032EAA
S21404C93803D01020A549886224E00846802189028D
S21404C9484162A16B890601D5012062E0290610D54B
S21404C958A26B02210A400CD19F4A05231360A36BDD
S21404C96810273B401943116000211160616B090AC6
S21404C978116004218162A06B002803D5C80393497B
S21404C98848620026606B400705D5606BC0008021AE
S21404C9984900084003E08B488068C10701D5FFF7C3
S21404C9A823FB0122154008D0B748B1014018006A95
S21404C9B8C004C00C401EB549086000200021B44BD2
S21404C9C8DB6E1B0417D5B34B1B68002B13D401214D
S21404C9D8AE4B5B69002B0ED0AF4B1A70AF4A106093
S21404C9E81022AF4B1A60CA06AE4B9A670723AD4DA2
S21404C9F82B60AB4B5A65AC4AC0239B0013603502C8
S21404CA08002901D0190000E02900CC4E316053609B
S21404CA187560E16B942292050A40150000D0012542
S21404CA2880263602284300062CD06A482821405C13
S21404CA38C0210140402902D1FFF79EF901E0FFF723
S21404CA48A8F9202020602D0600D174E1944D606B6F
S21404CA58400708D570085E4948620220686000F0FE
S21404CA6859FA002806D004205849886240025849D2
S21404CA7848626E6057480078000600D45BE13001CF
S21404CA885249FEE00125606828405AD1AC4800683F
S21404CA98C005400F022803D0032801D0062802D177
S21404CAA869464D7005E0002069464870A548A649C1
S21404CAB84860680446498862FFF756F87348406E2B
S21404CAC8E16B0E4008D1C00606D5FFF763F80221CD
S21404CAD89E4A1160FFF767F8FFF74FF828032060AF
S21404CAE89B4EC02000067060280497490860606B57
S21404CAF84007C10F684601703020039949072CD5B2
S21404CB084021A24A1162904F490139660321916473
S21404CB180021116030607D6580207060062000F07A
S21404CB281BFD00280DD12802F866022000F014FD2B
S21404CB3828029749886618207060082000F00CFDC3
S21404CB48002800D0F7E024207060E020C002904956
S21404CB58C865A020C00238666FE0E16BC90246D5F6
S21404CB68BE4949680902090E01914909022901DBEF
S21404CB78884A01E0B32292000199302937D3114933
S21404CB880B88E72B33D395277F00BB4205D8FB1ABF
S21404CB981B095A43920A534204E07F4FDB191B09C8
S21404CBA85A43930A5BB2019AD2180F6BBC46CF6BF2
S21404CBB87B436746FB180B639F2A0FD39F2210E01C
S21404CBC8FC0302A8743F0000100002A81C2002A858
S21404CBD81C1002A8C83E0000E40000AA202A00D8B8
S21404CBE821221102114312040A4329490A6067499B
S21404CBF8AA020A629A4A8A6414220A603060524F69
S21404CC087D65E020C0026249C865A803B86640028C
S21404CC187060062000F0A0FC002833D12D06FD66BF
S21404CC28022000F099FC5A48856668097060082056
S21404CC3800F092FC002825D17560032000F08CFCD7
S21404CC4888481849886700F04AFA874D401DC0018D
S21404CC58296B401801908548406F8021C901084017
S21404CC6802900846824908600198049988421FD2AF
S21404CC780846296B401A00F05DFC002816D0029876
S21404CC887C49086057E000BF0C0000AA204000A8B2
S21404CC98CC4001A8784201A8763E0000703E000009
S21404CCA8645000A83C6000A8046100A80498019099
S21404CCB8206AE86204270398384001D0402002E03E
S21404CCC8F8057060C0087060012000F045FCB801E3
S21404CCD81D490860019800F02DFC8A4E68460078C5
S21404CCE8002805D161480068F0613805864908605F
S21404CCF8029860490860854885490860244879028E
S21404CD08416669464978002900D10760206A686246
S21404CD1868460078002808D0012000F01DFC30780A
S21404CD28000602D5780492490860E06BC00202D572
S21404CD384A480068286305B0F0BD00BF045100A83F
S21404CD48204001A8040000FFB41002A87CE40350A5
S21404CD58441102A810B5FEF71DFF864900240C608E
S21404CD680A22CA61FEF71FFF8348C02189020160B0
S21404CD7882494160824810210160C9054165402006
S21404CD88804908608048047010BD0000400102A86D
S21404CD98B82002A833070000D6FEFFFF7B48406B86
S21404CDA8800300D47047F8B5794804680027002043
S21404CDB800257849E20706D5C02080028025ED03C1
S21404CDC8EA0A0A6003E0A20701D4032040252843A0
S21404CDD8C862012000F0C0FB802040006E49086746
S21404CDE808206E4908606E490968090203D46D492B
S21404CDF809680140FBD0012000F0AEFB6A4EE0074C
S21404CE0802D58020800430643564042000F0A4FB36
S21404CE18600702D5E020C002F06064483064012050
S21404CE2800F09AFB62483064C320000630645A480F
S21404CE388021490201671021B163890271615D4945
S21404CE480F60012232603022F2638F6280218901EA
S21404CE584E4A116009010160F1BD0000F83F000068
S21404CE68F3070000FFFF7F7F743F000020C001A87F
S21404CE7894E001A894D001A8F8B54F4800680D2797
S21404CE8807400424002F00D104274C4810256603C5
S21404CE9808214B4A4B4B1B682340126814D0426047
S21404CEA8394004D00220FEF7AFFD474806603C40F0
S21404CEB807D046480068054344480560B008424918
S21404CEC808600220424915E00260394005D0022075
S21404CED8FEF79AFDA0023C4908603C4006D03B4851
S21404CEE801680D43056070093749086038480660CC
S21404CEF8300329490860FFF751FF00210020FEF798
S21404CF0816FDF1BDC83E00001C1002A8030003006D
S21404CF18482102A810B580202E490A6802400AD083
S21404CF282D4B1A680624144005D15C6E2B4A224001
S21404CF381B6D9C0101D5002010BD096808400DD062
S21404CF482748824203D1180501D5012010BD25487B
S21404CF580068C107C90F481E8041C00F10BD22488B
S21404CF680321C163A8218163102101607047000072
S21404CF781C2002A8D80000AA402002A804000080AA
S21404CF88646000A82C4000A8763E0000100002A8A2
S21404CF98FC0302A81C1102A8442002A84C6201A89B
S21404CFA8C44001A84C4201A8082102A82400000194
S21404CFB898008800600102A8B44000A8E83E000073
S21404CFC81CC101A8440002A8401002A8683F00003B
S21404CFD8685000A8400002A814C001A81F1F00003B
S21404CFE8010C000030C101A8082002A86C4800689B
S21404CFF80121084209D16B4A12686B4B000C184091
S21404D008F03291400B40984201D00220704700202D
S21404D0187047F8B507000F386A461080604CA06859
S21404D0280A0004D16B461B8882B29A423AD200227E
S21404D0386B461A80012502263A0013D0226832402D
S21404D04807D000292ED059480088401C5749088024
S21404D05800203900E16056490E6080B2B84201D318
S21404D06869460D805348456000E030BF206830406C
S21404D07803D1FFF7BBFF0028F7D04D4845603900B9
S21404D08810D02168314005D048490A886B461B8869
S21404D098D2180A8006600020E060A068B84201D270
S21404D0A844480660FFF7A2FFF2BD38B5050000F055
S21404D0B807FB0400012199204543A8093E4A126843
S21404D0C88018123880B2FFF7A4FF05008020C0013C
S21404D0D83A490860200000F0F7FA280032BD3348C1
S21404D0E803883549096802889342F9D11004081858
S21404D0F87047FEB51238070C6946088000F0E0FA57
S21404D1080190274C294D2888B8421ADA01202C4960
S21404D1180860274E30BF02202168014006D03060E0
S21404D1284003264908602888401C2880FFF75EFFCD
S21404D138002802D12988B942ECDB01217160002855
S21404D1480DD12888B8420AD1A06869460988884259
S21404D15805D2002168460088FFF75BFF01E0FFF769
S21404D16845FF04008020C00114490860019800F0B7
S21404D178ABFA2000FEBD10B512490A680E4B1B68B0
S21404D1880C689442FAD0DB014033141A02D2886938
S21404D1982418641C0C4800684443181B10BD00007F
S21404D1A8280002A804ED00E0FF3F0000743E0000DB
S21404D1B8282002A8281002A8300002A880E200E06E
S21404D1C82C1002A820C001A8B43F0000F0B502E065
S21404D1D80A601C602E607EC84F1C07D05F1C04D0F3
S21404D1E86F1CF5D10A601C60F0BD0A60F0BD000033
S21404D1F880B5FEF709FC01207F49086001BD80B5AB
S21404D208EB2000F001F801BD30B57C490B681840E6
S21404D2181022134210D07A4B7A4C2468224008D045
S21404D228A84A14682402FF252D022540DD6200243E
S21404D2381460802252031A60086030BDF3B50100FA
S21404D24816001C00002500959F48019A3300002705
S21404D2580BE0BC464F5D4743AE009E597E40575D83
S21404D26847433740664637436D1CA542F1D3390910
S21404D27839438A080A43510811430840C10901433F
S21404D2880F208A0B0A4302405040F6BDF1B582B01F
S21404D2980E0000208B490860FD25AD01EF7AA87AB8
S21404D2A801900F21394000910ED00B46874A8849D1
S21404D2B80298FFF7C3FF0199014082480160854838
S21404D2C841438548084001D1012400E04401380957
S21404D2D815D032003B0929000298009E6D7A75190C
S21404D2E84019FFF7ABFF0199091101407548026818
S21404D2F80B0113430360002901D0480044437748D0
S21404D3080068204001D10420FEBD0020FEBD80B583
S21404D3180A0000211180724952888018FFF7B6FF68
S21404D32802BD70B50F226F4B5C7905780F2020403C
S21404D338C5402009284001259C79C4402C4001D1C9
S21404D348032070BD2F4C2468254005D09D684600F0
S21404D358AD5B6D1E644E3560DD78DE79C640F00739
S21404D36811D5E0060FD5002D0DD060484860088812
S21404D378488008881C7800192A4080185A7880182B
S21404D3882A09801800E000200880002070BD80B5B7
S21404D39857480168574A0820014201D05061106175
S21404D3A8C90602D58621090111605349534A1268F1
S21404D3B812040CD5524A1268530401D5C00305E07A
S21404D3C8C0239B0113404202934200D008600D48D4
S21404D3D80078C022024002D18020400508604948EF
S21404D3E8006820221040086047480068C00101D43D
S21404D3F8FFF705FF01BD00002C4000A8703F0000A1
S21404D4081C1002A8C83E0000F8B5404F38687E686D
S21404D41806403F4830403F4908608024A4033E4DF8
S21404D428F00227D53D48016801200A0605D53C497F
S21404D4380968A9602870022014E0014202D039491C
S21404D448A9600FE00020C9060CD52849A960364A09
S21404D45891780B071B0F12789A1809095118A98096
S21404D468E880A888A880A888002801D0264301E078
S21404D478FFF7C5FE264023D0264E74603460A8887D
S21404D48800280BD0F969814208D3291D2748AA68C1
S21404D49890470100F3D0FFF7ABFEF1BD01000CD0B6
S21404D4A8FC218902B161224902038A6134604C6016
S21404D4B8FA69824204D30C60F1BDEB20FFF7A4FEA0
S21404D4C8F1BD0000503E000001010101F83E0000D5
S21404D4D8383F00001111000021840000F43E0000CB
S21404D4E8183F0000483F0000204000A8531F0000D3
S21404D4F8F84F0000302102A8441002A8384101A8B9
S21404D508204201A8084001A8CC4000A8B44000A8BE
S21404D518FFFFDFFFB46000A8543E0000C83E0000CA
S21404D528EC370000671F0000493F0000D44000A8FD
S21404D538B45000A810B5C409FFF7D1FD201A312845
S21404D54806DAC000183801D4C01EFDD5002010BD68
S21404D5582000FFF7CEFD10BDC32148436F3801D421
S21404D5681E38FDD500207047FEB5C020C0043649D5
S21404D578086036483649C8651024364804601020C2
S21404D588FFF7EAFF00285ED1FF200005324908604D
S21404D59832483349086033482D49086025042E4824
S21404D5A80560314807680820FFF7D6FF00284AD1E7
S21404D5B808262E4806600120FFF7CEFF2A48806812
S21404D5C802902B4806602B482149086022480560CB
S21404D5D80820FFF7C1FF002835D12448066001203B
S21404D5E8FFF7BAFF204DA868019021480660184E38
S21404D5F8214830600299019800F046F80104FC209E
S21404D6088003084000900298C10B0198C00B00F0F4
S21404D6183BF80006FC218905014000980143174899
S21404D6280A0C4240FF239B1CD21810400843306063
S21404D6382F60E003084908602868286010480460DA
S21404D648104981640020FEBD20E000A8F7170000FA
S21404D6582C0102A8401102A8B02002A80000380E27
S21404D668B01002A810103030E04001A8E05001A81D
S21404D678E06001A830301010202020203F3F000032
S21404D688402102A8F7FFF00010B54904CA10400468
S21404D698C310991A00209A18D30F9A1852105218C1
S21404D6A88B115B0E5B18DB11D2182023541A01D495
S21404D6B822001843CC0F611849105B08F6D110BD38
S21404D6C8EFF3108072B67047002800D162B6704730
S21404D6D880B5FEF779FA002802D0B7480068804774
S21404D6E801BD80B5FEF7B2FAB448006800030AD450
S21404D6F8FEF7FAFCFFF752FBFEF75BFC0120FFF788
S21404D70829FBFFF716F880208005FEF73BFA01BDD3
S21404D71880B5FEF79BFA80204002FEF733FA01BD77
S21404D728F8B5FEF721FA052097490860FEF725FAAA
S21404D738964806680124264201D1FEF774FBFEF7D4
S21404D74885FA9F48016800919E4A40681060B105B2
S21404D758C80F002126420FD000919B4B5D681560C8
S21404D7681D689A4A17687B1BBD4202D39769DB1962
S21404D7785B1C974FBB42F5D3964D2960002804D00E
S21404D78831000098FDF7DEFF00902868204004D199
S21404D7986846FEF774FB002802D10098FEF7C2FB21
S21404D7A8A94804606004FEF7EDF9F1BD38B5A74C46
S21404D7B8E06BC00506D580200006206000BF00BFC9
S21404D7C840082060FEF724FCFEF740FAFDF764FEE6
S21404D7D805009F489F490860FFF77AFF8020C0022B
S21404D7E8FEF7D0F9002D01D08020206001209A4948
S21404D7F8087031BDF8B5FEF729FA984F2C20385C26
S21404D8080521014002D0FEF7B7FA01E0FEF7C1FA97
S21404D8188E4C0225F86A284001D00120206010208A
S21404D828C0438F4908600026A6638E480660FEF744
S21404D838CBF9002803D08C480068804700E03E6097
S21404D848FEF792F989480068E16B090407D40007D3
S21404D85805D5FEF79FF986490D60FEF7A4F9FEF78D
S21404D8688CF9FFF794FDA804FEF78CF9F1BD80B592
S21404D878FEF7ECF951480068000303D4FEF799FB59
S21404D888FEF757FF80204003FEF77CF901BD38B544
S21404D898FEF7DCF96D4C2025FFF73CFB002806D084
S21404D8A8206B000704D5FFF75AFBFEF7F7FF256041
S21404D8B8FEF77FFBFEF73DFF6E4800780C2101401B
S21404D8C8042902D1FEF758FA01E0FEF762FA680462
S21404D8D8FEF758F94020206031BD1CB5FEF744F920
S21404D8E8052029490860FEF748F9FEF7AFF9FFF75F
S21404D8F836FBB848006800906846FEF77FFF0400C9
S21404D908FFF7E6FE002C02D10098FEF7EDFF802014
S21404D9184004FEF737F913BDF8B5FEF797F9AE4C91
S21404D928256A5020284002D0FEF726FA01E0FEF7C2
S21404D93830FA464FFFF7EEFA00281BD1786B4007FB
S21404D9481DD4386BE0214901014018D1A80611D42A
S21404D958FEF70AF9256AA14E354207D0FF20C043D0
S21404D9682D182562802000059D490860FEF705F9F4
S21404D9782E4002D00120386001E00020206080207C
S21404D9888004FEF7FFF8F1BD3C1102A8400002A887
S21404D99880B5FEF75BF993480068400601D5FEF7A4
S21404D9A808FB0120FFF7D6F9FEF7C3FE8020C00463
S21404D9B8FEF7E8F801BD0000DC3700000C0002A8FA
S21404D9C8B83F00004C3E0000D43E000020C001A82A
S21404D9D801FF0000483E000010B526480468FEF71C
S21404D9E835F981490968090328D40321C00601D5F5
S21404D9F8214001E0A0080140012902D1FEF7BCF944
S21404DA080BE0200107D50E20FFF7F2FBA7480421F8
S21404DA18016008210160FEF7BCF9A54C2069A549F8
S21404DA280860FFF755FE2068002807D04000122833
S21404DA3802D2FFF791FD01E0FFF737FB8020800351
S21404DA48FEF7A0F810BD0000402002A8100002A8A7
S21404DA5870012000B46000A8773E0000C43E0000B1
S21404DA68442002A8503E0000E0370000844000A886
S21404DA787CE40350F03E0000F8B584B001266846FE
S21404DA88067000270297FEF7E1F80390564C2068C4
S21404DA98000300D597E00320A849C86386480068B1
S21404DAA8FB25AD010F210F220240032A03D0000BE9
S21404DAB8014006294DD1A2480068A2498E6DE16B43
S21404DAC8890701D59F49CE6DFFF755FB8619FEF7E2
S21404DAD87BF800280ED02879C1060BD02868090DD3
S21404DAE84143890B761897490968002902D1000230
S21404DAF8400C3618002E01D5019700E00196606B9D
S21404DB080107C80F03212A6B0A40022A1BD1039A6D
S21404DB18D20618D5AA68D30513D5A66B8A4B1E4019
S21404DB289E4203D11021854AD1630CE092050AD49B
S21404DB38E26B2823134006D16B461F70284A1160EF
S21404DB4801E06A461770029068460678002E03D1EC
S21404DB580FE07C48406D0190FFF7DCF9002808D0F8
S21404DB68FFF7FDF90298002802D0FEF797FE00E0BA
S21404DB780026022071490860002E10D03020285C48
S21404DB880C210140042902D0A06BC00602D5FEF77A
S21404DB98F3F801E0FEF7FDF82020606013E0FEF7D6
S21404DBA808FA802000060E49086068486849086034
S21404DBB801A8FEF723FE0400FFF78AFD002C02D115
S21404DBC80198FEF791FE80200004FDF7DBFF05B000
S21404DBD8F0BD0000CC3F0000D03E000000FFFF0070
S21404DBE8441002A8440102A80C0002A8FEB50024AA
S21404DBF80194FEF72BF8FFF76BFD564EF06E564D64
S21404DC080007000F072807D17068002804D40020EE
S21404DC18FFF7A0F8286841E0012103204F4A7368FB
S21404DC285B070BD44E4B1B680B4007D01368DF0505
S21404DC380BD55B0502D43368DB0503D40191916ADE
S21404DC48890904E01021474B1960916A09090840BC
S21404DC5800900020FFF77EF80098002805D1706829
S21404DC68C00602D4FEF795F801E0FEF785F8002012
S21404DC780199002903D13C480068FFF77CFA6969D2
S21404DC88401801D5009400E000906846FEF7F7F8BF
S21404DC98002805D10098FEF745F9A86905490860E3
S21404DCA880200005FDF76EFFF7BD000080E200E067
S21404DCB8AC3F00004C3E0000AC0002A8F8B5FDF7E7
S21404DCC8C5FF002400252948066B80277F053006F3
S21404DCD806D5300709D5FFF742F9FEF7DFFD29E038
S21404DCE801251F480068284019D00020FFF732F89D
S21404DCF80220064002D01E490C60C8611D4804680C
S21404DD08002D03D02000FDF7A9FD0400FFF727F92E
S21404DD182000FEF7E9FD3800FDF734FFF1BD16488C
S21404DD280078C0210140402902D1FEF725F801E019
S21404DD38FEF72FF820200D490860ECE7082002A813
S21404DD480CC101A86C3F000010000010FFFF7F7F85
S21404DD58B46000A8400002A8BC3F0000C83E00000B
S21404DD68B44000A8441002A81CC101A8100002A8C8
S21404DD78180000AAD83F0000F03E000000F03CF867
S21404DD8802480349486000F052F800BF732A0000AE
S21404DD980000000080B5EFF305800B2801D23A2175
S21404DDA800E02921FF221632002000F03FFAFEE7A1
S21404DDB810B5C20018231340FF249C40E243890789
S21404DDC8090E9940030004D470489B089B00C018A9
S21404DDD806E0AD4B0007000F0838800880001818C6
S21404DDE803681A401143016010BD80B5732254219C
S21404DDF8002000F01BFA01BD10B5FFF761FC0121F5
S21404DE08634A1160634B644A1360644A13600323CD
S21404DE18634C2360634C2360634B1960634B19603F
S21404DE288023A44C2360D160FFF74EFC10BDFFF797
S21404DE3847FC05000024012160B2FFF7B9FF641C03
S21404DE480E2CF8D301210F20FFF7B2FF0121112071
S21404DE58FFF7AEFF01211320FFF7AAFF01211720C1
S21404DE68FFF7A6FF03210120C043FFF7A1FF012106
S21404DE781B20FFF79DFF7348734908607348C16AFF
S21404DE88C1620168016002207149086001208A495C
S21404DE98086047046F4C20693840FCD0206880012D
S21404DEA801D4FDF748FE2800FFF70EFC774D0AE07C
S21404DEB800281BD0FDF76EFE18E020693840FCD019
S21404DEC83000FFF701FC206E0004000F022801D181
S21404DED8FEF73AFAFFF7F4FB0600FDF76BFE002898
S21404DEE8A878E5D0002801D1FDF75DFE0120697801
S21404DEF8002909D12978002905D1704909688906B5
S21404DF0801D45349086030BF002169702978002974
S21404DF18D6D102214E4A116067490860CDE76848A1
S21404DF28016842680A40674810401B490860800731
S21404DF3803D5A4480188491C0180704770B5624817
S21404DF48016840680840000E0006604980221205F1
S21404DF58104218D05E4B1C68641C1C605D4C5E4DF9
S21404DF682D682D0407D5A568002D04D007250D6057
S21404DF780125AC4E3560402525601B68012B02D967
S21404DF8810238B62CA67886770BD000000E400E04F
S21404DF98040002A80000FF3F282002A82C1002A8AC
S21404DFA840E002A844C002A804C001A8044001A88E
S21404DFB8F8B5854C206B616B01400091834D08468B
S21404DFC8286000988249014007D0FDF7FDFD002827
S21404DFD803D000989449096888478020009901402E
S21404DFE81CD0F821C90123680B4017D0C02212019F
S21404DFF8934213D880231B06EB6226680E40944F80
S21404E0083F683F043F0F022F01D0032F03D1002E91
S21404E01801D09642F1D38F490B6028608E48007869
S21404E02806280DDA0098CC218901014008D0FFF7AC
S21404E03847FB04000098FDF7B5FA2000FFF744FBF9
S21404E048F1BD0000FFFF9B0800E100E0E04001A8E6
S21404E0585C2002A84C0002A810B5804801684468F1
S21404E0680C407F48046080210C4205D041607D48FE
S21404E07801600020FDF796FA600403D58020400569
S21404E0887949086010BD00001CED00E0763E0000EB
S21404E09838B57648016844680C40E00707D5FFF7AA
S21404E0A80FFB0500FDF714FB2800FFF70DFB70486F
S21404E0B8046031BD505201A85C1002A8F40302A8FB
S21404E0C8280002A8FFFF00C0B44000A83C6000A8CF
S21404E0D8703E00002C4000A8384101A8FEB5654CE7
S21404E0E8206C666C064001273E4216D03D06624800
S21404E0F80560206861490F60002802D00021FDF7FA
S21404E108A5FC5F480068A021C90188428041C04335
S21404E118C00F5C4988705C480560FDF73BFD0290BB
S21404E12802210E4049D06068C2B20192000A0090EB
S21404E13808224B4B4C03554D0020019E012E27D038
S21404E148022E38D1009E012E24D1EE780096504E29
S21404E1582F780C2047430020F05128784005902754
S21404E1687F04C719032038434A4F38601C604A485E
S21404E1780460301D2B780C246343484C2468009FA5
S21404E188E419C45028780C2358433150444811E005
S21404E1980091DCE7002E0ED1424E37603C4E361D09
S21404E1A82D780C277D4370515C601C60C8043E4B78
S21404E1B818603E480260314801600298FDF7F3FC97
S21404E1C8F7BD0000743E00001C4201A84C6201A87A
S21404E1D80200060070B5FDF7DDFC0400FFF770FAD0
S21404E1E82C490A68D20717D5294A121D304B5D7A7E
S21404E1F80C2675435659294D2D681E60CE685E60F8
S21404E2084968D9818021C9041B4E3160197B691875
S21404E2185B7A0C256B43D150FFF756FA2000FDF7BE
S21404E228C2FC70BD3C5000A8D8370000002800D0B7
S21404E238704710B50C00FDF7ADFC1E490C600122B2
S21404E2481D4B1A600B6C1340FCD1FDF7ACFC10BDDB
S21404E258AC0002A8785201A8403E000090C001A86D
S21404E26890E001A80CC001A804ED00E090C000A846
S21404E27890E000A800C002A8401002A840E002A847
S21404E288404000A8763E0000402002A88D3E0000CC
S21404E298300000A860C101A894D001A8200000A8F6
S21404E2A8F42302A860E101A880E200E0F41302A8BF
S21404E2B8843E0000008002A8409002A800E3040000
S21404E2C800000000DCE2040001000000000000007A
S21404E2D800F04902000000004063598F404B4C0090
S21404E2E80B000B001A00FF7F1470002000000000CB
S21404E2F87CE60400000000000C40020001801400C4
S21404E3087F400000204002000000000000000000DB
S21404E3183040070000000000000000000000000075
S21404E328000000000000000000400000A0070400F1
S21404E33850400100000000005C400200000000009D
S21404E34800000000A840010007000000BC400400CC
S21404E35800000000000000000000000000000000AC
S21404E3680441040000400000FF4C0000FF5D00006C
S21404E378FF4D000020C0011000F8070020C001303F
S21404E388F502080024C00110FF00000024C0013074
S21404E3980018000028C00700EC80B383437540517A
S21404E3A8A00F0048304000000000000000000000F5
S21404E3B82E02000050C00400511130040E2D09E648
S21404E3C854060708D1B6020064C00A000430001CCC
S21404E3D8403018090D647920EBFCFB017FF6E8034E
S21404E3E8BD4B721511A3180510325476980A00000E
S21404E3F800000000080001010407000018000101DD
S21404E4080000000020000101088400001C400801E8
S21404E4181000000020F9130407C052000000000092
S21404E42800000000000000030000000000000000D8
S21404E438584006016402FF0041080000010000007D
S21404E448B0070800A7000000000000008040110183
S21404E4584B01A0089BC34A74F003000000000000A8
S21404E468000000000101103050707F7F000000009B
S21404E478000000000000000000000000000000008B
S21404E488000000000000000000000000000000007B
S21404E49800000000E0400201330000000000000015
S21404E4A8EC4001017DA8D98BF44005016404830778
S21404E4B88813C83A9C200A0000612000B756351213
S21404E4C80C410301F95412002030042988BB40404B
S21404E4D824410201000000000310000030410A0134
S21404E4E86406660C0C010000E853FA0000000000FD
S21404E4F8000000000000000000000000000000000B
S21404E5080000000001010000684103016404830759
S21404E5188813820000000000304204010000000056
S21404E5280000000E00000000000000004442020143
S21404E53800000000F4811F0054420C010000000093
S21404E54800003C000000000000000000555555552A
S21404E558170000000000000000000000AAAA060039
S21404E5680000000000000000000000001080010108
S21404E5780300000038800201114910000100000061
S21404E5889C800301EB40020070780300D5C00000AD
S21404E598A8800111F0010000A88001310542CB01D2
S21404E5A8AC800111F0010000AC80013105228D0019
S21404E5B8B08002010003000237000001980002023E
S21404E5C8000C00044C000000A40001020004000033
S21404E5D8D0000202050040AA88010000E4000102F7
S21404E5E86C2C5111F4000202000000003D210811B1
S21404E5F8FC0001123F000000FC0001320054040035
S21404E608300101026000510254010102C43F0000B7
S21404E6186801010200040000FC4F01032CE6040014
S21404E628FFFFFFFF12000000666666000000000099
S21404E638E4E60400D4E6040000000000001A9A0089
S21404E648005A620280841E000420F5001149500214
S21404E658000000007EE60400000000000000000041
S21404E66800000000B1841E00000000000000000046
S21404E6780000000005020200000000F0490206142B
S21404E688000000E0930405380000A008000000001D
S21404E698580901040706100A01040707C80A0004F3
S21404E6A80807800B00040808380C000409086108E9
S21404E6B800000000680800000000C70901040403FD
S21404E6C82C0B01040404920C01040504ED17000045
S21404E6D8ED1700000000000000000000193F0106C6
S21404E6E804100100000101060010270000090000BC
S21404E6F80000000000000000ED0302009D03020075
S21404E708A90302009904020021940300C399030094
S21404E718C7990300CB990300CF990300D399030044
S21404E72800000000A80100000814002000010304EB
S21404E73864EE01001000000024E101001A00000045
S21404E74879EB01001100000075E4010011000000D7
S21404E75863E511000400000023E111000400000032
S21404E76825E101000800000026E101000A00000077
S21404E77827E101000200000000000000000000007D
S21404E788E9E80400E3E8040000000000EAE80400FE
S21404E7980394040000000000FD930400FF930400A3
S21404E7A80000000001940400C1E80400EFE8040037
S21404E7B804940400FE93040000000000029404007D
S21404E7C8DCE70400FB930400FC93040000940400B4
S21404E7D8FA930400000203040508090A0B00010260
S21404E7E80304051D2000B40108020200AA00FFFF66
S21404E7F8FFFFFFFFFFFFFFFFE3B80300A961020066
S21404E808258D0200752A03003590020049A20300EC
S21404E8184BA203004DA203004FA2030035F10200E9
S21404E828D1C90200150B030021240300457E02000B
S21404E83843A2030071CC020045A2030049720200F9
S21404E84847A20300098903003D7702007F5E0300A0
S21404E8580000000000130000000000000000000094
S21404E86801000000FDCF02000200000041B30300CF
S21404E8780300000055CF020004000000BBB20300EA
S21404E88805000000F5CE02000000000000000000AD
S21404E8980023001B2200FF00000000000C090202EF
S21404E8A8000000001C1A0B0303FF060804020202F9
S21404E8B804020A0B030302030480FF0204FF010197
S21404E8C801010800000000000000005A696742655C
S21404E8D865416C6C69616E6365303980008F8E8C17
S20C04E8E880808006080C1080F5
S20C04E8F03484FB7F01000000E4
S21004E8F804E90400306B0020010200005C
S21404E9040000000000000000FFFF000001000000FB
S21404E91400000000000000000000000000000000EA
S21404E92400000000000000000000000000000000DA
S21404E93400000000000000000000000000000000CA
S21404E94400000000000000000000000000000000BA
S21404E95400000000000000000000000000000000AA
S21404E964000000000000000000000000000000009A
S21404E974000000000000000000000000000000008A
S21404E984000000000000000000000000000000007A
S21404E994000000000000000000000000000000006A
S21404E9A4000000000000000000000000000000005A
S21404E9B4000000000000000000000000000000004A
S21404E9C4000000000000000000000000000000003A
S21404E9D4000000000000000000000000000000002A
S21404E9E4000000000000000000000000000000001A
S21404E9F4000000000000000000000000000000000A
S21404EA0400000000000000000000000000000000F9
S21404EA1400000000000000000000000000000000E9
S21404EA2400000000000000000000000000000000D9
S21404EA3400000000000000000000000000000000C9
S21404EA4400000000000000000000000000000000B9
S21404EA5400000000000000000000000000000000A9
S21404EA640000000000000000000000000000000099
S21404EA740000000000000000000000000000000089
S21404EA840000000000000000000000000000000079
S21404EA940000000000000000000000000000000069
S21404EAA40000000000000000000000000000000059
S21404EAB40000000000000000000000000000000049
S21404EAC40000000000000000000000000000000039
S21404EAD40000000000000000000000000000000029
S21404EAE4000100000000F0010800000008100020E7
S21404EAF40100230104000000101000200600300169
S21404EB040100000014100020FFFFFFFFC0EA2101EB
S21404EB14C0EA21010080000000F04902506D002084
S21404EB240060070000800000DC3A0020C8000000F3
S21404EB34FE000000000000008C850400181000206D
S21404EB44FFFFFFFFEC88040033000000E52B010000
S21404EB5433000000C1620300CC010400D0010400A9
S21404EB64DD010400EA010400F701040004020400C1
S21404EB7417020400290204003602040043020400B7
S21404EB845002040065020400780204008A020400A9
S21404EB949F020400AE020400BF020400CE02040076
S21404EBA4DE020400EA020400F70204000703040079
S21404EBB41903040028030400370304004003040074
S21404EBC4550304006A0304007F0304009F0304003F
S21404EBD4AD030400CC030400E7030400FA030400B2
S21404EBE4070404001C0404002B0404003A04040070
S21404EBF44C0404005E040400710404008404040049
S21404EC049A040400000000000F000000D10604006B
S21404EC14E8060400FF0000000000000000000000F6
S21404EC2400000000000000000000000000000000D7
S21404EC34000000000030E70400C81803450F040071
S21404EC444A0F0400770F0400A20F0400D00F040038
S21404EC54FE0F04002D1004005A1004008A10040049
S21404EC64BA1004000A110400FFFFFFFF00F80300B3
S21404EC74FFFFFFFF0000040000000400005C2605FC
S21404EC84B46E00200600000084AB040000000000FC
S21404EC940100190001000000C44600200100190008
S21404ECA401000000C4460020010019000100000011
S21404ECB4C44600200100190001000000C4460020D8
S21404ECC40100190001000000C446002001001900D8
S21404ECD401000000C44600200100190001000000E1
S21404ECE4C44600200100190001000000C4460020A8
S21404ECF40100190001000000C446002001001900A8
S21404ED0401000000C44600200100190001000000B0
S21404ED14C44600200100190001000000C446002077
S21404ED24D04A002000000000000000008094040084
S21404ED347C510020686F00203C5400201C8304008F
S21404ED4406000000000000000000000000000000B0
S21404ED54E4AB0400FCAB040027830400513A04002B
S21404ED64FE000000986F0020000000004C540020B1
S21404ED74B45400201C5500200000000000000000CD
S21404ED840000000000000000000000000000000076
S21404ED940000000000000000000000000000000066
S21404EDA40000000000000000000000000000000056
S21404EDB400000000F7920300F3920300FFFFFFFF36
S21404EDC4FB920300FFFFFFFF53980300AF98030072
S21404EDD4FFFFFFFFFFFFFFFFFFFFFFFFFFFFFFFF36
S21404EDE42F2A0000FFFFFFFF00000000459A0300DF
S21404EDF428E70400FFFFFFFF0000000020A107002F
S21404EE040000000035D203000000000000000000EB
S21404EE1400000000000000000000000000000000E5
S21404EE240000000000000000045A0020B957020045
S21404EE342D710200513A0400000000000000000096
S21404EE440000000000000000045A0020515E020086
S21404EE5400000000513A0400000000000000000016
S21404EE640000000000000000045A00207968020034
S21404EE742D710200513A0400000000000000000056
S21404EE84000000000000000014840400045A00205B
S21404EE94D182020000000000513A04000000000081
S21404EEA4000000000000000000000000045A0020D7
S21404EEB4D58B020000000000513A04000000000054
S21404EEC4000000000000000000000000045A0020B7
S21404EED4319C020000000000513A040000000000C7
S21404EEE4000000000000000000000000B80B000052
S21404EEF4045A002011A0020000000000513A040045
S21404EF0400000000000000000000000000000000F4
S21404EF14045A0020F1A8020000000000513A04003C
S21404EF2400000000000000000000000000000000D4
S21404EF34045A002061AA020000000000513A0400AA
S21404EF4400000000000000000000000000000000B4
S21404EF54045A00207DA8030000000000513A04006F
S21404EF640000000000000000000000000000000094
S21404EF74045A0020A9AD020000000000513A04001F
S21404EF840000000000000000000000000000000074
S21404EF94045A00204DB2020000000000513A040056
S21404EFA40000000000000000000000000000000054
S21404EFB4045A002045B5030000000000513A04003A
S21404EFC40000000000000000000000000000000034
S21404EFD4045A0020C50A030000000000513A040045
S21404EFE40000000000000000000000000000000014
S21404EFF48DBA0300045A0020912403002D710200E4
S21404F004513A040000000000000000000000000064
S21404F01400000000045A0020012B03000000000036
S21404F024513A040000000000000000000000000044
S21404F03400000000FFFFD007B80B0000FFFFFFFF2F
S21404F044CEFAEFBEFFFFFDFFFDFF0C002C01001EF1
S21404F0542C0140068000FFFF04F8FFFF0C000000AC
S21404F064000000004000FDFF2C019C000000FFFF90
S21404F074FDFFFFFFFFFF60EA8000800010C1CDABF8
S21404F0840A01320101FFFFFFFFFFFFFFFFFFFFFF3F
S21404F094FFFFFFFFFFFFFFFFFFFFFFFFFFFFFFFF73
S21404F0A4FFFFFFFFFF01FF05FFFFFF0101FFFF0254
S21404F0B401FFFF640250FF0F0208031E0502160137
S21404F0C40A0C052007051001010F080101010104BB
S21404F0D4FF0301FF0CFF0F7F7F0150403000FFFF4A
S21404F0E4FF0B03FF050B01030105020201FFFFFFEB
S21404F0F4FFFFFFFFFF010102FFFFFF01056D000094
S20804F104DD6C0000B5
S80400B43D0A
